unix, uptime, sync, seq, vsense, vrefint, temp1, temp2, temp3, temp4, busvmon, busimon, 2v5mon, 3v3mon, 5vmon, n3v3mon, n5vmon, 15vmon, 5vrefmon, n200vmon, n800vmon, tmp1
1728401763, 000000, 0xDDDD, 0000, 27.03297, 1.22168, 23.43750, 23.25000, 23.43750, 23.43750, 0.63905, 0.09187, 2.49817, 1.18542, 3.03729, 3.19927, 0.00000, 3.04615, 3.00747, 2.69963, 2.57392, 11.52013
1728401763, 007187, 0xDDDD, 0001, 27.03297, 1.22249, 23.43750, 23.25000, 23.43750, 23.43750, 1.04440, 0.07736, 2.49817, 1.18623, 3.04374, 3.19766, 0.00081, 3.05018, 3.00747, 2.70044, 2.55780, 11.69921
1728401763, 107164, 0xDDDD, 0002, 27.43590, 1.22168, 23.43750, 23.25000, 23.43750, 23.43750, 1.33451, 0.04110, 2.49897, 1.19187, 3.06308, 3.19685, 0.00000, 3.05018, 3.00747, 2.69802, 2.55700, 12.59463
1728401763, 207193, 0xDDDD, 0003, 27.03297, 1.22249, 23.50000, 23.25000, 23.87500, 23.43750, 1.33370, 0.04190, 2.49897, 1.17817, 3.03729, 3.19524, 0.00000, 3.05260, 3.00747, 2.69963, 2.56989, 13.31095
1728401763, 307174, 0xDDDD, 0004, 27.03297, 1.22168, 23.50000, 23.25000, 23.87500, 23.43750, 1.33531, 0.03465, 2.49978, 1.19106, 3.01150, 3.19685, 0.00000, 3.05260, 3.00747, 2.69963, 2.55700, 13.84818
1728401763, 407166, 0xDDDD, 0005, 27.03297, 1.22249, 23.50000, 23.25000, 23.75000, 23.43750, 1.33531, 0.03707, 2.49978, 1.19348, 3.03245, 3.19846, 0.00000, 3.05099, 3.00747, 2.69883, 2.55700, 14.38542
1728401763, 507179, 0xDDDD, 0006, 27.03297, 1.22168, 23.43750, 23.25000, 23.75000, 23.43750, 1.33451, 0.03304, 2.49978, 1.17817, 3.00908, 3.19443, 0.00000, 3.04293, 3.00747, 2.69963, 2.55941, 14.74358
1728401763, 607183, 0xDDDD, 0007, 27.03297, 1.22249, 23.43750, 23.25000, 23.75000, 23.43750, 1.33531, 0.03626, 2.49978, 1.18864, 3.06388, 3.19927, 0.00000, 3.05260, 3.00747, 2.69963, 2.56103, 15.10173
1728401764, 707185, 0xDDDD, 0008, 27.03297, 1.22249, 23.50000, 23.25000, 23.75000, 23.43750, 1.33451, 0.04190, 2.50059, 1.19832, 3.03890, 3.20330, 0.00000, 3.05099, 3.00747, 2.70044, 2.55861, 15.45989
1728401764, 807171, 0xDDDD, 0009, 27.03297, 1.22168, 23.50000, 23.25000, 23.75000, 23.43750, 1.33531, 0.03949, 2.50059, 1.18139, 3.01473, 3.20813, 0.00000, 3.05099, 3.00747, 2.70044, 2.53201, 15.63900
1728401764, 907170, 0xDDDD, 0010, 27.43590, 1.22249, 23.50000, 23.25000, 23.68750, 23.43750, 1.33612, 0.03546, 2.50059, 1.19026, 3.06952, 3.18879, 0.00000, 3.04938, 3.00747, 2.69963, 2.55458, 15.99716
1728401764, 1007182, 0xDDDD, 0011, 27.43590, 1.22249, 23.50000, 23.25000, 23.68750, 23.43750, 1.33531, 0.03868, 2.50139, 1.19590, 3.01231, 3.19443, 0.00000, 3.05179, 3.00747, 2.69883, 2.55780, 16.17624
1728401764, 1107185, 0xDDDD, 0012, 27.43590, 1.22249, 23.50000, 23.25000, 23.68750, 23.50000, 1.33531, 0.03707, 2.50139, 1.18059, 3.07275, 3.19363, 0.00000, 3.05099, 3.00747, 2.70044, 2.56183, 16.35531
1728401764, 1207172, 0xDDDD, 0013, 27.03297, 1.22168, 23.43750, 23.25000, 23.68750, 23.50000, 1.33451, 0.04029, 2.50139, 1.18784, 3.05260, 3.19846, 0.00000, 3.05179, 3.00828, 2.69883, 2.55780, 16.53439
1728401764, 1307181, 0xDDDD, 0014, 27.03297, 1.22168, 23.43750, 23.31250, 23.68750, 23.50000, 1.33531, 0.04190, 2.50139, 1.18703, 3.03165, 3.20330, 0.00000, 3.05018, 3.00747, 2.69963, 2.56183, 16.71347
1728401764, 1407184, 0xDDDD, 0015, 27.03297, 1.22168, 23.50000, 23.31250, 23.68750, 23.50000, 1.33531, 0.04110, 2.50139, 1.19348, 3.00908, 3.20974, 0.00000, 3.05179, 3.00828, 2.70044, 2.52799, 16.89255
1728401764, 1507175, 0xDDDD, 0016, 27.03297, 1.22168, 23.50000, 23.31250, 23.68750, 23.50000, 1.33531, 0.03465, 2.50139, 1.17495, 3.06791, 3.19282, 0.00000, 3.05099, 3.00828, 2.69963, 2.56022, 17.07163
1728401764, 1607172, 0xDDDD, 0017, 27.03297, 1.22168, 23.50000, 23.25000, 23.68750, 23.43750, 1.33531, 0.03626, 2.50139, 1.17897, 3.01473, 3.19927, 0.00000, 3.05179, 3.00828, 2.70044, 2.55700, 17.25071
1728401765, 1707170, 0xDDDD, 0018, 27.03297, 1.22249, 23.50000, 23.25000, 23.68750, 23.43750, 1.33531, 0.03949, 2.50220, 1.18381, 3.07355, 3.20571, 0.00000, 3.05099, 3.00828, 2.70044, 2.55941, 17.42979
1728401765, 1807202, 0xDDDD, 0019, 27.43590, 1.22168, 23.50000, 23.25000, 23.68750, 23.43750, 1.33531, 0.03626, 2.50220, 1.18864, 3.05099, 3.20571, 0.00000, 3.05018, 3.00747, 2.70044, 2.56183, 17.42979
1728401765, 1907176, 0xDDDD, 0020, 27.43590, 1.22249, 23.50000, 23.25000, 23.68750, 23.43750, 1.33451, 0.03707, 2.50139, 1.19348, 3.02842, 3.18960, 0.00000, 3.05179, 3.00828, 2.70044, 2.55861, 17.60886
1728401765, 2007169, 0xDDDD, 0021, 27.03297, 1.22249, 23.50000, 23.25000, 23.68750, 23.43750, 1.33451, 0.04110, 2.50139, 1.18945, 3.00828, 3.19766, 0.00000, 3.04857, 3.00747, 2.70044, 2.55216, 17.60886
1728401765, 2107190, 0xDDDD, 0022, 27.03297, 1.22249, 23.50000, 23.25000, 23.68750, 23.43750, 1.33531, 0.04190, 2.50220, 1.19267, 3.07033, 3.20410, 0.00000, 3.05179, 3.00828, 2.70044, 2.57875, 17.78794
1728401765, 2207178, 0xDDDD, 0023, 27.03297, 1.22249, 23.43750, 23.25000, 23.68750, 23.43750, 1.33451, 0.04352, 2.50220, 1.19670, 3.05099, 3.20733, 0.00000, 3.04938, 3.00828, 2.70044, 2.56344, 17.96702
1728401765, 2307174, 0xDDDD, 0024, 27.43590, 1.22249, 23.43750, 23.25000, 23.68750, 23.50000, 1.33451, 0.04271, 2.50059, 1.17656, 3.07436, 3.19604, 0.00000, 3.05018, 3.00828, 2.70044, 2.56183, 17.96702
1728401765, 2407181, 0xDDDD, 0025, 27.43590, 1.22168, 23.50000, 23.25000, 23.68750, 23.50000, 1.33531, 0.03949, 2.50220, 1.17736, 3.05421, 3.19685, 0.00000, 3.05179, 3.00828, 2.69963, 2.56103, 18.14610
1728401765, 2507178, 0xDDDD, 0026, 27.03297, 1.22249, 23.50000, 23.31250, 23.68750, 23.50000, 1.33531, 0.03546, 2.50220, 1.17978, 3.03487, 3.20410, 0.00000, 3.05179, 3.00747, 2.70044, 2.56264, 18.32518
1728401765, 2607199, 0xDDDD, 0027, 27.03297, 1.22249, 23.43750, 23.31250, 23.62500, 23.50000, 1.33451, 0.03788, 2.50220, 1.18139, 3.01392, 3.18799, 0.00000, 3.04696, 3.00747, 2.69883, 2.56103, 18.32518
1728401766, 2707182, 0xDDDD, 0028, 27.03297, 1.22249, 23.43750, 23.31250, 23.62500, 23.50000, 1.33531, 0.04029, 2.50220, 1.18381, 3.07355, 3.19524, 0.00000, 3.05099, 3.00828, 2.70044, 2.56264, 18.32518
1728401766, 2807176, 0xDDDD, 0029, 27.03297, 1.22249, 23.43750, 23.25000, 23.68750, 23.43750, 1.33531, 0.03949, 2.50220, 1.17736, 3.05421, 3.20249, 0.00000, 3.05179, 3.00828, 2.69963, 2.49414, 18.50426
1728401766, 2907166, 0xDDDD, 0030, 27.03297, 1.22249, 23.43750, 23.25000, 23.68750, 23.43750, 1.33531, 0.04110, 2.50220, 1.17817, 3.08161, 3.21136, 0.00000, 3.05018, 3.00828, 2.69963, 2.56022, 18.50426
1728401766, 3007179, 0xDDDD, 0031, 27.43590, 1.22249, 23.43750, 23.25000, 23.68750, 23.43750, 1.33451, 0.03707, 2.50220, 1.17817, 3.06147, 3.18799, 0.00000, 3.05179, 3.00828, 2.70044, 2.55941, 18.68334
1728401766, 3107187, 0xDDDD, 0032, 27.03297, 1.22168, 23.50000, 23.25000, 23.68750, 23.43750, 1.33451, 0.04110, 2.50220, 1.17817, 3.03890, 3.19604, 0.00000, 3.05179, 3.00828, 2.70044, 2.55941, 18.68334
1728401766, 3207182, 0xDDDD, 0033, 27.03297, 1.22249, 23.50000, 23.25000, 23.68750, 23.43750, 1.33451, 0.04271, 2.50139, 1.17817, 3.02037, 3.20571, 0.00000, 3.05099, 3.00828, 2.69963, 2.55861, 18.68334
1728401766, 3307167, 0xDDDD, 0034, 27.03297, 1.22168, 23.50000, 23.25000, 23.68750, 23.43750, 1.33531, 0.03788, 2.50220, 1.17736, 3.08886, 3.18879, 0.00000, 3.05341, 3.00828, 2.70125, 2.52315, 18.68334
1728401766, 3407198, 0xDDDD, 0035, 27.03297, 1.22249, 23.50000, 23.25000, 23.68750, 23.43750, 1.33531, 0.03868, 2.50220, 1.17575, 3.06308, 3.19685, 0.00000, 3.05099, 3.00828, 2.70044, 2.53766, 18.86242
1728401766, 3507180, 0xDDDD, 0036, 27.43590, 1.22249, 23.50000, 23.31250, 23.68750, 23.43750, 1.33531, 0.03626, 2.50220, 1.19912, 3.00989, 3.20330, 0.00000, 3.05099, 3.00828, 2.70044, 2.55700, 19.04150
1728401766, 3607188, 0xDDDD, 0037, 27.03297, 1.22168, 23.43750, 23.31250, 23.68750, 23.43750, 1.33531, 0.04674, 2.50220, 1.18945, 3.07033, 3.20491, 0.00000, 3.05099, 3.00828, 2.70125, 2.55941, 19.04150
1728401767, 3707172, 0xDDDD, 0038, 27.03297, 1.22249, 23.43750, 23.25000, 23.68750, 23.43750, 1.33128, 0.04593, 2.50220, 1.18784, 3.05179, 3.18960, 0.00000, 3.05018, 3.00908, 2.70044, 2.55780, 19.04150
1728401767, 3807178, 0xDDDD, 0039, 27.43590, 1.22168, 23.43750, 23.25000, 23.68750, 23.43750, 1.33531, 0.03707, 2.50220, 1.18703, 3.03326, 3.19524, 0.00000, 3.05260, 3.00828, 2.69963, 2.55941, 19.22060
1728401767, 3907174, 0xDDDD, 0040, 27.03297, 1.22249, 23.43750, 23.25000, 23.68750, 23.43750, 1.33612, 0.03465, 2.50139, 1.18623, 3.01473, 3.20330, 0.00000, 3.04777, 3.00828, 2.70125, 2.54491, 19.22060
1728401767, 4007190, 0xDDDD, 0041, 27.03297, 1.22249, 23.43750, 23.25000, 23.68750, 23.43750, 1.33531, 0.03707, 2.50220, 1.18542, 3.07678, 3.21136, 0.00000, 3.05179, 3.00828, 2.70125, 2.55538, 19.22060
1728401767, 4107175, 0xDDDD, 0042, 27.43590, 1.22249, 23.43750, 23.25000, 23.68750, 23.43750, 1.33531, 0.03868, 2.50300, 1.18462, 3.05824, 3.19443, 0.00000, 3.05179, 3.00828, 2.69963, 2.56103, 19.04150
1728401767, 4207170, 0xDDDD, 0043, 27.43590, 1.22249, 23.43750, 23.25000, 23.68750, 23.50000, 1.33531, 0.04352, 2.50220, 1.18300, 3.00908, 3.20249, 0.00000, 3.04696, 3.00828, 2.70125, 2.55861, 19.22060
1728401767, 4307184, 0xDDDD, 0044, 27.03297, 1.22249, 23.50000, 23.25000, 23.68750, 23.50000, 1.33531, 0.03223, 2.50220, 1.18139, 3.07275, 3.20491, 0.00000, 3.05179, 3.00828, 2.70044, 2.56022, 19.93692
1728401767, 4407177, 0xDDDD, 0045, 27.03297, 1.22168, 23.50000, 23.25000, 23.68750, 23.50000, 1.33451, 0.03868, 2.50220, 1.19751, 3.05502, 3.18879, 0.00000, 3.05099, 3.00747, 2.69963, 2.55941, 19.57876
1728401767, 4507178, 0xDDDD, 0046, 27.43590, 1.22249, 23.50000, 23.31250, 23.68750, 23.43750, 1.33451, 0.04432, 2.50220, 1.19429, 3.03648, 3.19685, 0.00000, 3.05179, 3.00828, 2.70044, 2.55780, 19.39968
1728401767, 4607182, 0xDDDD, 0047, 27.03297, 1.22249, 23.43750, 23.31250, 23.68750, 23.43750, 1.33531, 0.03465, 2.50220, 1.19267, 3.01875, 3.20571, 0.00000, 3.05099, 3.00828, 2.70044, 2.57392, 19.57876
1728401768, 4707164, 0xDDDD, 0048, 27.03297, 1.22249, 23.43750, 23.25000, 23.68750, 23.50000, 1.33451, 0.03949, 2.50220, 1.19187, 3.08484, 3.18879, 0.00000, 3.05341, 3.00747, 2.69883, 2.50542, 19.57876
1728401768, 4807178, 0xDDDD, 0049, 27.43590, 1.22168, 23.50000, 23.25000, 23.68750, 23.50000, 1.33451, 0.04271, 2.50220, 1.18945, 3.02842, 3.19604, 0.00000, 3.05099, 3.00828, 2.70044, 2.56103, 19.57876
1728401768, 4907186, 0xDDDD, 0050, 27.43590, 1.22249, 23.50000, 23.25000, 23.68750, 23.50000, 1.33451, 0.04190, 2.50220, 1.18784, 3.01070, 3.19766, 0.00000, 3.05018, 3.00828, 2.70044, 2.56103, 19.57876
1728401768, 5007182, 0xDDDD, 0051, 27.03297, 1.22249, 23.50000, 23.25000, 23.68750, 23.43750, 1.33531, 0.03868, 2.50220, 1.18703, 3.07355, 3.20491, 0.00000, 3.05179, 3.00747, 2.70044, 2.55941, 19.75784
1728401768, 5107166, 0xDDDD, 0052, 26.63004, 1.22249, 23.50000, 23.25000, 23.68750, 23.43750, 1.33531, 0.04352, 2.50220, 1.18462, 3.05663, 3.18960, 0.00000, 3.05260, 3.00828, 2.69963, 2.56183, 19.75784
1728401768, 5207166, 0xDDDD, 0053, 27.03297, 1.22249, 23.50000, 23.25000, 23.68750, 23.43750, 1.33531, 0.03626, 2.50220, 1.20396, 3.03810, 3.19685, 0.00000, 3.05099, 3.00828, 2.69963, 2.51590, 19.75784
1728401768, 5307176, 0xDDDD, 0054, 27.03297, 1.22249, 23.50000, 23.25000, 23.68750, 23.43750, 1.33531, 0.04110, 2.50220, 1.19751, 3.02117, 3.20491, 0.00000, 3.05260, 3.00747, 2.69963, 2.46271, 19.75784
1728401768, 5407170, 0xDDDD, 0055, 27.43590, 1.22249, 23.50000, 23.25000, 23.68750, 23.43750, 1.33612, 0.03626, 2.50220, 1.19429, 3.04857, 3.18960, 0.00000, 3.05179, 3.00828, 2.70044, 2.56022, 19.93692
1728401768, 5507185, 0xDDDD, 0056, 27.43590, 1.22249, 23.50000, 23.25000, 23.68750, 23.43750, 1.33612, 0.04029, 2.50220, 1.19267, 3.03165, 3.19201, 0.00081, 3.05179, 3.00747, 2.70044, 2.56103, 19.75784
1728401768, 5607187, 0xDDDD, 0057, 27.43590, 1.22249, 23.50000, 23.25000, 23.68750, 23.43750, 1.33531, 0.03626, 2.50220, 1.19026, 3.01392, 3.20007, 0.00000, 3.05179, 3.00828, 2.70044, 2.56103, 19.93692
1728401769, 5707183, 0xDDDD, 0058, 27.03297, 1.22249, 23.50000, 23.25000, 23.68750, 23.43750, 1.33531, 0.03546, 2.50220, 1.18864, 3.07516, 3.20733, 0.00000, 3.05179, 3.00828, 2.70044, 2.56264, 19.93692
1728401769, 5807174, 0xDDDD, 0059, 27.43590, 1.22249, 23.50000, 23.25000, 23.68750, 23.43750, 1.33612, 0.03788, 2.50220, 1.18864, 3.05582, 3.19040, 0.00000, 3.05018, 3.00747, 2.69963, 2.50300, 19.93692
1728401769, 5907189, 0xDDDD, 0060, 27.03297, 1.22168, 23.50000, 23.25000, 23.68750, 23.43750, 1.33531, 0.03788, 2.50220, 1.18703, 3.03648, 3.19927, 0.00000, 3.05099, 3.00747, 2.70044, 2.53524, 20.11600
1728401769, 6007171, 0xDDDD, 0061, 27.03297, 1.22249, 23.50000, 23.25000, 23.75000, 23.43750, 1.33531, 0.03949, 2.50220, 1.17897, 3.01875, 3.20813, 0.00000, 3.05179, 3.00828, 2.70125, 2.56264, 20.11600
1728401769, 6107182, 0xDDDD, 0062, 27.43590, 1.22249, 23.50000, 23.25000, 23.75000, 23.43750, 1.33451, 0.04029, 2.50300, 1.17897, 3.04454, 3.19201, 0.00000, 3.04777, 3.00828, 2.70125, 2.56183, 19.93692
1728401769, 6207171, 0xDDDD, 0063, 27.03297, 1.22168, 23.50000, 23.25000, 23.68750, 23.43750, 1.33370, 0.04593, 2.50220, 1.17817, 3.02762, 3.19363, 0.00000, 3.05179, 3.00828, 2.70044, 2.55861, 20.65323
1728401769, 6307172, 0xDDDD, 0064, 27.03297, 1.22249, 23.50000, 23.25000, 23.68750, 23.43750, 1.33531, 0.04110, 2.50220, 1.17656, 3.00989, 3.20249, 0.00000, 3.05179, 3.00828, 2.69963, 2.55941, 20.11600
1728401769, 6407169, 0xDDDD, 0065, 27.43590, 1.22249, 23.50000, 23.25000, 23.68750, 23.43750, 1.33531, 0.03949, 2.50462, 1.17495, 3.07114, 3.20974, 0.00000, 3.05018, 3.00828, 2.69963, 2.55941, 20.11600
1728401769, 6507194, 0xDDDD, 0066, 27.03297, 1.22249, 23.50000, 23.25000, 23.68750, 23.43750, 1.33531, 0.04271, 2.50220, 1.19912, 3.05099, 3.19524, 0.00000, 3.05260, 3.00828, 2.69963, 2.56667, 20.11600
1728401769, 6607173, 0xDDDD, 0067, 26.63004, 1.22249, 23.50000, 23.25000, 23.68750, 23.50000, 1.33451, 0.04513, 2.50220, 1.19509, 3.03487, 3.20330, 0.00000, 3.05179, 3.00828, 2.69963, 2.56183, 20.11600
1728401770, 6707171, 0xDDDD, 0068, 27.03297, 1.22168, 23.50000, 23.25000, 23.68750, 23.50000, 1.33612, 0.04110, 2.50220, 1.19348, 3.06147, 3.21055, 0.00000, 3.05099, 3.00828, 2.70044, 2.55941, 20.29507
1728401770, 6807180, 0xDDDD, 0069, 27.03297, 1.22249, 23.50000, 23.25000, 23.68750, 23.50000, 1.33531, 0.04432, 2.50220, 1.18220, 3.04374, 3.18960, 0.00081, 3.05018, 3.00828, 2.70044, 2.55780, 20.29507
1728401770, 6907184, 0xDDDD, 0070, 27.03297, 1.22249, 23.50000, 23.25000, 23.68750, 23.43750, 1.33531, 0.03465, 2.50220, 1.17978, 3.02520, 3.19685, 0.00000, 3.05179, 3.00828, 2.69963, 2.56264, 20.29507
1728401770, 7007175, 0xDDDD, 0071, 27.43590, 1.22249, 23.50000, 23.25000, 23.68750, 23.43750, 1.33531, 0.03788, 2.50220, 1.17656, 3.00747, 3.20491, 0.00000, 3.05099, 3.00828, 2.69963, 2.56183, 20.29507
1728401770, 7107173, 0xDDDD, 0072, 27.43590, 1.22249, 23.50000, 23.25000, 23.68750, 23.50000, 1.33531, 0.03868, 2.50220, 1.19670, 3.06872, 3.18960, 0.00000, 3.05179, 3.00747, 2.69883, 2.49817, 20.29507
1728401770, 7207177, 0xDDDD, 0073, 27.03297, 1.22168, 23.50000, 23.25000, 23.68750, 23.50000, 1.33531, 0.04029, 2.50220, 1.19348, 3.05018, 3.19766, 0.00000, 3.05179, 3.00828, 2.70044, 2.55861, 20.29507
1728401770, 7307186, 0xDDDD, 0074, 27.43590, 1.22168, 23.50000, 23.25000, 23.68750, 23.50000, 1.33531, 0.03868, 2.50220, 1.19026, 3.08000, 3.20571, 0.00000, 3.05179, 3.00828, 2.70044, 2.56022, 20.47415
1728401770, 7407185, 0xDDDD, 0075, 27.43590, 1.22249, 23.50000, 23.25000, 23.68750, 23.43750, 1.33531, 0.04271, 2.50220, 1.18623, 3.05985, 3.20733, 0.00000, 3.05179, 3.00828, 2.70125, 2.56022, 20.29507
1728401770, 7507173, 0xDDDD, 0076, 27.03297, 1.22249, 23.50000, 23.25000, 23.68750, 23.43750, 1.33531, 0.03788, 2.50220, 1.17897, 3.04212, 3.19121, 0.00000, 3.05179, 3.00828, 2.69963, 2.55780, 20.47415
1728401770, 7607173, 0xDDDD, 0077, 27.43590, 1.22168, 23.50000, 23.25000, 23.75000, 23.43750, 1.33531, 0.03788, 2.50220, 1.19509, 3.02681, 3.20088, 0.00000, 3.05179, 3.00747, 2.70044, 2.56183, 20.47415
1728401771, 7707167, 0xDDDD, 0078, 27.43590, 1.22249, 23.50000, 23.25000, 23.75000, 23.43750, 1.33531, 0.04755, 2.50220, 1.19267, 3.00989, 3.20813, 0.00000, 3.05099, 3.00747, 2.69963, 2.55700, 20.47415
1728401771, 7807174, 0xDDDD, 0079, 26.63004, 1.22249, 23.50000, 23.25000, 23.75000, 23.43750, 1.33451, 0.04432, 2.50139, 1.18864, 3.06952, 3.19282, 0.00000, 3.05099, 3.00828, 2.70044, 2.56425, 20.47415
1728401771, 7907177, 0xDDDD, 0080, 26.63004, 1.22249, 23.50000, 23.25000, 23.68750, 23.43750, 1.33612, 0.04271, 2.50220, 1.18542, 3.01714, 3.20088, 0.00000, 3.05179, 3.00828, 2.70044, 2.56022, 20.47415
1728401771, 8007177, 0xDDDD, 0081, 27.03297, 1.22249, 23.50000, 23.25000, 23.68750, 23.43750, 1.33531, 0.03546, 2.50220, 1.18220, 3.08000, 3.20813, 0.00000, 3.05099, 3.00828, 2.70044, 2.56344, 20.47415
1728401771, 8107184, 0xDDDD, 0082, 27.03297, 1.22168, 23.50000, 23.25000, 23.68750, 23.43750, 1.33531, 0.03949, 2.50139, 1.17897, 3.05985, 3.21055, 0.00000, 3.05099, 3.00828, 2.69883, 2.55861, 20.47415
1728401771, 8207183, 0xDDDD, 0083, 27.03297, 1.22249, 23.50000, 23.25000, 23.68750, 23.43750, 1.33612, 0.03546, 2.50220, 1.17656, 3.03729, 3.19604, 0.00000, 3.05099, 3.00828, 2.70044, 2.56344, 20.47415
1728401771, 8307174, 0xDDDD, 0084, 27.03297, 1.22168, 23.50000, 23.31250, 23.68750, 23.43750, 1.33451, 0.04674, 2.50139, 1.18864, 3.01875, 3.20491, 0.00000, 3.05099, 3.00747, 2.70044, 2.58037, 20.47415
1728401771, 8407190, 0xDDDD, 0085, 26.63004, 1.22249, 23.50000, 23.31250, 23.68750, 23.43750, 1.33531, 0.03707, 2.50220, 1.18542, 3.07919, 3.18879, 0.00000, 3.05341, 3.00828, 2.69963, 2.55055, 20.65323
1728401771, 8507168, 0xDDDD, 0086, 27.03297, 1.22249, 23.50000, 23.31250, 23.68750, 23.43750, 1.33531, 0.03949, 2.50220, 1.18059, 3.05421, 3.19685, 0.00000, 3.05099, 3.00828, 2.69963, 2.56183, 20.65323
1728401771, 8607174, 0xDDDD, 0087, 27.03297, 1.22249, 23.50000, 23.25000, 23.68750, 23.50000, 1.33531, 0.04996, 2.50220, 1.17656, 3.08161, 3.20571, 0.00000, 3.04938, 3.00747, 2.69963, 2.55780, 20.65323
1728401772, 8707177, 0xDDDD, 0088, 27.43590, 1.22168, 23.50000, 23.25000, 23.68750, 23.50000, 1.33531, 0.03143, 2.50139, 1.19751, 3.05744, 3.20733, 0.00000, 3.05018, 3.00828, 2.69883, 2.56103, 20.65323
1728401772, 8807184, 0xDDDD, 0089, 27.03297, 1.22249, 23.50000, 23.25000, 23.68750, 23.43750, 1.33531, 0.03707, 2.50220, 1.19429, 3.03890, 3.19040, 0.00081, 3.05099, 3.00828, 2.69963, 2.56103, 20.65323
1728401772, 8907172, 0xDDDD, 0090, 27.03297, 1.22249, 23.50000, 23.25000, 23.68750, 23.43750, 1.33531, 0.03385, 2.50220, 1.19026, 3.01956, 3.19846, 0.00000, 3.05260, 3.00828, 2.70125, 2.55700, 20.65323
1728401772, 9007182, 0xDDDD, 0091, 27.03297, 1.22249, 23.50000, 23.25000, 23.68750, 23.43750, 1.33531, 0.03465, 2.50220, 1.18542, 3.08000, 3.20571, 0.00000, 3.05260, 3.00828, 2.70044, 2.56022, 20.65323
1728401772, 9107182, 0xDDDD, 0092, 27.03297, 1.22168, 23.50000, 23.25000, 23.75000, 23.43750, 1.33451, 0.04513, 2.50220, 1.19751, 3.05905, 3.19040, 0.00000, 3.04696, 3.00747, 2.70044, 2.59326, 20.29507
1728401772, 9207166, 0xDDDD, 0093, 27.03297, 1.22168, 23.50000, 23.25000, 23.75000, 23.43750, 1.33531, 0.04110, 2.50139, 1.19509, 3.00425, 3.19846, 0.00000, 3.05179, 3.00828, 2.69963, 2.56103, 20.65323
1728401772, 9307177, 0xDDDD, 0094, 27.03297, 1.22168, 23.50000, 23.25000, 23.68750, 23.50000, 1.33531, 0.03546, 2.50220, 1.19106, 3.06549, 3.20168, 0.00000, 3.05099, 3.00667, 2.70044, 2.55941, 20.65323
1728401772, 9407191, 0xDDDD, 0095, 27.03297, 1.22249, 23.50000, 23.25000, 23.68750, 23.50000, 1.33531, 0.04352, 2.50220, 1.18703, 3.04212, 3.20974, 0.00000, 3.04454, 3.00828, 2.69963, 2.55861, 20.65323
1728401772, 9507183, 0xDDDD, 0096, 27.03297, 1.22249, 23.50000, 23.31250, 23.68750, 23.43750, 1.33531, 0.03546, 2.50220, 1.18300, 3.01956, 3.19363, 0.00000, 3.04938, 3.00828, 2.69963, 2.56022, 20.65323
1728401772, 9607169, 0xDDDD, 0097, 27.43590, 1.22249, 23.50000, 23.31250, 23.68750, 23.43750, 1.33531, 0.03949, 2.50220, 1.17897, 3.08000, 3.20249, 0.00000, 3.05179, 3.00828, 2.70125, 2.52476, 20.83231
1728401773, 9707180, 0xDDDD, 0098, 27.03297, 1.22168, 23.50000, 23.31250, 23.68750, 23.43750, 1.33531, 0.03304, 2.50220, 1.19832, 3.06066, 3.20974, 0.00000, 3.05018, 3.00828, 2.70044, 2.57150, 20.83231
1728401773, 9807181, 0xDDDD, 0099, 27.03297, 1.22249, 23.50000, 23.31250, 23.68750, 23.43750, 1.33531, 0.03868, 2.50139, 1.19267, 3.00667, 3.19363, 0.00000, 3.05260, 3.00747, 2.69963, 2.56183, 20.83231
1728401773, 9907176, 0xDDDD, 0100, 27.03297, 1.22249, 23.56250, 23.31250, 23.68750, 23.43750, 1.33531, 0.04593, 2.50300, 1.17978, 3.06469, 3.19443, 0.00000, 3.05179, 3.00828, 2.69963, 2.55861, 20.83231
1728401773, 10007178, 0xDDDD, 0101, 27.43590, 1.22168, 23.56250, 23.25000, 23.75000, 23.50000, 1.33209, 0.04110, 2.50300, 1.17495, 3.04212, 3.20330, 0.00000, 3.05179, 3.00828, 2.69963, 2.56022, 20.83231
1728401773, 10107178, 0xDDDD, 0102, 27.03297, 1.22249, 23.50000, 23.25000, 23.75000, 23.50000, 1.33531, 0.03949, 2.50139, 1.19670, 3.02198, 3.21136, 0.00000, 3.05018, 3.00828, 2.70044, 2.56022, 20.83231
1728401773, 10207163, 0xDDDD, 0103, 27.43590, 1.22249, 23.50000, 23.25000, 23.75000, 23.50000, 1.33370, 0.04513, 2.50220, 1.19267, 3.07839, 3.19443, 0.00000, 3.05099, 3.00908, 2.70125, 2.59407, 20.83231
1728401773, 10307186, 0xDDDD, 0104, 27.03297, 1.22168, 23.50000, 23.25000, 23.75000, 23.50000, 1.33451, 0.04190, 2.50220, 1.18784, 3.05663, 3.20249, 0.00000, 3.05179, 3.00747, 2.69963, 2.60132, 20.83231
1728401773, 10407199, 0xDDDD, 0105, 27.03297, 1.22249, 23.50000, 23.25000, 23.75000, 23.50000, 1.33531, 0.03465, 2.50139, 1.18300, 3.03729, 3.20974, 0.00000, 3.05179, 3.00747, 2.70044, 2.55941, 20.83231
1728401773, 10507175, 0xDDDD, 0106, 27.43590, 1.22249, 23.50000, 23.25000, 23.75000, 23.50000, 1.33531, 0.03788, 2.50220, 1.17736, 3.06227, 3.19524, 0.00000, 3.05018, 3.00828, 2.69963, 2.56344, 20.83231
1728401773, 10607184, 0xDDDD, 0107, 27.43590, 1.22168, 23.50000, 23.25000, 23.75000, 23.50000, 1.33531, 0.04674, 2.50220, 1.19670, 3.03729, 3.19766, 0.00000, 3.05179, 3.00828, 2.70044, 2.56183, 21.19047
1728401774, 10707169, 0xDDDD, 0108, 27.03297, 1.22168, 23.50000, 23.25000, 23.75000, 23.50000, 1.33451, 0.03546, 2.50139, 1.18300, 3.01392, 3.20571, 0.00000, 3.05179, 3.00828, 2.69963, 2.56103, 21.01139
1728401774, 10807182, 0xDDDD, 0109, 27.03297, 1.22249, 23.50000, 23.25000, 23.75000, 23.50000, 1.33531, 0.03626, 2.50059, 1.17736, 3.07194, 3.18879, 0.00000, 3.05341, 3.00828, 2.69963, 2.56425, 20.83231
1728401774, 10907178, 0xDDDD, 0110, 27.03297, 1.22168, 23.50000, 23.25000, 23.75000, 23.50000, 1.33451, 0.04110, 2.50220, 1.19993, 3.04857, 3.19604, 0.00000, 3.04696, 3.00828, 2.69963, 2.58198, 20.83231
1728401774, 11007163, 0xDDDD, 0111, 27.03297, 1.22168, 23.50000, 23.31250, 23.75000, 23.50000, 1.33531, 0.03949, 2.50220, 1.19187, 3.02923, 3.20410, 0.00000, 3.04777, 3.00747, 2.69963, 2.59245, 20.83231
1728401774, 11107167, 0xDDDD, 0112, 27.43590, 1.22249, 23.50000, 23.31250, 23.75000, 23.50000, 1.33531, 0.03626, 2.50220, 1.18542, 3.05179, 3.18879, 0.00000, 3.04938, 3.00828, 2.69963, 2.56183, 21.01139
1728401774, 11207185, 0xDDDD, 0113, 27.43590, 1.22249, 23.50000, 23.25000, 23.75000, 23.50000, 1.33531, 0.04110, 2.50220, 1.17897, 3.02842, 3.19121, 0.00000, 3.04777, 3.00828, 2.70044, 2.56022, 21.01139
1728401774, 11307187, 0xDDDD, 0114, 27.43590, 1.22249, 23.50000, 23.25000, 23.75000, 23.50000, 1.33451, 0.04110, 2.50220, 1.19751, 3.08322, 3.19927, 0.00000, 3.05099, 3.00747, 2.69963, 2.55941, 21.01139
1728401774, 11407169, 0xDDDD, 0115, 27.03297, 1.22249, 23.50000, 23.25000, 23.75000, 23.50000, 1.33451, 0.04190, 2.50220, 1.19026, 3.06066, 3.20733, 0.00000, 3.05018, 3.00747, 2.70125, 2.55861, 21.01139
1728401774, 11507169, 0xDDDD, 0116, 27.03297, 1.22249, 23.50000, 23.25000, 23.75000, 23.50000, 1.33612, 0.03465, 2.50220, 1.17495, 3.03810, 3.19201, 0.00000, 3.05179, 3.00828, 2.70044, 2.56344, 20.83231
1728401774, 11607183, 0xDDDD, 0117, 27.03297, 1.22249, 23.56250, 23.25000, 23.75000, 23.50000, 1.33531, 0.03868, 2.50220, 1.19429, 3.01070, 3.20007, 0.00000, 3.05179, 3.00828, 2.69963, 2.67062, 21.01139
1728401775, 11707170, 0xDDDD, 0118, 27.03297, 1.22249, 23.56250, 23.25000, 23.75000, 23.50000, 1.33531, 0.04593, 2.50220, 1.18703, 3.03326, 3.20733, 0.00000, 3.05018, 3.00828, 2.70044, 2.56022, 20.83231
1728401775, 11807174, 0xDDDD, 0119, 27.03297, 1.22168, 23.50000, 23.25000, 23.75000, 23.50000, 1.33531, 0.02821, 2.50220, 1.17978, 3.00989, 3.21055, 0.00000, 3.05179, 3.00828, 2.70125, 2.56183, 21.01139
1728401775, 11907178, 0xDDDD, 0120, 27.03297, 1.22249, 23.50000, 23.25000, 23.75000, 23.50000, 1.33531, 0.04190, 2.50220, 1.19590, 3.06630, 3.19604, 0.00000, 3.04938, 3.00747, 2.70044, 2.56022, 21.01139
1728401775, 12007186, 0xDDDD, 0121, 27.03297, 1.22168, 23.50000, 23.25000, 23.75000, 23.43750, 1.32645, 0.04593, 2.50220, 1.19106, 3.04293, 3.20410, 0.00000, 3.05018, 3.00828, 2.69963, 2.55780, 21.01139
1728401775, 12107174, 0xDDDD, 0122, 27.43590, 1.22249, 23.56250, 23.25000, 23.75000, 23.43750, 1.33531, 0.03868, 2.50220, 1.18381, 3.01875, 3.18799, 0.00000, 3.05018, 3.00747, 2.70044, 2.64403, 21.01139
1728401775, 12207182, 0xDDDD, 0123, 27.03297, 1.22168, 23.56250, 23.25000, 23.75000, 23.43750, 1.33531, 0.04029, 2.50220, 1.17575, 3.07436, 3.19604, 0.00000, 3.05099, 3.00828, 2.70125, 2.55055, 21.01139
1728401775, 12307176, 0xDDDD, 0124, 27.43590, 1.22249, 23.50000, 23.25000, 23.75000, 23.43750, 1.33531, 0.03788, 2.50220, 1.18542, 3.04857, 3.20571, 0.00000, 3.05018, 3.00828, 2.70044, 2.56022, 21.19047
1728401775, 12407185, 0xDDDD, 0125, 27.83883, 1.22168, 23.50000, 23.25000, 23.75000, 23.50000, 1.33451, 0.03707, 2.50220, 1.17817, 3.06952, 3.18960, 0.00000, 3.04696, 3.00828, 2.70044, 2.56264, 21.01139
1728401775, 12507173, 0xDDDD, 0126, 27.43590, 1.22249, 23.50000, 23.25000, 23.75000, 23.50000, 1.32081, 0.03868, 2.50220, 1.19670, 3.04615, 3.19121, 0.00000, 3.05179, 3.00828, 2.70044, 2.55941, 21.54863
1728401775, 12607173, 0xDDDD, 0127, 27.43590, 1.22249, 23.56250, 23.25000, 23.75000, 23.50000, 1.33451, 0.04029, 2.50220, 1.19026, 3.02117, 3.20007, 0.00000, 3.05341, 3.00828, 2.69963, 2.56183, 21.19047
1728401776, 12707172, 0xDDDD, 0128, 27.03297, 1.22249, 23.56250, 23.25000, 23.68750, 23.43750, 1.33531, 0.04029, 2.50300, 1.18220, 3.07758, 3.20652, 0.00000, 3.05018, 3.00747, 2.69883, 2.55861, 21.19047
1728401776, 12807172, 0xDDDD, 0129, 27.03297, 1.22249, 23.56250, 23.25000, 23.68750, 23.43750, 1.33531, 0.03868, 2.50220, 1.17495, 3.05099, 3.19040, 0.00000, 3.05341, 3.00828, 2.70044, 2.52315, 21.19047
1728401776, 12907177, 0xDDDD, 0130, 27.03297, 1.22249, 23.56250, 23.25000, 23.75000, 23.50000, 1.33451, 0.04029, 2.50139, 1.19348, 3.02681, 3.19846, 0.00000, 3.05099, 3.00747, 2.69883, 2.56183, 21.19047
1728401776, 13007175, 0xDDDD, 0131, 27.03297, 1.22249, 23.56250, 23.25000, 23.75000, 23.50000, 1.33451, 0.03949, 2.50220, 1.17736, 3.04777, 3.20652, 0.00000, 3.04938, 3.00828, 2.70044, 2.56183, 21.19047
1728401776, 13107183, 0xDDDD, 0132, 27.03297, 1.22168, 23.50000, 23.25000, 23.75000, 23.50000, 1.33531, 0.03707, 2.50220, 1.19590, 3.02278, 3.20894, 0.00000, 3.05099, 3.00908, 2.69963, 2.56103, 21.19047
1728401776, 13207170, 0xDDDD, 0133, 27.43590, 1.22249, 23.50000, 23.25000, 23.75000, 23.43750, 1.33370, 0.03626, 2.50300, 1.18864, 3.07919, 3.19201, 0.00000, 3.05341, 3.00828, 2.70044, 2.55941, 21.19047
1728401776, 13307174, 0xDDDD, 0134, 27.43590, 1.22249, 23.56250, 23.25000, 23.75000, 23.43750, 1.33531, 0.03546, 2.50220, 1.18059, 3.05502, 3.20088, 0.00000, 3.05179, 3.00828, 2.70044, 2.56183, 21.19047
1728401776, 13407181, 0xDDDD, 0135, 27.03297, 1.22168, 23.56250, 23.31250, 23.75000, 23.50000, 1.33531, 0.03949, 2.50220, 1.19832, 3.03004, 3.20813, 0.00000, 3.04615, 3.00828, 2.69883, 2.46674, 21.19047
1728401776, 13507164, 0xDDDD, 0136, 27.03297, 1.22249, 23.56250, 23.31250, 23.75000, 23.50000, 1.33531, 0.03626, 2.50220, 1.19187, 3.00505, 3.19201, 0.00000, 3.05179, 3.00747, 2.69883, 2.56828, 21.19047
1728401776, 13607168, 0xDDDD, 0137, 27.03297, 1.22249, 23.56250, 23.31250, 23.81250, 23.43750, 1.33451, 0.04432, 2.50220, 1.18462, 3.02520, 3.20088, 0.00000, 3.04615, 3.00828, 2.70044, 2.56425, 21.19047
1728401777, 13707185, 0xDDDD, 0138, 27.03297, 1.22249, 23.56250, 23.31250, 23.81250, 23.43750, 1.33451, 0.03788, 2.50220, 1.17817, 3.07839, 3.20168, 0.00000, 3.05260, 3.00828, 2.70125, 2.56344, 21.19047
1728401777, 13807179, 0xDDDD, 0139, 27.03297, 1.22249, 23.56250, 23.31250, 23.81250, 23.43750, 1.33531, 0.04352, 2.50220, 1.18784, 3.05663, 3.20894, 0.00000, 3.04374, 3.00828, 2.69963, 2.56103, 21.19047
1728401777, 13907166, 0xDDDD, 0140, 27.43590, 1.22249, 23.56250, 23.31250, 23.75000, 23.50000, 1.33451, 0.04190, 2.50220, 1.17978, 3.03165, 3.19363, 0.00000, 3.05179, 3.00828, 2.70044, 2.55780, 21.19047
1728401777, 14007170, 0xDDDD, 0141, 27.43590, 1.22168, 23.56250, 23.31250, 23.75000, 23.50000, 1.33531, 0.03788, 2.50220, 1.19751, 3.00908, 3.20168, 0.00000, 3.05179, 3.00828, 2.70044, 2.55136, 21.19047
1728401777, 14107180, 0xDDDD, 0142, 27.03297, 1.22168, 23.56250, 23.25000, 23.75000, 23.50000, 1.33451, 0.03626, 2.50139, 1.19026, 3.06469, 3.20974, 0.00000, 3.05018, 3.00828, 2.69963, 2.56425, 21.19047
1728401777, 14207170, 0xDDDD, 0143, 27.03297, 1.22168, 23.56250, 23.25000, 23.75000, 23.50000, 1.33451, 0.04513, 2.50139, 1.18139, 3.00344, 3.19363, 0.00000, 3.05018, 3.00828, 2.70044, 2.56264, 21.19047
1728401777, 14307180, 0xDDDD, 0144, 27.03297, 1.22168, 23.56250, 23.25000, 23.75000, 23.50000, 1.33451, 0.03626, 2.50220, 1.20557, 3.05744, 3.20168, 0.00000, 3.04938, 3.00828, 2.69963, 2.56344, 21.19047
1728401777, 14407174, 0xDDDD, 0145, 27.03297, 1.22249, 23.56250, 23.31250, 23.75000, 23.43750, 1.33451, 0.03546, 2.50220, 1.19026, 3.03004, 3.20249, 0.00000, 3.04938, 3.00828, 2.70125, 2.56022, 20.29507
1728401777, 14507184, 0xDDDD, 0146, 27.43590, 1.22168, 23.56250, 23.31250, 23.75000, 23.43750, 1.33531, 0.04029, 2.50220, 1.18059, 3.00667, 3.20974, 0.00000, 3.05341, 3.00747, 2.70044, 2.56264, 21.19047
1728401777, 14607175, 0xDDDD, 0147, 27.43590, 1.22249, 23.56250, 23.31250, 23.75000, 23.43750, 1.33531, 0.03546, 2.50220, 1.18864, 3.06308, 3.19282, 0.00000, 3.05099, 3.00828, 2.70044, 2.56505, 21.19047
1728401778, 14707195, 0xDDDD, 0148, 27.43590, 1.22168, 23.56250, 23.31250, 23.75000, 23.43750, 1.33451, 0.04352, 2.50300, 1.17978, 3.03568, 3.20249, 0.00000, 3.05099, 3.00828, 2.70044, 2.58520, 21.19047
1728401778, 14807176, 0xDDDD, 0149, 27.03297, 1.22249, 23.56250, 23.31250, 23.75000, 23.43750, 1.33612, 0.03868, 2.50220, 1.19670, 3.00667, 3.21136, 0.00000, 3.05179, 3.00828, 2.69963, 2.55861, 21.19047
1728401778, 14907175, 0xDDDD, 0150, 27.43590, 1.22249, 23.56250, 23.31250, 23.75000, 23.50000, 1.33531, 0.03949, 2.50220, 1.18864, 3.02440, 3.19443, 0.00000, 3.05099, 3.00828, 2.70044, 2.56022, 21.01139
1728401778, 15007174, 0xDDDD, 0151, 27.03297, 1.22168, 23.56250, 23.31250, 23.75000, 23.50000, 1.33531, 0.04432, 2.50220, 1.18059, 3.07355, 3.19604, 0.00000, 3.05179, 3.00828, 2.69963, 2.55941, 21.36955
1728401778, 15107187, 0xDDDD, 0152, 27.43590, 1.22168, 23.56250, 23.31250, 23.75000, 23.50000, 1.33612, 0.03546, 2.50220, 1.19670, 3.04696, 3.20491, 0.00000, 3.05099, 3.00747, 2.70044, 2.56344, 21.19047
1728401778, 15207173, 0xDDDD, 0153, 27.03297, 1.22249, 23.56250, 23.31250, 23.75000, 23.50000, 1.33370, 0.03868, 2.50220, 1.18784, 3.01714, 3.18879, 0.00000, 3.05018, 3.00828, 2.69963, 2.55700, 21.19047
1728401778, 15307184, 0xDDDD, 0154, 27.83883, 1.22249, 23.56250, 23.25000, 23.75000, 23.43750, 1.33531, 0.04674, 2.50220, 1.17897, 3.06549, 3.19443, 0.00000, 3.05179, 3.00747, 2.70044, 2.55941, 21.19047
1728401778, 15407183, 0xDDDD, 0155, 27.43590, 1.22249, 23.56250, 23.25000, 23.75000, 23.43750, 1.33531, 0.04110, 2.50220, 1.18784, 3.03810, 3.20330, 0.00000, 3.05260, 3.00828, 2.69963, 2.57875, 21.36955
1728401778, 15507170, 0xDDDD, 0156, 27.43590, 1.22249, 23.56250, 23.25000, 23.75000, 23.43750, 1.33531, 0.03707, 2.50220, 1.17817, 3.05663, 3.20974, 0.00000, 3.05018, 3.00828, 2.70044, 2.56103, 21.19047
1728401778, 15607184, 0xDDDD, 0157, 27.03297, 1.22168, 23.56250, 23.25000, 23.81250, 23.50000, 1.33612, 0.04110, 2.50220, 1.19429, 3.02923, 3.21216, 0.00000, 3.05018, 3.00828, 2.69963, 2.55780, 21.36955
1728401779, 15707190, 0xDDDD, 0158, 27.03297, 1.22249, 23.56250, 23.25000, 23.81250, 23.50000, 1.33531, 0.02498, 2.50220, 1.18381, 3.08725, 3.19443, 0.00000, 3.05179, 3.00828, 2.69963, 2.56022, 21.36955
1728401779, 15807180, 0xDDDD, 0159, 27.43590, 1.22249, 23.56250, 23.25000, 23.81250, 23.50000, 1.33531, 0.03788, 2.50220, 1.17495, 3.05341, 3.20088, 0.00000, 3.05099, 3.00828, 2.70044, 2.55941, 21.36955
1728401779, 15907176, 0xDDDD, 0160, 27.03297, 1.22249, 23.56250, 23.25000, 23.81250, 23.50000, 1.33531, 0.04190, 2.50220, 1.19106, 3.02681, 3.20813, 0.00000, 3.04454, 3.00828, 2.70044, 2.51348, 21.19047
1728401779, 16007185, 0xDDDD, 0161, 27.43590, 1.22249, 23.62500, 23.25000, 23.81250, 23.50000, 1.33531, 0.03546, 2.50220, 1.18059, 3.07758, 3.19121, 0.00000, 3.04857, 3.00828, 2.70044, 2.55377, 21.36955
1728401779, 16107182, 0xDDDD, 0162, 26.63004, 1.22249, 23.62500, 23.31250, 23.81250, 23.43750, 1.33531, 0.03868, 2.50220, 1.19590, 3.01070, 3.19927, 0.00000, 3.05260, 3.00828, 2.69963, 2.56264, 21.36955
1728401779, 16207169, 0xDDDD, 0163, 27.03297, 1.22249, 23.56250, 23.31250, 23.81250, 23.43750, 1.33451, 0.03626, 2.50220, 1.17897, 3.05905, 3.20733, 0.00000, 3.05179, 3.00828, 2.69963, 2.56264, 21.36955
1728401779, 16307182, 0xDDDD, 0164, 27.43590, 1.22168, 23.56250, 23.31250, 23.81250, 23.43750, 1.33451, 0.04029, 2.50220, 1.19509, 3.02681, 3.20733, 0.00000, 3.05018, 3.00828, 2.70044, 2.56344, 21.36955
1728401779, 16407168, 0xDDDD, 0165, 27.43590, 1.22168, 23.56250, 23.31250, 23.81250, 23.43750, 1.33370, 0.03949, 2.50220, 1.18381, 3.08161, 3.18960, 0.00000, 3.05099, 3.00828, 2.69883, 2.56183, 21.36955
1728401779, 16507164, 0xDDDD, 0166, 27.03297, 1.22249, 23.56250, 23.25000, 23.81250, 23.50000, 1.33531, 0.03385, 2.50220, 1.17414, 3.04374, 3.19766, 0.00000, 3.05179, 3.00828, 2.70044, 2.57392, 21.19047
1728401779, 16607176, 0xDDDD, 0167, 27.03297, 1.22249, 23.56250, 23.25000, 23.81250, 23.50000, 1.33451, 0.03465, 2.50300, 1.18945, 3.01473, 3.20491, 0.00000, 3.05260, 3.00747, 2.69963, 2.52718, 21.36955
1728401780, 16707184, 0xDDDD, 0168, 27.03297, 1.22249, 23.62500, 23.25000, 23.81250, 23.50000, 1.33531, 0.04110, 2.50220, 1.17978, 3.06630, 3.18637, 0.00000, 3.05179, 3.00828, 2.69883, 2.56264, 21.36955
1728401780, 16807180, 0xDDDD, 0169, 27.43590, 1.22249, 23.62500, 23.31250, 23.81250, 23.43750, 1.33531, 0.03707, 2.50220, 1.19590, 3.08484, 3.19363, 0.00000, 3.04696, 3.00828, 2.69883, 2.56103, 21.36955
1728401780, 16907175, 0xDDDD, 0170, 26.63004, 1.22168, 23.56250, 23.31250, 23.81250, 23.43750, 1.33531, 0.04190, 2.50220, 1.18381, 3.05018, 3.19524, 0.00000, 3.05099, 3.00828, 2.70044, 2.55861, 21.54863
1728401780, 17007172, 0xDDDD, 0171, 27.03297, 1.22249, 23.56250, 23.31250, 23.75000, 23.43750, 1.33531, 0.03868, 2.50220, 1.19026, 3.01875, 3.20330, 0.00000, 3.05179, 3.00828, 2.70125, 2.55941, 21.36955
1728401780, 17107184, 0xDDDD, 0172, 27.03297, 1.22249, 23.56250, 23.31250, 23.75000, 23.43750, 1.33531, 0.04271, 2.50220, 1.17897, 3.07033, 3.21055, 0.00000, 3.05018, 3.00828, 2.70044, 2.55861, 21.36955
1728401780, 17207178, 0xDDDD, 0173, 27.03297, 1.22249, 23.62500, 23.31250, 23.75000, 23.43750, 1.33531, 0.03546, 2.50139, 1.19429, 3.03890, 3.19363, 0.00000, 3.05018, 3.00828, 2.70044, 2.55780, 21.54863
1728401780, 17307164, 0xDDDD, 0174, 27.03297, 1.22249, 23.62500, 23.31250, 23.75000, 23.43750, 1.33531, 0.03626, 2.50220, 1.18220, 3.01150, 3.20088, 0.00000, 3.05099, 3.00828, 2.70044, 2.50623, 21.36955
1728401780, 17407169, 0xDDDD, 0175, 27.03297, 1.22249, 23.56250, 23.31250, 23.75000, 23.43750, 1.33531, 0.04190, 2.50220, 1.19670, 3.02601, 3.20733, 0.00000, 3.05099, 3.00828, 2.69963, 2.56183, 21.54863
1728401780, 17507191, 0xDDDD, 0176, 26.63004, 1.22249, 23.56250, 23.31250, 23.81250, 23.43750, 1.33451, 0.04352, 2.50220, 1.18542, 3.07355, 3.20974, 0.00000, 3.05179, 3.00747, 2.69963, 2.55941, 21.36955
1728401780, 17607182, 0xDDDD, 0177, 27.03297, 1.22249, 23.56250, 23.31250, 23.81250, 23.43750, 1.33451, 0.04029, 2.50220, 1.17414, 3.04132, 3.19282, 0.00000, 3.05179, 3.00747, 2.70125, 2.55861, 21.54863
1728401781, 17707173, 0xDDDD, 0178, 27.03297, 1.22249, 23.56250, 23.31250, 23.75000, 23.43750, 1.34015, 0.03385, 2.50220, 1.18864, 3.01150, 3.20007, 0.00000, 3.04938, 3.00747, 2.69963, 2.56264, 21.36955
1728401781, 17807171, 0xDDDD, 0179, 27.43590, 1.22249, 23.56250, 23.31250, 23.75000, 23.43750, 1.33531, 0.04110, 2.50220, 1.19429, 3.05824, 3.20733, 0.00000, 3.05179, 3.00828, 2.70044, 2.55458, 21.54863
1728401781, 17907189, 0xDDDD, 0180, 27.43590, 1.22249, 23.56250, 23.31250, 23.75000, 23.43750, 1.33531, 0.03465, 2.50220, 1.18139, 3.02762, 3.19121, 0.00000, 3.05179, 3.00828, 2.70044, 2.56264, 21.54863
1728401781, 18007174, 0xDDDD, 0181, 27.43590, 1.22249, 23.56250, 23.31250, 23.75000, 23.50000, 1.33531, 0.03465, 2.50220, 1.19509, 3.04212, 3.19766, 0.00000, 3.05099, 3.00828, 2.69963, 2.56022, 21.19047
1728401781, 18107177, 0xDDDD, 0182, 27.03297, 1.22168, 23.62500, 23.31250, 23.75000, 23.50000, 1.33531, 0.04271, 2.50220, 1.18300, 3.00505, 3.19766, 0.00000, 3.05179, 3.00828, 2.70044, 2.55780, 21.54863
1728401781, 18207179, 0xDDDD, 0183, 27.43590, 1.22249, 23.62500, 23.25000, 23.81250, 23.43750, 1.33531, 0.03788, 2.50220, 1.19509, 3.05099, 3.20410, 0.00000, 3.05179, 3.00828, 2.70044, 2.56103, 21.54863
1728401781, 18307186, 0xDDDD, 0184, 27.03297, 1.22249, 23.62500, 23.25000, 23.81250, 23.43750, 1.33531, 0.03949, 2.50139, 1.18300, 3.01956, 3.21216, 0.00000, 3.05018, 3.00828, 2.70044, 2.56183, 21.19047
1728401781, 18407174, 0xDDDD, 0185, 27.03297, 1.22249, 23.62500, 23.25000, 23.81250, 23.43750, 1.33612, 0.04110, 2.50220, 1.19509, 3.06711, 3.19443, 0.00000, 3.05099, 3.00828, 2.70044, 2.51912, 21.54863
1728401781, 18507182, 0xDDDD, 0186, 27.03297, 1.22168, 23.62500, 23.31250, 23.81250, 23.50000, 1.33451, 0.04271, 2.50220, 1.18139, 3.03245, 3.20249, 0.00000, 3.04857, 3.00828, 2.70125, 2.56586, 21.36955
1728401781, 18607174, 0xDDDD, 0187, 27.03297, 1.22249, 23.62500, 23.31250, 23.81250, 23.50000, 1.33531, 0.04271, 2.50220, 1.18703, 3.07839, 3.20813, 0.00000, 3.05099, 3.00828, 2.70044, 2.56264, 21.54863
1728401782, 18707199, 0xDDDD, 0188, 27.43590, 1.22249, 23.62500, 23.25000, 23.81250, 23.43750, 1.33531, 0.03385, 2.50139, 1.17495, 3.01150, 3.19121, 0.00000, 3.05018, 3.00828, 2.70044, 2.56103, 21.36955
1728401782, 18807177, 0xDDDD, 0189, 27.03297, 1.22249, 23.62500, 23.25000, 23.81250, 23.43750, 1.31436, 0.04029, 2.50220, 1.18784, 3.05744, 3.19040, 0.00000, 3.05099, 3.00828, 2.70044, 2.55941, 21.54863
1728401782, 18907180, 0xDDDD, 0190, 27.03297, 1.22249, 23.56250, 23.25000, 23.81250, 23.43750, 1.33531, 0.04110, 2.50220, 1.17495, 3.02278, 3.19846, 0.00000, 3.05099, 3.00828, 2.69963, 2.56183, 21.54863
1728401782, 19007179, 0xDDDD, 0191, 27.03297, 1.22168, 23.56250, 23.25000, 23.81250, 23.50000, 1.33531, 0.03949, 2.50220, 1.18703, 3.06872, 3.20571, 0.00000, 3.05179, 3.00828, 2.69963, 2.56022, 21.54863
1728401782, 19107171, 0xDDDD, 0192, 27.43590, 1.22168, 23.62500, 23.25000, 23.81250, 23.50000, 1.33451, 0.03868, 2.50139, 1.17414, 3.03407, 3.18799, 0.00000, 3.05099, 3.00747, 2.69963, 2.61179, 21.54863
1728401782, 19207181, 0xDDDD, 0193, 27.43590, 1.22249, 23.62500, 23.25000, 23.81250, 23.50000, 1.33451, 0.04110, 2.50220, 1.18623, 3.08403, 3.19443, 0.00000, 3.05260, 3.00828, 2.70044, 2.56264, 21.54863
1728401782, 19307181, 0xDDDD, 0194, 27.43590, 1.22249, 23.62500, 23.25000, 23.81250, 23.50000, 1.33531, 0.04190, 2.50220, 1.19026, 3.01231, 3.20088, 0.00000, 3.05179, 3.00828, 2.70044, 2.55861, 21.54863
1728401782, 19407176, 0xDDDD, 0195, 27.03297, 1.22249, 23.62500, 23.31250, 23.87500, 23.50000, 1.33531, 0.03707, 2.50139, 1.17656, 3.05663, 3.20168, 0.00000, 3.05018, 3.00828, 2.70044, 2.56183, 21.54863
1728401782, 19507175, 0xDDDD, 0196, 27.03297, 1.22249, 23.62500, 23.31250, 23.87500, 23.50000, 1.33451, 0.04029, 2.50220, 1.18784, 3.02359, 3.20894, 0.00000, 3.05099, 3.00747, 2.70044, 2.56022, 21.36955
1728401782, 19607174, 0xDDDD, 0197, 27.43590, 1.22249, 23.62500, 23.31250, 23.87500, 23.50000, 1.33531, 0.03626, 2.50139, 1.17495, 3.06791, 3.19040, 0.00000, 3.05260, 3.00747, 2.70125, 2.56425, 21.54863
1728401783, 19707183, 0xDDDD, 0198, 27.43590, 1.22249, 23.62500, 23.25000, 23.81250, 23.50000, 1.33531, 0.03707, 2.50220, 1.18623, 3.03326, 3.19685, 0.00000, 3.05179, 3.00828, 2.70044, 2.45949, 21.54863
1728401783, 19807166, 0xDDDD, 0199, 27.43590, 1.22168, 23.62500, 23.25000, 23.81250, 23.50000, 1.33531, 0.04110, 2.50220, 1.19670, 3.07758, 3.20410, 0.00000, 3.05099, 3.00828, 2.70125, 2.53282, 21.54863
1728401783, 19907171, 0xDDDD, 0200, 27.03297, 1.22168, 23.62500, 23.31250, 23.81250, 23.50000, 1.33451, 0.03385, 2.50220, 1.18300, 3.00344, 3.21136, 0.00000, 3.05260, 3.00828, 2.70044, 2.55941, 21.54863
1728401783, 20007185, 0xDDDD, 0201, 27.03297, 1.22249, 23.62500, 23.31250, 23.81250, 23.50000, 1.33531, 0.04110, 2.50220, 1.19509, 3.05018, 3.21136, 0.00000, 3.05099, 3.00828, 2.70044, 2.56103, 21.54863
1728401783, 20107185, 0xDDDD, 0202, 27.03297, 1.22249, 23.62500, 23.31250, 23.81250, 23.50000, 1.33531, 0.03707, 2.50139, 1.20073, 3.01311, 3.19282, 0.00000, 3.05179, 3.00828, 2.69963, 2.56183, 21.54863
1728401783, 20207166, 0xDDDD, 0203, 27.43590, 1.22249, 23.62500, 23.25000, 23.81250, 23.43750, 1.31275, 0.03949, 2.50220, 1.18381, 3.05663, 3.20007, 0.00000, 3.05179, 3.00908, 2.70044, 2.56022, 21.54863
1728401783, 20307169, 0xDDDD, 0204, 27.03297, 1.22249, 23.68750, 23.25000, 23.81250, 23.43750, 1.33451, 0.04110, 2.50220, 1.19670, 3.02198, 3.20733, 0.00000, 3.05179, 3.00828, 2.69963, 2.56264, 21.54863
1728401783, 20407184, 0xDDDD, 0205, 27.43590, 1.22249, 23.68750, 23.25000, 23.81250, 23.43750, 1.33531, 0.04190, 2.50220, 1.18139, 3.06388, 3.20249, 0.00000, 3.05179, 3.00828, 2.70044, 2.56344, 21.54863
1728401783, 20507164, 0xDDDD, 0206, 27.43590, 1.22249, 23.68750, 23.25000, 23.81250, 23.43750, 1.33531, 0.03949, 2.50220, 1.19267, 3.02681, 3.19524, 0.00000, 3.04857, 3.00828, 2.69963, 2.56264, 21.54863
1728401783, 20607176, 0xDDDD, 0207, 27.03297, 1.22249, 23.62500, 23.31250, 23.81250, 23.43750, 1.33451, 0.02418, 2.50220, 1.17897, 3.03568, 3.20330, 0.00000, 3.05179, 3.00828, 2.69963, 2.56505, 21.54863
1728401784, 20707181, 0xDDDD, 0208, 27.03297, 1.22249, 23.62500, 23.31250, 23.81250, 23.43750, 1.33531, 0.03868, 2.50220, 1.19106, 3.07839, 3.20249, 0.00000, 3.05260, 3.00828, 2.69963, 2.56103, 20.83231
1728401784, 20807184, 0xDDDD, 0209, 27.03297, 1.22249, 23.68750, 23.31250, 23.81250, 23.43750, 1.33531, 0.04674, 2.50139, 1.17817, 3.03810, 3.20894, 0.00081, 3.05179, 3.00828, 2.70044, 2.56022, 21.54863
1728401784, 20907175, 0xDDDD, 0210, 27.43590, 1.22168, 23.68750, 23.25000, 23.81250, 23.43750, 1.33531, 0.04110, 2.50220, 1.18059, 3.08000, 3.19040, 0.00000, 3.05099, 3.00747, 2.70044, 2.55619, 21.54863
1728401784, 21007188, 0xDDDD, 0211, 27.03297, 1.22249, 23.62500, 23.25000, 23.81250, 23.43750, 1.33531, 0.04029, 2.50220, 1.19106, 3.04293, 3.19766, 0.00000, 3.05260, 3.00828, 2.69963, 2.55700, 21.36955
1728401784, 21107182, 0xDDDD, 0212, 27.03297, 1.22249, 23.62500, 23.25000, 23.87500, 23.50000, 1.33531, 0.03465, 2.50139, 1.17656, 3.00667, 3.20330, 0.00000, 3.05260, 3.00747, 2.69963, 2.56183, 21.54863
1728401784, 21207163, 0xDDDD, 0213, 27.03297, 1.22249, 23.62500, 23.25000, 23.87500, 23.50000, 1.33451, 0.04432, 2.50139, 1.18784, 3.01231, 3.21216, 0.00000, 3.05260, 3.00828, 2.69883, 2.56103, 21.72771
1728401784, 21307174, 0xDDDD, 0214, 27.03297, 1.22249, 23.62500, 23.25000, 23.81250, 23.50000, 1.33451, 0.02982, 2.50220, 1.19832, 3.05905, 3.18718, 0.00000, 3.04696, 3.00828, 2.70044, 2.56183, 21.36955
1728401784, 21407201, 0xDDDD, 0215, 27.03297, 1.22249, 23.62500, 23.31250, 23.81250, 23.50000, 1.33531, 0.04029, 2.50139, 1.18300, 3.02117, 3.19443, 0.00000, 3.05018, 3.00747, 2.69963, 2.56022, 21.54863
1728401784, 21507176, 0xDDDD, 0216, 27.03297, 1.22249, 23.62500, 23.31250, 23.81250, 23.50000, 1.33531, 0.03546, 2.50220, 1.19429, 3.06147, 3.19927, 0.00000, 3.05260, 3.00747, 2.70044, 2.56264, 21.54863
1728401784, 21607183, 0xDDDD, 0217, 27.03297, 1.22168, 23.62500, 23.25000, 23.81250, 23.50000, 1.33531, 0.04110, 2.50220, 1.18059, 3.02440, 3.20652, 0.00000, 3.05260, 3.00828, 2.70125, 2.46835, 21.54863
1728401785, 21707184, 0xDDDD, 0218, 27.03297, 1.22168, 23.62500, 23.25000, 23.81250, 23.50000, 1.33531, 0.04352, 2.50220, 1.18300, 3.06711, 3.18960, 0.00000, 3.05099, 3.00828, 2.69963, 2.54974, 21.54863
1728401785, 21807175, 0xDDDD, 0219, 27.43590, 1.22249, 23.62500, 23.25000, 23.87500, 23.50000, 1.33451, 0.03949, 2.50220, 1.19509, 3.07597, 3.19685, 0.00000, 3.04938, 3.00828, 2.70044, 2.56183, 21.54863
1728401785, 21907179, 0xDDDD, 0220, 27.43590, 1.22249, 23.62500, 23.31250, 23.87500, 23.50000, 1.33531, 0.03546, 2.50220, 1.18220, 3.03568, 3.19685, 0.00000, 3.05099, 3.00828, 2.69963, 2.56264, 21.54863
1728401785, 22007192, 0xDDDD, 0221, 27.43590, 1.22168, 23.62500, 23.31250, 23.87500, 23.50000, 1.33531, 0.03868, 2.50220, 1.19267, 3.07919, 3.20330, 0.00000, 3.05179, 3.00828, 2.70044, 2.56022, 21.54863
1728401785, 22107170, 0xDDDD, 0222, 27.43590, 1.22249, 23.62500, 23.31250, 23.81250, 23.50000, 1.33531, 0.03465, 2.50220, 1.17817, 3.04051, 3.20974, 0.00000, 3.05260, 3.00747, 2.69963, 2.56183, 21.54863
1728401785, 22207176, 0xDDDD, 0223, 27.03297, 1.22249, 23.62500, 23.31250, 23.81250, 23.50000, 1.33531, 0.04190, 2.50220, 1.18945, 3.08161, 3.19282, 0.00000, 3.05018, 3.00828, 2.70044, 2.55861, 21.54863
1728401785, 22307203, 0xDDDD, 0224, 27.43590, 1.22249, 23.62500, 23.31250, 23.87500, 23.50000, 1.33531, 0.03707, 2.50300, 1.20154, 3.04132, 3.19927, 0.00000, 3.05179, 3.00828, 2.70125, 2.56103, 21.54863
1728401785, 22407172, 0xDDDD, 0225, 27.43590, 1.22249, 23.62500, 23.31250, 23.87500, 23.50000, 1.33531, 0.03868, 2.50220, 1.18220, 3.04615, 3.20410, 0.00000, 3.04696, 3.00828, 2.69963, 2.56183, 21.54863
1728401785, 22507174, 0xDDDD, 0226, 27.43590, 1.22249, 23.68750, 23.31250, 23.87500, 23.50000, 1.33531, 0.03788, 2.50220, 1.18381, 3.00908, 3.21136, 0.00000, 3.05260, 3.00747, 2.69963, 2.55861, 21.54863
1728401785, 22607187, 0xDDDD, 0227, 27.03297, 1.22168, 23.68750, 23.31250, 23.87500, 23.43750, 1.33531, 0.04432, 2.50220, 1.19348, 3.05341, 3.20007, 0.00000, 3.05260, 3.00828, 2.69963, 2.56103, 21.54863
1728401786, 22707172, 0xDDDD, 0228, 27.43590, 1.22168, 23.62500, 23.31250, 23.87500, 23.43750, 1.33612, 0.04110, 2.50220, 1.17736, 3.01150, 3.19443, 0.00000, 3.05179, 3.00747, 2.70044, 2.56505, 21.54863
1728401786, 22807164, 0xDDDD, 0229, 27.03297, 1.22249, 23.62500, 23.31250, 23.87500, 23.50000, 1.33531, 0.04271, 2.50220, 1.18623, 3.05099, 3.20007, 0.00000, 3.05018, 3.00828, 2.70044, 2.56989, 21.54863
1728401786, 22907177, 0xDDDD, 0230, 27.03297, 1.22249, 23.62500, 23.31250, 23.87500, 23.50000, 1.33531, 0.04352, 2.50139, 1.19590, 3.01231, 3.20652, 0.00081, 3.05179, 3.00828, 2.69883, 2.52154, 21.54863
1728401786, 23007184, 0xDDDD, 0231, 27.43590, 1.22249, 23.62500, 23.31250, 23.81250, 23.50000, 1.33531, 0.03707, 2.50300, 1.17897, 3.05018, 3.18799, 0.00000, 3.04938, 3.00828, 2.69963, 2.55700, 21.54863
1728401786, 23107174, 0xDDDD, 0232, 27.03297, 1.22168, 23.62500, 23.31250, 23.81250, 23.50000, 1.33451, 0.05560, 2.50220, 1.18703, 3.05421, 3.19524, 0.00000, 3.05179, 3.00828, 2.70044, 2.56183, 21.54863
1728401786, 23207175, 0xDDDD, 0233, 27.43590, 1.22249, 23.68750, 23.31250, 23.81250, 23.50000, 1.33531, 0.03949, 2.50220, 1.19590, 3.01070, 3.19363, 0.00000, 3.04938, 3.00828, 2.69883, 2.56344, 21.54863
1728401786, 23307178, 0xDDDD, 0234, 27.03297, 1.22249, 23.68750, 23.31250, 23.87500, 23.50000, 1.34418, 0.04352, 2.50139, 1.19590, 3.04857, 3.20088, 0.00000, 3.04535, 3.00828, 2.70044, 2.56103, 21.54863
1728401786, 23407186, 0xDDDD, 0235, 27.43590, 1.22249, 23.68750, 23.31250, 23.87500, 23.50000, 1.33531, 0.03546, 2.50220, 1.17817, 3.00667, 3.20571, 0.00000, 3.05179, 3.00828, 2.69883, 2.56425, 21.54863
1728401786, 23507182, 0xDDDD, 0236, 27.03297, 1.22249, 23.62500, 23.31250, 23.87500, 23.50000, 1.33612, 0.04029, 2.50220, 1.18623, 3.04777, 3.21216, 0.00000, 3.05099, 3.00747, 2.70044, 2.56344, 21.54863
1728401786, 23607169, 0xDDDD, 0237, 26.63004, 1.22249, 23.62500, 23.31250, 23.87500, 23.50000, 1.33531, 0.03626, 2.50220, 1.19509, 3.00908, 3.19282, 0.00000, 3.05099, 3.00828, 2.70044, 2.61341, 21.72771
1728401787, 23707172, 0xDDDD, 0238, 27.03297, 1.22249, 23.68750, 23.31250, 23.87500, 23.50000, 1.33451, 0.04190, 2.50139, 1.17817, 3.01392, 3.20007, 0.00000, 3.05099, 3.00828, 2.69963, 2.56103, 21.54863
1728401787, 23807173, 0xDDDD, 0239, 27.43590, 1.22168, 23.68750, 23.25000, 23.87500, 23.50000, 1.33612, 0.02418, 2.50220, 1.18703, 3.05421, 3.19846, 0.00000, 3.05260, 3.00828, 2.69963, 2.56103, 21.54863
1728401787, 23907186, 0xDDDD, 0240, 27.43590, 1.22168, 23.68750, 23.25000, 23.87500, 23.50000, 1.33531, 0.03626, 2.50059, 1.19590, 3.01311, 3.20571, 0.00000, 3.05018, 3.00828, 2.70044, 2.56103, 21.54863
1728401787, 24007181, 0xDDDD, 0241, 27.03297, 1.22249, 23.62500, 23.31250, 23.87500, 23.43750, 1.34659, 0.04029, 2.50220, 1.17736, 3.04938, 3.20652, 0.00000, 3.05179, 3.00747, 2.69883, 2.56183, 21.54863
1728401787, 24107176, 0xDDDD, 0242, 27.43590, 1.22249, 23.62500, 23.31250, 23.87500, 23.43750, 1.33531, 0.03304, 2.50220, 1.17736, 3.00505, 3.19443, 0.00000, 3.05179, 3.00747, 2.70044, 2.55941, 21.72771
1728401787, 24207188, 0xDDDD, 0243, 27.43590, 1.22249, 23.68750, 23.31250, 23.87500, 23.43750, 1.33451, 0.04110, 2.50220, 1.18623, 3.04132, 3.20168, 0.00000, 3.05179, 3.00828, 2.70044, 2.58762, 21.72771
1728401787, 24307176, 0xDDDD, 0244, 27.03297, 1.22168, 23.68750, 23.31250, 23.87500, 23.50000, 1.33531, 0.03949, 2.50220, 1.19429, 3.04454, 3.20894, 0.00000, 3.05179, 3.00828, 2.70044, 2.56264, 21.54863
1728401787, 24407181, 0xDDDD, 0245, 27.03297, 1.22168, 23.68750, 23.31250, 23.87500, 23.50000, 1.33531, 0.03385, 2.50220, 1.17656, 3.08161, 3.20894, 0.00000, 3.05018, 3.00667, 2.69963, 2.56103, 21.19047
1728401787, 24507188, 0xDDDD, 0246, 27.03297, 1.22168, 23.68750, 23.31250, 23.87500, 23.50000, 1.33531, 0.03626, 2.50220, 1.18462, 3.03971, 3.19121, 0.00000, 3.05099, 3.00828, 2.70044, 2.56022, 21.72771
1728401787, 24607199, 0xDDDD, 0247, 27.43590, 1.22249, 23.68750, 23.31250, 23.87500, 23.50000, 1.33531, 0.03868, 2.50139, 1.19106, 3.07678, 3.19604, 0.00000, 3.05260, 3.00747, 2.69963, 2.56103, 21.54863
1728401788, 24707175, 0xDDDD, 0248, 27.03297, 1.22249, 23.68750, 23.31250, 23.87500, 23.50000, 1.33531, 0.03868, 2.50220, 1.19912, 3.03165, 3.20168, 0.00000, 3.05099, 3.00828, 2.70044, 2.51187, 21.72771
1728401788, 24807182, 0xDDDD, 0249, 27.43590, 1.22249, 23.68750, 23.31250, 23.87500, 23.50000, 1.33531, 0.03385, 2.50220, 1.19751, 3.06711, 3.20894, 0.00000, 3.04454, 3.00828, 2.69963, 2.55216, 21.72771
1728401788, 24907181, 0xDDDD, 0250, 27.43590, 1.22249, 23.68750, 23.31250, 23.87500, 23.50000, 1.33531, 0.04271, 2.50220, 1.17736, 3.02198, 3.19040, 0.00000, 3.05099, 3.00828, 2.70044, 2.56264, 21.54863
1728401788, 25007175, 0xDDDD, 0251, 27.03297, 1.22249, 23.68750, 23.31250, 23.87500, 23.50000, 1.33612, 0.04190, 2.50220, 1.18542, 3.02198, 3.19685, 0.00000, 3.05179, 3.00828, 2.70044, 2.55780, 21.72771
1728401788, 25107184, 0xDDDD, 0252, 27.03297, 1.22249, 23.68750, 23.31250, 23.87500, 23.50000, 1.27407, 0.04513, 2.50220, 1.19348, 3.05824, 3.19443, 0.00000, 3.05099, 3.00828, 2.69963, 2.56183, 22.08586
1728401788, 25207169, 0xDDDD, 0253, 27.03297, 1.22168, 23.68750, 23.25000, 23.87500, 23.50000, 1.33853, 0.03465, 2.50139, 1.19912, 3.01392, 3.20088, 0.00000, 3.05099, 3.00747, 2.70044, 2.55941, 21.72771
1728401788, 25307183, 0xDDDD, 0254, 27.03297, 1.22168, 23.68750, 23.25000, 23.87500, 23.50000, 1.33531, 0.03626, 2.50220, 1.18059, 3.05099, 3.20652, 0.00000, 3.05260, 3.00828, 2.69963, 2.56022, 21.72771
1728401788, 25407172, 0xDDDD, 0255, 27.43590, 1.22249, 23.62500, 23.25000, 23.87500, 23.50000, 1.33531, 0.03868, 2.50220, 1.18542, 3.00667, 3.21297, 0.00000, 3.05018, 3.00828, 2.70125, 2.56344, 21.72771
1728401788, 25507182, 0xDDDD, 0256, 27.03297, 1.22249, 23.62500, 23.31250, 23.87500, 23.43750, 1.33531, 0.03546, 2.50220, 1.19106, 3.03971, 3.19443, 0.00000, 3.05099, 3.00828, 2.69963, 2.56103, 21.72771
1728401788, 25607182, 0xDDDD, 0257, 27.43590, 1.22330, 23.62500, 23.31250, 23.87500, 23.43750, 1.33451, 0.04835, 2.50220, 1.18864, 3.03729, 3.20007, 0.00000, 3.05099, 3.00828, 2.70044, 2.55941, 21.72771
1728401789, 25707176, 0xDDDD, 0258, 27.03297, 1.22249, 23.68750, 23.31250, 23.87500, 23.50000, 1.33531, 0.03949, 2.50220, 1.19509, 3.07114, 3.19927, 0.00000, 3.05179, 3.00908, 2.70044, 2.56103, 21.72771
1728401789, 25807178, 0xDDDD, 0259, 27.03297, 1.22249, 23.68750, 23.31250, 23.87500, 23.50000, 1.33531, 0.04352, 2.50220, 1.17575, 3.02359, 3.20571, 0.00000, 3.05099, 3.00828, 2.70125, 2.55941, 21.72771
1728401789, 25907176, 0xDDDD, 0260, 27.03297, 1.22249, 23.68750, 23.31250, 23.87500, 23.50000, 1.33370, 0.04513, 2.50220, 1.18220, 3.05663, 3.20571, 0.00000, 3.05179, 3.00908, 2.70125, 2.55941, 21.54863
1728401789, 26007164, 0xDDDD, 0261, 27.03297, 1.22249, 23.68750, 23.31250, 23.87500, 23.43750, 1.33531, 0.03868, 2.50220, 1.18864, 3.00989, 3.19282, 0.00000, 3.04777, 3.00828, 2.69963, 2.54813, 21.72771
1728401789, 26107171, 0xDDDD, 0262, 27.43590, 1.22249, 23.68750, 23.31250, 23.87500, 23.43750, 1.33531, 0.04432, 2.50220, 1.19348, 3.04293, 3.19766, 0.00000, 3.05018, 3.00989, 2.69883, 2.64886, 21.36955
1728401789, 26207171, 0xDDDD, 0263, 27.43590, 1.22249, 23.68750, 23.31250, 23.87500, 23.50000, 1.33612, 0.04190, 2.50220, 1.19751, 3.04293, 3.20330, 0.00000, 3.05179, 3.00828, 2.70044, 2.56183, 21.72771
1728401789, 26307187, 0xDDDD, 0264, 27.03297, 1.22249, 23.68750, 23.31250, 23.87500, 23.50000, 1.33451, 0.03707, 2.50220, 1.17656, 3.07516, 3.20330, 0.00000, 3.05099, 3.00828, 2.70044, 2.56344, 21.72771
1728401789, 26407199, 0xDDDD, 0265, 27.03297, 1.22249, 23.68750, 23.31250, 23.93750, 23.56250, 1.33531, 0.04029, 2.50220, 1.18220, 3.03004, 3.20733, 0.00000, 3.05099, 3.00828, 2.70044, 2.56022, 21.72771
1728401789, 26507172, 0xDDDD, 0266, 27.03297, 1.22249, 23.68750, 23.31250, 23.93750, 23.56250, 1.33451, 0.04271, 2.50220, 1.17978, 3.06549, 3.18960, 0.00000, 3.05260, 3.00828, 2.70044, 2.55780, 21.72771
1728401789, 26607175, 0xDDDD, 0267, 27.03297, 1.22249, 23.68750, 23.31250, 23.87500, 23.56250, 1.33531, 0.04110, 2.50220, 1.18381, 3.01714, 3.19524, 0.00000, 3.05260, 3.00747, 2.70044, 2.56747, 21.72771
1728401790, 26707186, 0xDDDD, 0268, 27.03297, 1.22249, 23.68750, 23.25000, 23.87500, 23.50000, 1.33451, 0.03868, 2.50220, 1.18864, 3.04857, 3.20007, 0.00000, 3.05179, 3.00828, 2.70044, 2.53604, 21.90678
1728401790, 26807164, 0xDDDD, 0269, 27.03297, 1.22249, 23.68750, 23.25000, 23.87500, 23.50000, 1.33531, 0.03707, 2.50220, 1.19267, 3.08242, 3.20571, 0.00000, 3.05099, 3.00828, 2.69963, 2.56022, 21.72771
1728401790, 26907183, 0xDDDD, 0270, 27.43590, 1.22249, 23.68750, 23.31250, 23.93750, 23.50000, 1.33531, 0.05077, 2.50300, 1.19590, 3.07839, 3.21055, 0.00000, 3.05099, 3.00828, 2.69963, 2.55941, 21.72771
1728401790, 27007174, 0xDDDD, 0271, 27.03297, 1.22249, 23.68750, 23.31250, 23.93750, 23.50000, 1.33531, 0.04432, 2.50220, 1.19590, 3.03004, 3.20974, 0.00000, 3.05099, 3.00747, 2.69963, 2.56103, 22.08586
1728401790, 27107185, 0xDDDD, 0272, 27.03297, 1.22249, 23.68750, 23.31250, 23.93750, 23.50000, 1.33531, 0.03788, 2.50220, 1.17575, 3.06308, 3.19040, 0.00000, 3.05018, 3.00747, 2.70044, 2.56183, 21.72771
1728401790, 27207169, 0xDDDD, 0273, 27.83883, 1.22249, 23.68750, 23.25000, 23.93750, 23.50000, 1.33531, 0.03788, 2.50220, 1.19670, 3.01553, 3.19604, 0.00000, 3.05179, 3.00828, 2.69963, 2.56103, 21.72771
1728401790, 27307191, 0xDDDD, 0274, 27.43590, 1.22249, 23.68750, 23.25000, 23.93750, 23.50000, 1.33531, 0.04271, 2.50139, 1.17414, 3.04938, 3.20088, 0.00000, 3.05179, 3.00828, 2.70044, 2.55700, 21.72771
1728401790, 27407174, 0xDDDD, 0275, 27.03297, 1.22249, 23.68750, 23.31250, 23.93750, 23.50000, 1.33612, 0.03626, 2.50220, 1.17817, 3.08403, 3.20652, 0.00000, 3.05099, 3.00828, 2.69883, 2.55861, 21.72771
1728401790, 27507167, 0xDDDD, 0276, 27.43590, 1.22249, 23.68750, 23.31250, 23.93750, 23.50000, 1.33531, 0.04029, 2.50220, 1.18139, 3.08081, 3.19282, 0.00000, 3.05099, 3.00747, 2.69963, 2.55941, 21.72771
1728401790, 27607174, 0xDDDD, 0277, 27.03297, 1.22249, 23.75000, 23.31250, 23.87500, 23.50000, 1.33531, 0.02901, 2.50220, 1.18462, 3.03407, 3.21055, 0.00000, 3.05099, 3.00908, 2.69963, 2.56425, 21.72771
1728401791, 27707187, 0xDDDD, 0278, 27.43590, 1.22249, 23.75000, 23.31250, 23.87500, 23.50000, 1.33612, 0.03949, 2.50220, 1.18784, 3.06791, 3.19121, 0.00000, 3.05179, 3.00828, 2.70044, 2.56183, 21.72771
1728401791, 27807183, 0xDDDD, 0279, 27.03297, 1.22249, 23.68750, 23.31250, 23.93750, 23.50000, 1.33531, 0.03788, 2.50220, 1.19267, 3.01795, 3.19685, 0.00000, 3.05179, 3.00828, 2.70125, 2.56022, 21.72771
1728401791, 27907175, 0xDDDD, 0280, 27.43590, 1.22249, 23.68750, 23.31250, 23.93750, 23.50000, 1.33531, 0.04916, 2.50220, 1.18703, 3.05018, 3.20249, 0.00000, 3.05179, 3.00747, 2.70125, 2.53121, 21.72771
1728401791, 28007177, 0xDDDD, 0281, 27.43590, 1.22168, 23.68750, 23.31250, 23.93750, 23.50000, 1.33531, 0.04029, 2.50220, 1.19026, 3.08645, 3.20652, 0.00000, 3.05099, 3.00828, 2.70044, 2.56022, 21.72771
1728401791, 28107182, 0xDDDD, 0282, 27.03297, 1.22249, 23.68750, 23.31250, 23.93750, 23.50000, 1.33531, 0.04029, 2.50220, 1.19509, 3.08000, 3.21136, 0.00000, 3.05260, 3.00828, 2.69963, 2.56103, 21.72771
1728401791, 28207180, 0xDDDD, 0283, 27.83883, 1.22249, 23.68750, 23.31250, 23.93750, 23.50000, 1.33531, 0.04110, 2.50300, 1.19832, 3.03004, 3.18718, 0.00000, 3.05099, 3.00828, 2.70125, 2.55941, 21.72771
1728401791, 28307171, 0xDDDD, 0284, 27.43590, 1.22249, 23.68750, 23.31250, 23.93750, 23.50000, 1.33531, 0.03223, 2.50220, 1.17575, 3.05905, 3.19040, 0.00000, 3.05179, 3.00828, 2.69963, 2.56264, 21.72771
1728401791, 28407170, 0xDDDD, 0285, 27.03297, 1.22249, 23.68750, 23.31250, 23.93750, 23.50000, 1.33531, 0.04029, 2.50220, 1.17978, 3.00908, 3.19685, 0.00000, 3.04938, 3.00828, 2.70044, 2.56103, 21.72771
1728401791, 28507181, 0xDDDD, 0286, 27.43590, 1.22168, 23.68750, 23.31250, 23.93750, 23.50000, 1.33531, 0.03788, 2.50220, 1.18220, 3.03729, 3.20088, 0.00000, 3.05018, 3.00828, 2.69963, 2.58842, 21.72771
1728401791, 28607174, 0xDDDD, 0287, 27.03297, 1.22249, 23.68750, 23.31250, 23.93750, 23.50000, 1.33451, 0.03868, 2.50220, 1.18462, 3.06549, 3.20733, 0.00000, 3.05018, 3.00747, 2.69963, 2.57231, 21.72771
1728401792, 28707171, 0xDDDD, 0288, 27.03297, 1.22249, 23.68750, 23.31250, 23.93750, 23.50000, 1.33612, 0.03546, 2.50220, 1.17897, 3.05824, 3.21216, 0.00000, 3.05179, 3.00828, 2.69883, 2.55861, 21.72771
1728401792, 28807177, 0xDDDD, 0289, 27.03297, 1.22249, 23.68750, 23.31250, 24.00000, 23.50000, 1.33531, 0.04916, 2.50220, 1.18220, 3.00747, 3.19363, 0.00000, 3.04938, 3.00828, 2.70044, 2.55941, 21.72771
1728401792, 28907200, 0xDDDD, 0290, 27.43590, 1.22249, 23.68750, 23.31250, 24.00000, 23.50000, 1.33612, 0.03788, 2.50139, 1.18542, 3.03487, 3.19201, 0.00000, 3.04777, 3.00908, 2.69963, 2.56103, 21.72771
1728401792, 29007175, 0xDDDD, 0291, 27.03297, 1.22249, 23.68750, 23.31250, 23.93750, 23.50000, 1.33451, 0.04432, 2.50220, 1.19026, 3.06549, 3.19685, 0.00000, 3.05179, 3.00828, 2.70044, 2.55941, 21.72771
1728401792, 29107167, 0xDDDD, 0292, 27.43590, 1.22168, 23.68750, 23.31250, 23.93750, 23.50000, 1.33531, 0.04271, 2.50220, 1.19429, 3.01231, 3.20330, 0.00000, 3.05260, 3.00828, 2.69963, 2.56747, 21.72771
1728401792, 29207179, 0xDDDD, 0293, 27.43590, 1.22249, 23.68750, 23.31250, 23.93750, 23.50000, 1.33531, 0.03626, 2.50220, 1.19751, 3.03890, 3.20813, 0.00000, 3.05179, 3.00828, 2.70044, 2.52879, 21.72771
1728401792, 29307164, 0xDDDD, 0294, 27.03297, 1.22249, 23.68750, 23.31250, 23.93750, 23.50000, 1.33531, 0.03546, 2.50220, 1.20396, 3.06469, 3.21377, 0.00000, 3.05260, 3.00828, 2.69883, 2.55700, 21.72771
1728401792, 29407175, 0xDDDD, 0295, 27.43590, 1.22249, 23.68750, 23.31250, 23.93750, 23.50000, 1.33531, 0.03546, 2.50220, 1.17656, 3.05744, 3.19363, 0.00000, 3.05179, 3.00828, 2.70044, 2.55941, 21.72771
1728401792, 29507181, 0xDDDD, 0296, 27.43590, 1.22168, 23.75000, 23.31250, 23.87500, 23.50000, 1.33531, 0.04190, 2.50220, 1.17897, 3.00344, 3.19282, 0.00000, 3.05099, 3.00828, 2.70044, 2.56022, 21.72771
1728401792, 29607177, 0xDDDD, 0297, 27.43590, 1.22168, 23.75000, 23.31250, 23.87500, 23.50000, 1.33531, 0.03707, 2.50220, 1.19751, 3.03004, 3.19685, 0.00000, 3.05260, 3.00828, 2.69883, 2.56103, 21.72771
1728401793, 29707202, 0xDDDD, 0298, 27.83883, 1.22249, 23.75000, 23.31250, 24.00000, 23.50000, 1.33531, 0.03626, 2.50220, 1.17978, 3.05421, 3.20168, 0.00000, 3.05099, 3.00828, 2.70125, 2.56425, 21.72771
1728401793, 29807183, 0xDDDD, 0299, 27.03297, 1.22249, 23.68750, 23.31250, 24.00000, 23.50000, 1.33612, 0.03788, 2.50139, 1.17495, 3.09370, 3.20652, 0.00000, 3.05179, 3.00747, 2.69883, 2.56908, 21.54863
1728401793, 29907175, 0xDDDD, 0300, 27.43590, 1.22249, 23.68750, 23.31250, 24.00000, 23.50000, 1.33531, 0.03626, 2.50220, 1.17575, 3.03084, 3.18718, 0.00000, 3.04696, 3.00828, 2.69963, 2.53846, 21.72771
1728401793, 30007165, 0xDDDD, 0301, 27.03297, 1.22249, 23.75000, 23.31250, 23.93750, 23.50000, 1.33531, 0.04029, 2.50220, 1.17736, 3.02278, 3.19201, 0.00000, 3.05099, 3.00828, 2.70125, 2.56183, 21.72771
1728401793, 30107174, 0xDDDD, 0302, 27.43590, 1.22249, 23.75000, 23.31250, 23.93750, 23.43750, 1.33531, 0.04029, 2.50220, 1.17897, 3.05179, 3.18960, 0.00000, 3.05099, 3.00908, 2.70044, 2.56022, 21.72771
1728401793, 30207185, 0xDDDD, 0303, 26.63004, 1.22249, 23.75000, 23.31250, 23.93750, 23.43750, 1.33531, 0.04271, 2.50220, 1.18059, 3.08081, 3.19524, 0.00000, 3.04777, 3.00747, 2.69963, 2.56022, 21.72771
1728401793, 30307183, 0xDDDD, 0304, 27.43590, 1.22168, 23.68750, 23.31250, 23.93750, 23.50000, 1.33531, 0.03385, 2.50220, 1.19912, 3.02520, 3.19846, 0.00000, 3.05099, 3.00828, 2.69963, 2.56183, 21.90678
1728401793, 30407166, 0xDDDD, 0305, 27.43590, 1.22249, 23.68750, 23.31250, 23.93750, 23.50000, 1.33531, 0.04110, 2.50220, 1.19832, 3.05018, 3.20249, 0.00000, 3.05018, 3.00828, 2.70044, 2.53443, 21.72771
1728401793, 30507200, 0xDDDD, 0306, 27.43590, 1.22249, 23.75000, 23.31250, 23.93750, 23.50000, 1.33531, 0.03626, 2.50220, 1.19993, 3.07678, 3.20571, 0.00000, 3.05260, 3.00828, 2.69963, 2.57311, 21.72771
1728401793, 30607180, 0xDDDD, 0307, 27.03297, 1.22249, 23.75000, 23.31250, 23.93750, 23.50000, 1.33531, 0.04110, 2.50139, 1.20154, 3.07033, 3.20974, 0.00000, 3.05018, 3.00828, 2.70044, 2.56264, 21.72771
1728401794, 30707168, 0xDDDD, 0308, 27.43590, 1.22168, 23.68750, 23.31250, 23.93750, 23.50000, 1.33531, 0.04674, 2.50220, 1.19751, 3.01311, 3.20894, 0.00000, 3.04857, 3.00828, 2.70044, 2.56183, 21.72771
1728401794, 30807184, 0xDDDD, 0309, 27.03297, 1.22249, 23.68750, 23.31250, 23.93750, 23.50000, 1.33531, 0.04513, 2.50220, 1.19912, 3.03890, 3.18960, 0.00000, 3.05018, 3.00828, 2.70044, 2.55941, 21.72771
1728401794, 30907172, 0xDDDD, 0310, 27.43590, 1.22249, 23.68750, 23.31250, 23.93750, 23.50000, 1.33531, 0.04110, 2.50220, 1.19832, 3.06227, 3.19363, 0.00081, 3.05260, 3.00747, 2.70044, 2.56022, 21.72771
1728401794, 31007175, 0xDDDD, 0311, 27.03297, 1.22168, 23.75000, 23.31250, 23.93750, 23.50000, 1.33451, 0.03788, 2.50139, 1.19832, 3.00747, 3.19766, 0.00000, 3.04696, 3.00828, 2.69963, 2.63194, 21.90678
1728401794, 31107191, 0xDDDD, 0312, 27.43590, 1.22249, 23.75000, 23.31250, 23.93750, 23.50000, 1.33531, 0.03626, 2.50220, 1.19912, 3.03245, 3.20088, 0.00000, 3.05099, 3.00747, 2.70044, 2.56344, 21.90678
1728401794, 31207173, 0xDDDD, 0313, 27.03297, 1.22249, 23.68750, 23.31250, 23.93750, 23.50000, 1.33531, 0.04352, 2.50220, 1.18945, 3.05985, 3.20571, 0.00000, 3.05341, 3.00828, 2.69963, 2.56264, 21.90678
1728401794, 31307174, 0xDDDD, 0314, 27.03297, 1.22249, 23.68750, 23.31250, 23.93750, 23.50000, 1.33531, 0.03626, 2.50059, 1.18784, 3.04777, 3.21136, 0.00000, 3.05179, 3.00747, 2.70205, 2.56183, 21.72771
1728401794, 31407184, 0xDDDD, 0315, 27.03297, 1.22249, 23.68750, 23.31250, 24.00000, 23.50000, 1.33531, 0.04029, 2.50220, 1.18703, 3.07275, 3.20733, 0.00000, 3.05099, 3.00828, 2.70044, 2.55941, 22.26494
1728401794, 31507164, 0xDDDD, 0316, 27.03297, 1.22168, 23.75000, 23.31250, 24.00000, 23.50000, 1.33531, 0.04029, 2.50220, 1.18703, 3.01311, 3.21136, 0.00000, 3.05099, 3.00747, 2.69963, 2.55941, 21.90678
1728401794, 31607188, 0xDDDD, 0317, 27.43590, 1.22249, 23.75000, 23.31250, 24.00000, 23.50000, 1.33531, 0.03626, 2.50139, 1.18623, 3.03890, 3.19201, 0.00000, 3.05018, 3.00747, 2.70044, 2.56183, 21.72771
1728401795, 31707179, 0xDDDD, 0318, 27.43590, 1.22168, 23.68750, 23.31250, 23.93750, 23.50000, 1.33531, 0.04029, 2.50220, 1.18623, 3.06388, 3.19685, 0.00000, 3.05179, 3.00828, 2.70205, 2.56667, 21.72771
1728401795, 31807166, 0xDDDD, 0319, 27.43590, 1.22249, 23.68750, 23.37500, 23.93750, 23.50000, 1.33531, 0.03626, 2.50220, 1.18462, 3.00747, 3.20088, 0.00000, 3.04938, 3.00747, 2.69963, 2.60857, 21.72771
1728401795, 31907188, 0xDDDD, 0320, 27.03297, 1.22249, 23.68750, 23.37500, 23.93750, 23.50000, 1.33531, 0.03546, 2.50139, 1.17495, 3.07516, 3.20491, 0.00000, 3.05018, 3.00747, 2.69963, 2.56183, 21.72771
1728401795, 32007182, 0xDDDD, 0321, 27.03297, 1.22249, 23.75000, 23.37500, 23.93750, 23.50000, 1.33531, 0.03465, 2.50220, 1.17575, 3.01956, 3.20168, 0.00000, 3.05260, 3.00828, 2.69963, 2.56425, 21.72771
1728401795, 32107186, 0xDDDD, 0322, 27.43590, 1.22330, 23.75000, 23.37500, 24.00000, 23.50000, 1.33692, 0.03707, 2.50220, 1.19751, 3.03810, 3.20491, 0.00000, 3.05341, 3.00908, 2.69963, 2.56264, 21.72771
1728401795, 32207164, 0xDDDD, 0323, 27.03297, 1.22249, 23.75000, 23.37500, 24.00000, 23.50000, 1.33531, 0.04432, 2.50220, 1.19509, 3.05905, 3.20894, 0.00000, 3.05018, 3.00828, 2.69883, 2.55861, 21.72771
1728401795, 32307164, 0xDDDD, 0324, 27.43590, 1.22249, 23.75000, 23.37500, 24.00000, 23.50000, 1.33531, 0.03304, 2.50220, 1.19267, 3.08161, 3.18960, 0.00000, 3.04938, 3.00828, 2.69883, 2.53201, 21.54863
1728401795, 32407177, 0xDDDD, 0325, 27.43590, 1.22168, 23.75000, 23.37500, 24.00000, 23.50000, 1.33531, 0.03949, 2.50220, 1.19106, 3.02520, 3.19282, 0.00000, 3.05179, 3.00828, 2.70044, 2.64242, 21.36955
1728401795, 32507174, 0xDDDD, 0326, 27.43590, 1.22249, 23.75000, 23.31250, 24.00000, 23.50000, 1.33531, 0.04110, 2.50220, 1.18864, 3.01150, 3.19604, 0.00000, 3.04777, 3.00828, 2.69963, 2.56103, 21.72771
1728401795, 32607186, 0xDDDD, 0327, 27.03297, 1.22249, 23.75000, 23.31250, 23.93750, 23.50000, 1.33531, 0.03546, 2.50220, 1.18623, 3.03326, 3.19282, 0.00000, 3.04938, 3.00747, 2.69963, 2.56022, 21.72771
1728401796, 32707200, 0xDDDD, 0328, 27.43590, 1.22249, 23.75000, 23.31250, 23.93750, 23.50000, 1.33612, 0.04432, 2.50220, 1.17575, 3.05421, 3.19766, 0.00000, 3.05099, 3.00828, 2.70044, 2.55941, 21.72771
1728401796, 32807179, 0xDDDD, 0329, 27.43590, 1.22249, 23.75000, 23.31250, 23.93750, 23.50000, 1.31919, 0.03465, 2.50220, 1.19993, 3.07678, 3.20168, 0.00000, 3.05099, 3.00828, 2.69963, 2.56505, 21.72771
1728401796, 32907169, 0xDDDD, 0330, 27.03297, 1.22168, 23.75000, 23.31250, 24.00000, 23.50000, 1.33612, 0.03949, 2.50220, 1.19751, 3.01795, 3.20571, 0.00000, 3.05179, 3.00828, 2.70044, 2.58440, 21.72771
1728401796, 33007193, 0xDDDD, 0331, 27.03297, 1.22249, 23.75000, 23.31250, 24.00000, 23.50000, 1.33612, 0.03626, 2.50220, 1.19509, 3.03729, 3.21136, 0.00000, 3.05018, 3.00747, 2.70044, 2.58762, 21.72771
1728401796, 33107163, 0xDDDD, 0332, 27.03297, 1.22249, 23.75000, 23.31250, 24.00000, 23.50000, 1.33531, 0.03626, 2.50300, 1.19267, 3.05824, 3.19121, 0.00000, 3.05099, 3.00828, 2.70125, 2.55941, 21.72771
1728401796, 33207183, 0xDDDD, 0333, 27.03297, 1.22249, 23.75000, 23.31250, 24.00000, 23.50000, 1.33531, 0.03949, 2.50220, 1.19026, 3.04374, 3.19443, 0.00000, 3.05018, 3.00828, 2.70044, 2.56103, 21.72771
1728401796, 33307174, 0xDDDD, 0334, 27.43590, 1.22168, 23.75000, 23.31250, 24.00000, 23.50000, 1.33853, 0.04029, 2.50220, 1.18784, 3.06308, 3.19282, 0.00000, 3.05260, 3.00828, 2.70205, 2.56022, 22.26494
1728401796, 33407172, 0xDDDD, 0335, 27.03297, 1.22249, 23.75000, 23.31250, 24.00000, 23.50000, 1.33531, 0.03788, 2.50220, 1.18300, 3.00344, 3.19685, 0.00000, 3.05179, 3.00828, 2.69963, 2.56183, 21.54863
1728401796, 33507176, 0xDDDD, 0336, 27.43590, 1.22249, 23.75000, 23.31250, 24.00000, 23.50000, 1.33370, 0.04513, 2.50220, 1.19670, 3.02198, 3.20168, 0.00000, 3.05099, 3.00747, 2.70044, 2.55861, 21.72771
1728401796, 33607193, 0xDDDD, 0337, 27.03297, 1.22249, 23.75000, 23.31250, 23.93750, 23.50000, 1.33612, 0.03626, 2.50220, 1.19267, 3.04132, 3.20652, 0.00000, 3.05179, 3.00828, 2.69963, 2.56908, 21.72771
1728401797, 33707175, 0xDDDD, 0338, 27.03297, 1.22249, 23.75000, 23.37500, 23.93750, 23.50000, 1.33531, 0.04110, 2.50220, 1.18945, 3.05744, 3.20894, 0.00000, 3.05179, 3.00828, 2.69963, 2.56264, 21.72771
1728401797, 33807170, 0xDDDD, 0339, 27.43590, 1.22249, 23.75000, 23.37500, 24.00000, 23.50000, 1.33612, 0.03868, 2.50139, 1.18542, 3.04051, 3.18879, 0.00000, 3.05099, 3.00828, 2.69963, 2.55941, 21.72771
1728401797, 33907178, 0xDDDD, 0340, 27.03297, 1.22168, 23.75000, 23.37500, 24.00000, 23.50000, 1.33531, 0.04110, 2.50220, 1.18139, 3.06147, 3.21136, 0.00000, 3.05179, 3.00828, 2.70044, 2.56022, 21.72771
1728401797, 34007187, 0xDDDD, 0341, 27.03297, 1.22249, 23.75000, 23.37500, 24.00000, 23.50000, 1.33531, 0.03385, 2.50220, 1.17575, 3.08081, 3.18960, 0.00000, 3.05099, 3.00828, 2.69963, 2.55941, 21.72771
1728401797, 34107181, 0xDDDD, 0342, 27.03297, 1.22249, 23.81250, 23.37500, 23.93750, 23.50000, 1.33531, 0.04110, 2.50220, 1.19670, 3.01875, 3.19363, 0.00000, 3.05260, 3.00828, 2.70125, 2.55941, 21.72771
1728401797, 34207175, 0xDDDD, 0343, 27.03297, 1.22249, 23.81250, 23.31250, 23.93750, 23.50000, 1.33531, 0.04190, 2.50139, 1.18381, 3.03487, 3.19685, 0.00000, 3.05179, 3.00828, 2.69963, 2.46916, 21.90678
1728401797, 34307177, 0xDDDD, 0344, 27.03297, 1.22249, 23.81250, 23.31250, 24.00000, 23.50000, 1.33531, 0.03788, 2.50220, 1.17736, 3.05663, 3.20088, 0.00000, 3.05179, 3.00828, 2.69883, 2.55861, 21.72771
1728401797, 34407188, 0xDDDD, 0345, 27.03297, 1.22249, 23.75000, 23.31250, 24.00000, 23.50000, 1.33531, 0.03707, 2.50220, 1.19751, 3.03729, 3.20410, 0.00000, 3.05179, 3.00828, 2.69883, 2.56103, 21.72771
1728401797, 34507184, 0xDDDD, 0346, 27.43590, 1.22249, 23.75000, 23.31250, 24.00000, 23.50000, 1.33531, 0.03788, 2.50220, 1.19267, 3.05582, 3.20168, 0.00000, 3.04777, 3.00828, 2.69963, 2.56264, 21.54863
1728401797, 34607173, 0xDDDD, 0347, 27.03297, 1.22249, 23.75000, 23.31250, 24.00000, 23.50000, 1.33451, 0.03465, 2.50139, 1.18703, 3.07275, 3.20410, 0.00000, 3.04938, 3.00828, 2.69963, 2.56425, 21.72771
1728401798, 34707173, 0xDDDD, 0348, 26.63004, 1.22249, 23.75000, 23.31250, 24.00000, 23.50000, 1.33531, 0.04110, 2.50220, 1.18220, 3.00828, 3.20813, 0.00000, 3.05179, 3.00747, 2.70125, 2.56022, 21.72771
1728401798, 34807164, 0xDDDD, 0349, 27.03297, 1.22249, 23.75000, 23.31250, 24.00000, 23.50000, 1.33531, 0.03626, 2.50220, 1.17736, 3.02601, 3.18799, 0.00000, 3.05179, 3.00828, 2.70125, 2.56344, 21.72771
1728401798, 34907174, 0xDDDD, 0350, 27.43590, 1.22249, 23.81250, 23.31250, 24.00000, 23.50000, 1.33451, 0.04593, 2.50220, 1.19751, 3.04051, 3.19363, 0.00000, 3.05099, 3.00828, 2.70125, 2.55941, 21.72771
1728401798, 35007176, 0xDDDD, 0351, 26.63004, 1.22249, 23.81250, 23.31250, 24.00000, 23.50000, 1.33531, 0.03546, 2.50139, 1.18462, 3.02198, 3.19766, 0.00000, 3.05179, 3.00828, 2.70044, 2.56183, 21.90678
1728401798, 35107176, 0xDDDD, 0352, 27.43590, 1.22249, 23.75000, 23.31250, 24.00000, 23.50000, 1.33612, 0.03788, 2.50220, 1.17978, 3.03487, 3.20168, 0.00000, 3.05179, 3.00828, 2.70044, 2.56103, 21.72771
1728401798, 35207186, 0xDDDD, 0353, 27.43590, 1.22249, 23.75000, 23.31250, 24.00000, 23.50000, 1.33612, 0.04432, 2.50220, 1.17414, 3.04938, 3.19927, 0.00000, 3.05260, 3.00828, 2.69963, 2.56103, 21.72771
1728401798, 35307179, 0xDDDD, 0354, 27.03297, 1.22168, 23.81250, 23.31250, 24.00000, 23.50000, 1.33451, 0.03868, 2.50220, 1.19509, 3.06227, 3.20410, 0.00000, 3.05018, 3.00828, 2.70044, 2.55941, 21.72771
1728401798, 35407173, 0xDDDD, 0355, 27.03297, 1.22168, 23.81250, 23.31250, 24.00000, 23.50000, 1.33531, 0.03707, 2.50139, 1.18945, 3.07758, 3.20652, 0.00000, 3.05260, 3.00828, 2.70044, 2.55538, 21.72771
1728401798, 35507186, 0xDDDD, 0356, 27.43590, 1.22249, 23.81250, 23.31250, 23.93750, 23.50000, 1.33531, 0.03868, 2.50139, 1.18381, 3.00908, 3.21055, 0.00000, 3.04374, 3.00828, 2.70044, 2.53846, 21.72771
1728401798, 35607165, 0xDDDD, 0357, 27.43590, 1.22249, 23.81250, 23.31250, 23.93750, 23.50000, 1.33451, 0.04271, 2.50139, 1.17736, 3.02440, 3.19040, 0.00000, 3.05018, 3.00828, 2.70044, 2.56264, 21.72771
1728401799, 35707173, 0xDDDD, 0358, 27.03297, 1.22249, 23.81250, 23.31250, 23.93750, 23.50000, 1.33531, 0.05077, 2.50139, 1.19670, 3.08886, 3.19443, 0.00000, 3.05099, 3.00828, 2.70044, 2.56103, 21.72771
1728401799, 35807185, 0xDDDD, 0359, 27.03297, 1.22249, 23.75000, 23.31250, 24.00000, 23.50000, 1.33531, 0.03788, 2.50220, 1.19106, 3.01795, 3.19040, 0.00000, 3.04938, 3.00828, 2.69963, 2.56183, 21.72771
1728401799, 35907181, 0xDDDD, 0360, 27.03297, 1.22168, 23.75000, 23.31250, 24.00000, 23.50000, 1.33531, 0.03707, 2.50220, 1.17736, 3.02842, 3.19524, 0.00000, 3.05179, 3.00828, 2.70044, 2.56264, 21.72771
1728401799, 36007186, 0xDDDD, 0361, 27.03297, 1.22168, 23.75000, 23.31250, 24.00000, 23.50000, 1.33531, 0.03788, 2.50220, 1.19670, 3.04051, 3.19766, 0.00000, 3.05179, 3.00828, 2.70044, 2.56103, 21.72771
1728401799, 36107183, 0xDDDD, 0362, 27.03297, 1.22249, 23.75000, 23.31250, 24.00000, 23.56250, 1.33531, 0.03707, 2.50220, 1.18945, 3.05582, 3.20007, 0.00000, 3.04696, 3.00828, 2.69963, 2.55458, 21.72771
1728401799, 36207176, 0xDDDD, 0363, 27.03297, 1.22249, 23.75000, 23.31250, 24.00000, 23.56250, 1.33612, 0.03868, 2.50220, 1.18300, 3.06952, 3.20491, 0.00000, 3.05099, 3.00828, 2.69963, 2.58520, 21.90678
1728401799, 36307166, 0xDDDD, 0364, 27.03297, 1.22249, 23.75000, 23.31250, 24.00000, 23.56250, 1.33531, 0.04190, 2.50220, 1.17656, 3.04615, 3.20733, 0.00000, 3.05341, 3.00747, 2.69963, 2.56183, 21.72771
1728401799, 36407177, 0xDDDD, 0365, 27.43590, 1.22168, 23.75000, 23.37500, 24.00000, 23.56250, 1.33612, 0.03546, 2.50220, 1.19429, 3.05663, 3.20410, 0.00000, 3.05179, 3.00828, 2.70125, 2.56264, 21.72771
1728401799, 36507192, 0xDDDD, 0366, 27.03297, 1.22249, 23.75000, 23.37500, 24.00000, 23.56250, 1.33531, 0.03788, 2.50220, 1.18623, 3.07033, 3.20733, 0.00081, 3.04938, 3.00828, 2.69963, 2.56022, 21.90678
1728401799, 36607185, 0xDDDD, 0367, 27.03297, 1.22249, 23.81250, 23.31250, 24.00000, 23.50000, 1.33531, 0.03788, 2.50220, 1.19670, 3.08161, 3.21055, 0.00000, 3.04938, 3.00747, 2.69883, 2.55941, 21.90678
1728401800, 36707167, 0xDDDD, 0368, 27.43590, 1.22249, 23.81250, 23.31250, 24.00000, 23.50000, 1.33451, 0.04352, 2.50300, 1.18945, 3.01150, 3.18799, 0.00000, 3.05179, 3.00828, 2.70125, 2.51590, 21.72771
1728401800, 36807200, 0xDDDD, 0369, 27.43590, 1.22168, 23.81250, 23.31250, 24.00000, 23.50000, 1.33531, 0.03626, 2.50220, 1.18139, 3.02601, 3.19121, 0.00000, 3.05179, 3.00828, 2.70044, 2.55458, 21.90678
1728401800, 36907180, 0xDDDD, 0370, 27.03297, 1.22249, 23.81250, 23.31250, 24.00000, 23.50000, 1.33451, 0.03868, 2.50220, 1.19670, 3.08000, 3.19363, 0.00000, 3.04615, 3.00828, 2.69963, 2.56183, 21.54863
1728401800, 37007163, 0xDDDD, 0371, 27.03297, 1.22249, 23.81250, 23.31250, 24.00000, 23.50000, 1.33531, 0.04674, 2.50220, 1.19106, 3.01473, 3.19846, 0.00000, 3.04857, 3.00828, 2.69883, 2.55941, 21.90678
1728401800, 37107179, 0xDDDD, 0372, 27.43590, 1.22168, 23.81250, 23.31250, 24.00000, 23.50000, 1.32564, 0.04110, 2.50139, 1.18220, 3.02520, 3.19524, 0.00000, 3.05018, 3.00828, 2.70044, 2.56103, 21.90678
1728401800, 37207173, 0xDDDD, 0373, 27.43590, 1.22249, 23.81250, 23.31250, 24.00000, 23.50000, 1.33531, 0.03707, 2.50139, 1.17575, 3.03407, 3.19846, 0.00000, 3.04777, 3.00828, 2.70044, 2.56022, 21.72771
1728401800, 37307166, 0xDDDD, 0374, 27.43590, 1.22249, 23.81250, 23.31250, 24.00000, 23.50000, 1.33531, 0.03788, 2.50139, 1.19429, 3.04615, 3.20088, 0.00000, 3.05179, 3.00828, 2.70044, 2.58117, 21.90678
1728401800, 37407194, 0xDDDD, 0375, 27.43590, 1.22168, 23.81250, 23.31250, 24.00000, 23.50000, 1.33531, 0.03707, 2.50220, 1.17736, 3.05905, 3.20410, 0.00000, 3.05099, 3.00747, 2.69963, 2.55941, 21.90678
1728401800, 37507181, 0xDDDD, 0376, 27.03297, 1.22249, 23.81250, 23.31250, 24.00000, 23.50000, 1.33531, 0.03626, 2.50220, 1.19348, 3.07114, 3.20652, 0.00000, 3.04615, 3.00747, 2.69883, 2.55861, 21.54863
1728401800, 37607176, 0xDDDD, 0377, 27.03297, 1.22249, 23.81250, 23.31250, 24.00000, 23.50000, 1.33531, 0.03868, 2.50139, 1.18462, 3.04374, 3.20974, 0.00000, 3.05018, 3.00747, 2.70044, 2.56183, 21.90678
1728401801, 37707183, 0xDDDD, 0378, 27.43590, 1.22249, 23.81250, 23.31250, 24.00000, 23.50000, 1.33531, 0.03546, 2.50139, 1.17736, 3.05260, 3.20571, 0.00000, 3.04454, 3.00828, 2.70044, 2.56264, 21.90678
1728401801, 37807164, 0xDDDD, 0379, 27.43590, 1.22249, 23.81250, 23.31250, 24.00000, 23.50000, 1.33773, 0.03304, 2.50139, 1.19509, 3.06469, 3.20813, 0.00000, 3.05099, 3.00828, 2.69963, 2.56103, 21.90678
1728401801, 37907185, 0xDDDD, 0380, 27.03297, 1.22249, 23.81250, 23.31250, 24.00000, 23.50000, 1.33531, 0.03626, 2.50139, 1.18623, 3.07355, 3.21055, 0.00000, 3.05018, 3.00828, 2.70044, 2.56344, 21.90678
1728401801, 38007181, 0xDDDD, 0381, 27.43590, 1.22249, 23.87500, 23.37500, 24.00000, 23.50000, 1.33531, 0.03707, 2.50139, 1.17897, 3.08000, 3.18960, 0.00000, 3.04777, 3.00747, 2.69883, 2.54330, 21.90678
1728401801, 38107167, 0xDDDD, 0382, 27.03297, 1.22249, 23.87500, 23.37500, 24.00000, 23.50000, 1.33531, 0.03626, 2.50220, 1.19348, 3.01070, 3.19282, 0.00000, 3.05018, 3.00828, 2.70044, 2.58681, 21.72771
1728401801, 38207186, 0xDDDD, 0383, 27.03297, 1.22168, 23.81250, 23.37500, 24.00000, 23.50000, 1.33531, 0.03788, 2.50139, 1.17736, 3.06469, 3.19443, 0.00000, 3.05099, 3.00908, 2.70044, 2.56103, 21.90678
1728401801, 38307184, 0xDDDD, 0384, 27.43590, 1.22249, 23.81250, 23.37500, 24.00000, 23.50000, 1.33451, 0.03626, 2.50220, 1.19429, 3.07275, 3.19363, 0.00000, 3.05018, 3.00747, 2.70044, 2.56183, 21.90678
1728401801, 38407180, 0xDDDD, 0385, 27.03297, 1.22168, 23.81250, 23.37500, 24.06250, 23.50000, 1.33451, 0.04352, 2.50220, 1.18381, 3.08081, 3.19443, 0.00000, 3.04938, 3.00828, 2.70044, 2.55861, 21.90678
1728401801, 38507170, 0xDDDD, 0386, 27.03297, 1.22249, 23.87500, 23.37500, 24.06250, 23.50000, 1.33451, 0.04029, 2.50220, 1.17495, 3.00425, 3.19846, 0.00000, 3.05099, 3.00828, 2.69963, 2.55861, 21.90678
1728401801, 38607163, 0xDDDD, 0387, 27.03297, 1.22249, 23.87500, 23.37500, 24.00000, 23.50000, 1.33531, 0.03707, 2.50139, 1.19106, 3.01231, 3.20088, 0.00000, 3.05341, 3.00747, 2.70044, 2.55458, 21.54863
1728401802, 38707182, 0xDDDD, 0388, 27.43590, 1.22249, 23.81250, 23.37500, 24.00000, 23.50000, 1.33451, 0.04271, 2.50220, 1.18139, 3.01795, 3.20491, 0.00000, 3.04696, 3.00828, 2.70044, 2.63194, 21.90678
1728401802, 38807174, 0xDDDD, 0389, 27.43590, 1.22249, 23.81250, 23.37500, 24.00000, 23.50000, 1.33531, 0.03949, 2.50220, 1.19751, 3.07114, 3.20733, 0.00000, 3.05260, 3.00828, 2.70125, 2.56103, 21.72771
1728401802, 38907177, 0xDDDD, 0390, 27.03297, 1.22249, 23.81250, 23.37500, 24.00000, 23.50000, 1.33531, 0.03304, 2.50139, 1.17978, 3.07758, 3.20330, 0.00000, 3.05179, 3.00828, 2.69963, 2.56103, 21.90678
1728401802, 39007201, 0xDDDD, 0391, 27.43590, 1.22249, 23.81250, 23.31250, 24.00000, 23.50000, 1.33531, 0.04271, 2.50220, 1.19509, 3.08242, 3.20571, 0.00000, 3.05018, 3.00747, 2.70044, 2.56103, 21.90678
1728401802, 39107182, 0xDDDD, 0392, 27.03297, 1.22249, 23.81250, 23.31250, 24.00000, 23.50000, 1.28615, 0.03707, 2.50220, 1.18381, 3.01231, 3.20733, 0.00000, 3.04857, 3.00828, 2.69963, 2.56183, 21.90678
1728401802, 39207171, 0xDDDD, 0393, 27.03297, 1.22249, 23.81250, 23.31250, 24.00000, 23.50000, 1.33451, 0.04271, 2.50139, 1.19912, 3.01634, 3.20974, 0.00000, 3.04938, 3.00828, 2.69963, 2.60293, 21.90678
1728401802, 39307181, 0xDDDD, 0394, 27.03297, 1.22168, 23.81250, 23.31250, 24.00000, 23.50000, 1.33531, 0.04190, 2.50220, 1.18784, 3.02359, 3.18799, 0.00000, 3.05018, 3.00828, 2.70044, 2.55619, 21.90678
1728401802, 39407169, 0xDDDD, 0395, 27.03297, 1.22249, 23.81250, 23.31250, 24.00000, 23.50000, 1.33451, 0.04029, 2.50139, 1.17817, 3.02923, 3.18960, 0.00000, 3.05179, 3.00828, 2.69963, 2.56183, 21.90678
1728401802, 39507184, 0xDDDD, 0396, 27.43590, 1.22249, 23.75000, 23.31250, 24.00000, 23.50000, 1.33531, 0.03465, 2.50220, 1.19187, 3.08403, 3.19121, 0.00000, 3.05179, 3.00828, 2.70044, 2.56264, 21.72771
1728401802, 39607173, 0xDDDD, 0397, 27.03297, 1.22249, 23.75000, 23.31250, 24.06250, 23.50000, 1.33531, 0.04029, 2.50220, 1.17978, 3.00425, 3.21136, 0.00000, 3.05260, 3.00828, 2.69963, 2.55861, 22.44402
1728401803, 39707174, 0xDDDD, 0398, 27.43590, 1.22249, 23.81250, 23.37500, 24.06250, 23.50000, 1.33451, 0.04352, 2.50139, 1.19429, 3.01150, 3.18879, 0.00000, 3.05099, 3.00828, 2.69883, 2.55861, 21.90678
1728401803, 39807179, 0xDDDD, 0399, 27.03297, 1.22249, 23.81250, 23.37500, 24.00000, 23.50000, 1.33531, 0.03546, 2.50220, 1.17656, 3.01392, 3.19040, 0.00000, 3.05099, 3.00828, 2.70044, 2.56183, 21.90678
1728401803, 39907193, 0xDDDD, 0400, 27.43590, 1.22249, 23.81250, 23.37500, 24.00000, 23.50000, 1.33531, 0.03949, 2.50220, 1.18864, 3.01956, 3.19201, 0.00000, 3.05018, 3.00828, 2.69963, 2.56344, 21.90678
1728401803, 40007175, 0xDDDD, 0401, 27.43590, 1.22249, 23.81250, 23.37500, 24.00000, 23.50000, 1.33531, 0.03546, 2.50220, 1.17656, 3.02440, 3.19363, 0.00000, 3.05179, 3.00747, 2.70125, 2.55941, 21.90678
1728401803, 40107173, 0xDDDD, 0402, 27.03297, 1.22249, 23.81250, 23.37500, 24.06250, 23.50000, 1.33531, 0.03707, 2.50139, 1.19026, 3.07597, 3.19604, 0.00000, 3.05099, 3.00747, 2.69963, 2.55941, 21.90678
1728401803, 40207183, 0xDDDD, 0403, 27.43590, 1.22249, 23.81250, 23.37500, 24.06250, 23.50000, 1.33531, 0.03949, 2.50220, 1.17817, 3.08242, 3.19121, 0.00000, 3.05099, 3.00828, 2.69963, 2.56103, 21.90678
1728401803, 40307164, 0xDDDD, 0404, 27.03297, 1.22249, 23.81250, 23.37500, 24.06250, 23.50000, 1.34821, 0.03546, 2.50220, 1.19106, 3.00505, 3.19282, 0.00000, 3.05179, 3.00828, 2.69963, 2.56103, 21.72771
1728401803, 40407176, 0xDDDD, 0405, 27.03297, 1.22249, 23.81250, 23.37500, 24.06250, 23.50000, 1.33531, 0.04110, 2.50220, 1.17897, 3.00586, 3.19524, 0.00000, 3.04938, 3.00747, 2.70125, 2.56103, 21.90678
1728401803, 40507178, 0xDDDD, 0406, 27.43590, 1.22168, 23.81250, 23.37500, 24.06250, 23.50000, 1.33531, 0.04513, 2.50220, 1.18381, 3.00989, 3.19766, 0.00000, 3.05341, 3.00828, 2.69963, 2.60293, 21.90678
1728401803, 40607176, 0xDDDD, 0407, 27.43590, 1.22249, 23.81250, 23.37500, 24.00000, 23.50000, 1.33451, 0.03626, 2.50220, 1.19670, 3.01553, 3.19846, 0.00000, 3.05179, 3.00828, 2.70044, 2.46835, 21.90678
1728401804, 40707191, 0xDDDD, 0408, 26.63004, 1.22249, 23.81250, 23.31250, 24.00000, 23.50000, 1.33531, 0.03626, 2.50139, 1.18542, 3.06147, 3.20007, 0.00000, 3.04857, 3.00828, 2.69963, 2.55941, 21.90678
1728401804, 40807185, 0xDDDD, 0409, 27.03297, 1.22249, 23.81250, 23.31250, 24.00000, 23.50000, 1.33531, 0.03385, 2.50139, 1.19509, 3.06711, 3.19443, 0.00000, 3.05018, 3.00828, 2.70044, 2.56264, 21.90678
1728401804, 40907179, 0xDDDD, 0410, 27.43590, 1.22168, 23.87500, 23.31250, 24.00000, 23.50000, 1.33531, 0.03626, 2.50220, 1.18542, 3.07033, 3.19604, 0.00000, 3.05018, 3.00828, 2.69963, 2.56022, 21.90678
1728401804, 41007164, 0xDDDD, 0411, 27.43590, 1.22249, 23.87500, 23.31250, 24.00000, 23.50000, 1.33531, 0.04110, 2.50139, 1.19832, 3.07355, 3.19846, 0.00000, 3.04696, 3.00747, 2.70044, 2.56183, 21.90678
1728401804, 41107164, 0xDDDD, 0412, 27.43590, 1.22249, 23.87500, 23.31250, 24.00000, 23.50000, 1.33531, 0.03868, 2.50139, 1.18381, 3.07758, 3.20007, 0.00000, 3.05179, 3.00828, 2.70044, 2.56828, 21.90678
1728401804, 41207179, 0xDDDD, 0413, 27.03297, 1.22168, 23.81250, 23.31250, 24.00000, 23.56250, 1.33531, 0.03626, 2.50220, 1.19751, 3.08484, 3.20168, 0.00000, 3.05099, 3.00828, 2.69963, 2.55941, 21.90678
1728401804, 41307182, 0xDDDD, 0414, 27.03297, 1.22249, 23.81250, 23.31250, 24.06250, 23.56250, 1.33531, 0.03465, 2.50139, 1.17575, 3.04857, 3.20410, 0.00000, 3.05179, 3.00828, 2.70044, 2.55861, 21.90678
1728401804, 41407182, 0xDDDD, 0415, 27.43590, 1.22249, 23.87500, 23.37500, 24.06250, 23.50000, 1.33531, 0.03546, 2.50139, 1.18945, 3.05018, 3.20410, 0.00000, 3.05099, 3.00828, 2.70044, 2.56183, 21.90678
1728401804, 41507187, 0xDDDD, 0416, 27.03297, 1.22249, 23.87500, 23.37500, 24.06250, 23.50000, 1.33451, 0.03707, 2.50220, 1.17656, 3.05341, 3.20088, 0.00000, 3.05099, 3.00747, 2.70044, 2.55861, 21.01139
1728401804, 41607182, 0xDDDD, 0417, 27.03297, 1.22168, 23.87500, 23.37500, 24.06250, 23.50000, 1.33612, 0.04110, 2.50139, 1.18784, 3.05582, 3.20168, 0.00000, 3.04857, 3.00828, 2.70044, 2.56344, 21.90678
1728401805, 41707170, 0xDDDD, 0418, 27.43590, 1.22249, 23.87500, 23.37500, 24.06250, 23.50000, 1.33612, 0.03465, 2.50139, 1.17575, 3.06066, 3.20249, 0.00000, 3.05099, 3.00747, 2.69963, 2.55861, 21.90678
1728401805, 41807191, 0xDDDD, 0419, 27.03297, 1.22168, 23.87500, 23.37500, 24.06250, 23.50000, 1.33531, 0.03626, 2.50300, 1.18703, 3.06147, 3.20410, 0.00000, 3.05099, 3.00828, 2.70044, 2.59568, 21.90678
1728401805, 41907170, 0xDDDD, 0420, 27.03297, 1.22249, 23.87500, 23.37500, 24.06250, 23.50000, 1.33451, 0.03707, 2.50220, 1.19590, 3.06308, 3.20571, 0.00000, 3.04777, 3.00828, 2.69963, 2.56022, 21.90678
1728401805, 42007176, 0xDDDD, 0421, 27.03297, 1.22168, 23.87500, 23.37500, 24.06250, 23.50000, 1.33531, 0.03304, 2.50139, 1.18381, 3.02842, 3.20733, 0.00000, 3.04696, 3.00828, 2.70044, 2.56183, 21.90678
1728401805, 42107186, 0xDDDD, 0422, 27.03297, 1.22249, 23.87500, 23.37500, 24.06250, 23.50000, 1.33531, 0.02256, 2.50220, 1.18623, 3.02681, 3.20088, 0.00000, 3.05260, 3.00747, 2.69963, 2.56264, 21.90678
1728401805, 42207187, 0xDDDD, 0423, 27.43590, 1.22249, 23.87500, 23.37500, 24.06250, 23.50000, 1.33451, 0.04029, 2.50220, 1.20073, 3.03004, 3.20330, 0.00000, 3.05099, 3.00747, 2.70044, 2.56022, 21.90678
1728401805, 42307176, 0xDDDD, 0424, 27.43590, 1.22249, 23.87500, 23.37500, 24.06250, 23.50000, 1.33451, 0.04190, 2.50220, 1.18381, 3.02681, 3.20410, 0.00000, 3.05099, 3.00828, 2.69883, 2.56022, 21.90678
1728401805, 42407185, 0xDDDD, 0425, 27.03297, 1.22249, 23.87500, 23.31250, 24.06250, 23.50000, 1.33451, 0.04190, 2.50220, 1.19509, 3.03084, 3.20491, 0.00000, 3.05099, 3.00747, 2.70044, 2.55861, 21.90678
1728401805, 42507176, 0xDDDD, 0426, 27.03297, 1.22249, 23.87500, 23.31250, 24.00000, 23.50000, 1.33451, 0.04110, 2.50220, 1.18139, 3.02923, 3.20652, 0.00000, 3.05099, 3.00828, 2.70044, 2.57311, 21.90678
1728401805, 42607172, 0xDDDD, 0427, 27.03297, 1.22249, 23.81250, 23.37500, 24.00000, 23.50000, 1.33451, 0.03868, 2.50300, 1.19267, 3.07839, 3.20813, 0.00000, 3.05179, 3.00828, 2.70044, 2.56022, 21.72771
1728401806, 42707183, 0xDDDD, 0428, 27.43590, 1.22249, 23.81250, 23.37500, 24.06250, 23.50000, 1.33531, 0.03868, 2.50220, 1.17978, 3.07839, 3.20330, 0.00000, 3.05179, 3.00828, 2.69963, 2.56103, 21.90678
1728401806, 42807193, 0xDDDD, 0429, 27.43590, 1.22249, 23.81250, 23.37500, 24.06250, 23.50000, 1.33531, 0.03626, 2.50139, 1.19026, 3.07839, 3.20410, 0.00000, 3.05260, 3.00828, 2.69883, 2.56264, 21.90678
1728401806, 42907187, 0xDDDD, 0430, 27.03297, 1.22168, 23.87500, 23.37500, 24.06250, 23.56250, 1.33531, 0.03707, 2.50220, 1.19348, 3.07678, 3.20652, 0.00000, 3.04857, 3.00828, 2.69883, 2.56022, 21.90678
1728401806, 43007173, 0xDDDD, 0431, 27.03297, 1.22249, 23.87500, 23.37500, 24.12500, 23.56250, 1.33451, 0.03949, 2.50220, 1.17817, 3.07758, 3.20733, 0.00000, 3.05179, 3.00828, 2.69963, 2.52879, 21.90678
1728401806, 43107187, 0xDDDD, 0432, 27.03297, 1.22249, 23.87500, 23.37500, 24.12500, 23.50000, 1.33531, 0.04352, 2.50220, 1.18864, 3.07758, 3.20813, 0.00000, 3.05260, 3.00828, 2.69963, 2.56344, 21.90678
1728401806, 43207183, 0xDDDD, 0433, 27.03297, 1.22249, 23.87500, 23.37500, 24.06250, 23.50000, 1.33451, 0.04190, 2.50139, 1.17575, 3.04132, 3.20894, 0.00081, 3.05099, 3.00828, 2.69963, 2.56344, 21.90678
1728401806, 43307164, 0xDDDD, 0434, 27.43590, 1.22249, 23.81250, 23.37500, 24.06250, 23.50000, 1.33531, 0.03949, 2.50220, 1.18703, 3.03810, 3.20974, 0.00000, 3.05260, 3.00828, 2.69963, 2.55861, 21.90678
1728401806, 43407182, 0xDDDD, 0435, 27.03297, 1.22249, 23.81250, 23.37500, 24.06250, 23.50000, 1.33692, 0.04916, 2.50220, 1.19751, 3.03326, 3.20491, 0.00000, 3.05260, 3.00828, 2.69963, 2.56103, 21.90678
1728401806, 43507174, 0xDDDD, 0436, 27.43590, 1.22249, 23.81250, 23.37500, 24.06250, 23.50000, 1.33209, 0.04190, 2.50220, 1.18300, 3.02923, 3.20652, 0.00000, 3.05179, 3.00747, 2.69963, 2.55780, 21.90678
1728401806, 43607166, 0xDDDD, 0437, 27.03297, 1.22249, 23.87500, 23.31250, 24.06250, 23.56250, 1.33531, 0.04029, 2.50220, 1.19348, 3.02842, 3.20733, 0.00000, 3.05179, 3.00828, 2.70044, 2.53363, 22.08586
1728401807, 43707195, 0xDDDD, 0438, 27.43590, 1.22249, 23.87500, 23.31250, 24.06250, 23.56250, 1.33531, 0.03868, 2.50139, 1.19670, 3.02520, 3.20813, 0.00000, 3.04777, 3.00747, 2.70044, 2.59407, 21.90678
1728401807, 43807181, 0xDDDD, 0439, 27.43590, 1.22168, 23.87500, 23.37500, 24.06250, 23.50000, 1.33612, 0.03707, 2.50220, 1.18059, 3.02037, 3.20813, 0.00000, 3.05099, 3.00828, 2.69963, 2.55861, 21.90678
1728401807, 43907183, 0xDDDD, 0440, 27.03297, 1.22249, 23.87500, 23.37500, 24.12500, 23.50000, 1.33531, 0.04755, 2.50220, 1.19026, 3.06147, 3.20894, 0.00000, 3.05099, 3.00828, 2.69963, 2.55780, 21.90678
1728401807, 44007173, 0xDDDD, 0441, 27.43590, 1.22249, 23.87500, 23.37500, 24.12500, 23.50000, 1.33531, 0.03868, 2.50220, 1.17495, 3.05985, 3.20410, 0.00000, 3.05179, 3.00828, 2.70044, 2.56103, 21.90678
1728401807, 44107165, 0xDDDD, 0442, 27.03297, 1.22249, 23.87500, 23.31250, 24.12500, 23.56250, 1.34015, 0.04029, 2.50139, 1.18462, 3.05663, 3.20410, 0.00000, 3.05018, 3.00828, 2.70044, 2.56022, 21.90678
1728401807, 44207186, 0xDDDD, 0443, 27.03297, 1.22249, 23.87500, 23.31250, 24.12500, 23.56250, 1.33451, 0.04029, 2.50220, 1.19509, 3.05744, 3.20571, 0.00000, 3.05179, 3.00828, 2.70044, 2.55861, 21.90678
1728401807, 44307181, 0xDDDD, 0444, 27.43590, 1.22249, 23.87500, 23.37500, 24.12500, 23.50000, 1.33531, 0.03626, 2.50139, 1.17978, 3.05341, 3.20733, 0.00000, 3.04938, 3.00828, 2.69963, 2.55619, 21.90678
1728401807, 44407166, 0xDDDD, 0445, 26.63004, 1.22249, 23.87500, 23.37500, 24.06250, 23.50000, 1.33531, 0.03546, 2.50139, 1.18059, 3.05018, 3.20813, 0.00000, 3.05099, 3.00828, 2.70125, 2.54088, 21.90678
1728401807, 44507176, 0xDDDD, 0446, 27.43590, 1.22249, 23.93750, 23.37500, 24.06250, 23.56250, 1.33531, 0.03868, 2.50220, 1.18945, 3.00747, 3.20894, 0.00000, 3.05018, 3.00828, 2.70044, 2.56022, 21.90678
1728401807, 44607191, 0xDDDD, 0447, 27.43590, 1.22249, 23.93750, 23.37500, 24.06250, 23.56250, 1.33612, 0.04674, 2.50220, 1.19832, 3.08161, 3.20410, 0.00000, 3.05179, 3.00747, 2.69883, 2.55780, 21.90678
1728401808, 44707183, 0xDDDD, 0448, 27.43590, 1.22249, 23.93750, 23.37500, 24.06250, 23.56250, 1.33531, 0.04029, 2.50139, 1.18139, 3.07758, 3.20491, 0.00000, 3.04777, 3.00747, 2.69963, 2.56103, 21.90678
1728401808, 44807171, 0xDDDD, 0449, 27.03297, 1.22249, 23.87500, 23.37500, 24.06250, 23.56250, 1.33531, 0.03626, 2.50220, 1.19026, 3.07355, 3.20491, 0.00000, 3.04857, 3.00747, 2.70044, 2.56344, 21.90678
1728401808, 44907169, 0xDDDD, 0450, 27.03297, 1.22168, 23.87500, 23.37500, 24.06250, 23.56250, 1.33531, 0.04110, 2.50139, 1.18220, 3.06711, 3.20571, 0.00000, 3.05018, 3.00747, 2.69963, 2.56344, 21.90678
1728401808, 45007197, 0xDDDD, 0451, 27.43590, 1.22168, 23.87500, 23.37500, 24.06250, 23.56250, 1.33531, 0.03626, 2.50220, 1.18220, 3.06308, 3.20571, 0.00000, 3.05099, 3.00828, 2.69963, 2.55941, 21.90678
1728401808, 45107174, 0xDDDD, 0452, 27.43590, 1.22168, 23.87500, 23.37500, 24.12500, 23.56250, 1.33531, 0.03868, 2.50139, 1.19026, 3.02359, 3.20652, 0.00000, 3.05179, 3.00828, 2.69963, 2.55861, 21.90678
1728401808, 45207176, 0xDDDD, 0453, 27.43590, 1.22249, 23.87500, 23.37500, 24.12500, 23.56250, 1.33531, 0.03949, 2.50139, 1.19026, 3.01875, 3.20007, 0.00000, 3.05179, 3.00828, 2.69963, 2.55780, 21.90678
1728401808, 45307204, 0xDDDD, 0454, 27.03297, 1.22249, 23.87500, 23.37500, 24.12500, 23.50000, 1.33531, 0.03868, 2.50220, 1.20476, 3.01311, 3.20168, 0.00000, 3.05260, 3.00747, 2.70125, 2.55861, 21.90678
1728401808, 45407189, 0xDDDD, 0455, 27.03297, 1.22168, 23.87500, 23.37500, 24.12500, 23.50000, 1.33531, 0.03465, 2.50220, 1.18139, 3.00828, 3.20168, 0.00000, 3.05179, 3.00747, 2.69963, 2.56183, 21.90678
1728401808, 45507175, 0xDDDD, 0456, 27.43590, 1.22249, 23.87500, 23.37500, 24.12500, 23.50000, 1.33531, 0.03868, 2.50220, 1.18945, 3.08484, 3.20249, 0.00000, 3.05018, 3.00828, 2.70044, 2.51509, 21.90678
1728401808, 45607181, 0xDDDD, 0457, 27.43590, 1.22249, 23.87500, 23.37500, 24.12500, 23.50000, 1.33531, 0.04110, 2.50059, 1.19912, 3.07516, 3.20168, 0.00000, 3.05099, 3.00747, 2.70044, 2.56828, 21.90678
1728401809, 45707174, 0xDDDD, 0458, 27.03297, 1.22249, 23.87500, 23.37500, 24.12500, 23.50000, 1.33531, 0.04029, 2.50139, 1.18139, 3.06711, 3.20168, 0.00000, 3.04454, 3.00828, 2.69963, 2.56103, 21.90678
1728401809, 45807197, 0xDDDD, 0459, 27.03297, 1.22249, 23.87500, 23.37500, 24.12500, 23.56250, 1.33531, 0.03465, 2.50139, 1.19026, 3.02762, 3.20249, 0.00000, 3.05260, 3.00747, 2.69963, 2.56183, 21.90678
1728401809, 45907176, 0xDDDD, 0460, 27.03297, 1.22168, 23.87500, 23.37500, 24.12500, 23.56250, 1.32322, 0.03788, 2.50220, 1.19832, 3.01956, 3.19524, 0.00000, 3.05179, 3.00828, 2.69963, 2.56103, 22.44402
1728401809, 46007180, 0xDDDD, 0461, 27.43590, 1.22249, 23.87500, 23.31250, 24.12500, 23.56250, 1.33531, 0.03949, 2.50139, 1.18059, 3.01231, 3.19604, 0.00000, 3.05099, 3.00828, 2.69963, 2.56103, 21.90678
1728401809, 46107177, 0xDDDD, 0462, 27.43590, 1.22249, 23.87500, 23.31250, 24.06250, 23.56250, 1.33531, 0.03788, 2.50139, 1.18059, 3.00505, 3.19524, 0.00000, 3.05179, 3.00828, 2.70044, 2.56022, 21.90678
1728401809, 46207174, 0xDDDD, 0463, 27.43590, 1.22249, 23.87500, 23.31250, 24.06250, 23.56250, 1.33531, 0.03868, 2.50220, 1.18784, 3.08000, 3.19443, 0.00000, 3.04857, 3.00828, 2.69963, 2.61744, 21.90678
1728401809, 46307180, 0xDDDD, 0464, 27.43590, 1.22249, 23.87500, 23.31250, 24.06250, 23.56250, 1.33531, 0.03626, 2.50220, 1.19509, 3.07194, 3.19443, 0.00000, 3.04454, 3.00828, 2.70044, 2.56103, 21.90678
1728401809, 46407178, 0xDDDD, 0465, 27.43590, 1.22249, 23.87500, 23.31250, 24.06250, 23.56250, 1.33612, 0.03788, 2.50059, 1.17575, 3.02842, 3.19443, 0.00000, 3.05018, 3.00828, 2.70125, 2.55941, 21.54863
1728401809, 46507175, 0xDDDD, 0466, 27.03297, 1.22249, 23.87500, 23.31250, 24.06250, 23.56250, 1.33451, 0.04029, 2.50220, 1.18220, 3.01714, 3.18799, 0.00000, 3.05179, 3.00828, 2.69802, 2.55941, 21.90678
1728401809, 46607171, 0xDDDD, 0467, 27.43590, 1.22249, 23.87500, 23.31250, 24.12500, 23.56250, 1.33451, 0.04835, 2.50139, 1.18703, 3.00667, 3.18879, 0.00000, 3.04696, 3.00828, 2.69963, 2.55700, 21.90678
1728401810, 46707175, 0xDDDD, 0468, 27.43590, 1.22249, 23.93750, 23.37500, 24.12500, 23.56250, 1.33531, 0.03626, 2.50220, 1.19348, 3.08081, 3.18960, 0.00000, 3.05260, 3.00828, 2.70044, 2.56264, 21.90678
1728401810, 46807184, 0xDDDD, 0469, 27.03297, 1.22168, 23.93750, 23.37500, 24.06250, 23.56250, 1.33531, 0.04110, 2.50139, 1.19026, 3.06872, 3.19040, 0.00000, 3.05099, 3.00828, 2.69963, 2.59407, 22.08586
1728401810, 46907166, 0xDDDD, 0470, 27.03297, 1.22168, 23.93750, 23.37500, 24.06250, 23.56250, 1.33370, 0.04674, 2.50220, 1.19590, 3.05824, 3.18960, 0.00000, 3.05179, 3.00747, 2.69963, 2.59729, 21.90678
1728401810, 47007175, 0xDDDD, 0471, 27.43590, 1.22168, 23.93750, 23.37500, 24.12500, 23.56250, 1.33531, 0.03788, 2.50220, 1.17656, 3.01311, 3.18879, 0.00000, 3.05018, 3.00828, 2.70044, 2.56022, 21.90678
1728401810, 47107185, 0xDDDD, 0472, 27.43590, 1.22249, 23.93750, 23.37500, 24.12500, 23.56250, 1.33531, 0.03788, 2.50220, 1.18300, 3.00505, 3.20733, 0.00000, 3.05099, 3.00828, 2.70044, 2.56103, 21.90678
1728401810, 47207187, 0xDDDD, 0473, 27.43590, 1.22168, 23.93750, 23.37500, 24.12500, 23.50000, 1.33451, 0.04110, 2.50139, 1.18784, 3.07839, 3.20733, 0.00000, 3.04857, 3.00747, 2.69883, 2.56022, 21.90678
1728401810, 47307169, 0xDDDD, 0474, 28.24175, 1.22088, 23.93750, 23.37500, 24.06250, 23.50000, 1.35949, 0.04271, 2.50220, 1.19348, 3.05824, 3.20571, 0.00000, 3.05099, 3.00908, 2.70125, 2.56425, 22.44402
1728401810, 47407165, 0xDDDD, 0475, 27.43590, 1.22168, 23.93750, 23.37500, 24.06250, 23.50000, 1.33531, 0.04835, 2.50220, 1.17495, 3.03407, 3.20733, 0.00000, 3.05260, 3.00828, 2.69883, 2.56425, 21.90678
1728401810, 47507182, 0xDDDD, 0476, 27.43590, 1.22249, 23.87500, 23.37500, 24.12500, 23.50000, 1.33451, 0.03949, 2.50220, 1.18059, 3.02359, 3.20733, 0.00000, 3.05341, 3.00747, 2.70125, 2.56022, 21.90678
1728401810, 47607176, 0xDDDD, 0477, 27.43590, 1.22249, 23.87500, 23.37500, 24.12500, 23.50000, 1.33531, 0.03707, 2.50220, 1.17656, 3.05744, 3.20733, 0.00000, 3.05260, 3.00828, 2.70044, 2.56022, 21.90678
1728401811, 47707174, 0xDDDD, 0478, 27.43590, 1.22249, 23.87500, 23.37500, 24.12500, 23.56250, 1.33531, 0.05158, 2.50220, 1.18300, 3.04454, 3.20894, 0.00000, 3.05018, 3.00828, 2.70044, 2.56022, 21.90678
1728401811, 47807181, 0xDDDD, 0479, 28.24175, 1.22249, 23.87500, 23.37500, 24.18750, 23.56250, 1.33531, 0.03868, 2.50300, 1.19106, 3.02440, 3.20088, 0.00000, 3.05260, 3.00747, 2.70125, 2.56183, 21.01139
1728401811, 47907183, 0xDDDD, 0480, 27.43590, 1.22249, 23.93750, 23.37500, 24.18750, 23.50000, 1.33531, 0.04352, 2.50059, 1.19509, 3.08000, 3.20168, 0.00000, 3.05099, 3.00828, 2.69963, 2.55941, 22.08586
1728401811, 48007164, 0xDDDD, 0481, 27.43590, 1.22168, 23.93750, 23.37500, 24.12500, 23.50000, 1.33531, 0.04432, 2.50220, 1.17414, 3.06791, 3.20088, 0.00000, 3.05179, 3.00747, 2.69963, 2.55941, 21.90678
1728401811, 48107205, 0xDDDD, 0482, 27.83883, 1.22168, 23.93750, 23.37500, 24.12500, 23.50000, 1.33531, 0.04029, 2.50220, 1.17978, 3.05582, 3.20168, 0.00000, 3.05341, 3.00747, 2.69883, 2.58278, 21.90678
1728401811, 48207177, 0xDDDD, 0483, 27.43590, 1.22249, 23.87500, 23.37500, 24.12500, 23.56250, 1.33612, 0.03707, 2.50139, 1.18381, 3.04454, 3.20088, 0.00000, 3.05260, 3.00747, 2.70044, 2.56022, 21.72771
1728401811, 48307166, 0xDDDD, 0484, 26.63004, 1.22410, 23.87500, 23.37500, 24.12500, 23.56250, 1.33370, 0.04271, 2.50220, 1.18945, 3.06549, 3.20007, 0.00000, 3.04777, 3.00667, 2.70205, 2.56022, 22.08586
1728401811, 48407186, 0xDDDD, 0485, 27.43590, 1.22168, 23.93750, 23.31250, 24.12500, 23.50000, 1.33531, 0.03788, 2.50220, 1.18784, 3.04132, 3.19363, 0.00000, 3.05179, 3.00828, 2.69883, 2.56344, 21.90678
1728401811, 48507200, 0xDDDD, 0486, 27.43590, 1.22249, 23.93750, 23.31250, 24.12500, 23.50000, 1.33531, 0.03546, 2.50220, 1.19267, 3.03084, 3.19443, 0.00000, 3.05099, 3.00747, 2.70044, 2.56103, 21.90678
1728401811, 48607177, 0xDDDD, 0487, 27.03297, 1.22249, 23.93750, 23.31250, 24.12500, 23.56250, 1.33531, 0.03788, 2.50220, 1.19670, 3.01956, 3.19524, 0.00000, 3.05260, 3.00747, 2.70044, 2.55941, 21.90678
1728401812, 48707184, 0xDDDD, 0488, 27.03297, 1.22249, 23.87500, 23.37500, 24.12500, 23.56250, 1.33451, 0.04029, 2.50220, 1.17495, 3.00747, 3.19524, 0.00000, 3.05099, 3.00828, 2.69963, 2.55780, 21.90678
1728401812, 48807168, 0xDDDD, 0489, 26.22712, 1.22168, 23.87500, 23.37500, 24.12500, 23.56250, 1.33612, 0.03949, 2.50381, 1.17897, 3.06308, 3.19443, 0.00000, 3.05179, 3.00667, 2.69963, 2.55297, 22.26494
1728401812, 48907179, 0xDDDD, 0490, 27.43590, 1.22249, 23.93750, 23.37500, 24.12500, 23.50000, 1.33531, 0.03546, 2.50300, 1.18462, 3.07919, 3.19282, 0.00000, 3.05018, 3.00828, 2.69963, 2.55941, 21.90678
1728401812, 49007184, 0xDDDD, 0491, 27.03297, 1.22249, 23.93750, 23.37500, 24.12500, 23.50000, 1.33531, 0.04352, 2.50220, 1.18784, 3.06388, 3.20974, 0.00000, 3.05179, 3.00828, 2.69963, 2.56103, 21.90678
1728401812, 49107171, 0xDDDD, 0492, 27.43590, 1.22168, 23.93750, 23.37500, 24.12500, 23.56250, 1.33451, 0.03304, 2.50139, 1.19106, 3.04938, 3.20813, 0.00000, 3.05018, 3.00828, 2.69963, 2.55941, 21.90678
1728401812, 49207187, 0xDDDD, 0493, 27.03297, 1.22249, 23.93750, 23.37500, 24.12500, 23.56250, 1.33531, 0.03949, 2.50220, 1.18623, 3.03648, 3.20652, 0.00000, 3.04938, 3.00747, 2.70125, 2.56022, 21.90678
1728401812, 49307177, 0xDDDD, 0494, 26.63004, 1.22330, 23.93750, 23.37500, 24.12500, 23.56250, 1.33531, 0.04271, 2.50300, 1.19267, 3.01553, 3.20652, 0.00000, 3.04615, 3.00667, 2.70044, 2.55700, 22.08586
1728401812, 49407205, 0xDDDD, 0495, 27.43590, 1.22249, 23.87500, 23.37500, 24.06250, 23.56250, 1.33612, 0.03707, 2.50220, 1.19751, 3.06308, 3.20491, 0.00000, 3.05099, 3.00828, 2.70044, 2.56183, 21.90678
1728401812, 49507170, 0xDDDD, 0496, 27.03297, 1.22249, 23.87500, 23.37500, 24.06250, 23.56250, 1.33451, 0.04513, 2.50220, 1.19590, 3.00908, 3.20410, 0.00000, 3.05502, 3.00828, 2.70044, 2.56505, 21.90678
1728401812, 49607167, 0xDDDD, 0497, 27.43590, 1.22249, 23.93750, 23.37500, 24.06250, 23.56250, 1.33612, 0.03465, 2.50220, 1.17575, 3.07355, 3.20330, 0.00000, 3.05018, 3.00828, 2.70044, 2.56264, 21.90678
1728401813, 49707186, 0xDDDD, 0498, 27.43590, 1.22249, 23.93750, 23.37500, 24.12500, 23.56250, 1.33451, 0.04513, 2.50220, 1.17978, 3.05663, 3.19604, 0.00000, 3.05179, 3.00828, 2.70044, 2.56264, 21.90678
1728401813, 49807174, 0xDDDD, 0499, 27.43590, 1.22168, 23.93750, 23.37500, 24.12500, 23.56250, 1.33531, 0.03868, 2.50059, 1.18462, 3.03084, 3.19604, 0.00000, 3.04454, 3.00908, 2.70044, 2.56103, 22.44402
1728401813, 49907166, 0xDDDD, 0500, 27.03297, 1.22249, 23.93750, 23.37500, 24.12500, 23.50000, 1.33370, 0.03788, 2.50220, 1.18139, 3.08242, 3.19282, 0.00000, 3.05179, 3.00828, 2.70044, 2.55780, 21.90678
1728401813, 50007186, 0xDDDD, 0501, 27.43590, 1.22249, 23.93750, 23.37500, 24.12500, 23.50000, 1.33612, 0.03465, 2.50220, 1.18542, 3.06791, 3.19201, 0.00000, 3.04615, 3.00828, 2.70044, 2.53685, 21.90678
1728401813, 50107182, 0xDDDD, 0502, 27.43590, 1.22249, 23.93750, 23.37500, 24.12500, 23.56250, 1.33612, 0.04190, 2.50220, 1.18945, 3.05099, 3.18879, 0.00000, 3.05099, 3.00828, 2.70044, 2.56103, 21.90678
1728401813, 50207174, 0xDDDD, 0503, 27.03297, 1.22168, 23.93750, 23.37500, 24.12500, 23.56250, 1.33531, 0.03949, 2.50220, 1.19187, 3.08081, 3.18799, 0.00000, 3.05179, 3.00828, 2.70044, 2.56264, 21.90678
1728401813, 50307173, 0xDDDD, 0504, 27.03297, 1.22007, 23.93750, 23.37500, 24.12500, 23.56250, 1.33451, 0.04593, 2.50300, 1.19832, 3.05502, 3.20330, 0.00000, 3.04938, 3.00747, 2.70205, 2.56022, 22.44402
1728401813, 50407172, 0xDDDD, 0505, 27.03297, 1.22249, 23.93750, 23.37500, 24.12500, 23.56250, 1.33612, 0.03949, 2.50139, 1.17575, 3.02037, 3.20330, 0.00000, 3.05179, 3.00828, 2.70044, 2.56022, 21.90678
1728401813, 50507186, 0xDDDD, 0506, 27.43590, 1.22249, 23.93750, 23.37500, 24.12500, 23.56250, 1.33531, 0.03465, 2.50220, 1.17897, 3.00505, 3.20168, 0.00000, 3.05018, 3.00828, 2.69883, 2.56667, 21.90678
1728401813, 50607182, 0xDDDD, 0507, 27.43590, 1.22249, 23.93750, 23.37500, 24.12500, 23.56250, 1.33531, 0.04029, 2.50220, 1.18059, 3.07114, 3.20088, 0.00000, 3.05260, 3.00586, 2.69963, 2.55216, 21.90678
1728401814, 50707166, 0xDDDD, 0508, 27.03297, 1.22168, 23.93750, 23.37500, 24.12500, 23.56250, 1.33531, 0.04190, 2.50139, 1.17575, 3.05502, 3.19927, 0.00000, 3.05099, 3.00828, 2.69963, 2.52799, 21.90678
1728401814, 50807178, 0xDDDD, 0509, 27.03297, 1.22168, 23.93750, 23.37500, 24.12500, 23.56250, 1.33451, 0.03949, 2.49978, 1.17978, 3.07758, 3.19846, 0.00000, 3.05179, 3.00828, 2.70125, 2.56022, 21.90678
1728401814, 50907185, 0xDDDD, 0510, 27.03297, 1.22249, 23.93750, 23.37500, 24.12500, 23.56250, 1.33531, 0.01853, 2.50220, 1.18300, 3.04454, 3.18879, 0.00000, 3.05018, 3.00828, 2.69963, 2.56103, 22.08586
1728401814, 51007178, 0xDDDD, 0511, 27.03297, 1.22168, 23.93750, 23.37500, 24.12500, 23.56250, 1.33451, 0.04271, 2.50220, 1.18623, 3.02681, 3.18799, 0.00000, 3.05099, 3.00747, 2.69963, 2.55861, 21.90678
1728401814, 51107178, 0xDDDD, 0512, 27.03297, 1.22249, 23.93750, 23.37500, 24.12500, 23.62500, 1.33531, 0.04110, 2.50139, 1.18784, 3.01150, 3.20974, 0.00000, 3.04938, 3.00747, 2.69963, 2.56022, 21.90678
1728401814, 51207173, 0xDDDD, 0513, 27.43590, 1.22249, 23.93750, 23.37500, 24.12500, 23.62500, 1.33451, 0.04271, 2.50220, 1.18864, 3.07516, 3.20974, 0.00000, 3.05099, 3.00747, 2.69963, 2.55700, 21.90678
1728401814, 51307186, 0xDDDD, 0514, 26.63004, 1.22330, 23.93750, 23.37500, 24.12500, 23.56250, 1.33531, 0.04593, 2.50139, 1.19106, 3.04535, 3.20894, 0.00081, 3.04938, 3.00828, 2.69883, 2.59729, 21.36955
1728401814, 51407176, 0xDDDD, 0515, 27.03297, 1.22249, 23.93750, 23.37500, 24.12500, 23.56250, 1.33531, 0.04029, 2.50139, 1.19348, 3.05824, 3.20733, 0.00000, 3.05179, 3.00828, 2.70044, 2.56103, 22.08586
1728401814, 51507184, 0xDDDD, 0516, 27.03297, 1.22168, 23.93750, 23.37500, 24.12500, 23.62500, 1.33451, 0.03788, 2.50220, 1.18623, 3.03648, 3.19927, 0.00000, 3.05018, 3.00828, 2.69963, 2.56586, 21.90678
1728401814, 51607189, 0xDDDD, 0517, 27.03297, 1.22249, 23.93750, 23.37500, 24.18750, 23.62500, 1.33612, 0.03626, 2.50220, 1.18703, 3.01875, 3.19846, 0.00081, 3.05179, 3.00828, 2.69963, 2.56264, 21.90678
1728401815, 51707201, 0xDDDD, 0518, 27.43590, 1.22249, 23.93750, 23.37500, 24.18750, 23.62500, 1.33451, 0.04352, 2.50220, 1.18784, 3.09853, 3.19604, 0.00000, 3.05099, 3.00828, 2.70044, 2.55941, 21.90678
1728401815, 51807174, 0xDDDD, 0519, 26.63004, 1.22410, 23.93750, 23.37500, 24.12500, 23.56250, 1.33370, 0.04190, 2.50300, 1.18945, 3.05985, 3.19524, 0.00000, 3.05099, 3.00667, 2.70125, 2.56103, 22.08586
1728401815, 51907183, 0xDDDD, 0520, 27.43590, 1.22249, 23.93750, 23.37500, 24.12500, 23.56250, 1.33531, 0.03868, 2.50220, 1.19267, 3.01956, 3.19201, 0.00000, 3.05179, 3.00908, 2.69963, 2.56425, 21.90678
1728401815, 52007180, 0xDDDD, 0521, 27.03297, 1.22168, 23.93750, 23.37500, 24.12500, 23.62500, 1.33531, 0.03546, 2.50220, 1.19187, 3.08484, 3.19121, 0.00000, 3.05099, 3.00828, 2.69963, 2.56183, 22.08586
1728401815, 52107171, 0xDDDD, 0522, 27.43590, 1.22249, 23.93750, 23.37500, 24.18750, 23.62500, 1.33451, 0.03868, 2.50220, 1.19267, 3.02842, 3.18960, 0.00000, 3.05179, 3.00828, 2.69963, 2.56103, 21.72771
1728401815, 52207182, 0xDDDD, 0523, 27.43590, 1.22249, 23.93750, 23.37500, 24.18750, 23.62500, 1.34095, 0.03546, 2.50220, 1.19267, 3.00667, 3.20571, 0.00000, 3.04615, 3.00828, 2.69963, 2.56505, 22.62310
1728401815, 52307183, 0xDDDD, 0524, 27.43590, 1.22249, 23.93750, 23.37500, 24.12500, 23.56250, 1.33451, 0.03949, 2.50220, 1.18381, 3.07033, 3.20330, 0.00000, 3.05179, 3.00828, 2.69963, 2.56183, 21.90678
1728401815, 52407183, 0xDDDD, 0525, 27.03297, 1.22249, 23.93750, 23.37500, 24.12500, 23.56250, 1.33451, 0.03546, 2.50220, 1.18381, 3.05018, 3.20168, 0.00000, 3.05260, 3.00828, 2.70044, 2.56022, 21.90678
1728401815, 52507175, 0xDDDD, 0526, 27.03297, 1.22249, 23.93750, 23.37500, 24.12500, 23.56250, 1.33531, 0.04190, 2.50220, 1.18220, 3.02923, 3.19927, 0.00000, 3.05179, 3.00828, 2.69883, 2.52718, 21.90678
1728401815, 52607180, 0xDDDD, 0527, 27.03297, 1.22249, 23.93750, 23.37500, 24.18750, 23.56250, 1.33531, 0.03868, 2.50139, 1.18300, 3.01150, 3.19604, 0.00000, 3.05099, 3.00828, 2.70044, 2.58681, 21.90678
1728401816, 52707180, 0xDDDD, 0528, 27.03297, 1.22249, 23.93750, 23.37500, 24.18750, 23.56250, 1.33531, 0.03546, 2.50139, 1.18381, 3.03407, 3.19524, 0.00000, 3.04615, 3.00747, 2.69883, 2.56264, 22.08586
1728401816, 52807178, 0xDDDD, 0529, 27.03297, 1.22249, 23.93750, 23.43750, 24.12500, 23.56250, 1.33612, 0.03949, 2.50139, 1.18381, 3.01311, 3.18799, 0.00000, 3.05099, 3.00828, 2.69883, 2.56022, 22.08586
1728401816, 52907173, 0xDDDD, 0530, 27.43590, 1.22249, 23.93750, 23.43750, 24.12500, 23.56250, 1.33451, 0.04513, 2.50220, 1.18381, 3.07516, 3.20974, 0.00000, 3.04938, 3.00747, 2.70044, 2.56183, 21.90678
1728401816, 53007174, 0xDDDD, 0531, 27.43590, 1.22249, 23.93750, 23.37500, 24.12500, 23.56250, 1.28212, 0.04352, 2.50220, 1.18381, 3.05341, 3.20894, 0.00000, 3.05179, 3.00828, 2.70044, 2.56022, 21.90678
1728401816, 53107176, 0xDDDD, 0532, 27.43590, 1.22249, 23.93750, 23.37500, 24.18750, 23.56250, 1.33531, 0.03626, 2.50220, 1.17495, 3.03245, 3.20571, 0.00000, 3.05260, 3.00828, 2.69883, 2.59971, 21.54863
1728401816, 53207168, 0xDDDD, 0533, 27.03297, 1.22249, 23.93750, 23.37500, 24.18750, 23.56250, 1.33531, 0.03546, 2.50220, 1.19912, 3.00989, 3.20410, 0.00000, 3.05018, 3.00747, 2.69963, 2.59245, 21.90678
1728401816, 53307175, 0xDDDD, 0534, 27.03297, 1.22168, 23.93750, 23.37500, 24.18750, 23.56250, 1.33531, 0.03707, 2.50220, 1.19670, 3.03326, 3.20249, 0.00000, 3.05099, 3.00828, 2.70044, 2.55941, 22.08586
1728401816, 53407189, 0xDDDD, 0535, 27.03297, 1.22249, 23.93750, 23.37500, 24.18750, 23.56250, 1.33612, 0.04352, 2.50220, 1.19590, 3.01392, 3.19443, 0.00000, 3.05018, 3.00828, 2.69963, 2.55861, 21.90678
1728401816, 53507186, 0xDDDD, 0536, 27.43590, 1.22249, 23.93750, 23.37500, 24.18750, 23.56250, 1.33612, 0.03626, 2.50139, 1.19348, 3.07516, 3.19121, 0.00000, 3.05179, 3.00747, 2.69963, 2.56103, 21.90678
1728401816, 53607175, 0xDDDD, 0537, 27.43590, 1.22249, 23.93750, 23.37500, 24.18750, 23.56250, 1.33289, 0.03949, 2.50300, 1.19187, 3.05260, 3.18960, 0.00000, 3.05179, 3.00828, 2.69963, 2.56022, 22.08586
1728401817, 53707172, 0xDDDD, 0538, 27.43590, 1.22249, 23.93750, 23.37500, 24.18750, 23.56250, 1.33531, 0.04110, 2.50220, 1.19106, 3.03245, 3.18879, 0.00000, 3.05018, 3.00828, 2.70125, 2.56505, 21.90678
1728401817, 53807185, 0xDDDD, 0539, 27.43590, 1.22249, 23.93750, 23.43750, 24.12500, 23.56250, 1.33451, 0.04190, 2.50220, 1.18784, 3.01150, 3.21136, 0.00000, 3.05179, 3.00908, 2.69963, 2.52718, 22.08586
1728401817, 53907177, 0xDDDD, 0540, 27.43590, 1.22249, 23.93750, 23.43750, 24.12500, 23.56250, 1.33531, 0.03868, 2.50220, 1.17736, 3.03407, 3.21055, 0.00000, 3.05018, 3.00828, 2.70205, 2.56103, 21.90678
1728401817, 54007181, 0xDDDD, 0541, 27.43590, 1.22249, 23.93750, 23.37500, 24.12500, 23.62500, 1.33451, 0.05641, 2.50220, 1.17495, 3.01231, 3.20894, 0.00000, 3.05260, 3.00908, 2.70044, 2.56103, 21.90678
1728401817, 54107169, 0xDDDD, 0542, 27.43590, 1.22168, 23.93750, 23.37500, 24.12500, 23.62500, 1.35465, 0.02498, 2.50220, 1.19751, 3.07275, 3.19846, 0.00000, 3.04938, 3.00828, 2.70044, 2.56344, 21.36955
1728401817, 54207184, 0xDDDD, 0543, 27.43590, 1.22249, 24.00000, 23.37500, 24.12500, 23.56250, 1.33451, 0.03868, 2.50300, 1.19509, 3.04857, 3.19685, 0.00000, 3.05260, 3.00828, 2.70044, 2.56022, 22.08586
1728401817, 54307163, 0xDDDD, 0544, 27.43590, 1.22249, 24.00000, 23.37500, 24.18750, 23.56250, 1.33531, 0.03949, 2.50139, 1.19106, 3.02520, 3.19282, 0.00000, 3.05179, 3.00828, 2.69883, 2.56264, 21.90678
1728401817, 54407192, 0xDDDD, 0545, 27.43590, 1.22249, 24.00000, 23.37500, 24.18750, 23.56250, 1.33531, 0.03707, 2.50220, 1.18864, 3.07919, 3.19121, 0.00000, 3.05099, 3.00828, 2.69963, 2.53121, 22.08586
1728401817, 54507174, 0xDDDD, 0546, 27.03297, 1.22249, 24.00000, 23.37500, 24.12500, 23.56250, 1.33451, 0.04432, 2.50139, 1.18623, 3.05985, 3.18879, 0.00000, 3.05099, 3.00828, 2.70044, 2.56264, 22.08586
1728401817, 54607166, 0xDDDD, 0547, 27.03297, 1.22168, 24.00000, 23.37500, 24.12500, 23.56250, 1.33531, 0.03788, 2.50139, 1.17495, 3.08161, 3.18637, 0.00000, 3.04696, 3.00828, 2.70125, 2.55941, 22.08586
1728401818, 54707180, 0xDDDD, 0548, 27.03297, 1.22249, 24.00000, 23.43750, 24.18750, 23.56250, 1.33451, 0.03626, 2.50220, 1.19832, 3.05744, 3.20249, 0.00000, 3.04938, 3.00828, 2.70044, 2.56022, 22.08586
1728401818, 54807180, 0xDDDD, 0549, 27.43590, 1.22168, 24.00000, 23.43750, 24.18750, 23.56250, 1.33531, 0.03788, 2.50139, 1.19509, 3.03487, 3.20007, 0.00000, 3.05179, 3.00828, 2.70044, 2.56103, 22.08586
1728401818, 54907184, 0xDDDD, 0550, 27.43590, 1.22249, 24.00000, 23.43750, 24.18750, 23.56250, 1.33531, 0.04029, 2.50220, 1.19187, 3.00989, 3.19685, 0.00000, 3.05099, 3.00828, 2.69963, 2.56103, 22.08586
1728401818, 55007172, 0xDDDD, 0551, 27.43590, 1.22168, 23.93750, 23.37500, 24.18750, 23.56250, 1.33531, 0.03465, 2.50139, 1.18945, 3.06711, 3.19685, 0.00000, 3.05099, 3.00828, 2.69963, 2.48769, 21.90678
1728401818, 55107169, 0xDDDD, 0552, 27.03297, 1.22249, 23.93750, 23.37500, 24.18750, 23.56250, 1.33531, 0.03546, 2.50220, 1.18623, 3.04132, 3.19443, 0.00000, 3.04938, 3.00747, 2.70044, 2.56505, 22.08586
1728401818, 55207183, 0xDDDD, 0553, 27.03297, 1.22249, 23.93750, 23.37500, 24.12500, 23.56250, 1.33531, 0.03626, 2.50220, 1.18300, 3.06147, 3.19201, 0.00000, 3.05179, 3.00828, 2.70044, 2.55538, 21.90678
1728401818, 55307183, 0xDDDD, 0554, 27.03297, 1.22249, 23.93750, 23.37500, 24.12500, 23.56250, 1.33531, 0.03949, 2.50139, 1.17897, 3.03407, 3.20813, 0.00000, 3.04938, 3.00828, 2.70044, 2.56103, 22.08586
1728401818, 55407172, 0xDDDD, 0555, 27.03297, 1.22249, 24.00000, 23.37500, 24.12500, 23.56250, 1.33531, 0.03304, 2.50220, 1.17495, 3.00908, 3.20491, 0.00000, 3.05260, 3.00828, 2.69963, 2.56103, 22.08586
1728401818, 55507177, 0xDDDD, 0556, 27.03297, 1.22249, 24.00000, 23.37500, 24.18750, 23.56250, 1.33531, 0.03788, 2.50220, 1.18945, 3.06227, 3.20168, 0.00000, 3.04938, 3.00908, 2.69963, 2.56183, 22.08586
1728401818, 55607183, 0xDDDD, 0557, 27.43590, 1.22249, 24.00000, 23.37500, 24.18750, 23.62500, 1.33531, 0.03949, 2.50220, 1.18542, 3.03568, 3.20007, 0.00000, 3.05018, 3.00828, 2.69963, 2.52637, 22.08586
1728401819, 55707174, 0xDDDD, 0558, 27.43590, 1.22168, 24.00000, 23.43750, 24.18750, 23.62500, 1.33531, 0.04110, 2.50220, 1.18300, 3.00828, 3.19846, 0.00000, 3.05179, 3.00747, 2.69963, 2.57553, 22.08586
1728401819, 55807170, 0xDDDD, 0559, 27.43590, 1.22249, 24.00000, 23.43750, 24.18750, 23.62500, 1.33531, 0.03788, 2.50220, 1.17978, 3.02762, 3.19524, 0.00000, 3.05018, 3.00828, 2.69963, 2.56022, 22.08586
1728401819, 55907169, 0xDDDD, 0560, 27.43590, 1.22249, 24.00000, 23.43750, 24.12500, 23.56250, 1.33531, 0.03626, 2.50300, 1.17656, 3.08886, 3.19443, 0.00000, 3.05179, 3.00828, 2.69963, 2.55941, 22.08586
1728401819, 56007201, 0xDDDD, 0561, 27.43590, 1.22249, 24.00000, 23.43750, 24.12500, 23.56250, 1.33451, 0.04190, 2.50139, 1.17414, 3.05663, 3.20894, 0.00000, 3.05018, 3.00747, 2.69963, 2.56022, 21.90678
1728401819, 56107174, 0xDDDD, 0562, 26.63004, 1.22249, 24.00000, 23.43750, 24.12500, 23.56250, 1.33531, 0.03385, 2.50220, 1.19670, 3.02923, 3.20652, 0.00000, 3.05179, 3.00828, 2.69963, 2.56344, 22.08586
1728401819, 56207166, 0xDDDD, 0563, 27.43590, 1.22249, 23.93750, 23.37500, 24.18750, 23.56250, 1.33531, 0.03304, 2.50220, 1.18462, 3.08645, 3.20491, 0.00000, 3.05179, 3.00747, 2.70044, 2.54894, 22.08586
1728401819, 56307189, 0xDDDD, 0564, 27.43590, 1.22249, 23.93750, 23.37500, 24.18750, 23.56250, 1.33531, 0.03465, 2.50220, 1.18139, 3.05582, 3.20249, 0.00000, 3.05099, 3.00828, 2.69802, 2.52154, 22.08586
1728401819, 56407177, 0xDDDD, 0565, 27.43590, 1.22249, 24.00000, 23.37500, 24.18750, 23.56250, 1.33531, 0.04029, 2.50220, 1.17736, 3.02762, 3.19927, 0.00000, 3.05099, 3.00747, 2.70125, 2.56103, 22.08586
1728401819, 56507174, 0xDDDD, 0566, 27.03297, 1.22249, 24.00000, 23.37500, 24.18750, 23.56250, 1.33451, 0.03385, 2.50220, 1.19832, 3.04535, 3.19685, 0.00000, 3.05018, 3.00828, 2.69883, 2.56344, 22.08586
1728401819, 56607178, 0xDDDD, 0567, 27.03297, 1.22168, 24.00000, 23.37500, 24.18750, 23.56250, 1.33531, 0.04593, 2.50220, 1.19348, 3.01714, 3.21055, 0.00000, 3.05179, 3.00828, 2.69883, 2.55861, 22.08586
1728401820, 56707176, 0xDDDD, 0568, 27.43590, 1.22249, 24.00000, 23.37500, 24.12500, 23.56250, 1.33531, 0.03868, 2.50220, 1.18864, 3.06952, 3.20733, 0.00000, 3.05179, 3.00828, 2.70044, 2.56264, 22.08586
1728401820, 56807197, 0xDDDD, 0569, 27.43590, 1.22168, 24.00000, 23.37500, 24.12500, 23.56250, 1.33531, 0.03465, 2.50220, 1.18300, 3.04051, 3.20491, 0.00000, 3.05260, 3.00828, 2.70044, 2.56103, 22.08586
1728401820, 56907182, 0xDDDD, 0570, 27.03297, 1.22249, 24.00000, 23.37500, 24.18750, 23.56250, 1.33531, 0.03546, 2.50220, 1.17817, 3.00989, 3.20249, 0.00000, 3.05018, 3.00828, 2.69963, 2.56667, 21.90678
1728401820, 57007174, 0xDDDD, 0571, 27.03297, 1.22249, 24.00000, 23.37500, 24.18750, 23.56250, 1.33531, 0.03546, 2.50220, 1.18945, 3.06147, 3.20088, 0.00000, 3.05260, 3.00747, 2.69883, 2.52718, 22.08586
1728401820, 57107166, 0xDDDD, 0572, 27.03297, 1.22249, 24.00000, 23.43750, 24.12500, 23.56250, 1.33531, 0.03788, 2.50220, 1.18381, 3.07839, 3.19685, 0.00000, 3.04857, 3.00828, 2.69963, 2.56022, 22.08586
1728401820, 57207177, 0xDDDD, 0573, 27.43590, 1.22249, 24.00000, 23.43750, 24.12500, 23.56250, 1.33531, 0.04190, 2.50220, 1.17897, 3.04857, 3.21216, 0.00000, 3.05099, 3.00828, 2.69963, 2.56103, 22.08586
1728401820, 57307184, 0xDDDD, 0574, 27.43590, 1.22168, 24.00000, 23.43750, 24.12500, 23.56250, 1.33531, 0.03788, 2.50059, 1.17414, 3.01875, 3.20813, 0.00000, 3.04777, 3.00747, 2.70044, 2.56183, 21.90678
1728401820, 57407181, 0xDDDD, 0575, 27.03297, 1.22249, 24.00000, 23.43750, 24.18750, 23.56250, 1.33531, 0.03707, 2.50220, 1.19509, 3.07275, 3.20491, 0.00000, 3.05179, 3.00828, 2.69963, 2.55941, 22.08586
1728401820, 57507163, 0xDDDD, 0576, 27.43590, 1.22249, 24.00000, 23.43750, 24.18750, 23.56250, 1.33531, 0.03546, 2.50139, 1.18945, 3.04454, 3.20088, 0.00000, 3.05179, 3.00828, 2.70125, 2.55619, 22.08586
1728401820, 57607197, 0xDDDD, 0577, 27.43590, 1.22249, 24.00000, 23.37500, 24.18750, 23.56250, 1.33531, 0.04029, 2.50220, 1.18381, 3.01553, 3.19766, 0.00000, 3.05018, 3.00828, 2.70044, 2.55941, 22.08586
1728401821, 57707181, 0xDDDD, 0578, 27.03297, 1.22007, 24.00000, 23.37500, 24.18750, 23.56250, 1.33451, 0.04755, 2.50300, 1.17897, 3.02278, 3.19443, 0.00000, 3.04535, 3.00908, 2.69963, 2.56264, 22.44402
1728401821, 57807187, 0xDDDD, 0579, 27.43590, 1.22168, 24.00000, 23.37500, 24.18750, 23.50000, 1.33531, 0.04513, 2.50220, 1.19348, 3.05582, 3.20733, 0.00000, 3.04938, 3.00747, 2.69963, 2.56103, 22.08586
1728401821, 57907185, 0xDDDD, 0580, 27.43590, 1.22249, 24.00000, 23.37500, 24.18750, 23.50000, 1.33451, 0.05077, 2.50139, 1.18784, 3.02681, 3.20410, 0.00000, 3.05179, 3.00828, 2.70044, 2.55861, 22.08586
1728401821, 58007177, 0xDDDD, 0581, 27.43590, 1.22249, 24.00000, 23.37500, 24.18750, 23.50000, 1.33531, 0.04352, 2.50220, 1.18220, 3.07758, 3.20007, 0.00081, 3.05179, 3.00828, 2.70125, 2.55861, 22.08586
1728401821, 58107175, 0xDDDD, 0582, 27.03297, 1.22249, 24.00000, 23.37500, 24.18750, 23.56250, 1.33531, 0.03788, 2.50139, 1.17656, 3.04454, 3.19685, 0.00000, 3.05179, 3.00828, 2.70044, 2.56989, 22.08586
1728401821, 58207189, 0xDDDD, 0583, 27.03297, 1.22168, 24.00000, 23.37500, 24.18750, 23.56250, 1.33531, 0.03707, 2.50220, 1.19590, 3.01634, 3.19363, 0.00000, 3.05018, 3.00828, 2.69963, 2.56264, 22.08586
1728401821, 58307174, 0xDDDD, 0584, 27.03297, 1.22249, 24.00000, 23.43750, 24.18750, 23.56250, 1.33451, 0.04190, 2.50381, 1.18945, 3.06388, 3.18960, 0.00000, 3.05179, 3.00828, 2.69963, 2.56183, 22.08586
1728401821, 58407170, 0xDDDD, 0585, 27.43590, 1.22249, 24.00000, 23.43750, 24.18750, 23.56250, 1.33531, 0.03707, 2.50059, 1.18220, 3.08081, 3.21055, 0.00000, 3.05099, 3.00828, 2.70044, 2.56022, 22.08586
1728401821, 58507183, 0xDDDD, 0586, 27.03297, 1.22168, 24.00000, 23.43750, 24.18750, 23.62500, 1.32081, 0.04593, 2.50220, 1.17495, 3.05018, 3.20168, 0.00000, 3.05179, 3.00828, 2.70044, 2.55861, 21.19047
1728401821, 58607177, 0xDDDD, 0587, 27.43590, 1.22249, 24.00000, 23.37500, 24.18750, 23.62500, 1.35626, 0.03546, 2.50139, 1.18381, 3.02037, 3.19685, 0.00000, 3.04938, 3.00747, 2.70044, 2.56264, 22.08586
1728401822, 58707176, 0xDDDD, 0588, 27.03297, 1.22168, 24.00000, 23.37500, 24.18750, 23.62500, 1.33531, 0.03949, 2.50139, 1.17736, 3.06872, 3.19282, 0.00000, 3.05179, 3.00828, 2.70044, 2.56022, 22.08586
1728401822, 58807179, 0xDDDD, 0589, 27.43590, 1.22249, 24.00000, 23.37500, 24.25000, 23.56250, 1.33531, 0.03707, 2.50139, 1.19670, 3.03487, 3.19040, 0.00000, 3.05179, 3.00828, 2.70044, 2.57473, 22.08586
1728401822, 58907164, 0xDDDD, 0590, 27.43590, 1.22249, 24.00000, 23.37500, 24.25000, 23.56250, 1.33531, 0.03788, 2.50220, 1.18945, 3.00586, 3.18718, 0.00000, 3.05018, 3.00747, 2.70044, 2.60535, 22.08586
1728401822, 59007177, 0xDDDD, 0591, 27.03297, 1.22249, 24.00000, 23.37500, 24.25000, 23.56250, 1.33531, 0.03868, 2.50139, 1.18139, 3.01634, 3.20813, 0.00000, 3.05099, 3.00828, 2.69963, 2.55780, 22.08586
1728401822, 59107184, 0xDDDD, 0592, 27.83883, 1.22168, 24.00000, 23.37500, 24.18750, 23.56250, 1.33531, 0.03868, 2.50059, 1.19590, 3.06549, 3.19685, 0.00000, 3.05179, 3.00828, 2.70125, 2.56264, 22.08586
1728401822, 59207179, 0xDDDD, 0593, 27.03297, 1.22168, 24.00000, 23.37500, 24.18750, 23.56250, 1.33451, 0.04029, 2.50139, 1.19106, 3.03165, 3.19201, 0.00081, 3.05018, 3.00747, 2.69963, 2.55941, 22.08586
1728401822, 59307166, 0xDDDD, 0594, 27.43590, 1.22249, 24.00000, 23.43750, 24.18750, 23.56250, 1.33451, 0.03626, 2.50139, 1.18381, 3.07758, 3.18879, 0.00000, 3.05099, 3.00828, 2.70044, 2.56264, 22.08586
1728401822, 59407166, 0xDDDD, 0595, 27.43590, 1.22249, 24.00000, 23.43750, 24.18750, 23.56250, 1.33531, 0.03949, 2.50220, 1.19267, 3.04696, 3.20813, 0.00000, 3.05179, 3.00747, 2.70125, 2.57150, 22.08586
1728401822, 59507174, 0xDDDD, 0596, 27.43590, 1.22249, 24.00000, 23.43750, 24.18750, 23.62500, 1.33531, 0.03707, 2.50220, 1.18381, 3.01311, 3.20410, 0.00000, 3.05099, 3.00747, 2.70044, 2.57150, 21.90678
1728401822, 59607168, 0xDDDD, 0597, 27.43590, 1.22249, 24.00000, 23.37500, 24.18750, 23.62500, 1.33451, 0.04110, 2.50220, 1.17575, 3.02198, 3.20088, 0.00000, 3.05099, 3.00828, 2.70044, 2.56344, 22.08586
1728401823, 59707186, 0xDDDD, 0598, 27.03297, 1.22249, 24.00000, 23.37500, 24.18750, 23.62500, 1.33531, 0.03385, 2.50220, 1.19348, 3.06469, 3.18960, 0.00000, 3.05260, 3.00747, 2.70044, 2.56022, 22.08586
1728401823, 59807185, 0xDDDD, 0599, 27.43590, 1.22249, 24.06250, 23.37500, 24.18750, 23.62500, 1.33531, 0.03465, 2.50220, 1.18542, 3.03326, 3.20974, 0.00000, 3.04696, 3.00747, 2.70044, 2.56264, 22.08586
1728401823, 59907182, 0xDDDD, 0600, 27.03297, 1.22249, 24.06250, 23.37500, 24.18750, 23.62500, 1.33370, 0.04432, 2.50220, 1.17736, 3.08161, 3.20652, 0.00000, 3.05018, 3.00828, 2.70044, 2.55700, 22.08586
1728401823, 60007172, 0xDDDD, 0601, 27.43590, 1.22249, 24.06250, 23.37500, 24.25000, 23.56250, 1.33531, 0.03949, 2.50220, 1.19348, 3.04777, 3.20330, 0.00000, 3.05179, 3.00828, 2.69883, 2.49897, 22.08586
1728401823, 60107192, 0xDDDD, 0602, 27.43590, 1.22249, 24.00000, 23.37500, 24.25000, 23.56250, 1.33451, 0.04271, 2.50220, 1.18462, 3.01070, 3.19927, 0.00000, 3.05260, 3.00828, 2.70044, 2.59165, 22.08586
1728401823, 60207169, 0xDDDD, 0603, 27.03297, 1.22249, 24.00000, 23.37500, 24.25000, 23.56250, 1.33531, 0.03788, 2.50220, 1.19509, 3.05582, 3.19604, 0.00000, 3.05099, 3.00828, 2.70044, 2.56103, 22.08586
1728401823, 60307182, 0xDDDD, 0604, 27.03297, 1.22168, 24.00000, 23.37500, 24.18750, 23.56250, 1.33612, 0.03949, 2.50220, 1.18623, 3.06227, 3.19121, 0.00000, 3.04938, 3.00747, 2.69883, 2.56103, 22.08586
1728401823, 60407170, 0xDDDD, 0605, 27.03297, 1.22249, 24.00000, 23.37500, 24.18750, 23.56250, 1.33370, 0.03949, 2.50220, 1.17817, 3.02681, 3.20491, 0.00000, 3.04535, 3.00828, 2.70125, 2.56264, 21.54863
1728401823, 60507172, 0xDDDD, 0606, 27.43590, 1.22168, 24.00000, 23.37500, 24.18750, 23.62500, 1.33531, 0.04432, 2.50220, 1.19590, 3.07436, 3.20088, 0.00000, 3.05179, 3.00828, 2.70044, 2.56022, 22.08586
1728401823, 60607168, 0xDDDD, 0607, 27.83883, 1.22249, 24.00000, 23.37500, 24.18750, 23.62500, 1.33531, 0.03626, 2.50220, 1.18784, 3.04051, 3.19604, 0.00000, 3.05099, 3.00828, 2.70044, 2.56344, 22.08586
1728401824, 60707193, 0xDDDD, 0608, 27.43590, 1.22249, 24.00000, 23.37500, 24.25000, 23.56250, 1.33531, 0.03949, 2.50220, 1.17817, 3.00505, 3.19121, 0.00000, 3.04938, 3.00828, 2.69963, 2.55861, 21.90678
1728401824, 60807176, 0xDDDD, 0609, 27.43590, 1.22249, 24.00000, 23.37500, 24.25000, 23.56250, 1.33451, 0.03788, 2.50139, 1.19429, 3.04938, 3.18718, 0.00081, 3.05018, 3.00828, 2.70044, 2.55941, 22.08586
1728401824, 60907170, 0xDDDD, 0610, 27.43590, 1.22249, 24.00000, 23.37500, 24.25000, 23.56250, 1.33531, 0.04593, 2.50220, 1.18381, 3.05663, 3.20813, 0.00000, 3.05099, 3.00828, 2.70044, 2.55861, 22.08586
1728401824, 61007179, 0xDDDD, 0611, 27.43590, 1.22249, 24.06250, 23.37500, 24.18750, 23.56250, 1.33612, 0.04271, 2.50220, 1.19106, 3.01956, 3.19524, 0.00000, 3.05260, 3.00747, 2.69963, 2.56022, 22.08586
1728401824, 61107183, 0xDDDD, 0612, 27.03297, 1.22249, 24.06250, 23.37500, 24.18750, 23.56250, 1.33531, 0.03546, 2.50220, 1.18139, 3.06147, 3.19121, 0.00000, 3.05179, 3.00908, 2.69963, 2.56183, 21.90678
1728401824, 61207174, 0xDDDD, 0613, 27.43590, 1.22249, 24.06250, 23.37500, 24.25000, 23.56250, 1.33531, 0.03868, 2.50220, 1.19832, 3.02359, 3.21055, 0.00000, 3.05099, 3.00828, 2.69963, 2.55941, 22.08586
1728401824, 61307173, 0xDDDD, 0614, 27.43590, 1.22249, 24.00000, 23.37500, 24.25000, 23.56250, 1.33451, 0.04755, 2.50220, 1.18623, 3.06711, 3.20571, 0.00000, 3.04696, 3.00747, 2.69883, 2.48608, 21.90678
1728401824, 61407175, 0xDDDD, 0615, 27.43590, 1.22168, 24.00000, 23.37500, 24.25000, 23.56250, 1.33531, 0.04029, 2.50220, 1.17656, 3.03004, 3.20249, 0.00000, 3.05179, 3.00828, 2.70044, 2.55941, 22.08586
1728401824, 61507183, 0xDDDD, 0616, 27.43590, 1.22249, 24.06250, 23.37500, 24.18750, 23.56250, 1.33531, 0.03385, 2.50220, 1.19187, 3.03648, 3.19685, 0.00000, 3.04696, 3.00828, 2.70044, 2.56022, 22.08586
1728401824, 61607183, 0xDDDD, 0617, 27.43590, 1.22249, 24.06250, 23.37500, 24.18750, 23.56250, 1.33612, 0.04271, 2.50220, 1.18139, 3.07758, 3.21136, 0.00000, 3.05099, 3.00828, 2.70044, 2.56022, 22.08586
1728401825, 61707173, 0xDDDD, 0618, 27.43590, 1.22249, 24.06250, 23.43750, 24.18750, 23.56250, 1.33612, 0.03626, 2.50220, 1.18864, 3.03729, 3.20733, 0.00000, 3.05179, 3.00908, 2.70044, 2.56022, 22.08586
1728401825, 61807172, 0xDDDD, 0619, 27.43590, 1.22249, 24.06250, 23.43750, 24.18750, 23.56250, 1.31839, 0.03626, 2.50220, 1.17736, 3.08081, 3.20249, 0.00000, 3.05260, 3.00828, 2.69963, 2.56183, 22.08586
1728401825, 61907176, 0xDDDD, 0620, 27.43590, 1.22249, 24.06250, 23.43750, 24.18750, 23.56250, 1.33531, 0.03868, 2.50220, 1.19106, 3.04132, 3.19685, 0.00000, 3.05179, 3.00828, 2.70044, 2.57714, 22.08586
1728401825, 62007174, 0xDDDD, 0621, 27.43590, 1.22249, 24.06250, 23.43750, 24.18750, 23.56250, 1.33531, 0.03788, 2.50220, 1.17978, 3.01875, 3.19282, 0.00000, 3.04938, 3.00828, 2.69883, 2.56586, 22.08586
1728401825, 62107177, 0xDDDD, 0622, 27.03297, 1.22249, 24.06250, 23.43750, 24.18750, 23.56250, 1.33531, 0.03385, 2.50220, 1.19429, 3.01150, 3.19040, 0.00000, 3.05018, 3.00828, 2.69963, 2.56022, 22.08586
1728401825, 62207177, 0xDDDD, 0623, 27.03297, 1.22249, 24.06250, 23.37500, 24.25000, 23.62500, 1.33612, 0.04029, 2.50300, 1.18220, 3.05099, 3.21055, 0.00000, 3.05099, 3.00828, 2.70044, 2.56022, 22.08586
1728401825, 62307184, 0xDDDD, 0624, 27.43590, 1.22168, 24.06250, 23.37500, 24.25000, 23.62500, 1.33612, 0.03868, 2.50300, 1.19670, 3.00908, 3.19846, 0.00000, 3.05341, 3.00828, 2.69963, 2.56344, 21.90678
1728401825, 62407181, 0xDDDD, 0625, 27.83883, 1.22249, 24.06250, 23.37500, 24.25000, 23.62500, 1.33531, 0.03385, 2.50220, 1.18542, 3.04857, 3.19363, 0.00000, 3.05099, 3.00828, 2.70044, 2.56183, 22.08586
1728401825, 62507173, 0xDDDD, 0626, 27.43590, 1.22249, 24.00000, 23.37500, 24.25000, 23.62500, 1.33531, 0.04029, 2.50220, 1.19026, 3.00667, 3.18799, 0.00000, 3.05179, 3.00747, 2.70044, 2.55216, 22.08586
1728401825, 62607190, 0xDDDD, 0627, 27.43590, 1.22249, 24.00000, 23.37500, 24.25000, 23.62500, 1.33451, 0.04916, 2.50220, 1.17736, 3.04857, 3.20733, 0.00000, 3.05179, 3.00828, 2.70044, 2.54974, 22.08586
1728401826, 62707168, 0xDDDD, 0628, 27.03297, 1.22249, 24.06250, 23.37500, 24.18750, 23.56250, 1.33531, 0.03788, 2.50220, 1.19187, 3.00989, 3.20330, 0.00000, 3.05179, 3.00828, 2.70044, 2.55941, 21.90678
1728401826, 62807175, 0xDDDD, 0629, 27.43590, 1.22249, 24.06250, 23.37500, 24.18750, 23.56250, 1.33451, 0.04352, 2.50139, 1.18059, 3.01392, 3.19766, 0.00000, 3.05018, 3.00828, 2.70044, 2.56264, 22.26494
1728401826, 62907183, 0xDDDD, 0630, 27.43590, 1.22249, 24.06250, 23.37500, 24.18750, 23.62500, 1.33612, 0.03546, 2.50220, 1.19348, 3.05421, 3.21055, 0.00000, 3.05179, 3.00828, 2.70125, 2.56344, 22.08586
1728401826, 63007181, 0xDDDD, 0631, 27.43590, 1.22249, 24.06250, 23.37500, 24.18750, 23.62500, 1.33531, 0.04029, 2.50220, 1.18139, 3.01473, 3.20571, 0.00000, 3.05179, 3.00828, 2.70044, 2.56183, 22.08586
1728401826, 63107185, 0xDDDD, 0632, 27.43590, 1.22168, 24.06250, 23.37500, 24.25000, 23.56250, 1.33451, 0.04593, 2.50220, 1.19590, 3.05502, 3.20088, 0.00000, 3.05018, 3.00828, 2.69963, 2.55780, 22.08586
1728401826, 63207183, 0xDDDD, 0633, 27.43590, 1.22249, 24.06250, 23.37500, 24.25000, 23.56250, 1.33531, 0.03868, 2.50220, 1.18300, 3.01392, 3.19604, 0.00000, 3.05260, 3.00828, 2.69963, 2.56505, 22.08586
1728401826, 63307180, 0xDDDD, 0634, 27.03297, 1.22249, 24.06250, 23.37500, 24.25000, 23.56250, 1.33531, 0.03465, 2.50220, 1.18945, 3.05260, 3.19121, 0.00000, 3.05099, 3.00828, 2.70044, 2.55619, 22.08586
1728401826, 63407167, 0xDDDD, 0635, 27.43590, 1.22168, 24.06250, 23.43750, 24.25000, 23.56250, 1.33531, 0.03868, 2.50220, 1.17495, 3.05582, 3.21216, 0.00000, 3.04615, 3.00828, 2.69883, 2.56103, 22.08586
1728401826, 63507177, 0xDDDD, 0636, 27.43590, 1.22249, 24.06250, 23.43750, 24.25000, 23.56250, 1.33531, 0.04271, 2.50220, 1.18703, 3.01231, 3.20007, 0.00000, 3.05341, 3.00828, 2.70044, 2.56103, 22.08586
1728401826, 63607190, 0xDDDD, 0637, 27.03297, 1.22249, 24.06250, 23.43750, 24.25000, 23.56250, 1.33531, 0.03546, 2.50220, 1.17495, 3.05179, 3.19524, 0.00000, 3.05099, 3.00828, 2.70125, 2.56344, 21.72771
1728401827, 63707182, 0xDDDD, 0638, 27.43590, 1.22249, 24.06250, 23.43750, 24.25000, 23.56250, 1.33612, 0.03868, 2.50220, 1.18623, 3.00828, 3.19040, 0.00000, 3.05099, 3.00747, 2.69963, 2.56264, 22.08586
1728401827, 63807168, 0xDDDD, 0639, 27.43590, 1.22249, 24.06250, 23.43750, 24.25000, 23.56250, 1.33451, 0.04190, 2.50220, 1.19751, 3.04615, 3.21055, 0.00000, 3.04857, 3.00828, 2.69883, 2.54249, 22.08586
1728401827, 63907179, 0xDDDD, 0640, 27.03297, 1.22249, 24.00000, 23.37500, 24.18750, 23.56250, 1.33531, 0.03626, 2.50139, 1.18462, 3.00264, 3.20571, 0.00000, 3.04938, 3.00828, 2.70044, 2.56586, 22.08586
1728401827, 64007183, 0xDDDD, 0641, 27.03297, 1.22249, 24.00000, 23.37500, 24.18750, 23.56250, 1.33531, 0.03868, 2.50220, 1.19590, 3.00425, 3.20007, 0.00000, 3.05179, 3.00828, 2.69963, 2.56022, 22.08586
1728401827, 64107176, 0xDDDD, 0642, 27.03297, 1.22249, 24.00000, 23.43750, 24.18750, 23.56250, 1.33370, 0.05883, 2.50220, 1.19106, 3.04132, 3.18799, 0.00081, 3.05179, 3.00828, 2.70044, 2.56022, 22.08586
1728401827, 64207175, 0xDDDD, 0643, 27.43590, 1.22249, 24.00000, 23.43750, 24.18750, 23.56250, 1.35626, 0.03385, 2.50220, 1.18462, 3.07758, 3.20652, 0.00000, 3.05260, 3.00747, 2.70044, 2.56344, 22.08586
1728401827, 64307177, 0xDDDD, 0644, 27.43590, 1.22249, 24.00000, 23.43750, 24.25000, 23.62500, 1.33531, 0.03304, 2.50139, 1.19670, 3.03407, 3.20168, 0.00000, 3.04938, 3.00828, 2.69963, 2.55941, 22.08586
1728401827, 64407163, 0xDDDD, 0645, 27.83883, 1.22249, 24.06250, 23.43750, 24.25000, 23.62500, 1.33531, 0.03626, 2.50139, 1.18139, 3.07597, 3.19604, 0.00000, 3.05099, 3.00828, 2.69883, 2.49575, 22.08586
1728401827, 64507192, 0xDDDD, 0646, 27.03297, 1.22249, 24.06250, 23.43750, 24.25000, 23.62500, 1.33612, 0.03546, 2.50139, 1.19267, 3.03245, 3.19121, 0.00000, 3.04938, 3.00828, 2.69883, 2.55780, 22.08586
1728401827, 64607180, 0xDDDD, 0647, 27.43590, 1.22249, 24.06250, 23.37500, 24.25000, 23.56250, 1.33531, 0.04029, 2.50220, 1.17736, 3.07033, 3.21055, 0.00000, 3.05179, 3.00828, 2.69883, 2.56183, 22.08586
1728401828, 64707173, 0xDDDD, 0648, 27.43590, 1.22249, 24.06250, 23.37500, 24.25000, 23.56250, 1.33451, 0.04190, 2.50220, 1.19026, 3.07275, 3.20491, 0.00000, 3.05099, 3.00828, 2.69963, 2.56183, 22.08586
1728401828, 64807184, 0xDDDD, 0649, 27.03297, 1.22249, 24.06250, 23.37500, 24.25000, 23.62500, 1.33531, 0.03546, 2.50220, 1.17575, 3.02520, 3.19121, 0.00000, 3.04857, 3.00828, 2.69963, 2.56505, 22.26494
1728401828, 64907177, 0xDDDD, 0650, 27.43590, 1.22168, 24.06250, 23.43750, 24.25000, 23.62500, 1.33451, 0.04029, 2.50220, 1.17817, 3.06549, 3.21055, 0.00000, 3.04777, 3.00747, 2.70044, 2.55861, 22.08586
1728401828, 65007181, 0xDDDD, 0651, 27.43590, 1.22330, 24.06250, 23.43750, 24.25000, 23.62500, 1.33531, 0.03949, 2.50139, 1.18864, 3.01714, 3.20571, 0.00000, 3.04938, 3.00828, 2.69963, 2.56022, 22.08586
1728401828, 65107177, 0xDDDD, 0652, 27.03297, 1.22168, 24.06250, 23.43750, 24.25000, 23.56250, 1.33531, 0.04110, 2.50220, 1.19912, 3.05341, 3.20088, 0.00000, 3.05099, 3.00828, 2.70044, 2.53927, 22.08586
1728401828, 65207164, 0xDDDD, 0653, 27.43590, 1.22249, 24.06250, 23.43750, 24.25000, 23.56250, 1.33531, 0.04110, 2.50220, 1.18300, 3.00989, 3.19443, 0.00000, 3.05179, 3.00828, 2.70044, 2.53201, 22.08586
1728401828, 65307166, 0xDDDD, 0654, 27.03297, 1.22249, 24.06250, 23.43750, 24.25000, 23.62500, 1.33531, 0.03546, 2.50220, 1.19267, 3.00989, 3.18960, 0.00000, 3.05099, 3.00828, 2.69963, 2.56103, 22.08586
1728401828, 65407186, 0xDDDD, 0655, 27.03297, 1.22249, 24.06250, 23.43750, 24.25000, 23.62500, 1.33531, 0.03707, 2.50220, 1.17736, 3.04615, 3.20249, 0.00000, 3.05099, 3.00828, 2.70044, 2.56022, 22.08586
1728401828, 65507186, 0xDDDD, 0656, 27.83883, 1.22249, 24.06250, 23.43750, 24.25000, 23.62500, 1.33531, 0.04190, 2.50139, 1.18784, 3.00747, 3.19604, 0.00000, 3.05099, 3.00747, 2.70125, 2.56183, 22.08586
1728401828, 65607166, 0xDDDD, 0657, 26.63004, 1.22249, 24.06250, 23.43750, 24.25000, 23.62500, 1.33451, 0.04513, 2.50220, 1.18945, 3.03810, 3.18960, 0.00000, 3.05099, 3.00747, 2.70044, 2.56022, 22.08586
1728401829, 65707171, 0xDDDD, 0658, 27.43590, 1.22249, 24.06250, 23.43750, 24.25000, 23.62500, 1.33531, 0.04110, 2.50220, 1.17495, 3.07275, 3.20813, 0.00000, 3.05179, 3.00828, 2.69963, 2.57714, 22.08586
1728401829, 65807181, 0xDDDD, 0659, 27.03297, 1.22249, 24.06250, 23.43750, 24.25000, 23.62500, 1.33451, 0.04432, 2.50220, 1.18462, 3.02762, 3.20330, 0.00000, 3.04696, 3.00828, 2.70044, 2.49092, 22.08586
1728401829, 65907170, 0xDDDD, 0660, 27.43590, 1.22249, 24.06250, 23.43750, 24.25000, 23.62500, 1.33531, 0.04271, 2.50139, 1.19348, 3.02198, 3.19604, 0.00000, 3.05179, 3.00828, 2.70044, 2.56183, 22.08586
1728401829, 66007175, 0xDDDD, 0661, 27.43590, 1.22249, 24.06250, 23.43750, 24.25000, 23.56250, 1.33451, 0.01209, 2.50139, 1.17817, 3.05582, 3.20733, 0.00000, 3.04696, 3.00828, 2.70044, 2.56022, 22.08586
1728401829, 66107186, 0xDDDD, 0662, 27.83883, 1.22249, 24.06250, 23.43750, 24.25000, 23.56250, 1.33531, 0.04029, 2.50220, 1.18623, 3.00667, 3.20168, 0.00000, 3.05099, 3.00828, 2.69963, 2.56183, 22.08586
1728401829, 66207185, 0xDDDD, 0663, 27.03297, 1.22168, 24.06250, 23.43750, 24.25000, 23.56250, 1.34821, 0.03546, 2.50220, 1.19751, 3.03971, 3.19604, 0.00000, 3.05179, 3.00828, 2.70125, 2.56183, 22.08586
1728401829, 66307174, 0xDDDD, 0664, 27.43590, 1.22249, 24.12500, 23.43750, 24.25000, 23.62500, 1.33531, 0.03626, 2.50220, 1.18059, 3.07678, 3.18960, 0.00000, 3.05099, 3.00828, 2.70125, 2.52396, 22.08586
1728401829, 66407179, 0xDDDD, 0665, 27.03297, 1.22249, 24.12500, 23.43750, 24.25000, 23.62500, 1.33451, 0.04029, 2.50220, 1.19026, 3.02923, 3.20813, 0.00000, 3.05179, 3.00828, 2.69963, 2.54410, 22.08586
1728401829, 66507172, 0xDDDD, 0666, 27.03297, 1.22249, 24.12500, 23.43750, 24.25000, 23.56250, 1.33531, 0.04029, 2.50220, 1.19187, 3.06147, 3.20249, 0.00000, 3.05341, 3.00828, 2.69883, 2.56183, 22.08586
1728401829, 66607183, 0xDDDD, 0667, 27.03297, 1.22249, 24.06250, 23.37500, 24.25000, 23.56250, 1.33531, 0.03626, 2.50220, 1.17575, 3.05582, 3.19524, 0.00000, 3.04454, 3.00828, 2.70044, 2.56264, 21.90678
1728401830, 66707172, 0xDDDD, 0668, 27.03297, 1.22249, 24.06250, 23.37500, 24.31250, 23.56250, 1.33934, 0.03707, 2.50139, 1.18381, 3.00828, 3.20894, 0.00000, 3.04857, 3.00828, 2.70044, 2.56183, 21.54863
1728401830, 66807173, 0xDDDD, 0669, 27.43590, 1.22168, 24.06250, 23.43750, 24.31250, 23.56250, 1.33531, 0.03465, 2.50139, 1.19348, 3.04132, 3.20330, 0.00000, 3.04938, 3.00828, 2.70044, 2.56103, 22.08586
1728401830, 66907170, 0xDDDD, 0670, 27.03297, 1.22249, 24.06250, 23.43750, 24.31250, 23.56250, 1.33531, 0.03868, 2.50220, 1.17495, 3.07436, 3.19685, 0.00000, 3.05179, 3.00908, 2.69963, 2.55941, 22.08586
1728401830, 67007191, 0xDDDD, 0671, 27.03297, 1.22249, 24.06250, 23.37500, 24.31250, 23.62500, 1.33531, 0.03868, 2.50220, 1.18462, 3.02601, 3.19121, 0.00000, 3.05179, 3.00828, 2.70044, 2.55941, 22.08586
1728401830, 67107174, 0xDDDD, 0672, 27.03297, 1.22249, 24.06250, 23.37500, 24.31250, 23.62500, 1.33531, 0.03949, 2.50139, 1.19348, 3.05663, 3.20974, 0.00081, 3.04938, 3.00828, 2.69883, 2.55941, 22.08586
1728401830, 67207174, 0xDDDD, 0673, 27.43590, 1.22249, 24.06250, 23.37500, 24.25000, 23.56250, 1.33531, 0.03707, 2.50220, 1.19429, 3.05260, 3.20410, 0.00000, 3.04857, 3.00828, 2.69883, 2.56425, 22.08586
1728401830, 67307182, 0xDDDD, 0674, 27.43590, 1.22168, 24.12500, 23.37500, 24.25000, 23.56250, 1.33451, 0.04432, 2.50139, 1.17736, 3.07114, 3.19201, 0.00000, 3.05179, 3.00828, 2.70044, 2.56183, 22.08586
1728401830, 67407178, 0xDDDD, 0675, 27.43590, 1.22249, 24.12500, 23.37500, 24.25000, 23.56250, 1.33209, 0.03385, 2.50220, 1.18623, 3.03648, 3.20974, 0.00000, 3.05099, 3.00828, 2.70044, 2.56264, 22.08586
1728401830, 67507174, 0xDDDD, 0676, 27.03297, 1.22168, 24.12500, 23.43750, 24.25000, 23.62500, 1.33531, 0.03868, 2.50220, 1.19509, 3.07033, 3.20410, 0.00000, 3.05099, 3.00828, 2.70125, 2.56183, 22.08586
1728401830, 67607180, 0xDDDD, 0677, 27.03297, 1.22249, 24.12500, 23.43750, 24.25000, 23.62500, 1.33531, 0.04029, 2.50220, 1.17736, 3.01956, 3.19846, 0.00000, 3.05179, 3.00828, 2.69883, 2.48125, 22.08586
1728401831, 67707175, 0xDDDD, 0678, 27.43590, 1.22249, 24.12500, 23.43750, 24.25000, 23.62500, 1.33531, 0.04029, 2.50220, 1.18542, 3.05179, 3.19282, 0.00000, 3.04857, 3.00828, 2.69883, 2.60938, 22.08586
1728401831, 67807199, 0xDDDD, 0679, 27.43590, 1.22249, 24.06250, 23.43750, 24.25000, 23.62500, 1.33612, 0.04190, 2.50220, 1.19348, 3.04374, 3.18637, 0.00000, 3.05179, 3.00828, 2.70044, 2.55941, 22.08586
1728401831, 67907185, 0xDDDD, 0680, 27.43590, 1.22249, 24.06250, 23.43750, 24.31250, 23.62500, 1.33531, 0.03546, 2.50220, 1.17575, 3.07516, 3.19846, 0.00000, 3.04857, 3.00828, 2.69883, 2.56183, 22.08586
1728401831, 68007177, 0xDDDD, 0681, 27.43590, 1.22249, 24.06250, 23.43750, 24.31250, 23.62500, 1.33209, 0.03868, 2.50220, 1.17575, 3.02198, 3.19121, 0.00000, 3.05099, 3.00828, 2.69802, 2.56264, 22.08586
1728401831, 68107166, 0xDDDD, 0682, 27.03297, 1.22249, 24.06250, 23.43750, 24.31250, 23.62500, 1.33451, 0.03546, 2.50220, 1.18462, 3.05018, 3.20974, 0.00000, 3.05260, 3.00828, 2.70044, 2.56183, 22.26494
1728401831, 68207167, 0xDDDD, 0683, 27.43590, 1.22168, 24.06250, 23.43750, 24.25000, 23.62500, 1.33531, 0.04029, 2.50220, 1.19348, 3.08000, 3.20410, 0.00000, 3.05179, 3.00908, 2.70125, 2.55780, 22.08586
1728401831, 68307178, 0xDDDD, 0684, 27.43590, 1.22249, 24.06250, 23.43750, 24.25000, 23.62500, 1.33612, 0.03465, 2.50220, 1.17656, 3.02842, 3.19766, 0.00000, 3.05260, 3.00828, 2.69963, 2.55941, 22.08586
1728401831, 68407179, 0xDDDD, 0685, 27.03297, 1.22249, 24.06250, 23.43750, 24.31250, 23.62500, 1.33612, 0.03868, 2.50220, 1.18542, 3.02117, 3.19201, 0.00000, 3.05260, 3.00828, 2.69963, 2.56022, 22.08586
1728401831, 68507182, 0xDDDD, 0686, 27.43590, 1.22249, 24.12500, 23.43750, 24.31250, 23.62500, 1.33451, 0.03626, 2.50139, 1.19509, 3.05099, 3.20974, 0.00000, 3.05099, 3.00828, 2.69963, 2.56183, 22.08586
1728401831, 68607174, 0xDDDD, 0687, 27.43590, 1.22249, 24.12500, 23.43750, 24.31250, 23.62500, 1.33612, 0.03788, 2.50139, 1.17656, 3.02842, 3.19685, 0.00000, 3.05179, 3.00828, 2.69963, 2.56103, 21.19047
1728401832, 68707183, 0xDDDD, 0688, 27.03297, 1.22249, 24.12500, 23.43750, 24.25000, 23.56250, 1.33692, 0.03465, 2.50139, 1.18462, 3.03326, 3.18879, 0.00000, 3.05260, 3.00747, 2.70044, 2.56022, 22.08586
1728401832, 68807175, 0xDDDD, 0689, 27.43590, 1.22249, 24.06250, 23.43750, 24.25000, 23.56250, 1.33531, 0.03707, 2.50139, 1.18462, 3.06630, 3.20652, 0.00000, 3.04938, 3.00828, 2.70044, 2.56989, 22.08586
1728401832, 68907194, 0xDDDD, 0690, 27.43590, 1.22249, 24.06250, 23.43750, 24.31250, 23.62500, 1.33531, 0.04190, 2.50220, 1.19267, 3.01392, 3.20168, 0.00000, 3.05099, 3.00828, 2.70125, 2.53121, 22.08586
1728401832, 69007174, 0xDDDD, 0691, 27.43590, 1.22168, 24.06250, 23.43750, 24.31250, 23.62500, 1.33531, 0.04271, 2.50139, 1.17495, 3.04051, 3.19443, 0.00000, 3.05099, 3.00747, 2.69963, 2.56183, 22.08586
1728401832, 69107175, 0xDDDD, 0692, 27.43590, 1.22249, 24.06250, 23.43750, 24.31250, 23.62500, 1.33531, 0.04755, 2.50139, 1.18381, 3.03084, 3.18879, 0.00081, 3.05179, 3.00828, 2.69963, 2.56183, 22.08586
1728401832, 69207180, 0xDDDD, 0693, 27.43590, 1.22249, 24.06250, 23.43750, 24.31250, 23.62500, 1.33612, 0.01128, 2.50220, 1.19106, 3.06066, 3.20007, 0.00000, 3.04938, 3.00828, 2.70044, 2.56183, 22.08586
1728401832, 69307185, 0xDDDD, 0694, 27.43590, 1.22249, 24.06250, 23.43750, 24.31250, 23.62500, 1.33531, 0.03868, 2.50220, 1.19751, 3.00747, 3.19282, 0.00000, 3.05179, 3.00828, 2.70044, 2.56183, 22.08586
1728401832, 69407172, 0xDDDD, 0695, 27.43590, 1.22249, 24.06250, 23.43750, 24.31250, 23.56250, 1.33531, 0.03707, 2.50139, 1.17978, 3.03326, 3.21136, 0.00000, 3.05018, 3.00828, 2.69963, 2.56022, 22.08586
1728401832, 69507183, 0xDDDD, 0696, 27.43590, 1.22249, 24.12500, 23.43750, 24.31250, 23.56250, 1.33531, 0.04916, 2.50220, 1.18542, 3.06147, 3.20491, 0.00000, 3.05179, 3.00828, 2.70125, 2.56747, 22.08586
1728401832, 69607184, 0xDDDD, 0697, 27.43590, 1.22249, 24.12500, 23.43750, 24.31250, 23.56250, 1.33531, 0.03868, 2.50220, 1.18381, 3.00747, 3.19766, 0.00000, 3.04857, 3.00828, 2.69963, 2.55941, 22.08586
1728401833, 69707169, 0xDDDD, 0698, 27.43590, 1.22249, 24.12500, 23.43750, 24.31250, 23.62500, 1.33451, 0.04916, 2.50220, 1.19026, 3.08081, 3.19201, 0.00000, 3.05099, 3.00828, 2.69963, 2.56264, 22.08586
1728401833, 69807182, 0xDDDD, 0699, 27.43590, 1.22249, 24.12500, 23.43750, 24.31250, 23.62500, 1.33531, 0.03465, 2.50220, 1.19751, 3.02762, 3.20249, 0.00000, 3.05018, 3.00828, 2.70044, 2.56103, 22.08586
1728401833, 69907192, 0xDDDD, 0700, 27.43590, 1.22249, 24.12500, 23.43750, 24.25000, 23.62500, 1.33531, 0.04271, 2.50139, 1.17736, 3.05582, 3.19443, 0.00000, 3.05099, 3.00828, 2.70125, 2.55861, 22.26494
1728401833, 70007180, 0xDDDD, 0701, 27.43590, 1.22249, 24.06250, 23.43750, 24.25000, 23.62500, 1.33531, 0.04352, 2.50220, 1.18300, 3.08484, 3.21216, 0.00000, 3.05179, 3.00747, 2.70044, 2.56183, 21.90678
1728401833, 70107174, 0xDDDD, 0702, 27.43590, 1.22249, 24.06250, 23.43750, 24.31250, 23.62500, 1.33612, 0.03465, 2.50220, 1.19026, 3.02681, 3.20410, 0.00000, 3.04938, 3.00828, 2.69963, 2.53927, 21.90678
1728401833, 70207182, 0xDDDD, 0703, 27.43590, 1.22168, 24.12500, 23.37500, 24.31250, 23.62500, 1.33531, 0.03868, 2.50220, 1.19751, 3.05179, 3.19766, 0.00000, 3.05179, 3.00828, 2.69963, 2.56989, 22.08586
1728401833, 70307182, 0xDDDD, 0704, 27.43590, 1.22249, 24.12500, 23.37500, 24.31250, 23.62500, 1.33451, 0.03949, 2.50139, 1.17817, 3.04212, 3.19040, 0.00000, 3.05260, 3.00828, 2.69883, 2.56264, 22.08586
1728401833, 70407178, 0xDDDD, 0705, 27.03297, 1.22249, 24.12500, 23.43750, 24.25000, 23.62500, 1.33531, 0.03707, 2.50139, 1.17736, 3.06630, 3.20007, 0.00000, 3.05099, 3.00828, 2.69963, 2.56103, 22.08586
1728401833, 70507181, 0xDDDD, 0706, 27.03297, 1.22249, 24.12500, 23.43750, 24.25000, 23.62500, 1.33612, 0.03626, 2.50220, 1.18462, 3.00828, 3.19363, 0.00000, 3.05179, 3.00828, 2.69963, 2.56183, 22.08586
1728401833, 70607169, 0xDDDD, 0707, 27.43590, 1.22168, 24.12500, 23.43750, 24.31250, 23.62500, 1.35868, 0.03868, 2.50220, 1.19187, 3.03568, 3.20974, 0.00000, 3.05179, 3.00828, 2.70044, 2.56022, 22.08586
1728401834, 70707164, 0xDDDD, 0708, 27.83883, 1.22249, 24.12500, 23.43750, 24.31250, 23.62500, 1.33531, 0.03788, 2.50220, 1.17495, 3.05824, 3.20410, 0.00000, 3.04777, 3.00747, 2.69963, 2.59165, 22.08586
1728401834, 70807176, 0xDDDD, 0709, 27.43590, 1.22168, 24.12500, 23.43750, 24.31250, 23.62500, 1.33612, 0.04110, 2.50220, 1.18139, 3.07194, 3.19443, 0.00000, 3.05018, 3.00908, 2.69883, 2.60615, 22.26494
1728401834, 70907184, 0xDDDD, 0710, 27.43590, 1.22249, 24.12500, 23.43750, 24.31250, 23.62500, 1.33451, 0.04271, 2.50220, 1.18784, 3.07758, 3.21136, 0.00000, 3.05099, 3.00828, 2.70044, 2.56022, 22.08586
1728401834, 71007179, 0xDDDD, 0711, 27.03297, 1.22168, 24.06250, 23.43750, 24.31250, 23.62500, 1.33531, 0.04271, 2.50220, 1.19348, 3.06469, 3.20491, 0.00000, 3.05260, 3.00828, 2.70125, 2.55941, 22.08586
1728401834, 71107175, 0xDDDD, 0712, 27.03297, 1.22249, 24.06250, 23.43750, 24.31250, 23.62500, 1.33531, 0.03788, 2.50220, 1.19993, 3.00586, 3.19121, 0.00000, 3.05260, 3.00828, 2.69963, 2.56425, 22.08586
1728401834, 71207172, 0xDDDD, 0713, 27.43590, 1.22249, 24.06250, 23.43750, 24.31250, 23.62500, 1.34659, 0.04029, 2.50300, 1.19670, 3.03004, 3.20813, 0.00000, 3.05099, 3.00747, 2.70044, 2.55941, 22.08586
1728401834, 71307183, 0xDDDD, 0714, 27.43590, 1.22249, 24.06250, 23.43750, 24.31250, 23.62500, 1.33531, 0.03546, 2.50220, 1.17575, 3.05341, 3.20168, 0.00000, 3.05179, 3.00828, 2.69883, 2.56022, 22.26494
1728401834, 71407177, 0xDDDD, 0715, 27.03297, 1.22249, 24.12500, 23.43750, 24.31250, 23.62500, 1.33531, 0.03788, 2.50220, 1.18059, 3.07678, 3.19443, 0.00000, 3.05179, 3.00828, 2.70044, 2.57553, 22.08586
1728401834, 71507163, 0xDDDD, 0716, 27.83883, 1.22249, 24.12500, 23.43750, 24.31250, 23.62500, 1.33531, 0.03465, 2.50220, 1.18623, 3.01956, 3.21216, 0.00000, 3.05179, 3.00828, 2.69963, 2.56586, 22.08586
1728401834, 71607168, 0xDDDD, 0717, 27.43590, 1.22249, 24.12500, 23.43750, 24.25000, 23.62500, 1.33451, 0.04432, 2.50139, 1.19026, 3.00667, 3.20330, 0.00000, 3.04696, 3.00828, 2.69802, 2.56264, 22.08586
1728401835, 71707189, 0xDDDD, 0718, 27.43590, 1.22168, 24.12500, 23.43750, 24.25000, 23.62500, 1.33531, 0.04110, 2.50220, 1.19429, 3.02923, 3.18799, 0.00000, 3.05179, 3.00828, 2.69963, 2.55941, 22.26494
1728401835, 71807180, 0xDDDD, 0719, 27.43590, 1.22168, 24.12500, 23.43750, 24.31250, 23.62500, 1.33451, 0.04029, 2.50220, 1.19832, 3.05260, 3.20652, 0.00000, 3.05018, 3.00747, 2.70044, 2.56022, 22.08586
1728401835, 71907173, 0xDDDD, 0720, 27.43590, 1.22249, 24.06250, 23.37500, 24.31250, 23.62500, 1.33451, 0.04110, 2.50220, 1.17656, 3.07516, 3.19846, 0.00000, 3.05018, 3.00828, 2.70125, 2.56103, 22.08586
1728401835, 72007172, 0xDDDD, 0721, 27.43590, 1.22249, 24.06250, 23.37500, 24.25000, 23.62500, 1.33531, 0.03788, 2.50139, 1.19832, 3.01553, 3.18960, 0.00000, 3.05018, 3.00828, 2.70044, 2.57634, 22.08586
1728401835, 72107188, 0xDDDD, 0722, 27.03297, 1.22249, 24.06250, 23.43750, 24.25000, 23.62500, 1.33451, 0.03546, 2.50139, 1.17575, 3.03648, 3.20652, 0.00000, 3.05179, 3.00747, 2.70044, 2.57634, 22.08586
1728401835, 72207174, 0xDDDD, 0723, 27.43590, 1.22249, 24.12500, 23.43750, 24.25000, 23.62500, 1.33451, 0.04755, 2.50139, 1.17897, 3.02198, 3.19846, 0.00000, 3.04696, 3.00828, 2.70044, 2.56344, 22.08586
1728401835, 72307175, 0xDDDD, 0724, 27.03297, 1.22249, 24.12500, 23.43750, 24.31250, 23.62500, 1.33531, 0.03546, 2.50139, 1.18220, 3.04535, 3.20733, 0.00000, 3.05260, 3.00828, 2.70044, 2.56103, 22.08586
1728401835, 72407179, 0xDDDD, 0725, 27.43590, 1.22249, 24.12500, 23.43750, 24.31250, 23.62500, 1.33531, 0.04190, 2.50220, 1.18542, 3.06469, 3.20007, 0.00000, 3.04777, 3.00828, 2.70044, 2.56264, 22.08586
1728401835, 72507185, 0xDDDD, 0726, 27.03297, 1.22249, 24.12500, 23.43750, 24.31250, 23.62500, 1.33531, 0.03465, 2.50220, 1.18864, 3.00586, 3.19282, 0.00000, 3.05099, 3.00828, 2.70044, 2.56264, 22.26494
1728401835, 72607174, 0xDDDD, 0727, 27.43590, 1.22249, 24.12500, 23.43750, 24.31250, 23.62500, 1.33531, 0.03707, 2.50220, 1.19187, 3.02762, 3.20974, 0.00000, 3.05099, 3.00908, 2.70044, 2.54733, 22.26494
1728401836, 72707181, 0xDDDD, 0728, 27.03297, 1.22168, 24.12500, 23.43750, 24.31250, 23.62500, 1.33451, 0.04271, 2.50220, 1.19429, 3.04857, 3.20249, 0.00000, 3.04857, 3.00828, 2.69883, 2.55941, 22.08586
1728401836, 72807174, 0xDDDD, 0729, 27.43590, 1.22249, 24.12500, 23.43750, 24.31250, 23.62500, 1.33531, 0.04110, 2.50220, 1.19026, 3.06952, 3.19443, 0.00000, 3.05179, 3.00828, 2.69883, 2.56264, 22.26494
1728401836, 72907190, 0xDDDD, 0730, 27.43590, 1.22249, 24.12500, 23.43750, 24.31250, 23.62500, 1.33531, 0.03949, 2.50220, 1.19348, 3.05341, 3.20974, 0.00081, 3.05099, 3.00828, 2.70044, 2.55861, 22.08586
1728401836, 73007175, 0xDDDD, 0731, 27.43590, 1.22168, 24.12500, 23.43750, 24.25000, 23.62500, 1.33853, 0.03626, 2.50220, 1.19670, 3.07597, 3.19604, 0.00000, 3.05179, 3.00828, 2.70044, 2.56022, 21.54863
1728401836, 73107180, 0xDDDD, 0732, 27.03297, 1.22168, 24.12500, 23.43750, 24.25000, 23.62500, 1.33531, 0.03868, 2.50300, 1.20637, 3.01473, 3.19443, 0.00000, 3.05099, 3.00828, 2.70205, 2.56022, 22.08586
1728401836, 73207175, 0xDDDD, 0733, 27.43590, 1.22249, 24.12500, 23.43750, 24.31250, 23.62500, 1.33451, 0.03949, 2.50220, 1.17656, 3.03568, 3.20410, 0.00000, 3.05099, 3.00828, 2.69963, 2.55941, 22.26494
1728401836, 73307171, 0xDDDD, 0734, 27.43590, 1.22249, 24.12500, 23.43750, 24.31250, 23.62500, 1.33531, 0.04190, 2.50220, 1.17817, 3.05582, 3.19604, 0.00000, 3.05179, 3.00828, 2.70044, 2.58520, 22.26494
1728401836, 73407179, 0xDDDD, 0735, 27.03297, 1.22249, 24.12500, 23.43750, 24.31250, 23.62500, 1.33531, 0.03465, 2.50220, 1.18139, 3.07516, 3.21297, 0.00000, 3.05421, 3.00828, 2.69963, 2.56022, 21.90678
1728401836, 73507179, 0xDDDD, 0736, 27.03297, 1.22168, 24.12500, 23.43750, 24.31250, 23.62500, 1.33531, 0.04110, 2.50220, 1.17575, 3.05582, 3.20330, 0.00000, 3.05018, 3.00828, 2.69963, 2.55780, 22.26494
1728401836, 73607176, 0xDDDD, 0737, 27.43590, 1.22249, 24.12500, 23.43750, 24.31250, 23.62500, 1.33531, 0.04271, 2.50220, 1.17736, 3.07758, 3.18879, 0.00000, 3.05018, 3.00828, 2.70125, 2.55941, 22.08586
1728401837, 73707182, 0xDDDD, 0738, 27.43590, 1.22168, 24.12500, 23.43750, 24.25000, 23.62500, 1.36835, 0.04190, 2.50220, 1.17897, 3.01634, 3.20571, 0.00000, 3.05099, 3.00828, 2.69963, 2.56183, 22.08586
1728401837, 73807175, 0xDDDD, 0739, 27.03297, 1.22249, 24.12500, 23.43750, 24.25000, 23.62500, 1.33531, 0.03707, 2.50139, 1.17978, 3.03648, 3.19685, 0.00000, 3.05099, 3.00828, 2.70044, 2.56344, 22.08586
1728401837, 73907180, 0xDDDD, 0740, 27.43590, 1.22249, 24.12500, 23.43750, 24.25000, 23.62500, 1.33531, 0.03385, 2.50139, 1.18139, 3.05582, 3.18960, 0.00000, 3.05018, 3.00747, 2.70044, 2.56747, 22.08586
1728401837, 74007164, 0xDDDD, 0741, 27.43590, 1.22249, 24.12500, 23.43750, 24.31250, 23.56250, 1.33531, 0.04029, 2.50220, 1.18220, 3.07597, 3.20652, 0.00000, 3.05018, 3.00828, 2.69963, 2.53040, 22.08586
1728401837, 74107170, 0xDDDD, 0742, 27.43590, 1.22168, 24.12500, 23.50000, 24.31250, 23.56250, 1.33531, 0.03546, 2.50220, 1.18381, 3.05502, 3.19846, 0.00000, 3.04696, 3.00828, 2.69963, 2.55941, 22.08586
1728401837, 74207186, 0xDDDD, 0743, 27.43590, 1.22249, 24.12500, 23.50000, 24.31250, 23.62500, 1.33531, 0.04110, 2.50139, 1.18462, 3.07355, 3.20813, 0.00000, 3.05179, 3.00828, 2.69963, 2.55941, 22.26494
1728401837, 74307183, 0xDDDD, 0744, 27.43590, 1.22249, 24.12500, 23.43750, 24.31250, 23.62500, 1.35062, 0.04110, 2.50139, 1.17736, 3.00747, 3.19846, 0.00000, 3.04615, 3.00828, 2.69963, 2.55941, 22.26494
1728401837, 74407167, 0xDDDD, 0745, 27.43590, 1.22168, 24.12500, 23.43750, 24.31250, 23.62500, 1.33370, 0.04110, 2.50220, 1.17736, 3.02520, 3.18879, 0.00000, 3.04938, 3.00828, 2.69883, 2.56103, 22.08586
1728401837, 74507169, 0xDDDD, 0746, 27.43590, 1.22249, 24.12500, 23.43750, 24.31250, 23.62500, 1.33531, 0.04029, 2.50220, 1.17817, 3.04051, 3.20571, 0.00000, 3.05179, 3.00828, 2.70044, 2.55861, 22.08586
1728401837, 74607182, 0xDDDD, 0747, 27.43590, 1.22249, 24.12500, 23.43750, 24.31250, 23.62500, 1.33451, 0.04110, 2.50300, 1.17897, 3.05744, 3.19766, 0.00000, 3.04696, 3.00828, 2.70044, 2.56022, 22.08586
1728401838, 74707171, 0xDDDD, 0748, 27.43590, 1.22249, 24.12500, 23.43750, 24.31250, 23.62500, 1.33531, 0.04110, 2.50220, 1.17897, 3.03890, 3.18879, 0.00000, 3.05260, 3.00828, 2.69963, 2.56183, 22.08586
1728401838, 74807174, 0xDDDD, 0749, 27.03297, 1.22249, 24.12500, 23.43750, 24.31250, 23.62500, 1.33531, 0.03546, 2.50220, 1.17978, 3.05663, 3.20410, 0.00000, 3.04938, 3.00828, 2.70044, 2.55861, 22.08586
1728401838, 74907179, 0xDDDD, 0750, 27.43590, 1.22168, 24.12500, 23.43750, 24.31250, 23.62500, 1.33531, 0.03465, 2.50220, 1.18059, 3.07758, 3.18960, 0.00000, 3.04857, 3.00828, 2.70044, 2.56183, 21.54863
1728401838, 75007184, 0xDDDD, 0751, 27.03297, 1.22249, 24.12500, 23.43750, 24.31250, 23.62500, 1.33612, 0.03546, 2.50220, 1.18059, 3.01231, 3.20652, 0.00000, 3.05260, 3.00828, 2.69963, 2.56022, 22.08586
1728401838, 75107177, 0xDDDD, 0752, 27.43590, 1.22249, 24.06250, 23.43750, 24.31250, 23.62500, 1.33531, 0.03626, 2.50220, 1.19751, 3.03084, 3.19766, 0.00000, 3.05179, 3.00828, 2.69963, 2.55700, 22.26494
1728401838, 75207186, 0xDDDD, 0753, 27.03297, 1.22249, 24.06250, 23.43750, 24.31250, 23.56250, 1.33531, 0.03304, 2.50220, 1.19509, 3.04777, 3.18960, 0.00000, 3.04857, 3.00828, 2.69963, 2.55780, 22.08586
1728401838, 75307180, 0xDDDD, 0754, 27.43590, 1.22168, 24.12500, 23.43750, 24.31250, 23.56250, 1.33531, 0.04271, 2.50220, 1.19187, 3.06227, 3.20491, 0.00000, 3.05260, 3.00828, 2.69963, 2.56103, 22.08586
1728401838, 75407163, 0xDDDD, 0755, 27.03297, 1.22249, 24.12500, 23.43750, 24.31250, 23.62500, 1.33531, 0.03949, 2.50220, 1.19590, 3.04051, 3.19604, 0.00000, 3.04857, 3.00828, 2.70044, 2.55700, 22.08586
1728401838, 75507174, 0xDDDD, 0756, 27.43590, 1.22249, 24.12500, 23.43750, 24.31250, 23.62500, 1.33451, 0.03949, 2.50220, 1.20718, 3.05744, 3.20410, 0.00000, 3.05099, 3.00828, 2.69963, 2.56022, 22.08586
1728401838, 75607200, 0xDDDD, 0757, 27.43590, 1.22168, 24.12500, 23.43750, 24.31250, 23.62500, 1.33531, 0.04110, 2.50220, 1.17414, 3.07436, 3.19604, 0.00000, 3.05341, 3.00747, 2.70044, 2.55941, 22.08586
1728401839, 75707174, 0xDDDD, 0758, 27.03297, 1.22249, 24.12500, 23.43750, 24.31250, 23.56250, 1.33531, 0.04110, 2.50220, 1.17495, 3.00747, 3.18718, 0.00000, 3.05099, 3.00828, 2.70125, 2.55861, 22.08586
1728401839, 75807183, 0xDDDD, 0759, 27.43590, 1.22249, 24.18750, 23.43750, 24.31250, 23.56250, 1.33531, 0.03626, 2.50220, 1.17495, 3.02278, 3.20330, 0.00000, 3.05099, 3.00828, 2.70125, 2.63114, 22.08586
1728401839, 75907183, 0xDDDD, 0760, 27.03297, 1.22249, 24.18750, 23.43750, 24.37500, 23.62500, 1.33451, 0.04271, 2.50220, 1.19267, 3.03810, 3.19524, 0.00000, 3.05260, 3.00828, 2.70044, 2.57392, 22.08586
1728401839, 76007174, 0xDDDD, 0761, 27.43590, 1.22249, 24.18750, 23.43750, 24.37500, 23.62500, 1.33531, 0.03546, 2.50139, 1.19187, 3.01634, 3.20974, 0.00000, 3.05260, 3.00828, 2.69963, 2.56022, 22.08586
1728401839, 76107179, 0xDDDD, 0762, 27.83883, 1.22168, 24.18750, 23.43750, 24.31250, 23.62500, 1.33531, 0.04352, 2.50139, 1.19187, 3.03326, 3.19443, 0.00000, 3.05179, 3.00828, 2.70044, 2.55861, 21.90678
1728401839, 76207190, 0xDDDD, 0763, 27.43590, 1.22249, 24.18750, 23.43750, 24.31250, 23.62500, 1.33531, 0.03707, 2.50220, 1.19106, 3.04777, 3.20974, 0.00000, 3.05179, 3.00828, 2.69963, 2.56103, 22.08586
1728401839, 76307170, 0xDDDD, 0764, 27.43590, 1.22249, 24.12500, 23.43750, 24.31250, 23.62500, 1.33531, 0.03788, 2.50220, 1.19026, 3.06227, 3.20007, 0.00000, 3.04938, 3.00828, 2.70044, 2.56103, 22.08586
1728401839, 76407175, 0xDDDD, 0765, 27.43590, 1.22249, 24.12500, 23.43750, 24.31250, 23.62500, 1.33531, 0.03788, 2.50220, 1.18945, 3.07839, 3.19040, 0.00000, 3.05179, 3.00828, 2.69883, 2.52718, 22.08586
1728401839, 76507187, 0xDDDD, 0766, 27.43590, 1.22249, 24.12500, 23.43750, 24.31250, 23.62500, 1.33531, 0.03868, 2.50220, 1.18945, 3.01150, 3.20733, 0.00000, 3.05260, 3.00747, 2.70044, 2.56344, 22.08586
1728401839, 76607172, 0xDDDD, 0767, 27.43590, 1.22249, 24.12500, 23.43750, 24.31250, 23.62500, 1.33451, 0.04110, 2.50220, 1.18784, 3.07033, 3.19766, 0.00000, 3.05099, 3.00828, 2.69963, 2.56103, 22.08586
1728401840, 76707171, 0xDDDD, 0768, 27.03297, 1.22249, 24.12500, 23.43750, 24.31250, 23.62500, 1.33531, 0.03626, 2.50220, 1.17897, 3.08322, 3.18960, 0.00000, 3.05099, 3.00828, 2.70044, 2.56183, 22.08586
1728401840, 76807185, 0xDDDD, 0769, 27.03297, 1.22249, 24.18750, 23.43750, 24.31250, 23.62500, 1.33692, 0.04029, 2.50220, 1.17656, 3.01795, 3.19685, 0.00000, 3.05260, 3.00828, 2.69963, 2.56103, 22.08586
1728401840, 76907171, 0xDDDD, 0770, 27.43590, 1.22249, 24.18750, 23.43750, 24.31250, 23.62500, 1.33531, 0.03546, 2.50220, 1.19751, 3.03004, 3.21136, 0.00081, 3.04777, 3.00747, 2.69963, 2.56344, 22.26494
1728401840, 77007163, 0xDDDD, 0771, 27.03297, 1.22249, 24.12500, 23.43750, 24.31250, 23.62500, 1.33451, 0.04110, 2.50139, 1.19590, 3.04777, 3.20330, 0.00000, 3.04777, 3.00828, 2.69963, 2.58681, 22.08586
1728401840, 77107177, 0xDDDD, 0772, 27.43590, 1.22249, 24.12500, 23.43750, 24.31250, 23.62500, 1.33531, 0.03707, 2.50220, 1.19509, 3.06227, 3.19363, 0.00000, 3.05099, 3.00828, 2.69963, 2.56667, 22.26494
1728401840, 77207186, 0xDDDD, 0773, 27.03297, 1.22168, 24.12500, 23.43750, 24.31250, 23.62500, 1.33531, 0.04190, 2.50059, 1.19429, 3.07678, 3.20894, 0.00000, 3.05179, 3.00828, 2.70044, 2.56344, 22.08586
1728401840, 77307177, 0xDDDD, 0774, 27.03297, 1.22168, 24.12500, 23.43750, 24.31250, 23.62500, 1.33531, 0.03626, 2.50220, 1.19106, 3.05260, 3.20007, 0.00000, 3.05260, 3.00747, 2.70044, 2.56344, 22.08586
1728401840, 77407175, 0xDDDD, 0775, 27.43590, 1.22168, 24.12500, 23.43750, 24.31250, 23.62500, 1.33612, 0.03707, 2.50220, 1.18784, 3.06630, 3.20894, 0.00000, 3.05179, 3.00828, 2.70044, 2.56264, 22.26494
1728401840, 77507176, 0xDDDD, 0776, 27.43590, 1.22249, 24.18750, 23.43750, 24.31250, 23.62500, 1.33531, 0.04432, 2.50139, 1.17656, 3.07678, 3.20007, 0.00000, 3.05099, 3.00828, 2.70044, 2.55780, 22.08586
1728401840, 77607185, 0xDDDD, 0777, 27.43590, 1.22249, 24.18750, 23.43750, 24.37500, 23.62500, 1.33531, 0.03626, 2.50139, 1.17495, 3.01150, 3.19121, 0.00000, 3.05260, 3.00828, 2.70044, 2.56183, 22.26494
1728401841, 77707181, 0xDDDD, 0778, 27.43590, 1.22249, 24.18750, 23.43750, 24.37500, 23.62500, 1.33531, 0.04029, 2.50220, 1.19751, 3.02037, 3.20733, 0.00000, 3.04938, 3.00747, 2.70044, 2.56667, 22.08586
1728401841, 77807167, 0xDDDD, 0779, 27.43590, 1.22249, 24.18750, 23.43750, 24.37500, 23.62500, 1.33531, 0.04029, 2.50220, 1.19429, 3.03245, 3.19766, 0.00000, 3.05099, 3.00828, 2.70044, 2.58198, 22.26494
1728401841, 77907170, 0xDDDD, 0780, 27.43590, 1.22249, 24.18750, 23.43750, 24.37500, 23.62500, 1.33531, 0.03788, 2.50220, 1.19026, 3.00586, 3.21216, 0.00000, 3.05179, 3.00828, 2.69963, 2.55861, 22.26494
1728401841, 78007195, 0xDDDD, 0781, 26.63004, 1.22249, 24.12500, 23.43750, 24.37500, 23.62500, 1.33612, 0.04029, 2.50220, 1.18542, 3.01634, 3.19524, 0.00000, 3.05260, 3.00828, 2.69963, 2.56022, 22.08586
1728401841, 78107184, 0xDDDD, 0782, 27.43590, 1.22168, 24.12500, 23.43750, 24.37500, 23.62500, 1.33612, 0.03626, 2.50139, 1.18300, 3.02842, 3.21055, 0.00000, 3.05099, 3.00828, 2.70044, 2.56183, 22.26494
1728401841, 78207177, 0xDDDD, 0783, 27.43590, 1.22249, 24.18750, 23.43750, 24.37500, 23.62500, 1.33531, 0.04190, 2.50139, 1.17978, 3.03890, 3.20168, 0.00000, 3.05099, 3.00828, 2.70044, 2.55941, 22.26494
1728401841, 78307172, 0xDDDD, 0784, 27.43590, 1.22168, 24.18750, 23.43750, 24.37500, 23.62500, 1.33531, 0.04110, 2.50139, 1.19348, 3.05099, 3.19201, 0.00000, 3.05260, 3.00828, 2.69963, 2.55136, 22.08586
1728401841, 78407185, 0xDDDD, 0785, 27.43590, 1.22249, 24.18750, 23.43750, 24.37500, 23.62500, 1.33531, 0.03707, 2.50139, 1.19187, 3.06147, 3.20894, 0.00000, 3.05260, 3.00828, 2.70044, 2.49575, 22.26494
1728401841, 78507175, 0xDDDD, 0786, 27.43590, 1.22249, 24.18750, 23.43750, 24.37500, 23.62500, 1.33531, 0.04110, 2.50220, 1.18703, 3.03487, 3.19846, 0.00000, 3.05341, 3.00908, 2.69963, 2.56183, 22.08586
1728401841, 78607182, 0xDDDD, 0787, 27.43590, 1.22330, 24.18750, 23.43750, 24.37500, 23.68750, 1.33531, 0.03465, 2.50139, 1.18300, 3.04535, 3.20733, 0.00000, 3.05260, 3.00828, 2.69963, 2.56264, 22.08586
1728401842, 78707184, 0xDDDD, 0788, 27.43590, 1.22249, 24.18750, 23.43750, 24.37500, 23.68750, 1.33531, 0.04271, 2.50300, 1.17817, 3.05502, 3.19685, 0.00000, 3.05179, 3.00828, 2.69963, 2.56022, 22.26494
1728401842, 78807199, 0xDDDD, 0789, 27.43590, 1.22249, 24.18750, 23.43750, 24.31250, 23.62500, 1.33612, 0.03788, 2.50220, 1.17414, 3.06630, 3.21136, 0.00000, 3.05179, 3.00828, 2.70044, 2.56183, 22.08586
1728401842, 78907173, 0xDDDD, 0790, 27.43590, 1.22168, 24.18750, 23.43750, 24.31250, 23.62500, 1.33531, 0.03707, 2.50139, 1.19670, 3.07597, 3.20168, 0.00000, 3.05179, 3.00908, 2.69963, 2.52234, 22.26494
1728401842, 79007181, 0xDDDD, 0791, 27.43590, 1.22249, 24.18750, 23.43750, 24.37500, 23.62500, 1.33531, 0.04029, 2.50220, 1.18381, 3.09209, 3.19121, 0.00000, 3.05179, 3.00747, 2.69883, 2.56425, 21.90678
1728401842, 79107179, 0xDDDD, 0792, 27.03297, 1.22168, 24.18750, 23.43750, 24.37500, 23.62500, 1.33531, 0.03949, 2.50220, 1.17897, 3.01311, 3.20652, 0.00000, 3.05341, 3.00828, 2.70044, 2.56022, 22.08586
1728401842, 79207183, 0xDDDD, 0793, 27.03297, 1.22168, 24.18750, 23.43750, 24.37500, 23.62500, 1.33531, 0.04190, 2.50220, 1.19590, 3.06549, 3.19524, 0.00000, 3.05179, 3.00828, 2.70044, 2.56183, 22.08586
1728401842, 79307181, 0xDDDD, 0794, 27.03297, 1.22249, 24.18750, 23.43750, 24.37500, 23.62500, 1.29824, 0.03626, 2.50220, 1.19348, 3.07516, 3.20330, 0.00000, 3.04938, 3.00828, 2.69963, 2.56103, 21.72771
1728401842, 79407183, 0xDDDD, 0795, 27.43590, 1.22249, 24.18750, 23.43750, 24.37500, 23.62500, 1.33531, 0.03546, 2.50220, 1.18864, 3.00344, 3.19201, 0.00000, 3.04938, 3.00747, 2.69963, 2.56344, 22.08586
1728401842, 79507183, 0xDDDD, 0796, 27.03297, 1.22249, 24.18750, 23.43750, 24.37500, 23.62500, 1.33612, 0.03465, 2.50220, 1.18381, 3.01231, 3.20652, 0.00000, 3.05260, 3.00828, 2.69963, 2.56264, 22.08586
1728401842, 79607172, 0xDDDD, 0797, 27.43590, 1.22249, 24.18750, 23.43750, 24.37500, 23.62500, 1.33531, 0.03949, 2.50220, 1.18059, 3.02117, 3.19604, 0.00000, 3.05099, 3.00828, 2.69963, 2.56989, 22.08586
1728401843, 79707182, 0xDDDD, 0798, 27.43590, 1.22249, 24.12500, 23.43750, 24.37500, 23.62500, 1.33531, 0.03949, 2.50220, 1.17575, 3.02762, 3.21136, 0.00000, 3.05179, 3.00747, 2.69963, 2.56183, 22.26494
1728401843, 79807181, 0xDDDD, 0799, 27.43590, 1.22249, 24.12500, 23.43750, 24.37500, 23.62500, 1.33531, 0.04190, 2.50220, 1.18864, 3.08161, 3.20168, 0.00000, 3.05099, 3.00908, 2.70044, 2.55861, 22.26494
1728401843, 79907175, 0xDDDD, 0800, 27.03297, 1.22249, 24.18750, 23.43750, 24.37500, 23.62500, 1.33451, 0.03626, 2.50220, 1.18462, 3.00586, 3.20974, 0.00000, 3.05018, 3.00828, 2.70044, 2.56183, 22.08586
1728401843, 80007176, 0xDDDD, 0801, 27.43590, 1.22249, 24.18750, 23.43750, 24.37500, 23.62500, 1.33531, 0.03707, 2.50220, 1.17978, 3.01473, 3.20007, 0.00000, 3.04938, 3.00828, 2.70125, 2.55700, 21.90678
1728401843, 80107174, 0xDDDD, 0802, 27.43590, 1.22249, 24.18750, 23.43750, 24.37500, 23.62500, 1.33128, 0.03949, 2.50139, 1.17656, 3.02278, 3.18879, 0.00000, 3.05099, 3.00828, 2.70044, 2.56183, 22.26494
1728401843, 80207171, 0xDDDD, 0803, 27.03297, 1.22249, 24.12500, 23.43750, 24.37500, 23.62500, 1.33531, 0.03626, 2.50220, 1.20154, 3.03084, 3.20330, 0.00000, 3.05341, 3.00828, 2.69963, 2.61905, 22.26494
1728401843, 80307169, 0xDDDD, 0804, 27.43590, 1.22249, 24.12500, 23.43750, 24.37500, 23.62500, 1.33612, 0.03546, 2.50220, 1.19509, 3.03810, 3.19282, 0.00000, 3.05179, 3.00828, 2.70044, 2.52396, 22.26494
1728401843, 80407172, 0xDDDD, 0805, 27.43590, 1.22249, 24.12500, 23.43750, 24.37500, 23.62500, 1.33531, 0.03062, 2.50300, 1.19106, 3.00747, 3.20813, 0.00000, 3.05179, 3.00828, 2.69963, 2.56022, 22.26494
1728401843, 80507185, 0xDDDD, 0806, 27.03297, 1.22249, 24.12500, 23.43750, 24.37500, 23.62500, 1.33531, 0.04110, 2.50220, 1.18542, 3.01553, 3.19040, 0.00000, 3.05179, 3.00828, 2.70125, 2.55861, 22.08586
1728401843, 80607200, 0xDDDD, 0807, 27.03297, 1.22249, 24.18750, 23.43750, 24.37500, 23.62500, 1.33612, 0.03949, 2.50220, 1.18139, 3.02198, 3.20410, 0.00000, 3.05018, 3.00828, 2.69963, 2.55941, 22.26494
1728401844, 80707171, 0xDDDD, 0808, 27.43590, 1.22168, 24.18750, 23.43750, 24.37500, 23.62500, 1.33612, 0.03626, 2.50220, 1.19429, 3.02923, 3.19282, 0.00000, 3.05099, 3.00747, 2.69963, 2.56103, 22.26494
1728401844, 80807173, 0xDDDD, 0809, 27.43590, 1.22249, 24.18750, 23.43750, 24.37500, 23.62500, 1.33451, 0.04432, 2.50139, 1.18945, 3.03487, 3.20813, 0.00000, 3.04454, 3.00828, 2.70044, 2.56425, 22.08586
1728401844, 80907183, 0xDDDD, 0810, 27.83883, 1.22330, 24.12500, 23.43750, 24.43750, 23.62500, 1.33451, 0.04432, 2.50300, 1.18381, 3.03810, 3.19524, 0.00000, 3.05099, 3.00747, 2.70125, 2.53282, 21.90678
1728401844, 81007163, 0xDDDD, 0811, 27.03297, 1.22249, 24.12500, 23.43750, 24.43750, 23.62500, 1.33451, 0.04271, 2.50139, 1.18059, 3.02037, 3.20974, 0.00000, 3.05260, 3.00667, 2.69963, 2.56183, 22.08586
1728401844, 81107182, 0xDDDD, 0812, 27.43590, 1.22168, 24.18750, 23.43750, 24.43750, 23.62500, 1.33531, 0.04271, 2.50220, 1.17575, 3.06952, 3.19927, 0.00000, 3.05099, 3.00828, 2.70044, 2.56264, 22.08586
1728401844, 81207183, 0xDDDD, 0813, 27.43590, 1.22249, 24.18750, 23.43750, 24.43750, 23.68750, 1.33531, 0.03626, 2.50139, 1.19509, 3.07436, 3.20491, 0.00000, 3.04857, 3.00828, 2.69963, 2.56344, 21.54863
1728401844, 81307186, 0xDDDD, 0814, 27.03297, 1.22249, 24.18750, 23.43750, 24.43750, 23.68750, 1.33451, 0.04110, 2.50220, 1.18864, 3.07919, 3.19443, 0.00000, 3.04857, 3.00828, 2.69883, 2.56183, 22.08586
1728401844, 81407169, 0xDDDD, 0815, 27.43590, 1.22249, 24.18750, 23.43750, 24.37500, 23.68750, 1.33612, 0.03465, 2.50139, 1.17414, 3.09451, 3.20894, 0.00000, 3.05018, 3.00747, 2.70125, 2.56264, 22.08586
1728401844, 81507191, 0xDDDD, 0816, 27.43590, 1.22249, 24.18750, 23.43750, 24.37500, 23.62500, 1.33531, 0.03949, 2.50059, 1.19267, 3.00667, 3.19766, 0.00000, 3.05179, 3.00908, 2.70044, 2.54168, 22.08586
1728401844, 81607175, 0xDDDD, 0817, 27.43590, 1.22249, 24.18750, 23.43750, 24.37500, 23.62500, 1.33531, 0.03788, 2.50220, 1.18542, 3.01231, 3.21136, 0.00000, 3.04535, 3.00747, 2.69963, 2.56103, 22.26494
1728401845, 81707163, 0xDDDD, 0818, 27.43590, 1.22249, 24.18750, 23.43750, 24.37500, 23.62500, 1.33531, 0.03626, 2.50220, 1.17978, 3.06147, 3.19927, 0.00000, 3.04938, 3.00828, 2.69963, 2.55861, 22.08586
1728401845, 81807174, 0xDDDD, 0819, 27.43590, 1.22249, 24.18750, 23.43750, 24.37500, 23.62500, 1.33451, 0.04916, 2.50220, 1.17495, 3.06388, 3.20491, 0.00000, 3.05018, 3.00828, 2.70044, 2.56103, 22.26494
1728401845, 81907187, 0xDDDD, 0820, 27.03297, 1.22249, 24.18750, 23.43750, 24.37500, 23.62500, 1.33531, 0.04110, 2.50220, 1.19429, 3.06469, 3.19363, 0.00000, 3.05099, 3.00828, 2.69963, 2.55861, 22.26494
1728401845, 82007181, 0xDDDD, 0821, 27.43590, 1.22249, 24.18750, 23.43750, 24.37500, 23.62500, 1.33531, 0.03626, 2.50220, 1.18864, 3.06791, 3.20733, 0.00000, 3.05179, 3.00828, 2.69963, 2.56344, 22.26494
1728401845, 82107175, 0xDDDD, 0822, 27.03297, 1.22249, 24.18750, 23.43750, 24.37500, 23.62500, 1.33531, 0.03868, 2.50220, 1.19590, 3.06872, 3.19604, 0.00000, 3.04938, 3.00828, 2.70044, 2.60212, 22.08586
1728401845, 82207187, 0xDDDD, 0823, 27.03297, 1.22168, 24.18750, 23.43750, 24.37500, 23.68750, 1.33451, 0.04432, 2.50220, 1.19187, 3.07033, 3.21055, 0.00000, 3.04857, 3.00828, 2.69963, 2.55941, 22.08586
1728401845, 82307179, 0xDDDD, 0824, 27.43590, 1.22168, 24.18750, 23.43750, 24.37500, 23.68750, 1.33531, 0.03626, 2.50220, 1.18300, 3.03487, 3.19927, 0.00000, 3.05099, 3.00828, 2.69963, 2.56103, 22.08586
1728401845, 82407180, 0xDDDD, 0825, 27.43590, 1.22249, 24.18750, 23.43750, 24.37500, 23.62500, 1.33531, 0.03626, 2.50220, 1.17575, 3.03729, 3.20491, 0.00000, 3.05099, 3.00828, 2.70044, 2.56264, 22.08586
1728401845, 82507171, 0xDDDD, 0826, 27.83883, 1.22249, 24.18750, 23.43750, 24.37500, 23.62500, 1.33289, 0.03949, 2.50139, 1.19429, 3.04212, 3.19282, 0.00000, 3.05099, 3.00747, 2.70044, 2.56022, 22.08586
1728401845, 82607169, 0xDDDD, 0827, 27.43590, 1.22249, 24.18750, 23.43750, 24.37500, 23.62500, 1.33451, 0.03626, 2.50220, 1.18623, 3.04535, 3.20652, 0.00000, 3.05260, 3.00828, 2.70044, 2.55780, 22.26494
1728401846, 82707180, 0xDDDD, 0828, 27.43590, 1.22249, 24.18750, 23.43750, 24.37500, 23.62500, 1.33612, 0.03626, 2.50139, 1.17817, 3.05099, 3.19443, 0.00000, 3.05018, 3.00828, 2.70125, 2.57714, 22.26494
1728401846, 82807181, 0xDDDD, 0829, 27.43590, 1.22249, 24.18750, 23.50000, 24.37500, 23.62500, 1.33612, 0.03868, 2.50220, 1.19590, 3.05099, 3.20813, 0.00000, 3.05018, 3.00828, 2.70044, 2.54330, 22.08586
1728401846, 82907171, 0xDDDD, 0830, 27.83883, 1.22249, 24.18750, 23.50000, 24.37500, 23.68750, 1.33612, 0.04190, 2.50220, 1.18784, 3.01392, 3.19524, 0.00000, 3.05260, 3.00828, 2.69883, 2.56022, 22.08586
1728401846, 83007177, 0xDDDD, 0831, 27.43590, 1.22249, 24.18750, 23.43750, 24.37500, 23.68750, 1.33612, 0.04029, 2.50220, 1.19751, 3.01473, 3.20733, 0.00000, 3.05341, 3.00828, 2.70044, 2.55780, 22.08586
1728401846, 83107199, 0xDDDD, 0832, 27.43590, 1.22249, 24.18750, 23.43750, 24.37500, 23.68750, 1.33531, 0.04755, 2.50220, 1.18784, 3.01473, 3.18879, 0.00000, 3.05179, 3.00828, 2.70044, 2.56183, 22.26494
1728401846, 83207175, 0xDDDD, 0833, 27.43590, 1.22249, 24.18750, 23.50000, 24.37500, 23.62500, 1.33531, 0.04029, 2.50300, 1.17897, 3.01634, 3.20249, 0.00000, 3.05099, 3.00747, 2.70125, 2.56103, 22.26494
1728401846, 83307165, 0xDDDD, 0834, 27.43590, 1.22249, 24.18750, 23.50000, 24.43750, 23.62500, 1.33612, 0.03546, 2.50220, 1.19590, 3.01875, 3.19282, 0.00000, 3.05179, 3.00828, 2.70044, 2.55861, 22.08586
1728401846, 83407180, 0xDDDD, 0835, 27.43590, 1.22249, 24.18750, 23.50000, 24.43750, 23.62500, 1.33531, 0.03626, 2.50139, 1.18784, 3.02037, 3.20491, 0.00000, 3.04938, 3.00828, 2.69963, 2.61502, 22.26494
1728401846, 83507185, 0xDDDD, 0836, 27.43590, 1.22168, 24.18750, 23.50000, 24.43750, 23.62500, 1.33612, 0.03546, 2.50381, 1.17897, 3.02117, 3.19201, 0.00000, 3.05179, 3.00828, 2.69963, 2.55941, 22.26494
1728401846, 83607174, 0xDDDD, 0837, 27.03297, 1.22249, 24.18750, 23.50000, 24.37500, 23.62500, 1.33531, 0.02579, 2.50220, 1.19509, 3.06469, 3.20571, 0.00000, 3.05179, 3.00828, 2.69802, 2.56425, 22.26494
1728401847, 83707178, 0xDDDD, 0838, 27.43590, 1.22249, 24.18750, 23.43750, 24.37500, 23.68750, 1.33531, 0.03788, 2.50220, 1.18542, 3.06630, 3.21216, 0.00000, 3.04696, 3.00828, 2.70044, 2.56264, 22.08586
1728401847, 83807176, 0xDDDD, 0839, 27.43590, 1.22249, 24.18750, 23.43750, 24.37500, 23.68750, 1.33612, 0.03868, 2.50220, 1.19348, 3.06549, 3.20007, 0.00000, 3.05018, 3.00747, 2.70044, 2.56183, 22.08586
1728401847, 83907199, 0xDDDD, 0840, 27.43590, 1.22249, 24.18750, 23.43750, 24.37500, 23.68750, 1.33531, 0.03788, 2.50220, 1.18381, 3.06630, 3.18799, 0.00000, 3.05099, 3.00828, 2.70044, 2.56103, 22.26494
1728401847, 84007183, 0xDDDD, 0841, 27.43590, 1.22249, 24.18750, 23.43750, 24.37500, 23.68750, 1.33531, 0.03949, 2.50220, 1.19670, 3.06791, 3.20088, 0.00000, 3.05099, 3.00828, 2.70125, 2.56747, 22.08586
1728401847, 84107173, 0xDDDD, 0842, 27.03297, 1.22168, 24.18750, 23.43750, 24.37500, 23.62500, 1.33531, 0.03707, 2.50300, 1.19026, 3.06791, 3.18879, 0.00000, 3.05179, 3.00828, 2.70044, 2.61341, 22.26494
1728401847, 84207173, 0xDDDD, 0843, 27.43590, 1.22168, 24.18750, 23.43750, 24.37500, 23.62500, 1.33612, 0.03626, 2.50220, 1.18059, 3.02762, 3.20249, 0.00000, 3.05099, 3.00828, 2.69963, 2.55861, 22.08586
1728401847, 84307173, 0xDDDD, 0844, 27.43590, 1.22168, 24.25000, 23.43750, 24.43750, 23.62500, 1.33531, 0.03546, 2.50220, 1.19751, 3.02681, 3.20733, 0.00000, 3.05099, 3.00828, 2.70044, 2.55941, 22.26494
1728401847, 84407185, 0xDDDD, 0845, 27.03297, 1.22249, 24.25000, 23.43750, 24.43750, 23.62500, 1.33531, 0.03626, 2.50220, 1.18703, 3.02520, 3.19604, 0.00000, 3.05099, 3.00828, 2.70044, 2.56183, 22.08586
1728401847, 84507185, 0xDDDD, 0846, 27.43590, 1.22249, 24.18750, 23.43750, 24.43750, 23.62500, 1.34095, 0.03626, 2.50220, 1.17656, 3.02117, 3.20813, 0.00000, 3.04938, 3.00747, 2.69883, 2.56183, 22.08586
1728401847, 84607165, 0xDDDD, 0847, 27.43590, 1.22249, 24.18750, 23.43750, 24.43750, 23.62500, 1.33531, 0.03868, 2.50220, 1.18381, 3.01795, 3.19604, 0.00000, 3.05179, 3.00828, 2.70125, 2.60212, 22.26494
1728401848, 84707200, 0xDDDD, 0848, 27.43590, 1.22249, 24.18750, 23.43750, 24.43750, 23.62500, 1.33531, 0.04432, 2.50220, 1.19670, 3.01553, 3.20894, 0.00000, 3.05099, 3.00828, 2.70044, 2.60938, 22.26494
1728401848, 84807178, 0xDDDD, 0849, 27.43590, 1.22249, 24.18750, 23.43750, 24.37500, 23.62500, 1.33531, 0.04190, 2.50220, 1.18945, 3.05824, 3.19685, 0.00000, 3.05018, 3.00828, 2.69963, 2.56264, 22.08586
1728401848, 84907167, 0xDDDD, 0850, 27.43590, 1.22168, 24.18750, 23.43750, 24.37500, 23.62500, 1.33531, 0.04271, 2.50139, 1.17897, 3.05502, 3.20330, 0.00000, 3.05179, 3.00828, 2.70125, 2.56022, 22.26494
1728401848, 85007183, 0xDDDD, 0851, 27.43590, 1.22168, 24.25000, 23.43750, 24.43750, 23.62500, 1.33612, 0.03304, 2.50220, 1.19509, 3.05582, 3.19201, 0.00000, 3.05018, 3.00828, 2.70044, 2.56103, 22.26494
1728401848, 85107174, 0xDDDD, 0852, 27.43590, 1.22168, 24.25000, 23.43750, 24.43750, 23.68750, 1.33531, 0.04190, 2.50220, 1.18381, 3.05341, 3.20571, 0.00000, 3.05179, 3.00828, 2.69963, 2.56022, 22.26494
1728401848, 85207175, 0xDDDD, 0853, 27.03297, 1.22249, 24.25000, 23.43750, 24.43750, 23.68750, 1.33531, 0.03788, 2.50139, 1.19509, 3.05099, 3.19363, 0.00000, 3.05421, 3.00747, 2.69883, 2.56103, 22.26494
1728401848, 85307188, 0xDDDD, 0854, 27.43590, 1.22249, 24.25000, 23.43750, 24.43750, 23.68750, 1.33531, 0.04190, 2.50220, 1.17978, 3.04696, 3.20571, 0.00000, 3.05179, 3.00747, 2.69963, 2.56505, 22.26494
1728401848, 85407172, 0xDDDD, 0855, 27.83883, 1.22249, 24.25000, 23.43750, 24.43750, 23.68750, 1.33531, 0.03626, 2.50300, 1.19348, 3.04535, 3.19282, 0.00000, 3.05260, 3.00828, 2.69963, 2.55941, 22.08586
1728401848, 85507176, 0xDDDD, 0856, 27.83883, 1.22249, 24.18750, 23.43750, 24.43750, 23.68750, 1.33531, 0.03949, 2.50220, 1.18381, 3.00667, 3.20571, 0.00000, 3.04857, 3.00828, 2.70044, 2.56103, 22.26494
1728401848, 85607184, 0xDDDD, 0857, 27.03297, 1.22249, 24.18750, 23.43750, 24.43750, 23.62500, 1.27971, 0.04029, 2.50220, 1.19751, 3.03407, 3.18799, 0.00000, 3.05099, 3.00828, 2.69963, 2.56183, 21.54863
1728401849, 85707172, 0xDDDD, 0858, 27.43590, 1.22249, 24.25000, 23.43750, 24.43750, 23.62500, 1.33370, 0.03546, 2.50220, 1.18864, 3.08081, 3.20007, 0.00000, 3.05099, 3.00747, 2.70044, 2.56344, 22.26494
1728401849, 85807186, 0xDDDD, 0859, 27.03297, 1.22168, 24.25000, 23.43750, 24.43750, 23.68750, 1.33531, 0.03707, 2.50220, 1.17656, 3.07678, 3.21297, 0.00000, 3.05099, 3.00828, 2.70044, 2.56344, 22.08586
1728401849, 85907177, 0xDDDD, 0860, 27.03297, 1.22249, 24.25000, 23.50000, 24.43750, 23.68750, 1.33612, 0.03868, 2.50139, 1.19187, 3.07033, 3.19927, 0.00000, 3.05179, 3.00828, 2.70044, 2.55538, 22.26494
1728401849, 86007182, 0xDDDD, 0861, 27.03297, 1.22249, 24.25000, 23.50000, 24.37500, 23.68750, 1.33451, 0.04593, 2.50220, 1.18059, 3.06791, 3.18799, 0.00000, 3.05018, 3.00828, 2.69963, 2.57392, 22.26494
1728401849, 86107185, 0xDDDD, 0862, 27.43590, 1.22168, 24.25000, 23.50000, 24.37500, 23.68750, 1.33531, 0.03546, 2.50139, 1.18784, 3.02923, 3.20007, 0.00000, 3.05099, 3.00828, 2.70044, 2.56183, 22.08586
1728401849, 86207179, 0xDDDD, 0863, 27.43590, 1.22249, 24.25000, 23.50000, 24.43750, 23.68750, 1.33531, 0.03546, 2.50220, 1.17575, 3.02278, 3.20330, 0.00000, 3.05099, 3.00828, 2.70125, 2.56264, 22.26494
1728401849, 86307184, 0xDDDD, 0864, 27.43590, 1.22249, 24.25000, 23.50000, 24.43750, 23.62500, 1.33531, 0.03626, 2.50139, 1.18945, 3.01714, 3.19282, 0.00000, 3.04938, 3.00828, 2.70044, 2.55861, 22.26494
1728401849, 86407164, 0xDDDD, 0865, 27.03297, 1.22249, 24.25000, 23.50000, 24.43750, 23.62500, 1.33612, 0.03788, 2.50139, 1.17656, 3.01150, 3.20491, 0.00000, 3.05179, 3.00828, 2.70044, 2.56344, 22.26494
1728401849, 86507163, 0xDDDD, 0866, 27.43590, 1.22249, 24.25000, 23.50000, 24.43750, 23.62500, 1.33531, 0.03546, 2.50220, 1.19026, 3.00747, 3.19282, 0.00000, 3.05099, 3.00828, 2.69963, 2.60938, 22.08586
1728401849, 86607177, 0xDDDD, 0867, 27.43590, 1.22249, 24.25000, 23.50000, 24.43750, 23.62500, 1.33531, 0.03546, 2.50139, 1.17656, 3.01231, 3.20491, 0.00000, 3.05099, 3.00828, 2.70044, 2.61502, 22.26494
1728401850, 86707174, 0xDDDD, 0868, 27.43590, 1.22088, 24.18750, 23.50000, 24.43750, 23.62500, 1.33451, 0.04029, 2.50220, 1.19026, 3.03729, 3.19121, 0.00000, 3.05018, 3.00828, 2.69963, 2.56183, 22.26494
1728401850, 86807186, 0xDDDD, 0869, 27.43590, 1.22249, 24.18750, 23.50000, 24.43750, 23.62500, 1.33531, 0.03626, 2.50220, 1.17817, 3.03407, 3.19604, 0.00000, 3.05099, 3.00828, 2.70044, 2.55941, 22.26494
1728401850, 86907200, 0xDDDD, 0870, 27.43590, 1.22168, 24.25000, 23.50000, 24.37500, 23.62500, 1.33128, 0.03707, 2.50139, 1.18300, 3.02842, 3.20733, 0.00000, 3.05018, 3.00828, 2.69963, 2.56264, 22.08586
1728401850, 87007177, 0xDDDD, 0871, 27.03297, 1.22249, 24.25000, 23.50000, 24.37500, 23.68750, 1.33531, 0.03707, 2.50220, 1.19590, 3.02198, 3.19443, 0.00000, 3.05179, 3.00828, 2.70125, 2.56264, 22.26494
1728401850, 87107168, 0xDDDD, 0872, 27.43590, 1.22249, 24.25000, 23.50000, 24.37500, 23.68750, 1.33531, 0.04593, 2.50139, 1.18300, 3.01714, 3.20571, 0.00000, 3.05179, 3.00828, 2.70125, 2.54007, 22.26494
1728401850, 87207191, 0xDDDD, 0873, 27.03297, 1.22249, 24.25000, 23.50000, 24.43750, 23.68750, 1.33531, 0.03465, 2.50220, 1.19509, 3.01231, 3.19201, 0.00000, 3.05018, 3.00747, 2.69963, 2.52476, 22.26494
1728401850, 87307164, 0xDDDD, 0874, 27.03297, 1.22249, 24.25000, 23.43750, 24.43750, 23.68750, 1.33531, 0.03707, 2.50220, 1.18300, 3.00586, 3.20330, 0.00000, 3.05099, 3.00828, 2.70044, 2.56103, 22.08586
1728401850, 87407185, 0xDDDD, 0875, 27.03297, 1.22249, 24.25000, 23.43750, 24.43750, 23.68750, 1.33531, 0.02901, 2.50220, 1.19590, 3.04051, 3.19201, 0.00000, 3.05018, 3.00828, 2.70044, 2.56022, 22.26494
1728401850, 87507174, 0xDDDD, 0876, 27.43590, 1.22249, 24.25000, 23.43750, 24.43750, 23.62500, 1.34015, 0.01934, 2.50220, 1.18381, 3.03084, 3.19524, 0.00000, 3.05179, 3.00828, 2.70125, 2.56183, 21.72771
1728401850, 87607172, 0xDDDD, 0877, 27.83883, 1.22249, 24.25000, 23.43750, 24.43750, 23.62500, 1.33531, 0.03788, 2.50139, 1.19590, 3.02440, 3.20813, 0.00000, 3.05018, 3.00828, 2.70044, 2.56103, 22.26494
1728401851, 87707173, 0xDDDD, 0878, 27.43590, 1.22249, 24.25000, 23.43750, 24.43750, 23.62500, 1.33531, 0.03546, 2.50139, 1.17414, 3.01553, 3.19363, 0.00000, 3.05179, 3.00828, 2.70125, 2.56264, 22.08586
1728401851, 87807191, 0xDDDD, 0879, 27.03297, 1.22249, 24.25000, 23.50000, 24.43750, 23.62500, 1.33531, 0.03868, 2.50220, 1.18623, 3.00989, 3.20571, 0.00000, 3.05099, 3.00747, 2.69963, 2.55861, 22.26494
1728401851, 87907175, 0xDDDD, 0880, 27.43590, 1.22249, 24.25000, 23.50000, 24.37500, 23.62500, 1.33531, 0.04029, 2.50220, 1.19993, 3.08403, 3.19201, 0.00000, 3.05099, 3.00828, 2.70044, 2.56344, 22.26494
1728401851, 88007168, 0xDDDD, 0881, 27.43590, 1.22168, 24.25000, 23.50000, 24.37500, 23.68750, 1.33451, 0.03465, 2.50139, 1.18542, 3.03487, 3.20330, 0.00000, 3.05179, 3.00828, 2.70205, 2.56344, 22.26494
1728401851, 88107174, 0xDDDD, 0882, 27.03297, 1.22168, 24.25000, 23.50000, 24.43750, 23.68750, 1.33531, 0.03546, 2.50220, 1.19832, 3.02440, 3.20733, 0.00000, 3.05260, 3.00828, 2.70044, 2.56183, 22.08586
1728401851, 88207186, 0xDDDD, 0883, 27.43590, 1.22249, 24.25000, 23.50000, 24.43750, 23.68750, 1.33531, 0.04110, 2.50220, 1.18462, 3.01150, 3.19363, 0.00000, 3.05341, 3.00908, 2.69883, 2.55941, 22.08586
1728401851, 88307178, 0xDDDD, 0884, 27.43590, 1.22168, 24.25000, 23.50000, 24.43750, 23.68750, 1.33531, 0.04271, 2.50220, 1.19590, 3.00344, 3.20491, 0.00000, 3.04615, 3.00828, 2.70044, 2.55861, 22.26494
1728401851, 88407174, 0xDDDD, 0885, 27.43590, 1.22249, 24.18750, 23.50000, 24.43750, 23.68750, 1.33531, 0.04271, 2.50220, 1.19912, 3.08000, 3.19201, 0.00000, 3.05099, 3.00828, 2.69963, 2.48044, 22.08586
1728401851, 88507178, 0xDDDD, 0886, 27.43590, 1.22249, 24.18750, 23.50000, 24.43750, 23.68750, 1.33531, 0.03788, 2.50220, 1.18542, 3.06872, 3.20330, 0.00000, 3.04696, 3.00828, 2.70044, 2.56425, 22.26494
1728401851, 88607185, 0xDDDD, 0887, 27.03297, 1.22249, 24.25000, 23.50000, 24.43750, 23.68750, 1.33531, 0.03626, 2.50139, 1.19751, 3.02359, 3.18879, 0.00000, 3.05179, 3.00828, 2.69963, 2.55861, 22.26494
1728401852, 88707183, 0xDDDD, 0888, 27.43590, 1.22168, 24.25000, 23.50000, 24.43750, 23.68750, 1.33531, 0.04110, 2.50220, 1.18300, 3.01473, 3.19282, 0.00000, 3.05099, 3.00828, 2.69963, 2.56103, 22.08586
1728401852, 88807171, 0xDDDD, 0889, 27.43590, 1.22249, 24.25000, 23.50000, 24.43750, 23.68750, 1.33531, 0.04593, 2.50220, 1.19429, 3.08000, 3.20330, 0.00000, 3.05099, 3.00828, 2.70044, 2.55861, 22.26494
1728401852, 88907172, 0xDDDD, 0890, 27.03297, 1.22168, 24.25000, 23.50000, 24.43750, 23.68750, 1.33451, 0.04432, 2.50220, 1.17978, 3.07194, 3.18960, 0.00000, 3.04857, 3.00828, 2.70044, 2.56022, 22.08586
1728401852, 89007185, 0xDDDD, 0891, 27.43590, 1.22249, 24.25000, 23.50000, 24.43750, 23.62500, 1.33612, 0.03546, 2.50220, 1.19026, 3.05905, 3.20007, 0.00000, 3.05099, 3.00828, 2.70125, 2.57634, 21.90678
1728401852, 89107174, 0xDDDD, 0892, 27.43590, 1.22249, 24.25000, 23.50000, 24.50000, 23.62500, 1.33531, 0.03788, 2.50220, 1.17495, 3.04857, 3.20652, 0.00000, 3.05179, 3.00828, 2.70044, 2.57070, 22.08586
1728401852, 89207175, 0xDDDD, 0893, 27.03297, 1.22168, 24.25000, 23.50000, 24.50000, 23.62500, 1.33531, 0.03707, 2.50220, 1.17817, 3.08484, 3.19846, 0.00000, 3.05179, 3.00908, 2.70125, 2.55861, 22.08586
1728401852, 89307174, 0xDDDD, 0894, 27.43590, 1.22249, 24.25000, 23.50000, 24.43750, 23.62500, 1.33531, 0.03707, 2.50220, 1.18864, 3.07114, 3.20813, 0.00000, 3.05018, 3.00828, 2.69963, 2.56425, 22.08586
1728401852, 89407188, 0xDDDD, 0895, 27.43590, 1.22249, 24.25000, 23.50000, 24.43750, 23.68750, 1.33531, 0.04352, 2.50139, 1.20637, 3.06227, 3.18879, 0.00000, 3.05099, 3.00828, 2.70125, 2.55941, 21.90678
1728401852, 89507176, 0xDDDD, 0896, 27.43590, 1.22249, 24.25000, 23.43750, 24.43750, 23.68750, 1.33451, 0.04190, 2.50220, 1.18381, 3.05099, 3.19846, 0.00000, 3.05099, 3.00747, 2.70044, 2.56022, 22.08586
1728401852, 89607171, 0xDDDD, 0897, 27.03297, 1.22249, 24.25000, 23.43750, 24.43750, 23.68750, 1.33531, 0.03707, 2.50220, 1.19509, 3.03729, 3.20813, 0.00000, 3.05179, 3.00747, 2.70044, 2.57634, 22.08586
1728401853, 89707185, 0xDDDD, 0898, 27.83883, 1.22249, 24.25000, 23.43750, 24.43750, 23.68750, 1.33612, 0.03465, 2.50139, 1.17978, 3.02440, 3.19443, 0.00000, 3.05260, 3.00828, 2.70125, 2.53443, 22.08586
1728401853, 89807165, 0xDDDD, 0899, 27.03297, 1.22249, 24.25000, 23.50000, 24.37500, 23.68750, 1.33531, 0.03465, 2.50139, 1.18864, 3.01150, 3.20491, 0.00000, 3.05260, 3.00828, 2.69963, 2.55941, 22.08586
1728401853, 89907174, 0xDDDD, 0900, 27.43590, 1.22249, 24.25000, 23.50000, 24.37500, 23.68750, 1.33531, 0.04755, 2.50220, 1.19590, 3.04132, 3.19040, 0.00000, 3.04696, 3.00828, 2.69963, 2.56103, 22.26494
1728401853, 90007183, 0xDDDD, 0901, 27.43590, 1.22249, 24.25000, 23.43750, 24.37500, 23.68750, 1.33612, 0.03626, 2.50139, 1.18139, 3.02762, 3.19524, 0.00000, 3.04696, 3.00828, 2.70044, 2.56103, 22.08586
1728401853, 90107180, 0xDDDD, 0902, 27.43590, 1.22249, 24.25000, 23.43750, 24.43750, 23.68750, 1.33451, 0.04190, 2.50220, 1.18381, 3.01473, 3.20652, 0.00000, 3.05260, 3.00828, 2.70125, 2.55700, 22.26494
1728401853, 90207184, 0xDDDD, 0903, 27.03297, 1.22249, 24.25000, 23.50000, 24.43750, 23.68750, 1.33612, 0.03707, 2.50220, 1.19348, 3.08161, 3.19121, 0.00000, 3.05179, 3.00828, 2.70125, 2.56425, 22.26494
1728401853, 90307183, 0xDDDD, 0904, 27.43590, 1.22249, 24.25000, 23.50000, 24.43750, 23.68750, 1.33451, 0.04432, 2.50220, 1.17736, 3.07033, 3.20168, 0.00000, 3.05099, 3.00828, 2.70125, 2.55861, 22.08586
1728401853, 90407175, 0xDDDD, 0905, 27.03297, 1.22249, 24.25000, 23.50000, 24.43750, 23.68750, 1.33531, 0.04029, 2.50220, 1.18703, 3.05341, 3.21377, 0.00000, 3.05099, 3.00828, 2.70044, 2.54330, 22.26494
1728401853, 90507165, 0xDDDD, 0906, 27.43590, 1.22249, 24.25000, 23.50000, 24.43750, 23.68750, 1.33531, 0.03788, 2.50220, 1.19670, 3.08242, 3.19766, 0.00000, 3.05260, 3.00828, 2.69963, 2.55941, 22.08586
1728401853, 90607175, 0xDDDD, 0907, 27.43590, 1.22249, 24.25000, 23.50000, 24.43750, 23.68750, 1.33531, 0.04190, 2.50220, 1.17978, 3.06791, 3.20168, 0.00000, 3.05099, 3.00828, 2.70044, 2.56022, 22.26494
1728401854, 90707190, 0xDDDD, 0908, 27.43590, 1.22249, 24.25000, 23.50000, 24.43750, 23.62500, 1.33451, 0.04674, 2.50139, 1.18864, 3.05179, 3.18879, 0.00000, 3.05179, 3.00828, 2.70044, 2.55861, 22.26494
1728401854, 90807186, 0xDDDD, 0909, 27.83883, 1.22249, 24.25000, 23.50000, 24.43750, 23.62500, 1.33451, 0.04432, 2.50220, 1.18864, 3.03648, 3.19927, 0.00000, 3.05179, 3.00747, 2.69883, 2.55941, 22.26494
1728401854, 90907166, 0xDDDD, 0910, 27.43590, 1.22249, 24.25000, 23.50000, 24.43750, 23.68750, 1.33531, 0.03949, 2.50139, 1.19670, 3.02359, 3.20894, 0.00000, 3.05018, 3.00828, 2.70125, 2.52234, 22.08586
1728401854, 91007201, 0xDDDD, 0911, 26.63004, 1.22168, 24.25000, 23.50000, 24.43750, 23.68750, 1.33531, 0.03868, 2.50381, 1.18139, 3.07919, 3.19604, 0.00000, 3.05018, 3.00908, 2.70205, 2.54249, 22.62310
1728401854, 91107180, 0xDDDD, 0912, 27.43590, 1.22249, 24.18750, 23.50000, 24.43750, 23.56250, 1.33612, 0.03707, 2.50139, 1.19026, 3.00747, 3.20571, 0.00000, 3.05179, 3.00828, 2.70125, 2.56183, 22.26494
1728401854, 91207164, 0xDDDD, 0913, 27.43590, 1.22249, 24.18750, 23.43750, 24.43750, 23.56250, 1.33531, 0.03707, 2.50139, 1.19912, 3.07436, 3.19121, 0.00000, 3.05179, 3.00828, 2.70044, 2.56103, 22.08586
1728401854, 91307176, 0xDDDD, 0914, 27.43590, 1.22249, 24.25000, 23.43750, 24.50000, 23.56250, 1.30227, 0.04190, 2.50220, 1.17978, 3.05824, 3.19524, 0.00000, 3.05179, 3.00828, 2.69963, 2.55861, 22.26494
1728401854, 91407173, 0xDDDD, 0915, 27.03297, 1.22249, 24.25000, 23.43750, 24.50000, 23.68750, 1.33531, 0.04352, 2.50220, 1.18784, 3.04132, 3.20491, 0.00000, 3.05018, 3.00828, 2.69963, 2.55941, 22.26494
1728401854, 91507175, 0xDDDD, 0916, 27.43590, 1.22249, 24.25000, 23.50000, 24.43750, 23.68750, 1.33531, 0.03626, 2.50139, 1.19590, 3.02681, 3.18960, 0.00000, 3.05018, 3.00828, 2.69963, 2.58842, 22.26494
1728401854, 91607193, 0xDDDD, 0917, 27.43590, 1.22249, 24.25000, 23.50000, 24.43750, 23.68750, 1.33612, 0.03949, 2.50220, 1.19670, 3.00908, 3.20088, 0.00000, 3.05099, 3.00908, 2.70044, 2.56183, 22.26494
1728401855, 91707177, 0xDDDD, 0918, 27.43590, 1.22249, 24.25000, 23.50000, 24.50000, 23.68750, 1.33531, 0.03868, 2.50220, 1.17897, 3.07678, 3.20974, 0.00000, 3.05179, 3.00828, 2.70044, 2.56183, 22.26494
1728401855, 91807174, 0xDDDD, 0919, 27.03297, 1.22249, 24.25000, 23.50000, 24.50000, 23.68750, 1.33531, 0.03949, 2.50220, 1.18784, 3.02198, 3.19524, 0.00000, 3.05179, 3.00828, 2.69963, 2.56103, 22.26494
1728401855, 91907183, 0xDDDD, 0920, 27.43590, 1.22249, 24.25000, 23.43750, 24.50000, 23.68750, 1.36593, 0.03546, 2.50220, 1.19509, 3.00425, 3.19766, 0.00000, 3.05179, 3.00828, 2.69963, 2.56344, 22.26494
1728401855, 92007164, 0xDDDD, 0921, 27.43590, 1.22249, 24.25000, 23.43750, 24.43750, 23.68750, 1.33773, 0.04432, 2.50139, 1.17495, 3.06872, 3.20974, 0.00000, 3.05099, 3.00828, 2.69963, 2.55861, 22.26494
1728401855, 92107201, 0xDDDD, 0922, 27.03297, 1.22168, 24.25000, 23.43750, 24.43750, 23.68750, 1.33451, 0.04432, 2.50139, 1.18139, 3.05099, 3.19443, 0.00000, 3.04857, 3.00828, 2.70125, 2.56022, 22.26494
1728401855, 92207183, 0xDDDD, 0923, 27.43590, 1.22249, 24.25000, 23.50000, 24.43750, 23.68750, 1.33531, 0.04110, 2.50220, 1.18945, 3.03407, 3.20410, 0.00000, 3.05099, 3.00828, 2.70044, 2.53201, 22.26494
1728401855, 92307167, 0xDDDD, 0924, 27.43590, 1.22249, 24.25000, 23.50000, 24.43750, 23.62500, 1.33531, 0.04110, 2.50220, 1.19590, 3.01634, 3.18879, 0.00000, 3.05260, 3.00828, 2.70044, 2.56183, 22.44402
1728401855, 92407185, 0xDDDD, 0925, 27.43590, 1.22249, 24.25000, 23.50000, 24.43750, 23.62500, 1.33612, 0.03465, 2.50220, 1.19429, 3.04615, 3.20088, 0.00000, 3.04938, 3.00828, 2.69883, 2.56022, 22.26494
1728401855, 92507182, 0xDDDD, 0926, 27.43590, 1.22249, 24.25000, 23.50000, 24.50000, 23.62500, 1.33612, 0.03788, 2.50139, 1.17495, 3.03084, 3.20330, 0.00000, 3.05341, 3.00828, 2.70125, 2.56425, 22.26494
1728401855, 92607190, 0xDDDD, 0927, 27.43590, 1.22249, 24.25000, 23.50000, 24.50000, 23.62500, 1.33612, 0.03949, 2.50220, 1.18300, 3.01070, 3.18960, 0.00000, 3.05179, 3.00828, 2.70125, 2.56022, 22.26494
1728401856, 92707167, 0xDDDD, 0928, 27.43590, 1.22249, 24.25000, 23.50000, 24.43750, 23.62500, 1.33451, 0.04110, 2.50139, 1.18864, 3.07597, 3.19846, 0.00000, 3.04938, 3.00828, 2.69963, 2.56183, 22.08586
1728401856, 92807164, 0xDDDD, 0929, 27.43590, 1.22168, 24.25000, 23.50000, 24.43750, 23.68750, 1.33612, 0.03546, 2.50220, 1.19670, 3.05744, 3.20813, 0.00000, 3.05179, 3.00828, 2.69963, 2.53363, 22.08586
1728401856, 92907182, 0xDDDD, 0930, 27.83883, 1.22249, 24.25000, 23.50000, 24.43750, 23.68750, 1.33531, 0.03465, 2.50139, 1.17495, 3.03810, 3.19282, 0.00000, 3.05099, 3.00828, 2.70125, 2.57875, 22.08586
1728401856, 93007172, 0xDDDD, 0931, 27.43590, 1.22249, 24.31250, 23.50000, 24.43750, 23.68750, 1.33531, 0.04029, 2.50220, 1.18139, 3.06227, 3.20249, 0.00000, 3.04938, 3.00828, 2.70044, 2.56103, 22.26494
1728401856, 93107178, 0xDDDD, 0932, 27.43590, 1.22249, 24.31250, 23.50000, 24.43750, 23.68750, 1.33531, 0.03788, 2.50220, 1.17978, 3.04132, 3.20571, 0.00000, 3.05018, 3.00828, 2.70044, 2.56022, 22.26494
1728401856, 93207200, 0xDDDD, 0933, 27.43590, 1.22249, 24.25000, 23.50000, 24.50000, 23.68750, 1.33531, 0.03626, 2.50220, 1.18462, 3.02278, 3.19121, 0.00000, 3.05099, 3.00828, 2.70044, 2.56022, 22.26494
1728401856, 93307183, 0xDDDD, 0934, 27.43590, 1.22249, 24.25000, 23.50000, 24.50000, 23.68750, 1.33612, 0.03465, 2.50220, 1.19106, 3.09934, 3.20088, 0.00000, 3.05099, 3.00828, 2.69963, 2.56022, 22.08586
1728401856, 93407170, 0xDDDD, 0935, 27.43590, 1.22249, 24.25000, 23.50000, 24.50000, 23.68750, 1.33451, 0.04190, 2.50220, 1.19509, 3.05985, 3.20974, 0.00000, 3.05179, 3.00908, 2.70044, 2.48769, 22.26494
1728401856, 93507179, 0xDDDD, 0936, 27.43590, 1.22249, 24.31250, 23.50000, 24.50000, 23.68750, 1.33531, 0.03707, 2.50139, 1.17495, 3.04051, 3.19443, 0.00000, 3.05099, 3.00828, 2.70044, 2.56747, 22.26494
1728401856, 93607167, 0xDDDD, 0937, 27.43590, 1.22249, 24.31250, 23.50000, 24.50000, 23.68750, 1.33531, 0.04029, 2.50220, 1.18139, 3.01875, 3.20410, 0.00000, 3.05260, 3.00828, 2.70044, 2.56022, 22.26494
1728401857, 93707183, 0xDDDD, 0938, 27.43590, 1.22249, 24.25000, 23.50000, 24.50000, 23.68750, 1.33531, 0.04029, 2.50220, 1.18784, 3.04374, 3.19040, 0.00000, 3.05179, 3.00828, 2.70044, 2.56264, 22.26494
1728401857, 93807173, 0xDDDD, 0939, 27.43590, 1.22249, 24.25000, 23.50000, 24.50000, 23.68750, 1.33451, 0.04513, 2.50220, 1.19429, 3.02520, 3.19201, 0.00000, 3.05179, 3.00828, 2.69963, 2.55941, 21.54863
1728401857, 93907172, 0xDDDD, 0940, 27.43590, 1.22249, 24.25000, 23.43750, 24.43750, 23.68750, 1.33531, 0.03626, 2.50220, 1.19509, 3.09209, 3.20088, 0.00000, 3.05179, 3.00828, 2.70125, 2.56022, 22.26494
1728401857, 94007179, 0xDDDD, 0941, 27.43590, 1.22249, 24.25000, 23.43750, 24.43750, 23.68750, 1.33531, 0.03546, 2.50220, 1.19670, 3.06227, 3.21136, 0.00000, 3.05179, 3.00828, 2.70125, 2.56022, 22.26494
1728401857, 94107194, 0xDDDD, 0942, 27.43590, 1.22249, 24.25000, 23.43750, 24.43750, 23.68750, 1.33451, 0.04432, 2.50220, 1.17495, 3.04051, 3.19766, 0.00000, 3.04777, 3.00828, 2.69963, 2.56264, 22.26494
1728401857, 94207174, 0xDDDD, 0943, 27.03297, 1.22249, 24.25000, 23.43750, 24.43750, 23.68750, 1.33531, 0.03707, 2.50220, 1.17978, 3.01956, 3.20652, 0.00000, 3.05099, 3.00828, 2.69963, 2.55861, 22.26494
1728401857, 94307171, 0xDDDD, 0944, 27.03297, 1.22249, 24.25000, 23.43750, 24.43750, 23.68750, 1.33451, 0.04432, 2.50220, 1.18703, 3.04132, 3.19201, 0.00000, 3.05179, 3.00828, 2.69963, 2.56183, 22.26494
1728401857, 94407182, 0xDDDD, 0945, 27.03297, 1.22168, 24.31250, 23.50000, 24.43750, 23.68750, 1.33531, 0.04029, 2.50220, 1.19106, 3.02037, 3.19524, 0.00000, 3.05099, 3.00908, 2.69963, 2.56022, 22.26494
1728401857, 94507175, 0xDDDD, 0946, 27.43590, 1.22168, 24.31250, 23.50000, 24.43750, 23.68750, 1.36916, 0.04029, 2.50220, 1.19590, 3.08081, 3.20571, 0.00000, 3.05099, 3.00828, 2.70125, 2.55941, 22.26494
1728401857, 94607177, 0xDDDD, 0947, 27.43590, 1.22249, 24.31250, 23.50000, 24.50000, 23.68750, 1.33531, 0.03788, 2.50220, 1.17414, 3.05663, 3.18960, 0.00000, 3.05099, 3.00828, 2.70044, 2.56344, 22.26494
1728401858, 94707176, 0xDDDD, 0948, 27.03297, 1.22249, 24.25000, 23.50000, 24.50000, 23.68750, 1.33612, 0.03626, 2.50300, 1.19670, 3.03487, 3.19927, 0.00000, 3.05179, 3.00828, 2.70125, 2.64403, 22.26494
1728401858, 94807175, 0xDDDD, 0949, 27.43590, 1.22249, 24.25000, 23.50000, 24.50000, 23.68750, 1.33531, 0.03788, 2.50220, 1.17495, 3.01311, 3.20974, 0.00081, 3.05099, 3.00828, 2.69963, 2.61260, 22.08586
1728401858, 94907199, 0xDDDD, 0950, 27.43590, 1.22249, 24.25000, 23.50000, 24.43750, 23.68750, 1.33531, 0.03788, 2.50139, 1.17817, 3.03648, 3.19443, 0.00000, 3.04535, 3.00828, 2.70044, 2.56022, 22.26494
1728401858, 95007185, 0xDDDD, 0951, 27.43590, 1.22249, 24.25000, 23.50000, 24.43750, 23.68750, 1.33451, 0.04190, 2.50220, 1.18139, 3.01311, 3.19766, 0.00000, 3.05018, 3.00828, 2.70044, 2.56183, 21.90678
1728401858, 95107176, 0xDDDD, 0952, 27.43590, 1.22249, 24.25000, 23.50000, 24.43750, 23.68750, 1.36190, 0.03788, 2.50220, 1.18542, 3.07355, 3.20652, 0.00000, 3.05179, 3.00828, 2.70125, 2.56103, 22.26494
1728401858, 95207164, 0xDDDD, 0953, 27.43590, 1.22249, 24.31250, 23.50000, 24.43750, 23.68750, 1.33612, 0.03949, 2.50220, 1.18945, 3.04938, 3.19201, 0.00000, 3.05099, 3.00828, 2.70044, 2.56264, 22.26494
1728401858, 95307164, 0xDDDD, 0954, 27.43590, 1.22249, 24.31250, 23.50000, 24.50000, 23.68750, 1.33531, 0.03546, 2.50220, 1.19187, 3.03084, 3.20168, 0.00000, 3.04857, 3.00828, 2.69963, 2.56586, 22.08586
1728401858, 95407176, 0xDDDD, 0955, 27.43590, 1.22168, 24.25000, 23.50000, 24.50000, 23.68750, 1.33531, 0.03868, 2.50220, 1.19509, 3.00908, 3.21136, 0.00000, 3.05099, 3.00828, 2.69963, 2.56103, 22.26494
1728401858, 95507181, 0xDDDD, 0956, 27.43590, 1.22249, 24.25000, 23.50000, 24.50000, 23.62500, 1.33531, 0.03868, 2.50220, 1.19106, 3.03084, 3.19524, 0.00000, 3.05179, 3.00828, 2.70044, 2.56183, 22.26494
1728401858, 95607180, 0xDDDD, 0957, 27.03297, 1.22168, 24.25000, 23.50000, 24.43750, 23.62500, 1.33531, 0.04110, 2.50220, 1.19429, 3.00908, 3.20410, 0.00000, 3.04293, 3.00828, 2.69883, 2.56264, 22.26494
1728401859, 95707187, 0xDDDD, 0958, 27.43590, 1.22249, 24.25000, 23.50000, 24.43750, 23.68750, 1.33451, 0.04029, 2.50139, 1.19751, 3.06549, 3.20571, 0.00000, 3.05260, 3.00828, 2.70044, 2.56022, 22.44402
1728401859, 95807182, 0xDDDD, 0959, 27.43590, 1.22168, 24.25000, 23.50000, 24.50000, 23.68750, 1.33451, 0.04271, 2.50139, 1.17575, 3.04212, 3.18960, 0.00000, 3.05260, 3.00747, 2.69963, 2.56103, 22.08586
1728401859, 95907170, 0xDDDD, 0960, 27.43590, 1.22168, 24.25000, 23.50000, 24.50000, 23.68750, 1.33531, 0.04190, 2.50220, 1.17817, 3.01795, 3.19927, 0.00000, 3.04857, 3.00828, 2.70125, 2.57473, 22.26494
1728401859, 96007191, 0xDDDD, 0961, 27.43590, 1.22249, 24.25000, 23.50000, 24.50000, 23.62500, 1.33531, 0.03626, 2.50220, 1.18139, 3.07516, 3.20813, 0.00000, 3.05018, 3.00828, 2.70044, 2.57473, 21.90678
1728401859, 96107167, 0xDDDD, 0962, 27.43590, 1.22249, 24.31250, 23.50000, 24.50000, 23.62500, 1.33531, 0.03868, 2.50139, 1.18381, 3.04938, 3.19282, 0.00000, 3.05099, 3.00747, 2.70125, 2.56183, 22.08586
1728401859, 96207175, 0xDDDD, 0963, 27.03297, 1.22249, 24.31250, 23.50000, 24.50000, 23.68750, 1.33451, 0.02901, 2.50139, 1.18703, 3.06630, 3.20168, 0.00000, 3.05099, 3.00828, 2.70044, 2.56264, 22.26494
1728401859, 96307190, 0xDDDD, 0964, 27.43590, 1.22249, 24.31250, 23.56250, 24.50000, 23.68750, 1.33531, 0.04029, 2.50220, 1.19106, 3.04051, 3.20410, 0.00000, 3.05099, 3.00828, 2.70044, 2.55941, 22.08586
1728401859, 96407185, 0xDDDD, 0965, 27.43590, 1.22249, 24.25000, 23.56250, 24.50000, 23.68750, 1.33531, 0.04110, 2.50220, 1.18784, 3.01714, 3.18960, 0.00000, 3.05179, 3.00828, 2.69963, 2.56103, 22.26494
1728401859, 96507176, 0xDDDD, 0966, 27.43590, 1.22249, 24.25000, 23.50000, 24.50000, 23.68750, 1.33612, 0.03223, 2.50139, 1.19187, 3.07516, 3.19927, 0.00000, 3.05179, 3.00828, 2.70044, 2.56344, 22.08586
1728401859, 96607183, 0xDDDD, 0967, 27.43590, 1.22168, 24.25000, 23.50000, 24.50000, 23.68750, 1.33531, 0.03788, 2.50220, 1.19509, 3.05018, 3.20813, 0.00000, 3.05421, 3.00828, 2.70044, 2.56103, 22.08586
1728401860, 96707179, 0xDDDD, 0968, 27.43590, 1.22168, 24.25000, 23.50000, 24.50000, 23.68750, 1.33531, 0.03546, 2.50220, 1.19912, 3.02520, 3.19121, 0.00000, 3.05099, 3.00828, 2.70125, 2.55861, 22.26494
1728401860, 96807170, 0xDDDD, 0969, 27.43590, 1.22249, 24.25000, 23.50000, 24.50000, 23.68750, 1.33531, 0.03385, 2.50139, 1.17575, 3.04051, 3.20007, 0.00000, 3.05179, 3.00828, 2.69963, 2.55941, 22.08586
1728401860, 96907180, 0xDDDD, 0970, 27.43590, 1.22249, 24.31250, 23.50000, 24.50000, 23.68750, 1.33531, 0.04190, 2.50220, 1.17897, 3.01311, 3.20249, 0.00000, 3.04535, 3.00828, 2.69963, 2.55861, 22.26494
1728401860, 97007195, 0xDDDD, 0971, 27.83883, 1.22249, 24.31250, 23.50000, 24.50000, 23.68750, 1.33531, 0.03707, 2.50139, 1.18300, 3.06630, 3.21055, 0.00000, 3.05260, 3.00828, 2.70044, 2.56425, 22.26494
1728401860, 97107186, 0xDDDD, 0972, 27.43590, 1.22168, 24.31250, 23.50000, 24.50000, 23.68750, 1.33531, 0.03707, 2.50220, 1.17736, 3.04051, 3.19524, 0.00000, 3.05179, 3.00828, 2.70044, 2.56264, 22.26494
1728401860, 97207171, 0xDDDD, 0973, 27.43590, 1.22249, 24.31250, 23.50000, 24.50000, 23.68750, 1.33531, 0.03788, 2.50139, 1.17978, 3.01311, 3.20491, 0.00000, 3.05018, 3.00828, 2.70044, 2.51670, 22.08586
1728401860, 97307185, 0xDDDD, 0974, 27.03297, 1.22249, 24.31250, 23.50000, 24.50000, 23.68750, 1.33612, 0.04110, 2.50139, 1.18139, 3.06711, 3.18799, 0.00000, 3.05179, 3.00828, 2.69963, 2.56989, 22.08586
1728401860, 97407180, 0xDDDD, 0975, 27.83883, 1.22249, 24.31250, 23.50000, 24.50000, 23.68750, 1.33531, 0.03868, 2.50220, 1.18381, 3.08000, 3.19685, 0.00000, 3.05018, 3.00828, 2.70044, 2.55780, 22.08586
1728401860, 97507164, 0xDDDD, 0976, 27.83883, 1.22249, 24.31250, 23.50000, 24.43750, 23.68750, 1.33531, 0.04352, 2.50220, 1.18542, 3.05421, 3.20571, 0.00000, 3.04777, 3.00828, 2.70044, 2.55861, 22.08586
1728401860, 97607183, 0xDDDD, 0977, 27.83883, 1.22249, 24.25000, 23.50000, 24.43750, 23.68750, 1.33531, 0.04271, 2.50220, 1.18623, 3.02762, 3.20813, 0.00000, 3.05018, 3.00828, 2.69883, 2.56183, 22.26494
1728401861, 97707174, 0xDDDD, 0978, 27.43590, 1.22249, 24.25000, 23.50000, 24.50000, 23.68750, 1.33451, 0.03868, 2.50220, 1.18945, 3.08242, 3.19282, 0.00000, 3.05260, 3.00828, 2.70125, 2.55780, 22.26494
1728401861, 97807166, 0xDDDD, 0979, 27.83883, 1.22249, 24.25000, 23.50000, 24.50000, 23.68750, 1.33531, 0.03949, 2.50139, 1.19106, 3.05179, 3.20168, 0.00000, 3.05179, 3.00828, 2.69963, 2.60454, 22.26494
1728401861, 97907207, 0xDDDD, 0980, 27.43590, 1.22249, 24.25000, 23.50000, 24.50000, 23.62500, 1.33531, 0.04271, 2.50220, 1.19429, 3.02278, 3.21216, 0.00000, 3.05018, 3.00828, 2.69883, 2.56505, 22.08586
1728401861, 98007181, 0xDDDD, 0981, 27.43590, 1.22249, 24.25000, 23.56250, 24.50000, 23.62500, 1.33531, 0.04190, 2.50220, 1.18703, 3.07839, 3.19524, 0.00000, 3.05099, 3.00828, 2.70044, 2.56425, 22.26494
1728401861, 98107180, 0xDDDD, 0982, 27.43590, 1.22249, 24.31250, 23.56250, 24.50000, 23.68750, 1.33451, 0.03788, 2.50220, 1.18703, 3.01150, 3.20330, 0.00000, 3.05341, 3.00828, 2.69883, 2.56264, 22.26494
1728401861, 98207173, 0xDDDD, 0983, 27.43590, 1.22249, 24.31250, 23.50000, 24.50000, 23.68750, 1.33531, 0.04593, 2.50220, 1.18784, 3.06549, 3.20571, 0.00000, 3.05099, 3.00828, 2.70125, 2.55780, 22.26494
1728401861, 98307164, 0xDDDD, 0984, 27.43590, 1.22249, 24.31250, 23.50000, 24.50000, 23.68750, 1.33692, 0.03949, 2.50220, 1.18864, 3.03568, 3.18879, 0.00000, 3.05179, 3.00828, 2.70044, 2.56022, 22.26494
1728401861, 98407185, 0xDDDD, 0985, 27.43590, 1.22249, 24.31250, 23.50000, 24.50000, 23.68750, 1.33531, 0.04593, 2.50220, 1.18864, 3.00747, 3.19685, 0.00000, 3.04535, 3.00828, 2.69963, 2.55861, 22.26494
1728401861, 98507181, 0xDDDD, 0986, 27.43590, 1.22168, 24.31250, 23.56250, 24.50000, 23.68750, 1.33531, 0.03546, 2.50139, 1.18784, 3.05663, 3.20571, 0.00000, 3.05179, 3.00828, 2.69963, 2.55055, 22.08586
1728401861, 98607166, 0xDDDD, 0987, 27.43590, 1.22249, 24.31250, 23.56250, 24.50000, 23.68750, 1.33531, 0.04271, 2.50220, 1.18059, 3.02601, 3.18960, 0.00000, 3.05260, 3.00828, 2.70125, 2.56103, 22.08586
1728401862, 98707178, 0xDDDD, 0988, 27.43590, 1.22249, 24.31250, 23.56250, 24.43750, 23.68750, 1.33531, 0.04110, 2.50220, 1.18059, 3.04374, 3.19685, 0.00000, 3.05179, 3.00828, 2.70044, 2.56183, 22.26494
1728401862, 98807189, 0xDDDD, 0989, 27.43590, 1.22249, 24.31250, 23.56250, 24.43750, 23.68750, 1.33531, 0.03465, 2.50220, 1.18059, 3.01473, 3.19766, 0.00000, 3.05179, 3.00828, 2.70044, 2.56103, 22.26494
1728401862, 98907180, 0xDDDD, 0990, 27.03297, 1.22249, 24.31250, 23.50000, 24.50000, 23.68750, 1.33531, 0.03949, 2.50220, 1.18059, 3.06711, 3.20571, 0.00000, 3.05179, 3.00747, 2.70044, 2.56183, 22.08586
1728401862, 99007172, 0xDDDD, 0991, 27.43590, 1.22168, 24.31250, 23.50000, 24.50000, 23.68750, 1.36835, 0.03707, 2.50220, 1.18059, 3.03810, 3.18960, 0.00000, 3.05179, 3.00828, 2.69883, 2.56425, 22.08586
1728401862, 99107165, 0xDDDD, 0992, 27.43590, 1.22168, 24.31250, 23.50000, 24.50000, 23.68750, 1.33531, 0.03626, 2.50220, 1.18139, 3.00667, 3.19846, 0.00000, 3.05260, 3.00828, 2.69963, 2.56264, 22.08586
1728401862, 99207187, 0xDDDD, 0993, 27.43590, 1.22249, 24.31250, 23.50000, 24.50000, 23.68750, 1.33531, 0.03626, 2.50220, 1.18139, 3.06066, 3.20733, 0.00000, 3.05179, 3.00828, 2.70125, 2.59407, 22.08586
1728401862, 99307174, 0xDDDD, 0994, 27.43590, 1.22249, 24.31250, 23.50000, 24.50000, 23.68750, 1.33531, 0.03707, 2.50139, 1.18139, 3.07436, 3.19040, 0.00000, 3.04696, 3.00828, 2.70044, 2.55941, 22.26494
1728401862, 99407177, 0xDDDD, 0995, 27.43590, 1.22249, 24.31250, 23.50000, 24.50000, 23.68750, 1.33531, 0.03788, 2.50139, 1.18542, 3.04535, 3.19282, 0.00000, 3.05260, 3.00828, 2.69963, 2.55941, 22.26494
1728401862, 99507202, 0xDDDD, 0996, 27.03297, 1.22249, 24.31250, 23.50000, 24.50000, 23.68750, 1.33531, 0.03626, 2.50381, 1.17414, 3.01553, 3.20088, 0.00000, 3.05099, 3.00747, 2.69963, 2.56103, 22.26494
1728401862, 99607186, 0xDDDD, 0997, 27.43590, 1.22249, 24.31250, 23.50000, 24.50000, 23.68750, 1.33531, 0.04432, 2.50220, 1.17495, 3.06630, 3.20894, 0.00000, 3.05179, 3.00747, 2.69963, 2.56103, 22.08586
1728401863, 99707173, 0xDDDD, 0998, 27.43590, 1.22249, 24.31250, 23.56250, 24.50000, 23.68750, 1.33451, 0.04190, 2.50139, 1.17575, 3.03084, 3.19282, 0.00000, 3.05099, 3.00828, 2.70044, 2.51590, 22.08586
1728401863, 99807179, 0xDDDD, 0999, 27.43590, 1.22249, 24.31250, 23.56250, 24.50000, 23.68750, 1.33612, 0.03546, 2.50220, 1.17495, 3.08484, 3.20249, 0.00000, 3.05099, 3.00828, 2.70125, 2.55458, 22.26494
1728401863, 99907173, 0xDDDD, 1000, 27.03297, 1.22249, 24.31250, 23.50000, 24.50000, 23.68750, 1.33531, 0.03868, 2.50220, 1.17495, 3.04938, 3.21136, 0.00000, 3.05099, 3.00828, 2.70125, 2.56183, 22.08586
1728401863, 100007186, 0xDDDD, 1001, 27.43590, 1.22249, 24.25000, 23.50000, 24.50000, 23.68750, 1.33370, 0.03868, 2.50220, 1.17333, 3.05905, 3.19524, 0.00000, 3.05260, 3.00828, 2.70125, 2.56344, 22.26494
1728401863, 100107174, 0xDDDD, 1002, 27.43590, 1.22249, 24.25000, 23.50000, 24.50000, 23.68750, 1.36513, 0.03546, 2.50220, 1.17414, 3.02842, 3.19604, 0.00000, 3.05099, 3.00828, 2.70044, 2.56103, 21.54863
1728401863, 100207179, 0xDDDD, 1003, 27.43590, 1.22249, 24.25000, 23.50000, 24.50000, 23.68750, 1.33531, 0.03546, 2.50059, 1.17414, 3.08242, 3.20491, 0.00000, 3.05018, 3.00828, 2.70044, 2.56183, 22.26494
1728401863, 100307176, 0xDDDD, 1004, 27.43590, 1.22249, 24.31250, 23.50000, 24.50000, 23.68750, 1.33531, 0.03626, 2.50220, 1.19187, 3.04696, 3.18799, 0.00000, 3.05179, 3.00828, 2.70044, 2.56022, 22.26494
1728401863, 100407178, 0xDDDD, 1005, 27.43590, 1.22249, 24.31250, 23.50000, 24.50000, 23.68750, 1.33612, 0.03949, 2.50220, 1.19026, 3.01473, 3.19685, 0.00000, 3.05179, 3.00908, 2.69883, 2.63114, 22.08586
1728401863, 100507179, 0xDDDD, 1006, 27.43590, 1.22249, 24.31250, 23.50000, 24.50000, 23.68750, 1.33531, 0.04190, 2.50220, 1.19026, 3.06711, 3.20571, 0.00000, 3.05099, 3.00828, 2.70044, 2.56264, 22.26494
1728401863, 100607177, 0xDDDD, 1007, 27.43590, 1.22249, 24.31250, 23.50000, 24.50000, 23.68750, 1.33531, 0.03707, 2.50139, 1.18945, 3.07839, 3.18960, 0.00000, 3.05179, 3.00828, 2.69963, 2.56103, 22.26494
1728401864, 100707175, 0xDDDD, 1008, 27.83883, 1.22249, 24.31250, 23.50000, 24.50000, 23.68750, 1.33451, 0.03868, 2.50220, 1.18784, 3.04615, 3.19040, 0.00000, 3.05099, 3.00828, 2.70044, 2.56264, 22.08586
1728401864, 100807170, 0xDDDD, 1009, 27.43590, 1.22249, 24.31250, 23.50000, 24.50000, 23.62500, 1.33370, 0.04432, 2.50220, 1.18703, 3.01473, 3.19846, 0.00000, 3.05099, 3.00828, 2.70125, 2.56183, 22.08586
1728401864, 100907176, 0xDDDD, 1010, 27.43590, 1.22249, 24.31250, 23.50000, 24.56250, 23.62500, 1.33531, 0.03465, 2.50220, 1.18623, 3.06549, 3.20491, 0.00000, 3.05179, 3.00828, 2.69963, 2.56103, 22.26494
1728401864, 101007181, 0xDDDD, 1011, 28.24175, 1.22330, 24.31250, 23.50000, 24.56250, 23.68750, 1.33612, 0.04110, 2.50059, 1.17656, 3.02117, 3.18799, 0.00000, 3.05018, 3.00667, 2.70286, 2.60696, 22.80220
1728401864, 101107166, 0xDDDD, 1012, 27.43590, 1.22249, 24.31250, 23.56250, 24.50000, 23.68750, 1.33612, 0.03949, 2.50220, 1.17817, 3.05099, 3.19766, 0.00000, 3.05099, 3.00828, 2.69883, 2.49092, 22.44402
1728401864, 101207175, 0xDDDD, 1013, 27.43590, 1.22249, 24.31250, 23.56250, 24.50000, 23.68750, 1.33531, 0.03626, 2.50220, 1.17817, 3.06066, 3.20410, 0.00000, 3.05099, 3.00828, 2.69963, 2.56103, 22.26494
1728401864, 101307185, 0xDDDD, 1014, 27.03297, 1.22249, 24.31250, 23.56250, 24.50000, 23.75000, 1.33531, 0.04029, 2.50220, 1.17736, 3.02520, 3.20571, 0.00000, 3.05179, 3.00828, 2.70044, 2.56022, 22.26494
1728401864, 101407184, 0xDDDD, 1015, 27.03297, 1.22249, 24.31250, 23.50000, 24.50000, 23.75000, 1.30147, 0.03546, 2.50139, 1.17656, 3.07194, 3.18879, 0.00000, 3.05179, 3.00747, 2.70125, 2.56505, 22.26494
1728401864, 101507167, 0xDDDD, 1016, 27.03297, 1.22249, 24.31250, 23.50000, 24.50000, 23.68750, 1.33531, 0.03465, 2.50139, 1.17495, 3.03407, 3.19927, 0.00000, 3.05018, 3.00828, 2.70044, 2.56022, 22.26494
1728401864, 101607164, 0xDDDD, 1017, 27.03297, 1.22249, 24.31250, 23.50000, 24.50000, 23.68750, 1.33531, 0.04352, 2.50220, 1.19670, 3.07919, 3.20733, 0.00000, 3.04535, 3.00828, 2.70125, 2.56667, 22.26494
1728401865, 101707181, 0xDDDD, 1018, 27.43590, 1.22249, 24.31250, 23.50000, 24.50000, 23.68750, 1.33612, 0.03546, 2.50220, 1.19751, 3.04374, 3.18960, 0.00000, 3.05018, 3.00828, 2.69883, 2.56344, 22.26494
1728401865, 101807182, 0xDDDD, 1019, 27.83883, 1.22249, 24.31250, 23.50000, 24.50000, 23.68750, 1.33531, 0.03465, 2.50220, 1.18784, 3.05018, 3.19927, 0.00000, 3.05260, 3.00828, 2.69963, 2.56022, 22.26494
1728401865, 101907173, 0xDDDD, 1020, 27.43590, 1.22249, 24.31250, 23.50000, 24.50000, 23.68750, 1.33451, 0.05158, 2.50220, 1.18703, 3.01473, 3.20733, 0.00000, 3.05179, 3.00828, 2.69963, 2.56183, 22.26494
1728401865, 102007178, 0xDDDD, 1021, 27.83883, 1.22249, 24.31250, 23.50000, 24.50000, 23.68750, 1.33531, 0.03707, 2.50220, 1.18542, 3.06227, 3.20733, 0.00000, 3.05179, 3.00828, 2.70125, 2.56264, 22.62310
1728401865, 102107182, 0xDDDD, 1022, 27.43590, 1.22168, 24.31250, 23.56250, 24.50000, 23.68750, 1.33531, 0.03465, 2.50220, 1.18542, 3.02359, 3.19121, 0.00000, 3.05341, 3.00828, 2.70125, 2.56264, 22.26494
1728401865, 102207163, 0xDDDD, 1023, 27.03297, 1.22249, 24.31250, 23.56250, 24.50000, 23.68750, 1.33531, 0.03788, 2.50220, 1.18300, 3.06791, 3.19846, 0.00000, 3.05179, 3.00828, 2.69963, 2.56344, 22.26494
1728401865, 102307194, 0xDDDD, 1024, 27.43590, 1.22249, 24.31250, 23.56250, 24.50000, 23.68750, 1.33531, 0.04029, 2.50220, 1.18139, 3.03004, 3.20733, 0.00000, 3.04535, 3.00828, 2.70044, 2.51026, 22.26494
1728401865, 102407173, 0xDDDD, 1025, 27.03297, 1.22249, 24.31250, 23.56250, 24.50000, 23.68750, 1.33531, 0.04029, 2.50059, 1.18139, 3.07758, 3.19040, 0.00000, 3.05099, 3.00828, 2.70044, 2.56183, 21.90678
1728401865, 102507166, 0xDDDD, 1026, 27.43590, 1.22168, 24.31250, 23.56250, 24.50000, 23.68750, 1.33531, 0.03626, 2.50220, 1.18059, 3.08000, 3.19927, 0.00000, 3.05099, 3.00828, 2.70044, 2.56264, 22.26494
1728401865, 102607186, 0xDDDD, 1027, 27.43590, 1.22168, 24.31250, 23.50000, 24.50000, 23.68750, 1.33612, 0.04835, 2.50220, 1.19751, 3.04132, 3.20007, 0.00000, 3.04454, 3.00828, 2.70044, 2.56103, 22.26494
1728401866, 102707180, 0xDDDD, 1028, 27.43590, 1.22249, 24.31250, 23.50000, 24.50000, 23.68750, 1.33531, 0.03949, 2.50220, 1.19590, 3.00586, 3.20894, 0.00000, 3.05099, 3.00828, 2.69963, 2.56103, 22.26494
1728401866, 102807176, 0xDDDD, 1029, 27.43590, 1.22168, 24.31250, 23.50000, 24.56250, 23.68750, 1.33531, 0.03707, 2.50220, 1.19267, 3.05179, 3.19121, 0.00000, 3.05018, 3.00828, 2.70044, 2.56103, 22.26494
1728401866, 102907183, 0xDDDD, 1030, 27.43590, 1.22249, 24.31250, 23.50000, 24.56250, 23.68750, 1.33531, 0.03788, 2.50139, 1.19187, 3.01392, 3.20007, 0.00000, 3.05099, 3.00828, 2.70044, 2.62630, 22.26494
1728401866, 103007167, 0xDDDD, 1031, 27.43590, 1.22249, 24.31250, 23.50000, 24.56250, 23.62500, 1.33531, 0.04110, 2.50220, 1.18945, 3.05663, 3.20894, 0.00000, 3.04938, 3.00828, 2.69963, 2.57231, 22.26494
1728401866, 103107176, 0xDDDD, 1032, 27.43590, 1.22249, 24.31250, 23.56250, 24.56250, 23.62500, 1.33531, 0.03546, 2.50220, 1.18703, 3.06308, 3.19201, 0.00000, 3.04938, 3.00828, 2.70125, 2.56103, 22.26494
1728401866, 103207186, 0xDDDD, 1033, 27.43590, 1.22249, 24.31250, 23.56250, 24.56250, 23.68750, 1.33531, 0.03868, 2.50139, 1.18542, 3.02440, 3.19201, 0.00000, 3.05099, 3.00828, 2.69963, 2.56022, 22.08586
1728401866, 103307192, 0xDDDD, 1034, 27.03297, 1.22168, 24.31250, 23.50000, 24.50000, 23.68750, 1.33531, 0.04271, 2.50220, 1.18300, 3.07114, 3.20007, 0.00000, 3.05179, 3.00747, 2.70044, 2.55861, 22.26494
1728401866, 103407200, 0xDDDD, 1035, 27.03297, 1.22249, 24.31250, 23.50000, 24.50000, 23.75000, 1.33531, 0.04352, 2.50381, 1.19832, 3.03245, 3.20733, 0.00000, 3.05018, 3.00828, 2.70125, 2.56022, 22.26494
1728401866, 103507173, 0xDDDD, 1036, 27.43590, 1.22168, 24.31250, 23.56250, 24.56250, 23.75000, 1.33531, 0.04029, 2.50220, 1.19670, 3.07758, 3.18879, 0.00000, 3.05179, 3.00828, 2.69963, 2.52960, 22.26494
1728401866, 103607189, 0xDDDD, 1037, 27.03297, 1.22249, 24.31250, 23.56250, 24.56250, 23.75000, 1.33531, 0.03546, 2.50220, 1.19509, 3.03890, 3.19685, 0.00000, 3.05179, 3.00908, 2.70044, 2.55700, 22.26494
1728401867, 103707170, 0xDDDD, 1038, 27.43590, 1.22249, 24.37500, 23.56250, 24.50000, 23.68750, 1.33451, 0.04110, 2.50220, 1.19348, 3.04454, 3.20571, 0.00000, 3.05018, 3.00828, 2.69963, 2.56183, 22.44402
1728401867, 103807165, 0xDDDD, 1039, 27.43590, 1.22249, 24.37500, 23.56250, 24.50000, 23.68750, 1.33531, 0.03707, 2.50300, 1.19187, 3.00586, 3.18960, 0.00000, 3.04535, 3.00828, 2.69963, 2.56183, 22.08586
1728401867, 103907185, 0xDDDD, 1040, 27.43590, 1.22249, 24.31250, 23.56250, 24.50000, 23.68750, 1.33451, 0.03546, 2.50139, 1.18945, 3.04857, 3.18799, 0.00000, 3.05260, 3.00828, 2.69963, 2.56344, 22.08586
1728401867, 104007174, 0xDDDD, 1041, 27.43590, 1.22168, 24.31250, 23.50000, 24.50000, 23.68750, 1.33612, 0.03546, 2.50220, 1.18784, 3.01070, 3.19443, 0.00000, 3.05179, 3.00828, 2.69963, 2.56344, 22.26494
1728401867, 104107166, 0xDDDD, 1042, 27.03297, 1.22249, 24.31250, 23.50000, 24.50000, 23.68750, 1.33531, 0.03868, 2.50220, 1.17575, 3.05502, 3.20168, 0.00000, 3.05099, 3.00828, 2.70044, 2.52396, 22.26494
1728401867, 104207195, 0xDDDD, 1043, 27.43590, 1.22168, 24.31250, 23.50000, 24.62500, 23.68750, 1.33531, 0.04352, 2.50220, 1.20557, 3.01473, 3.20894, 0.00000, 3.04938, 3.00828, 2.69963, 2.53604, 22.26494
1728401867, 104307180, 0xDDDD, 1044, 27.43590, 1.22249, 24.31250, 23.56250, 24.62500, 23.68750, 1.33531, 0.04190, 2.50220, 1.19590, 3.05824, 3.19121, 0.00000, 3.05260, 3.00828, 2.70044, 2.56264, 22.26494
1728401867, 104407174, 0xDDDD, 1045, 27.43590, 1.22249, 24.31250, 23.56250, 24.62500, 23.68750, 1.33531, 0.04352, 2.50220, 1.19348, 3.06227, 3.19846, 0.00000, 3.05341, 3.00747, 2.70044, 2.56103, 22.26494
1728401867, 104507174, 0xDDDD, 1046, 27.43590, 1.22249, 24.31250, 23.56250, 24.56250, 23.68750, 1.33531, 0.03707, 2.50300, 1.19106, 3.02198, 3.20007, 0.00000, 3.05260, 3.00747, 2.70044, 2.56264, 22.26494
1728401867, 104607170, 0xDDDD, 1047, 27.03297, 1.22249, 24.31250, 23.56250, 24.56250, 23.68750, 1.33531, 0.03949, 2.50139, 1.18784, 3.06308, 3.20652, 0.00000, 3.05341, 3.00828, 2.70044, 2.56022, 22.26494
1728401868, 104707187, 0xDDDD, 1048, 27.43590, 1.22249, 24.31250, 23.50000, 24.50000, 23.68750, 1.33531, 0.03707, 2.50220, 1.18300, 3.02117, 3.18879, 0.00000, 3.05099, 3.00828, 2.69963, 2.55861, 22.26494
1728401868, 104807181, 0xDDDD, 1049, 27.43590, 1.22249, 24.31250, 23.50000, 24.50000, 23.68750, 1.33531, 0.04190, 2.50220, 1.17897, 3.06469, 3.19524, 0.00000, 3.05099, 3.00747, 2.69963, 2.56505, 22.26494
1728401868, 104907166, 0xDDDD, 1050, 27.43590, 1.22249, 24.31250, 23.50000, 24.56250, 23.75000, 1.33451, 0.04110, 2.50220, 1.19429, 3.02440, 3.20168, 0.00000, 3.05179, 3.00828, 2.70044, 2.49736, 22.26494
1728401868, 105007179, 0xDDDD, 1051, 27.43590, 1.22249, 24.31250, 23.56250, 24.56250, 23.75000, 1.33531, 0.03788, 2.50220, 1.19026, 3.02520, 3.20813, 0.00000, 3.05018, 3.00828, 2.69963, 2.55861, 22.26494
1728401868, 105107196, 0xDDDD, 1052, 27.43590, 1.22249, 24.37500, 23.56250, 24.56250, 23.68750, 1.33531, 0.04029, 2.50220, 1.18462, 3.06630, 3.20894, 0.00081, 3.05179, 3.00828, 2.69963, 2.56183, 22.26494
1728401868, 105207178, 0xDDDD, 1053, 27.43590, 1.22249, 24.37500, 23.56250, 24.50000, 23.68750, 1.33451, 0.03707, 2.50220, 1.18059, 3.02520, 3.19121, 0.00000, 3.05179, 3.00828, 2.70044, 2.55941, 22.26494
1728401868, 105307176, 0xDDDD, 1054, 27.83883, 1.22249, 24.37500, 23.56250, 24.50000, 23.68750, 1.33531, 0.04029, 2.50220, 1.17656, 3.06711, 3.19927, 0.00000, 3.05179, 3.00747, 2.69963, 2.56103, 22.08586
1728401868, 105407172, 0xDDDD, 1055, 27.03297, 1.22249, 24.37500, 23.56250, 24.56250, 23.68750, 1.33531, 0.03626, 2.50139, 1.19670, 3.02762, 3.20733, 0.00000, 3.05179, 3.00828, 2.70044, 2.55861, 22.26494
1728401868, 105507182, 0xDDDD, 1056, 27.43590, 1.22249, 24.37500, 23.56250, 24.56250, 23.68750, 1.33612, 0.03626, 2.50220, 1.19590, 3.06630, 3.18879, 0.00000, 3.05179, 3.00828, 2.69963, 2.54571, 22.26494
1728401868, 105607175, 0xDDDD, 1057, 27.43590, 1.22249, 24.31250, 23.56250, 24.56250, 23.68750, 1.33451, 0.03949, 2.50220, 1.19106, 3.06630, 3.19524, 0.00000, 3.05179, 3.00828, 2.70125, 2.56022, 22.26494
1728401869, 105707179, 0xDDDD, 1058, 27.43590, 1.22249, 24.31250, 23.56250, 24.50000, 23.68750, 1.33531, 0.02659, 2.50220, 1.17817, 3.02440, 3.19604, 0.00000, 3.05099, 3.00828, 2.69963, 2.56264, 22.26494
1728401869, 105807189, 0xDDDD, 1059, 27.43590, 1.22249, 24.31250, 23.56250, 24.50000, 23.68750, 1.33531, 0.03626, 2.50220, 1.19912, 3.06388, 3.20330, 0.00000, 3.05099, 3.00828, 2.70044, 2.56344, 22.26494
1728401869, 105907201, 0xDDDD, 1060, 27.83883, 1.22249, 24.31250, 23.56250, 24.56250, 23.68750, 1.33531, 0.04674, 2.50220, 1.19348, 3.02117, 3.21055, 0.00000, 3.05099, 3.00828, 2.70044, 2.56103, 22.26494
1728401869, 106007174, 0xDDDD, 1061, 27.83883, 1.22249, 24.31250, 23.56250, 24.56250, 23.68750, 1.33531, 0.03707, 2.50220, 1.18784, 3.06066, 3.19201, 0.00000, 3.05179, 3.00828, 2.70044, 2.55136, 22.26494
1728401869, 106107181, 0xDDDD, 1062, 27.43590, 1.22249, 24.37500, 23.56250, 24.56250, 23.68750, 1.33531, 0.03707, 2.50220, 1.18300, 3.01956, 3.19927, 0.00000, 3.05099, 3.00828, 2.69883, 2.56425, 22.26494
1728401869, 106207178, 0xDDDD, 1063, 27.43590, 1.22249, 24.37500, 23.56250, 24.56250, 23.68750, 1.33451, 0.04029, 2.50220, 1.17736, 3.05582, 3.20571, 0.00000, 3.05099, 3.00828, 2.69883, 2.56264, 22.26494
1728401869, 106307200, 0xDDDD, 1064, 27.43590, 1.22249, 24.31250, 23.56250, 24.56250, 23.68750, 1.33531, 0.04593, 2.50220, 1.19993, 3.05582, 3.21216, 0.00000, 3.05099, 3.00828, 2.69963, 2.55941, 22.26494
1728401869, 106407180, 0xDDDD, 1065, 27.03297, 1.22249, 24.31250, 23.56250, 24.50000, 23.68750, 1.32403, 0.03788, 2.50220, 1.19348, 3.01714, 3.21216, 0.00000, 3.04938, 3.00828, 2.69883, 2.56264, 21.72771
1728401869, 106507185, 0xDDDD, 1066, 27.43590, 1.22249, 24.31250, 23.56250, 24.50000, 23.68750, 1.33531, 0.03707, 2.50220, 1.18784, 3.05421, 3.19363, 0.00000, 3.05179, 3.00828, 2.70044, 2.56344, 22.26494
1728401869, 106607181, 0xDDDD, 1067, 27.43590, 1.22249, 24.31250, 23.56250, 24.56250, 23.68750, 1.33531, 0.04513, 2.50139, 1.19187, 3.01311, 3.20249, 0.00000, 3.04535, 3.00828, 2.70044, 2.56022, 22.26494
1728401870, 106707176, 0xDDDD, 1068, 27.43590, 1.22249, 24.31250, 23.56250, 24.56250, 23.68750, 1.33531, 0.03626, 2.50220, 1.19509, 3.05018, 3.20894, 0.00000, 3.05099, 3.00828, 2.70044, 2.57714, 22.26494
1728401870, 106807179, 0xDDDD, 1069, 27.43590, 1.22168, 24.31250, 23.56250, 24.56250, 23.75000, 1.33531, 0.04110, 2.50139, 1.18945, 3.00828, 3.19121, 0.00000, 3.05179, 3.00747, 2.70125, 2.56264, 22.26494
1728401870, 106907180, 0xDDDD, 1070, 27.03297, 1.22249, 24.31250, 23.56250, 24.56250, 23.75000, 1.33451, 0.03788, 2.50220, 1.18381, 3.00908, 3.19846, 0.00000, 3.04938, 3.00828, 2.70044, 2.56103, 22.08586
1728401870, 107007175, 0xDDDD, 1071, 27.03297, 1.22249, 24.31250, 23.56250, 24.56250, 23.75000, 1.33451, 0.04110, 2.50220, 1.17817, 3.04777, 3.19846, 0.00000, 3.05099, 3.00828, 2.70044, 2.56264, 22.26494
1728401870, 107107170, 0xDDDD, 1072, 27.43590, 1.22249, 24.31250, 23.56250, 24.56250, 23.75000, 1.33612, 0.03626, 2.50220, 1.19832, 3.00667, 3.20410, 0.00000, 3.05099, 3.00747, 2.69963, 2.55861, 22.26494
1728401870, 107207175, 0xDDDD, 1073, 27.03297, 1.22249, 24.31250, 23.56250, 24.56250, 23.75000, 1.33451, 0.04190, 2.50139, 1.19267, 3.04454, 3.20974, 0.00000, 3.05260, 3.00828, 2.69963, 2.55941, 22.08586
1728401870, 107307173, 0xDDDD, 1074, 27.03297, 1.22249, 24.31250, 23.56250, 24.56250, 23.68750, 1.33531, 0.04110, 2.50220, 1.17817, 3.05744, 3.19201, 0.00000, 3.05179, 3.00828, 2.70044, 2.60857, 22.26494
1728401870, 107407165, 0xDDDD, 1075, 27.43590, 1.22249, 24.31250, 23.56250, 24.50000, 23.68750, 1.33451, 0.04352, 2.50220, 1.19670, 3.03971, 3.19846, 0.00000, 3.05099, 3.00828, 2.70044, 2.63275, 22.26494
1728401870, 107507174, 0xDDDD, 1076, 27.43590, 1.22249, 24.31250, 23.56250, 24.50000, 23.68750, 1.33531, 0.03626, 2.50220, 1.19187, 3.03729, 3.20491, 0.00000, 3.05179, 3.00828, 2.70044, 2.56103, 22.26494
1728401870, 107607186, 0xDDDD, 1077, 27.43590, 1.22249, 24.31250, 23.56250, 24.50000, 23.68750, 1.33531, 0.04190, 2.50300, 1.18381, 3.07597, 3.20410, 0.00000, 3.05179, 3.00828, 2.70044, 2.56022, 22.08586
1728401871, 107707186, 0xDDDD, 1078, 27.43590, 1.22168, 24.31250, 23.56250, 24.50000, 23.68750, 1.33451, 0.03949, 2.50220, 1.17817, 3.03165, 3.21055, 0.00000, 3.05099, 3.00828, 2.70044, 2.56103, 22.26494
1728401871, 107807173, 0xDDDD, 1079, 27.43590, 1.22249, 24.37500, 23.56250, 24.56250, 23.68750, 1.33612, 0.03707, 2.50220, 1.19751, 3.06872, 3.19121, 0.00000, 3.04938, 3.00828, 2.69963, 2.56425, 22.26494
1728401871, 107907169, 0xDDDD, 1080, 27.43590, 1.22249, 24.37500, 23.56250, 24.56250, 23.68750, 1.33531, 0.03626, 2.50220, 1.19026, 3.02440, 3.19685, 0.00000, 3.04615, 3.00828, 2.69963, 2.56425, 22.08586
1728401871, 108007186, 0xDDDD, 1081, 27.83883, 1.22168, 24.37500, 23.56250, 24.56250, 23.68750, 1.33531, 0.04190, 2.50220, 1.18300, 3.06147, 3.20491, 0.00000, 3.05179, 3.00828, 2.70125, 2.56183, 22.26494
1728401871, 108107177, 0xDDDD, 1082, 27.43590, 1.22168, 24.37500, 23.56250, 24.56250, 23.68750, 1.33531, 0.04271, 2.50139, 1.19429, 3.05985, 3.20813, 0.00000, 3.05099, 3.00828, 2.70044, 2.56344, 22.26494
1728401871, 108207180, 0xDDDD, 1083, 27.43590, 1.22249, 24.37500, 23.56250, 24.56250, 23.68750, 1.33451, 0.05722, 2.50220, 1.18623, 3.01553, 3.18879, 0.00000, 3.05099, 3.00828, 2.70044, 2.56264, 22.26494
1728401871, 108307187, 0xDDDD, 1084, 27.03297, 1.22168, 24.31250, 23.56250, 24.56250, 23.75000, 1.33451, 0.04110, 2.50220, 1.17817, 3.04857, 3.18799, 0.00000, 3.05018, 3.00828, 2.69883, 2.56264, 22.62310
1728401871, 108407182, 0xDDDD, 1085, 27.43590, 1.22249, 24.31250, 23.56250, 24.56250, 23.75000, 1.33531, 0.03788, 2.50220, 1.19751, 3.00425, 3.19443, 0.00000, 3.05179, 3.00828, 2.70044, 2.56264, 22.08586
1728401871, 108507163, 0xDDDD, 1086, 27.43590, 1.22249, 24.31250, 23.56250, 24.56250, 23.68750, 1.33370, 0.03626, 2.50139, 1.19026, 3.04051, 3.20088, 0.00000, 3.05099, 3.00828, 2.70044, 2.56103, 22.26494
1728401871, 108607208, 0xDDDD, 1087, 27.03297, 1.22168, 24.31250, 23.56250, 24.56250, 23.68750, 1.33451, 0.04110, 2.50220, 1.18139, 3.08161, 3.20652, 0.00000, 3.04938, 3.00747, 2.69963, 2.54088, 21.90678
1728401872, 108707175, 0xDDDD, 1088, 27.83883, 1.22249, 24.37500, 23.56250, 24.56250, 23.68750, 1.33612, 0.03626, 2.50220, 1.20154, 3.03326, 3.18799, 0.00000, 3.05179, 3.00828, 2.70044, 2.56022, 22.26494
1728401872, 108807167, 0xDDDD, 1089, 27.43590, 1.22249, 24.37500, 23.56250, 24.56250, 23.75000, 1.33531, 0.04110, 2.50139, 1.18945, 3.03245, 3.19443, 0.00000, 3.05099, 3.00828, 2.70044, 2.56103, 22.26494
1728401872, 108907178, 0xDDDD, 1090, 27.43590, 1.22249, 24.37500, 23.56250, 24.56250, 23.75000, 1.33531, 0.04755, 2.50220, 1.19670, 3.06791, 3.19282, 0.00000, 3.05341, 3.00828, 2.69963, 2.56183, 22.26494
1728401872, 109007184, 0xDDDD, 1091, 27.43590, 1.22249, 24.37500, 23.56250, 24.56250, 23.68750, 1.33531, 0.03868, 2.50139, 1.19187, 3.02278, 3.19927, 0.00000, 3.05099, 3.00747, 2.69963, 2.56022, 22.26494
1728401872, 109107181, 0xDDDD, 1092, 27.03297, 1.22249, 24.37500, 23.56250, 24.56250, 23.68750, 1.33531, 0.03949, 2.50220, 1.18300, 3.05824, 3.20571, 0.00000, 3.05099, 3.00828, 2.70044, 2.56344, 22.26494
1728401872, 109207173, 0xDDDD, 1093, 27.43590, 1.22249, 24.37500, 23.56250, 24.56250, 23.68750, 1.33612, 0.04029, 2.50220, 1.20073, 3.01231, 3.21216, 0.00000, 3.05099, 3.00828, 2.69963, 2.52396, 22.26494
1728401872, 109307167, 0xDDDD, 1094, 27.43590, 1.22249, 24.37500, 23.56250, 24.56250, 23.68750, 1.33451, 0.04352, 2.50220, 1.19187, 3.04615, 3.19282, 0.00000, 3.05179, 3.00828, 2.69963, 2.55861, 22.26494
1728401872, 109407183, 0xDDDD, 1095, 27.83883, 1.22168, 24.37500, 23.56250, 24.56250, 23.68750, 1.33451, 0.04674, 2.50220, 1.18220, 3.04293, 3.19927, 0.00000, 3.04777, 3.00828, 2.70044, 2.56425, 22.26494
1728401872, 109507183, 0xDDDD, 1096, 27.43590, 1.22249, 24.37500, 23.56250, 24.56250, 23.68750, 1.33531, 0.04029, 2.50220, 1.17414, 3.07355, 3.19766, 0.00000, 3.05018, 3.00828, 2.69963, 2.56264, 22.26494
1728401872, 109607172, 0xDDDD, 1097, 27.43590, 1.22249, 24.37500, 23.56250, 24.56250, 23.68750, 1.27890, 0.03546, 2.50220, 1.19187, 3.02440, 3.20330, 0.00000, 3.05260, 3.00828, 2.70044, 2.56344, 22.08586
1728401873, 109707188, 0xDDDD, 1098, 27.43590, 1.22249, 24.37500, 23.56250, 24.56250, 23.68750, 1.33531, 0.04029, 2.50220, 1.17656, 3.05985, 3.20813, 0.00000, 3.05099, 3.00828, 2.70044, 2.56103, 22.08586
1728401873, 109807181, 0xDDDD, 1099, 27.43590, 1.22168, 24.37500, 23.56250, 24.56250, 23.68750, 1.33531, 0.04190, 2.50220, 1.19348, 3.01231, 3.19040, 0.00000, 3.04938, 3.00828, 2.70044, 2.53040, 22.26494
1728401873, 109907174, 0xDDDD, 1100, 27.83883, 1.22249, 24.37500, 23.56250, 24.56250, 23.68750, 1.33531, 0.03868, 2.50220, 1.18623, 3.04615, 3.19604, 0.00000, 3.05260, 3.00828, 2.70125, 2.55619, 22.26494
1728401873, 110007170, 0xDDDD, 1101, 27.43590, 1.22168, 24.37500, 23.56250, 24.56250, 23.68750, 1.33531, 0.03949, 2.50220, 1.17817, 3.04132, 3.20249, 0.00000, 3.04938, 3.00828, 2.69963, 2.56103, 22.26494
1728401873, 110107167, 0xDDDD, 1102, 27.43590, 1.22330, 24.37500, 23.50000, 24.56250, 23.68750, 1.33531, 0.03546, 2.50220, 1.19429, 3.07275, 3.20894, 0.00000, 3.05018, 3.00828, 2.70044, 2.56425, 22.26494
1728401873, 110207197, 0xDDDD, 1103, 27.83883, 1.22168, 24.37500, 23.50000, 24.50000, 23.75000, 1.33531, 0.03304, 2.50220, 1.18462, 3.02359, 3.20652, 0.00000, 3.05341, 3.00828, 2.69963, 2.56183, 22.26494
1728401873, 110307174, 0xDDDD, 1104, 27.83883, 1.22249, 24.37500, 23.50000, 24.50000, 23.75000, 1.33531, 0.03465, 2.50220, 1.17656, 3.05905, 3.18718, 0.00000, 3.05179, 3.00828, 2.69963, 2.56264, 22.26494
1728401873, 110407165, 0xDDDD, 1105, 27.03297, 1.22249, 24.37500, 23.50000, 24.50000, 23.75000, 1.33531, 0.03788, 2.50220, 1.18542, 3.00989, 3.19363, 0.00000, 3.05260, 3.00747, 2.69963, 2.56022, 22.26494
1728401873, 110507187, 0xDDDD, 1106, 27.83883, 1.22249, 24.37500, 23.50000, 24.62500, 23.75000, 1.33451, 0.04432, 2.50139, 1.17656, 3.04132, 3.20088, 0.00000, 3.05018, 3.00828, 2.70044, 2.55377, 22.26494
1728401873, 110607188, 0xDDDD, 1107, 27.43590, 1.22249, 24.37500, 23.50000, 24.62500, 23.75000, 1.33531, 0.03465, 2.50220, 1.19348, 3.07436, 3.20491, 0.00000, 3.05018, 3.00828, 2.70125, 2.55861, 22.26494
1728401874, 110707175, 0xDDDD, 1108, 27.03297, 1.22249, 24.37500, 23.50000, 24.56250, 23.75000, 1.33531, 0.04029, 2.50220, 1.18381, 3.06308, 3.21136, 0.00000, 3.05099, 3.00828, 2.69963, 2.56103, 22.26494
1728401874, 110807177, 0xDDDD, 1109, 27.43590, 1.22168, 24.37500, 23.56250, 24.56250, 23.75000, 1.33531, 0.03546, 2.50220, 1.17575, 3.01231, 3.20974, 0.00000, 3.05099, 3.00828, 2.69963, 2.56103, 22.26494
1728401874, 110907173, 0xDDDD, 1110, 27.43590, 1.22249, 24.37500, 23.56250, 24.56250, 23.75000, 1.34176, 0.03465, 2.50220, 1.19267, 3.04535, 3.18960, 0.00000, 3.05099, 3.00828, 2.70125, 2.56183, 22.26494
1728401874, 111007187, 0xDDDD, 1111, 27.83883, 1.22249, 24.37500, 23.56250, 24.56250, 23.75000, 1.33531, 0.04029, 2.50059, 1.18381, 3.06711, 3.19443, 0.00000, 3.04293, 3.00667, 2.69802, 2.56022, 22.80220
1728401874, 111107182, 0xDDDD, 1112, 27.43590, 1.22249, 24.37500, 23.56250, 24.56250, 23.75000, 1.33451, 0.04110, 2.50220, 1.17897, 3.07597, 3.19927, 0.00000, 3.05179, 3.00828, 2.69963, 2.57070, 22.26494
1728401874, 111207172, 0xDDDD, 1113, 27.83883, 1.22168, 24.37500, 23.56250, 24.62500, 23.75000, 1.33451, 0.04271, 2.50220, 1.18864, 3.02278, 3.20571, 0.00000, 3.05260, 3.00828, 2.70044, 2.51429, 22.26494
1728401874, 111307176, 0xDDDD, 1114, 27.43590, 1.22168, 24.37500, 23.56250, 24.62500, 23.75000, 1.33451, 0.04432, 2.50139, 1.17978, 3.01634, 3.21136, 0.00000, 3.05179, 3.00828, 2.70044, 2.56425, 22.26494
1728401874, 111407176, 0xDDDD, 1115, 27.43590, 1.22330, 24.37500, 23.56250, 24.62500, 23.75000, 1.33531, 0.03788, 2.50139, 1.19590, 3.04696, 3.20894, 0.00000, 3.05179, 3.00828, 2.69883, 2.56183, 22.26494
1728401874, 111507183, 0xDDDD, 1116, 27.83883, 1.22249, 24.37500, 23.56250, 24.62500, 23.75000, 1.33531, 0.03788, 2.50139, 1.18542, 3.07758, 3.18879, 0.00000, 3.05099, 3.00828, 2.70044, 2.56344, 22.26494
1728401874, 111607179, 0xDDDD, 1117, 27.03297, 1.22249, 24.37500, 23.56250, 24.62500, 23.75000, 1.33531, 0.03788, 2.50220, 1.17495, 3.02278, 3.19363, 0.00000, 3.05099, 3.00828, 2.70125, 2.56264, 22.26494
1728401875, 111707163, 0xDDDD, 1118, 27.03297, 1.22249, 24.37500, 23.56250, 24.56250, 23.75000, 1.33531, 0.04110, 2.50220, 1.18864, 3.05421, 3.19927, 0.00000, 3.05099, 3.00828, 2.69963, 2.60212, 22.26494
1728401875, 111807189, 0xDDDD, 1119, 27.43590, 1.22249, 24.37500, 23.56250, 24.56250, 23.75000, 1.33531, 0.03949, 2.50220, 1.17817, 3.07839, 3.20491, 0.00000, 3.05341, 3.00828, 2.69963, 2.54813, 22.26494
1728401875, 111907182, 0xDDDD, 1120, 27.43590, 1.22249, 24.37500, 23.56250, 24.62500, 23.68750, 1.33531, 0.03868, 2.50139, 1.19429, 3.07516, 3.20894, 0.00000, 3.05099, 3.00828, 2.69883, 2.56022, 22.08586
1728401875, 112007186, 0xDDDD, 1121, 27.43590, 1.22168, 24.37500, 23.56250, 24.62500, 23.68750, 1.33531, 0.05077, 2.50139, 1.17656, 3.02117, 3.20652, 0.00000, 3.04938, 3.00828, 2.70044, 2.55941, 22.26494
1728401875, 112107185, 0xDDDD, 1122, 27.43590, 1.22249, 24.37500, 23.56250, 24.62500, 23.75000, 1.33531, 0.04190, 2.50220, 1.19187, 3.05018, 3.21297, 0.00000, 3.05018, 3.00828, 2.70044, 2.56183, 22.26494
1728401875, 112207187, 0xDDDD, 1123, 27.83883, 1.22249, 24.37500, 23.56250, 24.56250, 23.75000, 1.33531, 0.03626, 2.50220, 1.18139, 3.08161, 3.19201, 0.00000, 3.05260, 3.00828, 2.69963, 2.56022, 22.26494
1728401875, 112307175, 0xDDDD, 1124, 27.43590, 1.22249, 24.37500, 23.56250, 24.56250, 23.75000, 1.33531, 0.04029, 2.50139, 1.19429, 3.02601, 3.19766, 0.00000, 3.04535, 3.00667, 2.70044, 2.59568, 22.26494
1728401875, 112407188, 0xDDDD, 1125, 27.43590, 1.22249, 24.31250, 23.56250, 24.62500, 23.75000, 1.33531, 0.03546, 2.50220, 1.18220, 3.05582, 3.20410, 0.00000, 3.05179, 3.00747, 2.69963, 2.56747, 22.26494
1728401875, 112507172, 0xDDDD, 1126, 27.43590, 1.22249, 24.31250, 23.56250, 24.62500, 23.75000, 1.33531, 0.03546, 2.50220, 1.19751, 3.00425, 3.20813, 0.00000, 3.05099, 3.00828, 2.70044, 2.55861, 22.26494
1728401875, 112607171, 0xDDDD, 1127, 27.43590, 1.22168, 24.37500, 23.56250, 24.56250, 23.68750, 1.33531, 0.04513, 2.50300, 1.18703, 3.07516, 3.21216, 0.00000, 3.05260, 3.00828, 2.69963, 2.55780, 22.26494
1728401876, 112707184, 0xDDDD, 1128, 27.83883, 1.22168, 24.37500, 23.56250, 24.56250, 23.68750, 1.33531, 0.04190, 2.50220, 1.17495, 3.02037, 3.20894, 0.00000, 3.05018, 3.00828, 2.70044, 2.55941, 21.72771
1728401876, 112807185, 0xDDDD, 1129, 27.83883, 1.22249, 24.37500, 23.56250, 24.56250, 23.68750, 1.33531, 0.04029, 2.50220, 1.18059, 3.04615, 3.18960, 0.00000, 3.05018, 3.00828, 2.70044, 2.56103, 22.26494
1728401876, 112907174, 0xDDDD, 1130, 27.03297, 1.22249, 24.37500, 23.56250, 24.62500, 23.75000, 1.33531, 0.03626, 2.50139, 1.19509, 3.07436, 3.19363, 0.00000, 3.05099, 3.00828, 2.70044, 2.56183, 22.44402
1728401876, 113007178, 0xDDDD, 1131, 27.43590, 1.22249, 24.37500, 23.56250, 24.62500, 23.75000, 1.33531, 0.03949, 2.50220, 1.18381, 3.02198, 3.19846, 0.00000, 3.05018, 3.00908, 2.69883, 2.58520, 22.26494
1728401876, 113107181, 0xDDDD, 1132, 27.03297, 1.22249, 24.37500, 23.56250, 24.62500, 23.68750, 1.33451, 0.04432, 2.50059, 1.20154, 3.05099, 3.20249, 0.00000, 3.05260, 3.00908, 2.69963, 2.54168, 22.26494
1728401876, 113207182, 0xDDDD, 1133, 27.43590, 1.22249, 24.37500, 23.56250, 24.62500, 23.68750, 1.33451, 0.03949, 2.50220, 1.18945, 3.03810, 3.20652, 0.00000, 3.05099, 3.00828, 2.69963, 2.55941, 22.44402
1728401876, 113307183, 0xDDDD, 1134, 27.43590, 1.22249, 24.43750, 23.56250, 24.62500, 23.75000, 1.33451, 0.03626, 2.50139, 1.17817, 3.06711, 3.20330, 0.00000, 3.05260, 3.00828, 2.69963, 2.56264, 22.26494
1728401876, 113407178, 0xDDDD, 1135, 27.43590, 1.22168, 24.43750, 23.56250, 24.62500, 23.75000, 1.33531, 0.03465, 2.50139, 1.19267, 3.01311, 3.20813, 0.00000, 3.05018, 3.00828, 2.69963, 2.56264, 22.26494
1728401876, 113507166, 0xDDDD, 1136, 27.43590, 1.22168, 24.43750, 23.56250, 24.62500, 23.75000, 1.33451, 0.04271, 2.50220, 1.18139, 3.03890, 3.18799, 0.00000, 3.04938, 3.00828, 2.69963, 2.56022, 22.26494
1728401876, 113607176, 0xDDDD, 1137, 27.43590, 1.22249, 24.37500, 23.56250, 24.62500, 23.75000, 1.33531, 0.03626, 2.50220, 1.18623, 3.06711, 3.19282, 0.00000, 3.04938, 3.00828, 2.69963, 2.56828, 22.26494
1728401877, 113707172, 0xDDDD, 1138, 27.43590, 1.22249, 24.37500, 23.56250, 24.62500, 23.75000, 1.33531, 0.04271, 2.50220, 1.17414, 3.01070, 3.19766, 0.00000, 3.05260, 3.00828, 2.69963, 2.62469, 22.26494
1728401877, 113807175, 0xDDDD, 1139, 27.43590, 1.22249, 24.43750, 23.56250, 24.56250, 23.75000, 1.33531, 0.03788, 2.50220, 1.18784, 3.08081, 3.20088, 0.00000, 3.05179, 3.00828, 2.69963, 2.55941, 22.26494
1728401877, 113907186, 0xDDDD, 1140, 27.43590, 1.22249, 24.43750, 23.56250, 24.56250, 23.75000, 1.33451, 0.05802, 2.50220, 1.17495, 3.02440, 3.19766, 0.00000, 3.05179, 3.00828, 2.70044, 2.56183, 22.26494
1728401877, 114007186, 0xDDDD, 1141, 27.03297, 1.22249, 24.43750, 23.56250, 24.56250, 23.75000, 1.33531, 0.03626, 2.50220, 1.18784, 3.05018, 3.20491, 0.00000, 3.05179, 3.00828, 2.69883, 2.56183, 22.26494
1728401877, 114107180, 0xDDDD, 1142, 27.43590, 1.22249, 24.43750, 23.56250, 24.62500, 23.68750, 1.33451, 0.04271, 2.50220, 1.17414, 3.07355, 3.20894, 0.00000, 3.05018, 3.00828, 2.70044, 2.56103, 22.26494
1728401877, 114207174, 0xDDDD, 1143, 27.43590, 1.22168, 24.43750, 23.56250, 24.62500, 23.68750, 1.33531, 0.03385, 2.50220, 1.18703, 3.01634, 3.18879, 0.00000, 3.05179, 3.00828, 2.70044, 2.55458, 22.26494
1728401877, 114307190, 0xDDDD, 1144, 27.43590, 1.22249, 24.43750, 23.56250, 24.62500, 23.75000, 1.33531, 0.04029, 2.50220, 1.20154, 3.03971, 3.19363, 0.00000, 3.05099, 3.00828, 2.69963, 2.54088, 22.26494
1728401877, 114407169, 0xDDDD, 1145, 27.43590, 1.22249, 24.43750, 23.56250, 24.62500, 23.75000, 1.33531, 0.03546, 2.50220, 1.17817, 3.06227, 3.19927, 0.00000, 3.05179, 3.00828, 2.70125, 2.55861, 22.26494
1728401877, 114507181, 0xDDDD, 1146, 27.43590, 1.22168, 24.43750, 23.56250, 24.62500, 23.75000, 1.33612, 0.03385, 2.50381, 1.18945, 3.04857, 3.20249, 0.00000, 3.04696, 3.00828, 2.69963, 2.56183, 22.26494
1728401877, 114607171, 0xDDDD, 1147, 27.43590, 1.22249, 24.43750, 23.56250, 24.62500, 23.75000, 1.33451, 0.03546, 2.50220, 1.17495, 3.07355, 3.19927, 0.00000, 3.05099, 3.00828, 2.69963, 2.56183, 22.80220
1728401878, 114707189, 0xDDDD, 1148, 27.03297, 1.22249, 24.43750, 23.56250, 24.62500, 23.75000, 1.33612, 0.03546, 2.50220, 1.18784, 3.01714, 3.20330, 0.00000, 3.05099, 3.00828, 2.70125, 2.56022, 22.26494
1728401878, 114807165, 0xDDDD, 1149, 27.03297, 1.22249, 24.37500, 23.56250, 24.62500, 23.75000, 1.33451, 0.04110, 2.50300, 1.19912, 3.04212, 3.20813, 0.00000, 3.05179, 3.00828, 2.70044, 2.55780, 22.26494
1728401878, 114907194, 0xDDDD, 1150, 27.43590, 1.22249, 24.37500, 23.56250, 24.62500, 23.75000, 1.33531, 0.03707, 2.50381, 1.18381, 3.06711, 3.21136, 0.00000, 3.05018, 3.00828, 2.70125, 2.59890, 22.44402
1728401878, 115007174, 0xDDDD, 1151, 27.43590, 1.22249, 24.37500, 23.56250, 24.62500, 23.68750, 1.33531, 0.04352, 2.50220, 1.19590, 3.00586, 3.19121, 0.00000, 3.05099, 3.00828, 2.69963, 2.56586, 22.26494
1728401878, 115107168, 0xDDDD, 1152, 27.43590, 1.22249, 24.37500, 23.56250, 24.62500, 23.68750, 1.33531, 0.04029, 2.50220, 1.18139, 3.07516, 3.19524, 0.00000, 3.05260, 3.00828, 2.70125, 2.56103, 22.26494
1728401878, 115207179, 0xDDDD, 1153, 27.43590, 1.22249, 24.37500, 23.56250, 24.62500, 23.68750, 1.33531, 0.04432, 2.50300, 1.18623, 3.01553, 3.19201, 0.00000, 3.05179, 3.00828, 2.70044, 2.56103, 22.26494
1728401878, 115307183, 0xDDDD, 1154, 27.43590, 1.22249, 24.43750, 23.56250, 24.62500, 23.75000, 1.33531, 0.03465, 2.50220, 1.19751, 3.03729, 3.19604, 0.00000, 3.05260, 3.00828, 2.70125, 2.56022, 22.26494
1728401878, 115407174, 0xDDDD, 1155, 27.43590, 1.22249, 24.43750, 23.56250, 24.62500, 23.75000, 1.33451, 0.04110, 2.50220, 1.18381, 3.05905, 3.20007, 0.00000, 3.05018, 3.00828, 2.70044, 2.56022, 22.26494
1728401878, 115507172, 0xDDDD, 1156, 27.03297, 1.22249, 24.43750, 23.56250, 24.62500, 23.75000, 1.33612, 0.03385, 2.50220, 1.19509, 3.07839, 3.20168, 0.00000, 3.05179, 3.00828, 2.70044, 2.58762, 22.26494
1728401878, 115607173, 0xDDDD, 1157, 27.43590, 1.22249, 24.43750, 23.56250, 24.62500, 23.75000, 1.33612, 0.04029, 2.50220, 1.18059, 3.01795, 3.20491, 0.00000, 3.05179, 3.00747, 2.70044, 2.56022, 22.26494
1728401879, 115707183, 0xDDDD, 1158, 27.43590, 1.22249, 24.43750, 23.56250, 24.62500, 23.75000, 1.33451, 0.03707, 2.50220, 1.19106, 3.08161, 3.20894, 0.00000, 3.05179, 3.00828, 2.70125, 2.55861, 22.44402
1728401879, 115807184, 0xDDDD, 1159, 27.03297, 1.22249, 24.43750, 23.56250, 24.56250, 23.75000, 1.33451, 0.04593, 2.50220, 1.17736, 3.02117, 3.20571, 0.00000, 3.04938, 3.00828, 2.69883, 2.55941, 22.26494
1728401879, 115907172, 0xDDDD, 1160, 27.83883, 1.22249, 24.43750, 23.56250, 24.56250, 23.75000, 1.33934, 0.04190, 2.50220, 1.18703, 3.04132, 3.20974, 0.00000, 3.05260, 3.00828, 2.70125, 2.56022, 22.26494
1728401879, 116007179, 0xDDDD, 1161, 27.43590, 1.22249, 24.43750, 23.56250, 24.56250, 23.68750, 1.33451, 0.04432, 2.50220, 1.18945, 3.06147, 3.18879, 0.00000, 3.05018, 3.00828, 2.70125, 2.56103, 22.26494
1728401879, 116107184, 0xDDDD, 1162, 27.83883, 1.22249, 24.43750, 23.56250, 24.56250, 23.68750, 1.33531, 0.03304, 2.50139, 1.17414, 3.00747, 3.19201, 0.00000, 3.05179, 3.00828, 2.69963, 2.58842, 22.26494
1728401879, 116207175, 0xDDDD, 1163, 27.43590, 1.22249, 24.43750, 23.56250, 24.56250, 23.68750, 1.33451, 0.04110, 2.50220, 1.18623, 3.02601, 3.19443, 0.00000, 3.05099, 3.00828, 2.70125, 2.55538, 22.26494
1728401879, 116307173, 0xDDDD, 1164, 27.43590, 1.22249, 24.43750, 23.62500, 24.56250, 23.68750, 1.33531, 0.03626, 2.50220, 1.19590, 3.00828, 3.19846, 0.00000, 3.04938, 3.00828, 2.70044, 2.56022, 22.26494
1728401879, 116407172, 0xDDDD, 1165, 27.43590, 1.22168, 24.43750, 23.62500, 24.56250, 23.68750, 1.33531, 0.03949, 2.50220, 1.18059, 3.02923, 3.20330, 0.00000, 3.04615, 3.00828, 2.69963, 2.56103, 22.26494
1728401879, 116507185, 0xDDDD, 1166, 27.43590, 1.22249, 24.43750, 23.62500, 24.56250, 23.75000, 1.33531, 0.04029, 2.50220, 1.19187, 3.04857, 3.19846, 0.00000, 3.05260, 3.00828, 2.70044, 2.56022, 22.26494
1728401879, 116607178, 0xDDDD, 1167, 27.43590, 1.22168, 24.43750, 23.62500, 24.56250, 23.75000, 1.33531, 0.03949, 2.50220, 1.17575, 3.06952, 3.20088, 0.00000, 3.05179, 3.00828, 2.69963, 2.56103, 22.26494
1728401880, 116707169, 0xDDDD, 1168, 27.03297, 1.22249, 24.37500, 23.62500, 24.62500, 23.75000, 1.33531, 0.04190, 2.50139, 1.17817, 3.00747, 3.20410, 0.00000, 3.05179, 3.00747, 2.70044, 2.56264, 22.26494
1728401880, 116807190, 0xDDDD, 1169, 27.03297, 1.22249, 24.37500, 23.56250, 24.62500, 23.75000, 1.33531, 0.03707, 2.50139, 1.18864, 3.02520, 3.20571, 0.00000, 3.05099, 3.00828, 2.69883, 2.50623, 22.08586
1728401880, 116907168, 0xDDDD, 1170, 27.83883, 1.22249, 24.37500, 23.56250, 24.62500, 23.75000, 1.33531, 0.03626, 2.50220, 1.19751, 3.04696, 3.21136, 0.00000, 3.05179, 3.00747, 2.70044, 2.55941, 22.26494
1728401880, 117007174, 0xDDDD, 1171, 27.43590, 1.22249, 24.43750, 23.56250, 24.62500, 23.75000, 1.33531, 0.04190, 2.50139, 1.18300, 3.02842, 3.18879, 0.00000, 3.05179, 3.00828, 2.70044, 2.56103, 22.26494
1728401880, 117107180, 0xDDDD, 1172, 27.43590, 1.22249, 24.43750, 23.56250, 24.62500, 23.75000, 1.33451, 0.04352, 2.50220, 1.19267, 3.04696, 3.20813, 0.00000, 3.05018, 3.00828, 2.69963, 2.55700, 22.26494
1728401880, 117207180, 0xDDDD, 1173, 27.43590, 1.22168, 24.43750, 23.56250, 24.62500, 23.75000, 1.33531, 0.04029, 2.50139, 1.17736, 3.06630, 3.21216, 0.00000, 3.05099, 3.00828, 2.69963, 2.56183, 22.26494
1728401880, 117307203, 0xDDDD, 1174, 27.43590, 1.22249, 24.43750, 23.56250, 24.62500, 23.75000, 1.33451, 0.03707, 2.50220, 1.18703, 3.08886, 3.19121, 0.00000, 3.05179, 3.00828, 2.70044, 2.55861, 22.26494
1728401880, 117407183, 0xDDDD, 1175, 27.43590, 1.22249, 24.43750, 23.56250, 24.62500, 23.75000, 1.33531, 0.04271, 2.50220, 1.19670, 3.01875, 3.19524, 0.00000, 3.04938, 3.00747, 2.69963, 2.56264, 22.26494
1728401880, 117507179, 0xDDDD, 1176, 27.43590, 1.22168, 24.43750, 23.56250, 24.62500, 23.75000, 1.33451, 0.04190, 2.50220, 1.19670, 3.03729, 3.19846, 0.00000, 3.05260, 3.00828, 2.69963, 2.61179, 22.26494
1728401880, 117607166, 0xDDDD, 1177, 27.43590, 1.22249, 24.43750, 23.56250, 24.62500, 23.75000, 1.33531, 0.03626, 2.50220, 1.18300, 3.01392, 3.20330, 0.00000, 3.05018, 3.00828, 2.69963, 2.56022, 22.26494
1728401881, 117707177, 0xDDDD, 1178, 27.43590, 1.22249, 24.43750, 23.56250, 24.62500, 23.75000, 1.33612, 0.03707, 2.50220, 1.19106, 3.02923, 3.19846, 0.00000, 3.05018, 3.00828, 2.69963, 2.56183, 22.08586
1728401881, 117807190, 0xDDDD, 1179, 27.43590, 1.22168, 24.43750, 23.56250, 24.62500, 23.75000, 1.33531, 0.03626, 2.50139, 1.17414, 3.04777, 3.20168, 0.00000, 3.05099, 3.00828, 2.70044, 2.56425, 22.26494
1728401881, 117907183, 0xDDDD, 1180, 27.43590, 1.22249, 24.43750, 23.56250, 24.62500, 23.68750, 1.33612, 0.03868, 2.50139, 1.18139, 3.06711, 3.20330, 0.00000, 3.05099, 3.00828, 2.69963, 2.56264, 22.26494
1728401881, 118007165, 0xDDDD, 1181, 27.03297, 1.22249, 24.43750, 23.56250, 24.62500, 23.68750, 1.33531, 0.04190, 2.50220, 1.19026, 3.00908, 3.20652, 0.00000, 3.05099, 3.00828, 2.70044, 2.51429, 22.26494
1728401881, 118107198, 0xDDDD, 1182, 27.43590, 1.22168, 24.43750, 23.56250, 24.62500, 23.68750, 1.33531, 0.03626, 2.50139, 1.20234, 3.01956, 3.20813, 0.00000, 3.05179, 3.00747, 2.69963, 2.52799, 22.44402
1728401881, 118207182, 0xDDDD, 1183, 27.83883, 1.22249, 24.43750, 23.56250, 24.62500, 23.75000, 1.33531, 0.03626, 2.50220, 1.18059, 3.08322, 3.21136, 0.00000, 3.05099, 3.00828, 2.70044, 2.56103, 22.44402
1728401881, 118307187, 0xDDDD, 1184, 27.43590, 1.22249, 24.43750, 23.56250, 24.62500, 23.75000, 1.33531, 0.03385, 2.50139, 1.18059, 3.01634, 3.20571, 0.00000, 3.04938, 3.00828, 2.70044, 2.56264, 22.26494
1728401881, 118407172, 0xDDDD, 1185, 27.43590, 1.22249, 24.43750, 23.56250, 24.62500, 23.75000, 1.33612, 0.04432, 2.50220, 1.18945, 3.03407, 3.20813, 0.00000, 3.05018, 3.00828, 2.70125, 2.55780, 22.44402
1728401881, 118507177, 0xDDDD, 1186, 27.03297, 1.22168, 24.43750, 23.56250, 24.62500, 23.75000, 1.33451, 0.03546, 2.50220, 1.19670, 3.04938, 3.21136, 0.00000, 3.05179, 3.00828, 2.69963, 2.56103, 22.26494
1728401881, 118607176, 0xDDDD, 1187, 27.43590, 1.22249, 24.43750, 23.56250, 24.68750, 23.75000, 1.33612, 0.03707, 2.50220, 1.17817, 3.06549, 3.18799, 0.00000, 3.05179, 3.00828, 2.70044, 2.66740, 22.26494
1728401882, 118707188, 0xDDDD, 1188, 27.43590, 1.22168, 24.43750, 23.56250, 24.68750, 23.81250, 1.33612, 0.03385, 2.50220, 1.18542, 3.08242, 3.19121, 0.00000, 3.05099, 3.01714, 2.69963, 2.55780, 22.26494
1728401882, 118807179, 0xDDDD, 1189, 27.03297, 1.22249, 24.43750, 23.62500, 24.68750, 23.81250, 1.33451, 0.04593, 2.50220, 1.19348, 3.01231, 3.19443, 0.00000, 3.04938, 3.00828, 2.69883, 2.56344, 22.26494
1728401882, 118907170, 0xDDDD, 1190, 27.43590, 1.22249, 24.43750, 23.62500, 24.62500, 23.75000, 1.33451, 0.03707, 2.50220, 1.19912, 3.06872, 3.19604, 0.00000, 3.04777, 3.00828, 2.69963, 2.56264, 22.26494
1728401882, 119007184, 0xDDDD, 1191, 27.43590, 1.22249, 24.43750, 23.56250, 24.62500, 23.75000, 1.34015, 0.03546, 2.50139, 1.18059, 3.00505, 3.19282, 0.00000, 3.04938, 3.00828, 2.70044, 2.56022, 22.62310
1728401882, 119107176, 0xDDDD, 1192, 27.43590, 1.22249, 24.43750, 23.56250, 24.62500, 23.75000, 1.33289, 0.03949, 2.50220, 1.17897, 3.02117, 3.19524, 0.00000, 3.05260, 3.00747, 2.70044, 2.56103, 22.26494
1728401882, 119207182, 0xDDDD, 1193, 27.43590, 1.22249, 24.43750, 23.56250, 24.62500, 23.75000, 1.33531, 0.03707, 2.50139, 1.18623, 3.03810, 3.19766, 0.00000, 3.05421, 3.00828, 2.70125, 2.56264, 22.26494
1728401882, 119307183, 0xDDDD, 1194, 27.43590, 1.22249, 24.43750, 23.56250, 24.62500, 23.75000, 1.33451, 0.04190, 2.50220, 1.19348, 3.05260, 3.20168, 0.00000, 3.04777, 3.00828, 2.70125, 2.59407, 22.26494
1728401882, 119407164, 0xDDDD, 1195, 27.03297, 1.22249, 24.43750, 23.56250, 24.62500, 23.75000, 1.33531, 0.04110, 2.50139, 1.19912, 3.06711, 3.20410, 0.00000, 3.05179, 3.00828, 2.70044, 2.59004, 22.26494
1728401882, 119507167, 0xDDDD, 1196, 27.83883, 1.22249, 24.43750, 23.56250, 24.62500, 23.75000, 1.33531, 0.03868, 2.50220, 1.17978, 3.04132, 3.20733, 0.00000, 3.05179, 3.00828, 2.69963, 2.56022, 22.26494
1728401882, 119607187, 0xDDDD, 1197, 27.43590, 1.22249, 24.43750, 23.56250, 24.62500, 23.75000, 1.33531, 0.03385, 2.50139, 1.18703, 3.05985, 3.20168, 0.00000, 3.05260, 3.00828, 2.69963, 2.56103, 22.26494
1728401883, 119707185, 0xDDDD, 1198, 27.43590, 1.22168, 24.43750, 23.56250, 24.62500, 23.75000, 1.33531, 0.03868, 2.50220, 1.19267, 3.07436, 3.20410, 0.00000, 3.05179, 3.00747, 2.70044, 2.56022, 22.26494
1728401883, 119807166, 0xDDDD, 1199, 27.43590, 1.22249, 24.43750, 23.56250, 24.62500, 23.75000, 1.33451, 0.03465, 2.50139, 1.19912, 3.00667, 3.20571, 0.00000, 3.05018, 3.00747, 2.69963, 2.56022, 22.08586
1728401883, 119907168, 0xDDDD, 1200, 27.83883, 1.22249, 24.43750, 23.56250, 24.62500, 23.75000, 1.33531, 0.03626, 2.50220, 1.19670, 3.02037, 3.20733, 0.00000, 3.05179, 3.00828, 2.69963, 2.59568, 22.26494
1728401883, 120007179, 0xDDDD, 1201, 27.43590, 1.22168, 24.43750, 23.56250, 24.62500, 23.75000, 1.33531, 0.03626, 2.50220, 1.17575, 3.03407, 3.20894, 0.00000, 3.05018, 3.00747, 2.70044, 2.51670, 22.08586
1728401883, 120107169, 0xDDDD, 1202, 27.43590, 1.22249, 24.43750, 23.56250, 24.68750, 23.75000, 1.33531, 0.03707, 2.50220, 1.18139, 3.00667, 3.21136, 0.00000, 3.05260, 3.00828, 2.70044, 2.56103, 22.26494
1728401883, 120207174, 0xDDDD, 1203, 27.83883, 1.22249, 24.43750, 23.56250, 24.68750, 23.75000, 1.33451, 0.05399, 2.50220, 1.18703, 3.01875, 3.20491, 0.00000, 3.05099, 3.00828, 2.70044, 2.56183, 22.26494
1728401883, 120307187, 0xDDDD, 1204, 27.43590, 1.22249, 24.43750, 23.56250, 24.62500, 23.75000, 1.33531, 0.03546, 2.50139, 1.19348, 3.03165, 3.20652, 0.00000, 3.05341, 3.00908, 2.70125, 2.56183, 22.26494
1728401883, 120407187, 0xDDDD, 1205, 27.43590, 1.22168, 24.43750, 23.56250, 24.62500, 23.75000, 1.33451, 0.03626, 2.50139, 1.19187, 3.04132, 3.20813, 0.00000, 3.05179, 3.00747, 2.70044, 2.56183, 22.26494
1728401883, 120507173, 0xDDDD, 1206, 27.43590, 1.22249, 24.43750, 23.62500, 24.62500, 23.75000, 1.33451, 0.04110, 2.50220, 1.17897, 3.05502, 3.20974, 0.00000, 3.05179, 3.00828, 2.70044, 2.54410, 22.26494
1728401883, 120607190, 0xDDDD, 1207, 27.43590, 1.22249, 24.43750, 23.62500, 24.62500, 23.75000, 1.33531, 0.04190, 2.50220, 1.18462, 3.06791, 3.18799, 0.00000, 3.05018, 3.00747, 2.69963, 2.57795, 22.44402
1728401884, 120707171, 0xDDDD, 1208, 27.43590, 1.22249, 24.43750, 23.62500, 24.62500, 23.75000, 1.33531, 0.03546, 2.50220, 1.18220, 3.07919, 3.18960, 0.00000, 3.04938, 3.00828, 2.70044, 2.56022, 22.26494
1728401884, 120807182, 0xDDDD, 1209, 27.43590, 1.22249, 24.43750, 23.62500, 24.62500, 23.75000, 1.33531, 0.04271, 2.50220, 1.18703, 3.05018, 3.19201, 0.00000, 3.05179, 3.00828, 2.69963, 2.56022, 22.26494
1728401884, 120907171, 0xDDDD, 1210, 27.43590, 1.22168, 24.43750, 23.62500, 24.62500, 23.75000, 1.33451, 0.04271, 2.50139, 1.19348, 3.06549, 3.21216, 0.00000, 3.05179, 3.00828, 2.70125, 2.56022, 22.80220
1728401884, 121007172, 0xDDDD, 1211, 28.24175, 1.22088, 24.43750, 23.62500, 24.68750, 23.75000, 1.33612, 0.03707, 2.50300, 1.17495, 3.07275, 3.19040, 0.00081, 3.05018, 3.00747, 2.69883, 2.56264, 22.80220
1728401884, 121107168, 0xDDDD, 1212, 27.43590, 1.22249, 24.43750, 23.62500, 24.68750, 23.75000, 1.33531, 0.04352, 2.50220, 1.18139, 3.06066, 3.18960, 0.00000, 3.05018, 3.00747, 2.69963, 2.55941, 22.26494
1728401884, 121207193, 0xDDDD, 1213, 27.83883, 1.22168, 24.43750, 23.56250, 24.68750, 23.75000, 1.33531, 0.03707, 2.50220, 1.18542, 3.07033, 3.19121, 0.00000, 3.05179, 3.00828, 2.70044, 2.55136, 22.26494
1728401884, 121307175, 0xDDDD, 1214, 27.43590, 1.22249, 24.43750, 23.56250, 24.68750, 23.75000, 1.33451, 0.04271, 2.50220, 1.19026, 3.08081, 3.19282, 0.00000, 3.05179, 3.00828, 2.70044, 2.56103, 22.44402
1728401884, 121407172, 0xDDDD, 1215, 27.43590, 1.22168, 24.43750, 23.56250, 24.68750, 23.75000, 1.33531, 0.03626, 2.50220, 1.18623, 3.05099, 3.19282, 0.00000, 3.05099, 3.00828, 2.69963, 2.56022, 22.26494
1728401884, 121507181, 0xDDDD, 1216, 27.43590, 1.22249, 24.43750, 23.56250, 24.68750, 23.75000, 1.33531, 0.04190, 2.50220, 1.18945, 3.06066, 3.18799, 0.00000, 3.05018, 3.00828, 2.70125, 2.55780, 22.26494
1728401884, 121607187, 0xDDDD, 1217, 27.43590, 1.22249, 24.50000, 23.56250, 24.68750, 23.75000, 1.33612, 0.03546, 2.50139, 1.19429, 3.07275, 3.19040, 0.00000, 3.05099, 3.00828, 2.70044, 2.56022, 22.26494
1728401885, 121707174, 0xDDDD, 1218, 27.43590, 1.22249, 24.50000, 23.62500, 24.68750, 23.75000, 1.33451, 0.03949, 2.50220, 1.19832, 3.08081, 3.19282, 0.00000, 3.05260, 3.00828, 2.70125, 2.56183, 22.26494
1728401885, 121807177, 0xDDDD, 1219, 27.43590, 1.22249, 24.50000, 23.62500, 24.68750, 23.75000, 1.33451, 0.04190, 2.50220, 1.17575, 3.01070, 3.19443, 0.00000, 3.05099, 3.00828, 2.69963, 2.48447, 22.26494
1728401885, 121907173, 0xDDDD, 1220, 27.43590, 1.22168, 24.50000, 23.62500, 24.68750, 23.75000, 1.33531, 0.03385, 2.50220, 1.17978, 3.02198, 3.19524, 0.00000, 3.05099, 3.00828, 2.70044, 2.53685, 22.26494
1728401885, 122007196, 0xDDDD, 1221, 27.43590, 1.22249, 24.50000, 23.62500, 24.68750, 23.81250, 1.33451, 0.03949, 2.50059, 1.18462, 3.07597, 3.19685, 0.00000, 3.05099, 3.00828, 2.69883, 2.56264, 22.44402
1728401885, 122107184, 0xDDDD, 1222, 27.03297, 1.22249, 24.43750, 23.56250, 24.68750, 23.81250, 1.33531, 0.04190, 2.50220, 1.18864, 3.00425, 3.19040, 0.00000, 3.04857, 3.00747, 2.70044, 2.55941, 22.26494
1728401885, 122207174, 0xDDDD, 1223, 27.43590, 1.22249, 24.43750, 23.56250, 24.68750, 23.81250, 1.33531, 0.05722, 2.50139, 1.18462, 3.01150, 3.19121, 0.00000, 3.05099, 3.00828, 2.69883, 2.55780, 22.26494
1728401885, 122307176, 0xDDDD, 1224, 27.43590, 1.22249, 24.50000, 23.56250, 24.68750, 23.75000, 1.32645, 0.03626, 2.50139, 1.18864, 3.02117, 3.19201, 0.00000, 3.05099, 3.00747, 2.70125, 2.56022, 22.26494
1728401885, 122407168, 0xDDDD, 1225, 27.43590, 1.22249, 24.50000, 23.56250, 24.68750, 23.75000, 1.33531, 0.04190, 2.50220, 1.19267, 3.03165, 3.19363, 0.00000, 3.04938, 3.00828, 2.70044, 2.56828, 22.26494
1728401885, 122507176, 0xDDDD, 1226, 27.03297, 1.22249, 24.50000, 23.56250, 24.62500, 23.75000, 1.33531, 0.03546, 2.50220, 1.19670, 3.03971, 3.19443, 0.00000, 3.05018, 3.00747, 2.69883, 2.56103, 22.26494
1728401885, 122607178, 0xDDDD, 1227, 27.83883, 1.22249, 24.50000, 23.56250, 24.62500, 23.75000, 1.33451, 0.04432, 2.50300, 1.18220, 3.00747, 3.19685, 0.00000, 3.05099, 3.00828, 2.70125, 2.56022, 22.26494
1728401886, 122707179, 0xDDDD, 1228, 27.03297, 1.22249, 24.50000, 23.56250, 24.62500, 23.75000, 1.33531, 0.04190, 2.50220, 1.17817, 3.01311, 3.19685, 0.00081, 3.05260, 3.00747, 2.69963, 2.55941, 22.26494
1728401886, 122807183, 0xDDDD, 1229, 27.43590, 1.22249, 24.43750, 23.56250, 24.62500, 23.75000, 1.33612, 0.03707, 2.50139, 1.18139, 3.02198, 3.19121, 0.00000, 3.05099, 3.00828, 2.69883, 2.56264, 22.26494
1728401886, 122907186, 0xDDDD, 1230, 27.43590, 1.22168, 24.43750, 23.56250, 24.62500, 23.75000, 1.33612, 0.03385, 2.50220, 1.18542, 3.02762, 3.19282, 0.00000, 3.04938, 3.00828, 2.69963, 2.56425, 22.26494
1728401886, 123007175, 0xDDDD, 1231, 27.43590, 1.22168, 24.50000, 23.56250, 24.68750, 23.75000, 1.33531, 0.03546, 2.50139, 1.18220, 3.03568, 3.19363, 0.00000, 3.05179, 3.00828, 2.70044, 2.56103, 22.08586
1728401886, 123107191, 0xDDDD, 1232, 27.43590, 1.22249, 24.50000, 23.62500, 24.68750, 23.75000, 1.33612, 0.03707, 2.50139, 1.18542, 3.04454, 3.19443, 0.00000, 3.05099, 3.00747, 2.69963, 2.59165, 22.26494
1728401886, 123207172, 0xDDDD, 1233, 27.43590, 1.22249, 24.50000, 23.62500, 24.62500, 23.75000, 1.33531, 0.04029, 2.50059, 1.18784, 3.05099, 3.19685, 0.00000, 3.05179, 3.00828, 2.69963, 2.56264, 22.26494
1728401886, 123307174, 0xDDDD, 1234, 27.83883, 1.22249, 24.43750, 23.62500, 24.62500, 23.75000, 1.33531, 0.03868, 2.50139, 1.19026, 3.02037, 3.19685, 0.00000, 3.04857, 3.00828, 2.69883, 2.56103, 22.26494
1728401886, 123407179, 0xDDDD, 1235, 27.43590, 1.22249, 24.43750, 23.56250, 24.68750, 23.75000, 1.33531, 0.02982, 2.50139, 1.19348, 3.02681, 3.19121, 0.00000, 3.05099, 3.00828, 2.70044, 2.56103, 22.26494
1728401886, 123507184, 0xDDDD, 1236, 27.43590, 1.22249, 24.43750, 23.56250, 24.68750, 23.75000, 1.33612, 0.03868, 2.50220, 1.19751, 3.03810, 3.19201, 0.00000, 3.05099, 3.00828, 2.70125, 2.56103, 22.26494
1728401886, 123607174, 0xDDDD, 1237, 27.83883, 1.22249, 24.43750, 23.62500, 24.68750, 23.75000, 1.33531, 0.03626, 2.50139, 1.17414, 3.04615, 3.19363, 0.00000, 3.05018, 3.00747, 2.70044, 2.56103, 22.26494
1728401887, 123707182, 0xDDDD, 1238, 27.43590, 1.22249, 24.43750, 23.62500, 24.68750, 23.75000, 1.33531, 0.04110, 2.50139, 1.17736, 3.04938, 3.19524, 0.00000, 3.05260, 3.00828, 2.69963, 2.56103, 22.26494
1728401887, 123807186, 0xDDDD, 1239, 27.43590, 1.22168, 24.43750, 23.62500, 24.68750, 23.75000, 1.33531, 0.03788, 2.50220, 1.20073, 3.05905, 3.19604, 0.00000, 3.05099, 3.00828, 2.70044, 2.56505, 22.26494
1728401887, 123907166, 0xDDDD, 1240, 27.03297, 1.22249, 24.43750, 23.62500, 24.68750, 23.75000, 1.33451, 0.03868, 2.50139, 1.17495, 3.02440, 3.19846, 0.00000, 3.05099, 3.00828, 2.69963, 2.55941, 22.44402
1728401887, 124007180, 0xDDDD, 1241, 27.03297, 1.22249, 24.50000, 23.62500, 24.68750, 23.75000, 1.33531, 0.03385, 2.50220, 1.17817, 3.02762, 3.19282, 0.00000, 3.05260, 3.00828, 2.69963, 2.56183, 22.26494
1728401887, 124107191, 0xDDDD, 1242, 27.43590, 1.22249, 24.50000, 23.56250, 24.68750, 23.75000, 1.33531, 0.03788, 2.50220, 1.18059, 3.03568, 3.19443, 0.00000, 3.05018, 3.00828, 2.69963, 2.56022, 22.26494
1728401887, 124207183, 0xDDDD, 1243, 27.43590, 1.22249, 24.50000, 23.56250, 24.68750, 23.75000, 1.33612, 0.03626, 2.50139, 1.18300, 3.04212, 3.19443, 0.00000, 3.04857, 3.00828, 2.70044, 2.56264, 22.26494
1728401887, 124307171, 0xDDDD, 1244, 27.43590, 1.22249, 24.50000, 23.62500, 24.68750, 23.75000, 1.33531, 0.03788, 2.50139, 1.18542, 3.04374, 3.19443, 0.00000, 3.04777, 3.00828, 2.70125, 2.52637, 22.26494
1728401887, 124407179, 0xDDDD, 1245, 27.83883, 1.22249, 24.50000, 23.62500, 24.68750, 23.75000, 1.33531, 0.03707, 2.50220, 1.18703, 3.04777, 3.19524, 0.00000, 3.05341, 3.00828, 2.70125, 2.54974, 22.26494
1728401887, 124507182, 0xDDDD, 1246, 27.43590, 1.22249, 24.43750, 23.62500, 24.68750, 23.75000, 1.33451, 0.04352, 2.50139, 1.18703, 3.01231, 3.19524, 0.00000, 3.04696, 3.00828, 2.69963, 2.56022, 22.26494
1728401887, 124607175, 0xDDDD, 1247, 27.43590, 1.22249, 24.43750, 23.62500, 24.62500, 23.75000, 1.33531, 0.03949, 2.50220, 1.18059, 3.01473, 3.18879, 0.00000, 3.05099, 3.00828, 2.69963, 2.55941, 22.44402
1728401888, 124707181, 0xDDDD, 1248, 27.83883, 1.22249, 24.50000, 23.62500, 24.62500, 23.75000, 1.33289, 0.03465, 2.50139, 1.18139, 3.01795, 3.18960, 0.00000, 3.05099, 3.00828, 2.69963, 2.56022, 22.26494
1728401888, 124807166, 0xDDDD, 1249, 27.03297, 1.22168, 24.50000, 23.62500, 24.62500, 23.75000, 1.33209, 0.03465, 2.50220, 1.18139, 3.02198, 3.18960, 0.00000, 3.05099, 3.00828, 2.70125, 2.56103, 22.26494
1728401888, 124907163, 0xDDDD, 1250, 27.43590, 1.22168, 24.50000, 23.62500, 24.68750, 23.68750, 1.33531, 0.03546, 2.50220, 1.18220, 3.02440, 3.19121, 0.00000, 3.04454, 3.00828, 2.69963, 2.50220, 22.26494
1728401888, 125007175, 0xDDDD, 1251, 27.03297, 1.22249, 24.43750, 23.62500, 24.68750, 23.68750, 1.33531, 0.03546, 2.50220, 1.18381, 3.02681, 3.19121, 0.00000, 3.05179, 3.00828, 2.70044, 2.52073, 22.26494
1728401888, 125107185, 0xDDDD, 1252, 27.43590, 1.22249, 24.43750, 23.62500, 24.68750, 23.68750, 1.33531, 0.04271, 2.50220, 1.18542, 3.03004, 3.19201, 0.00000, 3.04938, 3.00828, 2.69963, 2.56344, 22.26494
1728401888, 125207177, 0xDDDD, 1253, 27.43590, 1.22249, 24.43750, 23.62500, 24.68750, 23.75000, 1.33451, 0.04190, 2.50220, 1.18623, 3.07597, 3.19201, 0.00000, 3.04696, 3.00828, 2.69963, 2.56103, 22.26494
1728401888, 125307183, 0xDDDD, 1254, 27.43590, 1.22168, 24.43750, 23.62500, 24.68750, 23.75000, 1.33451, 0.04352, 2.50220, 1.18864, 3.07839, 3.21136, 0.00000, 3.05179, 3.00828, 2.70044, 2.55700, 22.44402
1728401888, 125407170, 0xDDDD, 1255, 27.83883, 1.22249, 24.43750, 23.62500, 24.62500, 23.75000, 1.33451, 0.04110, 2.50139, 1.18059, 3.07919, 3.18879, 0.00000, 3.05179, 3.00828, 2.69963, 2.56022, 22.26494
1728401888, 125507182, 0xDDDD, 1256, 27.43590, 1.22168, 24.43750, 23.62500, 24.62500, 23.75000, 1.33531, 0.03868, 2.50139, 1.18220, 3.08161, 3.18960, 0.00000, 3.05099, 3.00747, 2.69883, 2.56183, 22.26494
1728401888, 125607178, 0xDDDD, 1257, 27.43590, 1.22168, 24.43750, 23.62500, 24.68750, 23.75000, 1.33531, 0.03626, 2.50220, 1.18381, 3.08000, 3.19040, 0.00000, 3.05179, 3.00747, 2.70125, 2.54652, 22.26494
1728401889, 125707164, 0xDDDD, 1258, 27.43590, 1.22249, 24.43750, 23.62500, 24.68750, 23.75000, 1.33531, 0.03304, 2.50220, 1.18542, 3.00747, 3.19201, 0.00000, 3.04777, 3.00747, 2.69963, 2.53443, 22.26494
1728401889, 125807169, 0xDDDD, 1259, 27.43590, 1.22249, 24.43750, 23.62500, 24.68750, 23.75000, 1.33451, 0.04755, 2.50220, 1.18542, 3.05260, 3.19282, 0.00000, 3.05179, 3.00828, 2.70044, 2.56344, 22.26494
1728401889, 125907187, 0xDDDD, 1260, 27.43590, 1.22168, 24.50000, 23.62500, 24.68750, 23.75000, 1.33531, 0.03626, 2.50220, 1.18623, 3.05341, 3.21136, 0.00000, 3.04938, 3.00828, 2.70044, 2.56022, 22.44402
1728401889, 126007181, 0xDDDD, 1261, 27.43590, 1.22249, 24.50000, 23.62500, 24.68750, 23.75000, 1.33612, 0.03626, 2.50220, 1.18623, 3.05582, 3.20974, 0.00000, 3.05099, 3.00828, 2.70044, 2.56264, 22.44402
1728401889, 126107170, 0xDDDD, 1262, 27.83883, 1.22249, 24.50000, 23.62500, 24.68750, 23.75000, 1.33531, 0.03949, 2.50139, 1.18703, 3.05582, 3.21055, 0.00000, 3.05099, 3.00747, 2.70044, 2.56264, 22.44402
1728401889, 126207169, 0xDDDD, 1263, 27.03297, 1.22249, 24.50000, 23.62500, 24.68750, 23.75000, 1.33531, 0.03868, 2.50139, 1.17897, 3.05582, 3.21055, 0.00081, 3.05099, 3.00828, 2.70044, 2.58923, 22.26494
1728401889, 126307186, 0xDDDD, 1264, 27.83883, 1.22168, 24.50000, 23.62500, 24.68750, 23.75000, 1.33531, 0.04110, 2.50220, 1.17978, 3.05985, 3.21055, 0.00000, 3.05179, 3.00828, 2.69883, 2.47399, 22.26494
1728401889, 126407173, 0xDDDD, 1265, 27.83883, 1.22249, 24.50000, 23.62500, 24.68750, 23.75000, 1.33531, 0.03546, 2.50139, 1.18139, 3.02359, 3.21055, 0.00000, 3.04857, 3.00828, 2.69963, 2.55780, 22.44402
1728401889, 126507174, 0xDDDD, 1266, 27.03297, 1.22249, 24.50000, 23.62500, 24.68750, 23.75000, 1.33531, 0.03788, 2.50139, 1.18139, 3.02037, 3.20410, 0.00000, 3.05018, 3.00828, 2.69963, 2.56183, 22.44402
1728401889, 126607177, 0xDDDD, 1267, 27.43590, 1.22249, 24.50000, 23.62500, 24.68750, 23.75000, 1.33531, 0.03949, 2.50220, 1.18139, 3.02520, 3.20410, 0.00000, 3.05018, 3.00747, 2.70044, 2.56183, 22.44402
1728401890, 126707185, 0xDDDD, 1268, 27.43590, 1.22249, 24.50000, 23.62500, 24.68750, 23.75000, 1.33531, 0.04029, 2.50220, 1.18220, 3.02359, 3.20410, 0.00000, 3.04696, 3.00828, 2.70125, 2.56103, 22.08586
1728401890, 126807171, 0xDDDD, 1269, 27.43590, 1.22249, 24.50000, 23.62500, 24.68750, 23.75000, 1.33531, 0.04110, 2.50139, 1.18139, 3.02198, 3.20330, 0.00000, 3.05341, 3.00908, 2.70044, 2.55216, 22.44402
1728401890, 126907181, 0xDDDD, 1270, 27.43590, 1.22168, 24.50000, 23.62500, 24.68750, 23.75000, 1.33531, 0.03788, 2.50220, 1.18300, 3.02198, 3.20249, 0.00000, 3.05341, 3.00747, 2.69963, 2.56425, 22.44402
1728401890, 127007177, 0xDDDD, 1271, 27.03297, 1.22249, 24.50000, 23.62500, 24.68750, 23.75000, 1.33451, 0.04271, 2.50220, 1.17333, 3.02359, 3.20249, 0.00000, 3.04777, 3.00747, 2.69963, 2.56183, 22.44402
1728401890, 127107188, 0xDDDD, 1272, 27.43590, 1.22249, 24.50000, 23.62500, 24.62500, 23.75000, 1.33531, 0.03465, 2.50139, 1.20073, 3.06952, 3.20249, 0.00000, 3.05179, 3.00828, 2.70044, 2.56344, 22.44402
1728401890, 127207175, 0xDDDD, 1273, 27.83883, 1.22249, 24.50000, 23.62500, 24.62500, 23.75000, 1.31194, 0.04110, 2.50139, 1.19590, 3.07033, 3.19524, 0.00000, 3.05099, 3.00747, 2.69963, 2.55861, 22.98128
1728401890, 127307178, 0xDDDD, 1274, 27.83883, 1.22168, 24.50000, 23.62500, 24.68750, 23.75000, 1.33531, 0.04432, 2.50139, 1.19751, 3.06791, 3.19363, 0.00000, 3.04615, 3.00828, 2.69963, 2.56022, 22.26494
1728401890, 127407173, 0xDDDD, 1275, 27.03297, 1.22168, 24.50000, 23.62500, 24.68750, 23.75000, 1.33531, 0.03868, 2.50139, 1.19832, 3.06791, 3.19363, 0.00000, 3.04938, 3.00828, 2.70125, 2.56183, 22.26494
1728401890, 127507171, 0xDDDD, 1276, 27.43590, 1.22168, 24.50000, 23.56250, 24.68750, 23.75000, 1.33451, 0.03546, 2.50220, 1.19751, 3.06711, 3.19282, 0.00000, 3.05099, 3.00828, 2.69963, 2.53766, 22.26494
1728401890, 127607177, 0xDDDD, 1277, 27.83883, 1.22249, 24.50000, 23.56250, 24.68750, 23.75000, 1.33451, 0.03949, 2.50220, 1.19670, 3.06630, 3.19443, 0.00000, 3.05179, 3.00828, 2.69963, 2.56022, 22.26494
1728401891, 127707176, 0xDDDD, 1278, 27.43590, 1.22249, 24.50000, 23.62500, 24.68750, 23.75000, 1.33612, 0.04190, 2.50139, 1.19026, 3.02601, 3.19363, 0.00000, 3.05018, 3.00828, 2.69963, 2.55941, 22.44402
1728401891, 127807176, 0xDDDD, 1279, 27.83883, 1.22168, 24.50000, 23.62500, 24.62500, 23.75000, 1.33451, 0.03949, 2.50220, 1.18864, 3.02198, 3.18799, 0.00000, 3.04857, 3.00747, 2.70125, 2.56183, 22.44402
1728401891, 127907179, 0xDDDD, 1280, 27.43590, 1.22249, 24.50000, 23.62500, 24.62500, 23.75000, 1.35868, 0.04029, 2.50220, 1.18864, 3.01714, 3.21297, 0.00000, 3.04777, 3.00747, 2.69963, 2.56103, 22.44402
1728401891, 128007175, 0xDDDD, 1281, 27.43590, 1.22249, 24.50000, 23.62500, 24.68750, 23.75000, 1.33531, 0.03626, 2.50139, 1.18703, 3.01714, 3.18879, 0.00000, 3.05179, 3.00747, 2.69963, 2.56103, 22.44402
1728401891, 128107181, 0xDDDD, 1282, 27.43590, 1.22249, 24.50000, 23.62500, 24.68750, 23.75000, 1.33451, 0.04352, 2.50220, 1.18542, 3.01473, 3.18879, 0.00000, 3.04938, 3.00828, 2.70044, 2.61341, 22.26494
1728401891, 128207164, 0xDDDD, 1283, 27.43590, 1.22249, 24.50000, 23.62500, 24.68750, 23.75000, 1.33531, 0.03465, 2.50220, 1.18462, 3.01392, 3.18960, 0.00000, 3.05018, 3.00828, 2.70125, 2.58923, 22.44402
1728401891, 128307170, 0xDDDD, 1284, 27.43590, 1.22249, 24.50000, 23.62500, 24.68750, 23.75000, 1.33531, 0.04352, 2.50139, 1.18220, 3.05421, 3.18879, 0.00000, 3.05179, 3.00828, 2.70125, 2.56264, 22.26494
1728401891, 128407186, 0xDDDD, 1285, 27.43590, 1.22249, 24.50000, 23.62500, 24.68750, 23.75000, 1.33531, 0.04190, 2.50139, 1.18059, 3.05018, 3.20571, 0.00000, 3.05179, 3.00747, 2.69963, 2.55861, 22.26494
1728401891, 128507182, 0xDDDD, 1286, 27.83883, 1.22249, 24.50000, 23.62500, 24.68750, 23.75000, 1.32645, 0.03707, 2.50139, 1.19670, 3.04857, 3.20571, 0.00000, 3.05179, 3.00828, 2.69883, 2.56425, 22.44402
1728401891, 128607166, 0xDDDD, 1287, 27.43590, 1.22168, 24.50000, 23.62500, 24.68750, 23.75000, 1.33531, 0.04110, 2.50139, 1.19509, 3.04777, 3.20491, 0.00000, 3.05179, 3.00828, 2.70125, 2.56022, 22.44402
1728401892, 128707168, 0xDDDD, 1288, 27.03297, 1.22168, 24.50000, 23.62500, 24.68750, 23.75000, 1.33451, 0.04271, 2.50139, 1.19267, 3.04454, 3.20571, 0.00081, 3.05179, 3.00747, 2.70044, 2.56425, 22.44402
1728401892, 128807181, 0xDDDD, 1289, 27.83883, 1.22168, 24.50000, 23.62500, 24.68750, 23.81250, 1.33531, 0.03546, 2.50139, 1.19026, 3.04293, 3.20652, 0.00000, 3.05099, 3.00828, 2.69963, 2.56022, 22.44402
1728401892, 128907170, 0xDDDD, 1290, 27.43590, 1.22249, 24.50000, 23.62500, 24.68750, 23.81250, 1.33612, 0.03707, 2.50139, 1.18864, 3.08242, 3.20571, 0.00000, 3.04777, 3.00828, 2.69963, 2.55941, 22.26494
1728401892, 129007172, 0xDDDD, 1291, 27.43590, 1.22168, 24.50000, 23.62500, 24.68750, 23.81250, 1.33531, 0.03626, 2.50220, 1.18784, 3.07919, 3.20410, 0.00000, 3.05018, 3.00828, 2.70044, 2.55700, 22.44402
1728401892, 129107177, 0xDDDD, 1292, 27.03297, 1.22249, 24.50000, 23.62500, 24.68750, 23.81250, 1.33531, 0.03385, 2.50139, 1.18542, 3.07436, 3.19685, 0.00000, 3.05099, 3.00828, 2.70044, 2.56103, 22.62310
1728401892, 129207183, 0xDDDD, 1293, 27.83883, 1.22249, 24.50000, 23.62500, 24.75000, 23.81250, 1.33612, 0.03546, 2.50220, 1.18381, 3.07114, 3.19604, 0.00000, 3.05018, 3.00828, 2.69963, 2.56264, 22.44402
1728401892, 129307175, 0xDDDD, 1294, 27.43590, 1.22249, 24.50000, 23.62500, 24.75000, 23.75000, 1.33451, 0.03949, 2.50139, 1.17414, 3.06952, 3.19524, 0.00000, 3.05099, 3.00828, 2.69883, 2.56022, 22.44402
1728401892, 129407185, 0xDDDD, 1295, 27.03297, 1.22249, 24.50000, 23.62500, 24.75000, 23.75000, 1.33531, 0.03626, 2.50220, 1.19670, 3.06227, 3.19443, 0.00000, 3.05099, 3.00747, 2.69963, 2.57473, 22.26494
1728401892, 129507178, 0xDDDD, 1296, 27.43590, 1.22249, 24.50000, 23.62500, 24.68750, 23.75000, 1.33531, 0.03788, 2.50220, 1.19429, 3.05744, 3.19363, 0.00000, 3.05179, 3.00828, 2.70044, 2.56264, 22.44402
1728401892, 129607177, 0xDDDD, 1297, 27.83883, 1.22168, 24.50000, 23.62500, 24.68750, 23.75000, 1.33451, 0.03304, 2.50220, 1.19026, 3.01553, 3.19282, 0.00000, 3.05099, 3.00828, 2.70125, 2.56183, 22.26494
1728401893, 129707175, 0xDDDD, 1298, 27.43590, 1.22168, 24.50000, 23.62500, 24.68750, 23.75000, 1.33451, 0.04190, 2.50059, 1.18703, 3.01150, 3.20894, 0.00000, 3.05260, 3.00828, 2.69963, 2.56103, 22.26494
1728401893, 129807197, 0xDDDD, 1299, 27.83883, 1.22249, 24.50000, 23.62500, 24.68750, 23.75000, 1.33531, 0.03626, 2.50220, 1.18381, 3.00747, 3.20813, 0.00000, 3.05099, 3.00747, 2.69963, 2.56344, 22.26494
1728401893, 129907172, 0xDDDD, 1300, 27.43590, 1.22249, 24.50000, 23.62500, 24.68750, 23.75000, 1.33531, 0.04190, 2.50220, 1.18220, 3.08322, 3.20652, 0.00000, 3.05099, 3.00828, 2.70044, 2.56022, 22.44402
1728401893, 130007182, 0xDDDD, 1301, 27.43590, 1.22168, 24.50000, 23.62500, 24.68750, 23.81250, 1.33531, 0.04029, 2.50220, 1.17897, 3.08000, 3.20652, 0.00000, 3.04857, 3.00828, 2.70125, 2.62630, 22.26494
1728401893, 130107185, 0xDDDD, 1302, 27.43590, 1.22168, 24.50000, 23.62500, 24.68750, 23.81250, 1.33531, 0.03626, 2.50059, 1.19348, 3.07194, 3.20571, 0.00000, 3.04938, 3.00828, 2.70044, 2.54088, 22.44402
1728401893, 130207174, 0xDDDD, 1303, 27.43590, 1.22249, 24.50000, 23.62500, 24.68750, 23.81250, 1.33531, 0.03707, 2.50220, 1.18945, 3.02762, 3.20571, 0.00000, 3.05099, 3.00828, 2.70125, 2.56022, 22.44402
1728401893, 130307178, 0xDDDD, 1304, 27.83883, 1.22168, 24.56250, 23.62500, 24.68750, 23.81250, 1.33531, 0.03707, 2.50220, 1.18542, 3.02278, 3.19685, 0.00000, 3.04857, 3.00747, 2.69963, 2.56264, 22.44402
1728401893, 130407191, 0xDDDD, 1305, 27.03297, 1.22168, 24.56250, 23.62500, 24.68750, 23.81250, 1.33451, 0.05238, 2.50220, 1.18300, 3.01392, 3.19604, 0.00000, 3.05099, 3.00747, 2.69963, 2.55941, 22.44402
1728401893, 130507169, 0xDDDD, 1306, 27.03297, 1.22249, 24.50000, 23.62500, 24.68750, 23.75000, 1.33531, 0.03626, 2.50220, 1.17978, 3.00828, 3.19524, 0.00000, 3.05099, 3.00828, 2.69883, 2.56183, 22.26494
1728401893, 130607177, 0xDDDD, 1307, 27.83883, 1.22249, 24.50000, 23.62500, 24.68750, 23.75000, 1.33531, 0.04271, 2.50220, 1.17656, 3.08484, 3.19282, 0.00000, 3.04938, 3.00828, 2.69963, 2.51187, 22.44402
1728401894, 130707187, 0xDDDD, 1308, 27.43590, 1.22249, 24.50000, 23.62500, 24.68750, 23.75000, 1.33531, 0.04110, 2.50220, 1.17656, 3.08081, 3.19443, 0.00000, 3.05018, 3.00747, 2.69963, 2.56344, 22.44402
1728401894, 130807169, 0xDDDD, 1309, 27.83883, 1.22168, 24.50000, 23.62500, 24.68750, 23.75000, 1.33531, 0.04029, 2.50220, 1.19670, 3.03407, 3.19282, 0.00000, 3.04938, 3.00828, 2.70044, 2.55861, 22.44402
1728401894, 130907168, 0xDDDD, 1310, 27.43590, 1.22168, 24.50000, 23.62500, 24.68750, 23.75000, 1.33451, 0.03949, 2.50139, 1.18623, 3.02601, 3.19363, 0.00000, 3.05099, 3.00828, 2.70044, 2.56183, 22.44402
1728401894, 131007184, 0xDDDD, 1311, 27.03297, 1.22168, 24.56250, 23.62500, 24.68750, 23.75000, 1.33289, 0.02659, 2.50300, 1.18220, 3.01714, 3.21055, 0.00000, 3.05099, 3.00908, 2.70044, 2.56344, 22.62310
1728401894, 131107170, 0xDDDD, 1312, 28.24175, 1.22410, 24.56250, 23.62500, 24.68750, 23.75000, 1.33209, 0.04110, 2.50139, 1.18059, 3.06952, 3.20733, 0.00081, 3.05341, 3.00908, 2.69802, 2.56022, 21.90678
1728401894, 131207163, 0xDDDD, 1313, 27.43590, 1.22168, 24.56250, 23.62500, 24.68750, 23.81250, 1.33531, 0.04029, 2.50139, 1.17736, 3.06147, 3.20652, 0.00000, 3.05179, 3.00747, 2.70205, 2.58037, 22.44402
1728401894, 131307175, 0xDDDD, 1314, 27.43590, 1.22168, 24.50000, 23.62500, 24.68750, 23.81250, 1.33531, 0.03626, 2.50220, 1.17495, 3.05502, 3.20491, 0.00000, 3.04857, 3.00828, 2.70044, 2.57795, 22.44402
1728401894, 131407185, 0xDDDD, 1315, 27.43590, 1.22249, 24.50000, 23.62500, 24.68750, 23.81250, 1.33531, 0.03788, 2.50220, 1.19670, 3.04696, 3.20330, 0.00000, 3.05179, 3.00828, 2.70044, 2.56022, 22.44402
1728401894, 131507181, 0xDDDD, 1316, 27.43590, 1.22249, 24.50000, 23.62500, 24.68750, 23.75000, 1.33451, 0.03707, 2.50139, 1.19187, 3.08081, 3.20330, 0.00000, 3.05018, 3.00747, 2.69963, 2.56344, 22.26494
1728401894, 131607176, 0xDDDD, 1317, 27.43590, 1.22249, 24.50000, 23.56250, 24.68750, 23.75000, 1.33451, 0.04513, 2.50220, 1.18623, 3.07114, 3.19524, 0.00000, 3.05179, 3.00828, 2.70125, 2.55861, 22.44402
1728401895, 131707175, 0xDDDD, 1318, 27.03297, 1.22249, 24.50000, 23.56250, 24.68750, 23.81250, 1.33531, 0.04110, 2.50220, 1.17414, 3.06227, 3.19443, 0.00000, 3.05179, 3.00747, 2.69963, 2.56022, 22.08586
1728401895, 131807184, 0xDDDD, 1319, 27.43590, 1.22249, 24.50000, 23.62500, 24.68750, 23.81250, 1.33451, 0.03949, 2.50220, 1.19429, 3.05179, 3.19363, 0.00000, 3.05018, 3.00828, 2.70125, 2.56022, 22.44402
1728401895, 131907178, 0xDDDD, 1320, 27.83883, 1.22249, 24.50000, 23.62500, 24.68750, 23.75000, 1.33531, 0.03707, 2.50220, 1.19026, 3.04212, 3.19040, 0.00000, 3.05099, 3.00828, 2.70125, 2.56747, 22.08586
1728401895, 132007165, 0xDDDD, 1321, 27.43590, 1.22249, 24.56250, 23.62500, 24.68750, 23.75000, 1.33531, 0.03949, 2.50220, 1.18462, 3.03326, 3.19121, 0.00000, 3.05099, 3.00747, 2.69963, 2.56747, 22.44402
1728401895, 132107169, 0xDDDD, 1322, 27.43590, 1.22168, 24.56250, 23.62500, 24.68750, 23.75000, 1.33612, 0.03465, 2.50220, 1.17817, 3.06711, 3.18879, 0.00000, 3.05099, 3.00828, 2.69963, 2.55941, 22.44402
1728401895, 132207194, 0xDDDD, 1323, 27.43590, 1.22249, 24.50000, 23.62500, 24.68750, 23.75000, 1.33531, 0.03707, 2.50059, 1.19751, 3.05824, 3.20571, 0.00000, 3.04857, 3.00828, 2.69963, 2.56103, 22.44402
1728401895, 132307182, 0xDDDD, 1324, 27.43590, 1.22168, 24.50000, 23.62500, 24.75000, 23.75000, 1.33531, 0.04029, 2.50220, 1.19267, 3.04857, 3.20491, 0.00000, 3.04454, 3.00828, 2.70044, 2.56183, 22.26494
1728401895, 132407176, 0xDDDD, 1325, 27.43590, 1.22249, 24.50000, 23.62500, 24.75000, 23.75000, 1.33612, 0.03868, 2.50139, 1.18784, 3.04051, 3.20410, 0.00000, 3.05179, 3.00747, 2.70044, 2.56183, 22.44402
1728401895, 132507172, 0xDDDD, 1326, 27.43590, 1.22249, 24.56250, 23.62500, 24.75000, 23.75000, 1.33531, 0.03949, 2.50220, 1.17414, 3.03004, 3.20410, 0.00000, 3.05179, 3.00828, 2.70044, 2.56828, 22.44402
1728401895, 132607184, 0xDDDD, 1327, 27.03297, 1.22168, 24.56250, 23.62500, 24.68750, 23.75000, 1.33531, 0.03626, 2.50220, 1.19509, 3.02117, 3.20249, 0.00000, 3.05179, 3.00828, 2.70044, 2.62388, 22.26494
1728401896, 132707174, 0xDDDD, 1328, 27.43590, 1.22249, 24.50000, 23.62500, 24.68750, 23.75000, 1.33612, 0.03465, 2.50220, 1.18945, 3.05744, 3.20168, 0.00000, 3.04938, 3.00747, 2.69963, 2.55861, 22.44402
1728401896, 132807180, 0xDDDD, 1329, 27.43590, 1.22249, 24.50000, 23.56250, 24.75000, 23.75000, 1.33370, 0.04674, 2.50139, 1.18300, 3.04857, 3.19201, 0.00000, 3.05018, 3.00828, 2.70044, 2.56264, 22.44402
1728401896, 132907182, 0xDDDD, 1330, 27.43590, 1.22168, 24.50000, 23.56250, 24.75000, 23.81250, 1.33531, 0.04029, 2.50139, 1.17897, 3.04132, 3.19040, 0.00000, 3.05341, 3.00828, 2.69963, 2.56264, 22.44402
1728401896, 133007197, 0xDDDD, 1331, 27.03297, 1.22249, 24.50000, 23.62500, 24.75000, 23.81250, 1.33531, 0.03626, 2.50220, 1.19670, 3.03245, 3.18879, 0.00000, 3.05260, 3.00828, 2.70125, 2.56183, 22.26494
1728401896, 133107174, 0xDDDD, 1332, 27.43590, 1.22168, 24.50000, 23.62500, 24.68750, 23.81250, 1.33531, 0.04190, 2.50139, 1.19348, 3.02278, 3.18960, 0.00000, 3.05179, 3.00747, 2.69963, 2.51267, 22.44402
1728401896, 133207181, 0xDDDD, 1333, 27.43590, 1.22249, 24.50000, 23.62500, 24.68750, 23.81250, 1.33531, 0.03788, 2.50220, 1.18864, 3.01553, 3.18718, 0.00000, 3.05260, 3.00747, 2.70125, 2.55619, 22.44402
1728401896, 133307177, 0xDDDD, 1334, 27.03297, 1.22249, 24.50000, 23.62500, 24.68750, 23.81250, 1.33531, 0.04029, 2.50139, 1.17495, 3.00667, 3.21055, 0.00000, 3.05179, 3.00828, 2.69963, 2.56103, 22.44402
1728401896, 133407199, 0xDDDD, 1335, 27.43590, 1.22168, 24.50000, 23.62500, 24.68750, 23.81250, 1.33531, 0.04029, 2.50220, 1.19429, 3.03729, 3.21055, 0.00000, 3.05099, 3.00908, 2.70125, 2.56183, 22.44402
1728401896, 133507179, 0xDDDD, 1336, 27.43590, 1.22168, 24.50000, 23.62500, 24.68750, 23.81250, 1.34498, 0.03788, 2.50220, 1.18864, 3.02520, 3.20168, 0.00000, 3.05018, 3.00828, 2.69963, 2.56264, 22.80220
1728401896, 133607181, 0xDDDD, 1337, 27.43590, 1.22249, 24.50000, 23.62500, 24.68750, 23.75000, 1.33451, 0.04029, 2.50139, 1.18381, 3.01473, 3.20007, 0.00000, 3.04938, 3.00828, 2.69963, 2.55941, 22.26494
1728401897, 133707182, 0xDDDD, 1338, 27.43590, 1.22249, 24.50000, 23.56250, 24.68750, 23.75000, 1.33531, 0.03626, 2.50220, 1.17736, 3.00425, 3.20088, 0.00000, 3.05179, 3.00828, 2.70044, 2.56264, 22.44402
1728401897, 133807172, 0xDDDD, 1339, 27.43590, 1.22249, 24.50000, 23.56250, 24.75000, 23.75000, 1.33531, 0.03626, 2.50220, 1.19912, 3.07758, 3.19927, 0.00081, 3.05260, 3.00747, 2.70125, 2.49897, 22.44402
1728401897, 133907184, 0xDDDD, 1340, 27.03297, 1.22249, 24.50000, 23.56250, 24.75000, 23.81250, 1.33531, 0.04271, 2.50220, 1.19106, 3.06791, 3.19927, 0.00000, 3.05018, 3.00828, 2.69883, 2.56344, 22.44402
1728401897, 134007184, 0xDDDD, 1341, 27.83883, 1.22168, 24.50000, 23.62500, 24.68750, 23.81250, 1.33531, 0.04513, 2.50220, 1.17736, 3.01875, 3.19604, 0.00000, 3.05099, 3.00828, 2.70044, 2.55780, 22.44402
1728401897, 134107175, 0xDDDD, 1342, 27.83883, 1.22249, 24.50000, 23.62500, 24.68750, 23.75000, 1.33531, 0.03465, 2.50220, 1.19509, 3.00667, 3.21216, 0.00000, 3.05179, 3.00828, 2.69963, 2.56344, 22.44402
1728401897, 134207175, 0xDDDD, 1343, 27.83883, 1.22168, 24.56250, 23.56250, 24.68750, 23.75000, 1.33451, 0.03626, 2.50220, 1.18703, 3.08000, 3.20894, 0.00000, 3.05099, 3.00828, 2.70125, 2.56022, 22.26494
1728401897, 134307174, 0xDDDD, 1344, 27.83883, 1.22249, 24.56250, 23.56250, 24.68750, 23.75000, 1.33451, 0.04593, 2.50220, 1.17978, 3.06791, 3.20733, 0.00000, 3.05421, 3.00828, 2.70044, 2.55941, 22.44402
1728401897, 134407169, 0xDDDD, 1345, 27.43590, 1.22249, 24.50000, 23.56250, 24.68750, 23.75000, 1.33612, 0.04029, 2.50220, 1.20073, 3.05744, 3.20652, 0.00000, 3.04938, 3.00828, 2.70044, 2.47238, 22.26494
1728401897, 134507167, 0xDDDD, 1346, 27.43590, 1.22249, 24.50000, 23.62500, 24.68750, 23.75000, 1.33531, 0.03788, 2.50220, 1.19106, 3.04696, 3.20491, 0.00000, 3.05099, 3.00747, 2.70044, 2.56022, 22.44402
1728401897, 134607171, 0xDDDD, 1347, 27.43590, 1.22249, 24.50000, 23.62500, 24.68750, 23.75000, 1.33531, 0.03546, 2.50220, 1.18381, 3.07758, 3.20249, 0.00000, 3.05099, 3.00828, 2.70044, 2.55861, 22.44402
1728401898, 134707187, 0xDDDD, 1348, 27.43590, 1.22249, 24.50000, 23.62500, 24.68750, 23.75000, 1.33531, 0.04593, 2.50220, 1.17656, 3.06549, 3.19363, 0.00000, 3.05099, 3.00828, 2.69963, 2.55941, 22.44402
1728401898, 134807188, 0xDDDD, 1349, 27.83883, 1.22249, 24.50000, 23.62500, 24.68750, 23.75000, 1.35385, 0.03626, 2.50220, 1.18784, 3.05099, 3.19121, 0.00000, 3.05018, 3.00747, 2.70044, 2.56344, 22.44402
1728401898, 134907167, 0xDDDD, 1350, 27.43590, 1.22249, 24.50000, 23.62500, 24.68750, 23.75000, 1.33370, 0.03949, 2.50139, 1.17978, 3.03729, 3.18960, 0.00000, 3.05179, 3.00828, 2.69883, 2.55861, 22.44402
1728401898, 135007171, 0xDDDD, 1351, 27.43590, 1.22168, 24.50000, 23.62500, 24.68750, 23.75000, 1.33531, 0.04271, 2.50139, 1.19670, 3.02278, 3.19685, 0.00000, 3.05099, 3.00828, 2.69883, 2.56747, 22.26494
1728401898, 135107181, 0xDDDD, 1352, 27.43590, 1.22249, 24.56250, 23.62500, 24.68750, 23.81250, 1.33531, 0.03465, 2.50059, 1.18864, 3.00908, 3.21055, 0.00000, 3.04938, 3.00828, 2.69963, 2.55780, 22.44402
1728401898, 135207164, 0xDDDD, 1353, 27.43590, 1.22249, 24.56250, 23.62500, 24.75000, 23.81250, 1.33531, 0.03788, 2.50220, 1.17978, 3.08161, 3.20813, 0.00000, 3.04857, 3.00828, 2.69963, 2.56022, 22.26494
1728401898, 135307179, 0xDDDD, 1354, 27.43590, 1.22249, 24.56250, 23.62500, 24.75000, 23.75000, 1.33531, 0.03304, 2.50300, 1.19751, 3.02601, 3.20652, 0.00000, 3.05179, 3.00908, 2.70044, 2.56183, 22.44402
1728401898, 135407184, 0xDDDD, 1355, 27.83883, 1.22168, 24.56250, 23.62500, 24.75000, 23.75000, 1.33451, 0.04352, 2.50220, 1.18864, 3.01070, 3.19846, 0.00000, 3.05099, 3.00828, 2.70044, 2.55780, 22.80220
1728401898, 135507184, 0xDDDD, 1356, 27.83883, 1.22249, 24.56250, 23.62500, 24.75000, 23.75000, 1.33451, 0.03949, 2.50220, 1.18059, 3.08242, 3.19685, 0.00000, 3.05179, 3.00828, 2.70125, 2.56022, 22.26494
1728401898, 135607177, 0xDDDD, 1357, 27.43590, 1.22249, 24.50000, 23.62500, 24.75000, 23.81250, 1.33451, 0.04352, 2.50220, 1.19026, 3.06549, 3.19524, 0.00000, 3.05341, 3.00747, 2.69963, 2.55861, 22.44402
1728401899, 135707192, 0xDDDD, 1358, 27.43590, 1.22249, 24.50000, 23.62500, 24.68750, 23.81250, 1.33531, 0.03626, 2.50220, 1.18139, 3.05018, 3.19363, 0.00000, 3.05018, 3.00747, 2.69963, 2.58037, 22.44402
1728401899, 135807175, 0xDDDD, 1359, 27.43590, 1.22168, 24.50000, 23.62500, 24.68750, 23.75000, 1.33531, 0.03788, 2.50139, 1.19751, 3.03648, 3.19040, 0.00000, 3.05018, 3.00747, 2.70044, 2.55941, 22.44402
1728401899, 135907163, 0xDDDD, 1360, 27.43590, 1.22249, 24.56250, 23.62500, 24.75000, 23.75000, 1.33451, 0.04835, 2.50139, 1.18945, 3.06791, 3.18799, 0.00000, 3.05099, 3.00908, 2.69963, 2.55780, 22.44402
1728401899, 136007175, 0xDDDD, 1361, 27.83883, 1.22249, 24.56250, 23.62500, 24.75000, 23.75000, 1.33531, 0.02901, 2.50139, 1.18059, 3.05341, 3.20330, 0.00000, 3.05099, 3.00828, 2.69963, 2.55941, 22.44402
1728401899, 136107187, 0xDDDD, 1362, 27.43590, 1.22249, 24.56250, 23.62500, 24.75000, 23.75000, 1.33531, 0.04110, 2.50139, 1.19751, 3.04132, 3.20168, 0.00000, 3.05260, 3.00828, 2.70125, 2.56022, 22.44402
1728401899, 136207179, 0xDDDD, 1363, 27.43590, 1.22168, 24.56250, 23.62500, 24.75000, 23.75000, 1.33451, 0.03626, 2.50139, 1.18703, 3.02681, 3.19927, 0.00000, 3.05099, 3.00667, 2.70125, 2.56344, 22.44402
1728401899, 136307183, 0xDDDD, 1364, 27.83883, 1.22249, 24.56250, 23.62500, 24.75000, 23.75000, 1.33531, 0.04029, 2.50139, 1.19670, 3.01231, 3.19685, 0.00000, 3.05099, 3.00828, 2.69963, 2.53685, 22.26494
1728401899, 136407184, 0xDDDD, 1365, 27.43590, 1.22168, 24.56250, 23.62500, 24.75000, 23.75000, 1.33531, 0.03626, 2.50220, 1.18784, 3.08081, 3.19524, 0.00000, 3.05341, 3.00828, 2.70125, 2.56425, 22.44402
1728401899, 136507179, 0xDDDD, 1366, 27.43590, 1.22249, 24.56250, 23.62500, 24.75000, 23.75000, 1.33451, 0.04271, 2.50220, 1.17656, 3.02601, 3.19524, 0.00000, 3.04293, 3.00828, 2.70044, 2.56264, 22.44402
1728401899, 136607180, 0xDDDD, 1367, 27.43590, 1.22249, 24.50000, 23.62500, 24.75000, 23.75000, 1.33531, 0.03868, 2.50139, 1.19267, 3.01150, 3.20974, 0.00000, 3.05099, 3.00747, 2.70044, 2.56183, 22.44402
1728401900, 136707172, 0xDDDD, 1368, 27.43590, 1.22249, 24.50000, 23.62500, 24.68750, 23.75000, 1.33451, 0.03707, 2.50220, 1.18300, 3.07919, 3.20813, 0.00000, 3.05179, 3.00747, 2.69883, 2.56103, 22.44402
1728401900, 136807170, 0xDDDD, 1369, 27.83883, 1.22249, 24.50000, 23.62500, 24.68750, 23.81250, 1.33531, 0.03626, 2.50139, 1.17414, 3.06469, 3.20571, 0.00000, 3.05179, 3.00828, 2.70044, 2.56344, 22.44402
1728401900, 136907177, 0xDDDD, 1370, 27.43590, 1.22249, 24.50000, 23.62500, 24.75000, 23.81250, 1.33451, 0.03707, 2.50220, 1.19187, 3.04696, 3.20249, 0.00000, 3.05179, 3.00828, 2.69963, 2.58842, 22.26494
1728401900, 137007180, 0xDDDD, 1371, 27.43590, 1.22249, 24.50000, 23.62500, 24.75000, 23.81250, 1.33531, 0.03788, 2.50220, 1.18381, 3.03245, 3.20088, 0.00000, 3.05018, 3.00828, 2.70044, 2.51348, 22.44402
1728401900, 137107171, 0xDDDD, 1372, 27.43590, 1.22249, 24.56250, 23.62500, 24.68750, 23.81250, 1.33531, 0.04110, 2.50220, 1.17414, 3.05421, 3.19846, 0.00000, 3.05341, 3.00747, 2.69883, 2.56183, 22.26494
1728401900, 137207174, 0xDDDD, 1373, 27.43590, 1.22249, 24.56250, 23.62500, 24.68750, 23.81250, 1.33612, 0.04110, 2.50220, 1.18381, 3.03729, 3.19443, 0.00000, 3.05179, 3.00747, 2.69963, 2.55941, 22.26494
1728401900, 137307190, 0xDDDD, 1374, 27.43590, 1.22249, 24.56250, 23.62500, 24.68750, 23.81250, 1.33612, 0.03385, 2.50220, 1.17495, 3.01795, 3.21136, 0.00000, 3.05099, 3.00828, 2.69963, 2.56183, 22.44402
1728401900, 137407175, 0xDDDD, 1375, 27.43590, 1.22168, 24.56250, 23.62500, 24.75000, 23.81250, 1.33531, 0.03707, 2.50139, 1.19026, 3.07839, 3.20813, 0.00000, 3.04938, 3.00747, 2.70125, 2.56344, 22.26494
1728401900, 137507163, 0xDDDD, 1376, 27.43590, 1.22249, 24.56250, 23.62500, 24.75000, 23.81250, 1.33531, 0.03546, 2.50220, 1.18059, 3.06147, 3.20571, 0.00000, 3.05260, 3.00828, 2.69963, 2.56989, 22.26494
1728401900, 137607178, 0xDDDD, 1377, 27.83883, 1.22249, 24.56250, 23.62500, 24.75000, 23.81250, 1.33451, 0.03788, 2.50220, 1.19590, 3.04615, 3.20330, 0.00000, 3.05099, 3.00747, 2.70044, 2.63839, 22.44402
1728401901, 137707185, 0xDDDD, 1378, 27.43590, 1.22168, 24.56250, 23.62500, 24.75000, 23.81250, 1.33531, 0.03788, 2.50300, 1.18623, 3.02601, 3.20007, 0.00000, 3.05099, 3.00828, 2.69963, 2.56183, 22.44402
1728401901, 137807175, 0xDDDD, 1379, 27.43590, 1.22168, 24.56250, 23.62500, 24.75000, 23.81250, 1.33531, 0.04029, 2.50220, 1.17656, 3.05099, 3.19766, 0.00000, 3.05018, 3.00828, 2.69963, 2.56183, 22.44402
1728401901, 137907177, 0xDDDD, 1380, 27.43590, 1.22249, 24.56250, 23.62500, 24.75000, 23.81250, 1.33451, 0.04432, 2.50220, 1.19348, 3.03084, 3.18799, 0.00000, 3.05341, 3.00908, 2.69963, 2.56022, 22.44402
1728401901, 138007176, 0xDDDD, 1381, 27.43590, 1.22249, 24.56250, 23.62500, 24.75000, 23.81250, 1.33451, 0.03546, 2.50220, 1.17656, 3.01150, 3.20974, 0.00000, 3.05099, 3.00747, 2.70044, 2.56264, 22.44402
1728401901, 138107189, 0xDDDD, 1382, 27.43590, 1.22249, 24.56250, 23.62500, 24.75000, 23.81250, 1.33531, 0.03868, 2.50220, 1.19187, 3.07839, 3.20652, 0.00000, 3.05099, 3.00828, 2.70044, 2.56103, 22.44402
1728401901, 138207183, 0xDDDD, 1383, 27.83883, 1.22249, 24.56250, 23.62500, 24.75000, 23.81250, 1.33451, 0.04271, 2.50220, 1.18220, 3.05824, 3.20330, 0.00000, 3.05179, 3.00828, 2.70044, 2.57070, 22.44402
1728401901, 138307171, 0xDDDD, 1384, 27.43590, 1.22249, 24.56250, 23.62500, 24.75000, 23.81250, 1.33531, 0.04190, 2.50220, 1.19751, 3.03729, 3.20249, 0.00000, 3.05099, 3.00747, 2.70044, 2.60857, 22.26494
1728401901, 138407174, 0xDDDD, 1385, 27.43590, 1.22249, 24.56250, 23.62500, 24.75000, 23.81250, 1.33531, 0.04029, 2.50139, 1.18784, 3.06227, 3.19927, 0.00000, 3.05099, 3.00828, 2.70125, 2.56183, 22.26494
1728401901, 138507174, 0xDDDD, 1386, 27.03297, 1.22249, 24.50000, 23.62500, 24.75000, 23.75000, 1.33531, 0.04513, 2.50220, 1.17897, 3.04051, 3.18879, 0.00000, 3.05099, 3.00828, 2.70044, 2.56264, 22.44402
1728401901, 138607182, 0xDDDD, 1387, 27.03297, 1.22249, 24.50000, 23.62500, 24.75000, 23.75000, 1.33612, 0.03546, 2.50220, 1.19429, 3.02278, 3.21055, 0.00000, 3.05099, 3.00828, 2.70044, 2.56183, 22.26494
1728401902, 138707183, 0xDDDD, 1388, 27.43590, 1.22168, 24.50000, 23.62500, 24.75000, 23.81250, 1.34095, 0.03385, 2.50220, 1.18300, 3.00425, 3.20813, 0.00000, 3.04696, 3.00747, 2.69963, 2.56344, 22.26494
1728401902, 138807166, 0xDDDD, 1389, 27.43590, 1.22249, 24.50000, 23.62500, 24.75000, 23.81250, 1.33531, 0.03868, 2.50220, 1.19106, 3.06630, 3.20410, 0.00000, 3.05018, 3.00828, 2.70044, 2.56586, 22.26494
1728401902, 138907190, 0xDDDD, 1390, 27.03297, 1.22249, 24.50000, 23.62500, 24.75000, 23.81250, 1.33451, 0.03546, 2.50220, 1.18220, 3.04615, 3.20088, 0.00000, 3.05099, 3.00828, 2.70125, 2.54491, 22.44402
1728401902, 139007177, 0xDDDD, 1391, 27.83883, 1.22249, 24.50000, 23.62500, 24.75000, 23.81250, 1.33531, 0.03707, 2.50139, 1.19751, 3.06952, 3.19927, 0.00000, 3.05341, 3.00828, 2.69883, 2.56103, 22.26494
1728401902, 139107182, 0xDDDD, 1392, 27.43590, 1.22249, 24.50000, 23.62500, 24.75000, 23.81250, 1.33451, 0.03626, 2.50220, 1.18703, 3.05018, 3.18960, 0.00000, 3.05179, 3.00828, 2.70044, 2.56344, 22.44402
1728401902, 139207180, 0xDDDD, 1393, 27.43590, 1.22249, 24.50000, 23.62500, 24.75000, 23.81250, 1.33531, 0.05399, 2.50220, 1.17656, 3.03165, 3.21055, 0.00000, 3.05260, 3.00828, 2.70125, 2.56344, 22.26494
1728401902, 139307172, 0xDDDD, 1394, 27.43590, 1.22168, 24.56250, 23.62500, 24.75000, 23.81250, 1.33531, 0.03546, 2.50220, 1.19106, 3.00828, 3.20894, 0.00000, 3.05099, 3.00828, 2.69963, 2.56505, 22.26494
1728401902, 139407174, 0xDDDD, 1395, 27.43590, 1.22249, 24.56250, 23.62500, 24.75000, 23.81250, 1.33531, 0.04110, 2.50139, 1.18139, 3.07114, 3.20652, 0.00000, 3.05260, 3.00747, 2.69963, 2.59810, 22.44402
1728401902, 139507185, 0xDDDD, 1396, 27.43590, 1.22249, 24.50000, 23.62500, 24.75000, 23.81250, 1.33531, 0.04190, 2.50220, 1.18864, 3.05179, 3.20410, 0.00000, 3.05179, 3.00908, 2.70044, 2.55619, 22.26494
1728401902, 139607171, 0xDDDD, 1397, 27.43590, 1.22249, 24.50000, 23.62500, 24.75000, 23.81250, 1.33531, 0.03546, 2.50300, 1.17656, 3.03084, 3.20007, 0.00000, 3.05099, 3.00828, 2.70044, 2.55941, 22.26494
1728401903, 139707177, 0xDDDD, 1398, 27.43590, 1.22249, 24.56250, 23.62500, 24.75000, 23.75000, 1.33612, 0.04352, 2.50220, 1.19026, 3.05582, 3.19685, 0.00081, 3.05018, 3.00828, 2.70044, 2.55941, 22.26494
1728401903, 139807184, 0xDDDD, 1399, 27.43590, 1.22249, 24.56250, 23.62500, 24.75000, 23.75000, 1.30630, 0.04029, 2.50220, 1.17736, 3.03165, 3.21216, 0.00000, 3.05179, 3.00828, 2.70044, 2.56264, 22.80220
1728401903, 139907170, 0xDDDD, 1400, 27.03297, 1.22249, 24.56250, 23.62500, 24.75000, 23.81250, 1.32967, 0.03788, 2.50139, 1.19187, 3.01150, 3.20974, 0.00000, 3.05179, 3.00747, 2.70044, 2.55861, 22.26494
1728401903, 140007184, 0xDDDD, 1401, 27.83883, 1.22249, 24.56250, 23.62500, 24.81250, 23.81250, 1.33531, 0.03868, 2.50220, 1.17817, 3.07033, 3.20652, 0.00000, 3.05260, 3.00828, 2.70044, 2.56344, 22.26494
1728401903, 140107175, 0xDDDD, 1402, 27.43590, 1.22168, 24.56250, 23.62500, 24.81250, 23.81250, 1.33531, 0.03465, 2.50220, 1.19187, 3.04777, 3.20410, 0.00000, 3.05018, 3.00828, 2.69963, 2.58842, 22.26494
1728401903, 140207182, 0xDDDD, 1403, 27.43590, 1.22249, 24.56250, 23.62500, 24.81250, 23.81250, 1.33451, 0.04271, 2.50220, 1.17817, 3.02681, 3.20249, 0.00000, 3.05179, 3.00828, 2.70044, 2.56183, 22.26494
1728401903, 140307183, 0xDDDD, 1404, 27.43590, 1.22249, 24.56250, 23.62500, 24.75000, 23.81250, 1.33531, 0.03868, 2.50220, 1.18381, 3.04696, 3.19927, 0.00000, 3.05179, 3.00828, 2.70044, 2.56264, 22.08586
1728401903, 140407177, 0xDDDD, 1405, 27.83883, 1.22249, 24.56250, 23.62500, 24.75000, 23.81250, 1.33451, 0.03868, 2.50220, 1.19832, 3.02198, 3.21377, 0.00000, 3.05260, 3.00828, 2.69963, 2.56103, 22.26494
1728401903, 140507181, 0xDDDD, 1406, 27.83883, 1.22330, 24.56250, 23.62500, 24.75000, 23.81250, 1.33451, 0.03707, 2.50220, 1.18542, 3.08081, 3.20974, 0.00000, 3.05099, 3.00908, 2.70044, 2.55941, 22.26494
1728401903, 140607179, 0xDDDD, 1407, 27.03297, 1.22249, 24.56250, 23.62500, 24.75000, 23.81250, 1.33612, 0.04190, 2.50220, 1.19912, 3.05341, 3.20652, 0.00000, 3.05260, 3.00828, 2.69963, 2.56022, 22.26494
1728401904, 140707163, 0xDDDD, 1408, 27.43590, 1.22249, 24.56250, 23.62500, 24.75000, 23.81250, 1.33531, 0.03949, 2.50139, 1.18623, 3.03004, 3.20410, 0.00000, 3.05099, 3.00828, 2.70125, 2.56103, 22.26494
1728401904, 140807174, 0xDDDD, 1409, 27.83883, 1.22249, 24.56250, 23.62500, 24.75000, 23.81250, 1.33531, 0.03788, 2.50220, 1.17333, 3.00908, 3.20088, 0.00000, 3.05179, 3.00908, 2.70044, 2.59407, 22.26494
1728401904, 140907172, 0xDDDD, 1410, 27.43590, 1.22249, 24.56250, 23.62500, 24.75000, 23.81250, 1.33531, 0.03626, 2.50220, 1.18784, 3.02681, 3.19846, 0.00000, 3.05099, 3.00828, 2.70044, 2.56022, 22.26494
1728401904, 141007186, 0xDDDD, 1411, 26.63004, 1.22330, 24.56250, 23.68750, 24.75000, 23.81250, 1.33531, 0.04271, 2.50059, 1.17575, 3.10015, 3.21216, 0.00000, 3.05099, 3.00747, 2.70044, 2.56264, 22.08586
1728401904, 141107201, 0xDDDD, 1412, 27.43590, 1.22410, 24.56250, 23.68750, 24.75000, 23.75000, 1.33451, 0.04110, 2.50381, 1.19106, 3.03084, 3.20894, 0.00000, 3.05099, 3.00908, 2.69802, 2.55941, 22.26494
1728401904, 141207176, 0xDDDD, 1413, 27.43590, 1.22249, 24.56250, 23.62500, 24.75000, 23.75000, 1.33612, 0.04029, 2.50300, 1.19751, 3.00344, 3.20410, 0.00000, 3.05018, 3.00828, 2.70044, 2.56183, 22.26494
1728401904, 141307167, 0xDDDD, 1414, 27.83883, 1.22249, 24.56250, 23.62500, 24.75000, 23.81250, 1.33531, 0.03546, 2.50220, 1.18542, 3.06388, 3.20007, 0.00081, 3.05179, 3.00747, 2.70044, 2.58520, 22.26494
1728401904, 141407189, 0xDDDD, 1415, 27.43590, 1.22249, 24.56250, 23.62500, 24.75000, 23.81250, 1.33531, 0.04432, 2.50381, 1.20073, 3.03971, 3.19604, 0.00000, 3.05179, 3.00828, 2.70044, 2.55941, 22.26494
1728401904, 141507163, 0xDDDD, 1416, 27.43590, 1.22168, 24.56250, 23.62500, 24.81250, 23.81250, 1.33451, 0.04593, 2.50220, 1.18623, 3.01392, 3.19282, 0.00000, 3.04777, 3.00828, 2.70125, 2.56344, 22.26494
1728401904, 141607183, 0xDDDD, 1417, 27.43590, 1.22249, 24.56250, 23.62500, 24.81250, 23.81250, 1.33531, 0.03304, 2.50220, 1.17495, 3.03084, 3.18960, 0.00000, 3.05179, 3.00828, 2.69963, 2.56103, 22.44402
1728401905, 141707174, 0xDDDD, 1418, 27.83883, 1.22249, 24.56250, 23.68750, 24.75000, 23.81250, 1.33531, 0.04513, 2.50220, 1.18703, 3.00505, 3.20330, 0.00000, 3.05099, 3.00828, 2.70044, 2.55941, 22.80220
1728401905, 141807186, 0xDDDD, 1419, 27.43590, 1.22249, 24.56250, 23.68750, 24.75000, 23.81250, 1.33531, 0.03949, 2.50220, 1.17414, 3.06066, 3.20007, 0.00000, 3.04212, 3.00828, 2.69883, 2.56344, 22.26494
1728401905, 141907172, 0xDDDD, 1420, 27.43590, 1.22168, 24.56250, 23.68750, 24.81250, 23.81250, 1.33531, 0.03788, 2.50220, 1.17897, 3.03648, 3.19685, 0.00000, 3.05260, 3.00667, 2.70125, 2.56344, 22.26494
1728401905, 142007192, 0xDDDD, 1421, 27.03297, 1.22168, 24.56250, 23.68750, 24.81250, 23.81250, 1.33531, 0.03868, 2.50220, 1.19267, 3.01311, 3.19363, 0.00000, 3.05179, 3.00828, 2.69963, 2.52960, 22.26494
1728401905, 142107174, 0xDDDD, 1422, 27.43590, 1.22249, 24.56250, 23.68750, 24.81250, 23.81250, 1.33531, 0.03707, 2.50220, 1.17978, 3.07033, 3.18960, 0.00000, 3.05179, 3.00828, 2.69883, 2.56103, 22.44402
1728401905, 142207170, 0xDDDD, 1423, 27.83883, 1.22249, 24.56250, 23.62500, 24.81250, 23.81250, 1.33531, 0.03949, 2.50220, 1.19348, 3.00908, 3.21297, 0.00000, 3.05260, 3.00828, 2.69963, 2.56103, 22.26494
1728401905, 142307175, 0xDDDD, 1424, 27.43590, 1.22249, 24.56250, 23.62500, 24.81250, 23.81250, 1.33531, 0.05399, 2.50220, 1.17897, 3.06469, 3.20088, 0.00000, 3.05099, 3.00828, 2.70044, 2.56022, 22.26494
1728401905, 142407187, 0xDDDD, 1425, 27.83883, 1.22168, 24.56250, 23.68750, 24.81250, 23.81250, 1.33531, 0.03788, 2.50139, 1.18945, 3.03971, 3.19766, 0.00000, 3.05018, 3.00828, 2.69963, 2.56183, 22.08586
1728401905, 142507181, 0xDDDD, 1426, 27.43590, 1.22249, 24.56250, 23.68750, 24.81250, 23.81250, 1.33531, 0.03788, 2.50220, 1.17736, 3.01714, 3.19363, 0.00000, 3.05260, 3.00828, 2.70044, 2.56103, 21.90678
1728401905, 142607175, 0xDDDD, 1427, 27.03297, 1.22249, 24.56250, 23.68750, 24.81250, 23.81250, 1.33531, 0.03626, 2.50220, 1.18139, 3.07436, 3.19040, 0.00000, 3.05018, 3.00828, 2.69963, 2.66176, 22.26494
1728401906, 142707178, 0xDDDD, 1428, 27.43590, 1.22249, 24.56250, 23.62500, 24.81250, 23.81250, 1.33451, 0.04513, 2.50220, 1.19187, 3.04615, 3.21216, 0.00000, 3.05099, 3.00747, 2.70125, 2.56103, 22.26494
1728401906, 142807183, 0xDDDD, 1429, 27.43590, 1.22249, 24.56250, 23.62500, 24.81250, 23.81250, 1.33531, 0.04271, 2.50220, 1.17575, 3.05905, 3.20733, 0.00000, 3.04777, 3.00828, 2.70044, 2.56183, 22.26494
1728401906, 142907181, 0xDDDD, 1430, 27.83883, 1.22249, 24.56250, 23.62500, 24.75000, 23.81250, 1.33612, 0.04513, 2.50220, 1.18703, 3.03165, 3.19685, 0.00000, 3.04857, 3.00828, 2.70044, 2.55780, 22.26494
1728401906, 143007172, 0xDDDD, 1431, 27.43590, 1.22249, 24.56250, 23.62500, 24.75000, 23.81250, 1.33531, 0.04190, 2.50220, 1.19751, 3.00505, 3.19363, 0.00000, 3.05099, 3.00828, 2.70125, 2.56022, 22.26494
1728401906, 143107169, 0xDDDD, 1432, 27.43590, 1.22249, 24.56250, 23.62500, 24.75000, 23.81250, 1.33531, 0.03546, 2.50220, 1.18381, 3.06147, 3.18879, 0.00000, 3.05179, 3.00828, 2.70125, 2.56344, 22.26494
1728401906, 143207183, 0xDDDD, 1433, 27.43590, 1.22249, 24.56250, 23.68750, 24.75000, 23.81250, 1.33531, 0.03707, 2.50220, 1.19670, 3.03245, 3.20974, 0.00000, 3.04938, 3.00828, 2.70044, 2.57956, 22.26494
1728401906, 143307176, 0xDDDD, 1434, 27.43590, 1.22249, 24.56250, 23.68750, 24.75000, 23.81250, 1.33531, 0.03868, 2.50139, 1.18220, 3.00505, 3.20733, 0.00000, 3.05260, 3.00828, 2.70044, 2.55297, 22.26494
1728401906, 143407173, 0xDDDD, 1435, 27.43590, 1.22249, 24.56250, 23.68750, 24.75000, 23.81250, 1.33531, 0.04755, 2.50220, 1.18542, 3.02117, 3.20330, 0.00000, 3.05179, 3.00828, 2.70044, 2.56344, 22.26494
1728401906, 143507172, 0xDDDD, 1436, 27.03297, 1.22249, 24.56250, 23.68750, 24.75000, 23.81250, 1.33531, 0.04110, 2.50220, 1.19670, 3.07678, 3.19927, 0.00000, 3.05018, 3.00828, 2.69963, 2.56103, 22.26494
1728401906, 143607187, 0xDDDD, 1437, 27.43590, 1.22249, 24.56250, 23.68750, 24.81250, 23.81250, 1.33531, 0.04271, 2.50220, 1.18139, 3.04857, 3.18799, 0.00000, 3.05099, 3.00828, 2.70044, 2.56183, 22.26494
1728401907, 143707175, 0xDDDD, 1438, 27.03297, 1.22249, 24.56250, 23.68750, 24.81250, 23.81250, 1.33531, 0.03626, 2.50220, 1.19187, 3.02037, 3.20813, 0.00000, 3.05099, 3.00828, 2.69963, 2.56264, 22.26494
1728401907, 143807171, 0xDDDD, 1439, 27.83883, 1.22168, 24.56250, 23.68750, 24.81250, 23.75000, 1.33531, 0.03626, 2.50220, 1.17575, 3.06952, 3.20410, 0.00000, 3.05099, 3.00828, 2.70125, 2.55700, 22.26494
1728401907, 143907182, 0xDDDD, 1440, 27.03297, 1.22168, 24.56250, 23.62500, 24.75000, 23.75000, 1.33531, 0.03546, 2.50220, 1.18623, 3.03890, 3.20088, 0.00000, 3.05179, 3.00828, 2.70125, 2.61421, 22.26494
1728401907, 144007164, 0xDDDD, 1441, 27.43590, 1.22249, 24.56250, 23.62500, 24.75000, 23.81250, 1.33612, 0.03868, 2.50220, 1.19670, 3.01070, 3.19685, 0.00000, 3.05099, 3.00828, 2.70125, 2.56103, 22.26494
1728401907, 144107174, 0xDDDD, 1442, 27.43590, 1.22168, 24.56250, 23.68750, 24.81250, 23.81250, 1.33531, 0.04029, 2.50220, 1.18059, 3.02359, 3.19282, 0.00000, 3.05260, 3.00828, 2.70044, 2.56022, 22.44402
1728401907, 144207183, 0xDDDD, 1443, 27.43590, 1.22249, 24.56250, 23.68750, 24.81250, 23.81250, 1.33451, 0.04513, 2.50220, 1.19106, 3.07678, 3.20410, 0.00000, 3.05099, 3.00828, 2.69963, 2.55941, 22.44402
1728401907, 144307178, 0xDDDD, 1444, 27.43590, 1.22249, 24.56250, 23.68750, 24.81250, 23.81250, 1.33451, 0.04271, 2.50139, 1.19267, 3.04535, 3.20168, 0.00000, 3.05018, 3.00747, 2.70125, 2.55861, 22.26494
1728401907, 144407202, 0xDDDD, 1445, 27.43590, 1.22249, 24.56250, 23.68750, 24.81250, 23.81250, 1.33531, 0.03626, 2.50220, 1.17656, 3.01875, 3.19685, 0.00000, 3.05018, 3.00747, 2.70044, 2.55941, 22.26494
1728401907, 144507182, 0xDDDD, 1446, 27.43590, 1.22249, 24.56250, 23.68750, 24.81250, 23.81250, 1.33531, 0.03788, 2.50220, 1.18542, 3.06791, 3.19282, 0.00000, 3.05018, 3.00828, 2.70044, 2.56022, 22.26494
1728401907, 144607177, 0xDDDD, 1447, 27.43590, 1.22249, 24.56250, 23.68750, 24.75000, 23.81250, 1.33451, 0.04352, 2.50220, 1.19509, 3.04051, 3.18879, 0.00000, 3.05099, 3.00828, 2.70044, 2.59729, 22.26494
1728401908, 144707166, 0xDDDD, 1448, 27.43590, 1.22249, 24.56250, 23.68750, 24.75000, 23.81250, 1.33531, 0.03868, 2.50139, 1.17817, 3.05260, 3.21055, 0.00000, 3.05341, 3.00828, 2.70044, 2.56103, 22.44402
1728401908, 144807174, 0xDDDD, 1449, 27.43590, 1.22168, 24.56250, 23.68750, 24.81250, 23.81250, 1.33531, 0.03788, 2.50220, 1.18623, 3.02440, 3.20007, 0.00000, 3.04696, 3.00828, 2.69963, 2.56344, 22.26494
1728401908, 144907189, 0xDDDD, 1450, 27.43590, 1.22168, 24.56250, 23.62500, 24.81250, 23.81250, 1.33531, 0.03546, 2.50220, 1.19670, 3.07678, 3.19604, 0.00000, 3.05099, 3.00828, 2.69963, 2.56183, 22.44402
1728401908, 145007185, 0xDDDD, 1451, 27.43590, 1.22249, 24.56250, 23.62500, 24.81250, 23.81250, 1.33531, 0.03546, 2.50220, 1.19832, 3.04212, 3.19282, 0.00000, 3.05018, 3.00828, 2.70044, 2.56183, 22.26494
1728401908, 145107167, 0xDDDD, 1452, 27.83883, 1.22249, 24.56250, 23.68750, 24.81250, 23.81250, 1.33612, 0.03546, 2.50220, 1.18139, 3.01070, 3.18799, 0.00000, 3.05099, 3.00828, 2.70044, 2.60374, 22.26494
1728401908, 145207200, 0xDDDD, 1453, 27.43590, 1.22249, 24.56250, 23.68750, 24.81250, 23.81250, 1.33531, 0.03707, 2.50220, 1.18945, 3.06308, 3.20894, 0.00000, 3.05179, 3.00828, 2.70125, 2.59407, 22.26494
1728401908, 145307180, 0xDDDD, 1454, 27.43590, 1.22249, 24.56250, 23.68750, 24.81250, 23.81250, 1.33451, 0.03788, 2.50220, 1.19751, 3.07678, 3.20491, 0.00000, 3.05179, 3.00828, 2.69963, 2.56183, 22.26494
1728401908, 145407169, 0xDDDD, 1455, 27.43590, 1.22249, 24.56250, 23.68750, 24.81250, 23.81250, 1.33531, 0.04029, 2.50220, 1.18059, 3.04374, 3.19363, 0.00000, 3.05099, 3.00828, 2.69883, 2.56022, 22.26494
1728401908, 145507173, 0xDDDD, 1456, 27.83883, 1.22249, 24.56250, 23.68750, 24.81250, 23.81250, 1.33370, 0.03626, 2.50220, 1.19026, 3.01311, 3.18799, 0.00000, 3.05099, 3.00828, 2.69963, 2.56022, 22.44402
1728401908, 145607175, 0xDDDD, 1457, 27.83883, 1.22249, 24.56250, 23.68750, 24.81250, 23.81250, 1.33451, 0.04432, 2.50300, 1.19832, 3.06308, 3.20894, 0.00000, 3.05179, 3.00828, 2.70044, 2.56022, 22.44402
1728401909, 145707175, 0xDDDD, 1458, 27.43590, 1.22249, 24.56250, 23.68750, 24.81250, 23.75000, 1.33531, 0.03465, 2.50139, 1.18139, 3.03245, 3.20330, 0.00000, 3.05099, 3.00747, 2.70044, 2.64403, 22.26494
1728401909, 145807193, 0xDDDD, 1459, 27.43590, 1.22168, 24.62500, 23.62500, 24.81250, 23.75000, 1.33531, 0.03868, 2.50220, 1.19026, 3.08242, 3.19846, 0.00000, 3.05099, 3.00828, 2.69963, 2.56344, 22.44402
1728401909, 145907175, 0xDDDD, 1460, 27.43590, 1.22249, 24.62500, 23.62500, 24.81250, 23.81250, 1.33451, 0.03707, 2.50139, 1.19348, 3.05099, 3.19363, 0.00000, 3.04938, 3.00828, 2.69963, 2.56103, 22.26494
1728401909, 146007175, 0xDDDD, 1461, 27.43590, 1.22249, 24.56250, 23.62500, 24.75000, 23.81250, 1.33531, 0.03868, 2.50220, 1.17656, 3.06066, 3.18960, 0.00000, 3.05179, 3.00828, 2.69963, 2.56264, 22.26494
1728401909, 146107185, 0xDDDD, 1462, 27.03297, 1.22249, 24.56250, 23.62500, 24.75000, 23.81250, 1.33289, 0.03626, 2.50139, 1.18462, 3.02842, 3.20168, 0.00000, 3.05018, 3.00828, 2.70044, 2.56022, 22.62310
1728401909, 146207164, 0xDDDD, 1463, 27.83883, 1.22249, 24.56250, 23.62500, 24.75000, 23.81250, 1.33612, 0.03707, 2.50220, 1.19509, 3.07839, 3.19846, 0.00000, 3.05099, 3.00828, 2.70044, 2.56022, 22.44402
1728401909, 146307198, 0xDDDD, 1464, 27.43590, 1.22249, 24.62500, 23.68750, 24.75000, 23.81250, 1.33531, 0.04029, 2.50220, 1.17817, 3.04454, 3.19363, 0.00000, 3.05018, 3.00828, 2.69883, 2.55941, 22.26494
1728401909, 146407181, 0xDDDD, 1465, 27.83883, 1.22249, 24.62500, 23.68750, 24.75000, 23.81250, 1.33531, 0.04352, 2.50220, 1.18784, 3.01311, 3.19040, 0.00000, 3.05179, 3.00828, 2.70044, 2.59487, 22.44402
1728401909, 146507166, 0xDDDD, 1466, 27.43590, 1.22249, 24.62500, 23.68750, 24.81250, 23.81250, 1.33531, 0.04029, 2.50139, 1.19590, 3.06227, 3.21136, 0.00000, 3.05179, 3.00747, 2.69963, 2.54007, 22.44402
1728401909, 146607188, 0xDDDD, 1467, 27.43590, 1.22249, 24.62500, 23.68750, 24.81250, 23.81250, 1.33451, 0.03546, 2.50139, 1.19590, 3.07194, 3.20571, 0.00000, 3.04938, 3.00828, 2.70044, 2.56425, 22.44402
1728401910, 146707182, 0xDDDD, 1468, 27.83883, 1.22249, 24.62500, 23.68750, 24.81250, 23.81250, 1.33531, 0.04352, 2.50139, 1.17736, 3.03810, 3.19363, 0.00000, 3.04696, 3.00828, 2.70044, 2.56022, 22.44402
1728401910, 146807188, 0xDDDD, 1469, 27.83883, 1.22249, 24.56250, 23.68750, 24.81250, 23.81250, 1.33612, 0.03788, 2.50220, 1.18462, 3.00667, 3.18960, 0.00000, 3.05099, 3.00828, 2.70044, 2.56022, 22.44402
1728401910, 146907166, 0xDDDD, 1470, 27.43590, 1.22249, 24.56250, 23.68750, 24.81250, 23.75000, 1.33531, 0.04110, 2.50139, 1.19267, 3.05582, 3.20974, 0.00000, 3.05018, 3.00828, 2.69963, 2.56264, 22.44402
1728401910, 147007164, 0xDDDD, 1471, 27.83883, 1.22249, 24.62500, 23.68750, 24.81250, 23.75000, 1.33451, 0.04271, 2.50220, 1.17495, 3.02037, 3.20410, 0.00000, 3.05099, 3.00828, 2.70044, 2.55861, 22.26494
1728401910, 147107178, 0xDDDD, 1472, 27.43590, 1.22249, 24.62500, 23.68750, 24.81250, 23.81250, 1.33451, 0.04029, 2.50220, 1.18300, 3.06952, 3.20088, 0.00000, 3.05099, 3.00747, 2.70044, 2.62952, 22.44402
1728401910, 147207175, 0xDDDD, 1473, 27.43590, 1.22168, 24.62500, 23.68750, 24.81250, 23.81250, 1.33531, 0.04190, 2.50139, 1.19187, 3.07839, 3.19524, 0.00000, 3.05099, 3.00828, 2.70044, 2.56264, 22.44402
1728401910, 147307186, 0xDDDD, 1474, 27.83883, 1.22249, 24.62500, 23.68750, 24.81250, 23.81250, 1.33451, 0.03385, 2.50220, 1.19267, 3.04535, 3.20894, 0.00000, 3.05099, 3.00828, 2.70125, 2.56103, 22.44402
1728401910, 147407200, 0xDDDD, 1475, 27.43590, 1.22249, 24.62500, 23.68750, 24.81250, 23.81250, 1.33451, 0.03788, 2.50220, 1.17495, 3.00989, 3.20410, 0.00000, 3.05018, 3.00828, 2.70044, 2.56022, 22.44402
1728401910, 147507183, 0xDDDD, 1476, 27.43590, 1.22249, 24.56250, 23.68750, 24.81250, 23.81250, 1.33289, 0.04110, 2.50220, 1.18220, 3.05582, 3.19927, 0.00000, 3.05018, 3.00828, 2.69883, 2.56183, 22.26494
1728401910, 147607169, 0xDDDD, 1477, 27.83883, 1.22249, 24.56250, 23.68750, 24.81250, 23.81250, 1.33531, 0.04190, 2.50220, 1.18945, 3.02198, 3.19604, 0.00000, 3.05179, 3.00828, 2.69963, 2.49897, 22.44402
1728401911, 147707191, 0xDDDD, 1478, 27.43590, 1.22168, 24.62500, 23.68750, 24.81250, 23.81250, 1.33612, 0.03626, 2.50220, 1.19590, 3.07114, 3.19201, 0.00000, 3.05260, 3.00828, 2.70044, 2.53685, 22.44402
1728401911, 147807165, 0xDDDD, 1479, 27.43590, 1.22249, 24.62500, 23.62500, 24.81250, 23.81250, 1.33531, 0.04029, 2.50220, 1.17736, 3.03648, 3.21055, 0.00000, 3.05260, 3.00828, 2.70044, 2.56183, 22.44402
1728401911, 147907185, 0xDDDD, 1480, 27.43590, 1.22249, 24.62500, 23.62500, 24.81250, 23.81250, 1.33451, 0.03707, 2.50220, 1.18381, 3.04293, 3.20652, 0.00000, 3.05099, 3.00828, 2.70044, 2.56344, 22.26494
1728401911, 148007172, 0xDDDD, 1481, 27.83883, 1.22168, 24.62500, 23.68750, 24.81250, 23.81250, 1.33612, 0.03707, 2.50220, 1.19026, 3.00667, 3.19282, 0.00000, 3.04938, 3.00667, 2.69963, 2.56344, 22.80220
1728401911, 148107173, 0xDDDD, 1482, 27.43590, 1.22249, 24.62500, 23.68750, 24.81250, 23.81250, 1.33531, 0.03626, 2.50220, 1.19751, 3.05502, 3.21377, 0.00000, 3.05260, 3.00828, 2.70044, 2.56264, 22.44402
1728401911, 148207177, 0xDDDD, 1483, 27.43590, 1.22249, 24.62500, 23.68750, 24.81250, 23.81250, 1.33531, 0.03707, 2.50220, 1.19509, 3.02198, 3.20652, 0.00000, 3.05260, 3.00828, 2.70044, 2.56344, 22.44402
1728401911, 148307192, 0xDDDD, 1484, 27.43590, 1.22168, 24.62500, 23.68750, 24.81250, 23.81250, 1.33531, 0.03949, 2.50059, 1.17575, 3.07033, 3.20249, 0.00000, 3.05179, 3.00828, 2.69963, 2.56667, 22.44402
1728401911, 148407175, 0xDDDD, 1485, 27.83883, 1.22168, 24.62500, 23.68750, 24.81250, 23.81250, 1.33531, 0.04352, 2.50139, 1.18059, 3.03245, 3.19766, 0.00000, 3.04938, 3.00828, 2.69963, 2.56183, 22.44402
1728401911, 148507169, 0xDDDD, 1486, 27.43590, 1.22249, 24.56250, 23.68750, 24.81250, 23.81250, 1.33612, 0.03465, 2.50220, 1.18703, 3.03971, 3.19282, 0.00000, 3.05179, 3.00828, 2.70044, 2.56022, 22.44402
1728401911, 148607179, 0xDDDD, 1487, 27.43590, 1.22168, 24.56250, 23.68750, 24.81250, 23.81250, 1.33531, 0.05722, 2.50220, 1.19267, 3.00264, 3.20491, 0.00000, 3.05018, 3.00828, 2.69963, 2.55861, 22.44402
1728401912, 148707185, 0xDDDD, 1488, 27.43590, 1.22249, 24.62500, 23.68750, 24.81250, 23.81250, 1.33451, 0.04110, 2.50220, 1.19912, 3.04696, 3.19846, 0.00000, 3.05099, 3.00908, 2.69963, 2.56022, 22.44402
1728401912, 148807178, 0xDDDD, 1489, 27.03297, 1.22330, 24.62500, 23.68750, 24.81250, 23.81250, 1.33451, 0.04190, 2.50220, 1.17736, 3.00989, 3.19363, 0.00000, 3.05018, 3.00828, 2.69963, 2.55941, 22.44402
1728401912, 148907176, 0xDDDD, 1490, 27.83883, 1.22249, 24.62500, 23.68750, 24.81250, 23.81250, 1.33612, 0.03465, 2.50220, 1.17495, 3.05582, 3.18799, 0.00000, 3.05179, 3.00828, 2.69963, 2.53685, 22.44402
1728401912, 149007175, 0xDDDD, 1491, 28.24175, 1.22249, 24.62500, 23.68750, 24.81250, 23.81250, 1.33531, 0.04029, 2.50220, 1.18059, 3.01956, 3.20652, 0.00000, 3.05099, 3.00828, 2.70044, 2.51670, 22.44402
1728401912, 149107190, 0xDDDD, 1492, 27.43590, 1.22249, 24.62500, 23.68750, 24.81250, 23.81250, 1.33531, 0.04271, 2.50220, 1.18542, 3.02842, 3.20168, 0.00000, 3.05099, 3.00828, 2.69963, 2.56344, 22.44402
1728401912, 149207185, 0xDDDD, 1493, 27.43590, 1.22249, 24.56250, 23.62500, 24.81250, 23.81250, 1.33531, 0.04593, 2.50139, 1.19106, 3.07516, 3.18879, 0.00000, 3.04777, 3.00828, 2.70044, 2.55780, 22.26494
1728401912, 149307175, 0xDDDD, 1494, 27.83883, 1.22168, 24.56250, 23.62500, 24.81250, 23.87500, 1.33531, 0.04110, 2.50139, 1.19751, 3.03648, 3.20733, 0.00000, 3.05179, 3.00828, 2.70044, 2.56183, 22.44402
1728401912, 149407172, 0xDDDD, 1495, 27.43590, 1.22168, 24.62500, 23.62500, 24.81250, 23.87500, 1.33451, 0.03626, 2.50059, 1.17656, 3.07839, 3.20088, 0.00000, 3.05099, 3.00828, 2.69963, 2.56183, 22.44402
1728401912, 149507164, 0xDDDD, 1496, 27.43590, 1.22249, 24.62500, 23.68750, 24.81250, 23.87500, 1.33451, 0.03707, 2.50220, 1.18139, 3.04696, 3.19604, 0.00000, 3.05179, 3.00828, 2.69963, 2.56103, 22.44402
1728401912, 149607175, 0xDDDD, 1497, 27.83883, 1.22249, 24.62500, 23.68750, 24.81250, 23.81250, 1.33531, 0.03788, 2.50220, 1.18462, 3.01150, 3.18960, 0.00000, 3.05179, 3.00828, 2.70044, 2.56667, 22.44402
1728401913, 149707182, 0xDDDD, 1498, 27.83883, 1.22249, 24.62500, 23.62500, 24.81250, 23.81250, 1.33612, 0.04190, 2.50139, 1.18784, 3.01473, 3.20813, 0.00000, 3.05179, 3.00828, 2.69963, 2.56344, 22.44402
1728401913, 149807178, 0xDDDD, 1499, 27.83883, 1.22168, 24.62500, 23.62500, 24.81250, 23.81250, 1.33531, 0.03626, 2.50220, 1.18381, 3.05744, 3.20249, 0.00000, 3.05099, 3.00828, 2.70044, 2.55941, 22.44402
1728401913, 149907188, 0xDDDD, 1500, 27.43590, 1.22249, 24.62500, 23.68750, 24.81250, 23.81250, 1.33531, 0.03546, 2.50220, 1.18784, 3.01956, 3.18879, 0.00000, 3.05260, 3.00828, 2.70044, 2.56425, 21.36955
1728401913, 150007181, 0xDDDD, 1501, 27.83883, 1.22249, 24.62500, 23.68750, 24.81250, 23.81250, 1.33531, 0.03949, 2.50220, 1.19267, 3.06147, 3.20894, 0.00000, 3.05179, 3.00747, 2.70044, 2.56103, 22.62310
1728401913, 150107172, 0xDDDD, 1502, 27.43590, 1.22249, 24.62500, 23.68750, 24.87500, 23.81250, 1.33531, 0.04271, 2.50139, 1.19670, 3.02520, 3.20168, 0.00000, 3.05179, 3.00828, 2.69963, 2.56989, 22.26494
1728401913, 150207189, 0xDDDD, 1503, 27.83883, 1.22249, 24.62500, 23.68750, 24.87500, 23.81250, 1.33531, 0.03949, 2.50220, 1.20234, 3.06872, 3.19443, 0.00000, 3.05018, 3.00828, 2.70044, 2.60454, 22.44402
1728401913, 150307165, 0xDDDD, 1504, 27.43590, 1.22249, 24.62500, 23.68750, 24.87500, 23.81250, 1.33531, 0.03788, 2.50220, 1.17817, 3.02923, 3.18879, 0.00000, 3.04777, 3.00828, 2.69963, 2.56022, 22.44402
1728401913, 150407176, 0xDDDD, 1505, 27.43590, 1.22249, 24.62500, 23.62500, 24.81250, 23.81250, 1.33531, 0.05319, 2.50220, 1.18139, 3.02923, 3.20652, 0.00000, 3.05179, 3.00828, 2.70044, 2.56103, 22.44402
1728401913, 150507187, 0xDDDD, 1506, 27.43590, 1.22249, 24.62500, 23.62500, 24.81250, 23.81250, 1.33531, 0.03788, 2.50220, 1.18542, 3.07114, 3.19363, 0.00000, 3.05018, 3.00828, 2.70044, 2.56264, 22.44402
1728401913, 150607185, 0xDDDD, 1507, 27.43590, 1.22249, 24.62500, 23.62500, 24.81250, 23.81250, 1.33531, 0.04029, 2.50139, 1.18059, 3.02923, 3.18718, 0.00000, 3.05260, 3.00828, 2.70044, 2.55861, 22.44402
1728401914, 150707177, 0xDDDD, 1508, 27.83883, 1.22168, 24.62500, 23.68750, 24.81250, 23.81250, 1.33451, 0.04432, 2.50220, 1.18300, 3.07114, 3.20571, 0.00000, 3.04857, 3.00828, 2.70044, 2.55941, 22.44402
1728401914, 150807183, 0xDDDD, 1509, 27.43590, 1.22249, 24.62500, 23.68750, 24.81250, 23.81250, 1.33531, 0.04029, 2.50220, 1.18623, 3.03165, 3.20007, 0.00000, 3.04535, 3.00828, 2.69963, 2.55619, 22.26494
1728401914, 150907177, 0xDDDD, 1510, 27.43590, 1.22249, 24.62500, 23.68750, 24.81250, 23.81250, 1.33531, 0.04029, 2.50220, 1.18784, 3.07516, 3.19443, 0.00000, 3.05099, 3.00828, 2.70044, 2.54894, 22.44402
1728401914, 151007168, 0xDDDD, 1511, 27.83883, 1.22249, 24.62500, 23.68750, 24.81250, 23.81250, 1.33451, 0.04352, 2.50300, 1.19026, 3.07678, 3.18799, 0.00000, 3.05018, 3.00828, 2.70044, 2.56425, 22.44402
1728401914, 151107178, 0xDDDD, 1512, 28.24175, 1.22007, 24.62500, 23.68750, 24.81250, 23.81250, 1.33531, 0.03465, 2.50059, 1.19670, 3.00989, 3.20088, 0.00000, 3.05260, 3.00747, 2.69883, 2.56264, 21.90678
1728401914, 151207191, 0xDDDD, 1513, 27.43590, 1.22330, 24.62500, 23.68750, 24.81250, 23.87500, 1.33531, 0.04190, 2.50220, 1.17414, 3.04857, 3.19363, 0.00000, 3.05179, 3.00828, 2.70044, 2.56103, 22.44402
1728401914, 151307185, 0xDDDD, 1514, 27.43590, 1.22249, 24.62500, 23.68750, 24.81250, 23.87500, 1.33531, 0.04271, 2.50139, 1.19429, 3.00989, 3.18799, 0.00000, 3.04374, 3.00667, 2.69963, 2.55941, 22.44402
1728401914, 151407168, 0xDDDD, 1515, 27.43590, 1.22249, 24.62500, 23.62500, 24.81250, 23.87500, 1.33531, 0.04916, 2.50220, 1.19670, 3.05018, 3.20491, 0.00000, 3.04857, 3.00747, 2.70044, 2.60454, 22.44402
1728401914, 151507203, 0xDDDD, 1516, 27.83883, 1.22249, 24.62500, 23.62500, 24.81250, 23.81250, 1.33531, 0.04593, 2.50220, 1.17495, 3.01070, 3.19927, 0.00000, 3.05179, 3.00828, 2.70044, 2.56264, 22.44402
1728401914, 151607179, 0xDDDD, 1517, 27.43590, 1.22249, 24.62500, 23.68750, 24.81250, 23.81250, 1.33531, 0.03465, 2.50220, 1.17817, 3.01150, 3.19282, 0.00000, 3.05099, 3.00828, 2.69963, 2.56022, 22.44402
1728401915, 151707164, 0xDDDD, 1518, 27.43590, 1.22168, 24.62500, 23.68750, 24.81250, 23.81250, 1.33451, 0.04755, 2.50220, 1.18059, 3.05341, 3.19040, 0.00000, 3.04535, 3.00828, 2.70044, 2.55941, 22.44402
1728401915, 151807181, 0xDDDD, 1519, 27.43590, 1.22249, 24.62500, 23.68750, 24.81250, 23.81250, 1.30227, 0.03546, 2.50220, 1.18381, 3.01392, 3.19685, 0.00000, 3.05179, 3.00828, 2.70044, 2.56022, 22.44402
1728401915, 151907172, 0xDDDD, 1520, 27.43590, 1.22249, 24.62500, 23.62500, 24.81250, 23.81250, 1.33531, 0.04271, 2.50139, 1.18623, 3.05502, 3.19121, 0.00000, 3.05260, 3.00828, 2.70125, 2.55861, 22.44402
1728401915, 152007166, 0xDDDD, 1521, 27.43590, 1.22249, 24.62500, 23.62500, 24.81250, 23.81250, 1.33531, 0.04352, 2.50220, 1.18864, 3.01150, 3.20894, 0.00000, 3.05179, 3.00828, 2.70125, 2.51832, 22.26494
1728401915, 152107197, 0xDDDD, 1522, 27.03297, 1.22249, 24.62500, 23.62500, 24.81250, 23.81250, 1.33531, 0.03707, 2.50220, 1.18381, 3.05502, 3.20330, 0.00000, 3.05179, 3.00828, 2.70044, 2.56183, 22.44402
1728401915, 152207181, 0xDDDD, 1523, 27.83883, 1.22249, 24.62500, 23.62500, 24.81250, 23.81250, 1.33531, 0.04271, 2.50220, 1.18623, 3.01473, 3.19685, 0.00000, 3.05260, 3.00828, 2.70044, 2.56264, 22.44402
1728401915, 152307180, 0xDDDD, 1524, 27.43590, 1.22249, 24.62500, 23.62500, 24.81250, 23.81250, 1.33531, 0.03788, 2.50220, 1.18703, 3.01392, 3.19121, 0.00000, 3.05179, 3.00828, 2.69963, 2.56103, 22.44402
1728401915, 152407172, 0xDDDD, 1525, 27.43590, 1.22168, 24.62500, 23.68750, 24.81250, 23.81250, 1.33531, 0.04432, 2.50220, 1.18864, 3.05179, 3.20249, 0.00000, 3.05099, 3.00828, 2.70044, 2.55941, 22.44402
1728401915, 152507164, 0xDDDD, 1526, 27.43590, 1.22249, 24.62500, 23.68750, 24.81250, 23.81250, 1.34176, 0.03707, 2.50220, 1.19026, 3.00989, 3.19604, 0.00000, 3.05260, 3.00828, 2.70044, 2.56264, 22.26494
1728401915, 152607186, 0xDDDD, 1527, 27.43590, 1.22249, 24.62500, 23.68750, 24.81250, 23.81250, 1.33531, 0.04271, 2.50139, 1.19348, 3.05341, 3.18960, 0.00000, 3.05099, 3.00828, 2.69963, 2.55941, 22.44402
1728401916, 152707180, 0xDDDD, 1528, 27.03297, 1.22249, 24.62500, 23.68750, 24.81250, 23.81250, 1.33531, 0.03546, 2.50220, 1.19509, 3.00908, 3.20733, 0.00000, 3.04777, 3.00828, 2.69963, 2.56747, 22.44402
1728401916, 152807166, 0xDDDD, 1529, 27.83883, 1.22249, 24.62500, 23.68750, 24.81250, 23.81250, 1.33531, 0.04271, 2.50220, 1.18945, 3.04938, 3.20088, 0.00000, 3.05179, 3.00747, 2.70044, 2.57714, 22.26494
1728401916, 152907185, 0xDDDD, 1530, 27.43590, 1.22249, 24.62500, 23.68750, 24.81250, 23.81250, 1.33531, 0.03949, 2.50220, 1.19026, 3.04615, 3.19524, 0.00000, 3.05179, 3.00828, 2.70044, 2.56183, 22.44402
1728401916, 153007187, 0xDDDD, 1531, 27.83883, 1.22249, 24.62500, 23.68750, 24.81250, 23.81250, 1.33451, 0.04110, 2.50220, 1.19187, 3.00344, 3.20652, 0.00000, 3.05099, 3.00828, 2.70125, 2.56103, 22.26494
1728401916, 153107182, 0xDDDD, 1532, 27.83883, 1.22249, 24.62500, 23.68750, 24.81250, 23.81250, 1.33451, 0.04432, 2.50220, 1.19348, 3.04454, 3.19927, 0.00000, 3.05018, 3.00828, 2.70044, 2.55941, 22.44402
1728401916, 153207173, 0xDDDD, 1533, 27.43590, 1.22249, 24.62500, 23.68750, 24.81250, 23.81250, 1.33612, 0.03788, 2.50220, 1.19670, 3.09692, 3.19201, 0.00000, 3.05099, 3.00828, 2.69963, 2.56183, 22.44402
1728401916, 153307165, 0xDDDD, 1534, 27.43590, 1.22249, 24.62500, 23.68750, 24.81250, 23.81250, 1.33451, 0.04029, 2.50059, 1.17414, 3.03890, 3.21055, 0.00000, 3.04535, 3.00828, 2.70044, 2.57473, 22.44402
1728401916, 153407185, 0xDDDD, 1535, 27.43590, 1.22249, 24.62500, 23.68750, 24.81250, 23.81250, 1.33531, 0.04029, 2.50220, 1.17736, 3.07597, 3.20491, 0.00000, 3.05099, 3.00828, 2.70125, 2.49736, 22.44402
1728401916, 153507174, 0xDDDD, 1536, 27.43590, 1.22168, 24.62500, 23.68750, 24.81250, 23.81250, 1.33531, 0.03707, 2.50139, 1.17978, 3.07275, 3.19766, 0.00000, 3.05099, 3.00828, 2.70125, 2.55941, 22.44402
1728401916, 153607178, 0xDDDD, 1537, 27.43590, 1.22249, 24.62500, 23.68750, 24.81250, 23.81250, 1.33531, 0.04432, 2.50220, 1.17414, 3.02681, 3.20813, 0.00000, 3.05099, 3.00828, 2.70044, 2.55861, 22.26494
1728401917, 153707201, 0xDDDD, 1538, 27.43590, 1.22249, 24.62500, 23.68750, 24.81250, 23.81250, 1.33531, 0.03949, 2.50059, 1.17656, 3.06469, 3.20007, 0.00000, 3.05099, 3.00828, 2.70044, 2.56022, 22.44402
1728401917, 153807185, 0xDDDD, 1539, 27.43590, 1.22249, 24.62500, 23.62500, 24.81250, 23.81250, 1.34095, 0.03788, 2.50220, 1.17817, 3.02037, 3.19282, 0.00000, 3.04938, 3.00747, 2.70125, 2.55941, 22.44402
1728401917, 153907172, 0xDDDD, 1540, 27.43590, 1.22249, 24.62500, 23.62500, 24.81250, 23.87500, 1.33531, 0.03949, 2.50220, 1.17897, 3.05985, 3.20974, 0.00000, 3.05099, 3.00828, 2.70044, 2.51670, 22.44402
1728401917, 154007181, 0xDDDD, 1541, 27.83883, 1.22249, 24.62500, 23.68750, 24.81250, 23.87500, 1.33531, 0.03626, 2.50220, 1.17978, 3.01553, 3.20330, 0.00000, 3.05260, 3.00828, 2.69963, 2.57231, 22.26494
1728401917, 154107171, 0xDDDD, 1542, 27.43590, 1.22168, 24.62500, 23.68750, 24.81250, 23.87500, 1.33531, 0.03868, 2.50139, 1.17978, 3.05179, 3.19685, 0.00000, 3.05018, 3.00828, 2.70044, 2.56264, 22.44402
1728401917, 154207185, 0xDDDD, 1543, 27.83883, 1.22168, 24.62500, 23.68750, 24.81250, 23.87500, 1.33531, 0.04352, 2.50220, 1.18059, 3.05179, 3.19040, 0.00000, 3.05018, 3.00828, 2.70044, 2.55861, 22.44402
1728401917, 154307174, 0xDDDD, 1544, 27.83883, 1.22249, 24.62500, 23.68750, 24.81250, 23.87500, 1.32484, 0.04271, 2.50220, 1.18139, 3.00828, 3.20007, 0.00000, 3.05018, 3.00828, 2.69963, 2.56103, 22.98128
1728401917, 154407178, 0xDDDD, 1545, 27.83883, 1.22249, 24.62500, 23.68750, 24.87500, 23.81250, 1.33531, 0.03949, 2.50220, 1.18220, 3.04535, 3.19201, 0.00000, 3.05260, 3.00828, 2.69963, 2.56103, 22.44402
1728401917, 154507174, 0xDDDD, 1546, 27.43590, 1.22249, 24.62500, 23.68750, 24.87500, 23.81250, 1.33531, 0.03949, 2.50139, 1.17495, 3.08403, 3.20974, 0.00000, 3.05018, 3.00828, 2.70125, 2.56183, 22.44402
1728401917, 154607185, 0xDDDD, 1547, 27.43590, 1.22249, 24.62500, 23.68750, 24.87500, 23.81250, 1.33531, 0.03546, 2.50220, 1.18462, 3.03245, 3.20249, 0.00000, 3.05018, 3.00828, 2.70044, 2.60212, 22.44402
1728401918, 154707178, 0xDDDD, 1548, 27.43590, 1.22168, 24.62500, 23.68750, 24.81250, 23.81250, 1.33531, 0.03949, 2.50220, 1.17817, 3.07194, 3.19443, 0.00000, 3.05179, 3.00747, 2.70125, 2.55861, 22.44402
1728401918, 154807178, 0xDDDD, 1549, 27.43590, 1.22249, 24.68750, 23.68750, 24.81250, 23.81250, 1.33531, 0.04029, 2.50220, 1.20073, 3.06630, 3.21216, 0.00000, 3.05179, 3.00828, 2.70044, 2.56022, 22.44402
1728401918, 154907183, 0xDDDD, 1550, 27.43590, 1.22249, 24.68750, 23.68750, 24.81250, 23.87500, 1.33531, 0.04432, 2.50139, 1.19832, 3.01875, 3.19685, 0.00000, 3.05179, 3.00828, 2.69963, 2.56183, 22.44402
1728401918, 155007167, 0xDDDD, 1551, 27.43590, 1.22249, 24.62500, 23.68750, 24.81250, 23.87500, 1.33612, 0.03626, 2.50139, 1.19751, 3.05099, 3.19040, 0.00000, 3.05099, 3.00828, 2.70044, 2.56264, 22.44402
1728401918, 155107175, 0xDDDD, 1552, 27.43590, 1.22249, 24.62500, 23.68750, 24.81250, 23.81250, 1.33451, 0.04029, 2.50220, 1.19590, 3.00989, 3.20813, 0.00000, 3.04938, 3.00828, 2.70044, 2.56103, 22.44402
1728401918, 155207180, 0xDDDD, 1553, 27.03297, 1.22168, 24.62500, 23.68750, 24.81250, 23.81250, 1.33531, 0.03546, 2.50220, 1.18784, 3.04293, 3.20088, 0.00000, 3.05099, 3.00828, 2.70044, 2.61179, 22.44402
1728401918, 155307165, 0xDDDD, 1554, 27.83883, 1.22168, 24.62500, 23.68750, 24.81250, 23.81250, 1.33531, 0.04271, 2.50220, 1.18864, 3.07839, 3.19443, 0.00000, 3.05179, 3.00828, 2.70125, 2.60374, 22.44402
1728401918, 155407183, 0xDDDD, 1555, 27.43590, 1.22168, 24.62500, 23.68750, 24.87500, 23.81250, 1.33531, 0.03788, 2.50220, 1.18864, 3.07033, 3.18718, 0.00000, 3.05179, 3.00828, 2.69963, 2.56344, 22.44402
1728401918, 155507185, 0xDDDD, 1556, 27.83883, 1.22249, 24.68750, 23.62500, 24.87500, 23.81250, 1.33531, 0.03949, 2.50059, 1.18703, 3.02198, 3.19766, 0.00000, 3.05018, 3.00828, 2.69963, 2.56103, 22.44402
1728401918, 155607181, 0xDDDD, 1557, 27.43590, 1.22249, 24.68750, 23.62500, 24.87500, 23.81250, 1.33531, 0.03949, 2.50220, 1.18623, 3.05663, 3.18960, 0.00000, 3.05179, 3.00828, 2.70044, 2.56183, 22.44402
1728401919, 155707164, 0xDDDD, 1558, 27.43590, 1.22249, 24.68750, 23.68750, 24.87500, 23.81250, 1.33531, 0.04593, 2.50220, 1.18542, 3.01392, 3.20813, 0.00000, 3.05099, 3.00828, 2.70044, 2.55861, 22.44402
1728401919, 155807163, 0xDDDD, 1559, 27.83883, 1.22249, 24.68750, 23.68750, 24.87500, 23.81250, 1.33451, 0.04110, 2.50220, 1.18462, 3.05018, 3.20088, 0.00000, 3.05099, 3.00828, 2.70125, 2.55538, 22.44402
1728401919, 155907181, 0xDDDD, 1560, 27.83883, 1.22249, 24.68750, 23.68750, 24.87500, 23.81250, 1.33531, 0.03868, 2.50220, 1.18542, 3.00425, 3.19363, 0.00000, 3.05099, 3.00828, 2.70044, 2.56344, 22.44402
1728401919, 156007183, 0xDDDD, 1561, 27.83883, 1.22249, 24.62500, 23.68750, 24.87500, 23.81250, 1.33531, 0.03788, 2.50220, 1.17575, 3.08081, 3.21055, 0.00000, 3.05179, 3.00747, 2.70044, 2.56264, 22.62310
1728401919, 156107172, 0xDDDD, 1562, 27.03297, 1.22249, 24.62500, 23.68750, 24.81250, 23.87500, 1.33531, 0.03949, 2.50220, 1.17495, 3.03326, 3.20330, 0.00000, 3.05260, 3.00828, 2.70125, 2.55861, 22.26494
1728401919, 156207178, 0xDDDD, 1563, 27.83883, 1.22249, 24.62500, 23.68750, 24.81250, 23.87500, 1.33531, 0.03707, 2.50220, 1.17495, 3.06872, 3.18879, 0.00000, 3.05018, 3.00828, 2.70125, 2.56103, 21.72771
1728401919, 156307183, 0xDDDD, 1564, 27.83883, 1.22249, 24.62500, 23.68750, 24.81250, 23.87500, 1.33531, 0.03546, 2.50220, 1.17575, 3.02117, 3.20652, 0.00000, 3.05018, 3.00828, 2.69963, 2.56264, 22.44402
1728401919, 156407171, 0xDDDD, 1565, 27.43590, 1.22249, 24.62500, 23.68750, 24.93750, 23.87500, 1.33531, 0.03707, 2.50139, 1.17656, 3.05582, 3.19846, 0.00000, 3.05179, 3.00828, 2.69963, 2.56264, 22.44402
1728401919, 156507194, 0xDDDD, 1566, 27.83883, 1.22168, 24.68750, 23.68750, 24.93750, 23.87500, 1.33531, 0.03546, 2.50300, 1.19832, 3.00989, 3.19121, 0.00000, 3.04938, 3.00828, 2.69963, 2.52154, 22.44402
1728401919, 156607172, 0xDDDD, 1567, 27.43590, 1.22168, 24.68750, 23.68750, 24.87500, 23.81250, 1.33451, 0.04432, 2.50139, 1.19590, 3.04454, 3.20813, 0.00000, 3.05099, 3.00828, 2.70044, 2.56264, 22.44402
1728401920, 156707174, 0xDDDD, 1568, 27.83883, 1.22249, 24.62500, 23.68750, 24.87500, 23.81250, 1.33531, 0.03304, 2.50220, 1.19509, 3.03890, 3.20088, 0.00000, 3.05018, 3.00828, 2.70125, 2.56022, 22.44402
1728401920, 156807187, 0xDDDD, 1569, 27.03297, 1.22249, 24.62500, 23.68750, 24.87500, 23.81250, 1.33531, 0.01048, 2.50220, 1.18462, 3.07355, 3.20974, 0.00000, 3.05179, 3.00747, 2.69963, 2.56022, 22.44402
1728401920, 156907178, 0xDDDD, 1570, 27.43590, 1.22249, 24.62500, 23.68750, 24.87500, 23.81250, 1.33451, 0.04271, 2.50220, 1.18381, 3.02198, 3.20330, 0.00000, 3.05018, 3.00828, 2.70044, 2.55941, 22.44402
1728401920, 157007176, 0xDDDD, 1571, 27.83883, 1.22249, 24.62500, 23.68750, 24.87500, 23.81250, 1.33531, 0.04271, 2.50220, 1.18220, 3.05502, 3.19524, 0.00000, 3.05018, 3.00828, 2.70044, 2.56183, 22.44402
1728401920, 157107183, 0xDDDD, 1572, 27.83883, 1.22249, 24.62500, 23.68750, 24.81250, 23.81250, 1.33531, 0.03788, 2.50059, 1.18059, 3.00264, 3.21216, 0.00000, 3.05018, 3.00667, 2.70044, 2.49978, 22.44402
1728401920, 157207177, 0xDDDD, 1573, 27.43590, 1.22168, 24.68750, 23.68750, 24.81250, 23.81250, 1.33531, 0.04271, 2.50220, 1.17978, 3.03729, 3.20491, 0.00000, 3.04938, 3.00747, 2.69963, 2.55136, 22.44402
1728401920, 157307174, 0xDDDD, 1574, 27.43590, 1.22249, 24.68750, 23.68750, 24.87500, 23.87500, 1.33531, 0.04352, 2.50220, 1.17817, 3.03407, 3.19685, 0.00000, 3.05260, 3.00747, 2.70125, 2.56505, 22.26494
1728401920, 157407184, 0xDDDD, 1575, 27.83883, 1.22168, 24.68750, 23.68750, 24.87500, 23.87500, 1.33531, 0.03707, 2.50139, 1.17656, 3.06872, 3.20652, 0.00000, 3.04857, 3.00828, 2.70044, 2.56103, 22.44402
1728401920, 157507193, 0xDDDD, 1576, 27.43590, 1.22249, 24.68750, 23.68750, 24.87500, 23.87500, 1.33531, 0.04513, 2.50220, 1.17575, 3.02198, 3.19927, 0.00000, 3.05260, 3.00828, 2.69963, 2.56264, 22.44402
1728401920, 157607189, 0xDDDD, 1577, 27.43590, 1.22168, 24.68750, 23.68750, 24.87500, 23.87500, 1.33451, 0.04271, 2.50220, 1.19267, 3.05582, 3.19201, 0.00000, 3.05099, 3.00747, 2.70044, 2.55861, 22.44402
1728401921, 157707174, 0xDDDD, 1578, 27.43590, 1.22249, 24.62500, 23.68750, 24.87500, 23.87500, 1.33531, 0.03546, 2.50300, 1.19187, 3.00908, 3.20813, 0.00000, 3.04938, 3.00828, 2.70044, 2.59810, 22.44402
1728401921, 157807186, 0xDDDD, 1579, 27.43590, 1.22249, 24.62500, 23.68750, 24.87500, 23.81250, 1.33531, 0.03546, 2.50300, 1.18945, 3.04212, 3.20088, 0.00000, 3.05260, 3.00828, 2.70044, 2.57070, 22.44402
1728401921, 157907186, 0xDDDD, 1580, 27.03297, 1.22249, 24.68750, 23.68750, 24.87500, 23.81250, 1.33531, 0.03626, 2.50139, 1.18703, 3.03648, 3.19282, 0.00000, 3.04857, 3.00828, 2.69963, 2.55941, 22.44402
1728401921, 158007164, 0xDDDD, 1581, 27.83883, 1.22249, 24.68750, 23.68750, 24.81250, 23.87500, 1.33531, 0.04110, 2.50220, 1.18542, 3.07516, 3.20974, 0.00000, 3.04938, 3.00828, 2.70044, 2.56103, 22.44402
1728401921, 158107184, 0xDDDD, 1582, 27.43590, 1.22249, 24.68750, 23.68750, 24.81250, 23.87500, 1.33289, 0.03788, 2.50220, 1.18220, 3.02681, 3.19443, 0.00000, 3.05099, 3.00828, 2.70044, 2.56344, 22.62310
1728401921, 158207172, 0xDDDD, 1583, 27.43590, 1.22249, 24.68750, 23.68750, 24.81250, 23.81250, 1.33451, 0.03788, 2.50220, 1.18059, 3.06066, 3.21055, 0.00000, 3.05099, 3.00828, 2.69963, 2.56264, 22.26494
1728401921, 158307165, 0xDDDD, 1584, 27.43590, 1.22168, 24.68750, 23.68750, 24.87500, 23.81250, 1.33531, 0.04352, 2.50139, 1.19670, 3.01231, 3.20249, 0.00000, 3.04938, 3.00828, 2.69963, 2.58601, 22.44402
1728401921, 158407194, 0xDDDD, 1585, 27.43590, 1.22168, 24.68750, 23.68750, 24.87500, 23.81250, 1.33612, 0.03465, 2.50220, 1.19429, 3.04696, 3.19443, 0.00000, 3.04615, 3.00828, 2.70044, 2.52315, 22.44402
1728401921, 158507181, 0xDDDD, 1586, 27.43590, 1.22249, 24.68750, 23.68750, 24.87500, 23.87500, 1.33612, 0.04110, 2.50220, 1.19187, 3.08322, 3.21055, 0.00000, 3.04938, 3.00828, 2.70044, 2.55941, 22.26494
1728401921, 158607175, 0xDDDD, 1587, 27.43590, 1.22168, 24.68750, 23.68750, 24.87500, 23.87500, 1.33531, 0.05963, 2.50220, 1.19026, 3.07516, 3.20410, 0.00000, 3.04938, 3.00828, 2.70044, 2.55861, 22.44402
1728401922, 158707173, 0xDDDD, 1588, 27.03297, 1.22168, 24.68750, 23.68750, 24.87500, 23.81250, 1.33451, 0.04674, 2.50220, 1.18864, 3.02278, 3.18799, 0.00000, 3.05260, 3.00828, 2.70044, 2.55861, 22.44402
1728401922, 158807166, 0xDDDD, 1589, 27.43590, 1.22168, 24.68750, 23.68750, 24.87500, 23.81250, 1.34659, 0.04190, 2.50220, 1.18784, 3.05179, 3.20571, 0.00000, 3.05018, 3.00828, 2.70044, 2.56264, 22.44402
1728401922, 158907187, 0xDDDD, 1590, 27.43590, 1.22249, 24.68750, 23.68750, 24.87500, 23.81250, 1.33531, 0.03626, 2.50220, 1.18703, 3.08161, 3.19685, 0.00000, 3.04938, 3.00747, 2.69963, 2.56344, 22.44402
1728401922, 159007182, 0xDDDD, 1591, 27.43590, 1.22249, 24.68750, 23.68750, 24.87500, 23.81250, 1.33531, 0.04110, 2.50220, 1.18542, 3.02762, 3.18960, 0.00000, 3.05260, 3.00828, 2.70044, 2.54491, 22.44402
1728401922, 159107166, 0xDDDD, 1592, 27.83883, 1.22249, 24.68750, 23.68750, 24.87500, 23.81250, 1.33531, 0.04029, 2.50139, 1.17656, 3.05985, 3.20410, 0.00000, 3.05179, 3.00828, 2.70044, 2.56747, 22.08586
1728401922, 159207176, 0xDDDD, 1593, 27.43590, 1.22249, 24.68750, 23.68750, 24.87500, 23.87500, 1.33451, 0.04190, 2.50220, 1.20154, 3.04777, 3.19766, 0.00000, 3.05179, 3.00828, 2.70044, 2.56183, 22.44402
1728401922, 159307194, 0xDDDD, 1594, 27.43590, 1.22249, 24.68750, 23.68750, 24.87500, 23.87500, 1.33451, 0.04110, 2.50220, 1.19751, 3.08081, 3.20491, 0.00000, 3.04938, 3.00828, 2.70044, 2.56183, 22.44402
1728401922, 159407180, 0xDDDD, 1595, 27.43590, 1.22249, 24.68750, 23.68750, 24.87500, 23.87500, 1.33531, 0.03626, 2.50220, 1.19429, 3.03245, 3.19685, 0.00000, 3.05260, 3.00747, 2.69963, 2.56264, 22.44402
1728401922, 159507173, 0xDDDD, 1596, 27.43590, 1.22249, 24.68750, 23.68750, 24.87500, 23.81250, 1.33612, 0.03788, 2.50220, 1.19106, 3.06469, 3.18637, 0.00000, 3.05099, 3.00747, 2.70044, 2.56264, 22.44402
1728401922, 159607171, 0xDDDD, 1597, 27.43590, 1.22249, 24.68750, 23.62500, 24.87500, 23.81250, 1.33531, 0.03707, 2.50220, 1.18784, 3.01553, 3.20410, 0.00000, 3.05018, 3.00828, 2.69963, 2.55458, 22.44402
1728401923, 159707200, 0xDDDD, 1598, 27.43590, 1.22249, 24.68750, 23.62500, 24.81250, 23.87500, 1.33531, 0.03546, 2.50220, 1.18462, 3.04777, 3.19604, 0.00000, 3.05099, 3.00667, 2.70125, 2.61421, 22.44402
1728401923, 159807174, 0xDDDD, 1599, 27.83883, 1.22249, 24.68750, 23.68750, 24.81250, 23.87500, 1.33451, 0.04593, 2.50139, 1.17978, 3.03890, 3.21216, 0.00000, 3.05099, 3.00828, 2.70044, 2.56505, 22.44402
1728401923, 159907178, 0xDDDD, 1600, 27.43590, 1.22168, 24.62500, 23.68750, 24.81250, 23.81250, 1.33531, 0.04593, 2.50139, 1.19590, 3.06872, 3.19604, 0.00000, 3.05341, 3.00828, 2.69963, 2.56103, 22.44402
1728401923, 160007188, 0xDDDD, 1601, 27.43590, 1.22249, 24.62500, 23.68750, 24.87500, 23.81250, 1.33531, 0.04432, 2.50220, 1.19267, 3.01634, 3.18718, 0.00000, 3.05018, 3.00828, 2.70044, 2.55780, 22.44402
1728401923, 160107199, 0xDDDD, 1602, 27.43590, 1.22249, 24.68750, 23.68750, 24.87500, 23.81250, 1.33531, 0.04029, 2.50139, 1.19106, 3.04696, 3.20330, 0.00000, 3.05099, 3.00828, 2.70125, 2.55861, 22.26494
1728401923, 160207174, 0xDDDD, 1603, 27.43590, 1.22168, 24.68750, 23.68750, 24.87500, 23.87500, 1.33531, 0.03949, 2.50220, 1.18784, 3.07758, 3.19443, 0.00000, 3.04857, 3.00828, 2.69963, 2.51751, 22.44402
1728401923, 160307182, 0xDDDD, 1604, 27.43590, 1.22249, 24.62500, 23.68750, 24.87500, 23.87500, 1.33531, 0.04190, 2.50220, 1.18703, 3.02440, 3.21055, 0.00000, 3.05179, 3.00828, 2.70044, 2.55780, 22.44402
1728401923, 160407176, 0xDDDD, 1605, 27.43590, 1.22249, 24.62500, 23.68750, 24.81250, 23.87500, 1.33531, 0.04352, 2.50220, 1.18300, 3.05502, 3.20088, 0.00000, 3.05099, 3.00828, 2.70125, 2.56344, 22.44402
1728401923, 160507198, 0xDDDD, 1606, 27.83883, 1.22249, 24.62500, 23.68750, 24.81250, 23.87500, 1.33531, 0.03546, 2.50220, 1.17978, 3.04212, 3.19282, 0.00000, 3.04938, 3.00828, 2.70044, 2.56425, 22.44402
1728401923, 160607179, 0xDDDD, 1607, 27.43590, 1.22249, 24.68750, 23.68750, 24.81250, 23.87500, 1.31033, 0.03626, 2.50220, 1.17736, 3.07194, 3.20088, 0.00000, 3.05260, 3.00828, 2.70044, 2.56264, 21.90678
1728401924, 160707183, 0xDDDD, 1608, 27.43590, 1.22249, 24.68750, 23.68750, 24.87500, 23.87500, 1.33451, 0.04190, 2.50220, 1.17414, 3.01875, 3.19121, 0.00000, 3.05099, 3.00828, 2.70044, 2.56103, 22.44402
1728401924, 160807179, 0xDDDD, 1609, 27.43590, 1.22249, 24.68750, 23.68750, 24.87500, 23.87500, 1.33531, 0.03707, 2.50139, 1.18864, 3.05179, 3.20813, 0.00000, 3.05099, 3.00828, 2.70125, 2.56103, 22.44402
1728401924, 160907175, 0xDDDD, 1610, 27.83883, 1.22249, 24.68750, 23.68750, 24.81250, 23.87500, 1.33531, 0.03546, 2.50139, 1.18703, 3.08081, 3.20088, 0.00000, 3.04938, 3.00828, 2.70125, 2.49978, 22.44402
1728401924, 161007179, 0xDDDD, 1611, 27.43590, 1.22249, 24.68750, 23.68750, 24.81250, 23.87500, 1.33531, 0.03707, 2.50220, 1.18542, 3.02923, 3.19201, 0.00000, 3.04857, 3.00828, 2.69963, 2.55861, 22.44402
1728401924, 161107178, 0xDDDD, 1612, 27.83883, 1.22088, 24.68750, 23.68750, 24.81250, 23.81250, 1.33612, 0.03949, 2.50059, 1.18542, 3.07839, 3.20974, 0.00000, 3.05341, 3.00828, 2.70205, 2.56183, 22.08586
1728401924, 161207177, 0xDDDD, 1613, 27.83883, 1.22249, 24.68750, 23.68750, 24.81250, 23.81250, 1.33531, 0.03707, 2.50220, 1.18300, 3.01795, 3.19363, 0.00000, 3.05260, 3.00828, 2.69883, 2.56183, 22.08586
1728401924, 161307172, 0xDDDD, 1614, 27.43590, 1.22249, 24.62500, 23.68750, 24.81250, 23.81250, 1.28132, 0.03949, 2.50139, 1.17978, 3.04777, 3.21055, 0.00000, 3.05179, 3.00908, 2.70044, 2.56183, 22.44402
1728401924, 161407178, 0xDDDD, 1615, 27.43590, 1.22249, 24.62500, 23.68750, 24.87500, 23.81250, 1.33531, 0.03707, 2.50139, 1.17736, 3.07839, 3.20249, 0.00000, 3.05260, 3.00828, 2.70044, 2.56505, 22.44402
1728401924, 161507187, 0xDDDD, 1616, 27.43590, 1.22249, 24.68750, 23.68750, 24.87500, 23.81250, 1.33531, 0.03949, 2.50220, 1.19348, 3.02762, 3.19604, 0.00000, 3.05179, 3.00828, 2.70044, 2.59084, 22.44402
1728401924, 161607166, 0xDDDD, 1617, 27.43590, 1.22249, 24.68750, 23.68750, 24.87500, 23.81250, 1.33531, 0.04110, 2.50139, 1.18945, 3.05744, 3.21136, 0.00000, 3.05260, 3.00828, 2.69963, 2.60454, 22.44402
1728401925, 161707176, 0xDDDD, 1618, 27.43590, 1.22249, 24.68750, 23.68750, 24.87500, 23.81250, 1.33531, 0.03707, 2.50139, 1.18462, 3.04696, 3.20249, 0.00000, 3.05260, 3.00828, 2.70125, 2.56022, 22.44402
1728401925, 161807185, 0xDDDD, 1619, 27.43590, 1.22249, 24.62500, 23.68750, 24.87500, 23.81250, 1.33531, 0.03546, 2.50381, 1.18059, 3.07436, 3.21055, 0.00000, 3.05179, 3.00828, 2.70044, 2.56505, 22.44402
1728401925, 161907188, 0xDDDD, 1620, 27.83883, 1.22168, 24.62500, 23.68750, 24.81250, 23.87500, 1.32886, 0.04029, 2.50220, 1.17736, 3.01956, 3.20249, 0.00000, 3.05179, 3.00828, 2.70044, 2.55941, 22.44402
1728401925, 162007171, 0xDDDD, 1621, 27.43590, 1.22249, 24.68750, 23.68750, 24.81250, 23.87500, 1.33612, 0.04110, 2.50139, 1.19751, 3.04938, 3.19524, 0.00000, 3.05179, 3.00828, 2.70044, 2.56103, 22.44402
1728401925, 162107167, 0xDDDD, 1622, 27.03297, 1.22249, 24.68750, 23.68750, 24.87500, 23.87500, 1.33531, 0.04029, 2.50220, 1.19348, 3.07758, 3.21055, 0.00000, 3.05341, 3.00828, 2.70044, 2.56908, 22.44402
1728401925, 162207184, 0xDDDD, 1623, 27.83883, 1.22249, 24.68750, 23.68750, 24.87500, 23.87500, 1.33451, 0.04352, 2.50220, 1.18784, 3.02601, 3.20410, 0.00000, 3.04777, 3.00828, 2.69963, 2.55941, 22.44402
1728401925, 162307178, 0xDDDD, 1624, 27.43590, 1.22249, 24.68750, 23.68750, 24.87500, 23.87500, 1.33531, 0.03465, 2.50139, 1.17575, 3.01231, 3.19524, 0.00000, 3.05099, 3.00747, 2.70125, 2.55941, 22.44402
1728401925, 162407178, 0xDDDD, 1625, 27.83883, 1.22249, 24.68750, 23.68750, 24.81250, 23.81250, 1.33612, 0.05641, 2.50220, 1.19751, 3.04293, 3.18718, 0.00000, 3.05179, 3.00747, 2.69963, 2.55941, 22.44402
1728401925, 162507185, 0xDDDD, 1626, 27.43590, 1.22249, 24.68750, 23.68750, 24.81250, 23.81250, 1.33531, 0.03626, 2.50220, 1.19187, 3.07275, 3.19604, 0.00000, 3.05179, 3.00828, 2.70044, 2.56183, 21.90678
1728401925, 162607182, 0xDDDD, 1627, 27.83883, 1.22249, 24.68750, 23.68750, 24.87500, 23.87500, 1.33531, 0.04271, 2.50139, 1.18703, 3.01956, 3.18718, 0.00000, 3.05099, 3.00828, 2.70125, 2.55941, 22.44402
1728401926, 162707164, 0xDDDD, 1628, 27.83883, 1.22168, 24.68750, 23.68750, 24.87500, 23.87500, 1.33612, 0.03707, 2.50139, 1.18139, 3.04777, 3.20410, 0.00000, 3.05179, 3.00828, 2.70125, 2.56344, 22.44402
1728401926, 162807209, 0xDDDD, 1629, 27.83883, 1.22249, 24.62500, 23.68750, 24.93750, 23.87500, 1.33531, 0.03626, 2.50220, 1.17575, 3.08000, 3.19766, 0.00000, 3.05018, 3.00828, 2.70044, 2.49897, 22.62310
1728401926, 162907178, 0xDDDD, 1630, 27.43590, 1.22249, 24.62500, 23.68750, 24.93750, 23.87500, 1.33451, 0.03868, 2.50139, 1.19509, 3.02601, 3.18879, 0.00000, 3.05099, 3.00828, 2.70044, 2.56183, 22.44402
1728401926, 163007167, 0xDDDD, 1631, 27.43590, 1.22249, 24.68750, 23.68750, 24.93750, 23.87500, 1.33531, 0.03626, 2.50220, 1.18945, 3.01553, 3.20410, 0.00000, 3.04454, 3.00828, 2.69963, 2.56183, 22.44402
1728401926, 163107179, 0xDDDD, 1632, 27.43590, 1.22249, 24.68750, 23.68750, 24.87500, 23.87500, 1.33531, 0.03788, 2.50220, 1.17575, 3.04132, 3.18879, 0.00000, 3.04615, 3.00828, 2.70044, 2.56183, 22.44402
1728401926, 163207183, 0xDDDD, 1633, 27.43590, 1.22249, 24.68750, 23.68750, 24.87500, 23.87500, 1.33612, 0.04271, 2.50220, 1.19590, 3.07114, 3.20410, 0.00000, 3.05260, 3.00828, 2.70044, 2.56183, 22.44402
1728401926, 163307179, 0xDDDD, 1634, 27.43590, 1.22249, 24.68750, 23.68750, 24.87500, 23.87500, 1.33531, 0.03626, 2.50220, 1.19026, 3.01634, 3.19685, 0.00000, 3.05179, 3.00747, 2.70125, 2.56022, 22.44402
1728401926, 163407173, 0xDDDD, 1635, 27.83883, 1.22168, 24.68750, 23.68750, 24.87500, 23.87500, 1.33531, 0.03949, 2.50220, 1.18300, 3.04454, 3.18879, 0.00000, 3.05099, 3.00747, 2.70044, 2.62952, 22.44402
1728401926, 163507167, 0xDDDD, 1636, 27.43590, 1.22249, 24.62500, 23.75000, 24.87500, 23.87500, 1.33531, 0.04432, 2.50139, 1.17736, 3.07516, 3.20491, 0.00000, 3.05341, 3.00828, 2.70044, 2.56908, 22.44402
1728401926, 163607181, 0xDDDD, 1637, 27.43590, 1.22249, 24.62500, 23.75000, 24.87500, 23.87500, 1.33531, 0.04110, 2.50220, 1.19751, 3.05985, 3.19604, 0.00000, 3.05179, 3.00828, 2.69963, 2.56264, 22.44402
1728401927, 163707182, 0xDDDD, 1638, 27.83883, 1.22249, 24.68750, 23.75000, 24.87500, 23.87500, 1.33531, 0.03788, 2.50139, 1.19106, 3.00344, 3.20410, 0.00000, 3.04938, 3.00828, 2.70044, 2.56103, 22.44402
1728401927, 163807173, 0xDDDD, 1639, 27.43590, 1.22088, 24.68750, 23.75000, 24.87500, 23.81250, 1.33531, 0.04271, 2.50139, 1.18542, 3.02923, 3.19685, 0.00000, 3.05099, 3.00747, 2.70044, 2.56022, 22.44402
1728401927, 163907188, 0xDDDD, 1640, 27.83883, 1.22249, 24.68750, 23.68750, 24.87500, 23.81250, 1.33531, 0.04593, 2.50139, 1.19751, 3.05502, 3.18799, 0.00000, 3.05179, 3.00828, 2.70125, 2.56022, 22.62310
1728401927, 164007178, 0xDDDD, 1641, 27.83883, 1.22249, 24.62500, 23.68750, 24.87500, 23.87500, 1.33531, 0.03707, 2.50139, 1.19187, 3.08645, 3.20330, 0.00000, 3.04938, 3.00828, 2.70044, 2.52960, 22.44402
1728401927, 164107174, 0xDDDD, 1642, 27.43590, 1.22249, 24.62500, 23.68750, 24.87500, 23.87500, 1.33451, 0.03949, 2.50220, 1.18623, 3.02842, 3.19524, 0.00000, 3.05099, 3.00828, 2.70044, 2.50059, 22.44402
1728401927, 164207170, 0xDDDD, 1643, 27.83883, 1.22249, 24.68750, 23.75000, 24.87500, 23.87500, 1.33531, 0.03707, 2.50139, 1.17897, 3.01473, 3.20974, 0.00000, 3.05099, 3.00828, 2.70044, 2.56183, 22.44402
1728401927, 164307167, 0xDDDD, 1644, 27.83883, 1.22249, 24.68750, 23.75000, 24.81250, 23.81250, 1.33531, 0.03465, 2.50139, 1.19832, 3.04051, 3.20088, 0.00000, 3.05099, 3.00828, 2.69963, 2.56344, 22.44402
1728401927, 164407196, 0xDDDD, 1645, 27.43590, 1.22249, 24.68750, 23.68750, 24.81250, 23.81250, 1.33370, 0.05883, 2.50220, 1.19026, 3.06388, 3.21055, 0.00000, 3.05099, 3.00747, 2.70125, 2.56183, 22.44402
1728401927, 164507173, 0xDDDD, 1646, 27.43590, 1.22249, 24.68750, 23.68750, 24.87500, 23.87500, 1.33612, 0.03707, 2.50139, 1.18300, 3.00989, 3.20007, 0.00000, 3.05018, 3.00828, 2.70044, 2.56183, 22.44402
1728401927, 164607166, 0xDDDD, 1647, 27.43590, 1.22249, 24.68750, 23.68750, 24.87500, 23.87500, 1.33531, 0.04110, 2.50220, 1.19429, 3.03407, 3.19121, 0.00000, 3.05179, 3.00828, 2.70044, 2.55538, 22.44402
1728401928, 164707188, 0xDDDD, 1648, 27.03297, 1.22249, 24.68750, 23.68750, 24.87500, 23.87500, 1.33531, 0.03707, 2.50220, 1.18703, 3.05905, 3.20733, 0.00000, 3.05099, 3.00828, 2.70044, 2.52476, 22.44402
1728401928, 164807185, 0xDDDD, 1649, 27.03297, 1.22249, 24.68750, 23.68750, 24.87500, 23.87500, 1.33531, 0.03385, 2.50220, 1.18059, 3.08806, 3.19766, 0.00000, 3.05018, 3.00828, 2.69963, 2.56022, 22.26494
1728401928, 164907174, 0xDDDD, 1650, 27.43590, 1.22249, 24.68750, 23.75000, 24.87500, 23.87500, 1.33531, 0.03223, 2.50220, 1.17414, 3.06791, 3.18960, 0.00000, 3.05260, 3.00828, 2.69963, 2.56264, 22.44402
1728401928, 165007175, 0xDDDD, 1651, 27.83883, 1.22249, 24.68750, 23.75000, 24.87500, 23.87500, 1.33531, 0.04029, 2.50220, 1.19429, 3.00989, 3.19524, 0.00000, 3.05018, 3.00747, 2.70044, 2.56264, 22.44402
1728401928, 165107173, 0xDDDD, 1652, 27.83883, 1.22249, 24.68750, 23.75000, 24.87500, 23.87500, 1.32161, 0.04593, 2.50220, 1.18864, 3.03487, 3.20974, 0.00000, 3.05341, 3.00828, 2.70044, 2.56022, 22.44402
1728401928, 165207187, 0xDDDD, 1653, 27.43590, 1.22249, 24.68750, 23.75000, 24.87500, 23.81250, 1.33531, 0.03868, 2.50220, 1.18220, 3.06147, 3.20007, 0.00000, 3.05179, 3.00828, 2.69963, 2.56183, 22.44402
1728401928, 165307181, 0xDDDD, 1654, 27.43590, 1.22168, 24.68750, 23.75000, 24.87500, 23.81250, 1.33531, 0.04110, 2.50220, 1.17656, 3.05502, 3.18960, 0.00000, 3.05260, 3.00828, 2.69963, 2.56908, 22.44402
1728401928, 165407170, 0xDDDD, 1655, 27.43590, 1.22249, 24.68750, 23.68750, 24.87500, 23.81250, 1.33531, 0.03868, 2.50220, 1.18784, 3.02601, 3.20652, 0.00000, 3.05099, 3.00828, 2.70044, 2.52799, 22.44402
1728401928, 165507173, 0xDDDD, 1656, 27.43590, 1.22168, 24.68750, 23.68750, 24.87500, 23.87500, 1.33531, 0.04190, 2.50139, 1.18220, 3.01150, 3.19685, 0.00000, 3.05099, 3.00828, 2.69963, 2.56103, 22.44402
1728401928, 165607178, 0xDDDD, 1657, 27.83883, 1.22249, 24.68750, 23.68750, 24.87500, 23.87500, 1.33451, 0.03788, 2.50139, 1.17495, 3.03568, 3.20491, 0.00000, 3.05179, 3.00828, 2.70044, 2.56183, 22.44402
1728401929, 165707181, 0xDDDD, 1658, 27.83883, 1.22168, 24.68750, 23.68750, 24.87500, 23.87500, 1.33531, 0.03707, 2.50220, 1.19429, 3.05905, 3.19524, 0.00000, 3.04938, 3.00828, 2.69963, 2.56264, 22.44402
1728401929, 165807179, 0xDDDD, 1659, 27.83883, 1.22249, 24.68750, 23.68750, 24.87500, 23.87500, 1.33531, 0.03868, 2.50139, 1.18784, 3.09934, 3.21055, 0.00000, 3.04857, 3.00747, 2.70044, 2.56183, 22.44402
1728401929, 165907164, 0xDDDD, 1660, 27.43590, 1.22249, 24.68750, 23.75000, 24.87500, 23.87500, 1.33451, 0.04352, 2.50139, 1.18059, 3.02681, 3.20088, 0.00000, 3.05018, 3.00828, 2.70044, 2.50542, 22.44402
1728401929, 166007187, 0xDDDD, 1661, 27.43590, 1.22249, 24.68750, 23.75000, 24.93750, 23.87500, 1.33451, 0.04190, 2.50139, 1.20073, 3.05260, 3.19282, 0.00000, 3.05260, 3.00747, 2.69963, 2.61018, 22.44402
1728401929, 166107180, 0xDDDD, 1662, 27.43590, 1.22249, 24.68750, 23.68750, 24.93750, 23.87500, 1.33531, 0.03626, 2.50220, 1.19187, 3.03568, 3.20571, 0.00000, 3.04938, 3.00828, 2.69883, 2.56183, 22.62310
1728401929, 166207184, 0xDDDD, 1663, 27.43590, 1.22249, 24.68750, 23.68750, 24.93750, 23.87500, 1.33531, 0.04029, 2.50139, 1.17575, 3.06066, 3.18879, 0.00000, 3.05179, 3.00828, 2.70044, 2.56344, 22.62310
1728401929, 166307185, 0xDDDD, 1664, 27.43590, 1.22249, 24.68750, 23.68750, 24.93750, 23.87500, 1.33531, 0.02176, 2.50220, 1.19509, 3.08403, 3.20249, 0.00000, 3.05099, 3.00828, 2.69963, 2.55941, 22.62310
1728401929, 166407201, 0xDDDD, 1665, 27.43590, 1.22249, 24.68750, 23.68750, 24.93750, 23.87500, 1.33531, 0.04110, 2.50220, 1.18703, 3.02359, 3.19282, 0.00000, 3.05179, 3.00747, 2.70125, 2.56103, 22.44402
1728401929, 166507174, 0xDDDD, 1666, 27.43590, 1.22249, 24.68750, 23.68750, 24.87500, 23.87500, 1.33451, 0.04513, 2.50139, 1.18139, 3.04938, 3.20894, 0.00000, 3.05099, 3.00828, 2.69883, 2.55619, 22.62310
1728401929, 166607185, 0xDDDD, 1667, 27.83883, 1.22249, 24.68750, 23.68750, 24.87500, 23.87500, 1.33531, 0.03949, 2.50059, 1.17495, 3.07275, 3.19846, 0.00000, 3.05018, 3.00828, 2.70044, 2.56183, 22.44402
1728401930, 166707182, 0xDDDD, 1668, 27.83883, 1.22249, 24.68750, 23.68750, 24.87500, 23.87500, 1.33531, 0.03385, 2.50139, 1.19348, 3.01231, 3.18879, 0.00000, 3.05179, 3.00828, 2.69963, 2.56022, 22.44402
1728401930, 166807170, 0xDDDD, 1669, 27.83883, 1.22249, 24.68750, 23.68750, 24.87500, 23.87500, 1.33451, 0.03868, 2.50220, 1.18381, 3.07839, 3.20410, 0.00000, 3.05018, 3.00908, 2.69963, 2.56183, 22.44402
1728401930, 166907184, 0xDDDD, 1670, 27.43590, 1.22249, 24.68750, 23.68750, 24.87500, 23.87500, 1.34901, 0.04029, 2.50220, 1.17575, 3.01956, 3.21136, 0.00000, 3.05179, 3.00828, 2.70044, 2.56425, 22.98128
1728401930, 167007185, 0xDDDD, 1671, 27.43590, 1.22168, 24.68750, 23.68750, 24.87500, 23.87500, 1.33531, 0.03868, 2.50220, 1.18623, 3.04212, 3.20249, 0.00000, 3.04857, 3.00828, 2.69963, 2.56103, 22.44402
1728401930, 167107172, 0xDDDD, 1672, 27.43590, 1.22249, 24.62500, 23.75000, 24.87500, 23.87500, 1.33531, 0.04432, 2.50220, 1.17736, 3.06469, 3.19282, 0.00000, 3.05099, 3.00828, 2.69963, 2.56183, 22.44402
1728401930, 167207175, 0xDDDD, 1673, 27.43590, 1.22249, 24.62500, 23.75000, 24.93750, 23.87500, 1.33612, 0.03707, 2.50220, 1.19590, 3.00586, 3.20813, 0.00000, 3.05260, 3.00828, 2.70044, 2.58359, 22.44402
1728401930, 167307179, 0xDDDD, 1674, 27.43590, 1.22249, 24.62500, 23.68750, 24.93750, 23.87500, 1.33451, 0.04593, 2.50220, 1.18864, 3.02923, 3.19927, 0.00000, 3.05099, 3.00828, 2.70044, 2.58440, 22.44402
1728401930, 167407179, 0xDDDD, 1675, 27.43590, 1.22249, 24.68750, 23.68750, 24.87500, 23.87500, 1.33612, 0.03546, 2.50139, 1.18059, 3.00989, 3.19040, 0.00000, 3.05179, 3.00828, 2.70044, 2.55941, 22.44402
1728401930, 167507179, 0xDDDD, 1676, 27.43590, 1.22330, 24.68750, 23.68750, 24.87500, 23.87500, 1.33451, 0.03949, 2.50139, 1.19751, 3.03165, 3.19846, 0.00000, 3.05018, 3.00828, 2.70044, 2.56183, 22.44402
1728401930, 167607175, 0xDDDD, 1677, 27.43590, 1.22168, 24.68750, 23.68750, 24.87500, 23.87500, 1.33451, 0.04110, 2.50139, 1.18945, 3.05341, 3.18879, 0.00000, 3.04938, 3.00747, 2.70125, 2.56022, 22.44402
1728401931, 167707175, 0xDDDD, 1678, 27.03297, 1.22249, 24.68750, 23.68750, 24.87500, 23.87500, 1.36835, 0.03626, 2.50139, 1.18059, 3.07436, 3.20410, 0.00000, 3.05179, 3.00828, 2.69883, 2.56022, 22.44402
1728401931, 167807174, 0xDDDD, 1679, 27.43590, 1.22249, 24.68750, 23.68750, 24.87500, 23.87500, 1.33531, 0.03788, 2.50059, 1.19026, 3.00989, 3.19443, 0.00000, 3.05179, 3.00828, 2.70125, 2.51509, 22.44402
1728401931, 167907172, 0xDDDD, 1680, 27.43590, 1.22249, 24.68750, 23.68750, 24.87500, 23.81250, 1.33451, 0.03626, 2.50220, 1.18220, 3.03004, 3.20974, 0.00000, 3.05260, 3.00828, 2.70044, 2.62066, 22.44402
1728401931, 168007173, 0xDDDD, 1681, 27.43590, 1.22249, 24.68750, 23.68750, 24.87500, 23.81250, 1.33612, 0.03385, 2.50220, 1.17495, 3.01150, 3.20088, 0.00000, 3.05018, 3.00828, 2.70125, 2.55861, 22.44402
1728401931, 168107185, 0xDDDD, 1682, 27.83883, 1.22249, 24.68750, 23.68750, 24.81250, 23.81250, 1.33531, 0.03385, 2.50139, 1.19267, 3.03245, 3.20733, 0.00000, 3.05018, 3.00828, 2.69963, 2.55941, 22.44402
1728401931, 168207186, 0xDDDD, 1683, 27.43590, 1.22249, 24.68750, 23.68750, 24.81250, 23.81250, 1.33531, 0.04029, 2.50139, 1.18462, 3.05260, 3.20007, 0.00000, 3.05179, 3.00828, 2.70044, 2.56183, 22.44402
1728401931, 168307176, 0xDDDD, 1684, 27.43590, 1.22249, 24.68750, 23.75000, 24.81250, 23.81250, 1.33692, 0.03626, 2.50220, 1.17575, 3.07436, 3.18799, 0.00000, 3.05179, 3.00828, 2.70044, 2.56264, 22.08586
1728401931, 168407174, 0xDDDD, 1685, 27.83883, 1.22249, 24.68750, 23.75000, 24.87500, 23.87500, 1.33531, 0.04029, 2.50220, 1.19429, 3.01231, 3.20410, 0.00000, 3.05179, 3.00828, 2.70044, 2.56103, 22.44402
1728401931, 168507188, 0xDDDD, 1686, 27.43590, 1.22249, 24.68750, 23.68750, 24.87500, 23.87500, 1.33531, 0.03868, 2.50220, 1.18462, 3.03004, 3.19363, 0.00000, 3.05018, 3.00828, 2.70044, 2.58359, 22.44402
1728401931, 168607170, 0xDDDD, 1687, 27.43590, 1.22249, 24.62500, 23.68750, 24.93750, 23.87500, 1.33531, 0.04432, 2.50139, 1.19429, 3.04857, 3.20894, 0.00000, 3.04938, 3.00828, 2.70044, 2.56344, 22.44402
1728401932, 168707181, 0xDDDD, 1688, 27.43590, 1.22249, 24.62500, 23.68750, 24.93750, 23.87500, 1.33612, 0.03626, 2.50220, 1.18542, 3.02842, 3.19927, 0.00000, 3.04938, 3.00828, 2.70044, 2.56103, 22.44402
1728401932, 168807168, 0xDDDD, 1689, 27.43590, 1.22249, 24.75000, 23.75000, 24.93750, 23.87500, 1.33451, 0.03788, 2.50220, 1.17656, 3.04938, 3.20652, 0.00000, 3.05099, 3.00828, 2.70044, 2.55780, 21.90678
1728401932, 168907187, 0xDDDD, 1690, 27.83883, 1.22249, 24.75000, 23.75000, 24.93750, 23.87500, 1.33531, 0.04190, 2.50220, 1.19267, 3.07114, 3.19604, 0.00000, 3.05099, 3.00828, 2.69963, 2.56022, 22.44402
1728401932, 169007163, 0xDDDD, 1691, 27.43590, 1.22249, 24.75000, 23.75000, 24.93750, 23.87500, 1.33612, 0.03626, 2.50220, 1.18300, 3.00828, 3.21055, 0.00000, 3.05018, 3.00828, 2.70044, 2.56425, 22.44402
1728401932, 169107194, 0xDDDD, 1692, 27.83883, 1.22249, 24.68750, 23.75000, 24.87500, 23.81250, 1.33531, 0.03626, 2.50220, 1.17414, 3.02681, 3.20088, 0.00000, 3.05099, 3.00828, 2.69963, 2.54894, 22.44402
1728401932, 169207174, 0xDDDD, 1693, 27.03297, 1.22249, 24.68750, 23.75000, 24.87500, 23.81250, 1.33531, 0.03788, 2.50220, 1.19026, 3.04535, 3.19201, 0.00000, 3.05179, 3.00828, 2.69963, 2.56183, 22.44402
1728401932, 169307166, 0xDDDD, 1694, 27.83883, 1.22249, 24.68750, 23.75000, 24.93750, 23.81250, 1.33531, 0.04593, 2.50139, 1.19590, 3.02278, 3.20571, 0.00000, 3.05018, 3.00828, 2.70044, 2.56103, 22.44402
1728401932, 169407181, 0xDDDD, 1695, 27.83883, 1.22249, 24.68750, 23.75000, 24.93750, 23.87500, 1.33531, 0.04835, 2.50139, 1.18945, 3.04212, 3.18960, 0.00000, 3.05018, 3.00828, 2.69883, 2.56103, 22.44402
1728401932, 169507183, 0xDDDD, 1696, 27.83883, 1.22168, 24.68750, 23.75000, 24.93750, 23.87500, 1.33531, 0.03788, 2.50139, 1.17897, 3.05905, 3.20571, 0.00000, 3.05099, 3.00828, 2.70044, 2.56022, 22.44402
1728401932, 169607184, 0xDDDD, 1697, 27.43590, 1.22249, 24.68750, 23.75000, 24.87500, 23.87500, 1.33531, 0.04271, 2.50220, 1.19348, 3.07758, 3.19604, 0.00000, 3.05018, 3.00828, 2.69963, 2.56183, 22.44402
1728401933, 169707175, 0xDDDD, 1698, 27.43590, 1.22249, 24.68750, 23.68750, 24.87500, 23.87500, 1.33451, 0.04352, 2.50220, 1.18300, 3.01392, 3.21216, 0.00000, 3.05018, 3.00828, 2.69963, 2.47560, 22.44402
1728401933, 169807170, 0xDDDD, 1699, 27.83883, 1.22249, 24.68750, 23.68750, 24.93750, 23.87500, 1.33531, 0.04835, 2.50220, 1.19832, 3.03004, 3.20088, 0.00000, 3.04938, 3.00828, 2.70044, 2.56183, 22.44402
1728401933, 169907182, 0xDDDD, 1700, 27.43590, 1.22168, 24.68750, 23.68750, 24.93750, 23.87500, 1.33531, 0.03626, 2.50139, 1.18784, 3.00667, 3.19201, 0.00000, 3.05018, 3.00828, 2.70044, 2.55780, 22.44402
1728401933, 170007183, 0xDDDD, 1701, 27.83883, 1.22249, 24.68750, 23.75000, 24.93750, 23.87500, 1.33612, 0.03626, 2.50220, 1.17656, 3.02440, 3.19927, 0.00000, 3.05179, 3.00828, 2.70044, 2.56183, 22.44402
1728401933, 170107171, 0xDDDD, 1702, 27.43590, 1.22249, 24.68750, 23.75000, 24.93750, 23.87500, 1.33370, 0.04190, 2.50139, 1.19187, 3.04374, 3.18879, 0.00000, 3.05099, 3.00828, 2.69963, 2.55780, 22.44402
1728401933, 170207178, 0xDDDD, 1703, 27.43590, 1.22249, 24.68750, 23.68750, 24.93750, 23.87500, 1.33531, 0.04432, 2.50220, 1.17414, 3.06066, 3.20330, 0.00000, 3.05099, 3.00828, 2.70044, 2.56022, 22.44402
1728401933, 170307185, 0xDDDD, 1704, 27.83883, 1.22168, 24.68750, 23.68750, 24.93750, 23.87500, 1.33531, 0.03626, 2.50139, 1.18945, 3.07597, 3.19363, 0.00000, 3.05260, 3.00828, 2.70044, 2.52718, 22.44402
1728401933, 170407175, 0xDDDD, 1705, 27.43590, 1.22249, 24.68750, 23.68750, 24.93750, 23.87500, 1.33531, 0.04271, 2.50139, 1.17817, 3.00908, 3.20894, 0.00000, 3.04615, 3.00828, 2.69963, 2.55377, 22.44402
1728401933, 170507171, 0xDDDD, 1706, 27.43590, 1.22168, 24.75000, 23.75000, 24.87500, 23.87500, 1.33531, 0.04352, 2.50139, 1.19348, 3.06952, 3.20007, 0.00000, 3.04938, 3.00828, 2.70044, 2.56022, 22.44402
1728401933, 170607171, 0xDDDD, 1707, 27.43590, 1.22249, 24.75000, 23.75000, 24.87500, 23.87500, 1.33531, 0.04110, 2.50139, 1.18381, 3.00828, 3.20007, 0.00000, 3.05018, 3.00828, 2.69963, 2.56183, 22.44402
1728401934, 170707184, 0xDDDD, 1708, 27.43590, 1.22249, 24.75000, 23.75000, 24.87500, 23.87500, 1.33531, 0.04271, 2.50220, 1.18623, 3.01553, 3.19685, 0.00000, 3.05260, 3.00828, 2.70125, 2.56022, 22.44402
1728401934, 170807177, 0xDDDD, 1709, 27.83883, 1.22249, 24.68750, 23.75000, 24.93750, 23.87500, 1.33531, 0.03707, 2.50139, 1.18945, 3.03004, 3.20974, 0.00000, 3.04857, 3.00828, 2.69963, 2.56264, 22.44402
1728401934, 170907169, 0xDDDD, 1710, 27.43590, 1.22249, 24.68750, 23.75000, 24.93750, 23.87500, 1.33451, 0.04190, 2.50139, 1.19590, 3.04696, 3.20088, 0.00000, 3.05099, 3.00747, 2.70044, 2.56989, 22.44402
1728401934, 171007189, 0xDDDD, 1711, 27.43590, 1.22168, 24.75000, 23.68750, 24.87500, 23.87500, 1.33612, 0.04432, 2.50220, 1.18462, 3.06469, 3.19040, 0.00000, 3.05260, 3.00828, 2.70044, 2.63516, 22.44402
1728401934, 171107176, 0xDDDD, 1712, 27.83883, 1.22007, 24.75000, 23.68750, 24.87500, 23.87500, 1.33451, 0.04432, 2.50300, 1.17495, 3.06388, 3.20491, 0.00000, 3.04777, 3.00908, 2.70044, 2.56425, 21.90678
1728401934, 171207174, 0xDDDD, 1713, 27.43590, 1.22249, 24.68750, 23.75000, 24.87500, 23.87500, 1.33531, 0.04352, 2.50220, 1.19106, 3.03004, 3.19443, 0.00000, 3.05018, 3.00828, 2.69963, 2.56022, 22.44402
1728401934, 171307181, 0xDDDD, 1714, 27.43590, 1.22168, 24.68750, 23.75000, 24.87500, 23.93750, 1.33531, 0.03707, 2.50139, 1.17978, 3.04212, 3.20168, 0.00000, 3.05018, 3.00828, 2.69883, 2.56022, 22.44402
1728401934, 171407177, 0xDDDD, 1715, 27.43590, 1.22249, 24.68750, 23.68750, 24.87500, 23.93750, 1.33451, 0.04190, 2.50139, 1.19509, 3.05824, 3.19201, 0.00000, 3.05179, 3.00828, 2.70044, 2.55941, 22.44402
1728401934, 171507200, 0xDDDD, 1716, 27.43590, 1.22249, 24.68750, 23.68750, 25.00000, 23.87500, 1.33612, 0.03949, 2.50220, 1.18381, 3.07678, 3.20571, 0.00000, 3.05179, 3.00747, 2.70044, 2.56183, 22.44402
1728401934, 171607182, 0xDDDD, 1717, 27.83883, 1.22249, 24.68750, 23.68750, 25.00000, 23.87500, 1.33531, 0.03546, 2.50139, 1.19832, 3.01231, 3.19524, 0.00000, 3.05018, 3.00828, 2.70044, 2.56908, 22.44402
1728401935, 171707177, 0xDDDD, 1718, 27.43590, 1.22249, 24.68750, 23.68750, 24.93750, 23.87500, 1.33612, 0.03626, 2.50220, 1.17897, 3.02923, 3.20894, 0.00000, 3.05018, 3.00828, 2.69963, 2.49414, 22.44402
1728401935, 171807166, 0xDDDD, 1719, 27.43590, 1.22249, 24.68750, 23.68750, 24.93750, 23.87500, 1.33531, 0.03465, 2.50220, 1.19509, 3.08403, 3.19927, 0.00000, 3.05341, 3.00828, 2.70044, 2.56022, 22.44402
1728401935, 171907176, 0xDDDD, 1720, 27.43590, 1.22249, 24.68750, 23.75000, 24.93750, 23.87500, 1.33531, 0.03465, 2.50220, 1.18300, 3.01714, 3.20491, 0.00000, 3.05099, 3.00828, 2.70125, 2.56264, 22.44402
1728401935, 172007188, 0xDDDD, 1721, 27.83883, 1.22249, 24.68750, 23.75000, 24.87500, 23.87500, 1.33531, 0.03788, 2.50139, 1.19751, 3.02842, 3.19443, 0.00000, 3.05179, 3.00828, 2.70044, 2.56264, 22.44402
1728401935, 172107181, 0xDDDD, 1722, 27.43590, 1.22249, 24.68750, 23.75000, 24.87500, 23.87500, 1.33531, 0.03707, 2.50220, 1.18703, 3.03971, 3.20733, 0.00000, 3.05099, 3.00828, 2.70044, 2.56264, 22.44402
1728401935, 172207166, 0xDDDD, 1723, 27.43590, 1.22249, 24.75000, 23.75000, 24.87500, 23.87500, 1.33531, 0.03707, 2.50220, 1.17575, 3.05179, 3.19604, 0.00000, 3.04696, 3.00828, 2.70044, 2.55780, 22.44402
1728401935, 172307198, 0xDDDD, 1724, 27.43590, 1.22249, 24.75000, 23.75000, 24.87500, 23.87500, 1.33531, 0.04110, 2.50139, 1.19187, 3.06549, 3.20974, 0.00000, 3.05099, 3.00828, 2.70044, 2.56183, 22.44402
1728401935, 172407182, 0xDDDD, 1725, 27.43590, 1.22249, 24.68750, 23.68750, 24.87500, 23.87500, 1.33531, 0.04190, 2.50220, 1.17978, 3.03971, 3.20007, 0.00000, 3.04938, 3.00828, 2.69883, 2.56425, 22.44402
1728401935, 172507188, 0xDDDD, 1726, 27.43590, 1.22249, 24.68750, 23.68750, 24.93750, 23.87500, 1.33531, 0.04271, 2.50220, 1.18703, 3.05421, 3.20491, 0.00000, 3.05179, 3.00908, 2.70044, 2.55941, 22.44402
1728401935, 172607174, 0xDDDD, 1727, 27.43590, 1.22249, 24.68750, 23.68750, 24.93750, 23.87500, 1.33209, 0.03788, 2.50220, 1.17575, 3.06791, 3.19443, 0.00000, 3.05099, 3.00828, 2.70044, 2.56344, 22.44402
1728401936, 172707178, 0xDDDD, 1728, 27.83883, 1.22249, 24.68750, 23.68750, 24.93750, 23.87500, 1.33612, 0.03465, 2.50220, 1.19187, 3.08484, 3.20894, 0.00000, 3.05179, 3.00828, 2.70125, 2.56425, 22.44402
1728401936, 172807174, 0xDDDD, 1729, 27.43590, 1.22168, 24.68750, 23.68750, 24.93750, 23.87500, 1.33531, 0.03546, 2.50139, 1.18139, 3.01311, 3.19846, 0.00000, 3.05260, 3.00828, 2.70125, 2.61824, 22.44402
1728401936, 172907189, 0xDDDD, 1730, 27.83883, 1.22249, 24.68750, 23.68750, 24.87500, 23.87500, 1.33531, 0.04029, 2.50139, 1.19670, 3.02601, 3.21136, 0.00000, 3.05179, 3.00828, 2.70125, 2.55861, 22.44402
1728401936, 173007176, 0xDDDD, 1731, 27.43590, 1.22249, 24.68750, 23.68750, 24.87500, 23.87500, 1.33531, 0.03626, 2.50139, 1.18542, 3.03890, 3.20088, 0.00000, 3.05260, 3.00828, 2.70044, 2.55941, 22.44402
1728401936, 173107171, 0xDDDD, 1732, 27.43590, 1.22249, 24.68750, 23.75000, 24.87500, 23.87500, 1.33531, 0.03626, 2.50220, 1.17414, 3.01070, 3.18879, 0.00000, 3.05260, 3.00747, 2.69963, 2.56264, 22.44402
1728401936, 173207184, 0xDDDD, 1733, 27.83883, 1.22249, 24.75000, 23.75000, 24.93750, 23.87500, 1.33612, 0.03707, 2.50139, 1.19026, 3.02601, 3.19443, 0.00000, 3.05260, 3.00828, 2.70044, 2.56183, 22.98128
1728401936, 173307178, 0xDDDD, 1734, 27.43590, 1.22249, 24.75000, 23.75000, 24.93750, 23.87500, 1.33370, 0.04432, 2.50220, 1.19670, 3.04212, 3.20813, 0.00000, 3.05179, 3.00747, 2.70044, 2.55780, 22.44402
1728401936, 173407177, 0xDDDD, 1735, 27.43590, 1.22249, 24.68750, 23.68750, 24.93750, 23.87500, 1.33531, 0.03949, 2.50220, 1.18462, 3.05663, 3.19685, 0.00000, 3.05260, 3.00828, 2.70044, 2.56264, 22.44402
1728401936, 173507182, 0xDDDD, 1736, 27.03297, 1.22168, 24.68750, 23.68750, 24.93750, 23.87500, 1.33692, 0.03788, 2.50220, 1.19751, 3.06952, 3.21055, 0.00000, 3.05179, 3.00828, 2.70044, 2.57473, 22.44402
1728401936, 173607163, 0xDDDD, 1737, 27.43590, 1.22249, 24.68750, 23.75000, 24.93750, 23.87500, 1.33531, 0.03707, 2.50139, 1.18542, 3.08322, 3.19927, 0.00000, 3.05179, 3.00747, 2.69963, 2.54813, 22.62310
1728401937, 173707179, 0xDDDD, 1738, 28.24175, 1.22249, 24.75000, 23.75000, 24.87500, 23.87500, 1.33451, 0.04110, 2.50220, 1.19751, 3.05018, 3.18879, 0.00000, 3.05099, 3.00828, 2.70125, 2.56344, 22.44402
1728401937, 173807188, 0xDDDD, 1739, 27.83883, 1.22168, 24.75000, 23.75000, 24.87500, 23.87500, 1.33531, 0.03949, 2.50139, 1.18462, 3.06308, 3.19604, 0.00000, 3.05099, 3.00989, 2.70125, 2.56183, 22.44402
1728401937, 173907182, 0xDDDD, 1740, 27.43590, 1.22168, 24.75000, 23.75000, 24.93750, 23.87500, 1.33451, 0.04029, 2.50220, 1.19912, 3.07919, 3.20813, 0.00000, 3.05179, 3.00828, 2.70125, 2.55861, 22.62310
1728401937, 174007166, 0xDDDD, 1741, 27.83883, 1.22168, 24.75000, 23.75000, 24.93750, 23.87500, 1.33612, 0.03788, 2.50139, 1.18462, 3.01150, 3.19685, 0.00000, 3.05179, 3.00828, 2.69963, 2.56103, 22.44402
1728401937, 174107167, 0xDDDD, 1742, 27.83883, 1.22249, 24.75000, 23.68750, 24.93750, 23.87500, 1.33531, 0.03546, 2.50220, 1.19026, 3.02198, 3.20974, 0.00000, 3.05179, 3.00828, 2.70044, 2.52879, 22.44402
1728401937, 174207177, 0xDDDD, 1743, 27.03297, 1.22249, 24.75000, 23.68750, 24.93750, 23.87500, 1.33531, 0.03465, 2.50220, 1.17817, 3.03487, 3.19766, 0.00000, 3.05018, 3.00747, 2.70125, 2.52557, 22.44402
1728401937, 174307168, 0xDDDD, 1744, 27.43590, 1.22249, 24.75000, 23.75000, 24.93750, 23.87500, 1.33531, 0.03949, 2.50220, 1.19187, 3.00828, 3.21136, 0.00000, 3.05018, 3.00747, 2.70125, 2.56103, 22.44402
1728401937, 174407175, 0xDDDD, 1745, 27.43590, 1.22249, 24.68750, 23.75000, 24.93750, 23.87500, 1.33451, 0.03626, 2.50220, 1.17817, 3.01875, 3.19282, 0.00000, 3.05179, 3.00828, 2.70044, 2.56344, 22.44402
1728401937, 174507187, 0xDDDD, 1746, 27.43590, 1.22249, 24.68750, 23.75000, 24.93750, 23.87500, 1.33612, 0.03546, 2.50220, 1.19106, 3.03245, 3.20491, 0.00000, 3.05099, 3.00828, 2.70205, 2.56344, 22.44402
1728401937, 174607184, 0xDDDD, 1747, 27.83883, 1.22249, 24.75000, 23.68750, 24.93750, 23.87500, 1.33451, 0.04190, 2.50220, 1.17656, 3.04454, 3.19443, 0.00000, 3.05179, 3.00828, 2.70044, 2.55941, 22.44402
1728401938, 174707174, 0xDDDD, 1748, 27.43590, 1.22249, 24.75000, 23.68750, 24.93750, 23.87500, 1.33531, 0.03626, 2.50220, 1.19026, 3.05582, 3.20652, 0.00000, 3.05260, 3.00828, 2.70044, 2.49817, 22.44402
1728401938, 174807189, 0xDDDD, 1749, 27.83883, 1.22168, 24.75000, 23.68750, 24.93750, 23.87500, 1.33531, 0.04110, 2.50139, 1.17575, 3.06791, 3.19524, 0.00000, 3.04535, 3.00828, 2.70125, 2.53766, 22.62310
1728401938, 174907171, 0xDDDD, 1750, 27.43590, 1.22168, 24.68750, 23.68750, 24.87500, 23.87500, 1.33612, 0.04352, 2.50139, 1.18139, 3.08161, 3.20813, 0.00000, 3.05260, 3.00828, 2.70044, 2.56425, 22.44402
1728401938, 175007183, 0xDDDD, 1751, 27.43590, 1.22249, 24.68750, 23.68750, 24.87500, 23.87500, 1.33531, 0.04190, 2.50220, 1.19509, 3.05018, 3.19685, 0.00000, 3.05018, 3.00828, 2.69963, 2.56183, 22.44402
1728401938, 175107171, 0xDDDD, 1752, 27.43590, 1.22249, 24.68750, 23.75000, 24.87500, 23.87500, 1.33531, 0.03465, 2.50139, 1.18220, 3.06147, 3.20168, 0.00000, 3.05179, 3.00828, 2.70125, 2.56183, 22.80220
1728401938, 175207172, 0xDDDD, 1753, 27.43590, 1.22249, 24.68750, 23.75000, 24.87500, 23.87500, 1.33531, 0.04271, 2.50220, 1.19590, 3.07436, 3.18879, 0.00000, 3.04615, 3.00828, 2.69963, 2.56022, 22.44402
1728401938, 175307168, 0xDDDD, 1754, 27.43590, 1.22249, 24.68750, 23.75000, 24.93750, 23.87500, 1.33612, 0.03626, 2.50139, 1.18300, 3.09934, 3.20249, 0.00000, 3.05341, 3.00828, 2.70125, 2.56183, 22.44402
1728401938, 175407194, 0xDDDD, 1755, 27.43590, 1.22249, 24.68750, 23.75000, 24.93750, 23.87500, 1.33451, 0.03707, 2.50220, 1.19509, 3.00989, 3.19040, 0.00000, 3.04938, 3.00828, 2.70044, 2.55941, 22.44402
1728401938, 175507174, 0xDDDD, 1756, 27.43590, 1.22249, 24.68750, 23.75000, 24.93750, 23.87500, 1.33451, 0.04271, 2.50139, 1.18059, 3.02117, 3.20410, 0.00000, 3.05018, 3.00828, 2.69963, 2.56344, 22.44402
1728401938, 175607171, 0xDDDD, 1757, 27.83883, 1.22168, 24.75000, 23.75000, 24.93750, 23.87500, 1.33451, 0.03707, 2.50220, 1.19348, 3.07919, 3.19201, 0.00000, 3.05260, 3.00828, 2.70044, 2.56425, 22.44402
1728401939, 175707180, 0xDDDD, 1758, 27.43590, 1.22249, 24.75000, 23.75000, 24.93750, 23.87500, 1.33612, 0.03949, 2.50220, 1.19832, 3.00505, 3.19685, 0.00081, 3.05099, 3.00908, 2.70044, 2.55780, 22.44402
1728401939, 175807185, 0xDDDD, 1759, 27.83883, 1.22249, 24.75000, 23.75000, 24.93750, 23.87500, 1.33531, 0.03707, 2.50220, 1.18381, 3.01473, 3.20894, 0.00000, 3.05018, 3.00828, 2.70044, 2.56264, 22.44402
1728401939, 175907175, 0xDDDD, 1760, 27.43590, 1.22249, 24.75000, 23.75000, 24.93750, 23.87500, 1.33531, 0.03626, 2.50220, 1.19590, 3.02440, 3.19685, 0.00000, 3.05179, 3.00828, 2.69963, 2.56425, 22.44402
1728401939, 176007176, 0xDDDD, 1761, 27.83883, 1.22249, 24.75000, 23.75000, 24.93750, 23.87500, 1.33531, 0.03868, 2.50220, 1.18220, 3.03729, 3.20974, 0.00000, 3.05179, 3.00828, 2.69963, 2.48205, 22.62310
1728401939, 176107176, 0xDDDD, 1762, 27.83883, 1.22249, 24.75000, 23.75000, 24.93750, 23.87500, 1.33531, 0.04029, 2.50220, 1.19429, 3.04696, 3.19846, 0.00000, 3.05179, 3.00828, 2.69963, 2.56183, 22.44402
1728401939, 176207187, 0xDDDD, 1763, 27.83883, 1.22249, 24.75000, 23.75000, 24.93750, 23.87500, 1.33531, 0.04190, 2.50220, 1.18059, 3.01795, 3.21216, 0.00000, 3.05018, 3.00747, 2.70125, 2.56183, 22.44402
1728401939, 176307185, 0xDDDD, 1764, 27.43590, 1.22249, 24.75000, 23.75000, 24.87500, 23.87500, 1.33531, 0.04110, 2.50220, 1.19106, 3.02601, 3.19201, 0.00000, 3.05099, 3.00828, 2.70125, 2.55941, 22.44402
1728401939, 176407172, 0xDDDD, 1765, 27.43590, 1.22249, 24.75000, 23.75000, 24.87500, 23.93750, 1.33370, 0.03546, 2.50220, 1.19509, 3.03407, 3.20571, 0.00000, 3.05099, 3.00828, 2.70044, 2.56103, 22.44402
1728401939, 176507174, 0xDDDD, 1766, 27.43590, 1.22249, 24.75000, 23.75000, 24.93750, 23.93750, 1.33451, 0.04432, 2.50220, 1.17978, 3.04374, 3.19363, 0.00000, 3.05179, 3.00747, 2.69963, 2.55861, 22.44402
1728401939, 176607168, 0xDDDD, 1767, 27.43590, 1.22249, 24.68750, 23.75000, 24.93750, 23.87500, 1.33531, 0.03707, 2.50220, 1.19187, 3.05341, 3.20652, 0.00000, 3.05099, 3.00828, 2.70205, 2.54813, 22.80220
1728401940, 176707174, 0xDDDD, 1768, 27.83883, 1.22168, 24.68750, 23.75000, 24.93750, 23.87500, 1.33531, 0.03707, 2.50220, 1.17656, 3.06227, 3.19524, 0.00000, 3.04938, 3.00828, 2.69963, 2.56103, 22.44402
1728401940, 176807176, 0xDDDD, 1769, 27.43590, 1.22249, 24.75000, 23.68750, 24.93750, 23.87500, 1.33531, 0.03788, 2.50300, 1.18703, 3.02923, 3.20652, 0.00000, 3.05099, 3.00828, 2.70044, 2.56022, 22.44402
1728401940, 176907177, 0xDDDD, 1770, 27.83883, 1.22249, 24.75000, 23.68750, 24.93750, 23.87500, 1.33531, 0.03626, 2.50220, 1.19912, 3.03810, 3.19363, 0.00000, 3.05179, 3.00828, 2.70044, 2.56103, 22.44402
1728401940, 177007184, 0xDDDD, 1771, 27.43590, 1.22249, 24.75000, 23.75000, 24.93750, 23.87500, 1.33531, 0.03788, 2.50220, 1.18300, 3.04857, 3.19927, 0.00000, 3.05179, 3.00828, 2.69963, 2.56183, 22.44402
1728401940, 177107182, 0xDDDD, 1772, 27.43590, 1.22249, 24.75000, 23.75000, 24.93750, 23.87500, 1.33531, 0.03949, 2.50220, 1.19267, 3.05341, 3.21136, 0.00000, 3.05179, 3.00828, 2.69963, 2.56183, 22.44402
1728401940, 177207174, 0xDDDD, 1773, 27.83883, 1.22249, 24.75000, 23.68750, 24.93750, 23.87500, 1.33531, 0.04432, 2.50220, 1.19670, 3.06308, 3.19927, 0.00000, 3.04374, 3.00828, 2.70044, 2.56344, 22.44402
1728401940, 177307190, 0xDDDD, 1774, 27.83883, 1.22249, 24.68750, 23.68750, 24.93750, 23.87500, 1.33531, 0.04029, 2.50220, 1.18059, 3.07355, 3.19604, 0.00000, 3.04535, 3.00828, 2.69963, 2.54571, 22.44402
1728401940, 177407171, 0xDDDD, 1775, 27.83883, 1.22249, 24.68750, 23.68750, 24.93750, 23.87500, 1.33531, 0.03788, 2.50220, 1.19106, 3.08242, 3.19846, 0.00000, 3.05179, 3.00828, 2.69963, 2.56103, 22.44402
1728401940, 177507174, 0xDDDD, 1776, 27.83883, 1.22249, 24.68750, 23.75000, 24.93750, 23.87500, 1.33451, 0.04674, 2.50220, 1.17495, 3.05018, 3.21136, 0.00000, 3.05099, 3.00828, 2.69963, 2.56022, 22.62310
1728401940, 177607178, 0xDDDD, 1777, 27.83883, 1.22168, 24.68750, 23.75000, 24.93750, 23.87500, 1.33451, 0.03707, 2.50220, 1.18381, 3.05905, 3.18960, 0.00000, 3.05099, 3.00828, 2.70044, 2.56103, 22.62310
1728401941, 177707183, 0xDDDD, 1778, 27.43590, 1.22249, 24.68750, 23.75000, 24.93750, 23.87500, 1.33531, 0.03626, 2.50139, 1.19348, 3.06791, 3.20249, 0.00000, 3.05179, 3.00828, 2.70044, 2.56183, 22.44402
1728401941, 177807173, 0xDDDD, 1779, 27.43590, 1.22249, 24.68750, 23.75000, 24.93750, 23.87500, 1.33531, 0.03949, 2.50220, 1.17656, 3.07355, 3.18960, 0.00000, 3.05260, 3.00828, 2.70044, 2.56264, 22.62310
1728401941, 177907182, 0xDDDD, 1780, 27.43590, 1.22249, 24.68750, 23.75000, 24.93750, 23.87500, 1.33531, 0.03788, 2.50220, 1.18623, 3.08000, 3.20330, 0.00000, 3.04938, 3.00828, 2.69963, 2.56183, 22.44402
1728401941, 178007183, 0xDDDD, 1781, 27.43590, 1.22249, 24.68750, 23.75000, 24.93750, 23.87500, 1.33612, 0.03546, 2.50220, 1.18945, 3.00425, 3.18879, 0.00000, 3.05099, 3.00828, 2.70044, 2.56425, 22.44402
1728401941, 178107166, 0xDDDD, 1782, 27.83883, 1.22249, 24.68750, 23.75000, 24.93750, 23.87500, 1.33451, 0.04513, 2.50300, 1.19912, 3.05260, 3.20330, 0.00000, 3.05099, 3.00828, 2.70044, 2.56505, 22.44402
1728401941, 178207178, 0xDDDD, 1783, 27.83883, 1.22168, 24.68750, 23.75000, 24.93750, 23.87500, 1.33531, 0.04271, 2.50220, 1.18542, 3.06227, 3.20733, 0.00000, 3.05099, 3.00828, 2.70125, 2.55941, 22.44402
1728401941, 178307192, 0xDDDD, 1784, 27.83883, 1.22249, 24.75000, 23.75000, 24.93750, 23.87500, 1.33531, 0.04190, 2.50220, 1.19509, 3.07033, 3.19524, 0.00000, 3.05341, 3.00828, 2.70125, 2.56344, 22.44402
1728401941, 178407183, 0xDDDD, 1785, 27.43590, 1.22249, 24.75000, 23.75000, 24.93750, 23.87500, 1.33531, 0.04029, 2.50220, 1.17817, 3.07678, 3.20733, 0.00000, 3.04857, 3.00828, 2.69963, 2.56344, 22.44402
1728401941, 178507170, 0xDDDD, 1786, 27.43590, 1.22249, 24.75000, 23.75000, 24.93750, 23.93750, 1.33531, 0.03626, 2.50220, 1.18784, 3.08242, 3.19443, 0.00000, 3.05099, 3.00828, 2.70044, 2.55538, 22.44402
1728401941, 178607179, 0xDDDD, 1787, 27.43590, 1.22249, 24.75000, 23.75000, 24.93750, 23.93750, 1.33531, 0.03868, 2.50220, 1.19832, 3.00747, 3.20571, 0.00000, 3.05260, 3.00747, 2.70044, 2.56103, 22.44402
1728401942, 178707182, 0xDDDD, 1788, 27.83883, 1.22249, 24.75000, 23.75000, 24.93750, 23.93750, 1.33531, 0.03385, 2.50139, 1.18139, 3.05502, 3.19443, 0.00000, 3.05099, 3.00828, 2.70125, 2.56103, 22.44402
1728401942, 178807175, 0xDDDD, 1789, 27.83883, 1.22249, 24.75000, 23.75000, 24.93750, 23.87500, 1.33612, 0.04029, 2.50220, 1.18220, 3.06388, 3.20007, 0.00000, 3.05018, 3.00828, 2.69963, 2.56103, 22.44402
1728401942, 178907179, 0xDDDD, 1790, 27.43590, 1.22249, 24.75000, 23.75000, 24.93750, 23.87500, 1.35788, 0.03546, 2.50139, 1.19267, 3.06952, 3.18799, 0.00000, 3.05018, 3.00828, 2.70044, 2.56344, 22.44402
1728401942, 179007177, 0xDDDD, 1791, 27.43590, 1.22249, 24.75000, 23.75000, 24.93750, 23.87500, 1.33531, 0.04674, 2.50139, 1.17575, 3.07194, 3.20007, 0.00000, 3.05018, 3.00828, 2.69963, 2.56022, 22.44402
1728401942, 179107164, 0xDDDD, 1792, 27.43590, 1.22249, 24.75000, 23.75000, 24.93750, 23.87500, 1.33531, 0.03868, 2.50139, 1.18462, 3.07919, 3.21136, 0.00000, 3.05260, 3.00828, 2.70044, 2.56828, 22.26494
1728401942, 179207187, 0xDDDD, 1793, 27.83883, 1.22249, 24.68750, 23.75000, 24.93750, 23.87500, 1.33531, 0.04029, 2.50220, 1.19509, 3.08484, 3.19927, 0.00000, 3.04938, 3.00828, 2.70044, 2.57634, 22.44402
1728401942, 179307183, 0xDDDD, 1794, 27.43590, 1.22249, 24.68750, 23.75000, 24.93750, 23.87500, 1.33531, 0.04190, 2.50139, 1.17817, 3.00586, 3.21055, 0.00000, 3.05018, 3.00828, 2.70044, 2.56264, 22.62310
1728401942, 179407175, 0xDDDD, 1795, 27.83883, 1.22249, 24.68750, 23.75000, 24.93750, 23.87500, 1.33531, 0.03949, 2.50220, 1.18703, 3.05018, 3.19927, 0.00000, 3.05260, 3.00828, 2.69883, 2.56183, 22.44402
1728401942, 179507184, 0xDDDD, 1796, 27.43590, 1.22249, 24.75000, 23.75000, 24.93750, 23.87500, 1.33531, 0.03868, 2.50220, 1.19590, 3.05985, 3.20491, 0.00000, 3.05260, 3.00828, 2.70125, 2.56183, 22.80220
1728401942, 179607169, 0xDDDD, 1797, 27.83883, 1.22249, 24.75000, 23.75000, 24.93750, 23.87500, 1.33531, 0.04432, 2.50139, 1.19751, 3.06388, 3.19363, 0.00000, 3.05099, 3.00828, 2.70125, 2.55861, 22.44402
1728401943, 179707182, 0xDDDD, 1798, 27.83883, 1.22249, 24.75000, 23.75000, 24.87500, 23.87500, 1.33531, 0.03707, 2.50139, 1.17978, 3.06711, 3.20491, 0.00000, 3.04777, 3.00828, 2.69963, 2.56022, 22.44402
1728401943, 179807177, 0xDDDD, 1799, 27.43590, 1.22249, 24.75000, 23.75000, 24.87500, 23.87500, 1.33531, 0.04352, 2.50220, 1.18784, 3.07114, 3.19282, 0.00000, 3.05099, 3.00828, 2.70044, 2.56425, 22.44402
1728401943, 179907164, 0xDDDD, 1800, 27.83883, 1.22168, 24.75000, 23.68750, 25.00000, 23.87500, 1.33531, 0.04029, 2.50139, 1.19670, 3.07516, 3.20410, 0.00000, 3.05099, 3.00828, 2.70044, 2.59326, 22.62310
1728401943, 180007167, 0xDDDD, 1801, 27.83883, 1.22168, 24.75000, 23.68750, 25.00000, 23.87500, 1.33531, 0.04029, 2.50220, 1.17978, 3.03810, 3.19121, 0.00000, 3.05260, 3.00828, 2.70044, 2.56103, 22.62310
1728401943, 180107186, 0xDDDD, 1802, 27.83883, 1.22249, 24.75000, 23.75000, 25.00000, 23.87500, 1.33451, 0.03949, 2.50220, 1.18864, 3.04212, 3.19685, 0.00000, 3.05179, 3.00828, 2.70044, 2.56022, 22.44402
1728401943, 180207187, 0xDDDD, 1803, 27.83883, 1.22168, 24.75000, 23.75000, 25.00000, 23.87500, 1.33531, 0.04029, 2.50139, 1.19832, 3.04535, 3.20813, 0.00000, 3.05179, 3.00747, 2.70044, 2.56103, 22.44402
1728401943, 180307168, 0xDDDD, 1804, 27.43590, 1.22249, 24.75000, 23.75000, 25.00000, 23.87500, 1.33531, 0.03868, 2.50139, 1.18059, 3.04777, 3.19443, 0.00000, 3.05260, 3.00747, 2.69963, 2.56183, 22.62310
1728401943, 180407171, 0xDDDD, 1805, 27.43590, 1.22249, 24.75000, 23.75000, 24.93750, 23.87500, 1.33451, 0.04110, 2.50220, 1.18139, 3.05018, 3.20652, 0.00000, 3.04696, 3.00828, 2.69963, 2.53040, 22.44402
1728401943, 180507184, 0xDDDD, 1806, 27.43590, 1.22168, 24.75000, 23.75000, 24.93750, 23.87500, 1.33612, 0.03626, 2.50139, 1.18864, 3.05502, 3.19363, 0.00000, 3.05179, 3.00828, 2.70044, 2.59165, 22.44402
1728401943, 180607171, 0xDDDD, 1807, 27.83883, 1.22249, 24.75000, 23.68750, 24.93750, 23.87500, 1.33531, 0.03788, 2.50059, 1.19751, 3.02037, 3.20571, 0.00000, 3.05099, 3.00828, 2.70044, 2.56103, 22.44402
1728401944, 180707177, 0xDDDD, 1808, 27.43590, 1.22249, 24.75000, 23.68750, 24.93750, 23.93750, 1.33531, 0.03788, 2.50220, 1.17978, 3.02198, 3.20974, 0.00000, 3.05099, 3.00828, 2.69963, 2.56103, 22.44402
1728401944, 180807188, 0xDDDD, 1809, 27.43590, 1.22249, 24.75000, 23.68750, 24.93750, 23.93750, 1.33531, 0.03707, 2.50139, 1.18784, 3.02520, 3.19604, 0.00000, 3.05179, 3.00828, 2.70044, 2.56425, 22.44402
1728401944, 180907184, 0xDDDD, 1810, 27.83883, 1.22168, 24.75000, 23.75000, 24.93750, 23.87500, 1.34256, 0.03385, 2.50139, 1.19751, 3.02842, 3.20813, 0.00000, 3.05179, 3.00828, 2.69963, 2.56425, 22.44402
1728401944, 181007172, 0xDDDD, 1811, 27.83883, 1.22168, 24.75000, 23.75000, 24.93750, 23.87500, 1.33531, 0.03707, 2.50220, 1.17978, 3.03165, 3.19604, 0.00000, 3.04777, 3.00828, 2.69883, 2.50300, 22.62310
1728401944, 181107181, 0xDDDD, 1812, 27.43590, 1.22410, 24.75000, 23.75000, 24.93750, 23.87500, 1.33531, 0.04755, 2.50381, 1.19187, 3.02198, 3.20894, 0.00000, 3.05099, 3.00667, 2.70205, 2.57553, 22.98128
1728401944, 181207175, 0xDDDD, 1813, 27.43590, 1.22330, 24.75000, 23.75000, 24.93750, 23.87500, 1.33531, 0.03788, 2.50220, 1.19267, 3.01311, 3.19604, 0.00000, 3.05099, 3.00828, 2.69963, 2.56103, 22.44402
1728401944, 181307186, 0xDDDD, 1814, 27.83883, 1.22168, 24.75000, 23.75000, 24.93750, 23.87500, 1.33612, 0.03949, 2.50220, 1.17495, 3.05985, 3.20652, 0.00000, 3.05099, 3.00747, 2.70205, 2.56103, 22.62310
1728401944, 181407174, 0xDDDD, 1815, 27.43590, 1.22249, 24.75000, 23.75000, 24.93750, 23.87500, 1.33934, 0.03788, 2.50220, 1.18381, 3.06388, 3.21055, 0.00000, 3.05099, 3.00828, 2.69963, 2.56264, 22.98128
1728401944, 181507175, 0xDDDD, 1816, 27.43590, 1.22168, 24.75000, 23.75000, 24.93750, 23.87500, 1.33531, 0.04029, 2.50139, 1.19348, 3.06872, 3.19685, 0.00000, 3.05179, 3.00828, 2.70044, 2.55941, 22.44402
1728401944, 181607171, 0xDDDD, 1817, 27.83883, 1.22168, 24.75000, 23.75000, 24.93750, 23.87500, 1.33531, 0.04029, 2.50220, 1.17575, 3.07275, 3.20813, 0.00000, 3.05179, 3.00828, 2.70125, 2.56103, 22.44402
1728401945, 181707172, 0xDDDD, 1818, 27.43590, 1.22249, 24.75000, 23.75000, 24.93750, 23.87500, 1.33531, 0.04110, 2.50220, 1.18462, 3.07597, 3.19443, 0.00000, 3.05260, 3.00828, 2.70044, 2.52315, 22.44402
1728401945, 181807175, 0xDDDD, 1819, 27.43590, 1.22249, 24.75000, 23.75000, 24.87500, 23.87500, 1.33531, 0.03949, 2.50220, 1.19509, 3.07839, 3.20652, 0.00000, 3.05099, 3.00828, 2.70125, 2.56183, 22.62310
1728401945, 181907175, 0xDDDD, 1820, 27.83883, 1.22249, 24.75000, 23.75000, 24.87500, 23.93750, 1.33531, 0.03949, 2.50139, 1.19670, 3.04132, 3.19363, 0.00000, 3.04615, 3.00828, 2.70044, 2.56022, 22.62310
1728401945, 182007184, 0xDDDD, 1821, 27.43590, 1.22249, 24.75000, 23.75000, 24.87500, 23.93750, 1.33531, 0.04352, 2.50139, 1.17817, 3.04293, 3.19846, 0.00000, 3.05179, 3.00828, 2.70125, 2.55941, 22.44402
1728401945, 182107169, 0xDDDD, 1822, 27.43590, 1.22249, 24.75000, 23.68750, 24.93750, 23.87500, 1.34337, 0.03707, 2.50220, 1.18864, 3.04615, 3.20894, 0.00000, 3.05099, 3.00828, 2.70125, 2.55941, 22.44402
1728401945, 182207174, 0xDDDD, 1823, 27.83883, 1.22168, 24.75000, 23.68750, 24.93750, 23.87500, 1.33451, 0.04029, 2.50220, 1.19832, 3.04857, 3.19604, 0.00000, 3.05018, 3.00908, 2.70125, 2.56103, 22.44402
1728401945, 182307180, 0xDDDD, 1824, 27.43590, 1.22249, 24.75000, 23.75000, 24.93750, 23.87500, 1.33531, 0.04352, 2.50220, 1.17897, 3.04938, 3.20652, 0.00000, 3.05099, 3.00828, 2.69963, 2.59165, 22.62310
1728401945, 182407166, 0xDDDD, 1825, 27.43590, 1.22249, 24.75000, 23.75000, 24.93750, 23.87500, 1.33531, 0.03626, 2.50220, 1.18703, 3.05099, 3.19282, 0.00000, 3.05099, 3.00828, 2.70044, 2.56828, 22.44402
1728401945, 182507169, 0xDDDD, 1826, 27.43590, 1.22249, 24.75000, 23.75000, 24.93750, 23.87500, 1.33531, 0.03546, 2.50220, 1.19348, 3.01070, 3.20491, 0.00000, 3.05179, 3.00828, 2.69963, 2.56022, 22.44402
1728401945, 182607185, 0xDDDD, 1827, 27.43590, 1.22249, 24.75000, 23.75000, 24.93750, 23.93750, 1.33531, 0.04352, 2.50220, 1.17575, 3.01231, 3.20894, 0.00000, 3.05179, 3.00828, 2.70044, 2.56183, 22.44402
1728401946, 182707180, 0xDDDD, 1828, 27.43590, 1.22249, 24.75000, 23.75000, 24.93750, 23.93750, 1.33773, 0.03546, 2.50300, 1.19993, 3.01473, 3.19443, 0.00000, 3.05099, 3.00828, 2.69963, 2.56425, 22.62310
1728401946, 182807166, 0xDDDD, 1829, 27.83883, 1.22249, 24.75000, 23.75000, 24.93750, 23.93750, 1.33531, 0.03626, 2.50220, 1.17978, 3.01795, 3.20571, 0.00000, 3.05099, 3.00828, 2.69963, 2.56022, 22.44402
1728401946, 182907169, 0xDDDD, 1830, 27.43590, 1.22249, 24.75000, 23.75000, 24.93750, 23.93750, 1.33531, 0.03707, 2.50220, 1.18623, 3.02117, 3.19121, 0.00000, 3.05099, 3.00828, 2.70044, 2.55619, 22.44402
1728401946, 183007181, 0xDDDD, 1831, 27.83883, 1.22249, 24.75000, 23.75000, 24.93750, 23.93750, 1.33451, 0.04271, 2.50220, 1.19509, 3.02520, 3.20410, 0.00000, 3.05341, 3.00828, 2.69963, 2.56425, 22.62310
1728401946, 183107170, 0xDDDD, 1832, 27.43590, 1.22168, 24.75000, 23.75000, 24.93750, 23.93750, 1.33531, 0.03465, 2.50220, 1.17575, 3.07033, 3.18960, 0.00000, 3.05179, 3.00828, 2.70125, 2.56103, 22.44402
1728401946, 183207181, 0xDDDD, 1833, 27.83883, 1.22249, 24.75000, 23.75000, 24.93750, 23.93750, 1.33531, 0.04432, 2.50220, 1.18220, 3.07516, 3.20168, 0.00000, 3.05099, 3.00828, 2.70044, 2.55700, 22.44402
1728401946, 183307174, 0xDDDD, 1834, 27.43590, 1.22249, 24.75000, 23.75000, 24.93750, 23.93750, 1.33531, 0.03788, 2.50220, 1.19026, 3.07678, 3.20733, 0.00000, 3.05099, 3.00828, 2.70044, 2.56264, 21.54863
1728401946, 183407182, 0xDDDD, 1835, 27.83883, 1.22168, 24.75000, 23.75000, 24.93750, 23.93750, 1.33531, 0.03304, 2.50220, 1.19670, 3.08161, 3.19282, 0.00000, 3.05018, 3.00828, 2.69963, 2.56264, 22.44402
1728401946, 183507174, 0xDDDD, 1836, 27.43590, 1.22249, 24.75000, 23.75000, 24.93750, 23.93750, 1.33531, 0.04029, 2.50220, 1.19590, 3.00183, 3.20410, 0.00000, 3.05179, 3.00828, 2.70044, 2.55377, 22.62310
1728401946, 183607183, 0xDDDD, 1837, 27.43590, 1.22249, 24.75000, 23.75000, 24.93750, 23.87500, 1.33531, 0.04110, 2.50139, 1.17656, 3.00344, 3.19121, 0.00000, 3.05018, 3.00828, 2.70044, 2.55780, 22.44402
1728401947, 183707175, 0xDDDD, 1838, 27.43590, 1.22249, 24.75000, 23.75000, 25.00000, 23.87500, 1.33451, 0.04190, 2.50139, 1.18300, 3.00747, 3.20249, 0.00000, 3.05099, 3.00828, 2.69963, 2.56344, 22.44402
1728401947, 183807176, 0xDDDD, 1839, 27.83883, 1.22249, 24.75000, 23.75000, 25.00000, 23.93750, 1.33531, 0.03868, 2.50220, 1.19026, 3.04857, 3.18879, 0.00000, 3.05018, 3.00828, 2.70044, 2.56103, 22.62310
1728401947, 183907175, 0xDDDD, 1840, 27.43590, 1.22249, 24.75000, 23.75000, 25.00000, 23.93750, 1.33531, 0.03868, 2.50220, 1.19670, 3.04857, 3.19282, 0.00000, 3.05179, 3.00828, 2.70125, 2.56103, 22.62310
1728401947, 184007187, 0xDDDD, 1841, 27.83883, 1.22168, 24.75000, 23.75000, 24.93750, 23.93750, 1.33531, 0.03788, 2.50220, 1.17656, 3.05099, 3.20410, 0.00000, 3.05260, 3.00747, 2.70125, 2.56264, 22.44402
1728401947, 184107172, 0xDDDD, 1842, 27.43590, 1.22249, 24.75000, 23.75000, 24.93750, 23.87500, 1.33531, 0.03707, 2.50220, 1.18220, 3.05341, 3.18960, 0.00000, 3.04857, 3.00828, 2.69963, 2.56264, 22.62310
1728401947, 184207185, 0xDDDD, 1843, 27.43590, 1.22249, 24.75000, 23.75000, 25.00000, 23.87500, 1.33612, 0.04432, 2.50300, 1.18703, 3.05582, 3.20007, 0.00000, 3.05099, 3.00828, 2.69963, 2.55700, 22.44402
1728401947, 184307181, 0xDDDD, 1844, 27.83883, 1.22249, 24.81250, 23.75000, 25.00000, 23.93750, 1.33531, 0.04029, 2.50220, 1.18623, 3.05663, 3.21136, 0.00000, 3.05099, 3.00828, 2.69963, 2.54813, 22.44402
1728401947, 184407171, 0xDDDD, 1845, 27.43590, 1.22249, 24.81250, 23.75000, 25.00000, 23.93750, 1.33531, 0.04352, 2.50220, 1.19187, 3.01553, 3.19766, 0.00000, 3.05099, 3.00828, 2.70125, 2.56183, 22.44402
1728401947, 184507186, 0xDDDD, 1846, 28.24175, 1.22249, 24.81250, 23.75000, 24.93750, 23.93750, 1.33612, 0.03626, 2.50139, 1.19751, 3.01714, 3.20249, 0.00000, 3.05179, 3.00828, 2.70044, 2.56022, 22.62310
1728401947, 184607191, 0xDDDD, 1847, 27.83883, 1.22249, 24.75000, 23.75000, 24.93750, 23.87500, 1.33692, 0.02982, 2.50220, 1.17736, 3.01795, 3.21136, 0.00000, 3.05099, 3.00747, 2.70044, 2.55941, 22.62310
1728401948, 184707181, 0xDDDD, 1848, 27.43590, 1.22168, 24.75000, 23.75000, 24.93750, 23.87500, 1.33451, 0.04190, 2.50220, 1.18300, 3.01795, 3.19846, 0.00000, 3.05179, 3.00828, 2.70044, 2.55941, 22.44402
1728401948, 184807175, 0xDDDD, 1849, 27.43590, 1.22249, 24.81250, 23.75000, 24.93750, 23.87500, 1.33531, 0.03788, 2.50220, 1.19026, 3.01795, 3.20894, 0.00081, 3.05341, 3.00828, 2.70044, 2.52315, 22.44402
1728401948, 184907185, 0xDDDD, 1850, 27.43590, 1.22249, 24.81250, 23.75000, 24.93750, 23.87500, 1.33451, 0.04352, 2.50220, 1.19509, 3.01473, 3.19524, 0.00000, 3.05099, 3.00828, 2.70044, 2.55377, 22.62310
1728401948, 185007182, 0xDDDD, 1851, 27.43590, 1.22249, 24.75000, 23.81250, 24.93750, 23.87500, 1.33531, 0.03546, 2.50139, 1.17656, 3.05824, 3.20571, 0.00000, 3.05099, 3.00828, 2.70125, 2.55941, 22.62310
1728401948, 185107168, 0xDDDD, 1852, 27.83883, 1.22249, 24.75000, 23.81250, 24.93750, 23.87500, 1.33531, 0.04432, 2.50059, 1.17495, 3.05744, 3.19201, 0.00000, 3.05099, 3.00828, 2.69963, 2.56022, 22.44402
1728401948, 185207181, 0xDDDD, 1853, 27.43590, 1.22249, 24.75000, 23.75000, 24.93750, 23.87500, 1.33612, 0.04593, 2.50220, 1.18300, 3.05744, 3.19524, 0.00000, 3.04696, 3.00828, 2.70044, 2.56022, 22.44402
1728401948, 185307167, 0xDDDD, 1854, 27.43590, 1.22249, 24.81250, 23.75000, 24.93750, 23.87500, 1.33612, 0.04271, 2.50220, 1.18945, 3.05502, 3.20733, 0.00000, 3.04938, 3.00828, 2.69883, 2.56022, 22.44402
1728401948, 185407164, 0xDDDD, 1855, 27.43590, 1.22249, 24.81250, 23.75000, 25.00000, 23.87500, 1.33531, 0.04110, 2.50220, 1.19590, 3.05502, 3.19282, 0.00000, 3.05018, 3.00828, 2.70044, 2.55538, 22.44402
1728401948, 185507176, 0xDDDD, 1856, 27.43590, 1.22249, 24.81250, 23.75000, 25.00000, 23.87500, 1.33531, 0.04432, 2.50220, 1.17656, 3.05744, 3.20410, 0.00000, 3.05260, 3.00828, 2.69883, 2.56425, 22.44402
1728401948, 185607185, 0xDDDD, 1857, 27.43590, 1.22249, 24.81250, 23.75000, 25.00000, 23.87500, 1.33531, 0.03949, 2.50220, 1.18220, 3.05824, 3.18960, 0.00000, 3.05099, 3.00828, 2.70044, 2.56022, 22.44402
1728401949, 185707180, 0xDDDD, 1858, 27.83883, 1.22249, 24.81250, 23.75000, 25.00000, 23.87500, 1.33451, 0.04190, 2.50220, 1.18784, 3.01634, 3.20088, 0.00000, 3.05099, 3.00828, 2.70044, 2.56103, 22.62310
1728401949, 185807175, 0xDDDD, 1859, 27.83883, 1.22249, 24.75000, 23.75000, 25.00000, 23.93750, 1.33531, 0.03949, 2.50220, 1.19348, 3.01875, 3.20410, 0.00000, 3.05179, 3.00828, 2.70044, 2.56103, 22.44402
1728401949, 185907172, 0xDDDD, 1860, 27.03297, 1.22249, 24.75000, 23.75000, 24.93750, 23.93750, 1.27568, 0.03465, 2.50220, 1.19106, 3.01392, 3.18879, 0.00000, 3.05099, 3.00828, 2.70044, 2.56505, 22.62310
1728401949, 186007184, 0xDDDD, 1861, 27.43590, 1.22249, 24.75000, 23.75000, 24.93750, 23.93750, 1.33531, 0.03868, 2.50220, 1.19751, 3.01634, 3.20007, 0.00000, 3.05179, 3.00828, 2.69963, 2.56183, 22.44402
1728401949, 186107178, 0xDDDD, 1862, 27.83883, 1.22249, 24.75000, 23.75000, 25.00000, 23.93750, 1.33531, 0.03465, 2.50220, 1.17817, 3.01473, 3.21136, 0.00000, 3.05260, 3.00828, 2.69963, 2.54894, 22.62310
1728401949, 186207164, 0xDDDD, 1863, 27.83883, 1.22249, 24.75000, 23.75000, 25.00000, 23.93750, 1.33531, 0.03385, 2.50220, 1.18381, 3.01231, 3.19766, 0.00000, 3.05018, 3.00828, 2.70044, 2.49817, 22.62310
1728401949, 186307169, 0xDDDD, 1864, 27.43590, 1.22249, 24.75000, 23.75000, 25.00000, 23.93750, 1.33531, 0.03788, 2.50139, 1.19026, 3.05179, 3.20733, 0.00000, 3.05099, 3.00828, 2.70044, 2.56264, 22.62310
1728401949, 186407191, 0xDDDD, 1865, 27.83883, 1.22249, 24.75000, 23.75000, 25.00000, 23.93750, 1.33451, 0.04835, 2.50220, 1.19509, 3.04938, 3.21216, 0.00000, 3.05179, 3.00828, 2.70205, 2.55861, 22.44402
1728401949, 186507182, 0xDDDD, 1866, 27.43590, 1.22249, 24.75000, 23.75000, 25.00000, 23.93750, 1.33531, 0.04190, 2.50139, 1.17575, 3.04777, 3.19766, 0.00000, 3.05179, 3.00747, 2.70044, 2.56264, 22.44402
1728401949, 186607173, 0xDDDD, 1867, 27.43590, 1.22249, 24.75000, 23.75000, 25.00000, 23.93750, 1.33531, 0.03868, 2.50220, 1.18059, 3.04777, 3.20813, 0.00000, 3.05260, 3.00747, 2.70044, 2.56264, 22.62310
1728401950, 186707171, 0xDDDD, 1868, 27.43590, 1.22249, 24.75000, 23.75000, 25.00000, 23.87500, 1.33451, 0.04271, 2.50220, 1.17897, 3.04615, 3.19363, 0.00000, 3.05099, 3.00828, 2.70044, 2.57070, 22.44402
1728401950, 186807190, 0xDDDD, 1869, 27.03297, 1.22249, 24.75000, 23.75000, 25.00000, 23.87500, 1.33531, 0.03868, 2.50220, 1.18462, 3.04374, 3.20491, 0.00000, 3.04777, 3.00747, 2.69963, 2.54571, 22.44402
1728401950, 186907175, 0xDDDD, 1870, 27.43590, 1.22249, 24.75000, 23.81250, 24.93750, 23.87500, 1.33531, 0.03868, 2.50139, 1.19106, 3.08161, 3.19040, 0.00000, 3.05179, 3.00828, 2.70125, 2.56264, 22.44402
1728401950, 187007178, 0xDDDD, 1871, 27.43590, 1.22088, 24.75000, 23.81250, 24.93750, 23.93750, 1.33451, 0.04271, 2.50220, 1.19590, 3.08161, 3.19524, 0.00000, 3.05099, 3.00828, 2.70044, 2.56183, 22.62310
1728401950, 187107181, 0xDDDD, 1872, 27.83883, 1.22168, 24.75000, 23.75000, 25.00000, 23.93750, 1.33531, 0.04271, 2.50220, 1.17495, 3.08081, 3.20491, 0.00000, 3.04938, 3.00828, 2.69883, 2.56022, 22.62310
1728401950, 187207187, 0xDDDD, 1873, 27.43590, 1.22168, 24.75000, 23.75000, 25.00000, 23.93750, 1.33531, 0.03949, 2.50220, 1.17897, 3.07919, 3.18960, 0.00000, 3.05179, 3.00908, 2.69963, 2.55941, 22.62310
1728401950, 187307174, 0xDDDD, 1874, 27.83883, 1.22249, 24.75000, 23.75000, 25.00000, 23.93750, 1.33451, 0.03949, 2.50220, 1.18381, 3.07678, 3.20088, 0.00000, 3.05018, 3.00747, 2.70044, 2.51912, 22.44402
1728401950, 187407181, 0xDDDD, 1875, 27.43590, 1.22168, 24.75000, 23.75000, 24.93750, 23.93750, 1.33531, 0.03707, 2.50220, 1.18784, 3.07275, 3.21136, 0.00000, 3.05099, 3.00828, 2.70044, 2.56747, 22.44402
1728401950, 187507174, 0xDDDD, 1876, 27.43590, 1.22249, 24.75000, 23.75000, 24.93750, 23.87500, 1.33531, 0.03546, 2.50220, 1.18462, 3.06791, 3.19604, 0.00000, 3.05018, 3.00828, 2.69883, 2.55941, 22.62310
1728401950, 187607200, 0xDDDD, 1877, 27.43590, 1.22168, 24.75000, 23.75000, 24.93750, 23.87500, 1.33531, 0.03868, 2.50139, 1.18864, 3.02037, 3.20974, 0.00000, 3.05179, 3.00828, 2.70044, 2.56183, 22.62310
1728401951, 187707177, 0xDDDD, 1878, 27.43590, 1.22249, 24.81250, 23.75000, 24.93750, 23.87500, 1.34821, 0.03949, 2.50220, 1.19509, 3.01714, 3.18718, 0.00000, 3.04938, 3.00747, 2.70044, 2.56103, 22.08586
1728401951, 187807180, 0xDDDD, 1879, 27.83883, 1.22168, 24.81250, 23.75000, 25.00000, 23.87500, 1.33531, 0.03465, 2.50139, 1.19590, 3.01392, 3.19927, 0.00000, 3.05260, 3.00828, 2.69883, 2.56183, 22.44402
1728401951, 187907179, 0xDDDD, 1880, 27.43590, 1.22249, 24.81250, 23.75000, 25.00000, 23.87500, 1.33531, 0.03788, 2.50139, 1.17817, 3.00828, 3.20974, 0.00000, 3.05099, 3.00828, 2.70044, 2.56264, 22.44402
1728401951, 188007172, 0xDDDD, 1881, 27.43590, 1.22168, 24.81250, 23.75000, 25.00000, 23.87500, 1.33612, 0.03546, 2.50220, 1.18220, 3.00908, 3.19524, 0.00000, 3.05179, 3.00828, 2.70125, 2.50059, 22.62310
1728401951, 188107182, 0xDDDD, 1882, 27.43590, 1.22249, 24.81250, 23.75000, 24.93750, 23.87500, 1.33531, 0.03546, 2.50220, 1.18784, 3.07919, 3.20571, 0.00000, 3.05179, 3.00828, 2.70044, 2.56103, 22.62310
1728401951, 188207181, 0xDDDD, 1883, 27.43590, 1.22249, 24.75000, 23.75000, 24.93750, 23.87500, 1.33612, 0.04271, 2.50220, 1.18381, 3.03810, 3.19121, 0.00000, 3.05099, 3.00828, 2.70044, 2.56103, 22.44402
1728401951, 188307176, 0xDDDD, 1884, 27.83883, 1.22168, 24.75000, 23.75000, 24.93750, 23.87500, 1.33531, 0.03949, 2.50139, 1.18864, 3.03487, 3.19363, 0.00000, 3.05099, 3.00828, 2.69963, 2.56264, 22.62310
1728401951, 188407174, 0xDDDD, 1885, 27.43590, 1.22249, 24.81250, 23.75000, 24.93750, 23.93750, 1.28615, 0.04190, 2.50139, 1.19267, 3.03165, 3.20410, 0.00000, 3.04938, 3.00828, 2.70044, 2.56103, 22.62310
1728401951, 188507174, 0xDDDD, 1886, 27.83883, 1.22168, 24.81250, 23.75000, 24.93750, 23.93750, 1.33531, 0.03465, 2.50139, 1.19751, 3.02359, 3.18879, 0.00000, 3.05099, 3.00747, 2.70044, 2.56344, 22.62310
1728401951, 188607169, 0xDDDD, 1887, 27.83883, 1.22249, 24.81250, 23.75000, 25.00000, 23.93750, 1.33451, 0.03949, 2.50220, 1.17575, 3.02117, 3.20007, 0.00000, 3.04938, 3.00828, 2.69963, 2.64967, 22.44402
1728401952, 188707166, 0xDDDD, 1888, 27.83883, 1.22249, 24.81250, 23.75000, 25.00000, 23.93750, 1.33451, 0.04271, 2.50220, 1.17978, 3.01634, 3.20974, 0.00000, 3.05341, 3.00828, 2.70044, 2.61905, 22.62310
1728401952, 188807171, 0xDDDD, 1889, 27.83883, 1.22168, 24.81250, 23.75000, 24.93750, 23.93750, 1.33451, 0.04352, 2.50220, 1.18381, 3.05179, 3.19524, 0.00000, 3.04857, 3.00828, 2.69963, 2.56344, 22.62310
1728401952, 188907185, 0xDDDD, 1890, 27.83883, 1.22249, 24.81250, 23.75000, 24.93750, 23.93750, 1.33531, 0.04029, 2.50139, 1.18784, 3.04374, 3.19927, 0.00000, 3.04938, 3.00828, 2.69963, 2.56344, 22.62310
1728401952, 189007187, 0xDDDD, 1891, 27.43590, 1.22249, 24.81250, 23.75000, 25.00000, 23.93750, 1.33531, 0.04755, 2.50139, 1.18381, 3.03890, 3.21055, 0.00000, 3.04938, 3.00828, 2.69963, 2.56264, 22.44402
1728401952, 189107168, 0xDDDD, 1892, 27.43590, 1.22168, 24.81250, 23.75000, 25.00000, 23.93750, 1.33612, 0.03546, 2.50139, 1.18784, 3.03326, 3.19443, 0.00000, 3.05018, 3.00828, 2.70044, 2.56183, 22.62310
1728401952, 189207170, 0xDDDD, 1893, 27.03297, 1.22249, 24.75000, 23.75000, 25.00000, 23.93750, 1.33531, 0.03546, 2.50220, 1.19026, 3.02681, 3.20571, 0.00000, 3.05179, 3.00828, 2.70044, 2.56103, 22.44402
1728401952, 189307181, 0xDDDD, 1894, 27.43590, 1.22249, 24.75000, 23.81250, 25.00000, 23.93750, 1.33531, 0.03546, 2.50220, 1.19429, 3.02117, 3.19121, 0.00000, 3.05018, 3.00828, 2.70125, 2.56022, 22.62310
1728401952, 189407164, 0xDDDD, 1895, 27.43590, 1.22168, 24.81250, 23.81250, 25.00000, 23.93750, 1.33531, 0.03707, 2.50059, 1.19751, 3.01714, 3.20168, 0.00000, 3.05018, 3.00667, 2.69963, 2.56183, 22.62310
1728401952, 189507177, 0xDDDD, 1896, 27.43590, 1.22249, 24.81250, 23.81250, 25.00000, 23.93750, 1.33451, 0.03062, 2.50139, 1.17495, 3.05179, 3.21297, 0.00000, 3.05260, 3.00828, 2.70125, 2.56264, 22.44402
1728401952, 189607182, 0xDDDD, 1897, 27.83883, 1.22249, 24.81250, 23.81250, 25.00000, 23.87500, 1.33531, 0.03465, 2.50139, 1.17978, 3.04454, 3.21136, 0.00000, 3.05099, 3.00828, 2.70044, 2.56264, 21.90678
1728401953, 189707185, 0xDDDD, 1898, 27.83883, 1.22249, 24.81250, 23.81250, 25.00000, 23.87500, 1.33531, 0.03465, 2.50139, 1.18300, 3.03648, 3.20007, 0.00000, 3.04857, 3.00747, 2.70044, 2.56264, 22.44402
1728401953, 189807175, 0xDDDD, 1899, 27.83883, 1.22168, 24.81250, 23.75000, 24.93750, 23.87500, 1.33531, 0.03707, 2.50139, 1.18059, 3.02762, 3.20813, 0.00000, 3.05099, 3.00747, 2.70044, 2.55619, 22.44402
1728401953, 189907190, 0xDDDD, 1900, 27.43590, 1.22249, 24.75000, 23.75000, 24.93750, 23.87500, 1.33612, 0.03546, 2.50139, 1.18381, 3.02037, 3.19363, 0.00000, 3.05179, 3.00828, 2.69963, 2.55216, 22.44402
1728401953, 190007183, 0xDDDD, 1901, 27.43590, 1.22249, 24.75000, 23.75000, 25.00000, 23.87500, 1.33531, 0.04110, 2.50139, 1.18703, 3.01311, 3.20330, 0.00000, 3.04777, 3.00828, 2.69963, 2.56103, 22.62310
1728401953, 190107164, 0xDDDD, 1902, 27.43590, 1.22249, 24.81250, 23.75000, 25.00000, 23.93750, 1.33531, 0.04432, 2.50220, 1.19106, 3.04454, 3.18960, 0.00000, 3.05018, 3.00828, 2.70044, 2.55941, 22.44402
1728401953, 190207174, 0xDDDD, 1903, 27.83883, 1.22249, 24.81250, 23.75000, 25.00000, 23.93750, 1.33612, 0.04674, 2.50139, 1.19509, 3.03810, 3.19201, 0.00000, 3.05179, 3.00828, 2.70125, 2.56264, 22.44402
1728401953, 190307202, 0xDDDD, 1904, 27.43590, 1.22249, 24.81250, 23.75000, 25.00000, 23.93750, 1.33531, 0.04190, 2.50139, 1.19751, 3.03004, 3.20249, 0.00000, 3.05179, 3.00747, 2.70125, 2.56103, 22.62310
1728401953, 190407176, 0xDDDD, 1905, 27.43590, 1.22168, 24.81250, 23.75000, 25.00000, 23.87500, 1.33531, 0.04271, 2.50139, 1.17414, 3.02359, 3.18799, 0.00000, 3.05179, 3.00828, 2.70044, 2.56183, 22.62310
1728401953, 190507184, 0xDDDD, 1906, 27.83883, 1.22249, 24.81250, 23.81250, 24.93750, 23.87500, 1.33531, 0.03465, 2.50220, 1.17656, 3.01634, 3.19846, 0.00000, 3.04777, 3.00828, 2.69883, 2.63114, 22.62310
1728401953, 190607184, 0xDDDD, 1907, 27.43590, 1.22168, 24.81250, 23.81250, 24.93750, 23.93750, 1.33531, 0.03788, 2.50139, 1.19751, 3.01231, 3.20733, 0.00000, 3.05179, 3.00989, 2.70044, 2.54813, 22.44402
1728401954, 190707177, 0xDDDD, 1908, 27.83883, 1.22249, 24.81250, 23.81250, 25.00000, 23.93750, 1.33531, 0.03868, 2.50220, 1.20154, 3.04615, 3.19282, 0.00000, 3.05260, 3.00828, 2.70125, 2.56103, 22.62310
1728401954, 190807180, 0xDDDD, 1909, 27.43590, 1.22249, 24.81250, 23.75000, 25.00000, 23.93750, 1.33531, 0.04432, 2.50139, 1.17575, 3.03648, 3.19524, 0.00000, 3.04132, 3.00828, 2.70044, 2.56183, 22.62310
1728401954, 190907171, 0xDDDD, 1910, 27.83883, 1.22168, 24.75000, 23.75000, 25.00000, 23.93750, 1.33370, 0.04190, 2.50059, 1.17656, 3.02923, 3.20491, 0.00000, 3.04777, 3.00828, 2.70044, 2.55861, 22.62310
1728401954, 191007170, 0xDDDD, 1911, 27.43590, 1.22249, 24.75000, 23.75000, 24.93750, 23.93750, 1.33531, 0.03626, 2.50139, 1.17897, 3.01956, 3.18960, 0.00000, 3.04857, 3.00828, 2.69963, 2.56264, 22.62310
1728401954, 191107175, 0xDDDD, 1912, 26.63004, 1.22410, 24.81250, 23.75000, 24.93750, 23.93750, 1.33612, 0.04029, 2.50381, 1.18139, 3.07839, 3.19846, 0.00000, 3.05099, 3.00667, 2.69963, 2.58440, 22.44402
1728401954, 191207188, 0xDDDD, 1913, 27.43590, 1.22168, 24.81250, 23.75000, 24.93750, 23.93750, 1.33531, 0.03949, 2.50220, 1.18542, 3.05582, 3.20974, 0.00000, 3.05179, 3.00828, 2.70044, 2.55941, 22.62310
1728401954, 191307170, 0xDDDD, 1914, 27.83883, 1.22249, 24.75000, 23.75000, 24.93750, 24.00000, 1.33451, 0.04190, 2.50220, 1.18623, 3.08242, 3.19363, 0.00000, 3.05260, 3.00828, 2.70044, 2.56344, 22.62310
1728401954, 191407174, 0xDDDD, 1915, 27.43590, 1.22249, 24.75000, 23.75000, 25.00000, 24.00000, 1.33531, 0.03868, 2.50220, 1.18139, 3.07436, 3.20330, 0.00000, 3.05260, 3.00828, 2.70044, 2.56103, 22.44402
1728401954, 191507187, 0xDDDD, 1916, 27.43590, 1.22249, 24.75000, 23.75000, 25.00000, 24.00000, 1.33531, 0.04674, 2.50139, 1.18300, 3.06469, 3.20491, 0.00000, 3.05018, 3.00828, 2.70044, 2.56425, 22.62310
1728401954, 191607173, 0xDDDD, 1917, 27.43590, 1.22168, 24.81250, 23.75000, 25.00000, 23.93750, 1.33612, 0.03788, 2.50220, 1.18542, 3.05582, 3.18960, 0.00000, 3.05179, 3.00828, 2.70044, 2.56344, 22.62310
1728401955, 191707163, 0xDDDD, 1918, 27.43590, 1.22249, 24.81250, 23.75000, 25.00000, 23.93750, 1.33451, 0.03788, 2.50139, 1.18623, 3.04696, 3.19927, 0.00081, 3.05179, 3.00747, 2.70125, 2.57473, 22.62310
1728401955, 191807177, 0xDDDD, 1919, 27.83883, 1.22249, 24.81250, 23.75000, 25.00000, 23.93750, 1.33531, 0.04271, 2.50220, 1.18703, 3.04051, 3.20813, 0.00000, 3.05099, 3.00828, 2.70044, 2.52073, 22.62310
1728401955, 191907183, 0xDDDD, 1920, 27.43590, 1.22249, 24.81250, 23.75000, 25.00000, 23.93750, 1.33612, 0.03707, 2.50220, 1.18864, 3.03165, 3.19363, 0.00000, 3.04535, 3.00828, 2.69963, 2.56264, 22.62310
1728401955, 192007174, 0xDDDD, 1921, 27.83883, 1.22249, 24.81250, 23.75000, 25.00000, 23.93750, 1.33531, 0.03223, 2.50220, 1.19026, 3.06147, 3.20249, 0.00000, 3.04696, 3.00828, 2.70044, 2.56344, 22.44402
1728401955, 192107176, 0xDDDD, 1922, 27.43590, 1.22249, 24.81250, 23.75000, 25.00000, 23.93750, 1.33451, 0.04674, 2.50220, 1.19187, 3.05421, 3.20491, 0.00000, 3.05018, 3.00828, 2.70044, 2.55780, 22.62310
1728401955, 192207179, 0xDDDD, 1923, 27.43590, 1.22249, 24.81250, 23.81250, 25.00000, 23.93750, 1.34498, 0.03868, 2.50139, 1.18542, 3.04374, 3.18879, 0.00000, 3.05179, 3.00828, 2.70125, 2.55941, 22.62310
1728401955, 192307187, 0xDDDD, 1924, 27.43590, 1.22168, 24.81250, 23.81250, 25.00000, 23.93750, 1.33531, 0.03626, 2.50220, 1.18784, 3.03165, 3.19846, 0.00000, 3.05099, 3.00828, 2.70125, 2.56183, 22.62310
1728401955, 192407182, 0xDDDD, 1925, 27.83883, 1.22249, 24.81250, 23.81250, 25.00000, 23.93750, 1.33531, 0.03868, 2.50220, 1.19026, 3.02037, 3.20733, 0.00000, 3.04857, 3.00828, 2.70125, 2.56908, 22.62310
1728401955, 192507169, 0xDDDD, 1926, 27.43590, 1.22168, 24.81250, 23.81250, 25.00000, 23.93750, 1.33531, 0.03707, 2.50220, 1.19187, 3.01231, 3.19201, 0.00000, 3.05018, 3.00828, 2.70044, 2.61018, 22.44402
1728401955, 192607174, 0xDDDD, 1927, 27.83883, 1.22249, 24.75000, 23.81250, 25.00000, 23.93750, 1.33531, 0.04029, 2.50139, 1.19267, 3.04212, 3.20168, 0.00000, 3.05018, 3.00828, 2.70044, 2.56183, 22.62310
1728401956, 192707175, 0xDDDD, 1928, 27.83883, 1.22249, 24.75000, 23.75000, 25.00000, 23.93750, 1.33531, 0.03143, 2.50220, 1.19348, 3.03487, 3.20330, 0.00000, 3.05099, 3.00828, 2.69963, 2.56103, 22.62310
1728401956, 192807186, 0xDDDD, 1929, 27.43590, 1.22249, 24.75000, 23.75000, 25.00000, 23.93750, 1.33612, 0.04352, 2.50220, 1.19348, 3.02440, 3.21136, 0.00000, 3.05179, 3.00828, 2.70044, 2.56344, 22.62310
1728401956, 192907179, 0xDDDD, 1930, 27.43590, 1.22249, 24.75000, 23.81250, 25.00000, 23.93750, 1.33531, 0.03546, 2.50059, 1.19509, 3.01231, 3.19604, 0.00000, 3.05260, 3.00828, 2.70044, 2.56183, 22.62310
1728401956, 193007176, 0xDDDD, 1931, 27.43590, 1.22249, 24.81250, 23.81250, 25.00000, 23.87500, 1.33531, 0.03788, 2.50220, 1.18784, 3.00505, 3.20491, 0.00000, 3.05260, 3.00747, 2.69883, 2.56425, 22.44402
1728401956, 193107188, 0xDDDD, 1932, 27.83883, 1.22249, 24.81250, 23.81250, 25.00000, 23.87500, 1.33531, 0.03626, 2.50139, 1.18784, 3.07436, 3.19040, 0.00000, 3.05099, 3.00828, 2.70044, 2.58278, 22.62310
1728401956, 193207176, 0xDDDD, 1933, 27.43590, 1.22249, 24.81250, 23.75000, 25.00000, 23.87500, 1.33451, 0.04432, 2.50059, 1.18784, 3.02198, 3.19927, 0.00000, 3.05099, 3.00828, 2.70125, 2.55861, 22.44402
1728401956, 193307183, 0xDDDD, 1934, 27.43590, 1.22249, 24.81250, 23.75000, 25.00000, 23.93750, 1.33531, 0.03949, 2.50220, 1.18703, 3.01231, 3.20007, 0.00000, 3.05179, 3.00828, 2.70044, 2.56022, 22.44402
1728401956, 193407187, 0xDDDD, 1935, 27.43590, 1.22249, 24.81250, 23.75000, 25.00000, 23.93750, 1.33531, 0.03788, 2.50220, 1.18784, 3.08242, 3.20813, 0.00000, 3.05260, 3.00908, 2.70044, 2.56264, 22.62310
1728401956, 193507200, 0xDDDD, 1936, 27.43590, 1.22249, 24.75000, 23.75000, 25.00000, 23.93750, 1.33451, 0.03949, 2.50220, 1.18784, 3.07194, 3.19282, 0.00000, 3.04696, 3.00828, 2.69883, 2.55941, 22.62310
1728401956, 193607173, 0xDDDD, 1937, 27.83883, 1.22249, 24.75000, 23.75000, 25.00000, 23.93750, 1.33531, 0.04432, 2.50139, 1.18864, 3.05663, 3.20249, 0.00000, 3.05099, 3.00828, 2.69963, 2.56344, 22.44402
1728401957, 193707181, 0xDDDD, 1938, 28.64468, 1.22249, 24.75000, 23.75000, 25.00000, 23.87500, 1.33531, 0.03626, 2.50220, 1.18059, 3.04132, 3.21055, 0.00000, 3.05099, 3.00828, 2.70044, 2.55619, 22.62310
1728401957, 193807182, 0xDDDD, 1939, 27.43590, 1.22249, 24.81250, 23.75000, 25.06250, 23.87500, 1.33531, 0.03868, 2.50220, 1.18059, 3.02601, 3.19443, 0.00000, 3.05018, 3.00828, 2.70044, 2.55941, 22.62310
1728401957, 193907175, 0xDDDD, 1940, 27.43590, 1.22249, 24.81250, 23.75000, 25.06250, 23.87500, 1.33531, 0.03626, 2.50220, 1.18059, 3.05179, 3.20410, 0.00000, 3.05179, 3.00908, 2.70125, 2.56103, 22.62310
1728401957, 194007184, 0xDDDD, 1941, 27.83883, 1.22249, 24.81250, 23.75000, 25.06250, 23.93750, 1.33612, 0.04513, 2.50220, 1.17978, 3.03890, 3.20571, 0.00000, 3.05260, 3.00828, 2.70125, 2.56103, 23.51852
1728401957, 194107170, 0xDDDD, 1942, 27.83883, 1.22249, 24.81250, 23.75000, 25.00000, 23.93750, 1.33531, 0.03546, 2.50139, 1.17817, 3.02278, 3.18960, 0.00000, 3.05179, 3.00747, 2.69963, 2.56264, 22.62310
1728401957, 194207184, 0xDDDD, 1943, 27.43590, 1.22168, 24.81250, 23.81250, 25.00000, 23.93750, 1.33531, 0.04110, 2.50220, 1.17817, 3.00989, 3.19927, 0.00000, 3.04857, 3.00828, 2.69963, 2.56103, 22.62310
1728401957, 194307173, 0xDDDD, 1944, 27.83883, 1.22249, 24.81250, 23.81250, 25.00000, 23.93750, 1.33531, 0.04029, 2.50220, 1.17736, 3.08161, 3.20733, 0.00000, 3.05099, 3.00828, 2.70125, 2.54733, 22.62310
1728401957, 194407181, 0xDDDD, 1945, 27.43590, 1.22249, 24.81250, 23.81250, 25.00000, 23.93750, 1.33451, 0.03949, 2.50220, 1.17736, 3.06952, 3.19282, 0.00000, 3.05099, 3.00828, 2.70044, 2.56183, 22.62310
1728401957, 194507181, 0xDDDD, 1946, 27.83883, 1.22249, 24.81250, 23.81250, 25.00000, 23.93750, 1.33531, 0.03868, 2.50139, 1.19509, 3.01473, 3.20088, 0.00000, 3.05099, 3.00828, 2.70044, 2.56264, 22.62310
1728401957, 194607176, 0xDDDD, 1947, 27.83883, 1.22249, 24.81250, 23.81250, 25.00000, 23.93750, 1.33531, 0.03465, 2.50220, 1.19267, 3.09289, 3.20168, 0.00000, 3.05018, 3.00828, 2.70044, 2.56183, 22.44402
1728401958, 194707180, 0xDDDD, 1948, 27.83883, 1.22249, 24.81250, 23.81250, 25.00000, 23.93750, 1.33451, 0.04029, 2.50220, 1.19348, 3.07033, 3.20894, 0.00000, 3.05099, 3.00828, 2.70044, 2.55941, 22.44402
1728401958, 194807175, 0xDDDD, 1949, 27.83883, 1.22168, 24.81250, 23.81250, 25.00000, 23.93750, 1.29905, 0.03546, 2.50220, 1.19267, 3.05502, 3.19363, 0.00000, 3.05260, 3.00828, 2.70044, 2.56344, 22.44402
1728401958, 194907164, 0xDDDD, 1950, 27.43590, 1.22249, 24.81250, 23.75000, 25.00000, 23.87500, 1.33531, 0.03465, 2.50220, 1.19187, 3.03810, 3.20330, 0.00000, 3.05260, 3.00828, 2.70044, 2.54330, 22.62310
1728401958, 195007172, 0xDDDD, 1951, 27.43590, 1.22249, 24.81250, 23.75000, 25.00000, 23.87500, 1.33531, 0.03949, 2.50220, 1.19026, 3.02440, 3.18718, 0.00000, 3.05179, 3.00828, 2.70044, 2.52718, 22.62310
1728401958, 195107170, 0xDDDD, 1952, 27.83883, 1.22168, 24.81250, 23.75000, 25.00000, 23.87500, 1.33531, 0.03626, 2.50220, 1.18864, 3.05179, 3.19524, 0.00000, 3.05179, 3.00828, 2.70044, 2.56022, 22.62310
1728401958, 195207186, 0xDDDD, 1953, 27.83883, 1.22249, 24.87500, 23.75000, 25.00000, 23.93750, 1.33612, 0.03304, 2.50220, 1.18864, 3.03890, 3.19685, 0.00000, 3.05099, 3.00828, 2.70044, 2.56264, 22.62310
1728401958, 195307201, 0xDDDD, 1954, 27.43590, 1.22249, 24.87500, 23.75000, 25.00000, 23.93750, 1.33531, 0.04432, 2.50059, 1.18703, 3.02520, 3.20652, 0.00000, 3.05099, 3.00828, 2.70125, 2.56022, 22.62310
1728401958, 195407172, 0xDDDD, 1955, 27.43590, 1.22249, 24.87500, 23.81250, 25.00000, 23.93750, 1.33531, 0.04029, 2.50220, 1.17817, 3.00989, 3.19121, 0.00000, 3.05179, 3.00828, 2.69963, 2.55941, 22.62310
1728401958, 195507168, 0xDDDD, 1956, 27.83883, 1.22168, 24.81250, 23.81250, 25.00000, 23.93750, 1.33531, 0.03626, 2.50220, 1.17978, 3.07678, 3.20007, 0.00000, 3.05179, 3.00828, 2.69883, 2.50784, 22.62310
1728401958, 195607186, 0xDDDD, 1957, 27.83883, 1.22168, 24.81250, 23.81250, 25.00000, 23.93750, 1.33612, 0.03788, 2.50220, 1.17817, 3.06147, 3.20894, 0.00000, 3.05099, 3.00828, 2.70044, 2.56103, 22.62310
1728401959, 195707164, 0xDDDD, 1958, 27.83883, 1.22249, 24.81250, 23.81250, 25.00000, 23.93750, 1.33451, 0.03949, 2.50139, 1.17736, 3.04454, 3.19282, 0.00000, 3.05179, 3.00828, 2.70044, 2.55941, 22.62310
1728401959, 195807184, 0xDDDD, 1959, 27.43590, 1.22249, 24.81250, 23.81250, 25.00000, 23.93750, 1.33531, 0.04190, 2.50220, 1.17656, 3.07114, 3.20249, 0.00000, 3.05179, 3.00828, 2.70044, 2.56264, 22.62310
1728401959, 195907174, 0xDDDD, 1960, 27.43590, 1.22168, 24.81250, 23.81250, 25.00000, 23.93750, 1.33451, 0.02901, 2.50220, 1.17575, 3.05582, 3.20491, 0.00081, 3.05260, 3.00828, 2.69963, 2.56022, 21.90678
1728401959, 196007185, 0xDDDD, 1961, 27.43590, 1.22249, 24.81250, 23.81250, 25.00000, 23.93750, 1.33451, 0.04029, 2.50220, 1.17495, 3.03810, 3.18799, 0.00000, 3.05099, 3.00747, 2.70125, 2.56103, 22.44402
1728401959, 196107169, 0xDDDD, 1962, 27.83883, 1.22249, 24.81250, 23.75000, 25.00000, 23.93750, 1.33451, 0.04352, 2.50220, 1.19187, 3.02359, 3.19685, 0.00000, 3.05260, 3.00828, 2.70044, 2.55861, 22.62310
1728401959, 196207192, 0xDDDD, 1963, 27.83883, 1.22168, 24.81250, 23.75000, 25.00000, 23.93750, 1.33531, 0.04271, 2.50220, 1.19106, 3.00747, 3.20571, 0.00000, 3.05179, 3.00828, 2.70044, 2.56908, 22.62310
1728401959, 196307175, 0xDDDD, 1964, 27.43590, 1.22168, 24.81250, 23.75000, 25.00000, 23.93750, 1.33531, 0.03788, 2.50220, 1.18945, 3.07194, 3.21297, 0.00000, 3.05179, 3.00828, 2.70044, 2.55941, 22.62310
1728401959, 196407167, 0xDDDD, 1965, 27.43590, 1.22249, 24.81250, 23.75000, 25.00000, 23.93750, 1.33531, 0.04432, 2.50220, 1.18784, 3.01634, 3.19524, 0.00000, 3.05099, 3.00828, 2.69963, 2.55941, 22.62310
1728401959, 196507175, 0xDDDD, 1966, 27.83883, 1.22249, 24.81250, 23.75000, 25.00000, 23.93750, 1.33531, 0.04190, 2.50139, 1.18703, 3.07597, 3.19685, 0.00000, 3.05099, 3.00828, 2.69963, 2.55941, 22.62310
1728401959, 196607186, 0xDDDD, 1967, 27.83883, 1.22249, 24.81250, 23.75000, 25.00000, 23.93750, 1.33612, 0.03868, 2.50220, 1.18542, 3.06872, 3.20571, 0.00000, 3.05099, 3.00828, 2.70044, 2.55941, 22.62310
1728401960, 196707183, 0xDDDD, 1968, 27.83883, 1.22168, 24.81250, 23.75000, 25.00000, 23.93750, 1.33531, 0.03949, 2.50220, 1.18542, 3.05260, 3.18960, 0.00000, 3.05099, 3.00828, 2.70044, 2.56022, 22.62310
1728401960, 196807175, 0xDDDD, 1969, 27.43590, 1.22249, 24.81250, 23.75000, 25.00000, 23.93750, 1.33531, 0.03788, 2.50139, 1.17736, 3.03568, 3.19766, 0.00000, 3.05260, 3.00828, 2.69963, 2.48850, 22.62310
1728401960, 196907177, 0xDDDD, 1970, 27.43590, 1.22168, 24.81250, 23.75000, 25.00000, 23.93750, 1.33531, 0.04110, 2.50139, 1.17495, 3.02037, 3.20652, 0.00081, 3.05099, 3.00828, 2.69963, 2.56667, 22.44402
1728401960, 197007180, 0xDDDD, 1971, 27.43590, 1.22249, 24.81250, 23.75000, 25.00000, 23.93750, 1.33531, 0.04029, 2.50220, 1.19670, 3.04212, 3.18960, 0.00000, 3.05018, 3.00828, 2.70125, 2.56344, 22.62310
1728401960, 197107181, 0xDDDD, 1972, 27.83883, 1.22249, 24.81250, 23.75000, 25.00000, 23.93750, 1.33531, 0.04190, 2.50220, 1.19832, 3.02842, 3.19040, 0.00000, 3.04857, 3.00828, 2.69883, 2.55941, 22.62310
1728401960, 197207173, 0xDDDD, 1973, 27.43590, 1.22249, 24.81250, 23.75000, 25.00000, 23.93750, 1.33531, 0.04110, 2.50300, 1.19751, 3.01070, 3.19766, 0.00000, 3.04938, 3.00828, 2.69963, 2.56103, 22.80220
1728401960, 197307169, 0xDDDD, 1974, 27.83883, 1.22249, 24.81250, 23.75000, 25.00000, 23.93750, 1.33531, 0.03707, 2.50139, 1.19590, 3.07678, 3.20733, 0.00000, 3.04857, 3.00747, 2.70044, 2.56022, 22.80220
1728401960, 197407181, 0xDDDD, 1975, 27.43590, 1.22249, 24.81250, 23.75000, 25.00000, 23.93750, 1.33531, 0.03707, 2.50220, 1.19509, 3.06066, 3.19040, 0.00000, 3.05018, 3.00828, 2.70044, 2.58520, 22.62310
1728401960, 197507174, 0xDDDD, 1976, 27.83883, 1.22249, 24.81250, 23.75000, 25.00000, 23.93750, 1.33531, 0.03626, 2.50139, 1.19348, 3.04374, 3.20007, 0.00000, 3.05099, 3.00828, 2.70044, 2.57231, 22.26494
1728401960, 197607170, 0xDDDD, 1977, 27.43590, 1.22249, 24.87500, 23.75000, 25.00000, 23.93750, 1.33451, 0.04352, 2.50220, 1.18462, 3.06872, 3.20813, 0.00000, 3.05179, 3.00828, 2.70044, 2.56344, 22.62310
1728401961, 197707177, 0xDDDD, 1978, 27.43590, 1.22249, 24.87500, 23.75000, 25.00000, 23.93750, 1.33531, 0.03626, 2.50139, 1.18300, 3.05341, 3.19201, 0.00000, 3.05099, 3.00828, 2.70044, 2.56344, 22.62310
1728401961, 197807200, 0xDDDD, 1979, 27.83883, 1.22249, 24.87500, 23.75000, 25.00000, 23.93750, 1.33451, 0.04352, 2.50139, 1.18300, 3.03648, 3.19282, 0.00000, 3.05099, 3.00828, 2.70044, 2.55941, 22.26494
1728401961, 197907175, 0xDDDD, 1980, 28.24175, 1.22168, 24.81250, 23.75000, 25.00000, 23.93750, 1.33370, 0.03707, 2.50139, 1.18220, 3.01875, 3.20007, 0.00000, 3.05260, 3.00747, 2.70044, 2.56103, 22.62310
1728401961, 198007167, 0xDDDD, 1981, 27.43590, 1.22249, 24.81250, 23.75000, 25.00000, 23.93750, 1.33531, 0.03626, 2.50139, 1.18220, 3.04051, 3.20733, 0.00081, 3.05179, 3.00828, 2.70044, 2.55619, 22.62310
1728401961, 198107180, 0xDDDD, 1982, 27.43590, 1.22249, 24.81250, 23.75000, 25.00000, 23.93750, 1.33451, 0.04674, 2.50220, 1.17978, 3.06872, 3.19201, 0.00000, 3.05099, 3.00747, 2.70125, 2.64484, 22.62310
1728401961, 198207164, 0xDDDD, 1983, 27.83883, 1.22249, 24.81250, 23.75000, 25.00000, 23.93750, 1.33531, 0.03707, 2.50139, 1.17736, 3.05099, 3.19927, 0.00000, 3.04615, 3.00828, 2.69963, 2.56103, 22.62310
1728401961, 198307174, 0xDDDD, 1984, 27.83883, 1.22168, 24.81250, 23.75000, 25.00000, 23.93750, 1.33531, 0.03949, 2.50220, 1.17333, 3.07839, 3.20733, 0.00000, 3.05179, 3.00908, 2.70125, 2.55941, 22.62310
1728401961, 198407181, 0xDDDD, 1985, 27.43590, 1.22249, 24.81250, 23.75000, 25.06250, 23.93750, 1.33531, 0.04271, 2.50139, 1.19832, 3.05663, 3.20733, 0.00000, 3.05018, 3.00828, 2.70044, 2.56183, 22.44402
1728401961, 198507176, 0xDDDD, 1986, 27.43590, 1.22249, 24.81250, 23.75000, 25.06250, 23.93750, 1.33531, 0.04029, 2.50220, 1.18945, 3.04051, 3.19040, 0.00000, 3.04938, 3.00828, 2.70044, 2.56183, 22.62310
1728401961, 198607202, 0xDDDD, 1987, 27.43590, 1.22168, 24.81250, 23.75000, 25.06250, 23.93750, 1.33531, 0.03546, 2.50139, 1.18703, 3.02601, 3.19846, 0.00000, 3.04938, 3.00747, 2.70044, 2.56344, 22.62310
1728401962, 198707182, 0xDDDD, 1988, 27.43590, 1.22168, 24.81250, 23.81250, 25.06250, 23.93750, 1.33451, 0.04352, 2.50220, 1.18381, 3.01070, 3.20571, 0.00000, 3.05179, 3.00828, 2.69963, 2.57070, 22.44402
1728401962, 198807175, 0xDDDD, 1989, 27.43590, 1.22168, 24.81250, 23.81250, 25.06250, 23.93750, 1.33531, 0.03868, 2.50220, 1.18300, 3.07919, 3.18799, 0.00000, 3.04938, 3.00828, 2.69963, 2.51832, 22.62310
1728401962, 198907165, 0xDDDD, 1990, 27.03297, 1.22249, 24.81250, 23.81250, 25.06250, 23.93750, 1.33531, 0.04190, 2.50220, 1.18059, 3.01956, 3.19846, 0.00000, 3.05099, 3.00828, 2.69963, 2.56344, 22.62310
1728401962, 199007174, 0xDDDD, 1991, 27.43590, 1.22249, 24.81250, 23.81250, 25.06250, 23.93750, 1.33531, 0.03626, 2.50139, 1.17736, 3.08564, 3.19766, 0.00000, 3.05099, 3.00828, 2.70044, 2.56264, 22.44402
1728401962, 199107186, 0xDDDD, 1992, 27.43590, 1.22168, 24.81250, 23.81250, 25.00000, 23.93750, 1.33531, 0.04110, 2.50300, 1.17414, 3.06549, 3.20491, 0.00000, 3.05018, 3.00828, 2.69963, 2.56183, 22.62310
1728401962, 199207185, 0xDDDD, 1993, 27.83883, 1.22168, 24.81250, 23.75000, 25.00000, 23.93750, 1.33531, 0.03868, 2.50139, 1.19670, 3.04857, 3.18879, 0.00000, 3.04938, 3.00828, 2.70044, 2.56183, 22.44402
1728401962, 199307166, 0xDDDD, 1994, 27.83883, 1.22168, 24.87500, 23.75000, 25.00000, 23.93750, 1.33531, 0.03465, 2.50220, 1.18623, 3.03165, 3.19604, 0.00000, 3.04777, 3.00828, 2.70044, 2.61905, 22.62310
1728401962, 199407200, 0xDDDD, 1995, 27.43590, 1.22249, 24.87500, 23.75000, 25.00000, 23.93750, 1.33612, 0.03707, 2.50220, 1.18139, 3.01311, 3.20491, 0.00000, 3.05179, 3.00828, 2.70044, 2.53604, 22.62310
1728401962, 199507178, 0xDDDD, 1996, 27.83883, 1.22249, 24.87500, 23.81250, 25.00000, 23.93750, 1.33531, 0.03707, 2.50220, 1.17897, 3.03648, 3.18960, 0.00000, 3.05099, 3.00828, 2.69963, 2.56103, 22.62310
1728401962, 199607169, 0xDDDD, 1997, 27.83883, 1.22249, 24.81250, 23.81250, 25.00000, 23.93750, 1.33531, 0.03949, 2.50220, 1.17495, 3.01714, 3.18960, 0.00000, 3.05018, 3.00828, 2.69963, 2.56103, 22.62310
1728401963, 199707172, 0xDDDD, 1998, 27.43590, 1.22249, 24.81250, 23.75000, 25.00000, 23.93750, 1.33531, 0.04190, 2.50220, 1.19670, 3.08161, 3.19604, 0.00000, 3.05099, 3.00828, 2.69963, 2.56022, 22.62310
1728401963, 199807172, 0xDDDD, 1999, 27.43590, 1.22249, 24.81250, 23.75000, 25.00000, 23.93750, 1.33531, 0.04352, 2.50220, 1.19348, 3.06308, 3.20491, 0.00000, 3.05099, 3.00667, 2.70044, 2.56183, 22.62310
1728401963, 199907176, 0xDDDD, 2000, 27.43590, 1.22249, 24.81250, 23.75000, 25.00000, 23.93750, 1.33531, 0.04352, 2.50139, 1.18945, 3.04212, 3.21297, 0.00000, 3.05099, 3.00828, 2.69963, 2.50703, 22.26494
1728401963, 200007190, 0xDDDD, 2001, 27.83883, 1.22249, 24.81250, 23.75000, 25.00000, 23.93750, 1.33451, 0.04513, 2.50300, 1.17736, 3.02520, 3.19604, 0.00000, 3.05179, 3.00747, 2.69963, 2.56586, 22.62310
1728401963, 200107174, 0xDDDD, 2002, 27.03297, 1.22249, 24.81250, 23.75000, 25.06250, 23.93750, 1.33531, 0.04029, 2.50220, 1.19670, 3.00828, 3.20330, 0.00000, 3.05179, 3.00828, 2.70125, 2.56022, 22.62310
1728401963, 200207174, 0xDDDD, 2003, 27.83883, 1.22249, 24.81250, 23.75000, 25.06250, 23.93750, 1.33531, 0.03788, 2.50220, 1.19590, 3.02923, 3.20974, 0.00000, 3.04293, 3.00828, 2.70044, 2.56264, 22.44402
1728401963, 200307184, 0xDDDD, 2004, 27.83883, 1.22249, 24.81250, 23.75000, 25.00000, 23.93750, 1.33612, 0.03626, 2.50220, 1.19187, 3.01231, 3.21055, 0.00000, 3.05260, 3.00828, 2.69963, 2.56183, 22.98128
1728401963, 200407163, 0xDDDD, 2005, 27.43590, 1.22168, 24.81250, 23.75000, 25.00000, 23.93750, 1.33451, 0.04190, 2.50220, 1.18945, 3.07516, 3.19282, 0.00000, 3.04857, 3.00828, 2.70044, 2.56103, 22.44402
1728401963, 200507188, 0xDDDD, 2006, 27.83883, 1.22168, 24.87500, 23.75000, 25.00000, 23.93750, 1.33451, 0.04513, 2.50220, 1.18381, 3.05502, 3.20168, 0.00000, 3.04938, 3.00828, 2.69883, 2.55700, 22.62310
1728401963, 200607180, 0xDDDD, 2007, 27.83883, 1.22168, 24.87500, 23.75000, 25.00000, 23.93750, 1.33531, 0.04110, 2.50220, 1.18139, 3.03568, 3.20894, 0.00000, 3.05260, 3.00828, 2.70044, 2.56908, 22.62310
1728401964, 200707166, 0xDDDD, 2008, 27.43590, 1.22249, 24.87500, 23.81250, 25.00000, 23.93750, 1.33531, 0.03788, 2.50220, 1.17978, 3.01392, 3.19201, 0.00000, 3.04535, 3.00828, 2.70044, 2.62872, 22.62310
1728401964, 200807188, 0xDDDD, 2009, 27.83883, 1.22249, 24.81250, 23.81250, 25.00000, 23.93750, 1.33612, 0.03546, 2.50220, 1.19429, 3.03568, 3.19846, 0.00000, 3.05260, 3.00828, 2.70044, 2.56264, 22.44402
1728401964, 200907182, 0xDDDD, 2010, 27.83883, 1.22249, 24.81250, 23.75000, 25.00000, 23.93750, 1.33531, 0.04432, 2.50220, 1.19106, 3.01795, 3.20007, 0.00000, 3.05179, 3.00908, 2.70044, 2.55861, 22.44402
1728401964, 201007186, 0xDDDD, 2011, 27.43590, 1.22249, 24.81250, 23.75000, 25.06250, 24.00000, 1.33531, 0.04110, 2.50220, 1.18703, 3.08081, 3.20733, 0.00000, 3.05179, 3.00908, 2.70125, 2.55941, 22.62310
1728401964, 201107163, 0xDDDD, 2012, 28.24175, 1.22410, 24.81250, 23.75000, 25.06250, 24.00000, 1.33451, 0.04271, 2.50139, 1.18462, 3.04938, 3.18960, 0.00000, 3.04777, 3.01070, 2.69963, 2.56183, 22.08586
1728401964, 201207164, 0xDDDD, 2013, 27.83883, 1.22249, 24.81250, 23.75000, 25.06250, 23.87500, 1.33531, 0.03626, 2.50220, 1.18300, 3.01311, 3.19685, 0.00000, 3.05179, 3.00828, 2.70125, 2.52396, 22.62310
1728401964, 201307177, 0xDDDD, 2014, 27.43590, 1.22249, 24.81250, 23.75000, 25.00000, 23.87500, 1.33531, 0.04110, 2.50220, 1.17897, 3.07839, 3.20410, 0.00000, 3.05099, 3.00828, 2.70044, 2.51429, 22.62310
1728401964, 201407175, 0xDDDD, 2015, 27.43590, 1.22249, 24.81250, 23.75000, 25.00000, 23.87500, 1.33531, 0.04029, 2.50220, 1.17495, 3.01553, 3.18718, 0.00000, 3.05179, 3.00828, 2.70044, 2.56264, 22.26494
1728401964, 201507186, 0xDDDD, 2016, 27.83883, 1.22249, 24.81250, 23.75000, 25.06250, 23.87500, 1.33612, 0.03626, 2.50220, 1.19670, 3.08000, 3.18799, 0.00000, 3.05099, 3.00828, 2.70125, 2.56344, 22.62310
1728401964, 201607199, 0xDDDD, 2017, 27.43590, 1.22249, 24.81250, 23.75000, 25.06250, 23.87500, 1.33531, 0.04271, 2.50220, 1.18623, 3.05905, 3.19443, 0.00000, 3.05179, 3.00828, 2.70125, 2.55861, 22.62310
1728401965, 201707179, 0xDDDD, 2018, 27.43590, 1.22249, 24.81250, 23.75000, 25.06250, 23.93750, 1.31839, 0.04755, 2.50220, 1.18139, 3.03729, 3.20330, 0.00000, 3.05099, 3.00828, 2.70044, 2.55861, 22.44402
1728401965, 201807169, 0xDDDD, 2019, 27.83883, 1.22249, 24.81250, 23.75000, 25.06250, 23.93750, 1.33531, 0.03385, 2.50220, 1.17736, 3.01714, 3.21055, 0.00000, 3.05099, 3.00828, 2.70125, 2.62952, 22.62310
1728401965, 201907191, 0xDDDD, 2020, 27.83883, 1.22249, 24.81250, 23.81250, 25.06250, 23.87500, 1.33531, 0.03868, 2.50220, 1.19670, 3.07678, 3.19282, 0.00000, 3.05018, 3.00828, 2.70044, 2.56586, 22.62310
1728401965, 202007163, 0xDDDD, 2021, 27.43590, 1.22249, 24.81250, 23.81250, 25.00000, 23.87500, 1.33531, 0.04029, 2.50220, 1.19509, 3.05582, 3.20168, 0.00000, 3.05099, 3.00747, 2.70044, 2.56103, 22.62310
1728401965, 202107184, 0xDDDD, 2022, 27.43590, 1.22249, 24.81250, 23.75000, 25.00000, 23.87500, 1.33531, 0.04110, 2.50220, 1.19026, 3.07839, 3.20894, 0.00000, 3.04454, 3.00828, 2.69963, 2.56022, 22.44402
1728401965, 202207174, 0xDDDD, 2023, 27.83883, 1.22249, 24.81250, 23.75000, 25.00000, 23.93750, 1.36593, 0.03949, 2.50139, 1.18542, 3.05663, 3.20974, 0.00000, 3.05179, 3.00828, 2.69883, 2.56022, 22.98128
1728401965, 202307172, 0xDDDD, 2024, 27.83883, 1.22249, 24.81250, 23.75000, 25.00000, 23.93750, 1.33531, 0.03707, 2.50220, 1.18059, 3.03810, 3.19201, 0.00000, 3.05099, 3.00747, 2.70044, 2.56183, 22.44402
1728401965, 202407177, 0xDDDD, 2025, 27.83883, 1.22249, 24.81250, 23.81250, 25.00000, 23.93750, 1.33531, 0.03465, 2.50220, 1.19590, 3.01795, 3.20007, 0.00000, 3.05260, 3.00828, 2.69963, 2.56264, 22.44402
1728401965, 202507193, 0xDDDD, 2026, 27.83883, 1.22249, 24.87500, 23.81250, 25.06250, 23.93750, 1.33531, 0.04110, 2.50220, 1.19026, 3.07678, 3.20813, 0.00000, 3.05179, 3.00828, 2.69963, 2.57795, 22.26494
1728401965, 202607175, 0xDDDD, 2027, 28.24175, 1.22249, 24.87500, 23.81250, 25.06250, 23.93750, 1.33612, 0.03788, 2.50220, 1.18623, 3.05663, 3.19040, 0.00000, 3.05179, 3.00828, 2.70125, 2.56103, 22.62310
1728401966, 202707169, 0xDDDD, 2028, 27.43590, 1.22249, 24.81250, 23.81250, 25.06250, 23.93750, 1.33531, 0.03465, 2.50220, 1.18220, 3.07678, 3.19685, 0.00000, 3.05099, 3.00828, 2.70125, 2.56264, 22.62310
1728401966, 202807179, 0xDDDD, 2029, 27.83883, 1.22168, 24.81250, 23.81250, 25.06250, 23.93750, 1.33451, 0.03546, 2.50220, 1.17817, 3.05502, 3.19766, 0.00000, 3.05179, 3.00828, 2.70044, 2.56344, 22.62310
1728401966, 202907187, 0xDDDD, 2030, 27.83883, 1.22249, 24.81250, 23.81250, 25.06250, 23.93750, 1.33531, 0.03465, 2.50139, 1.20718, 3.03165, 3.20491, 0.00000, 3.05260, 3.00828, 2.70044, 2.56264, 22.44402
1728401966, 203007181, 0xDDDD, 2031, 27.43590, 1.22249, 24.87500, 23.81250, 25.00000, 23.93750, 1.33531, 0.04110, 2.50139, 1.19590, 3.00828, 3.18879, 0.00000, 3.05179, 3.00828, 2.70044, 2.55861, 22.44402
1728401966, 203107175, 0xDDDD, 2032, 27.83883, 1.22249, 24.87500, 23.75000, 25.00000, 23.93750, 1.33531, 0.04110, 2.50220, 1.18381, 3.06630, 3.19604, 0.00000, 3.04938, 3.00828, 2.69963, 2.60777, 22.44402
1728401966, 203207178, 0xDDDD, 2033, 27.83883, 1.22168, 24.81250, 23.75000, 25.06250, 23.93750, 1.33531, 0.03626, 2.50220, 1.17897, 3.04212, 3.20330, 0.00000, 3.05099, 3.00828, 2.69963, 2.56103, 22.62310
1728401966, 203307188, 0xDDDD, 2034, 27.83883, 1.22168, 24.81250, 23.81250, 25.06250, 23.93750, 1.33531, 0.03465, 2.50220, 1.17414, 3.06066, 3.20974, 0.00000, 3.04938, 3.00828, 2.70044, 2.55941, 22.62310
1728401966, 203407185, 0xDDDD, 2035, 27.43590, 1.22249, 24.81250, 23.81250, 25.06250, 23.93750, 1.33531, 0.04029, 2.50300, 1.19832, 3.03568, 3.20974, 0.00000, 3.05179, 3.00828, 2.69963, 2.55780, 22.62310
1728401966, 203507171, 0xDDDD, 2036, 27.43590, 1.22249, 24.81250, 23.81250, 25.06250, 23.93750, 1.33531, 0.03949, 2.50139, 1.19348, 3.01150, 3.19282, 0.00000, 3.05018, 3.00828, 2.70044, 2.55861, 22.62310
1728401966, 203607173, 0xDDDD, 2037, 27.83883, 1.22249, 24.81250, 23.75000, 25.06250, 23.93750, 1.36835, 0.04432, 2.50220, 1.18784, 3.07114, 3.20088, 0.00000, 3.05018, 3.00747, 2.70205, 2.55861, 22.62310
1728401967, 203707164, 0xDDDD, 2038, 27.83883, 1.22249, 24.81250, 23.75000, 25.06250, 23.93750, 1.33531, 0.04190, 2.50220, 1.18300, 3.04374, 3.20813, 0.00000, 3.05099, 3.00828, 2.69963, 2.56747, 22.62310
1728401967, 203807175, 0xDDDD, 2039, 27.83883, 1.22249, 24.81250, 23.81250, 25.06250, 23.93750, 1.33612, 0.03949, 2.50220, 1.17897, 3.01795, 3.19121, 0.00000, 3.04938, 3.00828, 2.69963, 2.55619, 22.62310
1728401967, 203907177, 0xDDDD, 2040, 27.83883, 1.22249, 24.81250, 23.81250, 25.00000, 24.00000, 1.33612, 0.03949, 2.50220, 1.19267, 3.03245, 3.19846, 0.00000, 3.04777, 3.00828, 2.69883, 2.55941, 22.44402
1728401967, 204007176, 0xDDDD, 2041, 27.83883, 1.22249, 24.81250, 23.81250, 25.00000, 24.00000, 1.33531, 0.03546, 2.50139, 1.18945, 3.00989, 3.20652, 0.00000, 3.05179, 3.00828, 2.70125, 2.56183, 22.62310
1728401967, 204107188, 0xDDDD, 2042, 27.83883, 1.22168, 24.81250, 23.81250, 25.00000, 23.93750, 1.33612, 0.03868, 2.50139, 1.18381, 3.06711, 3.20491, 0.00000, 3.05099, 3.00828, 2.70044, 2.56505, 22.62310
1728401967, 204207179, 0xDDDD, 2043, 27.43590, 1.22249, 24.87500, 23.81250, 25.06250, 23.93750, 1.33612, 0.03707, 2.50220, 1.17897, 3.03890, 3.18799, 0.00000, 3.04938, 3.00828, 2.70125, 2.56264, 22.62310
1728401967, 204307173, 0xDDDD, 2044, 27.83883, 1.22249, 24.87500, 23.81250, 25.06250, 23.93750, 1.33531, 0.04271, 2.50220, 1.17495, 3.01392, 3.19604, 0.00000, 3.05018, 3.00828, 2.69883, 2.54652, 22.62310
1728401967, 204407187, 0xDDDD, 2045, 27.43590, 1.22249, 24.81250, 23.81250, 25.06250, 23.93750, 1.33531, 0.04271, 2.50220, 1.19590, 3.07114, 3.20330, 0.00000, 3.05260, 3.00828, 2.70044, 2.61582, 22.62310
1728401967, 204507164, 0xDDDD, 2046, 27.83883, 1.22249, 24.81250, 23.81250, 25.06250, 23.93750, 1.33531, 0.03707, 2.50139, 1.19187, 3.04535, 3.21055, 0.00000, 3.05179, 3.00828, 2.70125, 2.55861, 22.62310
1728401967, 204607174, 0xDDDD, 2047, 27.43590, 1.22249, 24.81250, 23.81250, 25.06250, 23.93750, 1.33531, 0.05238, 2.50220, 1.18703, 3.06066, 3.19363, 0.00000, 3.05260, 3.00828, 2.70125, 2.56344, 22.44402
1728401968, 204707186, 0xDDDD, 2048, 27.83883, 1.22168, 24.81250, 23.81250, 25.06250, 23.93750, 1.33451, 0.04513, 2.50220, 1.18139, 3.03648, 3.19363, 0.00000, 3.05179, 3.00828, 2.70044, 2.55941, 22.62310
1728401968, 204807182, 0xDDDD, 2049, 27.43590, 1.22249, 24.81250, 23.81250, 25.06250, 23.93750, 1.33451, 0.03546, 2.50139, 1.19509, 3.01311, 3.19846, 0.00000, 3.05018, 3.00828, 2.70044, 2.56022, 22.44402
1728401968, 204907186, 0xDDDD, 2050, 27.83883, 1.22249, 24.81250, 23.81250, 25.00000, 23.93750, 1.33451, 0.04271, 2.50139, 1.18945, 3.06952, 3.20652, 0.00000, 3.04938, 3.00828, 2.70044, 2.55861, 22.62310
1728401968, 205007183, 0xDDDD, 2051, 27.83883, 1.22249, 24.81250, 23.81250, 25.00000, 23.93750, 1.33531, 0.04352, 2.50220, 1.18462, 3.04535, 3.18960, 0.00000, 3.05099, 3.00828, 2.70125, 2.56103, 22.62310
1728401968, 205107176, 0xDDDD, 2052, 27.43590, 1.22249, 24.81250, 23.81250, 25.06250, 23.93750, 1.33531, 0.04029, 2.50220, 1.17897, 3.02037, 3.19766, 0.00000, 3.04615, 3.00828, 2.70044, 2.58520, 22.62310
1728401968, 205207166, 0xDDDD, 2053, 27.83883, 1.22249, 24.81250, 23.81250, 25.06250, 23.93750, 1.33531, 0.03465, 2.50139, 1.17495, 3.03487, 3.20571, 0.00000, 3.05099, 3.00828, 2.70044, 2.55700, 22.44402
1728401968, 205307176, 0xDDDD, 2054, 27.83883, 1.22249, 24.81250, 23.75000, 25.06250, 23.93750, 1.33531, 0.03385, 2.50220, 1.19670, 3.00908, 3.20491, 0.00000, 3.05260, 3.00828, 2.70044, 2.56264, 22.62310
1728401968, 205407193, 0xDDDD, 2055, 27.83883, 1.22249, 24.81250, 23.75000, 25.06250, 23.93750, 1.33531, 0.03626, 2.50220, 1.19026, 3.06308, 3.18799, 0.00000, 3.05260, 3.00828, 2.70125, 2.56103, 22.44402
1728401968, 205507185, 0xDDDD, 2056, 27.83883, 1.22168, 24.81250, 23.81250, 25.06250, 23.93750, 1.33531, 0.03788, 2.50220, 1.17656, 3.03729, 3.19363, 0.00000, 3.04938, 3.00747, 2.69963, 2.56264, 22.62310
1728401968, 205607167, 0xDDDD, 2057, 27.83883, 1.22249, 24.87500, 23.81250, 25.06250, 23.93750, 1.33531, 0.04593, 2.50220, 1.19509, 3.01311, 3.20088, 0.00000, 3.05099, 3.00828, 2.70205, 2.52315, 22.44402
1728401969, 205707200, 0xDDDD, 2058, 27.83883, 1.22249, 24.87500, 23.81250, 25.06250, 23.93750, 1.33612, 0.03546, 2.50220, 1.19026, 3.07114, 3.20733, 0.00000, 3.05179, 3.00828, 2.70125, 2.57795, 22.62310
1728401969, 205807181, 0xDDDD, 2059, 27.83883, 1.22249, 24.87500, 23.81250, 25.06250, 23.93750, 1.33531, 0.03465, 2.50220, 1.18462, 3.08806, 3.18879, 0.00000, 3.04454, 3.00828, 2.69963, 2.56103, 22.62310
1728401969, 205907163, 0xDDDD, 2060, 27.83883, 1.22168, 24.87500, 23.81250, 25.06250, 23.93750, 1.33451, 0.04029, 2.50220, 1.17817, 3.06066, 3.19685, 0.00000, 3.05341, 3.00828, 2.70044, 2.56022, 22.62310
1728401969, 206007179, 0xDDDD, 2061, 27.83883, 1.22249, 24.87500, 23.81250, 25.06250, 23.93750, 1.32645, 0.03626, 2.50220, 1.19751, 3.03407, 3.19604, 0.00000, 3.04857, 3.00747, 2.70044, 2.56264, 22.44402
1728401969, 206107172, 0xDDDD, 2062, 27.83883, 1.22249, 24.87500, 23.81250, 25.06250, 23.93750, 1.33612, 0.03546, 2.50139, 1.19187, 3.00667, 3.20330, 0.00000, 3.05018, 3.00828, 2.70125, 2.56425, 22.44402
1728401969, 206207166, 0xDDDD, 2063, 27.43590, 1.22168, 24.87500, 23.81250, 25.06250, 23.93750, 1.33531, 0.04271, 2.50220, 1.18462, 3.06227, 3.21297, 0.00000, 3.05099, 3.00828, 2.70125, 2.55780, 22.62310
1728401969, 206307196, 0xDDDD, 2064, 27.43590, 1.22249, 24.87500, 23.81250, 25.06250, 23.93750, 1.33531, 0.03385, 2.50220, 1.19509, 3.03165, 3.19282, 0.00000, 3.04777, 3.00828, 2.70125, 2.55780, 22.62310
1728401969, 206407181, 0xDDDD, 2065, 27.83883, 1.22249, 24.87500, 23.81250, 25.06250, 23.93750, 1.33531, 0.03626, 2.50220, 1.18703, 3.00586, 3.19927, 0.00000, 3.05099, 3.00828, 2.70044, 2.56183, 22.62310
1728401969, 206507176, 0xDDDD, 2066, 27.83883, 1.22249, 24.87500, 23.81250, 25.06250, 23.93750, 1.33612, 0.03788, 2.50139, 1.17897, 3.02037, 3.20652, 0.00000, 3.05018, 3.00828, 2.69963, 2.56183, 22.62310
1728401969, 206607183, 0xDDDD, 2067, 27.43590, 1.22249, 24.87500, 23.81250, 25.00000, 23.93750, 1.33531, 0.04190, 2.50220, 1.19832, 3.07516, 3.20571, 0.00000, 3.05179, 3.00828, 2.70125, 2.56103, 22.80220
1728401970, 206707164, 0xDDDD, 2068, 27.83883, 1.22249, 24.87500, 23.81250, 25.00000, 23.93750, 1.33612, 0.03707, 2.50220, 1.19187, 3.04696, 3.21055, 0.00081, 3.05018, 3.00828, 2.70125, 2.56344, 22.62310
1728401970, 206807185, 0xDDDD, 2069, 27.43590, 1.22249, 24.81250, 23.81250, 25.00000, 23.93750, 1.33531, 0.03868, 2.50220, 1.18462, 3.01875, 3.19363, 0.00000, 3.05260, 3.00828, 2.70125, 2.56103, 22.62310
1728401970, 206907182, 0xDDDD, 2070, 27.83883, 1.22168, 24.81250, 23.81250, 25.00000, 23.93750, 1.33612, 0.03788, 2.50220, 1.17736, 3.07355, 3.20088, 0.00000, 3.04938, 3.00828, 2.70044, 2.58117, 22.62310
1728401970, 207007167, 0xDDDD, 2071, 27.43590, 1.22249, 24.81250, 23.81250, 25.06250, 23.93750, 1.33531, 0.03868, 2.50220, 1.19590, 3.04615, 3.20652, 0.00000, 3.05018, 3.00828, 2.70044, 2.56103, 22.62310
1728401970, 207107184, 0xDDDD, 2072, 27.83883, 1.22249, 24.87500, 23.81250, 25.06250, 23.93750, 1.33451, 0.04029, 2.50220, 1.18139, 3.05905, 3.18879, 0.00000, 3.04857, 3.00828, 2.70044, 2.56264, 22.62310
1728401970, 207207185, 0xDDDD, 2073, 27.43590, 1.22249, 24.87500, 23.81250, 25.06250, 23.93750, 1.33531, 0.04432, 2.50220, 1.17575, 3.03326, 3.18718, 0.00000, 3.05099, 3.00828, 2.70044, 2.55861, 22.62310
1728401970, 207307179, 0xDDDD, 2074, 27.83883, 1.22249, 24.87500, 23.81250, 25.06250, 23.93750, 1.33612, 0.03465, 2.50220, 1.19348, 3.00586, 3.19443, 0.00000, 3.05260, 3.00828, 2.69963, 2.56264, 22.62310
1728401970, 207407169, 0xDDDD, 2075, 27.83883, 1.22168, 24.87500, 23.81250, 25.06250, 23.93750, 1.33612, 0.04110, 2.50220, 1.18542, 3.05905, 3.20088, 0.00000, 3.05179, 3.00828, 2.69963, 2.55941, 22.62310
1728401970, 207507163, 0xDDDD, 2076, 27.43590, 1.22249, 24.87500, 23.81250, 25.00000, 23.93750, 1.33451, 0.04029, 2.50220, 1.17897, 3.03165, 3.20652, 0.00000, 3.05341, 3.00828, 2.70044, 2.56344, 22.44402
1728401970, 207607183, 0xDDDD, 2077, 27.83883, 1.22249, 24.87500, 23.81250, 25.00000, 23.93750, 1.33531, 0.03868, 2.50220, 1.19912, 3.03407, 3.18799, 0.00000, 3.04938, 3.00828, 2.70044, 2.55055, 22.62310
1728401971, 207707173, 0xDDDD, 2078, 27.43590, 1.22249, 24.87500, 23.81250, 25.00000, 24.00000, 1.33531, 0.03788, 2.50139, 1.19106, 3.01392, 3.19604, 0.00000, 3.05179, 3.00828, 2.70044, 2.56264, 22.80220
1728401971, 207807177, 0xDDDD, 2079, 27.03297, 1.22249, 24.81250, 23.81250, 25.00000, 24.00000, 1.33612, 0.04110, 2.50220, 1.17656, 3.06791, 3.19443, 0.00000, 3.05099, 3.00828, 2.70044, 2.56103, 22.62310
1728401971, 207907201, 0xDDDD, 2080, 27.83883, 1.22249, 24.81250, 23.81250, 25.00000, 24.00000, 1.33531, 0.04029, 2.50139, 1.19509, 3.03729, 3.20168, 0.00000, 3.05018, 3.00747, 2.70125, 2.55941, 22.62310
1728401971, 208007183, 0xDDDD, 2081, 27.43590, 1.22249, 24.81250, 23.81250, 25.06250, 23.93750, 1.28615, 0.03949, 2.50220, 1.18784, 3.00989, 3.20813, 0.00000, 3.05018, 3.00828, 2.69963, 2.55861, 22.62310
1728401971, 208107170, 0xDDDD, 2082, 27.83883, 1.22168, 24.81250, 23.81250, 25.06250, 23.93750, 1.33531, 0.04110, 2.50220, 1.17897, 3.06147, 3.18960, 0.00000, 3.05179, 3.00828, 2.70044, 2.58037, 22.62310
1728401971, 208207181, 0xDDDD, 2083, 27.43590, 1.22249, 24.81250, 23.81250, 25.06250, 23.93750, 1.33531, 0.03465, 2.50139, 1.19751, 3.03165, 3.19443, 0.00000, 3.04696, 3.00747, 2.69963, 2.54330, 22.62310
1728401971, 208307169, 0xDDDD, 2084, 27.43590, 1.22249, 24.81250, 23.81250, 25.06250, 23.93750, 1.33451, 0.03707, 2.50220, 1.19106, 3.08322, 3.20249, 0.00000, 3.05179, 3.00828, 2.70044, 2.56103, 22.62310
1728401971, 208407184, 0xDDDD, 2085, 27.43590, 1.22249, 24.81250, 23.81250, 25.06250, 23.93750, 1.33531, 0.03465, 2.50220, 1.18381, 3.01392, 3.21055, 0.00000, 3.05018, 3.00828, 2.69883, 2.56103, 22.62310
1728401971, 208507174, 0xDDDD, 2086, 27.43590, 1.22249, 24.81250, 23.81250, 25.06250, 24.00000, 1.33531, 0.03465, 2.50220, 1.17656, 3.06872, 3.20894, 0.00000, 3.05018, 3.00828, 2.70044, 2.56425, 22.08586
1728401971, 208607174, 0xDDDD, 2087, 27.83883, 1.22168, 24.81250, 23.81250, 25.06250, 24.00000, 1.33531, 0.04110, 2.50220, 1.19267, 3.04051, 3.18960, 0.00000, 3.05099, 3.00828, 2.70044, 2.56022, 22.62310
1728401972, 208707180, 0xDDDD, 2088, 27.43590, 1.22168, 24.81250, 23.87500, 25.06250, 24.00000, 1.33531, 0.04271, 2.50139, 1.17736, 3.01070, 3.19604, 0.00000, 3.04938, 3.00828, 2.69963, 2.56183, 22.62310
1728401972, 208807194, 0xDDDD, 2089, 27.83883, 1.22168, 24.81250, 23.87500, 25.06250, 24.00000, 1.33531, 0.03788, 2.50220, 1.19509, 3.06469, 3.20249, 0.00081, 3.05099, 3.00747, 2.70044, 2.56103, 22.62310
1728401972, 208907174, 0xDDDD, 2090, 27.43590, 1.22249, 24.81250, 23.81250, 25.06250, 23.93750, 1.33451, 0.04352, 2.50220, 1.18542, 3.03810, 3.20974, 0.00000, 3.05260, 3.00747, 2.70044, 2.56425, 22.62310
1728401972, 209007173, 0xDDDD, 2091, 27.83883, 1.22249, 24.87500, 23.81250, 25.06250, 23.93750, 1.33531, 0.03949, 2.50220, 1.17656, 3.04857, 3.18960, 0.00000, 3.05341, 3.00828, 2.70044, 2.56022, 22.62310
1728401972, 209107184, 0xDDDD, 2092, 27.43590, 1.22168, 24.87500, 23.75000, 25.06250, 23.93750, 1.33612, 0.04029, 2.50220, 1.19348, 3.01956, 3.18879, 0.00000, 3.05260, 3.00828, 2.70044, 2.55941, 22.62310
1728401972, 209207164, 0xDDDD, 2093, 27.43590, 1.22249, 24.87500, 23.75000, 25.06250, 23.93750, 1.33451, 0.03949, 2.50139, 1.18542, 3.07436, 3.19604, 0.00000, 3.05099, 3.00828, 2.70125, 2.56103, 22.44402
1728401972, 209307175, 0xDDDD, 2094, 27.43590, 1.22249, 24.87500, 23.75000, 25.06250, 23.93750, 1.33531, 0.03868, 2.50220, 1.17656, 3.04374, 3.20168, 0.00000, 3.04938, 3.00828, 2.70044, 2.55941, 22.62310
1728401972, 209407178, 0xDDDD, 2095, 27.83883, 1.22249, 24.87500, 23.81250, 25.06250, 23.93750, 1.33531, 0.03546, 2.50220, 1.18623, 3.01311, 3.20733, 0.00000, 3.05099, 3.00828, 2.70044, 2.59004, 22.62310
1728401972, 209507175, 0xDDDD, 2096, 27.43590, 1.22249, 24.81250, 23.81250, 25.00000, 23.93750, 1.33451, 0.04432, 2.50220, 1.17817, 3.06630, 3.18879, 0.00000, 3.05260, 3.00828, 2.70044, 2.45788, 22.62310
1728401972, 209607182, 0xDDDD, 2097, 27.83883, 1.22249, 24.81250, 23.81250, 25.00000, 23.93750, 1.33451, 0.04755, 2.50220, 1.19670, 3.07919, 3.19604, 0.00000, 3.05179, 3.00828, 2.69963, 2.56505, 22.62310
1728401973, 209707185, 0xDDDD, 2098, 27.83883, 1.22249, 24.81250, 23.81250, 25.06250, 24.00000, 1.33531, 0.03788, 2.50220, 1.18945, 3.04938, 3.19443, 0.00000, 3.05260, 3.00828, 2.69963, 2.56022, 22.62310
1728401973, 209807179, 0xDDDD, 2099, 27.83883, 1.22249, 24.81250, 23.81250, 25.06250, 24.00000, 1.33531, 0.03868, 2.50220, 1.18220, 3.02037, 3.20007, 0.00000, 3.05179, 3.00828, 2.69963, 2.56264, 22.62310
1728401973, 209907164, 0xDDDD, 2100, 27.83883, 1.22249, 24.81250, 23.75000, 25.00000, 23.93750, 1.33612, 0.03868, 2.50220, 1.17414, 3.07194, 3.20491, 0.00081, 3.05179, 3.00828, 2.70125, 2.56264, 22.62310
1728401973, 210007164, 0xDDDD, 2101, 27.83883, 1.22249, 24.87500, 23.75000, 25.00000, 23.93750, 1.33531, 0.03949, 2.50220, 1.19187, 3.04212, 3.21055, 0.00000, 3.05018, 3.00828, 2.70044, 2.55538, 22.62310
1728401973, 210107180, 0xDDDD, 2102, 27.43590, 1.22168, 24.87500, 23.81250, 25.00000, 23.93750, 1.33451, 0.03465, 2.50220, 1.18300, 3.01311, 3.19121, 0.00000, 3.05179, 3.00667, 2.69963, 2.55700, 22.62310
1728401973, 210207183, 0xDDDD, 2103, 27.83883, 1.22249, 24.81250, 23.81250, 25.06250, 23.93750, 1.33531, 0.03788, 2.50220, 1.19187, 3.02278, 3.19685, 0.00000, 3.05099, 3.00828, 2.70044, 2.56103, 22.62310
1728401973, 210307184, 0xDDDD, 2104, 27.83883, 1.22249, 24.81250, 23.81250, 25.06250, 23.93750, 1.33531, 0.03707, 2.50220, 1.18300, 3.07758, 3.20249, 0.00000, 3.04938, 3.00828, 2.70044, 2.56183, 22.62310
1728401973, 210407187, 0xDDDD, 2105, 27.83883, 1.22249, 24.81250, 23.81250, 25.06250, 23.93750, 1.33531, 0.04110, 2.50220, 1.17414, 3.04777, 3.20330, 0.00000, 3.05260, 3.00828, 2.70044, 2.56022, 21.90678
1728401973, 210507183, 0xDDDD, 2106, 27.83883, 1.22249, 24.81250, 23.81250, 25.06250, 23.93750, 1.33531, 0.04110, 2.50059, 1.19106, 3.01714, 3.20894, 0.00000, 3.05179, 3.00828, 2.70044, 2.56022, 22.62310
1728401973, 210607171, 0xDDDD, 2107, 27.83883, 1.22168, 24.81250, 23.81250, 25.06250, 24.00000, 1.33451, 0.04029, 2.50139, 1.18300, 3.07033, 3.18960, 0.00000, 3.05099, 3.00828, 2.70044, 2.55297, 22.62310
1728401974, 210707191, 0xDDDD, 2108, 27.43590, 1.22168, 24.87500, 23.81250, 25.06250, 24.00000, 1.33451, 0.04271, 2.50220, 1.20476, 3.03890, 3.19524, 0.00000, 3.05179, 3.00747, 2.69883, 2.53040, 22.44402
1728401974, 210807170, 0xDDDD, 2109, 27.83883, 1.22168, 24.87500, 23.81250, 25.06250, 24.00000, 1.33531, 0.03546, 2.50139, 1.19026, 3.00828, 3.20088, 0.00000, 3.05179, 3.00828, 2.69963, 2.56022, 22.62310
1728401974, 210907174, 0xDDDD, 2110, 27.43590, 1.22249, 24.87500, 23.81250, 25.06250, 23.93750, 1.33531, 0.04352, 2.50220, 1.18059, 3.01956, 3.20571, 0.00000, 3.05018, 3.00828, 2.70125, 2.56022, 22.62310
1728401974, 211007186, 0xDDDD, 2111, 27.43590, 1.22249, 24.87500, 23.81250, 25.06250, 23.93750, 1.33531, 0.05399, 2.50220, 1.19026, 3.07114, 3.20410, 0.00000, 3.05179, 3.00828, 2.70125, 2.56264, 22.62310
1728401974, 211107187, 0xDDDD, 2112, 28.24175, 1.22168, 24.87500, 23.81250, 25.12500, 23.93750, 1.33451, 0.04674, 2.50139, 1.18462, 3.02762, 3.21136, 0.00000, 3.05260, 3.00908, 2.69963, 2.55780, 22.98128
1728401974, 211207177, 0xDDDD, 2113, 27.83883, 1.22249, 24.87500, 23.81250, 25.12500, 23.93750, 1.33531, 0.04271, 2.50220, 1.17736, 3.06308, 3.19201, 0.00000, 3.04938, 3.00828, 2.70044, 2.55941, 22.62310
1728401974, 211307185, 0xDDDD, 2114, 27.43590, 1.22249, 24.87500, 23.81250, 25.12500, 23.93750, 1.33451, 0.04432, 2.50220, 1.19509, 3.03487, 3.19766, 0.00000, 3.05260, 3.00908, 2.69963, 2.56022, 22.62310
1728401974, 211407176, 0xDDDD, 2115, 27.83883, 1.22249, 24.87500, 23.81250, 25.06250, 24.00000, 1.33531, 0.03626, 2.50220, 1.18703, 3.00344, 3.20330, 0.00000, 3.05179, 3.00828, 2.70044, 2.55538, 22.62310
1728401974, 211507172, 0xDDDD, 2116, 27.43590, 1.22249, 24.87500, 23.81250, 25.06250, 24.00000, 1.33531, 0.03465, 2.50300, 1.17978, 3.01392, 3.20894, 0.00000, 3.05018, 3.00747, 2.69963, 2.55780, 22.62310
1728401974, 211607183, 0xDDDD, 2117, 27.83883, 1.22168, 24.87500, 23.81250, 25.06250, 24.00000, 1.33531, 0.03546, 2.50139, 1.19751, 3.06711, 3.20733, 0.00000, 3.05018, 3.00828, 2.69963, 2.56344, 22.62310
1728401975, 211707191, 0xDDDD, 2118, 27.83883, 1.22249, 24.87500, 23.81250, 25.06250, 24.00000, 1.33451, 0.04190, 2.50220, 1.18864, 3.03648, 3.18799, 0.00000, 3.05018, 3.00828, 2.70044, 2.55861, 22.62310
1728401975, 211807186, 0xDDDD, 2119, 27.43590, 1.22249, 24.87500, 23.75000, 25.06250, 24.00000, 1.33531, 0.04110, 2.50139, 1.18300, 3.00667, 3.19363, 0.00000, 3.05018, 3.00828, 2.70044, 2.55861, 22.62310
1728401975, 211907173, 0xDDDD, 2120, 27.43590, 1.22249, 24.87500, 23.75000, 25.06250, 24.00000, 1.33531, 0.04190, 2.50220, 1.19106, 3.05502, 3.20007, 0.00000, 3.05179, 3.00828, 2.70205, 2.52234, 22.62310
1728401975, 212007185, 0xDDDD, 2121, 27.43590, 1.22249, 24.87500, 23.81250, 25.06250, 24.00000, 1.33531, 0.03385, 2.50220, 1.18300, 3.02520, 3.20652, 0.00000, 3.05260, 3.00828, 2.70125, 2.55136, 22.62310
1728401975, 212107183, 0xDDDD, 2122, 27.83883, 1.22249, 24.87500, 23.81250, 25.06250, 24.00000, 1.33451, 0.04352, 2.50220, 1.17414, 3.03568, 3.18637, 0.00000, 3.05179, 3.00828, 2.69963, 2.56264, 22.62310
1728401975, 212207165, 0xDDDD, 2123, 27.83883, 1.22249, 24.87500, 23.81250, 25.06250, 24.00000, 1.33531, 0.03949, 2.50220, 1.19106, 3.00505, 3.19282, 0.00000, 3.05179, 3.00828, 2.69963, 2.56022, 22.44402
1728401975, 212307183, 0xDDDD, 2124, 27.43590, 1.22249, 24.87500, 23.87500, 25.06250, 23.93750, 1.33612, 0.05399, 2.50220, 1.18139, 3.05985, 3.19121, 0.00000, 3.04938, 3.00828, 2.70044, 2.56022, 22.62310
1728401975, 212407174, 0xDDDD, 2125, 27.43590, 1.22249, 24.87500, 23.87500, 25.06250, 23.93750, 1.32886, 0.03949, 2.50220, 1.20315, 3.03245, 3.19766, 0.00000, 3.04938, 3.00828, 2.70125, 2.55941, 22.62310
1728401975, 212507166, 0xDDDD, 2126, 27.43590, 1.22249, 24.87500, 23.81250, 25.06250, 23.93750, 1.33531, 0.03626, 2.50139, 1.18220, 3.09612, 3.20249, 0.00000, 3.05099, 3.00828, 2.70125, 2.58037, 22.62310
1728401975, 212607194, 0xDDDD, 2127, 27.83883, 1.22249, 24.87500, 23.81250, 25.06250, 23.93750, 1.33531, 0.04674, 2.50220, 1.17333, 3.05260, 3.20894, 0.00000, 3.05179, 3.00828, 2.69963, 2.59568, 22.62310
1728401976, 212707180, 0xDDDD, 2128, 27.83883, 1.22249, 24.87500, 23.81250, 25.06250, 23.93750, 1.33451, 0.03788, 2.50220, 1.19026, 3.01875, 3.19040, 0.00081, 3.05179, 3.00828, 2.69963, 2.55941, 22.62310
1728401976, 212807184, 0xDDDD, 2129, 27.43590, 1.22249, 24.87500, 23.81250, 25.06250, 23.93750, 1.33531, 0.03788, 2.50220, 1.18220, 3.02762, 3.19685, 0.00000, 3.05018, 3.00828, 2.70044, 2.56344, 22.62310
1728401976, 212907173, 0xDDDD, 2130, 27.43590, 1.22249, 24.87500, 23.81250, 25.06250, 23.93750, 1.33531, 0.03868, 2.50220, 1.17414, 3.08242, 3.19524, 0.00000, 3.04857, 3.00828, 2.70044, 2.56022, 22.62310
1728401976, 213007166, 0xDDDD, 2131, 27.43590, 1.22249, 24.87500, 23.81250, 25.06250, 24.00000, 1.31194, 0.03707, 2.50220, 1.19187, 3.05099, 3.20088, 0.00000, 3.05260, 3.00828, 2.70044, 2.56022, 22.62310
1728401976, 213107187, 0xDDDD, 2132, 27.43590, 1.22249, 24.87500, 23.81250, 25.06250, 24.00000, 1.33531, 0.04029, 2.50220, 1.18220, 3.01795, 3.20571, 0.00000, 3.04615, 3.00828, 2.70044, 2.56183, 22.62310
1728401976, 213207181, 0xDDDD, 2133, 27.43590, 1.22249, 24.87500, 23.81250, 25.06250, 24.00000, 1.33612, 0.03949, 2.50139, 1.18945, 3.06630, 3.20652, 0.00000, 3.04615, 3.00828, 2.70044, 2.55619, 22.62310
1728401976, 213307166, 0xDDDD, 2134, 27.43590, 1.22168, 24.87500, 23.81250, 25.06250, 23.93750, 1.33531, 0.04190, 2.50220, 1.18300, 3.03326, 3.19363, 0.00000, 3.05179, 3.00828, 2.70125, 2.56586, 22.62310
1728401976, 213407176, 0xDDDD, 2135, 27.43590, 1.22249, 24.87500, 23.81250, 25.06250, 23.93750, 1.33531, 0.04432, 2.50220, 1.17495, 3.04212, 3.19927, 0.00000, 3.05099, 3.00828, 2.70044, 2.56264, 22.62310
1728401976, 213507192, 0xDDDD, 2136, 27.83883, 1.22168, 24.87500, 23.81250, 25.06250, 24.00000, 1.33612, 0.03707, 2.50220, 1.19267, 3.00828, 3.19685, 0.00000, 3.05179, 3.00828, 2.70044, 2.55941, 22.62310
1728401976, 213607182, 0xDDDD, 2137, 27.43590, 1.22249, 24.87500, 23.81250, 25.06250, 24.00000, 1.33451, 0.04593, 2.50220, 1.18381, 3.05582, 3.20168, 0.00000, 3.05018, 3.00747, 2.70125, 2.55941, 22.62310
1728401977, 213707171, 0xDDDD, 2138, 27.43590, 1.22249, 24.87500, 23.81250, 25.06250, 24.00000, 1.33612, 0.03707, 2.50220, 1.18059, 3.02117, 3.20733, 0.00000, 3.05341, 3.00747, 2.70125, 2.55941, 22.62310
1728401977, 213807167, 0xDDDD, 2139, 27.43590, 1.22168, 24.87500, 23.81250, 25.06250, 23.93750, 1.33531, 0.03465, 2.50220, 1.19026, 3.07194, 3.21055, 0.00000, 3.05179, 3.00828, 2.70125, 2.58762, 22.62310
1728401977, 213907197, 0xDDDD, 2140, 27.43590, 1.22249, 24.87500, 23.81250, 25.06250, 23.93750, 1.33531, 0.03546, 2.50220, 1.18139, 3.03729, 3.19201, 0.00000, 3.05099, 3.00828, 2.69963, 2.53443, 22.62310
1728401977, 214007174, 0xDDDD, 2141, 27.83883, 1.22249, 24.87500, 23.81250, 25.06250, 23.93750, 1.33531, 0.04110, 2.50139, 1.19832, 3.04535, 3.19685, 0.00000, 3.05018, 3.00828, 2.69963, 2.56264, 22.62310
1728401977, 214107177, 0xDDDD, 2142, 27.03297, 1.22168, 24.87500, 23.81250, 25.06250, 23.93750, 1.33531, 0.03546, 2.50139, 1.18139, 3.01392, 3.19443, 0.00081, 3.05099, 3.00828, 2.70044, 2.56103, 22.62310
1728401977, 214207203, 0xDDDD, 2143, 27.43590, 1.22168, 24.87500, 23.81250, 25.06250, 23.93750, 1.33531, 0.03707, 2.50220, 1.19751, 3.06469, 3.20088, 0.00000, 3.05179, 3.00747, 2.70125, 2.56103, 22.62310
1728401977, 214307189, 0xDDDD, 2144, 27.43590, 1.22168, 24.87500, 23.81250, 25.06250, 23.93750, 1.33531, 0.04352, 2.50059, 1.18703, 3.02923, 3.20571, 0.00000, 3.04938, 3.00828, 2.70044, 2.55941, 22.62310
1728401977, 214407175, 0xDDDD, 2145, 27.83883, 1.22249, 24.87500, 23.81250, 25.06250, 23.93750, 1.33531, 0.03707, 2.50220, 1.17656, 3.08081, 3.21055, 0.00000, 3.05179, 3.00747, 2.70044, 2.56425, 22.62310
1728401977, 214507181, 0xDDDD, 2146, 27.43590, 1.22168, 24.87500, 23.81250, 25.06250, 23.93750, 1.33531, 0.03949, 2.50220, 1.19348, 3.04535, 3.19040, 0.00000, 3.05179, 3.00828, 2.70044, 2.56586, 22.62310
1728401977, 214607174, 0xDDDD, 2147, 27.83883, 1.22249, 24.81250, 23.81250, 25.06250, 23.93750, 1.33451, 0.04190, 2.50139, 1.18139, 3.01231, 3.19604, 0.00000, 3.05179, 3.00828, 2.70044, 2.56022, 22.62310
1728401978, 214707197, 0xDDDD, 2148, 27.83883, 1.22249, 24.81250, 23.81250, 25.12500, 24.00000, 1.33531, 0.04110, 2.50220, 1.19751, 3.01714, 3.20088, 0.00000, 3.05099, 3.00828, 2.70044, 2.56022, 22.62310
1728401978, 214807176, 0xDDDD, 2149, 27.43590, 1.22168, 24.87500, 23.81250, 25.12500, 24.00000, 1.33531, 0.03707, 2.50220, 1.18703, 3.06791, 3.19846, 0.00000, 3.05179, 3.00828, 2.70125, 2.55941, 22.08586
1728401978, 214907182, 0xDDDD, 2150, 27.83883, 1.22168, 24.87500, 23.81250, 25.12500, 24.00000, 1.33451, 0.03949, 2.50139, 1.17575, 3.03487, 3.20410, 0.00000, 3.05099, 3.00828, 2.69963, 2.56183, 22.62310
1728401978, 215007177, 0xDDDD, 2151, 27.83883, 1.22168, 24.87500, 23.81250, 25.06250, 23.93750, 1.33451, 0.03868, 2.50220, 1.18300, 3.00344, 3.20974, 0.00000, 3.05260, 3.00828, 2.70044, 2.56022, 22.62310
1728401978, 215107174, 0xDDDD, 2152, 27.43590, 1.22249, 24.87500, 23.81250, 25.06250, 23.93750, 1.33531, 0.03465, 2.50220, 1.19751, 3.05260, 3.18960, 0.00000, 3.05260, 3.00747, 2.69963, 2.61341, 22.62310
1728401978, 215207178, 0xDDDD, 2153, 27.83883, 1.22249, 24.87500, 23.81250, 25.06250, 24.00000, 1.33531, 0.03626, 2.50220, 1.18864, 3.01553, 3.19604, 0.00000, 3.05179, 3.00908, 2.70044, 2.55780, 22.62310
1728401978, 215307179, 0xDDDD, 2154, 27.43590, 1.22249, 24.87500, 23.81250, 25.06250, 24.00000, 1.33531, 0.03626, 2.50220, 1.17575, 3.02117, 3.20249, 0.00000, 3.04615, 3.00828, 2.69963, 2.56183, 22.62310
1728401978, 215407175, 0xDDDD, 2155, 27.83883, 1.22249, 24.87500, 23.87500, 25.06250, 24.00000, 1.33531, 0.04593, 2.50220, 1.19106, 3.06630, 3.19927, 0.00000, 3.05179, 3.00828, 2.70125, 2.55941, 22.62310
1728401978, 215507171, 0xDDDD, 2156, 27.43590, 1.22249, 24.87500, 23.87500, 25.06250, 23.93750, 1.33612, 0.03626, 2.50220, 1.17978, 3.02923, 3.20330, 0.00000, 3.05099, 3.00828, 2.70044, 2.56344, 22.62310
1728401978, 215607176, 0xDDDD, 2157, 27.43590, 1.22249, 24.87500, 23.87500, 25.06250, 23.93750, 1.33531, 0.04271, 2.50139, 1.19429, 3.07678, 3.20813, 0.00000, 3.05099, 3.00828, 2.70044, 2.55941, 22.62310
1728401979, 215707185, 0xDDDD, 2158, 27.83883, 1.22168, 24.87500, 23.81250, 25.06250, 23.93750, 1.33531, 0.03707, 2.50220, 1.17414, 3.04293, 3.18879, 0.00000, 3.04777, 3.00747, 2.70125, 2.57231, 22.62310
1728401979, 215807166, 0xDDDD, 2159, 27.83883, 1.22249, 24.87500, 23.81250, 25.06250, 23.93750, 1.33531, 0.03465, 2.50220, 1.18784, 3.01070, 3.19443, 0.00000, 3.05018, 3.00828, 2.69963, 2.56667, 22.62310
1728401979, 215907176, 0xDDDD, 2160, 27.43590, 1.22249, 24.87500, 23.81250, 25.06250, 24.00000, 1.33531, 0.04432, 2.50220, 1.17495, 3.01392, 3.20007, 0.00000, 3.04535, 3.00828, 2.69963, 2.56183, 22.80220
1728401979, 216007185, 0xDDDD, 2161, 27.43590, 1.22249, 24.87500, 23.81250, 25.06250, 24.00000, 1.33531, 0.04593, 2.50220, 1.18945, 3.06147, 3.19685, 0.00000, 3.04615, 3.00828, 2.69963, 2.55780, 22.62310
1728401979, 216107186, 0xDDDD, 2162, 27.43590, 1.22249, 24.87500, 23.87500, 25.06250, 24.00000, 1.33370, 0.04271, 2.50300, 1.17736, 3.02762, 3.20249, 0.00000, 3.04857, 3.00747, 2.69802, 2.55861, 22.62310
1728401979, 216207169, 0xDDDD, 2163, 27.43590, 1.22249, 24.87500, 23.87500, 25.06250, 24.00000, 1.33612, 0.03868, 2.50220, 1.19026, 3.07194, 3.20733, 0.00000, 3.05341, 3.00828, 2.70125, 2.56183, 22.62310
1728401979, 216307166, 0xDDDD, 2164, 27.43590, 1.22249, 24.87500, 23.87500, 25.06250, 24.00000, 1.33531, 0.04029, 2.50220, 1.17978, 3.03165, 3.18960, 0.00000, 3.05179, 3.00828, 2.70044, 2.55941, 22.62310
1728401979, 216407182, 0xDDDD, 2165, 27.43590, 1.22249, 24.87500, 23.81250, 25.06250, 23.93750, 1.33531, 0.03868, 2.50220, 1.19348, 3.07516, 3.19282, 0.00000, 3.05018, 3.00747, 2.69963, 2.55861, 22.62310
1728401979, 216507178, 0xDDDD, 2166, 27.83883, 1.22249, 24.87500, 23.81250, 25.06250, 23.93750, 1.33531, 0.03465, 2.50220, 1.19993, 3.08081, 3.19846, 0.00000, 3.05018, 3.00828, 2.70125, 2.55941, 22.62310
1728401979, 216607175, 0xDDDD, 2167, 27.43590, 1.22249, 24.87500, 23.81250, 25.06250, 23.93750, 1.33531, 0.05641, 2.50220, 1.18542, 3.04293, 3.20410, 0.00000, 3.05179, 3.00747, 2.69963, 2.55941, 22.62310
1728401980, 216707182, 0xDDDD, 2168, 27.83883, 1.22249, 24.87500, 23.81250, 25.06250, 24.00000, 1.33451, 0.03788, 2.50220, 1.19590, 3.00747, 3.20088, 0.00000, 3.05179, 3.00828, 2.70044, 2.56103, 22.08586
1728401980, 216807181, 0xDDDD, 2169, 27.43590, 1.22168, 24.87500, 23.81250, 25.06250, 24.00000, 1.33451, 0.04513, 2.50139, 1.18623, 3.05179, 3.20652, 0.00000, 3.04696, 3.00828, 2.69963, 2.55861, 22.62310
1728401980, 216907163, 0xDDDD, 2170, 27.43590, 1.22249, 24.87500, 23.87500, 25.12500, 24.00000, 1.33451, 0.04110, 2.50220, 1.17495, 3.01553, 3.21216, 0.00000, 3.05099, 3.00828, 2.70044, 2.55780, 22.62310
1728401980, 217007205, 0xDDDD, 2171, 27.83883, 1.22168, 24.87500, 23.87500, 25.12500, 24.00000, 1.33612, 0.03707, 2.50220, 1.18945, 3.06066, 3.19040, 0.00000, 3.05018, 3.00828, 2.69963, 2.57070, 22.62310
1728401980, 217107176, 0xDDDD, 2172, 27.83883, 1.22249, 24.87500, 23.87500, 25.12500, 24.00000, 1.33531, 0.03626, 2.50139, 1.17736, 3.02923, 3.19443, 0.00000, 3.04938, 3.00747, 2.70044, 2.55861, 22.62310
1728401980, 217207167, 0xDDDD, 2173, 27.83883, 1.22249, 24.87500, 23.87500, 25.12500, 24.00000, 1.33451, 0.03626, 2.50220, 1.19187, 3.03326, 3.20007, 0.00000, 3.04938, 3.00747, 2.70044, 2.56264, 22.44402
1728401980, 217307176, 0xDDDD, 2174, 27.83883, 1.22168, 24.87500, 23.87500, 25.12500, 24.00000, 1.33531, 0.03304, 2.50139, 1.19832, 3.08161, 3.19766, 0.00000, 3.05260, 3.00828, 2.70044, 2.56103, 22.62310
1728401980, 217407200, 0xDDDD, 2175, 27.83883, 1.22168, 24.87500, 23.81250, 25.06250, 24.00000, 1.33531, 0.03465, 2.50220, 1.18542, 3.04374, 3.20249, 0.00000, 3.05018, 3.00747, 2.70044, 2.56183, 22.62310
1728401980, 217507177, 0xDDDD, 2176, 27.83883, 1.22249, 24.87500, 23.81250, 25.06250, 24.00000, 1.33531, 0.03546, 2.50220, 1.20718, 3.00828, 3.20652, 0.00000, 3.05179, 3.00747, 2.70044, 2.56264, 22.62310
1728401980, 217607184, 0xDDDD, 2177, 27.43590, 1.22249, 24.87500, 23.81250, 25.12500, 24.00000, 1.33531, 0.03707, 2.50220, 1.18784, 3.05099, 3.21216, 0.00000, 3.05179, 3.00828, 2.70044, 2.69319, 22.62310
1728401981, 217707167, 0xDDDD, 2178, 27.43590, 1.22249, 24.87500, 23.81250, 25.12500, 24.00000, 1.33531, 0.03788, 2.50220, 1.17495, 3.01231, 3.19282, 0.00000, 3.05099, 3.00828, 2.70044, 2.55458, 22.62310
1728401981, 217807179, 0xDDDD, 2179, 27.83883, 1.22249, 24.87500, 23.87500, 25.12500, 24.00000, 1.33451, 0.04674, 2.50220, 1.18784, 3.01311, 3.19685, 0.00000, 3.04938, 3.00828, 2.69963, 2.56344, 22.80220
1728401981, 217907184, 0xDDDD, 2180, 27.83883, 1.22330, 24.87500, 23.87500, 25.12500, 24.00000, 1.33531, 0.04029, 2.50139, 1.17575, 3.05905, 3.19604, 0.00000, 3.05099, 3.00828, 2.70044, 2.56103, 22.62310
1728401981, 218007172, 0xDDDD, 2181, 27.83883, 1.22168, 24.87500, 23.87500, 25.12500, 24.00000, 1.33451, 0.04352, 2.50139, 1.18945, 3.01956, 3.20007, 0.00000, 3.05018, 3.00747, 2.69963, 2.56022, 22.62310
1728401981, 218107188, 0xDDDD, 2182, 27.43590, 1.22249, 24.87500, 23.81250, 25.06250, 23.93750, 1.33451, 0.04271, 2.50139, 1.19509, 3.06711, 3.20571, 0.00000, 3.04374, 3.00828, 2.70044, 2.55861, 22.62310
1728401981, 218207177, 0xDDDD, 2183, 27.43590, 1.22168, 24.87500, 23.81250, 25.06250, 23.93750, 1.33531, 0.03707, 2.50220, 1.18220, 3.02842, 3.20813, 0.00000, 3.05099, 3.00828, 2.70044, 2.53685, 22.62310
1728401981, 218307205, 0xDDDD, 2184, 27.43590, 1.22249, 24.87500, 23.81250, 25.06250, 23.93750, 1.33531, 0.03949, 2.50139, 1.19670, 3.07114, 3.18879, 0.00000, 3.05099, 3.00828, 2.70044, 2.56586, 22.62310
1728401981, 218407170, 0xDDDD, 2185, 27.83883, 1.22249, 24.87500, 23.81250, 25.06250, 24.00000, 1.33531, 0.03626, 2.50139, 1.18462, 3.07678, 3.19363, 0.00000, 3.05018, 3.00828, 2.69963, 2.55941, 22.62310
1728401981, 218507166, 0xDDDD, 2186, 27.83883, 1.22249, 24.87500, 23.81250, 25.06250, 24.00000, 1.33531, 0.03707, 2.50139, 1.19993, 3.03810, 3.19846, 0.00000, 3.05099, 3.00828, 2.69883, 2.56264, 22.62310
1728401981, 218607186, 0xDDDD, 2187, 27.43590, 1.22249, 24.87500, 23.81250, 25.06250, 23.93750, 1.33612, 0.05158, 2.50139, 1.18462, 3.08081, 3.19524, 0.00000, 3.05179, 3.00828, 2.70044, 2.56022, 22.80220
1728401982, 218707174, 0xDDDD, 2188, 27.43590, 1.22249, 24.87500, 23.81250, 25.06250, 23.93750, 1.33531, 0.03868, 2.50220, 1.19832, 3.03890, 3.20007, 0.00000, 3.05018, 3.00828, 2.70044, 2.56022, 22.62310
1728401982, 218807166, 0xDDDD, 2189, 27.43590, 1.22249, 24.87500, 23.87500, 25.06250, 23.93750, 1.33531, 0.04432, 2.50139, 1.17817, 3.08322, 3.20410, 0.00000, 3.05099, 3.00828, 2.70044, 2.57392, 22.62310
1728401982, 218907185, 0xDDDD, 2190, 27.83883, 1.22249, 24.87500, 23.87500, 25.06250, 23.93750, 1.33451, 0.04190, 2.50220, 1.19106, 3.04374, 3.20894, 0.00000, 3.05179, 3.00828, 2.69963, 2.51670, 22.62310
1728401982, 219007182, 0xDDDD, 2191, 27.43590, 1.22168, 24.87500, 23.81250, 25.06250, 23.93750, 1.33531, 0.03707, 2.50220, 1.17817, 3.00344, 3.18879, 0.00000, 3.04454, 3.00828, 2.69963, 2.56103, 22.62310
1728401982, 219107175, 0xDDDD, 2192, 27.43590, 1.22249, 24.87500, 23.81250, 25.06250, 24.00000, 1.33531, 0.02982, 2.50220, 1.19267, 3.00747, 3.19363, 0.00000, 3.05179, 3.00828, 2.70044, 2.56264, 22.62310
1728401982, 219207173, 0xDDDD, 2193, 27.83883, 1.22249, 24.87500, 23.81250, 25.06250, 24.00000, 1.33531, 0.03949, 2.50220, 1.17978, 3.05260, 3.19040, 0.00000, 3.05260, 3.00828, 2.70044, 2.56022, 22.62310
1728401982, 219307172, 0xDDDD, 2194, 27.43590, 1.22168, 24.87500, 23.87500, 25.06250, 24.00000, 1.28454, 0.03949, 2.50220, 1.19429, 3.01392, 3.19604, 0.00000, 3.05099, 3.00828, 2.69963, 2.56264, 22.62310
1728401982, 219407187, 0xDDDD, 2195, 27.83883, 1.22168, 24.87500, 23.87500, 25.06250, 24.00000, 1.33451, 0.03788, 2.50220, 1.18139, 3.05905, 3.20007, 0.00000, 3.05018, 3.00747, 2.70044, 2.56022, 22.62310
1728401982, 219507181, 0xDDDD, 2196, 27.83883, 1.22168, 24.87500, 23.81250, 25.06250, 24.00000, 1.33531, 0.03385, 2.50139, 1.19509, 3.01714, 3.20571, 0.00000, 3.04938, 3.00747, 2.70044, 2.55216, 22.62310
1728401982, 219607168, 0xDDDD, 2197, 27.83883, 1.22168, 24.87500, 23.81250, 25.06250, 24.00000, 1.33531, 0.03707, 2.50220, 1.17414, 3.05824, 3.21055, 0.00000, 3.05260, 3.00747, 2.69963, 2.49817, 22.62310
1728401983, 219707179, 0xDDDD, 2198, 27.03297, 1.22168, 24.87500, 23.81250, 25.06250, 24.00000, 1.33531, 0.04029, 2.50220, 1.18703, 3.05985, 3.19201, 0.00000, 3.05179, 3.00828, 2.70125, 2.56183, 22.62310
1728401983, 219807186, 0xDDDD, 2199, 27.43590, 1.22249, 24.87500, 23.87500, 25.06250, 24.00000, 1.33451, 0.02982, 2.50139, 1.17495, 3.02117, 3.18879, 0.00000, 3.05099, 3.00828, 2.69883, 2.56264, 22.62310
1728401983, 219907178, 0xDDDD, 2200, 27.83883, 1.22249, 24.87500, 23.87500, 25.06250, 24.00000, 1.33451, 0.03868, 2.50139, 1.18864, 3.06630, 3.19363, 0.00000, 3.05260, 3.00747, 2.69963, 2.56103, 22.80220
1728401983, 220007178, 0xDDDD, 2201, 27.43590, 1.22168, 24.87500, 23.81250, 25.06250, 24.00000, 1.33531, 0.03949, 2.50220, 1.17495, 3.02681, 3.19685, 0.00000, 3.05179, 3.00828, 2.69963, 2.56103, 22.62310
1728401983, 220107171, 0xDDDD, 2202, 27.83883, 1.22168, 24.87500, 23.81250, 25.06250, 24.00000, 1.33451, 0.04029, 2.50220, 1.18784, 3.07194, 3.20168, 0.00000, 3.05179, 3.00747, 2.69963, 2.54974, 22.44402
1728401983, 220207185, 0xDDDD, 2203, 27.43590, 1.22249, 24.87500, 23.81250, 25.06250, 24.00000, 1.33531, 0.03788, 2.50300, 1.17414, 3.03004, 3.20571, 0.00000, 3.05179, 3.00747, 2.69883, 2.55619, 22.62310
1728401983, 220307178, 0xDDDD, 2204, 27.43590, 1.22168, 24.87500, 23.87500, 25.06250, 24.00000, 1.33531, 0.04513, 2.50139, 1.18623, 3.03165, 3.21055, 0.00000, 3.05179, 3.00828, 2.70044, 2.56344, 22.62310
1728401983, 220407182, 0xDDDD, 2205, 27.83883, 1.22249, 24.87500, 23.87500, 25.06250, 24.00000, 1.33451, 0.03465, 2.50139, 1.19026, 3.07678, 3.20733, 0.00000, 3.04938, 3.00828, 2.69963, 2.56183, 22.62310
1728401983, 220507188, 0xDDDD, 2206, 27.43590, 1.22249, 24.87500, 23.81250, 25.06250, 23.93750, 1.33531, 0.03707, 2.50220, 1.17656, 3.03810, 3.20974, 0.00000, 3.04696, 3.00828, 2.69963, 2.56586, 22.62310
1728401983, 220607200, 0xDDDD, 2207, 27.43590, 1.22168, 24.87500, 23.81250, 25.06250, 23.93750, 1.33531, 0.03707, 2.50139, 1.18864, 3.08161, 3.19040, 0.00000, 3.04857, 3.00747, 2.70044, 2.56183, 22.62310
1728401984, 220707174, 0xDDDD, 2208, 27.43590, 1.22249, 24.87500, 23.81250, 25.06250, 23.93750, 1.33451, 0.04352, 2.50059, 1.17495, 3.04293, 3.19363, 0.00000, 3.05099, 3.00828, 2.70044, 2.56264, 22.62310
1728401984, 220807182, 0xDDDD, 2209, 27.83883, 1.22249, 24.87500, 23.81250, 25.06250, 24.00000, 1.33531, 0.04352, 2.50220, 1.18703, 3.00586, 3.19927, 0.00000, 3.05099, 3.00908, 2.70044, 2.56183, 22.62310
1728401984, 220907179, 0xDDDD, 2210, 27.83883, 1.22249, 24.87500, 23.81250, 25.06250, 24.00000, 1.33531, 0.03385, 2.50139, 1.17414, 3.04938, 3.20410, 0.00000, 3.04938, 3.00747, 2.70125, 2.55780, 22.62310
1728401984, 221007170, 0xDDDD, 2211, 27.43590, 1.22249, 24.87500, 23.81250, 25.06250, 23.93750, 1.33451, 0.03868, 2.50139, 1.18703, 3.05018, 3.20894, 0.00000, 3.04938, 3.00828, 2.70044, 2.56183, 22.62310
1728401984, 221107182, 0xDDDD, 2212, 28.64468, 1.22249, 24.87500, 23.81250, 25.06250, 23.93750, 1.33451, 0.04190, 2.50300, 1.17575, 3.08322, 3.20733, 0.00081, 3.05341, 3.00747, 2.70205, 2.56103, 21.72771
1728401984, 221207184, 0xDDDD, 2213, 27.83883, 1.22249, 24.87500, 23.81250, 25.06250, 23.93750, 1.33531, 0.03949, 2.50220, 1.18300, 3.02278, 3.21055, 0.00000, 3.05099, 3.00747, 2.70044, 2.56022, 22.80220
1728401984, 221307184, 0xDDDD, 2214, 27.83883, 1.22249, 24.87500, 23.81250, 25.06250, 23.93750, 1.33531, 0.03626, 2.50139, 1.19590, 3.06630, 3.18960, 0.00000, 3.05099, 3.00747, 2.69963, 2.56183, 22.62310
1728401984, 221407175, 0xDDDD, 2215, 27.43590, 1.22249, 24.87500, 23.81250, 25.06250, 23.93750, 1.33531, 0.04513, 2.50220, 1.18139, 3.02520, 3.19363, 0.00000, 3.05018, 3.00828, 2.69963, 2.52718, 22.62310
1728401984, 221507179, 0xDDDD, 2216, 27.43590, 1.22249, 24.87500, 23.81250, 25.06250, 23.93750, 1.33451, 0.04190, 2.50220, 1.19187, 3.06952, 3.19766, 0.00000, 3.04777, 3.00747, 2.70044, 2.59004, 22.62310
1728401984, 221607180, 0xDDDD, 2217, 27.83883, 1.22249, 24.87500, 23.81250, 25.06250, 23.93750, 1.33451, 0.03546, 2.50139, 1.17817, 3.07114, 3.20330, 0.00000, 3.04857, 3.00747, 2.69963, 2.56183, 22.62310
1728401985, 221707178, 0xDDDD, 2218, 27.83883, 1.22249, 24.87500, 23.81250, 25.12500, 23.93750, 1.33612, 0.03546, 2.50139, 1.19026, 3.03245, 3.20007, 0.00000, 3.04938, 3.00828, 2.69883, 2.56103, 22.62310
1728401985, 221807172, 0xDDDD, 2219, 27.83883, 1.22249, 24.87500, 23.81250, 25.12500, 23.93750, 1.33612, 0.04029, 2.50220, 1.17575, 3.07758, 3.20410, 0.00000, 3.05099, 3.00747, 2.69963, 2.56103, 22.62310
1728401985, 221907175, 0xDDDD, 2220, 27.43590, 1.22249, 24.87500, 23.81250, 25.12500, 23.93750, 1.33128, 0.04110, 2.50139, 1.18623, 3.03568, 3.20652, 0.00000, 3.05260, 3.00828, 2.70044, 2.56022, 22.62310
1728401985, 222007176, 0xDDDD, 2221, 27.83883, 1.22249, 24.87500, 23.81250, 25.12500, 23.93750, 1.33531, 0.03546, 2.50139, 1.19106, 3.08161, 3.21055, 0.00000, 3.05179, 3.00667, 2.69963, 2.53201, 22.62310
1728401985, 222107170, 0xDDDD, 2222, 27.43590, 1.22249, 24.87500, 23.81250, 25.12500, 23.93750, 1.33531, 0.03626, 2.50220, 1.17656, 3.04132, 3.19040, 0.00000, 3.05099, 3.00747, 2.70044, 2.56989, 22.62310
1728401985, 222207175, 0xDDDD, 2223, 27.43590, 1.22168, 24.87500, 23.81250, 25.12500, 24.00000, 1.33531, 0.03626, 2.50220, 1.18864, 3.04051, 3.19524, 0.00000, 3.04535, 3.00828, 2.69963, 2.55941, 22.62310
1728401985, 222307185, 0xDDDD, 2224, 27.83883, 1.22249, 24.87500, 23.81250, 25.12500, 24.00000, 1.33531, 0.01531, 2.50220, 1.17414, 3.06147, 3.19282, 0.00000, 3.05099, 3.00828, 2.70044, 2.55861, 22.62310
1728401985, 222407187, 0xDDDD, 2225, 27.83883, 1.22168, 24.87500, 23.81250, 25.06250, 24.00000, 1.33612, 0.04674, 2.50220, 1.18542, 3.04454, 3.19685, 0.00000, 3.05179, 3.00828, 2.70125, 2.55941, 22.62310
1728401985, 222507175, 0xDDDD, 2226, 27.83883, 1.22249, 24.87500, 23.81250, 25.06250, 24.00000, 1.33612, 0.04029, 2.50220, 1.19670, 3.00667, 3.20168, 0.00000, 3.05341, 3.00828, 2.70044, 2.55941, 22.62310
1728401985, 222607173, 0xDDDD, 2227, 27.83883, 1.22249, 24.93750, 23.81250, 25.06250, 24.00000, 1.33531, 0.03788, 2.50220, 1.18300, 3.05099, 3.20491, 0.00000, 3.05018, 3.00828, 2.70125, 2.56183, 22.62310
1728401986, 222707186, 0xDDDD, 2228, 27.43590, 1.22168, 24.93750, 23.81250, 25.12500, 23.93750, 1.33531, 0.04029, 2.50139, 1.19429, 3.00908, 3.20974, 0.00000, 3.05018, 3.00828, 2.70044, 2.57795, 22.62310
1728401986, 222807178, 0xDDDD, 2229, 27.43590, 1.22168, 24.93750, 23.81250, 25.12500, 23.93750, 1.33451, 0.04271, 2.50139, 1.19670, 3.00747, 3.18879, 0.00000, 3.05099, 3.00828, 2.70044, 2.56264, 22.62310
1728401986, 222907181, 0xDDDD, 2230, 27.83883, 1.22249, 24.93750, 23.81250, 25.12500, 24.00000, 1.33451, 0.05399, 2.50220, 1.18220, 3.04615, 3.19604, 0.00000, 3.05018, 3.00747, 2.70125, 2.56264, 22.62310
1728401986, 223007168, 0xDDDD, 2231, 27.83883, 1.22249, 24.93750, 23.81250, 25.12500, 24.00000, 1.33531, 0.05963, 2.50220, 1.19267, 3.00586, 3.19121, 0.00000, 3.05099, 3.00828, 2.70044, 2.56264, 23.16036
1728401986, 223107184, 0xDDDD, 2232, 27.43590, 1.22249, 24.81250, 23.81250, 25.12500, 24.00000, 1.33531, 0.04029, 2.50220, 1.17978, 3.04454, 3.19604, 0.00000, 3.05179, 3.00828, 2.70125, 2.56183, 22.80220
1728401986, 223207164, 0xDDDD, 2233, 27.43590, 1.22249, 24.81250, 23.87500, 25.12500, 24.00000, 1.33451, 0.03868, 2.50220, 1.19026, 3.00425, 3.20088, 0.00000, 3.05179, 3.00828, 2.70125, 2.56183, 22.62310
1728401986, 223307194, 0xDDDD, 2234, 27.83883, 1.22249, 24.87500, 23.87500, 25.12500, 24.00000, 1.33531, 0.04110, 2.50220, 1.17656, 3.04938, 3.20571, 0.00000, 3.04938, 3.00747, 2.70044, 2.55055, 22.62310
1728401986, 223407175, 0xDDDD, 2235, 27.83883, 1.22249, 24.87500, 23.87500, 25.06250, 24.00000, 1.33451, 0.04190, 2.50220, 1.18864, 3.00989, 3.20974, 0.00000, 3.05099, 3.00828, 2.70044, 2.56103, 22.62310
1728401986, 223507166, 0xDDDD, 2236, 27.43590, 1.22249, 24.87500, 23.87500, 25.06250, 24.00000, 1.33531, 0.03626, 2.50139, 1.19267, 3.00828, 3.18879, 0.00000, 3.05018, 3.00747, 2.70044, 2.56022, 22.62310
1728401986, 223607179, 0xDDDD, 2237, 27.43590, 1.22249, 24.87500, 23.81250, 25.12500, 24.00000, 1.33531, 0.03949, 2.50220, 1.17736, 3.04857, 3.21216, 0.00000, 3.05099, 3.00747, 2.69963, 2.56264, 22.62310
1728401987, 223707184, 0xDDDD, 2238, 27.43590, 1.22168, 24.87500, 23.81250, 25.12500, 24.00000, 1.33531, 0.04110, 2.50139, 1.18864, 3.00828, 3.19040, 0.00000, 3.05260, 3.00828, 2.70044, 2.56022, 22.62310
1728401987, 223807184, 0xDDDD, 2239, 27.43590, 1.22249, 24.87500, 23.81250, 25.12500, 24.00000, 1.33531, 0.03546, 2.50300, 1.17414, 3.05018, 3.19524, 0.00000, 3.04938, 3.00828, 2.70044, 2.56103, 22.62310
1728401987, 223907172, 0xDDDD, 2240, 27.43590, 1.22168, 24.87500, 23.81250, 25.12500, 24.00000, 1.33451, 0.03868, 2.50220, 1.18462, 3.00747, 3.20007, 0.00000, 3.05099, 3.00828, 2.70044, 2.52315, 22.62310
1728401987, 224007169, 0xDDDD, 2241, 27.83883, 1.22249, 24.87500, 23.81250, 25.12500, 24.00000, 1.33531, 0.04110, 2.50139, 1.19429, 3.04696, 3.20491, 0.00000, 3.04615, 3.00828, 2.70125, 2.56505, 22.62310
1728401987, 224107183, 0xDDDD, 2242, 27.43590, 1.22168, 24.87500, 23.81250, 25.12500, 24.00000, 1.33531, 0.03626, 2.50220, 1.17897, 3.04777, 3.20813, 0.00000, 3.05179, 3.00828, 2.70044, 2.55861, 22.62310
1728401987, 224207183, 0xDDDD, 2243, 27.83883, 1.22249, 24.87500, 23.81250, 25.12500, 24.00000, 1.33612, 0.04190, 2.50139, 1.18945, 3.00586, 3.20491, 0.00000, 3.04777, 3.00828, 2.70044, 2.55941, 22.62310
1728401987, 224307172, 0xDDDD, 2244, 27.83883, 1.22168, 24.87500, 23.81250, 25.12500, 24.00000, 1.33612, 0.03546, 2.50220, 1.17495, 3.04454, 3.20733, 0.00000, 3.05018, 3.00747, 2.70044, 2.56425, 22.62310
1728401987, 224407179, 0xDDDD, 2245, 27.83883, 1.22249, 24.87500, 23.87500, 25.12500, 24.00000, 1.33531, 0.03546, 2.50139, 1.17817, 3.09853, 3.18799, 0.00000, 3.05099, 3.00828, 2.69963, 2.56344, 22.62310
1728401987, 224507183, 0xDDDD, 2246, 27.43590, 1.22249, 24.87500, 23.87500, 25.12500, 24.00000, 1.33451, 0.04352, 2.50220, 1.18945, 3.03971, 3.19363, 0.00000, 3.05099, 3.00828, 2.70044, 2.53766, 22.80220
1728401987, 224607175, 0xDDDD, 2247, 27.83883, 1.22249, 24.87500, 23.87500, 25.12500, 24.00000, 1.33612, 0.03788, 2.50220, 1.17414, 3.08081, 3.19685, 0.00000, 3.05018, 3.00747, 2.69963, 2.57311, 22.62310
1728401988, 224707171, 0xDDDD, 2248, 27.43590, 1.22249, 24.87500, 23.87500, 25.12500, 24.00000, 1.33531, 0.04352, 2.50139, 1.18381, 3.07839, 3.20168, 0.00000, 3.05179, 3.00828, 2.70044, 2.56183, 22.26494
1728401988, 224807170, 0xDDDD, 2249, 27.43590, 1.22249, 24.87500, 23.87500, 25.06250, 24.00000, 1.33531, 0.03707, 2.50139, 1.19509, 3.03568, 3.20571, 0.00000, 3.04857, 3.00747, 2.69963, 2.55941, 22.62310
1728401988, 224907201, 0xDDDD, 2250, 27.43590, 1.22249, 24.87500, 23.87500, 25.06250, 23.93750, 1.33451, 0.03465, 2.50139, 1.17817, 3.07678, 3.20249, 0.00000, 3.05099, 3.00828, 2.70044, 2.56103, 22.62310
1728401988, 225007174, 0xDDDD, 2251, 27.43590, 1.22168, 24.87500, 23.87500, 25.06250, 23.93750, 1.33612, 0.03707, 2.50139, 1.18945, 3.03326, 3.20652, 0.00000, 3.05179, 3.00828, 2.70044, 2.55861, 22.62310
1728401988, 225107165, 0xDDDD, 2252, 27.43590, 1.22249, 24.87500, 23.87500, 25.06250, 24.00000, 1.33531, 0.03949, 2.50139, 1.19348, 3.07033, 3.21055, 0.00000, 3.05179, 3.00747, 2.69963, 2.57392, 22.62310
1728401988, 225207190, 0xDDDD, 2253, 27.43590, 1.22249, 24.87500, 23.87500, 25.06250, 24.00000, 1.33531, 0.03868, 2.50220, 1.17817, 3.02520, 3.18960, 0.00000, 3.04535, 3.00828, 2.70044, 2.51993, 22.62310
1728401988, 225307176, 0xDDDD, 2254, 27.83883, 1.22249, 24.87500, 23.81250, 25.12500, 24.00000, 1.33531, 0.03465, 2.50220, 1.18703, 3.06388, 3.19443, 0.00000, 3.05018, 3.00828, 2.70044, 2.55780, 22.62310
1728401988, 225407175, 0xDDDD, 2255, 27.83883, 1.22249, 24.87500, 23.81250, 25.12500, 24.00000, 1.33531, 0.03788, 2.50139, 1.19751, 3.06147, 3.19766, 0.00000, 3.05179, 3.00828, 2.69963, 2.56103, 22.62310
1728401988, 225507178, 0xDDDD, 2256, 27.43590, 1.22249, 24.87500, 23.81250, 25.12500, 24.00000, 1.33692, 0.03707, 2.50220, 1.18220, 3.01473, 3.19363, 0.00000, 3.05179, 3.00828, 2.70044, 2.56344, 22.62310
1728401988, 225607175, 0xDDDD, 2257, 27.43590, 1.22249, 24.87500, 23.81250, 25.12500, 23.93750, 1.33531, 0.04190, 2.50139, 1.19106, 3.05582, 3.19766, 0.00000, 3.05099, 3.00828, 2.69883, 2.56183, 22.62310
1728401989, 225707197, 0xDDDD, 2258, 27.43590, 1.22249, 24.93750, 23.81250, 25.12500, 23.93750, 1.33451, 0.03223, 2.50059, 1.20637, 3.01150, 3.20168, 0.00000, 3.05018, 3.00747, 2.69963, 2.56103, 22.62310
1728401989, 225807182, 0xDDDD, 2259, 27.43590, 1.22249, 24.93750, 23.81250, 25.12500, 24.00000, 1.33531, 0.03707, 2.50139, 1.18300, 3.05018, 3.20491, 0.00000, 3.04938, 3.00828, 2.70044, 2.57070, 22.62310
1728401989, 225907174, 0xDDDD, 2260, 27.83883, 1.22249, 24.93750, 23.81250, 25.12500, 24.00000, 1.33451, 0.03868, 2.50139, 1.18381, 3.00828, 3.20894, 0.00000, 3.04696, 3.00828, 2.70044, 2.49253, 22.62310
1728401989, 226007167, 0xDDDD, 2261, 27.83883, 1.22168, 24.87500, 23.81250, 25.12500, 24.00000, 1.33531, 0.03868, 2.50139, 1.19348, 3.00425, 3.18718, 0.00000, 3.05260, 3.00828, 2.69963, 2.56022, 22.62310
1728401989, 226107176, 0xDDDD, 2262, 27.43590, 1.22249, 24.87500, 23.81250, 25.12500, 24.00000, 1.33451, 0.04110, 2.50139, 1.17736, 3.04293, 3.20813, 0.00000, 3.04615, 3.00828, 2.69963, 2.56022, 22.62310
1728401989, 226207186, 0xDDDD, 2263, 27.83883, 1.22168, 24.87500, 23.81250, 25.12500, 24.00000, 1.33531, 0.03626, 2.50139, 1.18703, 3.08484, 3.18799, 0.00000, 3.05179, 3.00747, 2.70044, 2.56264, 22.62310
1728401989, 226307182, 0xDDDD, 2264, 27.43590, 1.22249, 24.87500, 23.87500, 25.06250, 24.00000, 1.33451, 0.03868, 2.50220, 1.19751, 3.04051, 3.19121, 0.00000, 3.04615, 3.00828, 2.70205, 2.56103, 22.62310
1728401989, 226407164, 0xDDDD, 2265, 27.83883, 1.22249, 24.87500, 23.87500, 25.06250, 24.00000, 1.33531, 0.03626, 2.50220, 1.18059, 3.07678, 3.19363, 0.00000, 3.05260, 3.00828, 2.69963, 2.57795, 22.62310
1728401989, 226507197, 0xDDDD, 2266, 27.83883, 1.22249, 24.93750, 23.81250, 25.12500, 24.00000, 1.33370, 0.04835, 2.50220, 1.19026, 3.02923, 3.19766, 0.00000, 3.05099, 3.00828, 2.69963, 2.51912, 22.62310
1728401989, 226607184, 0xDDDD, 2267, 27.83883, 1.22249, 24.93750, 23.81250, 25.12500, 24.00000, 1.33531, 0.04190, 2.50139, 1.17414, 3.02601, 3.20088, 0.00000, 3.05018, 3.00747, 2.70125, 2.56264, 22.44402
1728401990, 226707186, 0xDDDD, 2268, 27.43590, 1.22249, 24.87500, 23.81250, 25.12500, 24.00000, 1.33531, 0.04593, 2.50139, 1.17656, 3.06388, 3.19685, 0.00000, 3.05018, 3.00747, 2.70044, 2.56264, 22.62310
1728401990, 226807172, 0xDDDD, 2269, 27.83883, 1.22249, 24.87500, 23.81250, 25.12500, 24.00000, 1.35385, 0.03143, 2.50139, 1.18703, 3.02198, 3.20168, 0.00000, 3.05018, 3.00828, 2.70125, 2.55941, 22.62310
1728401990, 226907178, 0xDDDD, 2270, 27.83883, 1.22249, 24.87500, 23.81250, 25.12500, 24.00000, 1.33531, 0.03626, 2.50139, 1.19670, 3.05905, 3.20410, 0.00000, 3.05018, 3.00828, 2.70044, 2.56183, 22.62310
1728401990, 227007174, 0xDDDD, 2271, 27.43590, 1.22168, 24.87500, 23.81250, 25.12500, 24.00000, 1.33531, 0.04190, 2.50139, 1.17978, 3.01311, 3.20813, 0.00000, 3.05099, 3.00828, 2.70044, 2.51670, 22.62310
1728401990, 227107189, 0xDDDD, 2272, 27.83883, 1.22168, 24.87500, 23.81250, 25.12500, 24.00000, 1.33451, 0.04110, 2.50139, 1.18945, 3.05341, 3.21216, 0.00000, 3.05099, 3.00828, 2.70044, 2.56264, 22.62310
1728401990, 227207175, 0xDDDD, 2273, 27.83883, 1.22249, 24.87500, 23.81250, 25.06250, 24.00000, 1.33531, 0.03546, 2.50220, 1.17414, 3.00908, 3.18960, 0.00000, 3.05018, 3.00828, 2.70044, 2.55861, 22.62310
1728401990, 227307170, 0xDDDD, 2274, 27.43590, 1.22249, 24.87500, 23.87500, 25.06250, 24.00000, 1.33531, 0.04190, 2.50139, 1.18381, 3.00586, 3.19443, 0.00000, 3.05099, 3.00747, 2.70044, 2.55941, 22.62310
1728401990, 227407184, 0xDDDD, 2275, 27.43590, 1.22249, 24.87500, 23.87500, 25.06250, 24.00000, 1.33531, 0.03788, 2.50220, 1.19429, 3.04132, 3.19040, 0.00000, 3.05179, 3.00828, 2.70044, 2.56022, 22.08586
1728401990, 227507176, 0xDDDD, 2276, 27.43590, 1.22168, 24.87500, 23.87500, 25.12500, 24.00000, 1.30227, 0.03465, 2.50139, 1.19670, 3.08000, 3.19443, 0.00000, 3.05260, 3.00828, 2.70125, 2.56344, 22.62310
1728401990, 227607176, 0xDDDD, 2277, 27.83883, 1.22249, 24.87500, 23.87500, 25.12500, 24.00000, 1.33451, 0.04271, 2.50220, 1.17978, 3.03165, 3.19685, 0.00000, 3.04777, 3.00828, 2.70044, 2.56183, 22.62310
1728401991, 227707181, 0xDDDD, 2278, 27.43590, 1.22249, 24.87500, 23.87500, 25.12500, 24.00000, 1.33531, 0.04029, 2.50220, 1.18864, 3.06952, 3.20088, 0.00000, 3.05260, 3.00828, 2.70125, 2.55216, 22.26494
1728401991, 227807163, 0xDDDD, 2279, 27.83883, 1.22168, 24.87500, 23.87500, 25.12500, 24.00000, 1.33531, 0.03949, 2.50220, 1.19670, 3.02117, 3.20491, 0.00000, 3.05260, 3.00747, 2.70044, 2.58601, 22.62310
1728401991, 227907177, 0xDDDD, 2280, 27.43590, 1.22168, 24.93750, 23.87500, 25.12500, 24.00000, 1.33531, 0.03868, 2.50139, 1.18059, 3.01553, 3.20813, 0.00000, 3.05260, 3.00828, 2.70044, 2.56022, 22.80220
1728401991, 228007184, 0xDDDD, 2281, 27.43590, 1.22168, 24.93750, 23.87500, 25.12500, 24.00000, 1.33531, 0.03707, 2.50139, 1.19026, 3.05341, 3.20571, 0.00000, 3.05260, 3.00828, 2.70044, 2.56103, 22.62310
1728401991, 228107180, 0xDDDD, 2282, 27.83883, 1.22249, 24.93750, 23.87500, 25.12500, 24.00000, 1.33531, 0.03626, 2.50220, 1.18864, 3.00344, 3.20813, 0.00000, 3.05260, 3.00747, 2.70044, 2.56103, 22.62310
1728401991, 228207166, 0xDDDD, 2283, 27.83883, 1.22249, 24.87500, 23.87500, 25.12500, 24.00000, 1.33531, 0.03707, 2.50139, 1.18139, 3.03810, 3.21297, 0.00000, 3.05099, 3.00828, 2.69883, 2.56103, 22.62310
1728401991, 228307168, 0xDDDD, 2284, 27.83883, 1.22249, 24.87500, 23.87500, 25.12500, 24.00000, 1.33531, 0.03707, 2.50139, 1.18220, 3.07436, 3.19121, 0.00000, 3.05018, 3.00747, 2.69963, 2.64242, 22.62310
1728401991, 228407175, 0xDDDD, 2285, 27.43590, 1.22249, 24.93750, 23.87500, 25.12500, 24.00000, 1.33451, 0.03949, 2.50139, 1.19026, 3.02762, 3.19363, 0.00000, 3.05099, 3.00828, 2.70125, 2.50462, 22.62310
1728401991, 228507170, 0xDDDD, 2286, 27.43590, 1.22168, 24.93750, 23.87500, 25.12500, 24.00000, 1.33531, 0.04029, 2.50220, 1.19590, 3.02117, 3.19766, 0.00000, 3.05099, 3.00828, 2.69963, 2.56022, 22.62310
1728401991, 228607187, 0xDDDD, 2287, 27.43590, 1.22249, 24.93750, 23.87500, 25.12500, 24.00000, 1.33531, 0.03788, 2.50139, 1.18220, 3.05744, 3.19363, 0.00000, 3.05099, 3.00828, 2.70125, 2.55941, 22.62310
1728401992, 228707186, 0xDDDD, 2288, 27.43590, 1.22168, 24.93750, 23.87500, 25.12500, 23.93750, 1.33451, 0.04271, 2.50139, 1.19026, 3.01150, 3.19685, 0.00000, 3.05099, 3.00747, 2.70044, 2.55780, 22.80220
1728401992, 228807183, 0xDDDD, 2289, 27.83883, 1.22249, 24.93750, 23.87500, 25.12500, 23.93750, 1.33612, 0.03626, 2.50220, 1.19832, 3.04535, 3.19846, 0.00000, 3.05018, 3.00747, 2.70044, 2.56022, 22.62310
1728401992, 228907174, 0xDDDD, 2290, 27.43590, 1.22249, 24.87500, 23.87500, 25.12500, 23.93750, 1.33531, 0.03949, 2.50220, 1.17978, 3.08242, 3.20168, 0.00000, 3.04374, 3.00828, 2.69963, 2.56103, 22.62310
1728401992, 229007193, 0xDDDD, 2291, 27.43590, 1.22249, 24.87500, 23.87500, 25.12500, 23.93750, 1.33531, 0.03707, 2.50139, 1.18784, 3.03487, 3.20330, 0.00081, 3.05179, 3.00828, 2.70125, 2.58520, 22.62310
1728401992, 229107171, 0xDDDD, 2292, 27.43590, 1.22249, 24.93750, 23.87500, 25.06250, 23.93750, 1.33531, 0.04271, 2.50139, 1.18703, 3.06952, 3.20813, 0.00000, 3.04938, 3.00828, 2.69963, 2.56183, 22.80220
1728401992, 229207181, 0xDDDD, 2293, 27.43590, 1.22249, 24.93750, 23.87500, 25.06250, 24.00000, 1.33531, 0.04029, 2.50220, 1.19429, 3.06469, 3.21136, 0.00000, 3.05099, 3.00828, 2.70044, 2.55780, 22.62310
1728401992, 229307171, 0xDDDD, 2294, 27.43590, 1.22249, 24.93750, 23.87500, 25.06250, 24.00000, 1.33451, 0.03788, 2.50139, 1.17656, 3.01714, 3.20652, 0.00000, 3.05018, 3.00828, 2.70044, 2.56022, 22.08586
1728401992, 229407171, 0xDDDD, 2295, 27.83883, 1.22249, 24.87500, 23.87500, 25.12500, 24.00000, 1.33451, 0.03949, 2.50220, 1.18381, 3.05260, 3.21055, 0.00000, 3.04938, 3.00747, 2.69883, 2.56183, 22.62310
1728401992, 229507169, 0xDDDD, 2296, 27.43590, 1.22249, 24.87500, 23.87500, 25.12500, 24.00000, 1.33451, 0.04110, 2.50300, 1.19187, 3.00586, 3.18960, 0.00000, 3.05099, 3.00828, 2.70125, 2.56022, 22.62310
1728401992, 229607194, 0xDDDD, 2297, 27.43590, 1.22249, 24.93750, 23.87500, 25.12500, 24.00000, 1.33531, 0.03949, 2.50139, 1.17414, 3.03890, 3.19282, 0.00000, 3.05179, 3.00828, 2.70125, 2.56022, 22.62310
1728401993, 229707177, 0xDDDD, 2298, 27.03297, 1.22168, 24.93750, 23.87500, 25.12500, 24.00000, 1.33531, 0.04755, 2.50220, 1.18220, 3.07194, 3.19685, 0.00000, 3.04938, 3.00828, 2.70125, 2.56264, 22.62310
1728401993, 229807169, 0xDDDD, 2299, 27.83883, 1.22249, 24.93750, 23.87500, 25.12500, 24.00000, 1.33531, 0.04513, 2.50220, 1.19026, 3.06630, 3.20007, 0.00000, 3.04857, 3.00828, 2.70125, 2.55861, 22.62310
1728401993, 229907181, 0xDDDD, 2300, 27.43590, 1.22168, 24.87500, 23.81250, 25.12500, 24.00000, 1.33531, 0.04352, 2.50220, 1.19026, 3.01875, 3.19443, 0.00000, 3.05099, 3.00828, 2.70044, 2.56183, 22.62310
1728401993, 230007183, 0xDDDD, 2301, 27.43590, 1.22249, 24.87500, 23.81250, 25.12500, 24.00000, 1.33531, 0.04029, 2.50220, 1.19751, 3.05341, 3.19685, 0.00000, 3.05179, 3.00828, 2.69963, 2.55941, 22.62310
1728401993, 230107174, 0xDDDD, 2302, 27.43590, 1.22249, 24.87500, 23.81250, 25.12500, 24.00000, 1.33531, 0.03707, 2.50139, 1.17978, 3.00425, 3.20088, 0.00000, 3.05099, 3.00828, 2.69963, 2.56103, 22.62310
1728401993, 230207173, 0xDDDD, 2303, 27.83883, 1.22249, 24.87500, 23.81250, 25.12500, 24.00000, 1.33531, 0.04352, 2.50220, 1.18703, 3.03890, 3.20330, 0.00000, 3.05260, 3.00828, 2.70044, 2.61985, 22.62310
1728401993, 230307176, 0xDDDD, 2304, 27.83883, 1.22249, 24.93750, 23.81250, 25.12500, 24.00000, 1.33612, 0.03788, 2.50220, 1.19590, 3.07436, 3.20652, 0.00000, 3.04938, 3.00747, 2.70044, 2.56183, 22.62310
1728401993, 230407184, 0xDDDD, 2305, 27.43590, 1.22330, 24.93750, 23.81250, 25.12500, 24.00000, 1.33451, 0.04190, 2.50220, 1.17736, 3.06872, 3.20974, 0.00000, 3.04938, 3.00828, 2.69963, 2.56344, 22.62310
1728401993, 230507185, 0xDDDD, 2306, 27.83883, 1.22249, 24.93750, 23.81250, 25.12500, 24.00000, 1.33612, 0.04593, 2.50220, 1.18462, 3.02117, 3.20571, 0.00000, 3.04857, 3.00828, 2.70044, 2.55861, 22.62310
1728401993, 230607174, 0xDDDD, 2307, 27.83883, 1.22249, 24.93750, 23.87500, 25.12500, 24.00000, 1.34176, 0.03546, 2.50220, 1.18542, 3.05502, 3.20733, 0.00000, 3.05179, 3.00747, 2.70044, 2.56103, 22.62310
1728401994, 230707172, 0xDDDD, 2308, 27.43590, 1.22249, 24.93750, 23.87500, 25.12500, 24.06250, 1.31758, 0.03626, 2.50220, 1.19267, 3.00747, 3.20974, 0.00000, 3.05099, 3.00828, 2.70044, 2.56264, 22.62310
1728401994, 230807176, 0xDDDD, 2309, 27.83883, 1.22249, 24.87500, 23.87500, 25.12500, 24.06250, 1.33612, 0.03546, 2.50220, 1.20396, 3.04212, 3.18879, 0.00000, 3.05018, 3.00828, 2.70125, 2.57473, 22.62310
1728401994, 230907175, 0xDDDD, 2310, 27.83883, 1.22249, 24.87500, 23.81250, 25.12500, 24.00000, 1.33531, 0.03788, 2.50220, 1.18059, 3.07839, 3.19282, 0.00000, 3.05179, 3.00828, 2.70125, 2.55377, 22.62310
1728401994, 231007177, 0xDDDD, 2311, 27.43590, 1.22249, 24.87500, 23.81250, 25.12500, 24.00000, 1.33451, 0.04271, 2.50220, 1.18623, 3.07033, 3.19524, 0.00000, 3.05179, 3.00828, 2.69963, 2.56425, 22.62310
1728401994, 231107175, 0xDDDD, 2312, 27.43590, 1.22088, 24.93750, 23.87500, 25.12500, 24.00000, 1.33612, 0.03385, 2.50220, 1.19590, 3.01392, 3.20007, 0.00161, 3.05260, 3.00908, 2.69963, 2.56183, 23.16036
1728401994, 231207185, 0xDDDD, 2313, 27.83883, 1.22168, 24.93750, 23.87500, 25.12500, 24.00000, 1.33531, 0.03707, 2.50220, 1.17897, 3.02359, 3.19282, 0.00000, 3.04857, 3.00828, 2.69963, 2.56103, 22.44402
1728401994, 231307182, 0xDDDD, 2314, 27.83883, 1.22249, 24.87500, 23.87500, 25.12500, 24.00000, 1.33612, 0.03626, 2.50300, 1.18703, 3.05744, 3.19685, 0.00000, 3.05099, 3.00828, 2.69963, 2.56103, 22.62310
1728401994, 231407173, 0xDDDD, 2315, 27.83883, 1.22249, 24.87500, 23.87500, 25.12500, 24.00000, 1.33531, 0.03949, 2.50220, 1.18623, 3.00989, 3.19927, 0.00000, 3.05179, 3.00747, 2.70125, 2.56747, 22.62310
1728401994, 231507190, 0xDDDD, 2316, 27.83883, 1.22249, 24.93750, 23.87500, 25.12500, 24.00000, 1.33531, 0.03465, 2.50139, 1.19348, 3.04132, 3.20330, 0.00000, 3.05179, 3.00828, 2.70044, 2.62469, 22.62310
1728401994, 231607167, 0xDDDD, 2317, 27.83883, 1.22249, 24.93750, 23.87500, 25.12500, 24.00000, 1.33531, 0.04110, 2.50220, 1.20234, 3.07758, 3.20571, 0.00000, 3.05260, 3.00828, 2.69963, 2.56183, 22.62310
1728401995, 231707175, 0xDDDD, 2318, 27.83883, 1.22249, 24.93750, 23.87500, 25.12500, 24.00000, 1.33370, 0.03949, 2.50220, 1.18139, 3.07114, 3.20733, 0.00000, 3.05018, 3.00828, 2.70125, 2.56103, 22.80220
1728401995, 231807182, 0xDDDD, 2319, 27.43590, 1.22249, 24.93750, 23.87500, 25.12500, 24.00000, 1.33531, 0.04190, 2.50220, 1.18703, 3.02037, 3.20249, 0.00000, 3.05179, 3.00828, 2.70044, 2.56022, 22.62310
1728401995, 231907183, 0xDDDD, 2320, 27.43590, 1.22249, 24.93750, 23.87500, 25.12500, 24.00000, 1.33612, 0.03546, 2.50220, 1.19429, 3.05502, 3.20571, 0.00000, 3.05260, 3.00828, 2.69963, 2.56103, 22.62310
1728401995, 232007172, 0xDDDD, 2321, 27.83883, 1.22249, 24.93750, 23.87500, 25.12500, 24.00000, 1.33531, 0.03465, 2.50139, 1.19993, 3.00828, 3.20894, 0.00000, 3.05099, 3.00828, 2.70044, 2.55941, 22.62310
1728401995, 232107183, 0xDDDD, 2322, 27.83883, 1.22249, 24.93750, 23.87500, 25.12500, 24.00000, 1.33451, 0.04674, 2.50220, 1.17978, 3.04132, 3.20249, 0.00000, 3.05018, 3.00828, 2.70044, 2.55941, 22.62310
1728401995, 232207182, 0xDDDD, 2323, 27.83883, 1.22249, 24.93750, 23.87500, 25.12500, 24.00000, 1.33451, 0.03626, 2.50220, 1.17897, 3.07758, 3.19040, 0.00000, 3.05179, 3.00828, 2.70044, 2.54168, 22.62310
1728401995, 232307167, 0xDDDD, 2324, 27.83883, 1.22168, 24.93750, 23.87500, 25.12500, 24.00000, 1.33531, 0.03546, 2.50220, 1.18542, 3.07033, 3.19282, 0.00000, 3.05018, 3.00828, 2.70044, 2.56183, 22.62310
1728401995, 232407177, 0xDDDD, 2325, 27.83883, 1.22168, 24.93750, 23.87500, 25.12500, 24.00000, 1.33612, 0.03707, 2.50220, 1.19106, 3.01795, 3.18799, 0.00000, 3.05099, 3.00828, 2.69963, 2.56103, 22.44402
1728401995, 232507190, 0xDDDD, 2326, 27.83883, 1.22249, 24.87500, 23.87500, 25.12500, 24.00000, 1.33531, 0.03707, 2.50220, 1.20154, 3.04857, 3.19201, 0.00000, 3.05260, 3.00828, 2.70044, 2.56425, 22.62310
1728401995, 232607183, 0xDDDD, 2327, 27.83883, 1.22249, 24.87500, 23.87500, 25.12500, 24.00000, 1.33531, 0.03626, 2.50220, 1.17817, 3.09370, 3.19282, 0.00000, 3.05099, 3.00747, 2.70044, 2.56344, 22.62310
1728401996, 232707170, 0xDDDD, 2328, 27.43590, 1.22249, 24.87500, 23.87500, 25.12500, 24.00000, 1.33531, 0.04593, 2.50220, 1.18462, 3.03648, 3.19443, 0.00000, 3.04696, 3.00828, 2.69963, 2.62549, 22.62310
1728401996, 232807178, 0xDDDD, 2329, 27.43590, 1.22249, 24.87500, 23.87500, 25.12500, 24.00000, 1.33612, 0.03949, 2.50220, 1.19187, 3.06872, 3.19766, 0.00000, 3.05179, 3.00828, 2.69963, 2.57956, 22.62310
1728401996, 232907182, 0xDDDD, 2330, 28.24175, 1.22249, 24.87500, 23.87500, 25.12500, 24.00000, 1.33451, 0.04029, 2.50220, 1.19832, 3.05663, 3.20007, 0.00000, 3.04777, 3.00828, 2.70044, 2.56264, 22.62310
1728401996, 233007176, 0xDDDD, 2331, 27.43590, 1.22249, 24.93750, 23.87500, 25.12500, 24.00000, 1.33451, 0.05238, 2.50220, 1.19751, 3.00505, 3.19524, 0.00081, 3.05099, 3.00828, 2.69963, 2.56264, 22.62310
1728401996, 233107178, 0xDDDD, 2332, 27.83883, 1.22249, 24.93750, 23.87500, 25.12500, 24.00000, 1.33128, 0.04029, 2.50220, 1.17817, 3.03890, 3.19766, 0.00000, 3.05018, 3.00828, 2.70125, 2.56022, 22.80220
1728401996, 233207178, 0xDDDD, 2333, 27.83883, 1.22249, 24.93750, 23.87500, 25.12500, 24.00000, 1.33531, 0.03788, 2.50220, 1.18542, 3.07355, 3.20088, 0.00000, 3.04938, 3.00828, 2.70044, 2.56183, 22.62310
1728401996, 233307163, 0xDDDD, 2334, 27.83883, 1.22249, 24.93750, 23.87500, 25.12500, 24.00000, 1.33531, 0.03546, 2.50220, 1.19348, 3.02278, 3.20410, 0.00000, 3.04857, 3.00828, 2.70044, 2.52879, 22.80220
1728401996, 233407186, 0xDDDD, 2335, 27.83883, 1.22168, 24.93750, 23.87500, 25.12500, 24.00000, 1.33531, 0.03546, 2.50220, 1.19832, 3.05341, 3.20571, 0.00000, 3.04938, 3.00828, 2.70125, 2.55538, 22.62310
1728401996, 233507181, 0xDDDD, 2336, 27.83883, 1.22249, 24.87500, 23.87500, 25.12500, 24.00000, 1.33531, 0.03707, 2.50220, 1.17978, 3.00183, 3.20733, 0.00000, 3.05179, 3.00828, 2.70125, 2.56022, 22.62310
1728401996, 233607173, 0xDDDD, 2337, 27.43590, 1.22249, 24.87500, 23.87500, 25.12500, 24.06250, 1.33531, 0.04271, 2.50220, 1.18623, 3.07516, 3.21297, 0.00000, 3.05099, 3.00828, 2.70044, 2.56183, 22.80220
1728401997, 233707184, 0xDDDD, 2338, 27.43590, 1.22249, 24.93750, 23.87500, 25.12500, 24.06250, 1.33531, 0.03626, 2.50220, 1.19187, 3.02440, 3.20733, 0.00000, 3.05179, 3.00747, 2.70125, 2.56183, 22.98128
1728401997, 233807178, 0xDDDD, 2339, 27.43590, 1.22249, 24.93750, 23.93750, 25.12500, 24.00000, 1.33531, 0.04190, 2.50220, 1.19026, 3.05663, 3.20894, 0.00000, 3.05018, 3.00828, 2.69963, 2.55941, 22.62310
1728401997, 233907181, 0xDDDD, 2340, 27.83883, 1.22249, 24.93750, 23.93750, 25.12500, 24.00000, 1.33531, 0.04513, 2.50220, 1.19590, 3.00667, 3.18718, 0.00081, 3.05018, 3.00828, 2.69963, 2.56022, 22.62310
1728401997, 234007178, 0xDDDD, 2341, 27.83883, 1.22168, 24.93750, 23.87500, 25.06250, 23.93750, 1.33531, 0.03546, 2.50220, 1.17495, 3.03810, 3.18879, 0.00000, 3.05018, 3.00747, 2.70125, 2.53604, 22.80220
1728401997, 234107164, 0xDDDD, 2342, 27.83883, 1.22168, 24.93750, 23.87500, 25.06250, 23.93750, 1.33531, 0.04110, 2.50220, 1.18139, 3.06952, 3.19040, 0.00000, 3.05099, 3.00828, 2.70125, 2.53443, 22.62310
1728401997, 234207167, 0xDDDD, 2343, 27.43590, 1.22249, 24.93750, 23.87500, 25.12500, 23.93750, 1.33531, 0.03949, 2.50220, 1.18864, 3.05744, 3.19282, 0.00000, 3.04535, 3.00828, 2.69963, 2.56103, 22.62310
1728401997, 234307186, 0xDDDD, 2344, 27.83883, 1.22249, 24.93750, 23.87500, 25.12500, 24.00000, 1.33451, 0.03868, 2.50220, 1.19348, 3.00667, 3.20652, 0.00081, 3.05018, 3.00828, 2.69963, 2.56103, 22.62310
1728401997, 234407186, 0xDDDD, 2345, 27.83883, 1.22249, 24.93750, 23.87500, 25.12500, 24.00000, 1.33370, 0.05077, 2.50220, 1.20718, 3.03810, 3.19040, 0.00000, 3.05099, 3.00747, 2.70125, 2.55619, 22.80220
1728401997, 234507166, 0xDDDD, 2346, 27.83883, 1.22249, 24.93750, 23.87500, 25.12500, 24.00000, 1.33612, 0.04029, 2.50220, 1.19751, 3.07033, 3.19121, 0.00000, 3.05099, 3.00747, 2.70044, 2.56103, 22.80220
1728401997, 234607170, 0xDDDD, 2347, 27.83883, 1.22330, 24.93750, 23.87500, 25.12500, 24.00000, 1.33531, 0.03949, 2.50139, 1.17575, 3.01875, 3.19363, 0.00000, 3.05179, 3.00828, 2.69963, 2.57473, 22.62310
1728401998, 234707181, 0xDDDD, 2348, 27.83883, 1.22249, 24.93750, 23.87500, 25.18750, 24.00000, 1.33451, 0.04352, 2.50220, 1.18220, 3.05099, 3.19604, 0.00000, 3.05099, 3.00828, 2.70044, 2.59648, 22.62310
1728401998, 234807170, 0xDDDD, 2349, 27.43590, 1.22249, 24.93750, 23.87500, 25.18750, 24.00000, 1.33451, 0.03304, 2.50139, 1.18703, 3.04051, 3.19846, 0.00000, 3.05099, 3.00828, 2.70044, 2.55941, 22.62310
1728401998, 234907174, 0xDDDD, 2350, 27.43590, 1.22249, 24.93750, 23.87500, 25.12500, 24.00000, 1.33531, 0.03707, 2.50220, 1.19187, 3.07194, 3.19201, 0.00000, 3.04615, 3.00828, 2.70044, 2.56183, 22.62310
1728401998, 235007187, 0xDDDD, 2351, 27.83883, 1.22249, 24.93750, 23.87500, 25.12500, 24.00000, 1.33531, 0.04190, 2.50139, 1.19670, 3.01875, 3.19282, 0.00000, 3.05018, 3.00828, 2.70044, 2.56183, 22.62310
1728401998, 235107185, 0xDDDD, 2352, 27.83883, 1.22168, 24.93750, 23.87500, 25.12500, 24.00000, 1.33451, 0.04271, 2.50220, 1.17575, 3.04857, 3.19524, 0.00000, 3.05018, 3.00828, 2.70044, 2.56022, 22.80220
1728401998, 235207173, 0xDDDD, 2353, 27.83883, 1.22249, 24.87500, 23.87500, 25.12500, 24.00000, 1.33531, 0.04029, 2.50139, 1.18059, 3.07839, 3.19604, 0.00000, 3.04535, 3.00828, 2.69963, 2.63194, 22.62310
1728401998, 235307181, 0xDDDD, 2354, 27.43590, 1.22168, 24.87500, 23.87500, 25.12500, 24.00000, 1.33531, 0.03385, 2.50220, 1.18542, 3.02681, 3.19927, 0.00000, 3.05018, 3.00828, 2.69963, 2.55377, 22.80220
1728401998, 235407174, 0xDDDD, 2355, 27.83883, 1.22249, 24.93750, 23.87500, 25.12500, 24.00000, 1.33531, 0.03546, 2.50220, 1.18139, 3.05663, 3.20007, 0.00000, 3.05099, 3.00828, 2.70044, 2.56022, 22.80220
1728401998, 235507184, 0xDDDD, 2356, 27.83883, 1.22168, 24.93750, 23.87500, 25.12500, 24.00000, 1.33531, 0.04190, 2.50220, 1.18703, 3.04696, 3.20249, 0.00000, 3.05341, 3.00828, 2.70044, 2.55941, 22.62310
1728401998, 235607173, 0xDDDD, 2357, 27.83883, 1.22249, 24.93750, 23.87500, 25.18750, 24.00000, 1.33531, 0.03949, 2.50220, 1.19187, 3.07597, 3.19604, 0.00000, 3.05099, 3.00747, 2.70044, 2.55941, 22.08586
1728401999, 235707172, 0xDDDD, 2358, 27.83883, 1.22249, 24.93750, 23.87500, 25.18750, 24.00000, 1.33531, 0.03626, 2.50220, 1.19751, 3.02198, 3.20007, 0.00000, 3.05099, 3.00828, 2.70125, 2.56425, 22.80220
1728401999, 235807170, 0xDDDD, 2359, 27.43590, 1.22249, 24.93750, 23.87500, 25.18750, 24.00000, 1.33531, 0.03788, 2.50220, 1.17575, 3.05179, 3.20249, 0.00000, 3.04938, 3.00747, 2.70044, 2.55941, 22.80220
1728401999, 235907192, 0xDDDD, 2360, 27.43590, 1.22168, 24.93750, 23.87500, 25.12500, 24.00000, 1.33531, 0.04029, 2.50139, 1.18139, 3.04132, 3.20410, 0.00000, 3.05260, 3.00828, 2.70044, 2.56183, 22.62310
1728401999, 236007174, 0xDDDD, 2361, 27.43590, 1.22249, 24.93750, 23.87500, 25.12500, 24.00000, 1.33531, 0.03707, 2.50220, 1.18703, 3.03165, 3.20652, 0.00000, 3.05099, 3.00747, 2.69963, 2.56183, 22.80220
1728401999, 236107174, 0xDDDD, 2362, 27.83883, 1.22249, 24.93750, 23.87500, 25.12500, 24.00000, 1.33531, 0.04352, 2.50300, 1.18542, 3.01795, 3.20974, 0.00000, 3.04777, 3.00828, 2.69883, 2.55941, 22.80220
1728401999, 236207183, 0xDDDD, 2363, 27.83883, 1.22249, 24.93750, 23.87500, 25.12500, 24.00000, 1.33451, 0.04029, 2.50220, 1.19106, 3.04777, 3.20571, 0.00000, 3.05099, 3.00747, 2.69963, 2.56264, 22.62310
1728401999, 236307176, 0xDDDD, 2364, 27.83883, 1.22249, 24.93750, 23.87500, 25.12500, 24.00000, 1.33451, 0.03707, 2.50220, 1.19670, 3.07919, 3.20652, 0.00000, 3.05018, 3.00828, 2.70044, 2.56103, 22.62310
1728401999, 236407175, 0xDDDD, 2365, 27.83883, 1.22249, 24.93750, 23.87500, 25.12500, 24.00000, 1.33451, 0.04110, 2.50220, 1.17495, 3.02440, 3.20813, 0.00000, 3.05099, 3.00828, 2.69883, 2.56103, 22.80220
1728401999, 236507178, 0xDDDD, 2366, 27.43590, 1.22249, 24.93750, 23.87500, 25.12500, 24.00000, 1.33451, 0.04432, 2.50220, 1.17978, 3.05744, 3.21055, 0.00000, 3.05179, 3.00828, 2.70044, 2.67385, 22.62310
1728401999, 236607175, 0xDDDD, 2367, 27.83883, 1.22168, 24.93750, 23.87500, 25.18750, 24.00000, 1.33531, 0.03949, 2.50139, 1.18462, 3.00264, 3.18879, 0.00000, 3.05179, 3.00828, 2.69963, 2.63114, 22.62310
1728402000, 236707199, 0xDDDD, 2368, 27.83883, 1.22249, 24.93750, 23.87500, 25.18750, 24.00000, 1.33531, 0.03707, 2.50220, 1.19026, 3.07114, 3.19201, 0.00000, 3.05099, 3.00828, 2.70125, 2.56183, 22.62310
1728402000, 236807184, 0xDDDD, 2369, 27.43590, 1.22249, 24.93750, 23.87500, 25.12500, 24.00000, 1.33531, 0.03949, 2.50220, 1.19590, 3.01553, 3.21136, 0.00000, 3.05018, 3.00908, 2.70044, 2.55941, 22.62310
1728402000, 236907178, 0xDDDD, 2370, 27.83883, 1.22249, 24.93750, 23.87500, 25.12500, 24.00000, 1.33370, 0.04996, 2.50139, 1.19267, 3.04454, 3.18799, 0.00000, 3.05099, 3.00828, 2.70125, 2.55861, 22.62310
1728402000, 237007165, 0xDDDD, 2371, 27.83883, 1.22249, 24.93750, 23.87500, 25.12500, 24.00000, 1.33531, 0.03949, 2.50220, 1.19751, 3.07114, 3.19040, 0.00000, 3.05260, 3.00828, 2.69963, 2.55861, 22.62310
1728402000, 237107169, 0xDDDD, 2372, 27.83883, 1.22249, 24.93750, 23.87500, 25.18750, 24.00000, 1.33531, 0.04190, 2.50220, 1.17495, 3.01634, 3.19363, 0.00000, 3.05099, 3.00828, 2.69963, 2.55941, 22.62310
1728402000, 237207179, 0xDDDD, 2373, 27.83883, 1.22249, 24.93750, 23.87500, 25.18750, 24.00000, 1.33531, 0.03465, 2.50220, 1.17978, 3.04535, 3.19604, 0.00000, 3.05018, 3.00828, 2.70044, 2.55941, 22.80220
1728402000, 237307179, 0xDDDD, 2374, 27.83883, 1.22249, 24.93750, 23.87500, 25.12500, 24.00000, 1.33531, 0.04190, 2.50220, 1.18542, 3.02923, 3.19766, 0.00000, 3.05099, 3.00828, 2.70044, 2.56183, 22.80220
1728402000, 237407182, 0xDDDD, 2375, 27.43590, 1.22249, 24.93750, 23.87500, 25.12500, 24.00000, 1.33531, 0.04352, 2.50220, 1.18945, 3.05502, 3.20168, 0.00000, 3.05099, 3.00747, 2.69963, 2.56022, 22.62310
1728402000, 237507173, 0xDDDD, 2376, 27.83883, 1.22249, 24.93750, 23.87500, 25.12500, 24.00000, 1.33451, 0.04352, 2.50220, 1.19348, 3.08322, 3.19685, 0.00000, 3.04857, 3.00828, 2.69963, 2.56022, 22.98128
1728402000, 237607184, 0xDDDD, 2377, 27.83883, 1.22249, 24.87500, 23.87500, 25.12500, 24.00000, 1.33531, 0.03788, 2.50139, 1.20154, 3.02842, 3.19766, 0.00000, 3.05099, 3.00747, 2.70044, 2.55941, 22.62310
1728402001, 237707178, 0xDDDD, 2378, 27.43590, 1.22249, 24.87500, 23.87500, 25.12500, 24.00000, 1.33451, 0.04029, 2.50220, 1.19509, 3.05663, 3.20007, 0.00000, 3.05099, 3.00828, 2.70044, 2.57150, 22.62310
1728402001, 237807194, 0xDDDD, 2379, 27.83883, 1.22249, 24.93750, 23.87500, 25.18750, 24.00000, 1.33612, 0.03626, 2.50300, 1.20315, 3.09209, 3.20168, 0.00000, 3.05179, 3.00828, 2.70044, 2.56747, 22.62310
1728402001, 237907174, 0xDDDD, 2380, 27.83883, 1.22249, 24.93750, 23.87500, 25.18750, 24.00000, 1.33451, 0.04271, 2.50139, 1.17736, 3.03407, 3.20491, 0.00000, 3.05099, 3.00747, 2.70125, 2.56103, 22.80220
1728402001, 238007174, 0xDDDD, 2381, 27.83883, 1.22249, 24.93750, 23.87500, 25.12500, 24.00000, 1.33531, 0.03949, 2.50220, 1.18220, 3.01875, 3.20571, 0.00000, 3.05099, 3.00828, 2.69963, 2.56022, 22.62310
1728402001, 238107181, 0xDDDD, 2382, 27.83883, 1.22249, 24.93750, 23.87500, 25.12500, 24.00000, 1.33451, 0.03707, 2.50220, 1.18542, 3.04454, 3.20007, 0.00000, 3.04535, 3.00828, 2.70044, 2.55861, 22.62310
1728402001, 238207186, 0xDDDD, 2383, 27.43590, 1.22168, 24.93750, 23.87500, 25.12500, 24.00000, 1.33531, 0.03788, 2.50220, 1.18864, 3.07114, 3.20168, 0.00000, 3.04777, 3.00747, 2.70044, 2.56103, 22.62310
1728402001, 238307173, 0xDDDD, 2384, 27.43590, 1.22249, 24.93750, 23.87500, 25.12500, 24.00000, 1.33531, 0.04190, 2.50139, 1.19187, 3.01714, 3.20330, 0.00000, 3.05018, 3.00828, 2.69963, 2.55861, 22.62310
1728402001, 238407182, 0xDDDD, 2385, 27.83883, 1.22249, 24.93750, 23.87500, 25.12500, 24.00000, 1.33531, 0.04029, 2.50220, 1.19751, 3.04454, 3.20733, 0.00000, 3.05018, 3.00828, 2.70044, 2.56183, 22.80220
1728402001, 238507184, 0xDDDD, 2386, 27.43590, 1.22168, 24.93750, 23.87500, 25.12500, 24.00000, 1.33531, 0.03626, 2.50220, 1.19429, 3.07275, 3.20894, 0.00000, 3.04777, 3.00828, 2.70044, 2.57150, 22.80220
1728402001, 238607169, 0xDDDD, 2387, 27.83883, 1.22249, 24.93750, 23.87500, 25.12500, 24.00000, 1.33531, 0.03949, 2.50220, 1.19832, 3.05824, 3.18799, 0.00000, 3.05179, 3.00828, 2.70044, 2.56264, 22.62310
1728402002, 238707183, 0xDDDD, 2388, 28.24175, 1.22249, 24.93750, 23.87500, 25.12500, 24.00000, 1.33531, 0.03546, 2.50220, 1.17656, 3.00344, 3.20733, 0.00000, 3.05099, 3.00828, 2.70125, 2.56425, 22.62310
1728402002, 238807191, 0xDDDD, 2389, 27.83883, 1.22249, 24.93750, 23.87500, 25.18750, 24.00000, 1.33531, 0.01209, 2.50220, 1.17897, 3.03165, 3.20974, 0.00000, 3.05099, 3.00828, 2.70125, 2.56103, 22.80220
1728402002, 238907179, 0xDDDD, 2390, 27.83883, 1.22168, 24.93750, 23.87500, 25.18750, 24.00000, 1.33531, 0.03949, 2.50220, 1.18220, 3.06147, 3.19040, 0.00000, 3.05099, 3.00828, 2.70044, 2.56022, 22.62310
1728402002, 239007174, 0xDDDD, 2391, 27.83883, 1.22249, 24.93750, 23.87500, 25.18750, 24.00000, 1.33531, 0.03788, 2.50220, 1.18542, 3.00505, 3.18879, 0.00000, 3.05179, 3.00828, 2.70125, 2.54330, 22.62310
1728402002, 239107181, 0xDDDD, 2392, 27.43590, 1.22168, 24.93750, 23.87500, 25.18750, 24.00000, 1.33531, 0.03788, 2.50220, 1.18864, 3.03245, 3.19121, 0.00000, 3.05099, 3.00828, 2.70044, 2.56103, 22.80220
1728402002, 239207182, 0xDDDD, 2393, 27.43590, 1.22249, 24.93750, 23.87500, 25.18750, 24.00000, 1.33531, 0.03868, 2.50220, 1.19267, 3.01875, 3.19443, 0.00000, 3.05179, 3.00828, 2.70044, 2.56183, 22.62310
1728402002, 239307167, 0xDDDD, 2394, 27.83883, 1.22249, 24.93750, 23.87500, 25.18750, 24.00000, 1.33531, 0.03546, 2.50139, 1.18864, 3.04454, 3.19685, 0.00000, 3.05018, 3.00908, 2.69963, 2.56264, 22.62310
1728402002, 239407181, 0xDDDD, 2395, 27.83883, 1.22249, 24.93750, 23.87500, 25.18750, 24.00000, 1.29421, 0.03385, 2.50139, 1.19267, 3.07114, 3.19201, 0.00000, 3.04938, 3.00828, 2.70044, 2.56425, 22.80220
1728402002, 239507168, 0xDDDD, 2396, 27.83883, 1.22249, 24.93750, 23.87500, 25.12500, 24.00000, 1.33531, 0.03546, 2.50220, 1.19509, 3.01392, 3.19443, 0.00000, 3.05018, 3.00828, 2.70044, 2.55941, 22.62310
1728402002, 239607164, 0xDDDD, 2397, 27.43590, 1.22249, 24.93750, 23.87500, 25.12500, 24.00000, 1.33451, 0.04190, 2.50139, 1.19912, 3.04212, 3.19766, 0.00000, 3.05099, 3.00828, 2.70044, 2.61663, 22.62310
1728402003, 239707176, 0xDDDD, 2398, 27.43590, 1.22249, 24.93750, 23.87500, 25.12500, 24.00000, 1.33531, 0.04432, 2.50139, 1.17656, 3.06791, 3.20007, 0.00000, 3.05179, 3.00828, 2.69963, 2.61824, 22.80220
1728402003, 239807184, 0xDDDD, 2399, 27.83883, 1.22249, 24.93750, 23.87500, 25.12500, 24.00000, 1.33531, 0.04432, 2.50220, 1.17897, 3.00989, 3.20330, 0.00000, 3.05099, 3.00828, 2.70125, 2.56183, 22.62310
1728402003, 239907180, 0xDDDD, 2400, 28.24175, 1.22249, 24.93750, 23.87500, 25.12500, 24.00000, 1.33531, 0.04110, 2.50300, 1.18300, 3.07758, 3.20571, 0.00000, 3.05018, 3.00828, 2.70044, 2.55780, 22.80220
1728402003, 240007175, 0xDDDD, 2401, 27.83883, 1.22249, 24.93750, 23.87500, 25.12500, 24.00000, 1.33531, 0.04352, 2.50220, 1.18703, 3.02198, 3.20088, 0.00000, 3.05018, 3.00828, 2.70044, 2.56183, 22.80220
1728402003, 240107172, 0xDDDD, 2402, 27.83883, 1.22249, 24.93750, 23.87500, 25.12500, 24.00000, 1.34579, 0.04271, 2.50220, 1.18300, 3.04938, 3.20249, 0.00000, 3.05260, 3.00828, 2.70125, 2.55780, 22.62310
1728402003, 240207185, 0xDDDD, 2403, 27.83883, 1.22249, 24.93750, 23.87500, 25.12500, 24.00000, 1.33531, 0.03707, 2.50139, 1.18623, 3.07597, 3.20571, 0.00000, 3.04857, 3.00828, 2.70044, 2.56264, 22.62310
1728402003, 240307178, 0xDDDD, 2404, 27.83883, 1.22249, 24.93750, 23.87500, 25.12500, 24.00000, 1.33531, 0.04110, 2.50220, 1.19026, 3.02278, 3.20894, 0.00000, 3.05341, 3.00828, 2.69963, 2.57392, 22.62310
1728402003, 240407163, 0xDDDD, 2405, 27.83883, 1.22249, 24.93750, 23.87500, 25.18750, 24.00000, 1.33451, 0.04029, 2.50220, 1.19429, 3.04696, 3.21297, 0.00000, 3.04857, 3.00828, 2.69963, 2.58037, 22.80220
1728402003, 240507169, 0xDDDD, 2406, 27.83883, 1.22168, 24.93750, 23.87500, 25.18750, 24.00000, 1.33451, 0.03707, 2.50220, 1.19832, 3.03004, 3.18960, 0.00000, 3.05179, 3.00828, 2.70044, 2.55941, 22.62310
1728402003, 240607190, 0xDDDD, 2407, 27.43590, 1.22249, 24.93750, 23.87500, 25.18750, 24.06250, 1.33531, 0.04190, 2.50220, 1.17414, 3.05744, 3.20813, 0.00000, 3.05099, 3.00828, 2.70125, 2.55941, 22.62310
1728402004, 240707181, 0xDDDD, 2408, 27.43590, 1.22249, 24.93750, 23.87500, 25.12500, 24.06250, 1.33531, 0.03949, 2.50220, 1.17736, 3.08242, 3.20974, 0.00000, 3.05179, 3.00908, 2.70044, 2.56183, 22.62310
1728402004, 240807172, 0xDDDD, 2409, 27.83883, 1.22249, 24.93750, 23.87500, 25.12500, 24.00000, 1.33531, 0.03546, 2.50139, 1.18139, 3.02440, 3.21216, 0.00000, 3.04615, 3.00747, 2.70125, 2.56425, 22.80220
1728402004, 240907168, 0xDDDD, 2410, 27.43590, 1.22168, 24.93750, 23.87500, 25.12500, 24.00000, 1.33531, 0.03868, 2.50220, 1.17736, 3.05179, 3.19040, 0.00000, 3.05179, 3.00828, 2.70044, 2.57231, 22.62310
1728402004, 241007188, 0xDDDD, 2411, 27.83883, 1.22249, 24.93750, 23.87500, 25.12500, 24.00000, 1.33531, 0.03626, 2.50220, 1.18220, 3.07919, 3.19363, 0.00000, 3.05179, 3.00828, 2.70044, 2.52154, 22.80220
1728402004, 241107175, 0xDDDD, 2412, 27.83883, 1.22168, 24.93750, 23.87500, 25.12500, 24.00000, 1.33612, 0.03465, 2.50220, 1.18623, 3.06308, 3.19604, 0.00000, 3.05018, 3.00828, 2.70044, 2.55780, 22.80220
1728402004, 241207176, 0xDDDD, 2413, 27.43590, 1.22249, 24.93750, 23.87500, 25.12500, 24.00000, 1.33531, 0.03304, 2.50139, 1.19026, 3.00667, 3.19040, 0.00000, 3.05260, 3.00908, 2.69963, 2.56183, 22.62310
1728402004, 241307179, 0xDDDD, 2414, 27.43590, 1.22249, 24.93750, 23.87500, 25.12500, 24.00000, 1.33531, 0.03626, 2.50220, 1.19509, 3.03245, 3.19282, 0.00000, 3.05260, 3.00828, 2.70044, 2.56183, 22.80220
1728402004, 241407185, 0xDDDD, 2415, 27.83883, 1.22249, 24.93750, 23.87500, 25.12500, 24.00000, 1.33370, 0.04513, 2.50139, 1.19751, 3.05985, 3.19524, 0.00000, 3.05099, 3.00747, 2.69963, 2.55941, 22.62310
1728402004, 241507174, 0xDDDD, 2416, 27.43590, 1.22249, 24.93750, 23.87500, 25.12500, 24.00000, 1.33531, 0.03626, 2.50139, 1.17495, 3.08403, 3.19766, 0.00000, 3.04857, 3.00828, 2.70125, 2.60777, 22.62310
1728402004, 241607181, 0xDDDD, 2417, 27.03297, 1.22249, 24.93750, 23.87500, 25.18750, 24.00000, 1.33531, 0.04110, 2.50220, 1.17817, 3.02520, 3.19927, 0.00000, 3.05179, 3.00828, 2.70044, 2.56586, 22.80220
1728402005, 241707174, 0xDDDD, 2418, 27.83883, 1.22249, 24.93750, 23.87500, 25.18750, 24.00000, 1.33612, 0.03949, 2.50220, 1.19832, 3.05421, 3.20168, 0.00000, 3.05260, 3.00828, 2.70125, 2.56022, 22.80220
1728402005, 241807199, 0xDDDD, 2419, 27.83883, 1.22249, 24.93750, 23.87500, 25.18750, 24.06250, 1.33531, 0.03949, 2.50220, 1.17575, 3.03648, 3.20491, 0.00000, 3.05099, 3.00828, 2.69963, 2.56183, 22.62310
1728402005, 241907175, 0xDDDD, 2420, 27.43590, 1.22249, 24.93750, 23.87500, 25.12500, 24.06250, 1.33531, 0.04190, 2.50220, 1.17897, 3.06147, 3.19846, 0.00000, 3.05099, 3.00747, 2.70044, 2.56103, 22.08586
1728402005, 242007180, 0xDDDD, 2421, 27.83883, 1.22249, 24.93750, 23.87500, 25.12500, 24.00000, 1.33451, 0.03868, 2.50220, 1.18059, 3.00425, 3.20088, 0.00000, 3.05179, 3.00828, 2.69963, 2.56022, 22.62310
1728402005, 242107176, 0xDDDD, 2422, 27.83883, 1.22249, 24.93750, 23.87500, 25.12500, 24.00000, 1.33612, 0.04110, 2.50220, 1.18462, 3.02762, 3.20410, 0.00000, 3.05179, 3.00828, 2.70125, 2.56103, 22.62310
1728402005, 242207172, 0xDDDD, 2423, 28.24175, 1.22249, 24.93750, 23.87500, 25.12500, 24.00000, 1.33531, 0.03788, 2.50220, 1.18784, 3.05502, 3.20571, 0.00000, 3.04857, 3.00828, 2.69963, 2.58278, 22.80220
1728402005, 242307181, 0xDDDD, 2424, 27.83883, 1.22249, 24.93750, 23.87500, 25.12500, 24.00000, 1.33531, 0.03949, 2.50220, 1.19187, 3.08403, 3.20813, 0.00000, 3.05099, 3.00828, 2.70044, 2.56022, 22.62310
1728402005, 242407180, 0xDDDD, 2425, 27.83883, 1.22249, 24.93750, 23.87500, 25.12500, 24.00000, 1.33531, 0.03626, 2.50220, 1.18703, 3.06388, 3.20974, 0.00000, 3.05260, 3.00828, 2.70044, 2.56183, 22.80220
1728402005, 242507175, 0xDDDD, 2426, 27.43590, 1.22249, 24.93750, 23.87500, 25.12500, 23.93750, 1.33531, 0.03707, 2.50220, 1.18945, 3.00586, 3.20330, 0.00000, 3.05099, 3.00828, 2.70044, 2.56264, 22.62310
1728402005, 242607182, 0xDDDD, 2427, 27.83883, 1.22249, 24.93750, 23.87500, 25.18750, 23.93750, 1.35949, 0.03868, 2.50220, 1.19187, 3.02681, 3.20491, 0.00000, 3.05341, 3.00828, 2.70205, 2.56022, 22.62310
1728402006, 242707174, 0xDDDD, 2428, 28.24175, 1.22249, 24.93750, 23.87500, 25.18750, 24.00000, 1.33451, 0.03949, 2.50220, 1.19590, 3.05421, 3.20813, 0.00000, 3.05179, 3.00828, 2.70044, 2.56022, 22.62310
1728402006, 242807181, 0xDDDD, 2429, 27.43590, 1.22249, 24.93750, 23.87500, 25.12500, 24.00000, 1.33531, 0.03949, 2.50220, 1.19751, 3.07839, 3.20974, 0.00000, 3.05179, 3.00828, 2.70125, 2.58923, 22.62310
1728402006, 242907167, 0xDDDD, 2430, 27.43590, 1.22249, 24.93750, 23.87500, 25.12500, 24.00000, 1.33531, 0.04432, 2.50139, 1.17736, 3.01714, 3.18718, 0.00000, 3.05179, 3.00828, 2.70125, 2.52234, 22.80220
1728402006, 243007170, 0xDDDD, 2431, 27.83883, 1.22249, 24.93750, 23.87500, 25.12500, 24.00000, 1.33531, 0.03626, 2.50220, 1.17736, 3.08322, 3.19040, 0.00000, 3.05179, 3.00828, 2.70044, 2.56103, 22.80220
1728402006, 243107186, 0xDDDD, 2432, 27.43590, 1.22249, 24.93750, 23.87500, 25.18750, 24.00000, 1.33531, 0.03626, 2.50139, 1.17978, 3.02520, 3.20894, 0.00081, 3.05018, 3.00828, 2.70044, 2.56264, 22.62310
1728402006, 243207185, 0xDDDD, 2433, 27.83883, 1.22168, 24.93750, 23.93750, 25.18750, 24.00000, 1.34498, 0.04029, 2.50139, 1.17495, 3.05018, 3.21216, 0.00000, 3.05018, 3.00828, 2.70044, 2.56022, 22.62310
1728402006, 243307166, 0xDDDD, 2434, 27.43590, 1.22249, 24.93750, 23.93750, 25.18750, 24.00000, 1.33370, 0.03868, 2.50139, 1.17817, 3.07678, 3.18960, 0.00000, 3.05099, 3.00828, 2.70205, 2.56103, 22.62310
1728402006, 243407167, 0xDDDD, 2435, 27.83883, 1.22249, 24.93750, 23.93750, 25.18750, 24.00000, 1.33451, 0.04271, 2.50220, 1.18139, 3.01553, 3.18960, 0.00000, 3.05099, 3.00828, 2.70044, 2.56989, 22.62310
1728402006, 243507182, 0xDDDD, 2436, 27.83883, 1.22249, 24.93750, 23.87500, 25.18750, 24.00000, 1.33531, 0.03546, 2.50220, 1.18542, 3.04212, 3.19121, 0.00000, 3.05099, 3.00828, 2.70044, 2.56103, 22.80220
1728402006, 243607171, 0xDDDD, 2437, 27.43590, 1.22249, 24.93750, 23.87500, 25.12500, 24.00000, 1.33531, 0.03868, 2.50220, 1.18784, 3.02520, 3.19201, 0.00000, 3.05179, 3.00828, 2.70125, 2.56264, 22.62310
1728402007, 243707174, 0xDDDD, 2438, 27.43590, 1.22249, 24.93750, 23.87500, 25.12500, 24.00000, 1.33531, 0.03546, 2.50220, 1.19026, 3.05099, 3.19363, 0.00000, 3.05099, 3.00828, 2.70125, 2.56264, 22.62310
1728402007, 243807178, 0xDDDD, 2439, 27.83883, 1.22249, 24.93750, 23.87500, 25.12500, 24.00000, 1.33531, 0.03626, 2.50139, 1.19267, 3.07436, 3.21136, 0.00000, 3.05099, 3.00828, 2.70125, 2.55861, 22.08586
1728402007, 243907184, 0xDDDD, 2440, 27.83883, 1.22249, 24.93750, 23.87500, 25.12500, 24.06250, 1.33531, 0.03868, 2.50220, 1.19429, 3.01875, 3.18960, 0.00000, 3.05179, 3.00828, 2.70044, 2.56183, 22.62310
1728402007, 244007176, 0xDDDD, 2441, 27.83883, 1.22249, 24.93750, 23.87500, 25.12500, 24.06250, 1.33451, 0.03788, 2.50220, 1.19026, 3.04535, 3.19040, 0.00000, 3.05099, 3.00828, 2.69963, 2.56344, 22.62310
1728402007, 244107186, 0xDDDD, 2442, 27.43590, 1.22249, 24.93750, 23.87500, 25.12500, 24.06250, 1.33531, 0.04190, 2.50220, 1.19348, 3.06791, 3.19282, 0.00000, 3.05099, 3.00828, 2.70044, 2.54894, 22.62310
1728402007, 244207181, 0xDDDD, 2443, 27.43590, 1.22249, 24.93750, 23.87500, 25.12500, 24.00000, 1.33531, 0.04029, 2.50220, 1.19751, 3.00908, 3.19363, 0.00000, 3.05099, 3.00747, 2.69963, 2.56183, 22.62310
1728402007, 244307164, 0xDDDD, 2444, 27.83883, 1.22249, 24.93750, 23.87500, 25.18750, 24.00000, 1.33531, 0.03143, 2.50220, 1.19912, 3.07355, 3.19604, 0.00000, 3.04857, 3.00828, 2.69963, 2.56022, 22.62310
1728402007, 244407173, 0xDDDD, 2445, 27.83883, 1.22249, 25.00000, 23.87500, 25.18750, 24.00000, 1.33531, 0.04110, 2.50220, 1.17736, 3.01231, 3.18879, 0.00000, 3.05018, 3.00828, 2.70125, 2.56022, 22.80220
1728402007, 244507202, 0xDDDD, 2446, 27.43590, 1.22168, 25.00000, 23.87500, 25.12500, 24.00000, 1.33531, 0.04110, 2.50220, 1.18059, 3.03810, 3.19040, 0.00000, 3.05179, 3.00747, 2.70125, 2.55941, 22.62310
1728402007, 244607174, 0xDDDD, 2447, 27.43590, 1.22168, 24.93750, 23.87500, 25.12500, 24.00000, 1.33531, 0.03868, 2.50220, 1.18381, 3.05985, 3.19121, 0.00000, 3.04938, 3.00828, 2.70044, 2.56344, 22.80220
1728402008, 244707184, 0xDDDD, 2448, 27.43590, 1.22168, 24.93750, 23.87500, 25.12500, 24.00000, 1.33531, 0.03788, 2.50220, 1.18623, 3.00747, 3.19121, 0.00000, 3.05018, 3.00828, 2.70044, 2.59084, 22.62310
1728402008, 244807183, 0xDDDD, 2449, 27.43590, 1.22249, 24.93750, 23.87500, 25.18750, 24.00000, 1.33531, 0.03788, 2.50220, 1.18139, 3.02681, 3.19121, 0.00000, 3.04454, 3.00828, 2.70044, 2.56344, 22.80220
1728402008, 244907174, 0xDDDD, 2450, 27.43590, 1.22168, 24.93750, 23.93750, 25.18750, 24.00000, 1.33451, 0.03626, 2.50220, 1.18381, 3.00828, 3.19282, 0.00000, 3.05260, 3.00828, 2.70125, 2.55941, 22.44402
1728402008, 245007178, 0xDDDD, 2451, 27.83883, 1.22249, 24.93750, 23.93750, 25.18750, 24.00000, 1.33531, 0.03546, 2.50220, 1.18703, 3.03084, 3.21055, 0.00000, 3.05099, 3.00828, 2.70044, 2.56022, 22.62310
1728402008, 245107191, 0xDDDD, 2452, 27.83883, 1.22249, 25.00000, 23.93750, 25.18750, 24.00000, 1.33531, 0.03304, 2.50139, 1.18864, 3.05260, 3.21136, 0.00000, 3.05018, 3.00828, 2.70044, 2.56103, 22.62310
1728402008, 245207169, 0xDDDD, 2453, 27.43590, 1.22249, 25.00000, 23.93750, 25.18750, 24.06250, 1.33451, 0.04432, 2.50220, 1.19106, 3.07758, 3.21216, 0.00000, 3.05260, 3.00828, 2.69963, 2.55941, 22.62310
1728402008, 245307175, 0xDDDD, 2454, 27.83883, 1.22168, 25.00000, 23.93750, 25.18750, 24.06250, 1.33451, 0.03626, 2.50220, 1.19429, 3.02117, 3.18879, 0.00081, 3.05179, 3.00828, 2.70044, 2.53685, 22.80220
1728402008, 245407188, 0xDDDD, 2455, 27.83883, 1.22168, 24.93750, 23.87500, 25.18750, 24.00000, 1.33531, 0.03788, 2.50220, 1.19751, 3.04212, 3.18960, 0.00000, 3.05018, 3.00828, 2.69963, 2.56103, 22.80220
1728402008, 245507170, 0xDDDD, 2456, 27.83883, 1.22249, 24.93750, 23.87500, 25.12500, 24.00000, 1.33451, 0.04029, 2.50220, 1.17333, 3.02278, 3.19040, 0.00000, 3.05099, 3.00828, 2.70125, 2.56183, 22.62310
1728402008, 245607172, 0xDDDD, 2457, 27.43590, 1.22249, 24.93750, 23.93750, 25.12500, 24.00000, 1.33531, 0.04110, 2.50220, 1.19509, 3.04293, 3.19201, 0.00000, 3.05179, 3.00828, 2.69963, 2.56103, 22.80220
1728402009, 245707185, 0xDDDD, 2458, 27.83883, 1.22168, 24.93750, 23.93750, 25.12500, 24.00000, 1.33531, 0.03788, 2.50220, 1.19670, 3.06952, 3.21136, 0.00000, 3.04777, 3.00828, 2.70044, 2.55941, 22.62310
1728402009, 245807172, 0xDDDD, 2459, 27.83883, 1.22249, 24.93750, 23.93750, 25.12500, 24.00000, 1.33692, 0.03546, 2.50300, 1.19187, 3.00989, 3.18879, 0.00000, 3.04777, 3.00747, 2.70044, 2.56505, 22.62310
1728402009, 245907163, 0xDDDD, 2460, 27.83883, 1.22249, 24.93750, 23.93750, 25.12500, 24.00000, 1.33531, 0.03546, 2.50139, 1.17656, 3.03568, 3.18960, 0.00000, 3.05179, 3.00828, 2.70044, 2.57392, 22.62310
1728402009, 246007178, 0xDDDD, 2461, 27.83883, 1.22249, 24.93750, 23.93750, 25.18750, 24.00000, 1.33612, 0.03626, 2.50220, 1.17817, 3.05663, 3.19201, 0.00000, 3.05099, 3.00828, 2.70044, 2.56989, 22.62310
1728402009, 246107183, 0xDDDD, 2462, 27.43590, 1.22249, 25.00000, 23.93750, 25.18750, 24.00000, 1.33531, 0.03868, 2.50220, 1.17978, 3.08161, 3.19282, 0.00000, 3.05179, 3.00747, 2.70044, 2.56264, 22.62310
1728402009, 246207173, 0xDDDD, 2463, 27.83883, 1.22249, 25.00000, 23.93750, 25.12500, 24.00000, 1.33531, 0.04432, 2.50220, 1.18139, 3.05985, 3.19363, 0.00000, 3.04857, 3.00828, 2.69963, 2.56344, 22.62310
1728402009, 246307175, 0xDDDD, 2464, 27.43590, 1.22168, 24.93750, 23.93750, 25.12500, 24.00000, 1.33531, 0.04593, 2.50139, 1.18381, 3.08322, 3.21216, 0.00000, 3.04938, 3.00828, 2.69963, 2.55780, 22.80220
1728402009, 246407176, 0xDDDD, 2465, 27.83883, 1.22249, 24.93750, 23.87500, 25.18750, 24.00000, 1.33612, 0.04352, 2.50139, 1.17817, 3.02278, 3.18799, 0.00000, 3.05179, 3.00828, 2.69963, 2.55780, 22.62310
1728402009, 246507185, 0xDDDD, 2466, 27.83883, 1.22249, 24.93750, 23.87500, 25.18750, 24.00000, 1.33531, 0.03949, 2.50220, 1.18059, 3.04535, 3.18960, 0.00000, 3.05099, 3.00828, 2.70044, 2.56103, 22.26494
1728402009, 246607180, 0xDDDD, 2467, 27.83883, 1.22249, 24.93750, 23.93750, 25.18750, 24.00000, 1.33531, 0.03707, 2.50220, 1.18300, 3.06469, 3.19121, 0.00000, 3.04938, 3.00828, 2.69963, 2.56828, 22.80220
1728402010, 246707168, 0xDDDD, 2468, 27.83883, 1.22249, 24.93750, 23.93750, 25.18750, 24.00000, 1.33531, 0.03465, 2.50220, 1.18623, 3.00425, 3.19201, 0.00000, 3.04696, 3.00747, 2.69963, 2.60454, 22.80220
1728402010, 246807170, 0xDDDD, 2469, 27.43590, 1.22249, 24.93750, 23.93750, 25.18750, 24.06250, 1.33531, 0.04190, 2.50220, 1.18784, 3.06711, 3.19201, 0.00000, 3.05099, 3.00828, 2.70044, 2.56183, 22.80220
1728402010, 246907195, 0xDDDD, 2470, 27.43590, 1.22168, 24.93750, 23.93750, 25.12500, 24.06250, 1.33451, 0.04029, 2.50220, 1.19187, 3.00828, 3.21055, 0.00000, 3.05018, 3.00828, 2.70125, 2.56344, 22.80220
1728402010, 247007184, 0xDDDD, 2471, 27.83883, 1.22249, 24.93750, 23.93750, 25.12500, 24.06250, 1.33531, 0.04271, 2.50220, 1.19590, 3.02842, 3.18799, 0.00000, 3.05179, 3.00828, 2.70044, 2.56183, 22.80220
1728402010, 247107178, 0xDDDD, 2472, 27.83883, 1.22249, 24.93750, 23.87500, 25.12500, 24.06250, 1.34015, 0.04432, 2.50220, 1.19751, 3.05099, 3.21216, 0.00000, 3.05099, 3.00747, 2.70044, 2.55941, 22.62310
1728402010, 247207173, 0xDDDD, 2473, 27.43590, 1.22249, 24.93750, 23.87500, 25.18750, 24.06250, 1.33531, 0.04110, 2.50139, 1.19026, 3.07355, 3.21297, 0.00000, 3.04696, 3.00828, 2.69963, 2.54571, 22.62310
1728402010, 247307186, 0xDDDD, 2474, 27.83883, 1.22249, 24.93750, 23.87500, 25.18750, 24.00000, 1.33451, 0.04271, 2.50139, 1.19187, 3.01231, 3.18799, 0.00000, 3.05341, 3.00828, 2.70044, 2.51993, 22.80220
1728402010, 247407174, 0xDDDD, 2475, 27.83883, 1.22168, 24.93750, 23.87500, 25.18750, 24.00000, 1.33531, 0.03707, 2.50139, 1.19267, 3.07516, 3.18879, 0.00000, 3.05099, 3.00828, 2.70044, 2.56022, 22.62310
1728402010, 247507183, 0xDDDD, 2476, 27.83883, 1.22249, 24.93750, 23.87500, 25.18750, 24.00000, 1.33612, 0.04593, 2.50220, 1.19429, 3.01311, 3.20652, 0.00000, 3.05179, 3.00828, 2.69963, 2.55619, 22.80220
1728402010, 247607184, 0xDDDD, 2477, 27.83883, 1.22249, 24.93750, 23.87500, 25.18750, 24.00000, 1.33531, 0.04190, 2.50139, 1.19590, 3.03729, 3.20894, 0.00000, 3.05179, 3.00828, 2.70044, 2.56022, 22.80220
1728402011, 247707199, 0xDDDD, 2478, 27.43590, 1.22249, 24.93750, 23.87500, 25.18750, 24.00000, 1.33531, 0.03546, 2.50220, 1.19751, 3.05985, 3.20733, 0.00000, 3.05260, 3.00828, 2.70044, 2.56344, 22.62310
1728402011, 247807174, 0xDDDD, 2479, 27.43590, 1.22249, 25.00000, 23.87500, 25.18750, 24.00000, 1.33531, 0.03788, 2.50139, 1.20154, 3.08725, 3.20894, 0.00000, 3.05099, 3.00828, 2.69963, 2.50623, 22.80220
1728402011, 247907181, 0xDDDD, 2480, 27.43590, 1.22249, 25.00000, 23.87500, 25.18750, 24.00000, 1.33531, 0.03868, 2.50220, 1.19348, 3.02359, 3.21055, 0.00000, 3.05099, 3.00747, 2.70044, 2.55861, 22.80220
1728402011, 248007179, 0xDDDD, 2481, 27.43590, 1.22249, 25.00000, 23.87500, 25.18750, 24.00000, 1.33531, 0.03788, 2.50220, 1.19509, 3.04374, 3.21216, 0.00000, 3.05179, 3.00828, 2.70044, 2.55941, 22.80220
1728402011, 248107184, 0xDDDD, 2482, 27.83883, 1.22249, 25.00000, 23.87500, 25.18750, 24.06250, 1.33612, 0.03868, 2.50220, 1.19670, 3.02359, 3.18799, 0.00000, 3.05179, 3.00828, 2.70044, 2.56022, 22.62310
1728402011, 248207182, 0xDDDD, 2483, 28.24175, 1.22249, 25.00000, 23.87500, 25.18750, 24.06250, 1.33289, 0.04593, 2.50220, 1.19912, 3.04535, 3.20652, 0.00000, 3.04938, 3.00828, 2.69963, 2.55700, 23.33944
1728402011, 248307170, 0xDDDD, 2484, 27.83883, 1.22249, 24.93750, 23.87500, 25.18750, 24.06250, 1.29018, 0.04352, 2.50220, 1.17414, 3.06549, 3.20652, 0.00000, 3.05099, 3.00828, 2.69963, 2.56183, 22.80220
1728402011, 248407183, 0xDDDD, 2485, 27.43590, 1.22249, 24.93750, 23.87500, 25.12500, 24.06250, 1.33531, 0.03949, 2.50139, 1.17656, 3.00586, 3.20652, 0.00000, 3.05179, 3.00747, 2.69963, 2.56183, 22.80220
1728402011, 248507172, 0xDDDD, 2486, 27.83883, 1.22249, 24.93750, 23.87500, 25.12500, 24.00000, 1.33531, 0.03788, 2.50220, 1.17817, 3.02601, 3.20733, 0.00000, 3.05179, 3.00828, 2.70044, 2.56989, 22.62310
1728402011, 248607181, 0xDDDD, 2487, 27.83883, 1.22168, 24.93750, 23.87500, 25.18750, 24.00000, 1.33451, 0.04271, 2.50139, 1.17978, 3.04857, 3.20733, 0.00000, 3.05099, 3.00747, 2.70044, 2.55941, 22.80220
1728402012, 248707181, 0xDDDD, 2488, 27.83883, 1.22168, 24.93750, 23.87500, 25.18750, 24.00000, 1.33531, 0.03788, 2.50139, 1.18945, 3.02762, 3.20813, 0.00000, 3.05099, 3.00908, 2.69963, 2.56103, 22.80220
1728402012, 248807176, 0xDDDD, 2489, 27.83883, 1.22249, 24.93750, 23.87500, 25.18750, 24.06250, 1.33531, 0.04029, 2.50220, 1.17495, 3.04857, 3.20088, 0.00000, 3.04857, 3.00828, 2.70044, 2.56183, 22.80220
1728402012, 248907176, 0xDDDD, 2490, 27.43590, 1.22249, 24.93750, 23.87500, 25.18750, 24.06250, 1.33531, 0.04352, 2.50220, 1.17575, 3.07114, 3.20249, 0.00000, 3.05260, 3.00828, 2.70125, 2.56022, 22.62310
1728402012, 249007175, 0xDDDD, 2491, 27.83883, 1.22249, 24.93750, 23.93750, 25.18750, 24.00000, 1.33370, 0.04029, 2.50220, 1.17736, 3.00828, 3.20168, 0.00000, 3.05099, 3.00747, 2.70044, 2.56183, 22.62310
1728402012, 249107171, 0xDDDD, 2492, 27.43590, 1.22168, 24.93750, 23.93750, 25.12500, 24.00000, 1.33531, 0.04110, 2.50220, 1.17897, 3.02762, 3.20249, 0.00000, 3.05179, 3.00828, 2.70044, 2.60132, 22.62310
1728402012, 249207170, 0xDDDD, 2493, 27.83883, 1.22249, 25.00000, 23.93750, 25.12500, 24.00000, 1.33692, 0.03546, 2.50220, 1.18059, 3.04777, 3.20249, 0.00000, 3.05179, 3.00828, 2.70125, 2.52799, 22.62310
1728402012, 249307171, 0xDDDD, 2494, 27.83883, 1.22249, 25.00000, 23.87500, 25.18750, 24.00000, 1.33531, 0.04110, 2.50220, 1.18300, 3.02923, 3.20330, 0.00000, 3.05179, 3.00747, 2.70125, 2.56344, 22.80220
1728402012, 249407186, 0xDDDD, 2495, 27.83883, 1.22249, 25.00000, 23.87500, 25.18750, 24.00000, 1.33531, 0.04190, 2.50220, 1.18462, 3.04857, 3.19685, 0.00000, 3.05179, 3.00828, 2.70125, 2.55941, 22.80220
1728402012, 249507198, 0xDDDD, 2496, 27.43590, 1.22249, 24.93750, 23.93750, 25.18750, 24.06250, 1.34176, 0.04029, 2.50220, 1.18623, 3.06791, 3.19685, 0.00000, 3.05260, 3.00828, 2.70125, 2.56103, 22.62310
1728402012, 249607170, 0xDDDD, 2497, 27.83883, 1.22249, 24.93750, 23.93750, 25.12500, 24.06250, 1.33531, 0.04190, 2.50220, 1.17978, 3.09612, 3.19766, 0.00000, 3.05099, 3.00828, 2.70125, 2.56183, 22.80220
1728402013, 249707174, 0xDDDD, 2498, 28.64468, 1.22249, 24.93750, 23.87500, 25.12500, 24.06250, 1.33531, 0.04190, 2.50220, 1.17978, 3.02198, 3.19766, 0.00000, 3.05179, 3.00828, 2.70044, 2.56667, 22.62310
1728402013, 249807184, 0xDDDD, 2499, 27.83883, 1.22249, 24.93750, 23.87500, 25.18750, 24.06250, 1.33612, 0.03626, 2.50220, 1.17978, 3.03971, 3.19766, 0.00000, 3.05179, 3.00828, 2.70125, 2.51429, 22.62310
1728402013, 249907164, 0xDDDD, 2500, 27.43590, 1.22249, 24.93750, 23.87500, 25.18750, 24.06250, 1.33531, 0.04110, 2.50139, 1.18059, 3.05744, 3.19846, 0.00000, 3.05099, 3.00828, 2.70044, 2.56183, 22.62310
1728402013, 250007182, 0xDDDD, 2501, 27.83883, 1.22249, 24.93750, 23.93750, 25.18750, 24.06250, 1.33531, 0.01934, 2.50220, 1.18300, 3.03487, 3.19766, 0.00000, 3.05099, 3.00828, 2.70125, 2.56183, 22.80220
1728402013, 250107182, 0xDDDD, 2502, 27.83883, 1.22168, 24.93750, 23.93750, 25.18750, 24.06250, 1.33451, 0.04352, 2.50220, 1.18462, 3.05502, 3.19040, 0.00000, 3.05099, 3.00908, 2.70125, 2.56022, 22.08586
1728402013, 250207185, 0xDDDD, 2503, 27.83883, 1.22249, 24.93750, 23.87500, 25.18750, 24.06250, 1.33451, 0.04029, 2.50220, 1.18703, 3.07597, 3.19121, 0.00000, 3.04615, 3.00828, 2.70044, 2.55861, 22.62310
1728402013, 250307167, 0xDDDD, 2504, 27.83883, 1.22249, 24.93750, 23.87500, 25.12500, 24.06250, 1.33531, 0.04029, 2.50220, 1.18059, 3.01150, 3.19282, 0.00000, 3.05179, 3.00828, 2.69963, 2.55941, 22.44402
1728402013, 250407192, 0xDDDD, 2505, 27.83883, 1.22249, 24.93750, 23.87500, 25.12500, 24.06250, 1.33531, 0.04674, 2.50220, 1.18220, 3.02923, 3.19282, 0.00000, 3.05099, 3.00828, 2.70044, 2.56989, 22.62310
1728402013, 250507175, 0xDDDD, 2506, 27.83883, 1.22249, 24.93750, 23.93750, 25.12500, 24.00000, 1.33531, 0.03465, 2.50220, 1.18381, 3.04857, 3.19363, 0.00000, 3.05018, 3.00828, 2.70044, 2.56103, 22.62310
1728402013, 250607164, 0xDDDD, 2507, 27.43590, 1.22249, 24.93750, 23.93750, 25.12500, 24.00000, 1.33612, 0.03465, 2.50139, 1.18381, 3.02520, 3.19282, 0.00000, 3.05179, 3.00828, 2.70044, 2.56103, 22.62310
1728402014, 250707175, 0xDDDD, 2508, 27.83883, 1.22249, 24.93750, 23.93750, 25.12500, 24.06250, 1.33451, 0.02256, 2.50220, 1.18381, 3.04374, 3.21055, 0.00000, 3.04938, 3.00828, 2.70044, 2.56344, 22.80220
1728402014, 250807187, 0xDDDD, 2509, 27.83883, 1.22249, 24.93750, 23.93750, 25.12500, 24.06250, 1.33531, 0.04029, 2.50139, 1.18381, 3.05985, 3.21055, 0.00000, 3.05099, 3.00828, 2.70044, 2.56022, 22.62310
1728402014, 250907181, 0xDDDD, 2510, 27.83883, 1.22249, 24.93750, 23.87500, 25.12500, 24.00000, 1.33531, 0.03626, 2.50220, 1.18462, 3.07839, 3.21055, 0.00000, 3.05018, 3.00828, 2.70125, 2.56022, 22.80220
1728402014, 251007175, 0xDDDD, 2511, 28.24175, 1.22249, 24.93750, 23.87500, 25.18750, 24.00000, 1.33531, 0.03546, 2.50220, 1.17817, 3.01875, 3.21055, 0.00000, 3.05179, 3.00828, 2.70125, 2.61099, 22.80220
1728402014, 251107186, 0xDDDD, 2512, 27.43590, 1.22249, 24.93750, 23.87500, 25.18750, 24.00000, 1.33531, 0.03626, 2.50220, 1.17897, 3.03810, 3.21055, 0.00000, 3.05179, 3.00747, 2.70044, 2.54974, 22.62310
1728402014, 251207179, 0xDDDD, 2513, 27.43590, 1.22249, 25.00000, 23.93750, 25.18750, 24.06250, 1.33531, 0.04271, 2.50220, 1.17897, 3.01553, 3.21055, 0.00000, 3.04696, 3.00828, 2.70125, 2.56183, 22.62310
1728402014, 251307181, 0xDDDD, 2514, 27.83883, 1.22249, 25.00000, 23.93750, 25.18750, 24.06250, 1.33612, 0.04190, 2.50220, 1.17897, 3.03729, 3.20330, 0.00000, 3.04938, 3.00828, 2.70044, 2.56022, 22.80220
1728402014, 251407171, 0xDDDD, 2515, 27.43590, 1.22168, 24.93750, 23.87500, 25.18750, 24.06250, 1.33451, 0.03626, 2.50139, 1.17897, 3.05905, 3.20330, 0.00000, 3.05179, 3.00828, 2.70125, 2.56264, 22.80220
1728402014, 251507170, 0xDDDD, 2516, 27.83883, 1.22249, 24.93750, 23.87500, 25.12500, 24.06250, 1.33531, 0.04271, 2.50220, 1.17817, 3.08161, 3.20249, 0.00000, 3.05099, 3.00828, 2.69963, 2.56022, 22.62310
1728402014, 251607180, 0xDDDD, 2517, 27.43590, 1.22249, 24.93750, 23.87500, 25.12500, 24.06250, 1.33531, 0.03304, 2.50139, 1.17736, 3.01634, 3.20330, 0.00000, 3.05260, 3.00908, 2.70044, 2.57956, 22.62310
1728402015, 251707180, 0xDDDD, 2518, 27.43590, 1.22249, 24.93750, 23.87500, 25.18750, 24.06250, 1.33531, 0.03626, 2.50220, 1.17656, 3.03810, 3.20330, 0.00000, 3.05018, 3.00828, 2.70125, 2.58681, 22.62310
1728402015, 251807170, 0xDDDD, 2519, 27.83883, 1.22168, 24.93750, 23.87500, 25.18750, 24.06250, 1.33531, 0.03707, 2.50220, 1.17495, 3.01231, 3.20410, 0.00000, 3.04615, 3.00828, 2.69883, 2.56103, 22.80220
1728402015, 251907177, 0xDDDD, 2520, 27.83883, 1.22249, 25.00000, 23.87500, 25.18750, 24.06250, 1.33531, 0.03868, 2.50220, 1.19509, 3.02842, 3.20410, 0.00000, 3.05099, 3.00908, 2.70044, 2.56022, 22.62310
1728402015, 252007199, 0xDDDD, 2521, 27.83883, 1.22168, 25.00000, 23.87500, 25.18750, 24.06250, 1.33531, 0.03868, 2.50220, 1.19590, 3.04777, 3.19524, 0.00000, 3.05179, 3.00828, 2.70205, 2.56344, 22.62310
1728402015, 252107174, 0xDDDD, 2522, 27.43590, 1.22249, 24.93750, 23.87500, 25.18750, 24.06250, 1.33692, 0.03707, 2.50220, 1.19509, 3.06711, 3.19443, 0.00000, 3.05099, 3.00828, 2.70044, 2.56183, 22.62310
1728402015, 252207165, 0xDDDD, 2523, 28.24175, 1.22249, 24.93750, 23.93750, 25.12500, 24.00000, 1.33531, 0.04352, 2.50139, 1.19670, 3.08484, 3.19524, 0.00000, 3.05018, 3.00828, 2.70044, 2.55861, 22.62310
1728402015, 252307179, 0xDDDD, 2524, 27.83883, 1.22249, 24.93750, 23.93750, 25.12500, 24.00000, 1.33531, 0.03788, 2.50220, 1.19751, 3.02198, 3.19443, 0.00000, 3.05018, 3.00828, 2.69963, 2.50784, 22.80220
1728402015, 252407185, 0xDDDD, 2525, 27.43590, 1.22249, 24.93750, 23.93750, 25.12500, 24.00000, 1.33531, 0.03949, 2.50220, 1.19751, 3.03971, 3.19524, 0.00000, 3.04938, 3.00828, 2.70044, 2.56183, 22.80220
1728402015, 252507174, 0xDDDD, 2526, 27.83883, 1.22249, 24.93750, 23.93750, 25.18750, 24.00000, 1.33531, 0.03143, 2.50220, 1.19993, 3.01875, 3.19443, 0.00000, 3.05421, 3.00828, 2.69883, 2.56183, 22.80220
1728402015, 252607180, 0xDDDD, 2527, 27.83883, 1.22249, 25.00000, 23.93750, 25.18750, 24.06250, 1.33451, 0.04190, 2.50220, 1.19751, 3.03487, 3.21297, 0.00000, 3.04938, 3.00908, 2.70125, 2.56183, 22.44402
1728402016, 252707175, 0xDDDD, 2528, 27.83883, 1.22249, 25.00000, 23.93750, 25.18750, 24.06250, 1.33531, 0.03949, 2.50059, 1.19106, 3.05341, 3.21216, 0.00000, 3.05179, 3.00828, 2.70044, 2.56344, 22.98128
1728402016, 252807200, 0xDDDD, 2529, 28.24175, 1.22249, 25.00000, 23.93750, 25.18750, 24.06250, 1.33531, 0.03546, 2.50220, 1.19187, 3.07194, 3.18718, 0.00000, 3.05018, 3.00828, 2.70044, 2.56425, 22.62310
1728402016, 252907182, 0xDDDD, 2530, 27.83883, 1.22249, 24.93750, 23.93750, 25.18750, 24.06250, 1.33531, 0.03626, 2.50220, 1.19026, 3.00505, 3.21136, 0.00000, 3.05260, 3.00828, 2.70125, 2.56747, 22.80220
1728402016, 253007174, 0xDDDD, 2531, 27.43590, 1.22249, 24.93750, 23.93750, 25.18750, 24.06250, 1.33531, 0.03626, 2.50220, 1.19106, 3.02359, 3.21297, 0.00000, 3.05260, 3.00828, 2.70125, 2.58681, 22.80220
1728402016, 253107174, 0xDDDD, 2532, 27.83883, 1.22168, 24.93750, 23.93750, 25.18750, 24.06250, 1.33531, 0.03788, 2.50220, 1.19187, 3.08081, 3.21136, 0.00000, 3.05018, 3.00828, 2.70044, 2.55861, 22.80220
1728402016, 253207175, 0xDDDD, 2533, 27.83883, 1.22249, 24.93750, 23.93750, 25.18750, 24.06250, 1.33531, 0.03465, 2.50139, 1.19267, 3.01875, 3.20330, 0.00000, 3.04857, 3.00828, 2.69963, 2.56183, 22.62310
1728402016, 253307184, 0xDDDD, 2534, 28.24175, 1.22249, 24.93750, 23.93750, 25.18750, 24.06250, 1.33531, 0.03546, 2.50220, 1.19187, 3.03568, 3.20249, 0.00000, 3.05260, 3.00747, 2.70125, 2.56344, 22.80220
1728402016, 253407185, 0xDDDD, 2535, 28.24175, 1.22088, 24.93750, 23.93750, 25.18750, 24.00000, 1.33451, 0.04110, 2.50220, 1.19106, 3.05179, 3.20330, 0.00000, 3.05099, 3.00828, 2.70125, 2.55780, 22.62310
1728402016, 253507166, 0xDDDD, 2536, 27.83883, 1.22249, 24.93750, 23.93750, 25.18750, 24.00000, 1.33451, 0.03949, 2.50139, 1.18300, 3.07033, 3.20330, 0.00000, 3.05018, 3.00828, 2.69963, 2.54168, 22.80220
1728402016, 253607199, 0xDDDD, 2537, 27.83883, 1.22249, 25.00000, 23.93750, 25.18750, 24.00000, 1.33531, 0.03465, 2.50220, 1.18059, 3.00344, 3.20410, 0.00000, 3.05099, 3.00828, 2.70125, 2.58681, 22.80220
1728402017, 253707179, 0xDDDD, 2538, 27.83883, 1.22249, 25.00000, 23.93750, 25.18750, 24.00000, 1.33531, 0.04029, 2.50220, 1.17817, 3.06227, 3.20571, 0.00000, 3.04777, 3.00828, 2.70044, 2.55941, 22.80220
1728402017, 253807168, 0xDDDD, 2539, 27.83883, 1.22249, 24.93750, 23.87500, 25.18750, 24.06250, 1.33531, 0.03546, 2.50220, 1.17575, 3.08000, 3.19685, 0.00000, 3.05179, 3.00747, 2.69963, 2.56344, 22.62310
1728402017, 253907183, 0xDDDD, 2540, 27.83883, 1.22168, 24.93750, 23.87500, 25.18750, 24.06250, 1.33531, 0.03385, 2.50220, 1.17414, 3.01553, 3.19766, 0.00000, 3.05179, 3.00828, 2.70044, 2.56264, 22.80220
1728402017, 254007174, 0xDDDD, 2541, 27.83883, 1.22249, 24.93750, 23.87500, 25.18750, 24.06250, 1.33531, 0.03868, 2.50220, 1.19751, 3.03326, 3.19766, 0.00000, 3.04857, 3.00828, 2.69963, 2.56103, 22.80220
1728402017, 254107175, 0xDDDD, 2542, 27.83883, 1.22249, 24.93750, 23.93750, 25.18750, 24.06250, 1.33451, 0.03788, 2.50139, 1.19670, 3.05260, 3.19766, 0.00000, 3.05260, 3.00828, 2.69963, 2.61341, 22.80220
1728402017, 254207189, 0xDDDD, 2543, 27.83883, 1.22249, 24.93750, 23.93750, 25.18750, 24.06250, 1.33531, 0.03868, 2.50381, 1.19509, 3.06872, 3.19685, 0.00000, 3.05018, 3.00828, 2.69963, 2.56264, 22.80220
1728402017, 254307172, 0xDDDD, 2544, 27.83883, 1.22249, 25.00000, 23.87500, 25.18750, 24.06250, 1.33531, 0.03949, 2.50220, 1.18623, 3.08242, 3.19685, 0.00000, 3.04374, 3.00828, 2.70125, 2.56022, 22.80220
1728402017, 254407174, 0xDDDD, 2545, 27.43590, 1.22249, 25.00000, 23.87500, 25.18750, 24.06250, 1.33531, 0.04029, 2.50139, 1.18381, 3.05744, 3.19685, 0.00000, 3.05260, 3.00828, 2.69963, 2.55861, 22.80220
1728402017, 254507184, 0xDDDD, 2546, 27.83883, 1.22249, 25.00000, 23.87500, 25.18750, 24.06250, 1.33451, 0.03949, 2.50220, 1.18300, 3.07114, 3.18799, 0.00000, 3.05179, 3.00828, 2.70044, 2.56103, 22.08586
1728402017, 254607171, 0xDDDD, 2547, 27.83883, 1.22249, 24.93750, 23.93750, 25.18750, 24.06250, 1.33289, 0.03546, 2.50220, 1.18139, 3.00425, 3.21136, 0.00000, 3.05179, 3.00828, 2.70044, 2.56022, 22.80220
1728402018, 254707187, 0xDDDD, 2548, 27.83883, 1.22249, 24.93750, 23.93750, 25.18750, 24.06250, 1.33531, 0.03385, 2.50139, 1.17978, 3.01956, 3.21136, 0.00000, 3.04938, 3.00828, 2.69963, 2.56103, 22.80220
1728402018, 254807178, 0xDDDD, 2549, 27.83883, 1.22249, 25.00000, 23.93750, 25.18750, 24.06250, 1.33531, 0.03949, 2.50220, 1.17817, 3.03407, 3.21055, 0.00000, 3.05179, 3.00828, 2.70044, 2.56505, 22.80220
1728402018, 254907181, 0xDDDD, 2550, 27.83883, 1.22249, 25.00000, 23.93750, 25.18750, 24.06250, 1.33531, 0.03707, 2.50220, 1.17736, 3.04857, 3.21055, 0.00000, 3.05099, 3.00828, 2.70044, 2.58037, 22.80220
1728402018, 255007185, 0xDDDD, 2551, 27.43590, 1.22249, 25.00000, 23.93750, 25.18750, 24.06250, 1.33612, 0.03626, 2.50220, 1.19348, 3.02278, 3.21055, 0.00000, 3.05179, 3.00828, 2.70044, 2.56103, 22.80220
1728402018, 255107180, 0xDDDD, 2552, 27.43590, 1.22249, 25.00000, 23.93750, 25.18750, 24.06250, 1.33531, 0.03949, 2.50220, 1.19106, 3.03890, 3.20330, 0.00000, 3.05260, 3.00828, 2.70044, 2.56264, 22.62310
1728402018, 255207184, 0xDDDD, 2553, 27.83883, 1.22249, 25.00000, 23.93750, 25.18750, 24.06250, 1.33612, 0.03546, 2.50220, 1.18784, 3.05502, 3.20249, 0.00000, 3.04938, 3.00828, 2.70044, 2.55941, 22.80220
1728402018, 255307164, 0xDDDD, 2554, 27.83883, 1.22249, 25.00000, 23.87500, 25.18750, 24.06250, 1.33531, 0.03949, 2.50220, 1.18462, 3.06872, 3.20168, 0.00000, 3.05018, 3.00828, 2.70044, 2.56103, 22.80220
1728402018, 255407164, 0xDDDD, 2555, 27.83883, 1.22249, 25.00000, 23.87500, 25.18750, 24.06250, 1.33531, 0.04110, 2.50220, 1.18300, 3.03084, 3.20249, 0.00000, 3.05179, 3.00828, 2.70044, 2.60777, 22.62310
1728402018, 255507176, 0xDDDD, 2556, 27.83883, 1.22249, 24.93750, 23.93750, 25.18750, 24.06250, 1.33612, 0.04029, 2.50220, 1.17978, 3.01714, 3.20249, 0.00000, 3.05179, 3.00828, 2.70205, 2.57553, 22.80220
1728402018, 255607175, 0xDDDD, 2557, 27.83883, 1.22168, 24.93750, 23.93750, 25.18750, 24.06250, 1.33531, 0.03626, 2.50220, 1.17736, 3.07275, 3.20249, 0.00000, 3.04857, 3.00747, 2.69963, 2.56022, 22.80220
1728402019, 255707185, 0xDDDD, 2558, 27.43590, 1.22168, 24.93750, 23.93750, 25.18750, 24.06250, 1.33612, 0.04110, 2.50220, 1.17495, 3.00505, 3.19282, 0.00000, 3.04857, 3.00828, 2.70044, 2.56264, 22.80220
1728402019, 255807201, 0xDDDD, 2559, 27.43590, 1.22249, 25.00000, 23.87500, 25.12500, 24.00000, 1.32967, 0.04190, 2.50220, 1.19026, 3.02198, 3.19363, 0.00000, 3.05099, 3.00828, 2.70044, 2.56022, 22.80220
1728402019, 255907177, 0xDDDD, 2560, 27.83883, 1.22249, 25.00000, 23.87500, 25.12500, 24.00000, 1.33451, 0.03788, 2.50220, 1.18623, 3.03648, 3.19443, 0.00000, 3.05099, 3.00828, 2.70044, 2.56183, 22.80220
1728402019, 256007169, 0xDDDD, 2561, 27.83883, 1.22249, 25.00000, 23.93750, 25.12500, 24.06250, 1.33451, 0.04029, 2.50220, 1.18300, 3.05018, 3.19363, 0.00000, 3.05260, 3.00828, 2.69963, 2.53201, 22.80220
1728402019, 256107190, 0xDDDD, 2562, 27.83883, 1.22249, 25.00000, 23.93750, 25.12500, 24.06250, 1.33531, 0.03626, 2.50220, 1.18059, 3.06791, 3.19363, 0.00000, 3.05099, 3.00747, 2.70044, 2.56586, 22.80220
1728402019, 256207164, 0xDDDD, 2563, 27.83883, 1.22168, 25.00000, 23.93750, 25.12500, 24.06250, 1.33531, 0.04029, 2.50220, 1.17817, 3.08484, 3.19363, 0.00000, 3.05179, 3.00828, 2.70044, 2.56264, 22.80220
1728402019, 256307185, 0xDDDD, 2564, 27.83883, 1.22249, 25.00000, 23.93750, 25.18750, 24.06250, 1.33531, 0.03304, 2.50220, 1.19590, 3.05582, 3.19282, 0.00000, 3.05099, 3.00828, 2.69963, 2.56103, 22.80220
1728402019, 256407174, 0xDDDD, 2565, 27.83883, 1.22249, 25.00000, 23.93750, 25.18750, 24.06250, 1.33612, 0.02256, 2.50220, 1.19590, 3.07114, 3.20974, 0.00000, 3.05099, 3.00828, 2.70044, 2.56183, 22.26494
1728402019, 256507173, 0xDDDD, 2566, 27.83883, 1.22168, 24.93750, 23.93750, 25.18750, 24.06250, 1.33531, 0.04029, 2.50220, 1.19267, 3.08484, 3.20813, 0.00000, 3.05099, 3.00828, 2.70044, 2.56183, 22.80220
1728402019, 256607175, 0xDDDD, 2567, 27.83883, 1.22249, 24.93750, 23.93750, 25.18750, 24.06250, 1.33531, 0.03465, 2.50220, 1.18059, 3.01473, 3.20813, 0.00000, 3.05099, 3.00747, 2.69963, 2.56344, 22.44402
1728402020, 256707191, 0xDDDD, 2568, 27.43590, 1.22249, 25.00000, 23.93750, 25.18750, 24.06250, 1.33531, 0.04029, 2.50220, 1.17817, 3.02842, 3.20733, 0.00000, 3.04696, 3.00828, 2.70044, 2.57473, 22.80220
1728402020, 256807175, 0xDDDD, 2569, 27.83883, 1.22249, 25.00000, 23.93750, 25.18750, 24.06250, 1.33451, 0.04029, 2.50220, 1.20718, 3.04293, 3.20733, 0.00000, 3.05018, 3.00828, 2.69883, 2.56103, 22.80220
1728402020, 256907169, 0xDDDD, 2570, 27.83883, 1.22249, 25.00000, 23.93750, 25.18750, 24.06250, 1.33531, 0.04029, 2.50220, 1.19670, 3.01473, 3.20652, 0.00000, 3.04535, 3.00828, 2.70125, 2.56022, 22.80220
1728402020, 257007175, 0xDDDD, 2571, 27.43590, 1.22168, 25.00000, 23.93750, 25.18750, 24.06250, 1.33451, 0.03626, 2.50220, 1.19348, 3.02923, 3.19766, 0.00000, 3.05099, 3.00828, 2.70044, 2.56183, 22.80220
1728402020, 257107187, 0xDDDD, 2572, 27.83883, 1.22249, 25.00000, 23.93750, 25.18750, 24.06250, 1.33531, 0.04110, 2.50220, 1.19026, 3.04293, 3.19685, 0.00000, 3.05099, 3.00828, 2.69963, 2.56103, 22.44402
1728402020, 257207179, 0xDDDD, 2573, 27.83883, 1.22249, 24.93750, 23.93750, 25.18750, 24.06250, 1.33451, 0.04352, 2.50220, 1.18703, 3.05663, 3.19604, 0.00000, 3.05179, 3.00828, 2.70125, 2.56022, 22.80220
1728402020, 257307174, 0xDDDD, 2574, 27.83883, 1.22249, 24.93750, 23.93750, 25.12500, 24.06250, 1.33531, 0.03788, 2.50139, 1.17495, 3.06711, 3.19685, 0.00000, 3.05099, 3.00828, 2.69963, 2.45304, 22.80220
1728402020, 257407178, 0xDDDD, 2575, 27.43590, 1.22249, 24.93750, 23.93750, 25.12500, 24.06250, 1.33531, 0.03868, 2.50220, 1.19912, 3.08000, 3.19604, 0.00000, 3.05099, 3.00747, 2.69963, 2.56344, 22.80220
1728402020, 257507186, 0xDDDD, 2576, 27.83883, 1.22168, 25.00000, 23.93750, 25.18750, 24.06250, 1.33531, 0.03465, 2.50220, 1.19590, 3.05260, 3.19604, 0.00000, 3.05018, 3.00828, 2.70044, 2.55941, 22.80220
1728402020, 257607183, 0xDDDD, 2577, 27.83883, 1.22249, 25.00000, 23.93750, 25.18750, 24.06250, 1.33531, 0.03788, 2.50139, 1.19187, 3.06630, 3.21136, 0.00000, 3.05018, 3.00828, 2.70044, 2.56183, 22.80220
1728402021, 257707171, 0xDDDD, 2578, 27.83883, 1.22249, 25.00000, 23.93750, 25.12500, 24.06250, 1.33612, 0.03546, 2.50220, 1.18945, 3.07839, 3.21055, 0.00000, 3.05179, 3.00747, 2.70044, 2.56264, 22.80220
1728402021, 257807172, 0xDDDD, 2579, 27.43590, 1.22168, 25.00000, 23.93750, 25.12500, 24.06250, 1.33612, 0.03626, 2.50139, 1.18623, 3.00747, 3.20974, 0.00000, 3.05018, 3.00828, 2.69963, 2.56183, 22.80220
1728402021, 257907174, 0xDDDD, 2580, 27.83883, 1.22249, 25.00000, 23.93750, 25.12500, 24.06250, 1.33451, 0.03868, 2.50059, 1.18300, 3.02037, 3.20813, 0.00000, 3.05260, 3.00908, 2.70125, 2.57553, 22.80220
1728402021, 258007176, 0xDDDD, 2581, 27.83883, 1.22249, 24.93750, 23.93750, 25.18750, 24.06250, 1.33531, 0.04755, 2.50220, 1.17897, 3.03084, 3.20733, 0.00000, 3.05099, 3.00828, 2.70044, 2.55941, 22.80220
1728402021, 258107176, 0xDDDD, 2582, 28.24175, 1.22249, 24.93750, 23.93750, 25.18750, 24.06250, 1.33451, 0.03626, 2.50059, 1.19348, 3.07839, 3.20571, 0.00000, 3.04857, 3.00828, 2.70044, 2.55700, 22.62310
1728402021, 258207174, 0xDDDD, 2583, 27.43590, 1.22249, 25.00000, 23.93750, 25.18750, 24.12500, 1.33531, 0.03788, 2.50300, 1.19026, 3.01473, 3.20571, 0.00000, 3.05179, 3.00828, 2.69963, 2.56022, 22.80220
1728402021, 258307188, 0xDDDD, 2584, 27.83883, 1.22249, 25.00000, 23.93750, 25.18750, 24.12500, 1.33451, 0.03949, 2.50300, 1.18784, 3.02681, 3.19846, 0.00000, 3.04696, 3.00828, 2.70044, 2.56103, 22.62310
1728402021, 258407176, 0xDDDD, 2585, 27.83883, 1.22249, 24.93750, 23.93750, 25.18750, 24.06250, 1.33370, 0.03707, 2.50220, 1.18300, 3.04374, 3.19766, 0.00000, 3.05179, 3.00747, 2.70044, 2.56022, 22.80220
1728402021, 258507171, 0xDDDD, 2586, 27.43590, 1.22168, 24.93750, 23.93750, 25.18750, 24.06250, 1.33531, 0.03868, 2.50139, 1.17817, 3.05744, 3.19685, 0.00000, 3.05341, 3.00828, 2.69963, 2.56344, 22.80220
1728402021, 258607184, 0xDDDD, 2587, 27.83883, 1.22168, 24.93750, 23.93750, 25.18750, 24.06250, 1.33531, 0.03707, 2.50220, 1.17414, 3.06872, 3.19604, 0.00000, 3.05018, 3.00828, 2.70044, 2.62711, 22.80220
1728402022, 258707164, 0xDDDD, 2588, 27.83883, 1.22249, 25.00000, 23.87500, 25.18750, 24.06250, 1.33612, 0.03626, 2.50139, 1.19670, 3.08322, 3.19443, 0.00000, 3.05179, 3.00828, 2.70044, 2.56022, 22.62310
1728402022, 258807173, 0xDDDD, 2589, 27.83883, 1.22168, 25.00000, 23.87500, 25.18750, 24.06250, 1.33531, 0.03304, 2.50220, 1.19187, 3.05502, 3.19363, 0.00000, 3.05099, 3.00828, 2.70125, 2.56022, 22.44402
1728402022, 258907184, 0xDDDD, 2590, 27.43590, 1.22249, 24.93750, 23.93750, 25.18750, 24.06250, 1.33451, 0.04110, 2.50300, 1.18784, 3.06630, 3.21055, 0.00000, 3.05099, 3.00747, 2.69963, 2.56022, 22.80220
1728402022, 259007180, 0xDDDD, 2591, 27.43590, 1.22249, 24.93750, 23.93750, 25.18750, 24.06250, 1.33531, 0.04110, 2.50300, 1.17575, 3.08161, 3.20894, 0.00000, 3.05099, 3.00828, 2.70044, 2.55941, 22.62310
1728402022, 259107185, 0xDDDD, 2592, 28.24175, 1.22249, 24.93750, 23.93750, 25.18750, 24.06250, 1.33531, 0.03788, 2.50139, 1.19912, 3.00908, 3.20894, 0.00000, 3.05179, 3.00828, 2.70044, 2.56183, 22.80220
1728402022, 259207183, 0xDDDD, 2593, 27.83883, 1.22249, 25.00000, 23.93750, 25.18750, 24.06250, 1.33612, 0.03465, 2.50220, 1.19187, 3.02198, 3.20652, 0.00000, 3.05099, 3.00828, 2.69963, 2.56183, 22.80220
1728402022, 259307174, 0xDDDD, 2594, 27.83883, 1.22168, 25.00000, 23.93750, 25.18750, 24.06250, 1.33531, 0.04190, 2.50139, 1.18703, 3.03326, 3.20652, 0.00000, 3.05099, 3.00908, 2.70044, 2.53846, 22.80220
1728402022, 259407167, 0xDDDD, 2595, 27.83883, 1.22249, 24.93750, 23.93750, 25.25000, 24.06250, 1.33451, 0.04029, 2.50139, 1.18220, 3.00344, 3.20571, 0.00000, 3.05179, 3.00828, 2.70044, 2.56103, 22.80220
1728402022, 259507175, 0xDDDD, 2596, 27.83883, 1.22249, 24.93750, 23.93750, 25.25000, 24.06250, 1.33531, 0.04110, 2.50139, 1.17897, 3.01473, 3.19604, 0.00000, 3.05018, 3.00828, 2.70125, 2.56183, 22.80220
1728402022, 259607191, 0xDDDD, 2597, 27.43590, 1.22168, 24.93750, 23.93750, 25.25000, 24.06250, 1.33531, 0.03788, 2.50220, 1.17414, 3.02601, 3.19443, 0.00000, 3.04938, 3.00828, 2.70044, 2.56264, 22.80220
1728402023, 259707185, 0xDDDD, 2598, 27.43590, 1.22249, 24.93750, 23.93750, 25.25000, 24.06250, 1.33531, 0.04110, 2.50220, 1.18784, 3.03729, 3.19363, 0.00000, 3.04535, 3.00747, 2.69883, 2.56183, 22.62310
1728402023, 259807165, 0xDDDD, 2599, 27.43590, 1.22249, 24.93750, 23.93750, 25.25000, 24.06250, 1.33451, 0.03868, 2.50220, 1.18300, 3.04696, 3.19201, 0.00000, 3.05260, 3.00828, 2.70205, 2.52879, 22.80220
1728402023, 259907202, 0xDDDD, 2600, 27.83883, 1.22168, 25.00000, 23.93750, 25.18750, 24.06250, 1.33531, 0.03707, 2.50139, 1.17817, 3.05905, 3.19040, 0.00000, 3.04777, 3.00828, 2.69963, 2.52637, 22.80220
1728402023, 260007179, 0xDDDD, 2601, 27.43590, 1.22249, 25.00000, 23.93750, 25.18750, 24.06250, 1.33612, 0.04110, 2.50220, 1.17575, 3.02681, 3.19040, 0.00000, 3.05099, 3.00828, 2.70044, 2.56183, 22.80220
1728402023, 260107164, 0xDDDD, 2602, 27.83883, 1.22249, 24.93750, 23.93750, 25.18750, 24.06250, 1.33531, 0.04110, 2.50139, 1.19751, 3.03729, 3.19040, 0.00000, 3.05179, 3.00828, 2.70044, 2.55941, 22.80220
1728402023, 260207176, 0xDDDD, 2603, 27.43590, 1.22249, 24.93750, 23.93750, 25.18750, 24.06250, 1.30791, 0.03626, 2.50220, 1.19348, 3.04938, 3.20491, 0.00000, 3.05099, 3.00828, 2.70044, 2.56103, 22.62310
1728402023, 260307172, 0xDDDD, 2604, 27.83883, 1.22249, 24.93750, 23.93750, 25.18750, 24.06250, 1.33531, 0.04110, 2.50139, 1.18864, 3.06227, 3.20330, 0.00000, 3.05099, 3.00828, 2.70044, 2.55941, 22.80220
1728402023, 260407175, 0xDDDD, 2605, 27.83883, 1.22168, 25.00000, 23.93750, 25.18750, 24.06250, 1.33612, 0.03626, 2.50139, 1.18462, 3.07194, 3.20168, 0.00000, 3.05099, 3.00828, 2.70044, 2.66659, 22.62310
1728402023, 260507193, 0xDDDD, 2606, 27.83883, 1.22168, 25.00000, 23.93750, 25.18750, 24.06250, 1.33531, 0.04110, 2.50220, 1.19751, 3.08242, 3.20168, 0.00000, 3.05099, 3.00828, 2.69963, 2.55941, 22.62310
1728402023, 260607179, 0xDDDD, 2607, 27.43590, 1.22249, 25.00000, 23.93750, 25.18750, 24.06250, 1.33531, 0.04110, 2.50220, 1.19267, 3.00989, 3.19927, 0.00000, 3.05099, 3.00828, 2.70044, 2.56183, 22.62310
1728402024, 260707174, 0xDDDD, 2608, 27.83883, 1.22249, 25.00000, 23.93750, 25.18750, 24.06250, 1.33451, 0.03788, 2.50220, 1.18864, 3.06147, 3.19766, 0.00000, 3.05179, 3.00828, 2.70044, 2.56103, 22.62310
1728402024, 260807183, 0xDDDD, 2609, 27.43590, 1.22249, 25.00000, 23.93750, 25.18750, 24.06250, 1.36674, 0.03626, 2.50220, 1.18462, 3.07355, 3.18879, 0.00000, 3.05099, 3.00828, 2.70044, 2.56344, 22.80220
1728402024, 260907163, 0xDDDD, 2610, 27.43590, 1.22168, 25.00000, 23.93750, 25.25000, 24.06250, 1.34579, 0.03707, 2.50220, 1.17978, 3.08161, 3.21136, 0.00000, 3.05179, 3.00828, 2.70125, 2.56425, 22.80220
1728402024, 261007200, 0xDDDD, 2611, 27.43590, 1.22249, 25.00000, 23.93750, 25.25000, 24.06250, 1.33612, 0.03707, 2.50139, 1.17414, 3.01070, 3.20894, 0.00000, 3.05099, 3.00828, 2.70044, 2.56183, 22.80220
1728402024, 261107183, 0xDDDD, 2612, 27.83883, 1.22249, 25.00000, 23.87500, 25.18750, 24.06250, 1.33531, 0.04029, 2.50220, 1.19509, 3.01875, 3.20813, 0.00000, 3.05260, 3.00828, 2.70125, 2.57473, 22.62310
1728402024, 261207166, 0xDDDD, 2613, 27.83883, 1.22249, 25.00000, 23.87500, 25.18750, 24.06250, 1.33531, 0.03465, 2.50220, 1.18864, 3.02762, 3.20571, 0.00000, 3.05179, 3.00908, 2.70044, 2.60132, 22.62310
1728402024, 261307186, 0xDDDD, 2614, 27.83883, 1.22249, 25.00000, 23.93750, 25.18750, 24.06250, 1.33531, 0.04352, 2.50220, 1.17575, 3.08000, 3.20410, 0.00000, 3.05099, 3.00747, 2.70044, 2.55941, 22.80220
1728402024, 261407182, 0xDDDD, 2615, 27.43590, 1.22249, 25.00000, 23.93750, 25.18750, 24.06250, 1.33531, 0.03626, 2.50220, 1.19590, 3.00828, 3.19443, 0.00081, 3.05018, 3.00908, 2.70044, 2.56183, 22.80220
1728402024, 261507189, 0xDDDD, 2616, 28.24175, 1.22249, 25.00000, 23.93750, 25.18750, 24.06250, 1.33531, 0.04110, 2.50220, 1.18864, 3.01634, 3.19282, 0.00000, 3.05179, 3.00828, 2.70044, 2.55861, 22.80220
1728402024, 261607169, 0xDDDD, 2617, 27.83883, 1.22249, 25.00000, 23.87500, 25.18750, 24.06250, 1.33451, 0.03788, 2.50139, 1.18462, 3.02842, 3.19121, 0.00000, 3.05099, 3.00908, 2.69883, 2.56183, 22.80220
1728402025, 261707164, 0xDDDD, 2618, 27.43590, 1.22249, 25.00000, 23.87500, 25.18750, 24.06250, 1.33531, 0.04110, 2.50220, 1.17978, 3.03971, 3.18960, 0.00000, 3.05099, 3.00828, 2.70125, 2.51751, 22.80220
1728402025, 261807182, 0xDDDD, 2619, 27.83883, 1.22249, 25.00000, 23.93750, 25.18750, 24.06250, 1.33531, 0.03707, 2.50220, 1.19751, 3.05018, 3.18799, 0.00000, 3.05179, 3.00828, 2.70125, 2.51348, 22.80220
1728402025, 261907173, 0xDDDD, 2620, 27.83883, 1.22249, 25.00000, 23.93750, 25.18750, 24.06250, 1.33531, 0.03707, 2.50220, 1.19267, 3.01875, 3.20571, 0.00000, 3.05099, 3.00828, 2.70125, 2.55941, 22.80220
1728402025, 262007176, 0xDDDD, 2621, 28.24175, 1.22249, 25.00000, 23.93750, 25.18750, 24.06250, 1.33531, 0.04352, 2.50220, 1.17978, 3.02681, 3.20410, 0.00000, 3.05018, 3.00747, 2.70044, 2.56103, 22.80220
1728402025, 262107201, 0xDDDD, 2622, 27.83883, 1.22249, 24.93750, 23.93750, 25.18750, 24.00000, 1.33451, 0.03949, 2.50220, 1.20073, 3.03729, 3.20249, 0.00000, 3.05179, 3.00828, 2.70044, 2.56103, 22.62310
1728402025, 262207183, 0xDDDD, 2623, 27.43590, 1.22249, 24.93750, 23.93750, 25.18750, 24.00000, 1.33531, 0.03788, 2.50220, 1.19348, 3.04938, 3.20249, 0.00000, 3.05260, 3.00828, 2.70125, 2.56264, 22.80220
1728402025, 262307171, 0xDDDD, 2624, 27.83883, 1.22249, 25.00000, 23.93750, 25.25000, 24.06250, 1.33531, 0.04110, 2.50220, 1.18784, 3.05824, 3.20088, 0.00000, 3.05018, 3.00989, 2.69963, 2.49172, 22.80220
1728402025, 262407180, 0xDDDD, 2625, 27.43590, 1.22249, 25.00000, 23.93750, 25.25000, 24.06250, 1.33531, 0.04029, 2.50220, 1.18220, 3.07033, 3.20007, 0.00000, 3.04857, 3.00828, 2.70125, 2.58037, 22.80220
1728402025, 262507167, 0xDDDD, 2626, 27.83883, 1.22249, 25.00000, 23.93750, 25.18750, 24.06250, 1.33531, 0.03465, 2.50139, 1.17656, 3.07839, 3.19685, 0.00000, 3.05179, 3.00828, 2.70044, 2.56103, 22.80220
1728402025, 262607184, 0xDDDD, 2627, 27.43590, 1.22249, 25.00000, 23.93750, 25.18750, 24.06250, 1.33531, 0.03788, 2.50220, 1.19670, 3.04454, 3.19604, 0.00000, 3.05099, 3.00828, 2.70044, 2.56183, 22.80220
1728402026, 262707174, 0xDDDD, 2628, 27.83883, 1.22249, 25.00000, 23.93750, 25.18750, 24.06250, 1.33531, 0.03707, 2.50220, 1.18945, 3.05421, 3.21136, 0.00000, 3.05099, 3.00828, 2.70044, 2.56183, 22.26494
1728402026, 262807172, 0xDDDD, 2629, 27.83883, 1.22249, 25.00000, 23.93750, 25.12500, 24.06250, 1.33531, 0.03868, 2.50220, 1.18300, 3.06308, 3.20974, 0.00000, 3.04938, 3.00828, 2.70044, 2.56103, 22.80220
1728402026, 262907180, 0xDDDD, 2630, 27.43590, 1.22249, 25.00000, 23.93750, 25.12500, 24.06250, 1.33531, 0.03385, 2.50139, 1.19509, 3.07194, 3.20733, 0.00000, 3.05260, 3.00828, 2.70044, 2.56344, 22.44402
1728402026, 263007194, 0xDDDD, 2631, 28.24175, 1.22249, 25.00000, 23.93750, 25.18750, 24.06250, 1.33531, 0.03626, 2.50220, 1.18864, 3.07839, 3.20652, 0.00000, 3.05018, 3.00828, 2.69883, 2.55941, 22.44402
1728402026, 263107175, 0xDDDD, 2632, 27.83883, 1.22249, 25.00000, 23.93750, 25.18750, 24.06250, 1.33531, 0.04110, 2.50139, 1.18220, 3.07839, 3.20571, 0.00000, 3.05179, 3.00828, 2.69963, 2.56183, 22.80220
1728402026, 263207171, 0xDDDD, 2633, 27.83883, 1.22249, 25.00000, 23.93750, 25.18750, 24.06250, 1.33451, 0.04271, 2.50381, 1.17656, 3.05018, 3.20491, 0.00000, 3.04938, 3.00828, 2.69963, 2.56264, 22.80220
1728402026, 263307182, 0xDDDD, 2634, 27.43590, 1.22168, 25.00000, 23.93750, 25.12500, 24.12500, 1.33531, 0.04674, 2.50139, 1.19751, 3.06147, 3.19524, 0.00000, 3.04454, 3.00828, 2.70044, 2.56022, 22.80220
1728402026, 263407164, 0xDDDD, 2635, 27.83883, 1.22249, 25.00000, 23.93750, 25.12500, 24.12500, 1.28212, 0.03788, 2.50220, 1.19026, 3.07194, 3.19363, 0.00000, 3.05260, 3.00747, 2.70044, 2.56344, 22.80220
1728402026, 263507176, 0xDDDD, 2636, 27.83883, 1.22249, 25.00000, 23.93750, 25.18750, 24.06250, 1.33531, 0.03707, 2.50220, 1.18462, 3.07919, 3.19282, 0.00000, 3.05179, 3.00828, 2.70125, 2.55941, 22.80220
1728402026, 263607176, 0xDDDD, 2637, 27.83883, 1.22249, 25.00000, 23.93750, 25.18750, 24.06250, 1.33531, 0.03707, 2.50220, 1.19751, 3.00344, 3.19282, 0.00000, 3.05099, 3.00828, 2.70125, 2.62066, 22.62310
1728402027, 263707174, 0xDDDD, 2638, 27.83883, 1.22168, 25.00000, 23.93750, 25.12500, 24.06250, 1.33531, 0.04029, 2.50139, 1.19106, 3.01231, 3.19121, 0.00000, 3.04938, 3.00828, 2.69963, 2.57875, 22.62310
1728402027, 263807190, 0xDDDD, 2639, 27.43590, 1.22249, 25.00000, 23.93750, 25.12500, 24.06250, 1.33531, 0.03949, 2.50220, 1.18542, 3.05824, 3.19040, 0.00000, 3.05260, 3.00828, 2.70044, 2.56022, 22.80220
1728402027, 263907185, 0xDDDD, 2640, 27.83883, 1.22249, 25.00000, 23.93750, 25.12500, 24.06250, 1.33531, 0.03626, 2.50220, 1.17978, 3.06872, 3.20733, 0.00000, 3.04454, 3.00828, 2.70044, 2.55941, 22.80220
1728402027, 264007176, 0xDDDD, 2641, 27.83883, 1.22249, 25.00000, 23.93750, 25.18750, 24.06250, 1.33451, 0.04352, 2.50220, 1.17495, 3.07678, 3.20652, 0.00000, 3.05099, 3.00989, 2.69963, 2.56022, 22.80220
1728402027, 264107165, 0xDDDD, 2642, 27.83883, 1.22168, 25.00000, 23.93750, 25.18750, 24.06250, 1.33451, 0.03707, 2.50220, 1.19509, 3.00264, 3.20652, 0.00000, 3.05179, 3.00828, 2.69963, 2.56103, 22.80220
1728402027, 264207164, 0xDDDD, 2643, 27.43590, 1.22249, 25.00000, 23.93750, 25.18750, 24.06250, 1.33531, 0.04110, 2.50139, 1.18945, 3.00989, 3.20571, 0.00000, 3.05260, 3.00828, 2.70044, 2.55538, 22.80220
1728402027, 264307177, 0xDDDD, 2644, 27.43590, 1.22249, 25.00000, 23.93750, 25.18750, 24.06250, 1.33612, 0.03626, 2.50381, 1.18381, 3.01795, 3.20571, 0.00000, 3.05099, 3.00747, 2.70125, 2.56747, 22.80220
1728402027, 264407181, 0xDDDD, 2645, 27.83883, 1.22410, 25.00000, 23.93750, 25.18750, 24.06250, 1.33451, 0.03868, 2.50139, 1.19590, 3.05824, 3.20491, 0.00081, 3.05421, 3.00989, 2.69963, 2.56183, 22.98128
1728402027, 264507180, 0xDDDD, 2646, 27.43590, 1.22249, 24.93750, 23.93750, 25.18750, 24.06250, 1.33451, 0.03788, 2.50220, 1.19187, 3.04293, 3.20249, 0.00000, 3.05018, 3.00828, 2.70044, 2.56183, 22.80220
1728402027, 264607187, 0xDDDD, 2647, 27.83883, 1.22249, 24.93750, 23.93750, 25.18750, 24.06250, 1.33531, 0.03788, 2.50220, 1.18623, 3.05179, 3.19363, 0.00000, 3.05099, 3.00828, 2.69963, 2.56103, 22.80220
1728402028, 264707182, 0xDDDD, 2648, 27.83883, 1.22249, 25.00000, 23.93750, 25.18750, 24.12500, 1.35304, 0.03949, 2.50139, 1.18059, 3.05905, 3.19201, 0.00000, 3.04696, 3.00747, 2.70044, 2.56183, 22.80220
1728402028, 264807170, 0xDDDD, 2649, 27.83883, 1.22249, 25.00000, 23.93750, 25.18750, 24.12500, 1.33531, 0.04110, 2.50220, 1.17495, 3.06952, 3.19201, 0.00000, 3.05260, 3.00828, 2.70044, 2.57311, 22.80220
1728402028, 264907191, 0xDDDD, 2650, 27.83883, 1.22168, 25.00000, 23.93750, 25.18750, 24.12500, 1.33531, 0.03626, 2.50220, 1.19429, 3.07678, 3.19201, 0.00000, 3.05018, 3.00828, 2.70044, 2.53846, 22.80220
1728402028, 265007168, 0xDDDD, 2651, 27.83883, 1.22249, 24.93750, 23.93750, 25.18750, 24.12500, 1.33531, 0.04271, 2.50139, 1.18623, 3.00344, 3.19121, 0.00000, 3.05099, 3.00828, 2.69963, 2.56264, 22.80220
1728402028, 265107175, 0xDDDD, 2652, 27.83883, 1.22168, 24.93750, 23.93750, 25.18750, 24.12500, 1.33451, 0.03546, 2.50139, 1.17978, 3.05179, 3.18960, 0.00000, 3.05018, 3.00828, 2.70044, 2.56425, 22.80220
1728402028, 265207191, 0xDDDD, 2653, 27.43590, 1.22249, 25.00000, 23.93750, 25.18750, 24.06250, 1.33612, 0.03788, 2.50220, 1.19590, 3.05905, 3.20571, 0.00000, 3.05018, 3.00828, 2.70044, 2.56344, 22.62310
1728402028, 265307174, 0xDDDD, 2654, 27.83883, 1.22249, 25.00000, 23.93750, 25.18750, 24.06250, 1.33612, 0.03788, 2.50139, 1.18381, 3.07194, 3.20491, 0.00000, 3.05179, 3.00828, 2.70044, 2.56264, 22.80220
1728402028, 265407177, 0xDDDD, 2655, 27.83883, 1.22249, 25.00000, 23.93750, 25.18750, 24.06250, 1.33451, 0.04190, 2.50220, 1.17575, 3.08081, 3.20249, 0.00000, 3.05179, 3.00828, 2.70044, 2.56022, 22.80220
1728402028, 265507184, 0xDDDD, 2656, 27.43590, 1.22249, 25.00000, 23.93750, 25.18750, 24.06250, 1.33531, 0.03546, 2.50220, 1.19590, 3.00747, 3.20168, 0.00000, 3.04938, 3.00747, 2.69963, 2.56183, 22.80220
1728402028, 265607177, 0xDDDD, 2657, 27.83883, 1.22168, 25.00000, 23.93750, 25.18750, 24.06250, 1.33531, 0.03546, 2.50139, 1.19026, 3.01473, 3.19927, 0.00000, 3.04938, 3.00828, 2.70044, 2.55297, 22.62310
1728402029, 265707170, 0xDDDD, 2658, 27.43590, 1.22249, 25.00000, 23.93750, 25.18750, 24.06250, 1.33531, 0.03788, 2.50139, 1.18381, 3.06066, 3.19846, 0.00000, 3.05099, 3.00828, 2.69963, 2.56022, 22.80220
1728402029, 265807181, 0xDDDD, 2659, 27.83883, 1.22249, 25.00000, 23.93750, 25.18750, 24.06250, 1.33451, 0.03546, 2.50220, 1.17736, 3.06791, 3.18879, 0.00000, 3.05179, 3.00828, 2.70044, 2.56425, 22.80220
1728402029, 265907191, 0xDDDD, 2660, 27.83883, 1.22249, 25.00000, 23.93750, 25.18750, 24.06250, 1.33531, 0.03465, 2.50139, 1.19590, 3.07919, 3.18718, 0.00000, 3.05099, 3.00828, 2.69963, 2.56183, 22.80220
1728402029, 266007186, 0xDDDD, 2661, 27.83883, 1.22249, 25.00000, 23.93750, 25.18750, 24.06250, 1.33451, 0.04110, 2.50139, 1.17978, 3.01634, 3.21216, 0.00081, 3.04938, 3.00828, 2.70125, 2.55861, 22.80220
1728402029, 266107171, 0xDDDD, 2662, 27.83883, 1.22168, 25.00000, 23.93750, 25.18750, 24.06250, 1.33531, 0.03949, 2.50139, 1.19832, 3.00908, 3.20974, 0.00000, 3.05099, 3.00828, 2.70044, 2.57311, 22.80220
1728402029, 266207185, 0xDDDD, 2663, 27.83883, 1.22249, 24.93750, 23.93750, 25.18750, 24.06250, 1.33531, 0.03465, 2.50220, 1.19026, 3.01714, 3.20813, 0.00000, 3.05179, 3.00828, 2.70044, 2.57714, 22.80220
1728402029, 266307181, 0xDDDD, 2664, 27.83883, 1.22249, 24.93750, 23.93750, 25.18750, 24.06250, 1.33531, 0.03788, 2.50220, 1.18139, 3.06227, 3.20652, 0.00000, 3.05179, 3.00828, 2.70125, 2.56183, 22.62310
1728402029, 266407164, 0xDDDD, 2665, 27.83883, 1.22168, 25.00000, 23.93750, 25.18750, 24.06250, 1.33531, 0.04029, 2.50139, 1.17414, 3.06872, 3.20571, 0.00000, 3.04615, 3.00828, 2.70044, 2.55941, 22.80220
1728402029, 266507184, 0xDDDD, 2666, 27.83883, 1.22249, 25.00000, 23.93750, 25.18750, 24.06250, 1.33370, 0.03788, 2.50220, 1.19267, 3.07436, 3.19604, 0.00000, 3.05099, 3.00828, 2.70125, 2.55941, 22.80220
1728402029, 266607175, 0xDDDD, 2667, 27.83883, 1.22249, 25.00000, 23.93750, 25.25000, 24.06250, 1.33451, 0.03465, 2.50220, 1.18462, 3.08322, 3.19363, 0.00000, 3.05179, 3.00828, 2.70044, 2.56264, 22.80220
1728402030, 266707167, 0xDDDD, 2668, 27.83883, 1.22249, 25.00000, 24.00000, 25.25000, 24.06250, 1.33531, 0.03465, 2.50300, 1.17656, 3.00747, 3.19282, 0.00000, 3.04777, 3.00828, 2.70044, 2.52073, 22.80220
1728402030, 266807194, 0xDDDD, 2669, 27.83883, 1.22249, 25.00000, 24.00000, 25.25000, 24.06250, 1.33451, 0.04110, 2.50220, 1.18703, 3.01392, 3.19040, 0.00000, 3.05018, 3.00828, 2.70125, 2.53604, 22.80220
1728402030, 266907182, 0xDDDD, 2670, 27.83883, 1.22249, 25.00000, 23.93750, 25.18750, 24.06250, 1.33531, 0.03788, 2.50220, 1.17897, 3.02037, 3.18879, 0.00000, 3.04857, 3.00747, 2.70044, 2.55941, 22.80220
1728402030, 267007181, 0xDDDD, 2671, 27.43590, 1.22249, 25.00000, 23.93750, 25.18750, 24.06250, 1.33531, 0.04432, 2.50220, 1.19751, 3.06791, 3.21216, 0.00000, 3.05018, 3.00828, 2.69963, 2.55941, 22.80220
1728402030, 267107172, 0xDDDD, 2672, 27.83883, 1.22249, 25.00000, 23.93750, 25.18750, 24.06250, 1.33451, 0.04029, 2.50220, 1.18945, 3.07114, 3.20491, 0.00000, 3.04938, 3.00828, 2.69963, 2.55861, 22.80220
1728402030, 267207164, 0xDDDD, 2673, 27.83883, 1.22249, 25.00000, 23.93750, 25.18750, 24.06250, 1.33612, 0.03788, 2.50220, 1.18139, 3.07758, 3.20168, 0.00000, 3.05099, 3.00908, 2.70205, 2.56264, 22.80220
1728402030, 267307185, 0xDDDD, 2674, 27.83883, 1.22249, 25.00000, 23.93750, 25.18750, 24.06250, 1.33612, 0.03465, 2.50139, 1.19590, 3.03568, 3.20088, 0.00000, 3.05099, 3.00747, 2.70044, 2.55861, 22.80220
1728402030, 267407182, 0xDDDD, 2675, 27.83883, 1.22249, 25.00000, 23.93750, 25.18750, 24.06250, 1.33531, 0.03788, 2.50220, 1.19106, 3.00747, 3.19927, 0.00000, 3.05179, 3.00828, 2.70044, 2.54571, 22.80220
1728402030, 267507166, 0xDDDD, 2676, 27.83883, 1.22249, 25.00000, 23.93750, 25.18750, 24.06250, 1.33531, 0.03626, 2.50139, 1.17495, 3.01634, 3.19846, 0.00000, 3.05179, 3.00828, 2.69963, 2.54330, 22.80220
1728402030, 267607176, 0xDDDD, 2677, 27.83883, 1.22249, 24.93750, 23.93750, 25.18750, 24.06250, 1.33531, 0.03949, 2.50220, 1.19429, 3.06388, 3.19766, 0.00000, 3.04938, 3.00828, 2.70044, 2.56103, 22.80220
1728402031, 267707189, 0xDDDD, 2678, 28.24175, 1.22249, 24.93750, 23.93750, 25.18750, 24.06250, 1.33531, 0.03868, 2.50139, 1.18864, 3.07114, 3.18879, 0.00000, 3.05260, 3.00828, 2.70125, 2.56103, 22.80220
1728402031, 267807181, 0xDDDD, 2679, 27.83883, 1.22249, 24.93750, 23.93750, 25.18750, 24.06250, 1.33531, 0.03868, 2.50139, 1.17978, 3.07516, 3.18799, 0.00000, 3.05099, 3.00828, 2.70125, 2.56103, 22.80220
1728402031, 267907172, 0xDDDD, 2680, 27.83883, 1.22249, 25.00000, 23.93750, 25.18750, 24.06250, 1.33853, 0.04432, 2.50381, 1.19993, 3.08242, 3.21055, 0.00000, 3.04696, 3.00747, 2.69963, 2.55941, 22.80220
1728402031, 268007166, 0xDDDD, 2681, 27.83883, 1.22249, 25.00000, 23.93750, 25.18750, 24.06250, 1.33612, 0.03465, 2.50220, 1.19026, 3.00505, 3.20813, 0.00000, 3.05099, 3.00828, 2.70125, 2.58278, 22.80220
1728402031, 268107188, 0xDDDD, 2682, 27.83883, 1.22249, 25.06250, 23.93750, 25.18750, 24.06250, 1.33612, 0.03707, 2.50220, 1.18220, 3.01150, 3.20571, 0.00000, 3.04857, 3.00828, 2.70044, 2.65612, 22.62310
1728402031, 268207174, 0xDDDD, 2683, 27.83883, 1.22249, 25.06250, 23.93750, 25.18750, 24.06250, 1.33531, 0.03546, 2.50220, 1.17414, 3.05824, 3.20410, 0.00000, 3.04696, 3.00828, 2.70125, 2.56022, 22.62310
1728402031, 268307178, 0xDDDD, 2684, 27.83883, 1.22249, 25.06250, 23.93750, 25.18750, 24.06250, 1.33370, 0.03868, 2.50139, 1.18462, 3.06711, 3.19604, 0.00000, 3.05179, 3.00828, 2.70125, 2.56264, 22.80220
1728402031, 268407202, 0xDDDD, 2685, 27.83883, 1.22168, 25.00000, 23.93750, 25.18750, 24.06250, 1.33531, 0.03949, 2.50139, 1.17656, 3.07436, 3.19363, 0.00000, 3.05179, 3.00828, 2.70044, 2.55941, 22.80220
1728402031, 268507186, 0xDDDD, 2686, 27.43590, 1.22249, 25.00000, 23.93750, 25.25000, 24.06250, 1.33531, 0.03546, 2.50220, 1.19509, 3.07919, 3.19121, 0.00000, 3.05099, 3.00747, 2.70125, 2.56103, 22.80220
1728402031, 268607173, 0xDDDD, 2687, 27.83883, 1.22168, 25.00000, 23.93750, 25.25000, 24.06250, 1.33451, 0.03949, 2.50220, 1.18703, 3.00344, 3.19040, 0.00000, 3.05018, 3.00828, 2.70044, 2.50220, 22.80220
1728402032, 268707180, 0xDDDD, 2688, 27.83883, 1.22249, 25.00000, 23.93750, 25.25000, 24.06250, 1.33612, 0.03707, 2.50220, 1.17817, 3.00747, 3.18799, 0.00000, 3.04293, 3.00828, 2.70044, 2.54733, 22.80220
1728402032, 268807171, 0xDDDD, 2689, 27.83883, 1.22168, 25.00000, 23.93750, 25.18750, 24.06250, 1.33531, 0.03707, 2.50220, 1.19509, 3.01150, 3.21136, 0.00000, 3.05260, 3.00828, 2.69963, 2.56103, 22.80220
1728402032, 268907187, 0xDDDD, 2690, 27.43590, 1.22249, 25.00000, 23.93750, 25.18750, 24.06250, 1.33451, 0.04110, 2.50220, 1.18703, 3.06066, 3.20974, 0.00000, 3.04777, 3.00828, 2.70205, 2.56183, 22.80220
1728402032, 269007175, 0xDDDD, 2691, 27.83883, 1.22249, 25.00000, 23.93750, 25.25000, 24.06250, 1.33612, 0.03707, 2.50220, 1.17817, 3.06308, 3.20007, 0.00000, 3.05018, 3.00828, 2.70125, 2.56103, 22.26494
1728402032, 269107177, 0xDDDD, 2692, 27.43590, 1.22249, 25.00000, 23.93750, 25.25000, 24.06250, 1.33531, 0.03788, 2.50220, 1.18864, 3.06791, 3.19766, 0.00000, 3.05179, 3.00828, 2.69963, 2.56505, 22.80220
1728402032, 269207176, 0xDDDD, 2693, 27.43590, 1.22249, 25.00000, 23.93750, 25.25000, 24.06250, 1.33451, 0.04271, 2.50220, 1.17978, 3.07758, 3.19604, 0.00000, 3.04696, 3.00747, 2.69963, 2.55780, 22.62310
1728402032, 269307175, 0xDDDD, 2694, 27.83883, 1.22330, 25.00000, 23.93750, 25.25000, 24.06250, 1.33531, 0.03546, 2.50220, 1.19751, 3.08484, 3.19363, 0.00000, 3.04454, 3.00828, 2.69963, 2.53040, 22.98128
1728402032, 269407180, 0xDDDD, 2695, 27.83883, 1.22249, 25.00000, 23.93750, 25.25000, 24.06250, 1.33531, 0.03707, 2.50220, 1.18784, 3.00505, 3.19201, 0.00000, 3.05099, 3.00828, 2.70044, 2.55861, 22.80220
1728402032, 269507179, 0xDDDD, 2696, 27.83883, 1.22249, 25.00000, 23.93750, 25.18750, 24.00000, 1.33451, 0.03707, 2.50139, 1.17736, 3.04857, 3.19201, 0.00000, 3.05179, 3.00828, 2.70125, 2.56344, 22.80220
1728402032, 269607175, 0xDDDD, 2697, 27.83883, 1.22249, 25.00000, 23.93750, 25.18750, 24.00000, 1.33451, 0.03626, 2.50220, 1.19509, 3.05663, 3.20491, 0.00000, 3.05018, 3.00828, 2.70044, 2.56425, 22.80220
1728402033, 269707170, 0xDDDD, 2698, 27.83883, 1.22330, 25.00000, 23.93750, 25.25000, 24.00000, 1.33451, 0.03707, 2.50220, 1.18623, 3.06308, 3.20491, 0.00000, 3.05099, 3.00828, 2.70044, 2.56425, 22.80220
1728402033, 269807174, 0xDDDD, 2699, 28.24175, 1.22249, 25.00000, 24.00000, 25.25000, 24.06250, 1.33612, 0.03546, 2.50220, 1.17817, 3.06872, 3.20249, 0.00000, 3.05260, 3.00828, 2.70044, 2.56183, 22.80220
1728402033, 269907183, 0xDDDD, 2700, 27.43590, 1.22249, 25.00000, 24.00000, 25.25000, 24.06250, 1.33451, 0.05077, 2.50220, 1.18945, 3.07194, 3.20088, 0.00000, 3.05099, 3.00747, 2.70125, 2.55780, 22.80220
1728402033, 270007165, 0xDDDD, 2701, 27.83883, 1.22249, 25.00000, 23.93750, 25.18750, 24.06250, 1.33531, 0.04110, 2.50220, 1.18139, 3.07839, 3.19846, 0.00000, 3.05099, 3.00828, 2.69963, 2.57473, 22.80220
1728402033, 270107184, 0xDDDD, 2702, 27.43590, 1.22168, 25.00000, 23.93750, 25.18750, 24.06250, 1.33531, 0.03465, 2.50220, 1.17414, 3.03729, 3.19685, 0.00000, 3.05018, 3.00828, 2.69963, 2.56022, 22.80220
1728402033, 270207185, 0xDDDD, 2703, 28.24175, 1.22168, 25.00000, 23.93750, 25.25000, 24.06250, 1.33612, 0.03868, 2.50139, 1.19187, 3.03971, 3.18718, 0.00000, 3.05179, 3.00828, 2.70044, 2.56183, 22.80220
1728402033, 270307184, 0xDDDD, 2704, 27.43590, 1.22249, 25.00000, 23.93750, 25.25000, 24.12500, 1.36190, 0.03707, 2.50139, 1.18381, 3.04374, 3.21055, 0.00000, 3.05179, 3.00828, 2.70125, 2.56344, 22.80220
1728402033, 270407168, 0xDDDD, 2705, 27.43590, 1.22249, 25.00000, 23.93750, 25.25000, 24.12500, 1.33531, 0.03626, 2.50139, 1.17495, 3.04696, 3.20894, 0.00000, 3.05179, 3.00828, 2.69963, 2.56183, 22.80220
1728402033, 270507163, 0xDDDD, 2706, 27.83883, 1.22249, 25.00000, 23.93750, 25.18750, 24.06250, 1.33451, 0.04029, 2.50220, 1.19187, 3.05099, 3.20652, 0.00000, 3.04696, 3.00747, 2.70044, 2.56344, 22.80220
1728402033, 270607181, 0xDDDD, 2707, 27.43590, 1.22249, 25.00000, 23.93750, 25.18750, 24.06250, 1.33451, 0.03868, 2.50139, 1.18139, 3.05502, 3.20330, 0.00000, 3.04857, 3.00828, 2.70044, 2.55861, 22.80220
1728402034, 270707183, 0xDDDD, 2708, 27.83883, 1.22249, 25.00000, 23.93750, 25.18750, 24.06250, 1.33531, 0.04190, 2.50220, 1.19106, 3.01553, 3.20249, 0.00000, 3.05018, 3.00828, 2.70125, 2.56344, 22.80220
1728402034, 270807173, 0xDDDD, 2709, 27.43590, 1.22249, 25.00000, 23.93750, 25.18750, 24.06250, 1.33531, 0.04674, 2.50220, 1.18220, 3.02037, 3.20007, 0.00000, 3.05179, 3.00828, 2.70044, 2.56022, 22.80220
1728402034, 270907180, 0xDDDD, 2710, 27.83883, 1.22249, 25.00000, 23.93750, 25.25000, 24.06250, 1.33531, 0.03626, 2.50139, 1.19751, 3.02762, 3.19121, 0.00000, 3.05099, 3.00828, 2.70044, 2.56425, 23.16036
1728402034, 271007183, 0xDDDD, 2711, 27.83883, 1.22249, 25.00000, 23.93750, 25.25000, 24.00000, 1.33531, 0.03626, 2.50220, 1.18864, 3.02923, 3.18879, 0.00000, 3.04454, 3.00828, 2.70125, 2.56344, 22.80220
1728402034, 271107163, 0xDDDD, 2712, 27.83883, 1.22168, 25.00000, 23.93750, 25.25000, 24.00000, 1.33531, 0.03949, 2.50220, 1.17897, 3.03487, 3.21055, 0.00000, 3.05018, 3.00747, 2.69963, 2.56264, 22.80220
1728402034, 271207195, 0xDDDD, 2713, 27.83883, 1.22168, 25.00000, 23.93750, 25.18750, 24.06250, 1.33531, 0.03707, 2.50220, 1.19590, 3.04293, 3.20813, 0.00000, 3.05179, 3.00828, 2.70044, 2.54088, 22.80220
1728402034, 271307174, 0xDDDD, 2714, 27.43590, 1.22168, 25.00000, 23.93750, 25.18750, 24.06250, 1.33531, 0.03707, 2.50139, 1.18542, 3.04454, 3.20652, 0.00000, 3.05099, 3.00747, 2.70205, 2.55941, 22.80220
1728402034, 271407166, 0xDDDD, 2715, 27.43590, 1.22249, 25.00000, 23.93750, 25.25000, 24.06250, 1.33531, 0.04593, 2.50220, 1.17656, 3.01231, 3.20410, 0.00000, 3.05099, 3.00828, 2.70044, 2.56183, 22.80220
1728402034, 271507187, 0xDDDD, 2716, 27.43590, 1.22168, 25.00000, 23.93750, 25.25000, 24.06250, 1.33531, 0.04835, 2.50220, 1.18542, 3.00425, 3.19282, 0.00000, 3.04938, 3.00828, 2.70044, 2.56103, 22.80220
1728402034, 271607181, 0xDDDD, 2717, 27.83883, 1.22168, 25.00000, 23.93750, 25.25000, 24.06250, 1.33531, 0.03868, 2.50220, 1.17575, 3.00747, 3.19121, 0.00000, 3.04777, 3.00828, 2.69963, 2.56183, 22.80220
1728402035, 271707176, 0xDDDD, 2718, 27.43590, 1.22249, 25.00000, 24.00000, 25.25000, 24.06250, 1.33531, 0.03626, 2.50220, 1.19267, 3.01392, 3.18879, 0.00000, 3.04454, 3.00828, 2.70125, 2.56103, 22.80220
1728402035, 271807184, 0xDDDD, 2719, 27.83883, 1.22249, 25.00000, 24.00000, 25.25000, 24.06250, 1.33531, 0.04110, 2.50220, 1.18220, 3.02117, 3.21136, 0.00000, 3.05099, 3.00828, 2.70044, 2.46432, 22.80220
1728402035, 271907167, 0xDDDD, 2720, 27.43590, 1.22249, 25.00000, 24.00000, 25.25000, 24.06250, 1.33531, 0.03788, 2.50220, 1.20154, 3.02601, 3.20813, 0.00000, 3.05099, 3.00828, 2.70044, 2.56425, 22.80220
1728402035, 272007176, 0xDDDD, 2721, 27.83883, 1.22249, 25.06250, 23.93750, 25.25000, 24.06250, 1.33612, 0.03546, 2.50220, 1.18945, 3.07275, 3.20571, 0.00000, 3.05179, 3.00828, 2.70044, 2.56022, 22.80220
1728402035, 272107184, 0xDDDD, 2722, 27.83883, 1.22249, 25.06250, 23.93750, 25.18750, 24.06250, 1.33531, 0.04352, 2.50220, 1.17978, 3.07678, 3.19524, 0.00000, 3.05099, 3.00828, 2.70044, 2.55780, 22.80220
1728402035, 272207193, 0xDDDD, 2723, 27.83883, 1.22249, 25.00000, 23.93750, 25.18750, 24.06250, 1.33531, 0.03626, 2.50220, 1.19590, 3.08403, 3.19363, 0.00000, 3.05018, 3.00747, 2.69963, 2.56264, 22.80220
1728402035, 272307188, 0xDDDD, 2724, 27.83883, 1.22249, 25.00000, 23.93750, 25.18750, 24.06250, 1.33531, 0.03546, 2.50220, 1.17736, 3.09048, 3.19121, 0.00000, 3.05179, 3.00828, 2.70044, 2.56103, 22.80220
1728402035, 272407174, 0xDDDD, 2725, 27.83883, 1.22249, 25.00000, 23.93750, 25.18750, 24.06250, 1.33531, 0.03707, 2.50139, 1.19267, 3.00505, 3.21055, 0.00000, 3.05179, 3.00828, 2.70125, 2.52637, 22.80220
1728402035, 272507190, 0xDDDD, 2726, 27.03297, 1.22249, 25.00000, 23.93750, 25.18750, 24.06250, 1.33531, 0.03788, 2.50139, 1.18381, 3.01070, 3.21136, 0.00000, 3.05179, 3.00828, 2.70125, 2.55538, 22.80220
1728402035, 272607172, 0xDDDD, 2727, 27.43590, 1.22249, 25.00000, 23.93750, 25.25000, 24.06250, 1.33531, 0.03707, 2.50220, 1.17414, 3.05260, 3.20733, 0.00000, 3.04535, 3.00828, 2.70044, 2.56183, 22.80220
1728402036, 272707164, 0xDDDD, 2728, 27.83883, 1.22249, 25.00000, 23.93750, 25.25000, 24.06250, 1.33531, 0.04110, 2.50220, 1.18945, 3.06066, 3.20491, 0.00000, 3.05179, 3.00828, 2.70125, 2.56022, 22.80220
1728402036, 272807184, 0xDDDD, 2729, 27.83883, 1.22168, 25.00000, 23.93750, 25.25000, 24.06250, 1.33692, 0.03707, 2.50220, 1.17817, 3.06227, 3.19524, 0.00000, 3.05179, 3.00828, 2.70125, 2.56505, 22.80220
1728402036, 272907174, 0xDDDD, 2730, 27.83883, 1.22249, 25.00000, 24.00000, 25.25000, 24.06250, 1.33531, 0.03949, 2.50220, 1.19509, 3.06388, 3.19201, 0.00000, 3.05099, 3.00828, 2.70044, 2.55861, 22.80220
1728402036, 273007166, 0xDDDD, 2731, 27.83883, 1.22249, 25.06250, 24.00000, 25.25000, 24.06250, 1.33531, 0.04029, 2.50220, 1.17736, 3.06549, 3.18879, 0.00000, 3.05179, 3.00828, 2.70044, 2.51751, 22.80220
1728402036, 273107196, 0xDDDD, 2732, 27.83883, 1.22249, 25.06250, 24.00000, 25.25000, 24.06250, 1.33531, 0.03465, 2.50220, 1.19348, 3.06791, 3.21055, 0.00000, 3.04615, 3.00828, 2.70125, 2.53443, 22.80220
1728402036, 273207180, 0xDDDD, 2733, 27.83883, 1.22249, 25.00000, 23.93750, 25.25000, 24.06250, 1.33531, 0.03626, 2.50220, 1.18300, 3.07033, 3.20894, 0.00000, 3.05018, 3.00828, 2.69963, 2.55780, 22.98128
1728402036, 273307174, 0xDDDD, 2734, 27.83883, 1.22249, 25.00000, 23.93750, 25.25000, 24.06250, 1.33451, 0.04674, 2.50139, 1.19751, 3.02923, 3.20571, 0.00000, 3.05099, 3.00828, 2.70044, 2.55941, 22.80220
1728402036, 273407173, 0xDDDD, 2735, 27.43590, 1.22168, 25.00000, 24.00000, 25.25000, 24.12500, 1.33531, 0.04352, 2.50220, 1.18623, 3.02923, 3.19685, 0.00000, 3.05260, 3.00908, 2.70125, 2.55941, 22.80220
1728402036, 273507171, 0xDDDD, 2736, 27.83883, 1.22249, 25.00000, 24.00000, 25.25000, 24.12500, 1.33612, 0.03868, 2.50220, 1.17656, 3.03084, 3.19282, 0.00000, 3.05260, 3.00828, 2.69963, 2.56103, 22.80220
1728402036, 273607187, 0xDDDD, 2737, 27.83883, 1.22168, 25.00000, 24.00000, 25.25000, 24.12500, 1.33451, 0.04190, 2.50220, 1.19267, 3.03165, 3.19040, 0.00000, 3.05179, 3.00747, 2.70044, 2.55861, 22.80220
1728402037, 273707180, 0xDDDD, 2738, 27.83883, 1.22249, 25.06250, 23.93750, 25.25000, 24.12500, 1.33531, 0.03707, 2.50220, 1.18220, 3.03487, 3.18879, 0.00000, 3.05179, 3.00828, 2.70044, 2.56103, 22.80220
1728402037, 273807166, 0xDDDD, 2739, 27.43590, 1.22249, 25.06250, 23.93750, 25.25000, 24.12500, 1.33451, 0.03626, 2.50139, 1.18945, 3.03568, 3.20974, 0.00000, 3.05018, 3.00828, 2.70044, 2.49817, 22.80220
1728402037, 273907179, 0xDDDD, 2740, 27.83883, 1.22249, 25.00000, 23.93750, 25.25000, 24.12500, 1.33451, 0.04110, 2.50139, 1.17817, 3.07678, 3.20652, 0.00000, 3.04857, 3.00828, 2.69883, 2.56264, 22.80220
1728402037, 274007194, 0xDDDD, 2741, 27.83883, 1.22249, 25.00000, 23.93750, 25.25000, 24.12500, 1.33531, 0.03546, 2.50220, 1.19348, 3.08081, 3.19604, 0.00000, 3.05099, 3.00828, 2.69963, 2.56344, 22.80220
1728402037, 274107178, 0xDDDD, 2742, 27.83883, 1.22168, 25.00000, 23.93750, 25.25000, 24.06250, 1.33531, 0.03707, 2.50220, 1.18300, 3.08000, 3.19363, 0.00000, 3.05260, 3.00828, 2.70044, 2.56022, 22.80220
1728402037, 274207176, 0xDDDD, 2743, 27.83883, 1.22168, 25.00000, 23.93750, 25.25000, 24.06250, 1.33612, 0.04271, 2.50139, 1.18462, 3.07758, 3.19121, 0.00000, 3.04454, 3.00747, 2.69963, 2.56022, 22.80220
1728402037, 274307172, 0xDDDD, 2744, 27.83883, 1.22249, 25.00000, 23.93750, 25.25000, 24.06250, 1.33531, 0.03626, 2.50220, 1.18945, 3.07919, 3.21377, 0.00000, 3.05099, 3.00828, 2.70044, 2.56667, 22.80220
1728402037, 274407183, 0xDDDD, 2745, 28.64468, 1.22088, 25.06250, 23.93750, 25.25000, 24.12500, 1.33531, 0.03788, 2.50300, 1.18059, 3.08322, 3.20813, 0.00000, 3.05260, 3.00908, 2.69963, 2.62388, 22.80220
1728402037, 274507176, 0xDDDD, 2746, 28.24175, 1.22249, 25.06250, 23.93750, 25.18750, 24.12500, 1.33612, 0.04190, 2.50139, 1.19912, 3.01473, 3.20733, 0.00081, 3.05099, 3.00747, 2.70044, 2.56183, 22.80220
1728402037, 274607180, 0xDDDD, 2747, 28.24175, 1.22168, 25.06250, 24.00000, 25.18750, 24.12500, 1.33531, 0.03304, 2.50139, 1.17897, 3.01634, 3.19604, 0.00000, 3.04938, 3.00828, 2.70044, 2.56103, 22.80220
1728402038, 274707188, 0xDDDD, 2748, 27.83883, 1.22249, 25.00000, 24.00000, 25.18750, 24.12500, 1.33531, 0.03626, 2.50220, 1.19348, 3.01714, 3.19443, 0.00000, 3.05099, 3.00828, 2.69883, 2.56344, 22.80220
1728402038, 274807201, 0xDDDD, 2749, 27.83883, 1.22249, 25.00000, 24.00000, 25.25000, 24.12500, 1.33531, 0.03949, 2.50220, 1.18300, 3.01795, 3.19040, 0.00000, 3.05099, 3.00828, 2.70125, 2.56022, 22.80220
1728402038, 274907174, 0xDDDD, 2750, 27.43590, 1.22249, 25.00000, 23.93750, 25.25000, 24.12500, 1.33531, 0.03546, 2.50220, 1.19751, 3.01956, 3.18718, 0.00000, 3.05099, 3.00828, 2.69963, 2.48930, 22.44402
1728402038, 275007180, 0xDDDD, 2751, 27.83883, 1.22249, 25.00000, 23.93750, 25.18750, 24.12500, 1.33612, 0.03465, 2.50220, 1.18623, 3.01956, 3.20974, 0.00000, 3.05099, 3.00828, 2.69963, 2.56264, 22.80220
1728402038, 275107179, 0xDDDD, 2752, 27.83883, 1.22249, 25.00000, 23.93750, 25.18750, 24.06250, 1.33531, 0.03626, 2.50220, 1.17575, 3.02117, 3.20733, 0.00000, 3.05099, 3.00828, 2.70044, 2.55780, 22.80220
1728402038, 275207200, 0xDDDD, 2753, 27.43590, 1.22249, 25.00000, 23.93750, 25.18750, 24.06250, 1.33451, 0.03304, 2.50220, 1.18864, 3.05985, 3.20410, 0.00000, 3.05099, 3.00828, 2.70125, 2.56264, 22.80220
1728402038, 275307181, 0xDDDD, 2754, 27.83883, 1.22249, 25.00000, 23.93750, 25.25000, 24.12500, 1.31758, 0.03788, 2.50220, 1.17897, 3.06388, 3.19363, 0.00000, 3.04938, 3.00828, 2.70125, 2.56022, 22.26494
1728402038, 275407184, 0xDDDD, 2755, 27.83883, 1.22249, 25.00000, 23.93750, 25.25000, 24.12500, 1.33451, 0.04029, 2.50139, 1.18703, 3.06066, 3.18799, 0.00000, 3.05179, 3.00828, 2.70125, 2.56103, 22.80220
1728402038, 275507182, 0xDDDD, 2756, 27.83883, 1.22249, 25.00000, 23.93750, 25.25000, 24.12500, 1.33531, 0.03707, 2.50139, 1.17414, 3.06308, 3.20974, 0.00000, 3.05260, 3.00828, 2.70125, 2.56022, 22.80220
1728402038, 275607176, 0xDDDD, 2757, 27.83883, 1.22249, 25.00000, 23.93750, 25.25000, 24.12500, 1.33531, 0.03788, 2.50220, 1.18945, 3.06388, 3.20733, 0.00000, 3.05099, 3.00828, 2.70044, 2.60374, 22.80220
1728402039, 275707180, 0xDDDD, 2758, 27.43590, 1.22249, 25.00000, 23.93750, 25.25000, 24.12500, 1.33531, 0.03949, 2.50220, 1.17817, 3.06388, 3.20491, 0.00000, 3.05260, 3.00747, 2.69963, 2.56183, 22.80220
1728402039, 275807180, 0xDDDD, 2759, 27.43590, 1.22168, 25.00000, 23.93750, 25.25000, 24.06250, 1.33531, 0.04029, 2.50220, 1.19187, 3.01875, 3.20249, 0.00000, 3.05018, 3.00828, 2.70044, 2.56103, 22.80220
1728402039, 275907176, 0xDDDD, 2760, 27.43590, 1.22249, 25.06250, 23.93750, 25.25000, 24.06250, 1.33612, 0.03788, 2.50220, 1.18059, 3.01795, 3.19201, 0.00000, 3.05099, 3.00828, 2.70044, 2.56103, 22.80220
1728402039, 276007171, 0xDDDD, 2761, 27.83883, 1.22168, 25.06250, 23.93750, 25.25000, 24.06250, 1.33451, 0.04029, 2.50220, 1.19509, 3.01795, 3.18960, 0.00000, 3.05179, 3.00747, 2.70044, 2.55941, 22.80220
1728402039, 276107175, 0xDDDD, 2762, 27.83883, 1.22249, 25.00000, 23.93750, 25.25000, 24.12500, 1.33531, 0.03788, 2.50220, 1.18381, 3.02117, 3.21055, 0.00000, 3.04938, 3.00747, 2.70044, 2.56183, 22.80220
1728402039, 276207174, 0xDDDD, 2763, 27.83883, 1.22168, 25.00000, 23.93750, 25.25000, 24.12500, 1.33451, 0.04029, 2.50220, 1.19026, 3.02278, 3.20813, 0.00000, 3.05179, 3.00828, 2.70044, 2.60051, 22.80220
1728402039, 276307166, 0xDDDD, 2764, 27.83883, 1.22249, 25.00000, 23.93750, 25.25000, 24.12500, 1.33531, 0.03707, 2.50220, 1.17897, 3.02601, 3.20571, 0.00000, 3.05099, 3.00828, 2.70044, 2.61663, 22.80220
1728402039, 276407175, 0xDDDD, 2765, 27.83883, 1.22168, 25.06250, 23.93750, 25.25000, 24.12500, 1.33531, 0.04110, 2.50220, 1.19267, 3.06791, 3.20168, 0.00000, 3.04777, 3.00828, 2.70044, 2.56344, 22.80220
1728402039, 276507187, 0xDDDD, 2766, 27.43590, 1.22249, 25.06250, 23.93750, 25.25000, 24.06250, 1.33451, 0.03788, 2.50220, 1.17978, 3.06872, 3.19121, 0.00000, 3.04777, 3.00828, 2.70044, 2.56264, 22.80220
1728402039, 276607185, 0xDDDD, 2767, 27.83883, 1.22249, 25.00000, 23.93750, 25.25000, 24.06250, 1.33612, 0.03868, 2.50220, 1.19429, 3.06791, 3.18879, 0.00000, 3.04857, 3.00828, 2.69963, 2.55861, 22.80220
1728402040, 276707173, 0xDDDD, 2768, 28.24175, 1.22249, 25.00000, 23.93750, 25.25000, 24.06250, 1.33612, 0.03868, 2.50139, 1.18139, 3.07114, 3.21136, 0.00000, 3.05099, 3.00747, 2.70044, 2.56425, 22.80220
1728402040, 276807170, 0xDDDD, 2769, 27.83883, 1.22249, 25.00000, 24.00000, 25.25000, 24.12500, 1.33531, 0.04352, 2.50220, 1.19590, 3.06952, 3.20813, 0.00000, 3.05179, 3.00747, 2.70044, 2.56747, 22.80220
1728402040, 276907186, 0xDDDD, 2770, 27.83883, 1.22249, 25.00000, 24.00000, 25.25000, 24.12500, 1.33692, 0.03546, 2.50220, 1.18300, 3.07275, 3.20571, 0.00000, 3.04938, 3.00828, 2.70044, 2.56103, 22.80220
1728402040, 277007176, 0xDDDD, 2771, 27.83883, 1.22249, 25.00000, 23.93750, 25.25000, 24.06250, 1.33451, 0.04190, 2.50220, 1.18945, 3.03004, 3.20330, 0.00000, 3.05018, 3.00828, 2.70125, 2.56264, 22.80220
1728402040, 277107179, 0xDDDD, 2772, 27.83883, 1.22249, 25.00000, 23.93750, 25.25000, 24.06250, 1.33531, 0.04916, 2.50220, 1.17656, 3.03004, 3.20088, 0.00000, 3.05179, 3.00828, 2.70044, 2.56103, 22.80220
1728402040, 277207187, 0xDDDD, 2773, 27.83883, 1.22249, 25.00000, 23.93750, 25.25000, 24.06250, 1.33612, 0.03626, 2.50139, 1.19106, 3.02762, 3.19040, 0.00000, 3.05179, 3.00828, 2.70044, 2.56183, 23.16036
1728402040, 277307183, 0xDDDD, 2774, 27.83883, 1.22249, 25.06250, 23.93750, 25.25000, 24.06250, 1.33531, 0.03546, 2.50220, 1.17978, 3.02520, 3.18799, 0.00000, 3.05179, 3.00747, 2.69963, 2.55941, 22.80220
1728402040, 277407164, 0xDDDD, 2775, 27.83883, 1.22249, 25.06250, 23.93750, 25.25000, 24.06250, 1.33612, 0.04029, 2.50139, 1.19187, 3.02117, 3.20974, 0.00000, 3.05179, 3.00828, 2.70044, 2.56022, 22.80220
1728402040, 277507209, 0xDDDD, 2776, 27.43590, 1.22249, 25.06250, 24.00000, 25.25000, 24.06250, 1.33531, 0.03707, 2.50220, 1.17978, 3.01956, 3.20733, 0.00000, 3.04615, 3.00828, 2.69963, 2.59165, 22.80220
1728402040, 277607174, 0xDDDD, 2777, 27.83883, 1.22249, 25.06250, 24.00000, 25.25000, 24.06250, 1.33612, 0.03626, 2.50220, 1.19348, 3.01714, 3.20571, 0.00000, 3.05099, 3.00828, 2.70044, 2.55941, 22.80220
1728402041, 277707166, 0xDDDD, 2778, 27.83883, 1.22168, 25.06250, 24.00000, 25.25000, 24.12500, 1.33531, 0.04110, 2.50139, 1.18059, 3.05744, 3.20330, 0.00000, 3.05018, 3.00747, 2.69963, 2.56183, 22.80220
1728402041, 277807178, 0xDDDD, 2779, 27.83883, 1.22249, 25.06250, 23.93750, 25.25000, 24.12500, 1.33531, 0.02659, 2.50220, 1.18945, 3.05502, 3.19363, 0.00000, 3.05099, 3.00828, 2.70044, 2.55700, 22.80220
1728402041, 277907184, 0xDDDD, 2780, 27.83883, 1.22249, 25.06250, 23.93750, 25.25000, 24.12500, 1.33531, 0.03949, 2.50220, 1.17736, 3.05341, 3.19040, 0.00000, 3.05260, 3.00828, 2.70044, 2.55941, 22.80220
1728402041, 278007181, 0xDDDD, 2781, 27.43590, 1.22249, 25.06250, 24.00000, 25.25000, 24.06250, 1.33531, 0.03626, 2.50220, 1.19106, 3.05421, 3.18799, 0.00000, 3.05179, 3.00828, 2.69963, 2.56264, 22.80220
1728402041, 278107172, 0xDDDD, 2782, 27.43590, 1.22249, 25.00000, 24.00000, 25.25000, 24.06250, 1.33451, 0.03868, 2.50220, 1.17978, 3.05502, 3.20974, 0.00000, 3.04777, 3.00828, 2.70044, 2.52799, 22.80220
1728402041, 278207169, 0xDDDD, 2783, 27.83883, 1.22249, 25.00000, 24.00000, 25.18750, 24.06250, 1.33612, 0.03868, 2.50220, 1.19429, 3.05421, 3.20733, 0.00000, 3.04938, 3.00828, 2.70044, 2.55700, 22.80220
1728402041, 278307184, 0xDDDD, 2784, 27.83883, 1.22249, 25.06250, 24.00000, 25.18750, 24.06250, 1.33531, 0.03546, 2.50220, 1.18220, 3.01231, 3.20491, 0.00000, 3.05179, 3.00828, 2.70125, 2.56103, 22.80220
1728402041, 278407185, 0xDDDD, 2785, 27.43590, 1.22249, 25.06250, 24.00000, 25.25000, 24.06250, 1.33612, 0.04190, 2.50139, 1.19832, 3.01070, 3.19363, 0.00000, 3.05179, 3.00828, 2.69963, 2.55861, 22.80220
1728402041, 278507173, 0xDDDD, 2786, 27.43590, 1.22249, 25.00000, 23.93750, 25.25000, 24.06250, 1.33531, 0.04029, 2.50220, 1.18623, 3.00989, 3.19040, 0.00000, 3.05099, 3.00747, 2.70044, 2.56103, 22.80220
1728402041, 278607187, 0xDDDD, 2787, 27.83883, 1.22168, 25.00000, 23.93750, 25.18750, 24.06250, 1.33531, 0.03868, 2.50139, 1.19509, 3.00989, 3.18718, 0.00000, 3.05099, 3.00828, 2.69963, 2.56022, 22.80220
1728402042, 278707180, 0xDDDD, 2788, 27.43590, 1.22168, 25.00000, 23.93750, 25.18750, 24.06250, 1.33531, 0.04110, 2.50220, 1.18300, 3.00828, 3.20974, 0.00000, 3.05099, 3.00828, 2.70044, 2.52879, 22.80220
1728402042, 278807175, 0xDDDD, 2789, 27.83883, 1.22249, 25.00000, 23.93750, 25.18750, 24.06250, 1.33451, 0.03546, 2.50220, 1.19751, 3.00586, 3.20571, 0.00000, 3.05018, 3.00747, 2.70125, 2.58440, 22.80220
1728402042, 278907169, 0xDDDD, 2790, 27.43590, 1.22249, 25.00000, 23.93750, 25.18750, 24.06250, 1.33451, 0.04271, 2.50220, 1.18623, 3.04051, 3.20168, 0.00000, 3.05099, 3.00828, 2.69963, 2.56103, 22.80220
1728402042, 279007169, 0xDDDD, 2791, 27.83883, 1.22249, 25.06250, 23.93750, 25.18750, 24.06250, 1.33612, 0.03868, 2.50139, 1.17495, 3.03729, 3.19766, 0.00000, 3.04857, 3.00828, 2.69963, 2.56022, 22.80220
1728402042, 279107198, 0xDDDD, 2792, 27.83883, 1.22168, 25.06250, 23.93750, 25.18750, 24.06250, 1.33451, 0.02740, 2.50220, 1.18945, 3.03084, 3.18799, 0.00000, 3.05099, 3.00828, 2.70044, 2.56022, 22.80220
1728402042, 279207173, 0xDDDD, 2793, 27.83883, 1.22249, 25.06250, 23.93750, 25.18750, 24.12500, 1.33451, 0.04352, 2.50220, 1.17817, 3.02681, 3.20894, 0.00000, 3.05099, 3.00828, 2.70125, 2.56022, 22.80220
1728402042, 279307167, 0xDDDD, 2794, 27.83883, 1.22168, 25.06250, 23.93750, 25.18750, 24.12500, 1.33531, 0.03707, 2.50139, 1.18381, 3.02762, 3.20491, 0.00000, 3.05179, 3.00747, 2.70044, 2.57875, 22.98128
1728402042, 279407188, 0xDDDD, 2795, 27.43590, 1.22249, 25.06250, 23.93750, 25.25000, 24.06250, 1.33531, 0.03788, 2.50300, 1.19912, 3.02278, 3.20088, 0.00000, 3.05179, 3.00828, 2.70125, 2.56667, 22.80220
1728402042, 279507187, 0xDDDD, 2796, 28.24175, 1.22249, 25.00000, 23.93750, 25.25000, 24.06250, 1.33531, 0.03626, 2.50220, 1.18542, 3.02278, 3.19766, 0.00000, 3.05099, 3.00828, 2.70044, 2.55780, 22.80220
1728402042, 279607175, 0xDDDD, 2797, 27.83883, 1.22249, 25.00000, 23.93750, 25.31250, 24.06250, 1.33451, 0.03788, 2.50220, 1.19429, 3.06066, 3.19443, 0.00000, 3.05018, 3.00908, 2.70044, 2.56264, 22.80220
1728402043, 279707177, 0xDDDD, 2798, 27.83883, 1.22249, 25.00000, 23.93750, 25.31250, 24.06250, 1.33451, 0.04513, 2.50220, 1.18703, 3.05985, 3.20733, 0.00000, 3.04938, 3.00828, 2.69963, 2.55941, 22.80220
1728402043, 279807173, 0xDDDD, 2799, 27.43590, 1.22249, 25.06250, 23.93750, 25.25000, 24.06250, 1.33853, 0.03385, 2.50220, 1.17495, 3.05905, 3.20330, 0.00000, 3.05018, 3.00828, 2.70044, 2.56344, 22.80220
1728402043, 279907197, 0xDDDD, 2800, 27.43590, 1.22249, 25.06250, 23.93750, 25.25000, 24.12500, 1.33451, 0.03868, 2.50220, 1.18864, 3.05502, 3.19927, 0.00000, 3.05260, 3.00828, 2.70125, 2.56022, 22.80220
1728402043, 280007182, 0xDDDD, 2801, 27.43590, 1.22249, 25.06250, 23.93750, 25.25000, 24.12500, 1.33531, 0.04271, 2.50220, 1.17495, 3.05099, 3.19685, 0.00000, 3.05099, 3.00747, 2.70044, 2.56908, 22.80220
1728402043, 280107172, 0xDDDD, 2802, 27.83883, 1.22249, 25.06250, 23.93750, 25.25000, 24.12500, 1.33531, 0.03465, 2.50220, 1.18139, 3.04777, 3.19201, 0.00000, 3.04857, 3.00828, 2.69963, 2.49333, 22.80220
1728402043, 280207176, 0xDDDD, 2803, 27.43590, 1.22249, 25.06250, 23.93750, 25.25000, 24.06250, 1.33531, 0.04271, 2.50220, 1.19429, 3.00264, 3.21216, 0.00000, 3.04938, 3.00667, 2.69963, 2.56183, 22.98128
1728402043, 280307178, 0xDDDD, 2804, 27.83883, 1.22249, 25.06250, 23.93750, 25.25000, 24.06250, 1.33531, 0.03143, 2.50139, 1.18139, 3.08161, 3.19927, 0.00000, 3.05018, 3.00828, 2.70125, 2.56183, 22.80220
1728402043, 280407182, 0xDDDD, 2805, 28.24175, 1.22249, 25.06250, 24.00000, 25.25000, 24.06250, 1.33531, 0.03465, 2.50139, 1.19509, 3.07758, 3.19604, 0.00000, 3.05099, 3.00828, 2.70044, 2.56183, 22.80220
1728402043, 280507179, 0xDDDD, 2806, 27.83883, 1.22168, 25.06250, 24.00000, 25.25000, 24.06250, 1.33451, 0.04352, 2.50220, 1.18139, 3.07516, 3.19363, 0.00000, 3.05099, 3.00828, 2.70044, 2.55700, 22.80220
1728402043, 280607166, 0xDDDD, 2807, 27.83883, 1.22249, 25.06250, 24.00000, 25.18750, 24.12500, 1.33531, 0.04029, 2.50220, 1.19509, 3.06952, 3.19040, 0.00000, 3.05099, 3.00828, 2.69963, 2.59084, 22.80220
1728402044, 280707196, 0xDDDD, 2808, 27.83883, 1.22249, 25.06250, 24.00000, 25.18750, 24.12500, 1.33370, 0.04029, 2.50139, 1.18059, 3.06711, 3.21297, 0.00000, 3.05179, 3.00828, 2.70044, 2.62791, 22.80220
1728402044, 280807182, 0xDDDD, 2809, 27.43590, 1.22249, 25.06250, 24.00000, 25.25000, 24.12500, 1.33451, 0.04029, 2.50220, 1.19429, 3.02198, 3.20813, 0.00000, 3.05260, 3.00828, 2.70044, 2.56183, 22.80220
1728402044, 280907186, 0xDDDD, 2810, 27.43590, 1.22249, 25.06250, 24.00000, 25.25000, 24.12500, 1.33612, 0.02418, 2.50139, 1.19751, 3.01875, 3.19766, 0.00000, 3.05179, 3.00828, 2.69963, 2.56022, 22.80220
1728402044, 281007185, 0xDDDD, 2811, 27.83883, 1.22249, 25.00000, 24.00000, 25.25000, 24.12500, 1.33531, 0.03465, 2.50220, 1.18623, 3.01634, 3.19363, 0.00000, 3.04857, 3.00828, 2.70044, 2.56103, 22.80220
1728402044, 281107186, 0xDDDD, 2812, 27.83883, 1.22249, 25.00000, 24.00000, 25.25000, 24.12500, 1.33451, 0.03868, 2.50220, 1.17414, 3.01553, 3.19040, 0.00000, 3.05260, 3.00828, 2.70044, 2.56183, 22.80220
1728402044, 281207174, 0xDDDD, 2813, 27.83883, 1.22249, 25.06250, 24.00000, 25.25000, 24.12500, 1.33531, 0.04352, 2.50139, 1.18703, 3.01070, 3.21216, 0.00000, 3.05018, 3.00828, 2.70044, 2.53040, 22.80220
1728402044, 281307186, 0xDDDD, 2814, 27.83883, 1.22249, 25.06250, 24.00000, 25.25000, 24.12500, 1.33612, 0.03465, 2.50220, 1.17495, 3.00747, 3.20894, 0.00000, 3.05099, 3.00747, 2.70125, 2.56103, 22.80220
1728402044, 281407171, 0xDDDD, 2815, 27.83883, 1.22249, 25.00000, 24.00000, 25.25000, 24.06250, 1.33612, 0.03626, 2.50220, 1.18703, 3.00264, 3.20491, 0.00000, 3.05179, 3.00828, 2.69963, 2.56183, 22.80220
1728402044, 281507171, 0xDDDD, 2816, 27.83883, 1.22249, 25.00000, 24.00000, 25.25000, 24.06250, 1.33451, 0.04190, 2.50300, 1.17495, 3.04132, 3.20168, 0.00000, 3.05179, 3.00828, 2.69963, 2.56264, 22.80220
1728402044, 281607184, 0xDDDD, 2817, 27.83883, 1.22249, 25.00000, 23.93750, 25.25000, 24.12500, 1.33531, 0.03868, 2.50220, 1.18864, 3.03648, 3.18960, 0.00000, 3.05099, 3.00828, 2.69963, 2.56022, 22.26494
1728402045, 281707186, 0xDDDD, 2818, 27.83883, 1.22168, 25.00000, 23.93750, 25.25000, 24.12500, 1.33531, 0.04352, 2.50220, 1.19348, 3.03568, 3.21055, 0.00000, 3.05260, 3.00828, 2.70044, 2.55861, 22.80220
1728402045, 281807174, 0xDDDD, 2819, 27.83883, 1.22249, 25.00000, 23.93750, 25.25000, 24.06250, 1.33531, 0.03707, 2.50139, 1.18059, 3.03487, 3.20733, 0.00000, 3.05179, 3.00828, 2.69963, 2.56344, 22.62310
1728402045, 281907178, 0xDDDD, 2820, 27.43590, 1.22249, 25.06250, 23.93750, 25.25000, 24.06250, 1.33451, 0.03304, 2.50220, 1.19429, 3.03165, 3.20410, 0.00000, 3.05099, 3.00828, 2.70044, 2.57473, 22.62310
1728402045, 282007181, 0xDDDD, 2821, 28.24175, 1.22249, 25.06250, 23.93750, 25.25000, 24.06250, 1.33612, 0.04110, 2.50059, 1.17978, 3.02842, 3.19846, 0.00000, 3.05018, 3.00828, 2.70044, 2.51026, 22.62310
1728402045, 282107176, 0xDDDD, 2822, 27.43590, 1.22168, 25.06250, 24.00000, 25.25000, 24.06250, 1.33531, 0.03707, 2.50220, 1.19187, 3.06711, 3.19604, 0.00000, 3.05018, 3.00828, 2.70044, 2.56425, 22.80220
1728402045, 282207182, 0xDDDD, 2823, 27.43590, 1.22249, 25.00000, 24.00000, 25.25000, 24.06250, 1.33531, 0.04271, 2.50220, 1.17897, 3.06469, 3.20894, 0.00000, 3.05099, 3.00828, 2.69963, 2.56022, 22.80220
1728402045, 282307178, 0xDDDD, 2824, 27.43590, 1.22168, 25.00000, 24.00000, 25.25000, 24.06250, 1.33531, 0.03949, 2.50139, 1.19267, 3.06066, 3.20330, 0.00000, 3.04938, 3.00747, 2.70044, 2.56103, 22.80220
1728402045, 282407166, 0xDDDD, 2825, 27.83883, 1.22249, 25.00000, 23.93750, 25.25000, 24.06250, 1.33531, 0.03707, 2.50139, 1.17897, 3.05582, 3.19927, 0.00000, 3.04777, 3.00828, 2.69963, 2.56425, 22.80220
1728402045, 282507177, 0xDDDD, 2826, 27.83883, 1.22249, 25.00000, 23.93750, 25.25000, 24.06250, 1.33451, 0.03788, 2.50220, 1.18381, 3.05179, 3.19524, 0.00000, 3.05099, 3.00828, 2.70125, 2.52396, 22.80220
1728402045, 282607174, 0xDDDD, 2827, 27.83883, 1.22168, 25.00000, 24.00000, 25.25000, 24.12500, 1.33451, 0.04110, 2.50139, 1.19509, 3.04615, 3.19201, 0.00000, 3.05260, 3.00828, 2.70044, 2.58923, 22.80220
1728402046, 282707166, 0xDDDD, 2828, 27.83883, 1.22168, 25.06250, 24.00000, 25.25000, 24.12500, 1.33531, 0.03788, 2.50139, 1.18220, 3.08403, 3.19201, 0.00000, 3.04938, 3.00828, 2.70044, 2.55941, 22.80220
1728402046, 282807186, 0xDDDD, 2829, 27.43590, 1.22249, 25.06250, 23.93750, 25.25000, 24.06250, 1.33531, 0.04271, 2.50220, 1.19348, 3.07919, 3.20088, 0.00000, 3.05018, 3.00828, 2.70044, 2.55941, 22.80220
1728402046, 282907187, 0xDDDD, 2830, 27.83883, 1.22249, 25.06250, 23.93750, 25.25000, 24.06250, 1.33531, 0.03707, 2.50139, 1.17897, 3.07516, 3.19685, 0.00000, 3.05179, 3.00828, 2.70125, 2.55861, 22.62310
1728402046, 283007179, 0xDDDD, 2831, 27.83883, 1.22249, 25.06250, 23.93750, 25.25000, 24.06250, 1.32484, 0.03868, 2.50220, 1.19106, 3.07114, 3.19201, 0.00000, 3.05179, 3.00828, 2.70044, 2.56264, 22.80220
1728402046, 283107175, 0xDDDD, 2832, 27.83883, 1.22249, 25.00000, 23.93750, 25.25000, 24.06250, 1.33531, 0.04432, 2.50220, 1.17897, 3.07033, 3.18799, 0.00000, 3.05179, 3.00828, 2.69883, 2.55780, 22.80220
1728402046, 283207190, 0xDDDD, 2833, 27.83883, 1.22249, 25.00000, 23.93750, 25.25000, 24.06250, 1.33531, 0.03868, 2.50220, 1.19106, 3.06388, 3.20894, 0.00000, 3.05260, 3.00828, 2.70125, 2.52960, 22.80220
1728402046, 283307171, 0xDDDD, 2834, 27.43590, 1.22249, 25.00000, 23.93750, 25.25000, 24.06250, 1.33612, 0.03949, 2.50139, 1.19590, 3.05582, 3.20491, 0.00000, 3.05260, 3.00828, 2.70044, 2.55941, 22.80220
1728402046, 283407182, 0xDDDD, 2835, 27.43590, 1.22168, 25.00000, 23.93750, 25.25000, 24.06250, 1.33531, 0.04271, 2.50220, 1.18300, 3.00908, 3.20088, 0.00000, 3.05099, 3.00828, 2.70044, 2.55941, 22.80220
1728402046, 283507172, 0xDDDD, 2836, 27.43590, 1.22249, 25.00000, 23.93750, 25.25000, 24.06250, 1.33531, 0.03465, 2.50220, 1.19429, 3.00264, 3.18879, 0.00000, 3.04293, 3.00828, 2.70044, 2.55941, 23.33944
1728402046, 283607173, 0xDDDD, 2837, 28.24175, 1.22249, 25.00000, 24.00000, 25.25000, 24.06250, 1.33531, 0.03868, 2.50139, 1.17897, 3.08322, 3.20894, 0.00000, 3.05099, 3.00828, 2.70044, 2.56103, 22.80220
1728402047, 283707166, 0xDDDD, 2838, 27.43590, 1.22249, 25.00000, 24.00000, 25.18750, 24.06250, 1.33531, 0.03868, 2.50139, 1.19106, 3.07436, 3.20330, 0.00000, 3.05179, 3.00828, 2.70044, 2.56183, 22.80220
1728402047, 283807194, 0xDDDD, 2839, 27.83883, 1.22330, 25.00000, 23.93750, 25.18750, 24.06250, 1.33531, 0.03868, 2.50220, 1.17656, 3.06952, 3.19927, 0.00000, 3.04777, 3.00828, 2.70044, 2.58359, 22.80220
1728402047, 283907175, 0xDDDD, 2840, 27.83883, 1.22249, 25.00000, 23.93750, 25.25000, 24.06250, 1.33531, 0.04110, 2.50220, 1.18864, 3.06308, 3.19524, 0.00000, 3.05018, 3.00828, 2.70125, 2.56264, 22.80220
1728402047, 284007168, 0xDDDD, 2841, 27.43590, 1.22168, 25.00000, 23.93750, 25.25000, 24.12500, 1.33451, 0.03465, 2.50139, 1.17495, 3.01553, 3.19121, 0.00000, 3.05099, 3.00828, 2.70125, 2.56344, 22.80220
1728402047, 284107180, 0xDDDD, 2842, 28.24175, 1.22249, 25.06250, 23.93750, 25.25000, 24.12500, 1.33531, 0.04593, 2.50220, 1.17897, 3.00908, 3.20249, 0.00000, 3.05260, 3.00828, 2.70044, 2.56103, 22.80220
1728402047, 284207184, 0xDDDD, 2843, 27.83883, 1.22249, 25.06250, 23.93750, 25.25000, 24.12500, 1.33531, 0.03788, 2.50220, 1.19106, 3.07839, 3.19685, 0.00000, 3.05099, 3.00828, 2.70044, 2.56183, 22.80220
1728402047, 284307175, 0xDDDD, 2844, 27.83883, 1.22249, 25.06250, 23.93750, 25.25000, 24.12500, 1.33451, 0.03949, 2.50220, 1.17656, 3.08081, 3.19201, 0.00000, 3.05018, 3.00828, 2.70125, 2.55941, 22.80220
1728402047, 284407173, 0xDDDD, 2845, 27.43590, 1.22249, 25.00000, 23.93750, 25.25000, 24.12500, 1.33451, 0.03949, 2.50059, 1.18864, 3.07275, 3.21377, 0.00000, 3.05260, 3.00989, 2.70125, 2.58198, 22.26494
1728402047, 284507172, 0xDDDD, 2846, 28.24175, 1.22249, 25.00000, 24.00000, 25.25000, 24.06250, 1.33451, 0.04271, 2.50220, 1.17656, 3.04132, 3.20813, 0.00000, 3.05179, 3.00828, 2.69963, 2.55941, 22.98128
1728402047, 284607183, 0xDDDD, 2847, 27.83883, 1.22249, 25.06250, 24.00000, 25.25000, 24.06250, 1.33451, 0.03949, 2.50220, 1.18945, 3.07839, 3.20410, 0.00000, 3.05099, 3.00747, 2.70044, 2.56264, 22.80220
1728402048, 284707183, 0xDDDD, 2848, 28.24175, 1.22249, 25.06250, 24.00000, 25.25000, 24.12500, 1.33451, 0.03707, 2.50220, 1.17736, 3.07194, 3.19201, 0.00000, 3.04938, 3.00828, 2.70044, 2.56344, 22.80220
1728402048, 284807172, 0xDDDD, 2849, 27.83883, 1.22249, 25.06250, 24.00000, 25.25000, 24.12500, 1.33934, 0.03868, 2.50220, 1.18300, 3.06952, 3.18718, 0.00000, 3.04777, 3.00828, 2.70044, 2.56103, 22.62310
1728402048, 284907181, 0xDDDD, 2850, 27.83883, 1.22249, 25.06250, 24.00000, 25.25000, 24.12500, 1.33531, 0.03626, 2.50220, 1.19590, 3.06469, 3.20894, 0.00000, 3.05179, 3.00828, 2.70044, 2.56344, 22.80220
1728402048, 285007176, 0xDDDD, 2851, 27.83883, 1.22249, 25.06250, 24.00000, 25.25000, 24.12500, 1.33531, 0.03949, 2.50220, 1.18139, 3.05744, 3.20410, 0.00000, 3.05018, 3.00828, 2.70044, 2.53685, 22.98128
1728402048, 285107175, 0xDDDD, 2852, 27.83883, 1.22249, 25.06250, 24.00000, 25.25000, 24.12500, 1.33531, 0.03546, 2.50220, 1.19429, 3.05018, 3.20088, 0.00000, 3.05099, 3.00828, 2.70044, 2.55458, 22.80220
1728402048, 285207174, 0xDDDD, 2853, 27.43590, 1.22249, 25.06250, 24.00000, 25.25000, 24.12500, 1.33451, 0.04513, 2.50220, 1.18139, 3.08564, 3.19604, 0.00000, 3.04938, 3.00828, 2.70125, 2.56264, 22.80220
1728402048, 285307173, 0xDDDD, 2854, 27.83883, 1.22249, 25.00000, 23.93750, 25.25000, 24.12500, 1.33531, 0.03465, 2.50220, 1.19429, 3.07758, 3.19443, 0.00000, 3.05099, 3.00828, 2.70044, 2.56264, 22.80220
1728402048, 285407186, 0xDDDD, 2855, 28.24175, 1.22249, 25.00000, 23.93750, 25.25000, 24.12500, 1.33612, 0.03788, 2.50220, 1.18139, 3.07355, 3.20571, 0.00000, 3.05260, 3.00828, 2.70044, 2.56022, 22.80220
1728402048, 285507179, 0xDDDD, 2856, 28.24175, 1.22249, 25.00000, 23.93750, 25.25000, 24.12500, 1.33531, 0.04110, 2.50220, 1.19429, 3.06469, 3.20088, 0.00000, 3.05179, 3.00828, 2.70044, 2.56103, 22.80220
1728402048, 285607170, 0xDDDD, 2857, 27.43590, 1.22249, 25.06250, 23.93750, 25.18750, 24.12500, 1.33612, 0.03707, 2.50220, 1.17414, 3.05824, 3.19766, 0.00000, 3.05179, 3.00828, 2.70044, 2.58037, 22.80220
1728402049, 285707188, 0xDDDD, 2858, 27.83883, 1.22249, 25.06250, 23.93750, 25.18750, 24.12500, 1.33612, 0.04352, 2.50220, 1.18703, 3.04938, 3.19443, 0.00000, 3.05099, 3.00828, 2.69963, 2.52799, 22.80220
1728402049, 285807168, 0xDDDD, 2859, 27.83883, 1.22249, 25.06250, 23.93750, 25.25000, 24.12500, 1.33612, 0.03707, 2.50220, 1.19912, 3.04615, 3.18879, 0.00000, 3.05099, 3.00828, 2.70044, 2.55861, 22.80220
1728402049, 285907174, 0xDDDD, 2860, 27.43590, 1.22249, 25.06250, 23.93750, 25.25000, 24.12500, 1.33451, 0.04513, 2.50220, 1.18542, 3.07678, 3.20974, 0.00000, 3.04857, 3.00828, 2.70044, 2.56022, 22.80220
1728402049, 286007180, 0xDDDD, 2861, 27.43590, 1.22168, 25.06250, 23.93750, 25.25000, 24.12500, 1.33531, 0.04190, 2.50220, 1.19832, 3.06711, 3.19766, 0.00000, 3.04696, 3.00828, 2.69963, 2.56022, 22.80220
1728402049, 286107179, 0xDDDD, 2862, 27.43590, 1.22168, 25.06250, 23.93750, 25.25000, 24.12500, 1.33531, 0.03546, 2.50139, 1.18381, 3.05905, 3.19363, 0.00000, 3.05018, 3.00828, 2.70044, 2.56264, 22.80220
1728402049, 286207202, 0xDDDD, 2863, 27.83883, 1.22249, 25.06250, 24.00000, 25.25000, 24.12500, 1.33451, 0.04432, 2.50220, 1.19590, 3.05341, 3.19040, 0.00000, 3.04938, 3.00828, 2.69963, 2.55780, 22.80220
1728402049, 286307183, 0xDDDD, 2864, 28.24175, 1.22249, 25.06250, 24.00000, 25.25000, 24.12500, 1.33531, 0.04029, 2.50139, 1.18300, 3.04535, 3.21136, 0.00000, 3.05179, 3.00828, 2.70125, 2.55861, 22.80220
1728402049, 286407178, 0xDDDD, 2865, 27.83883, 1.22249, 25.06250, 24.00000, 25.25000, 24.06250, 1.33531, 0.04029, 2.50220, 1.18703, 3.03648, 3.20733, 0.00000, 3.05179, 3.00828, 2.70044, 2.52476, 22.80220
1728402049, 286507166, 0xDDDD, 2866, 27.83883, 1.22249, 25.06250, 24.00000, 25.25000, 24.06250, 1.33451, 0.04190, 2.50220, 1.19912, 3.06791, 3.20168, 0.00000, 3.05260, 3.00747, 2.69963, 2.56344, 22.80220
1728402049, 286607176, 0xDDDD, 2867, 27.83883, 1.22249, 25.06250, 24.00000, 25.25000, 24.06250, 1.33531, 0.03868, 2.50220, 1.18623, 3.05985, 3.18799, 0.00000, 3.04938, 3.00828, 2.70044, 2.56183, 22.80220
1728402050, 286707190, 0xDDDD, 2868, 27.83883, 1.22249, 25.06250, 23.93750, 25.25000, 24.12500, 1.33531, 0.03788, 2.50220, 1.19751, 3.04857, 3.20813, 0.00000, 3.05099, 3.00828, 2.70044, 2.56425, 22.80220
1728402050, 286807183, 0xDDDD, 2869, 27.43590, 1.22249, 25.06250, 23.93750, 25.25000, 24.12500, 1.33531, 0.03626, 2.50220, 1.18462, 3.03810, 3.20491, 0.00000, 3.05179, 3.00747, 2.70044, 2.56183, 22.80220
1728402050, 286907165, 0xDDDD, 2870, 27.83883, 1.22249, 25.06250, 23.93750, 25.25000, 24.12500, 1.33531, 0.04755, 2.50220, 1.19670, 3.03084, 3.19927, 0.00000, 3.05260, 3.00828, 2.70125, 2.51590, 22.80220
1728402050, 287007198, 0xDDDD, 2871, 27.43590, 1.22249, 25.06250, 23.93750, 25.31250, 24.12500, 1.33531, 0.04029, 2.50220, 1.18381, 3.02278, 3.19524, 0.00000, 3.05099, 3.00828, 2.70044, 2.52315, 22.80220
1728402050, 287107182, 0xDDDD, 2872, 27.83883, 1.22168, 25.06250, 23.93750, 25.31250, 24.12500, 1.33531, 0.03626, 2.50139, 1.19590, 3.05582, 3.19040, 0.00000, 3.05018, 3.00828, 2.69963, 2.55861, 22.80220
1728402050, 287207187, 0xDDDD, 2873, 28.24175, 1.22249, 25.06250, 23.93750, 25.31250, 24.12500, 1.33612, 0.05077, 2.50220, 1.19832, 3.04857, 3.20249, 0.00000, 3.05099, 3.00828, 2.70125, 2.55941, 22.80220
1728402050, 287307173, 0xDDDD, 2874, 27.83883, 1.22249, 25.06250, 23.93750, 25.25000, 24.12500, 1.34095, 0.03385, 2.50220, 1.18542, 3.03810, 3.19685, 0.00000, 3.05018, 3.00828, 2.70044, 2.56264, 22.80220
1728402050, 287407177, 0xDDDD, 2875, 28.24175, 1.22249, 25.06250, 24.00000, 25.25000, 24.12500, 1.33531, 0.04190, 2.50220, 1.19751, 3.03084, 3.19201, 0.00000, 3.05099, 3.00828, 2.70044, 2.56103, 22.80220
1728402050, 287507177, 0xDDDD, 2876, 27.83883, 1.22249, 25.00000, 24.00000, 25.25000, 24.12500, 1.33531, 0.04029, 2.50220, 1.18300, 3.02117, 3.19685, 0.00000, 3.05018, 3.00828, 2.70125, 2.47560, 22.80220
1728402050, 287607192, 0xDDDD, 2877, 27.83883, 1.22249, 25.00000, 24.00000, 25.25000, 24.06250, 1.33531, 0.04190, 2.50139, 1.19509, 3.00989, 3.20733, 0.00000, 3.05099, 3.00828, 2.70044, 2.56425, 22.80220
1728402051, 287707178, 0xDDDD, 2878, 27.83883, 1.22249, 25.06250, 24.00000, 25.25000, 24.06250, 1.33612, 0.03626, 2.50220, 1.18139, 3.06227, 3.20330, 0.00000, 3.04777, 3.00828, 2.70044, 2.55941, 22.62310
1728402051, 287807172, 0xDDDD, 2879, 27.83883, 1.22249, 25.06250, 24.00000, 25.31250, 24.06250, 1.33531, 0.03626, 2.50220, 1.19267, 3.03165, 3.19846, 0.00000, 3.05260, 3.00828, 2.69883, 2.56344, 22.80220
1728402051, 287907184, 0xDDDD, 2880, 27.83883, 1.22249, 25.06250, 23.93750, 25.31250, 24.12500, 1.33612, 0.04190, 2.50220, 1.17897, 3.02359, 3.21055, 0.00000, 3.05018, 3.00828, 2.70044, 2.55941, 23.16036
1728402051, 288007177, 0xDDDD, 2881, 27.83883, 1.22168, 25.00000, 23.93750, 25.25000, 24.12500, 1.33370, 0.03788, 2.50220, 1.18381, 3.01392, 3.20571, 0.00000, 3.05179, 3.00667, 2.69963, 2.56103, 22.98128
1728402051, 288107183, 0xDDDD, 2882, 28.24175, 1.22249, 25.00000, 23.93750, 25.25000, 24.12500, 1.33531, 0.03626, 2.50220, 1.19590, 3.00344, 3.20168, 0.00000, 3.05260, 3.00828, 2.70044, 2.56344, 22.62310
1728402051, 288207185, 0xDDDD, 2883, 27.83883, 1.22249, 25.06250, 23.93750, 25.25000, 24.12500, 1.33451, 0.04352, 2.50220, 1.18059, 3.08322, 3.19685, 0.00000, 3.05341, 3.00828, 2.70044, 2.59568, 22.80220
1728402051, 288307164, 0xDDDD, 2884, 27.83883, 1.22249, 25.06250, 23.93750, 25.25000, 24.12500, 1.33531, 0.03788, 2.50139, 1.19106, 3.07275, 3.19201, 0.00000, 3.05018, 3.00828, 2.70125, 2.58923, 22.80220
1728402051, 288407166, 0xDDDD, 2885, 27.83883, 1.22249, 25.06250, 23.93750, 25.25000, 24.06250, 1.33451, 0.04271, 2.50300, 1.17575, 3.01956, 3.21216, 0.00000, 3.05179, 3.00828, 2.70205, 2.56505, 22.80220
1728402051, 288507186, 0xDDDD, 2886, 28.24175, 1.22249, 25.06250, 23.93750, 25.25000, 24.06250, 1.33531, 0.03626, 2.50220, 1.18784, 3.01231, 3.20007, 0.00081, 3.04615, 3.00828, 2.69963, 2.56344, 22.80220
1728402051, 288607183, 0xDDDD, 2887, 27.83883, 1.22168, 25.06250, 23.93750, 25.25000, 24.12500, 1.33531, 0.03546, 2.50220, 1.19832, 3.00425, 3.19604, 0.00000, 3.05099, 3.00828, 2.70044, 2.56425, 22.80220
1728402052, 288707166, 0xDDDD, 2888, 27.83883, 1.22249, 25.06250, 23.93750, 25.31250, 24.12500, 1.33451, 0.03949, 2.50220, 1.17575, 3.07919, 3.19201, 0.00000, 3.05018, 3.00828, 2.70125, 2.55619, 22.80220
1728402052, 288807170, 0xDDDD, 2889, 27.83883, 1.22249, 25.06250, 23.93750, 25.31250, 24.12500, 1.33612, 0.04110, 2.50139, 1.18703, 3.06549, 3.21136, 0.00000, 3.05179, 3.00828, 2.69963, 2.54168, 22.80220
1728402052, 288907179, 0xDDDD, 2890, 28.24175, 1.22249, 25.06250, 24.00000, 25.31250, 24.12500, 1.33451, 0.04432, 2.50139, 1.20154, 3.05582, 3.20571, 0.00000, 3.05018, 3.00828, 2.70044, 2.44498, 22.80220
1728402052, 289007170, 0xDDDD, 2891, 27.83883, 1.22249, 25.06250, 24.00000, 25.25000, 24.12500, 1.33531, 0.04190, 2.50220, 1.18381, 3.04777, 3.20007, 0.00000, 3.05179, 3.00828, 2.69802, 2.56183, 22.44402
1728402052, 289107174, 0xDDDD, 2892, 27.43590, 1.22249, 25.06250, 23.93750, 25.25000, 24.12500, 1.33451, 0.02256, 2.50220, 1.19429, 3.07516, 3.19685, 0.00000, 3.05099, 3.00747, 2.69963, 2.56264, 22.80220
1728402052, 289207187, 0xDDDD, 2893, 27.83883, 1.22249, 25.06250, 23.93750, 25.25000, 24.12500, 1.33531, 0.03949, 2.50139, 1.17978, 3.06549, 3.20813, 0.00000, 3.05260, 3.00828, 2.69963, 2.56183, 22.80220
1728402052, 289307185, 0xDDDD, 2894, 27.43590, 1.22249, 25.06250, 23.93750, 25.25000, 24.12500, 1.33531, 0.04352, 2.50300, 1.19026, 3.05663, 3.20249, 0.00000, 3.05099, 3.00828, 2.70044, 2.56425, 22.80220
1728402052, 289407174, 0xDDDD, 2895, 28.64468, 1.22249, 25.06250, 24.00000, 25.25000, 24.12500, 1.33451, 0.04190, 2.50220, 1.17414, 3.04615, 3.19927, 0.00000, 3.05099, 3.00828, 2.70125, 2.55136, 22.80220
1728402052, 289507191, 0xDDDD, 2896, 27.83883, 1.22168, 25.06250, 24.00000, 25.25000, 24.12500, 1.33531, 0.04110, 2.50220, 1.18381, 3.03487, 3.19443, 0.00000, 3.05260, 3.00747, 2.70044, 2.55780, 22.80220
1728402052, 289607172, 0xDDDD, 2897, 27.83883, 1.22249, 25.06250, 24.00000, 25.25000, 24.12500, 1.33531, 0.03465, 2.50220, 1.18542, 3.02440, 3.18960, 0.00000, 3.05099, 3.00828, 2.70125, 2.56183, 22.80220
1728402053, 289707184, 0xDDDD, 2898, 27.83883, 1.22249, 25.06250, 24.00000, 25.25000, 24.12500, 1.33531, 0.04110, 2.50220, 1.19590, 3.05421, 3.20974, 0.00000, 3.04938, 3.00828, 2.69963, 2.55861, 22.80220
1728402053, 289807171, 0xDDDD, 2899, 27.83883, 1.22249, 25.06250, 24.00000, 25.25000, 24.12500, 1.33612, 0.03788, 2.50220, 1.17978, 3.04615, 3.19766, 0.00000, 3.05179, 3.00828, 2.70044, 2.55941, 23.33944
1728402053, 289907173, 0xDDDD, 2900, 27.83883, 1.22249, 25.06250, 23.93750, 25.25000, 24.12500, 1.33531, 0.03868, 2.50220, 1.19106, 3.03810, 3.19201, 0.00000, 3.05099, 3.00828, 2.69963, 2.55941, 22.80220
1728402053, 290007169, 0xDDDD, 2901, 27.83883, 1.22249, 25.06250, 23.93750, 25.25000, 24.12500, 1.33531, 0.03788, 2.50220, 1.17495, 3.02842, 3.18799, 0.00000, 3.05260, 3.00747, 2.70125, 2.55941, 22.80220
1728402053, 290107194, 0xDDDD, 2902, 27.83883, 1.22168, 25.06250, 24.00000, 25.25000, 24.18750, 1.33531, 0.03868, 2.50220, 1.18462, 3.01875, 3.20813, 0.00000, 3.05018, 3.00747, 2.70125, 2.55458, 22.80220
1728402053, 290207174, 0xDDDD, 2903, 27.83883, 1.22249, 25.06250, 24.00000, 25.31250, 24.18750, 1.33531, 0.04110, 2.50139, 1.19590, 3.00747, 3.20330, 0.00000, 3.05018, 3.00828, 2.70205, 2.56022, 22.80220
1728402053, 290307172, 0xDDDD, 2904, 28.24175, 1.22249, 25.06250, 24.00000, 25.31250, 24.12500, 1.33531, 0.03707, 2.50220, 1.19509, 3.03810, 3.19766, 0.00000, 3.05018, 3.00828, 2.70044, 2.56264, 22.80220
1728402053, 290407181, 0xDDDD, 2905, 27.43590, 1.22249, 25.06250, 24.00000, 25.18750, 24.12500, 1.33451, 0.03304, 2.50220, 1.18300, 3.02762, 3.20974, 0.00000, 3.05018, 3.00908, 2.70125, 2.56183, 22.80220
1728402053, 290507176, 0xDDDD, 2906, 27.83883, 1.22249, 25.06250, 24.00000, 25.18750, 24.12500, 1.33934, 0.03949, 2.50139, 1.19267, 3.01795, 3.20410, 0.00000, 3.04615, 3.00828, 2.70044, 2.56103, 22.98128
1728402053, 290607175, 0xDDDD, 2907, 27.43590, 1.22249, 25.06250, 23.93750, 25.25000, 24.12500, 1.33531, 0.05077, 2.50139, 1.17575, 3.00667, 3.20088, 0.00000, 3.05018, 3.00828, 2.70125, 2.56183, 22.80220
1728402054, 290707177, 0xDDDD, 2908, 27.83883, 1.22168, 25.06250, 23.93750, 25.25000, 24.12500, 1.33531, 0.03626, 2.50300, 1.18462, 3.08081, 3.19685, 0.00000, 3.05179, 3.00828, 2.69963, 2.66337, 22.80220
1728402054, 290807173, 0xDDDD, 2909, 27.83883, 1.22249, 25.06250, 23.93750, 25.25000, 24.12500, 1.33451, 0.04271, 2.50220, 1.19348, 3.06630, 3.19201, 0.00000, 3.04938, 3.00828, 2.70044, 2.51348, 22.80220
1728402054, 290907188, 0xDDDD, 2910, 27.83883, 1.22249, 25.06250, 23.93750, 25.25000, 24.12500, 1.33531, 0.03788, 2.50220, 1.17575, 3.01231, 3.18799, 0.00000, 3.04696, 3.00828, 2.70044, 2.55941, 22.80220
1728402054, 291007185, 0xDDDD, 2911, 27.83883, 1.22249, 25.06250, 23.93750, 25.25000, 24.12500, 1.33451, 0.03949, 2.50220, 1.18542, 3.07919, 3.20007, 0.00000, 3.05179, 3.00828, 2.70044, 2.56264, 22.80220
1728402054, 291107176, 0xDDDD, 2912, 27.83883, 1.22249, 25.06250, 24.00000, 25.25000, 24.12500, 1.32161, 0.05399, 2.50139, 1.18623, 3.07355, 3.19443, 0.00000, 3.04696, 3.00828, 2.70125, 2.55861, 22.98128
1728402054, 291207166, 0xDDDD, 2913, 28.24175, 1.22249, 25.06250, 24.00000, 25.25000, 24.12500, 1.33128, 0.04271, 2.50139, 1.19670, 3.06147, 3.18960, 0.00000, 3.05260, 3.00828, 2.69963, 2.55861, 22.80220
1728402054, 291307168, 0xDDDD, 2914, 28.24175, 1.22330, 25.06250, 23.93750, 25.25000, 24.12500, 1.33451, 0.04432, 2.50139, 1.17978, 3.04857, 3.21055, 0.00000, 3.04696, 3.00747, 2.70205, 2.56264, 22.80220
1728402054, 291407176, 0xDDDD, 2915, 27.83883, 1.22168, 25.06250, 23.93750, 25.31250, 24.12500, 1.33531, 0.03465, 2.50220, 1.18945, 3.03487, 3.20491, 0.00000, 3.04938, 3.00828, 2.69883, 2.55941, 22.80220
1728402054, 291507178, 0xDDDD, 2916, 27.83883, 1.22249, 25.06250, 24.00000, 25.31250, 24.12500, 1.33451, 0.03868, 2.50220, 1.19751, 3.06469, 3.20007, 0.00000, 3.05341, 3.00908, 2.70044, 2.56103, 22.80220
1728402054, 291607179, 0xDDDD, 2917, 27.43590, 1.22168, 25.06250, 24.00000, 25.31250, 24.12500, 1.33531, 0.03788, 2.50220, 1.18300, 3.05341, 3.19363, 0.00000, 3.05179, 3.00828, 2.70044, 2.56344, 22.80220
1728402055, 291707184, 0xDDDD, 2918, 27.83883, 1.22249, 25.06250, 24.00000, 25.31250, 24.12500, 1.33531, 0.03626, 2.50220, 1.19267, 3.04132, 3.20571, 0.00000, 3.05179, 3.00828, 2.70044, 2.56425, 22.80220
1728402055, 291807183, 0xDDDD, 2919, 27.83883, 1.22249, 25.06250, 24.00000, 25.25000, 24.12500, 1.33612, 0.03626, 2.50139, 1.17656, 3.03004, 3.20007, 0.00000, 3.05099, 3.00828, 2.70125, 2.55941, 22.80220
1728402055, 291907176, 0xDDDD, 2920, 27.83883, 1.22249, 25.06250, 24.00000, 25.25000, 24.12500, 1.33531, 0.04029, 2.50139, 1.17736, 3.01714, 3.19604, 0.00000, 3.05099, 3.00828, 2.70044, 2.57392, 22.80220
1728402055, 292007191, 0xDDDD, 2921, 27.83883, 1.22249, 25.06250, 24.00000, 25.25000, 24.12500, 1.33531, 0.04190, 2.50139, 1.18542, 3.00747, 3.19121, 0.00000, 3.05099, 3.00828, 2.70044, 2.57392, 22.80220
1728402055, 292107172, 0xDDDD, 2922, 27.43590, 1.22249, 25.06250, 24.00000, 25.25000, 24.12500, 1.33612, 0.04110, 2.50220, 1.19429, 3.08081, 3.19927, 0.00000, 3.04938, 3.00828, 2.70044, 2.56183, 22.80220
1728402055, 292207174, 0xDDDD, 2923, 27.83883, 1.22249, 25.06250, 24.00000, 25.25000, 24.12500, 1.33531, 0.04110, 2.50139, 1.17575, 3.02440, 3.20733, 0.00000, 3.05260, 3.00828, 2.70044, 2.56183, 22.80220
1728402055, 292307180, 0xDDDD, 2924, 27.83883, 1.22168, 25.06250, 23.93750, 25.25000, 24.12500, 1.33531, 0.05802, 2.50220, 1.18300, 3.01392, 3.19443, 0.00000, 3.05018, 3.00828, 2.69883, 2.56183, 22.80220
1728402055, 292407185, 0xDDDD, 2925, 27.83883, 1.22168, 25.06250, 23.93750, 25.25000, 24.12500, 1.33531, 0.03868, 2.50139, 1.19187, 3.08242, 3.19121, 0.00000, 3.05179, 3.00747, 2.70044, 2.56103, 22.80220
1728402055, 292507172, 0xDDDD, 2926, 27.83883, 1.22168, 25.06250, 24.00000, 25.25000, 24.12500, 1.33531, 0.03707, 2.50139, 1.17978, 3.06872, 3.21136, 0.00000, 3.05179, 3.00828, 2.69963, 2.56183, 22.80220
1728402055, 292607183, 0xDDDD, 2927, 27.83883, 1.22249, 25.06250, 24.00000, 25.25000, 24.12500, 1.33612, 0.03788, 2.50220, 1.18220, 3.05502, 3.20813, 0.00000, 3.05099, 3.00828, 2.70044, 2.55780, 22.80220
1728402056, 292707183, 0xDDDD, 2928, 27.83883, 1.22249, 25.06250, 24.00000, 25.25000, 24.12500, 1.33451, 0.03626, 2.50139, 1.18381, 3.03890, 3.20330, 0.00000, 3.04535, 3.00828, 2.69963, 2.53121, 22.80220
1728402056, 292807167, 0xDDDD, 2929, 28.24175, 1.22249, 25.06250, 23.93750, 25.31250, 24.12500, 1.33531, 0.03788, 2.50220, 1.19348, 3.06549, 3.19846, 0.00000, 3.04938, 3.00828, 2.70044, 2.55861, 22.80220
1728402056, 292907181, 0xDDDD, 2930, 27.83883, 1.22249, 25.06250, 23.93750, 25.31250, 24.12500, 1.33451, 0.03707, 2.50220, 1.17414, 3.04857, 3.21055, 0.00000, 3.05260, 3.00828, 2.70044, 2.56264, 22.80220
1728402056, 293007192, 0xDDDD, 2931, 27.83883, 1.22249, 25.06250, 24.00000, 25.25000, 24.12500, 1.33531, 0.04029, 2.50220, 1.18220, 3.03568, 3.20571, 0.00000, 3.05179, 3.00908, 2.70044, 2.56103, 22.80220
1728402056, 293107183, 0xDDDD, 2932, 27.83883, 1.22249, 25.06250, 24.00000, 25.25000, 24.12500, 1.33451, 0.04190, 2.50220, 1.19026, 3.02359, 3.20249, 0.00000, 3.05260, 3.00828, 2.70125, 2.55861, 22.80220
1728402056, 293207172, 0xDDDD, 2933, 27.83883, 1.22249, 25.06250, 23.93750, 25.25000, 24.12500, 1.33531, 0.04110, 2.50220, 1.19670, 3.01070, 3.19685, 0.00000, 3.05179, 3.00828, 2.70044, 2.56747, 22.80220
1728402056, 293307180, 0xDDDD, 2934, 27.43590, 1.22249, 25.06250, 23.93750, 25.25000, 24.12500, 1.33531, 0.03868, 2.50300, 1.17978, 3.07919, 3.19282, 0.00000, 3.05099, 3.00828, 2.69963, 2.57311, 22.80220
1728402056, 293407183, 0xDDDD, 2935, 27.83883, 1.22249, 25.06250, 23.93750, 25.25000, 24.12500, 1.33531, 0.04029, 2.50220, 1.18784, 3.02117, 3.18799, 0.00000, 3.04857, 3.00828, 2.70044, 2.56344, 22.80220
1728402056, 293507176, 0xDDDD, 2936, 27.83883, 1.22249, 25.06250, 24.00000, 25.31250, 24.12500, 1.33451, 0.03788, 2.50139, 1.18945, 3.00747, 3.20088, 0.00000, 3.05099, 3.00747, 2.70125, 2.56103, 22.80220
1728402056, 293607181, 0xDDDD, 2937, 28.24175, 1.22249, 25.06250, 24.00000, 25.31250, 24.12500, 1.36593, 0.03546, 2.50220, 1.19832, 3.07839, 3.19524, 0.00000, 3.05099, 3.00828, 2.70125, 2.56183, 22.80220
1728402057, 293707167, 0xDDDD, 2938, 28.24175, 1.22168, 25.06250, 24.00000, 25.31250, 24.06250, 1.33128, 0.03788, 2.50220, 1.18139, 3.06469, 3.19040, 0.00000, 3.05099, 3.00828, 2.69963, 2.56022, 22.80220
1728402057, 293807163, 0xDDDD, 2939, 27.83883, 1.22249, 25.06250, 24.00000, 25.31250, 24.06250, 1.33531, 0.03707, 2.50220, 1.19026, 3.05018, 3.21136, 0.00000, 3.05179, 3.00828, 2.70125, 2.51509, 22.80220
1728402057, 293907175, 0xDDDD, 2940, 27.83883, 1.22168, 25.06250, 24.00000, 25.31250, 24.12500, 1.33531, 0.03788, 2.50220, 1.20073, 3.03568, 3.20733, 0.00000, 3.05341, 3.00828, 2.70044, 2.55780, 22.80220
1728402057, 294007185, 0xDDDD, 2941, 27.83883, 1.22249, 25.06250, 24.00000, 25.31250, 24.12500, 1.33531, 0.04190, 2.50220, 1.18220, 3.02278, 3.20330, 0.00000, 3.05099, 3.00828, 2.70044, 2.56103, 22.80220
1728402057, 294107178, 0xDDDD, 2942, 28.24175, 1.22249, 25.06250, 24.00000, 25.31250, 24.12500, 1.33370, 0.04352, 2.50220, 1.19026, 3.04777, 3.19685, 0.00000, 3.05179, 3.00828, 2.70044, 2.56022, 22.44402
1728402057, 294207184, 0xDDDD, 2943, 27.83883, 1.22249, 25.06250, 24.00000, 25.31250, 24.12500, 1.33531, 0.04432, 2.50220, 1.19509, 3.03407, 3.21136, 0.00000, 3.05179, 3.00828, 2.70044, 2.56022, 22.80220
1728402057, 294307170, 0xDDDD, 2944, 27.83883, 1.22249, 25.06250, 24.00000, 25.31250, 24.12500, 1.33531, 0.03546, 2.50220, 1.17575, 3.02037, 3.20491, 0.00000, 3.05099, 3.00828, 2.69963, 2.56103, 22.80220
1728402057, 294407182, 0xDDDD, 2945, 26.63004, 1.22410, 25.06250, 23.93750, 25.31250, 24.12500, 1.33531, 0.03788, 2.50139, 1.18381, 3.00505, 3.20168, 0.00000, 3.05018, 3.00908, 2.69883, 2.56022, 22.44402
1728402057, 294507178, 0xDDDD, 2946, 28.64468, 1.22249, 25.06250, 23.93750, 25.31250, 24.12500, 1.33531, 0.04755, 2.50381, 1.19348, 3.04777, 3.19685, 0.00000, 3.05099, 3.00667, 2.70044, 2.54894, 22.44402
1728402057, 294607164, 0xDDDD, 2947, 27.43590, 1.22249, 25.06250, 23.93750, 25.31250, 24.18750, 1.33531, 0.03788, 2.50220, 1.17736, 3.03729, 3.19121, 0.00000, 3.05099, 3.00747, 2.70044, 2.54813, 22.80220
1728402058, 294707167, 0xDDDD, 2948, 27.83883, 1.22249, 25.06250, 24.00000, 25.31250, 24.18750, 1.33531, 0.04755, 2.50220, 1.18542, 3.06469, 3.20974, 0.00000, 3.05179, 3.00828, 2.69963, 2.56103, 22.80220
1728402058, 294807187, 0xDDDD, 2949, 27.43590, 1.22249, 25.06250, 24.00000, 25.31250, 24.18750, 1.33531, 0.04110, 2.50139, 1.19348, 3.05099, 3.19927, 0.00000, 3.05179, 3.00828, 2.70125, 2.56264, 22.80220
1728402058, 294907181, 0xDDDD, 2950, 27.83883, 1.22249, 25.06250, 24.00000, 25.31250, 24.12500, 1.33451, 0.04271, 2.50220, 1.17575, 3.03810, 3.19363, 0.00000, 3.04938, 3.00828, 2.70125, 2.56022, 22.80220
1728402058, 295007171, 0xDDDD, 2951, 27.83883, 1.22249, 25.06250, 24.00000, 25.31250, 24.12500, 1.33612, 0.03707, 2.50220, 1.18300, 3.02520, 3.20168, 0.00000, 3.05099, 3.00828, 2.69963, 2.56344, 22.80220
1728402058, 295107170, 0xDDDD, 2952, 27.83883, 1.22249, 25.06250, 24.00000, 25.31250, 24.12500, 1.33531, 0.03465, 2.50220, 1.18381, 3.01070, 3.20733, 0.00081, 3.05099, 3.00828, 2.70044, 2.58520, 22.80220
1728402058, 295207186, 0xDDDD, 2953, 27.83883, 1.22249, 25.06250, 23.93750, 25.25000, 24.12500, 1.33531, 0.03788, 2.50220, 1.19106, 3.07919, 3.20168, 0.00000, 3.05260, 3.00828, 2.70044, 2.56425, 22.80220
1728402058, 295307173, 0xDDDD, 2954, 28.24175, 1.22249, 25.06250, 23.93750, 25.25000, 24.12500, 1.33612, 0.03949, 2.50139, 1.19670, 3.02117, 3.19846, 0.00000, 3.04938, 3.00828, 2.70125, 2.55780, 22.80220
1728402058, 295407174, 0xDDDD, 2955, 27.83883, 1.22249, 25.06250, 24.00000, 25.31250, 24.12500, 1.33531, 0.03143, 2.50220, 1.17978, 3.00667, 3.21055, 0.00000, 3.05018, 3.00828, 2.70125, 2.56183, 22.80220
1728402058, 295507179, 0xDDDD, 2956, 27.83883, 1.22249, 25.06250, 24.00000, 25.31250, 24.12500, 1.33531, 0.03868, 2.50220, 1.18784, 3.07597, 3.20410, 0.00000, 3.05099, 3.00828, 2.69963, 2.56103, 22.80220
1728402058, 295607185, 0xDDDD, 2957, 27.83883, 1.22249, 25.06250, 24.00000, 25.31250, 24.12500, 1.33451, 0.04110, 2.50220, 1.19509, 3.06227, 3.19927, 0.00000, 3.04938, 3.00828, 2.70044, 2.56103, 22.80220
1728402059, 295707173, 0xDDDD, 2958, 27.83883, 1.22249, 25.12500, 23.93750, 25.31250, 24.12500, 1.33531, 0.04029, 2.50220, 1.17495, 3.04454, 3.19443, 0.00000, 3.05099, 3.00828, 2.69963, 2.61421, 22.80220
1728402059, 295807183, 0xDDDD, 2959, 27.43590, 1.22249, 25.12500, 23.93750, 25.31250, 24.12500, 1.33531, 0.03949, 2.50220, 1.18220, 3.03084, 3.18960, 0.00000, 3.05018, 3.00828, 2.70044, 2.57311, 22.98128
1728402059, 295907178, 0xDDDD, 2960, 28.24175, 1.22249, 25.12500, 23.93750, 25.25000, 24.12500, 1.33531, 0.03465, 2.50220, 1.18300, 3.01553, 3.20813, 0.00000, 3.05018, 3.00828, 2.70044, 2.55861, 22.80220
1728402059, 296007188, 0xDDDD, 2961, 28.24175, 1.22168, 25.00000, 23.93750, 25.25000, 24.12500, 1.33451, 0.03949, 2.50220, 1.19106, 3.04212, 3.20249, 0.00000, 3.05099, 3.00828, 2.69963, 2.56103, 22.80220
1728402059, 296107174, 0xDDDD, 2962, 28.24175, 1.22249, 25.00000, 23.93750, 25.25000, 24.12500, 1.33612, 0.03707, 2.50139, 1.17897, 3.02762, 3.18960, 0.00000, 3.05018, 3.00828, 2.69963, 2.56344, 23.33944
1728402059, 296207177, 0xDDDD, 2963, 27.83883, 1.22249, 25.12500, 23.93750, 25.31250, 24.12500, 1.33451, 0.04593, 2.50220, 1.18139, 3.01473, 3.20813, 0.00000, 3.05018, 3.00828, 2.70044, 2.55941, 22.80220
1728402059, 296307174, 0xDDDD, 2964, 27.83883, 1.22249, 25.12500, 23.93750, 25.31250, 24.12500, 1.33531, 0.03707, 2.50139, 1.18945, 3.08081, 3.20249, 0.00000, 3.05179, 3.00828, 2.70044, 2.56425, 22.80220
1728402059, 296407172, 0xDDDD, 2965, 27.83883, 1.22249, 25.12500, 24.00000, 25.25000, 24.12500, 1.33531, 0.03626, 2.50220, 1.19751, 3.07355, 3.19685, 0.00000, 3.04615, 3.00828, 2.69963, 2.48125, 22.80220
1728402059, 296507178, 0xDDDD, 2966, 28.24175, 1.22249, 25.06250, 24.00000, 25.25000, 24.12500, 1.33451, 0.04352, 2.50220, 1.17817, 3.05421, 3.19363, 0.00000, 3.05179, 3.00828, 2.69963, 2.56344, 22.80220
1728402059, 296607177, 0xDDDD, 2967, 27.83883, 1.22249, 25.06250, 24.00000, 25.31250, 24.12500, 1.33451, 0.04190, 2.50220, 1.17897, 3.07839, 3.21216, 0.00000, 3.05260, 3.00828, 2.69963, 2.56022, 22.98128
1728402060, 296707176, 0xDDDD, 2968, 28.24175, 1.22168, 25.06250, 24.00000, 25.31250, 24.12500, 1.33612, 0.04352, 2.50220, 1.18703, 3.06388, 3.20088, 0.00000, 3.05179, 3.00828, 2.69963, 2.56022, 22.80220
1728402060, 296807180, 0xDDDD, 2969, 27.83883, 1.22249, 25.06250, 24.00000, 25.31250, 24.12500, 1.36835, 0.04352, 2.50220, 1.19590, 3.04777, 3.19524, 0.00000, 3.05179, 3.00828, 2.70044, 2.56103, 22.80220
1728402060, 296907174, 0xDDDD, 2970, 27.83883, 1.22249, 25.06250, 24.00000, 25.25000, 24.12500, 1.33531, 0.03868, 2.50059, 1.17736, 3.03165, 3.18879, 0.00000, 3.04777, 3.00828, 2.69963, 2.56022, 22.80220
1728402060, 297007181, 0xDDDD, 2971, 27.83883, 1.22249, 25.06250, 24.00000, 25.25000, 24.12500, 1.33531, 0.04110, 2.50220, 1.18462, 3.01553, 3.20894, 0.00000, 3.05018, 3.00828, 2.70125, 2.52234, 22.80220
1728402060, 297107165, 0xDDDD, 2972, 27.83883, 1.22249, 25.06250, 24.00000, 25.31250, 24.12500, 1.33612, 0.04432, 2.50220, 1.19267, 3.05663, 3.20330, 0.00000, 3.04938, 3.00828, 2.70044, 2.61179, 22.80220
1728402060, 297207171, 0xDDDD, 2973, 27.83883, 1.22249, 25.06250, 24.00000, 25.31250, 24.12500, 1.33531, 0.03626, 2.50220, 1.17414, 3.02681, 3.19927, 0.00000, 3.04454, 3.00828, 2.70125, 2.56022, 22.62310
1728402060, 297307185, 0xDDDD, 2974, 27.43590, 1.22249, 25.06250, 24.00000, 25.31250, 24.12500, 1.33612, 0.04190, 2.50220, 1.18220, 3.00989, 3.20168, 0.00000, 3.04857, 3.00828, 2.70044, 2.55941, 22.80220
1728402060, 297407182, 0xDDDD, 2975, 27.83883, 1.22249, 25.06250, 24.00000, 25.25000, 24.12500, 1.33451, 0.03788, 2.50220, 1.18059, 3.07678, 3.20652, 0.00000, 3.05099, 3.00828, 2.70125, 2.56103, 22.98128
1728402060, 297507166, 0xDDDD, 2976, 27.83883, 1.22249, 25.06250, 24.00000, 25.25000, 24.12500, 1.33612, 0.04029, 2.50220, 1.18784, 3.05985, 3.20168, 0.00000, 3.05018, 3.00828, 2.70125, 2.56103, 22.80220
1728402060, 297607168, 0xDDDD, 2977, 27.83883, 1.22249, 25.06250, 24.00000, 25.31250, 24.12500, 1.33451, 0.03788, 2.50220, 1.19509, 3.04535, 3.19524, 0.00081, 3.05018, 3.00747, 2.69963, 2.56505, 22.80220
1728402061, 297707182, 0xDDDD, 2978, 28.24175, 1.22249, 25.06250, 24.00000, 25.31250, 24.12500, 1.33531, 0.04029, 2.50220, 1.17736, 3.02762, 3.18960, 0.00000, 3.05179, 3.00828, 2.70125, 2.56425, 22.80220
1728402061, 297807169, 0xDDDD, 2979, 28.24175, 1.22249, 25.06250, 24.00000, 25.31250, 24.12500, 1.33531, 0.03707, 2.50139, 1.18300, 3.05099, 3.20894, 0.00000, 3.05260, 3.00828, 2.70125, 2.56183, 22.80220
1728402061, 297907173, 0xDDDD, 2980, 27.83883, 1.22168, 25.06250, 24.00000, 25.31250, 24.12500, 1.33531, 0.02740, 2.50139, 1.19026, 3.03084, 3.20410, 0.00000, 3.05099, 3.00828, 2.70044, 2.56183, 22.80220
1728402061, 298007178, 0xDDDD, 2981, 27.83883, 1.22249, 25.06250, 24.00000, 25.31250, 24.12500, 1.33531, 0.03868, 2.50059, 1.19590, 3.01231, 3.19040, 0.00000, 3.05179, 3.00828, 2.70044, 2.56022, 22.98128
1728402061, 298107183, 0xDDDD, 2982, 27.83883, 1.22249, 25.06250, 24.00000, 25.31250, 24.12500, 1.33531, 0.03465, 2.50220, 1.17495, 3.08161, 3.20894, 0.00000, 3.04938, 3.00828, 2.70044, 2.56022, 22.98128
1728402061, 298207174, 0xDDDD, 2983, 27.43590, 1.22249, 25.06250, 24.00000, 25.31250, 24.12500, 1.33531, 0.03949, 2.50139, 1.17414, 3.06388, 3.20571, 0.00000, 3.05099, 3.00828, 2.70044, 2.56828, 22.80220
1728402061, 298307197, 0xDDDD, 2984, 27.83883, 1.22249, 25.06250, 23.93750, 25.25000, 24.18750, 1.33451, 0.04110, 2.50220, 1.18059, 3.04777, 3.20007, 0.00000, 3.05179, 3.00828, 2.70044, 2.57311, 22.80220
1728402061, 298407179, 0xDDDD, 2985, 27.43590, 1.22249, 25.06250, 23.93750, 25.25000, 24.18750, 1.33451, 0.04110, 2.50139, 1.18623, 3.03084, 3.19443, 0.00000, 3.05179, 3.00828, 2.70044, 2.56183, 22.80220
1728402061, 298507178, 0xDDDD, 2986, 27.43590, 1.22249, 25.06250, 23.93750, 25.25000, 24.12500, 1.33531, 0.05641, 2.50139, 1.19348, 3.05260, 3.18879, 0.00000, 3.05099, 3.00828, 2.70044, 2.56103, 23.16036
1728402061, 298607175, 0xDDDD, 2987, 27.83883, 1.22249, 25.06250, 23.93750, 25.31250, 24.12500, 1.33531, 0.03788, 2.50220, 1.17414, 3.03407, 3.20168, 0.00000, 3.05018, 3.00828, 2.69963, 2.56264, 22.62310
1728402062, 298707198, 0xDDDD, 2988, 28.24175, 1.22168, 25.06250, 23.93750, 25.31250, 24.12500, 1.33531, 0.03626, 2.50220, 1.18139, 3.01956, 3.19524, 0.00000, 3.05018, 3.00747, 2.70044, 2.56264, 22.80220
1728402062, 298807172, 0xDDDD, 2989, 27.43590, 1.22249, 25.06250, 23.93750, 25.31250, 24.12500, 1.33531, 0.03788, 2.50220, 1.18784, 3.00264, 3.18879, 0.00000, 3.05179, 3.00828, 2.70205, 2.56022, 22.80220
1728402062, 298907182, 0xDDDD, 2990, 27.83883, 1.22249, 25.06250, 23.93750, 25.31250, 24.12500, 1.33451, 0.04593, 2.50220, 1.19429, 3.07033, 3.20733, 0.00000, 3.04857, 3.00828, 2.70044, 2.61260, 22.80220
1728402062, 299007185, 0xDDDD, 2991, 27.83883, 1.22249, 25.06250, 24.00000, 25.31250, 24.12500, 1.33531, 0.03223, 2.50139, 1.19348, 3.05582, 3.20168, 0.00000, 3.05099, 3.00828, 2.70125, 2.54088, 22.80220
1728402062, 299107174, 0xDDDD, 2992, 27.83883, 1.22249, 25.06250, 24.00000, 25.31250, 24.12500, 1.33531, 0.04110, 2.50220, 1.17495, 3.07839, 3.19604, 0.00000, 3.04535, 3.00828, 2.70044, 2.56183, 22.80220
1728402062, 299207183, 0xDDDD, 2993, 27.83883, 1.22249, 25.06250, 24.00000, 25.31250, 24.18750, 1.33531, 0.04110, 2.50220, 1.18139, 3.06066, 3.20571, 0.00000, 3.05018, 3.00828, 2.70125, 2.56022, 22.80220
1728402062, 299307190, 0xDDDD, 2994, 27.83883, 1.22249, 25.06250, 24.00000, 25.31250, 24.18750, 1.33531, 0.01773, 2.50139, 1.18945, 3.04454, 3.19846, 0.00000, 3.05260, 3.00828, 2.70044, 2.56264, 22.80220
1728402062, 299407180, 0xDDDD, 2995, 27.83883, 1.22249, 25.06250, 24.00000, 25.31250, 24.18750, 1.33531, 0.03626, 2.50220, 1.19670, 3.02681, 3.19363, 0.00000, 3.05018, 3.00828, 2.70125, 2.56183, 22.98128
1728402062, 299507175, 0xDDDD, 2996, 28.24175, 1.22249, 25.06250, 24.00000, 25.31250, 24.12500, 1.33451, 0.04190, 2.50220, 1.17897, 3.01311, 3.18799, 0.00000, 3.05179, 3.00747, 2.70044, 2.60293, 22.80220
1728402062, 299607187, 0xDDDD, 2997, 27.83883, 1.22249, 25.12500, 24.00000, 25.31250, 24.12500, 1.33531, 0.03707, 2.50220, 1.18623, 3.07758, 3.20733, 0.00000, 3.05179, 3.00828, 2.70044, 2.55458, 22.80220
1728402063, 299707171, 0xDDDD, 2998, 27.83883, 1.22249, 25.12500, 24.00000, 25.31250, 24.12500, 1.33531, 0.03707, 2.50220, 1.19348, 3.01634, 3.20168, 0.00000, 3.04938, 3.00828, 2.70044, 2.56022, 22.98128
1728402063, 299807170, 0xDDDD, 2999, 28.24175, 1.22168, 25.12500, 24.00000, 25.31250, 24.12500, 1.33451, 0.03788, 2.50220, 1.19267, 3.08161, 3.19685, 0.00000, 3.04777, 3.00828, 2.70125, 2.56022, 22.80220
1728402063, 299907184, 0xDDDD, 3000, 27.83883, 1.22249, 25.06250, 24.00000, 25.31250, 24.12500, 1.33531, 0.03223, 2.50139, 1.19912, 3.06388, 3.20733, 0.00000, 3.05179, 3.00828, 2.70044, 2.56183, 22.80220
1728402063, 300007170, 0xDDDD, 3001, 28.24175, 1.22249, 25.06250, 24.00000, 25.31250, 24.12500, 1.33531, 0.04110, 2.50139, 1.17897, 3.04374, 3.20007, 0.00000, 3.05018, 3.00828, 2.70044, 2.56183, 22.80220
1728402063, 300107164, 0xDDDD, 3002, 27.83883, 1.22249, 25.06250, 24.00000, 25.31250, 24.12500, 1.33531, 0.03949, 2.50139, 1.18542, 3.02440, 3.19363, 0.00000, 3.05018, 3.00828, 2.70205, 2.61260, 22.98128
1728402063, 300207176, 0xDDDD, 3003, 27.83883, 1.22249, 25.06250, 23.93750, 25.31250, 24.12500, 1.33531, 0.03385, 2.50220, 1.19187, 3.00586, 3.20733, 0.00000, 3.05099, 3.00828, 2.70125, 2.57231, 22.80220
1728402063, 300307185, 0xDDDD, 3004, 27.83883, 1.22249, 25.12500, 23.93750, 25.31250, 24.12500, 1.33531, 0.04271, 2.50220, 1.19751, 3.07114, 3.20571, 0.00000, 3.05099, 3.00908, 2.70044, 2.56264, 22.80220
1728402063, 300407181, 0xDDDD, 3005, 27.83883, 1.22249, 25.12500, 23.93750, 25.31250, 24.12500, 1.33451, 0.03949, 2.50139, 1.17656, 3.01070, 3.20007, 0.00000, 3.05099, 3.00828, 2.70044, 2.56183, 22.80220
1728402063, 300507176, 0xDDDD, 3006, 27.43590, 1.22249, 25.12500, 24.00000, 25.25000, 24.12500, 1.33531, 0.04271, 2.50220, 1.18139, 3.07758, 3.20974, 0.00000, 3.05018, 3.00828, 2.70044, 2.56425, 22.98128
1728402063, 300607174, 0xDDDD, 3007, 27.83883, 1.22249, 25.06250, 24.00000, 25.25000, 24.12500, 1.33531, 0.03949, 2.50220, 1.17897, 3.05824, 3.20652, 0.00000, 3.04857, 3.00747, 2.70125, 2.56264, 22.98128
1728402064, 300707183, 0xDDDD, 3008, 27.83883, 1.22168, 25.06250, 24.00000, 25.37500, 24.18750, 1.33531, 0.03707, 2.50139, 1.18381, 3.04051, 3.20007, 0.00000, 3.05099, 3.00828, 2.70125, 2.56264, 22.80220
1728402064, 300807178, 0xDDDD, 3009, 27.83883, 1.22168, 25.06250, 24.00000, 25.37500, 24.18750, 1.33531, 0.04271, 2.50220, 1.18945, 3.02117, 3.19443, 0.00000, 3.05099, 3.00828, 2.70044, 2.57150, 22.80220
1728402064, 300907165, 0xDDDD, 3010, 27.83883, 1.22168, 25.06250, 24.00000, 25.37500, 24.12500, 1.33531, 0.04029, 2.50220, 1.19509, 3.08403, 3.18799, 0.00000, 3.05099, 3.00747, 2.70044, 2.61099, 22.80220
1728402064, 301007168, 0xDDDD, 3011, 27.83883, 1.22249, 25.06250, 24.00000, 25.31250, 24.12500, 1.33612, 0.03707, 2.50220, 1.17414, 3.01795, 3.20652, 0.00000, 3.05099, 3.00828, 2.69963, 2.56022, 22.62310
1728402064, 301107194, 0xDDDD, 3012, 27.83883, 1.22168, 25.06250, 24.00000, 25.31250, 24.12500, 1.33612, 0.03465, 2.50139, 1.18059, 3.08161, 3.19282, 0.00000, 3.05260, 3.00908, 2.70205, 2.56103, 22.80220
1728402064, 301207182, 0xDDDD, 3013, 28.24175, 1.22249, 25.06250, 23.93750, 25.37500, 24.12500, 1.33531, 0.04110, 2.50220, 1.18703, 3.06066, 3.18637, 0.00000, 3.04938, 3.00747, 2.70125, 2.56103, 22.80220
1728402064, 301307175, 0xDDDD, 3014, 27.83883, 1.22249, 25.06250, 23.93750, 25.37500, 24.12500, 1.33531, 0.03868, 2.50139, 1.19187, 3.03890, 3.20571, 0.00000, 3.05099, 3.00828, 2.69963, 2.56022, 22.80220
1728402064, 301407171, 0xDDDD, 3015, 27.43590, 1.22249, 25.06250, 23.93750, 25.37500, 24.12500, 1.33531, 0.03385, 2.50220, 1.18864, 3.01875, 3.19766, 0.00000, 3.05260, 3.00828, 2.70044, 2.56828, 22.80220
1728402064, 301507185, 0xDDDD, 3016, 27.83883, 1.22249, 25.06250, 23.93750, 25.31250, 24.12500, 1.33531, 0.04110, 2.50220, 1.19267, 3.08081, 3.19040, 0.00000, 3.05179, 3.00828, 2.69963, 2.63597, 22.80220
1728402064, 301607174, 0xDDDD, 3017, 27.83883, 1.22249, 25.12500, 23.93750, 25.31250, 24.12500, 1.33531, 0.03546, 2.50139, 1.20154, 3.01553, 3.20894, 0.00000, 3.05099, 3.00828, 2.70044, 2.55941, 22.80220
1728402065, 301707179, 0xDDDD, 3018, 27.83883, 1.22249, 25.12500, 24.00000, 25.31250, 24.12500, 1.33451, 0.04996, 2.50220, 1.17897, 3.08081, 3.19443, 0.00000, 3.05018, 3.00828, 2.70044, 2.56264, 22.80220
1728402065, 301807182, 0xDDDD, 3019, 27.43590, 1.22168, 25.12500, 24.00000, 25.31250, 24.12500, 1.33612, 0.03707, 2.50300, 1.18542, 3.06227, 3.18799, 0.00000, 3.05179, 3.00828, 2.69963, 2.56103, 22.80220
1728402065, 301907197, 0xDDDD, 3020, 27.83883, 1.22249, 25.12500, 24.00000, 25.31250, 24.12500, 1.33531, 0.04352, 2.50220, 1.18945, 3.04212, 3.20733, 0.00000, 3.05260, 3.00747, 2.70044, 2.56103, 22.80220
1728402065, 302007174, 0xDDDD, 3021, 27.83883, 1.22249, 25.12500, 24.00000, 25.31250, 24.12500, 1.33451, 0.04432, 2.50220, 1.19509, 3.02359, 3.20168, 0.00000, 3.04777, 3.00828, 2.69963, 2.49575, 22.98128
1728402065, 302107181, 0xDDDD, 3022, 28.24175, 1.22249, 25.12500, 24.00000, 25.31250, 24.12500, 1.33531, 0.03465, 2.50220, 1.18462, 3.00425, 3.19524, 0.00000, 3.05018, 3.00747, 2.70125, 2.56183, 22.98128
1728402065, 302207177, 0xDDDD, 3023, 27.83883, 1.22249, 25.12500, 24.00000, 25.31250, 24.12500, 1.33451, 0.04190, 2.50139, 1.19751, 3.06791, 3.18799, 0.00000, 3.05018, 3.00828, 2.70044, 2.56183, 22.98128
1728402065, 302307198, 0xDDDD, 3024, 27.43590, 1.22249, 25.06250, 24.00000, 25.31250, 24.12500, 1.33531, 0.03385, 2.50220, 1.17817, 3.00505, 3.20652, 0.00000, 3.05179, 3.00828, 2.70044, 2.55780, 22.98128
1728402065, 302407180, 0xDDDD, 3025, 27.83883, 1.22249, 25.06250, 24.00000, 25.31250, 24.12500, 1.33451, 0.04029, 2.50220, 1.18220, 3.07033, 3.19201, 0.00000, 3.05260, 3.00828, 2.69963, 2.55861, 23.51852
1728402065, 302507182, 0xDDDD, 3026, 27.83883, 1.22249, 25.06250, 24.00000, 25.31250, 24.12500, 1.33451, 0.04916, 2.50059, 1.18784, 3.05421, 3.21297, 0.00000, 3.04454, 3.00747, 2.70044, 2.55780, 22.80220
1728402065, 302607180, 0xDDDD, 3027, 28.24175, 1.22249, 25.06250, 24.00000, 25.31250, 24.12500, 1.33612, 0.03546, 2.50220, 1.19348, 3.03487, 3.20571, 0.00000, 3.05179, 3.00828, 2.70044, 2.56183, 22.80220
1728402066, 302707171, 0xDDDD, 3028, 27.83883, 1.22249, 25.06250, 24.00000, 25.31250, 24.12500, 1.33531, 0.03788, 2.50139, 1.19509, 3.01875, 3.19927, 0.00000, 3.05179, 3.00828, 2.70044, 2.59971, 22.80220
1728402066, 302807181, 0xDDDD, 3029, 27.83883, 1.22249, 25.12500, 24.00000, 25.31250, 24.12500, 1.33531, 0.03707, 2.50220, 1.17736, 3.06469, 3.19201, 0.00000, 3.04857, 3.00747, 2.70044, 2.55941, 22.80220
1728402066, 302907182, 0xDDDD, 3030, 27.83883, 1.22249, 25.12500, 24.00000, 25.31250, 24.18750, 1.33612, 0.04271, 2.50220, 1.17495, 3.02117, 3.21297, 0.00000, 3.05018, 3.00747, 2.70044, 2.55780, 22.98128
1728402066, 303007176, 0xDDDD, 3031, 27.83883, 1.22249, 25.06250, 24.00000, 25.31250, 24.18750, 1.33451, 0.04110, 2.50220, 1.18059, 3.00425, 3.19846, 0.00000, 3.05018, 3.00828, 2.69963, 2.56264, 22.80220
1728402066, 303107175, 0xDDDD, 3032, 27.83883, 1.22249, 25.06250, 23.93750, 25.31250, 24.18750, 1.33370, 0.03949, 2.50220, 1.18542, 3.06952, 3.19282, 0.00000, 3.05099, 3.00828, 2.69963, 2.55941, 22.80220
1728402066, 303207174, 0xDDDD, 3033, 27.43590, 1.22249, 25.12500, 23.93750, 25.31250, 24.18750, 1.31275, 0.03707, 2.50220, 1.19026, 3.04857, 3.18799, 0.00000, 3.04938, 3.00747, 2.70044, 2.56103, 22.80220
1728402066, 303307171, 0xDDDD, 3034, 27.83883, 1.22168, 25.12500, 23.93750, 25.31250, 24.12500, 1.33531, 0.04432, 2.50220, 1.19509, 3.02923, 3.20652, 0.00000, 3.05179, 3.00828, 2.70125, 2.50703, 22.80220
1728402066, 303407168, 0xDDDD, 3035, 27.83883, 1.22249, 25.12500, 24.00000, 25.25000, 24.12500, 1.33531, 0.04029, 2.50220, 1.17414, 3.00908, 3.20168, 0.00000, 3.05099, 3.00828, 2.70044, 2.52315, 22.80220
1728402066, 303507171, 0xDDDD, 3036, 27.03297, 1.22249, 25.06250, 24.00000, 25.25000, 24.12500, 1.33531, 0.03788, 2.50220, 1.17897, 3.02923, 3.19685, 0.00000, 3.05099, 3.00828, 2.70044, 2.55941, 22.98128
1728402066, 303607185, 0xDDDD, 3037, 27.83883, 1.22249, 25.06250, 24.00000, 25.37500, 24.12500, 1.33451, 0.03626, 2.50220, 1.18300, 3.00908, 3.20652, 0.00000, 3.05099, 3.00828, 2.69963, 2.56183, 22.80220
1728402067, 303707189, 0xDDDD, 3038, 27.83883, 1.22249, 25.12500, 24.00000, 25.37500, 24.12500, 1.33692, 0.03626, 2.50220, 1.18059, 3.07355, 3.20088, 0.00000, 3.05099, 3.00828, 2.70044, 2.56344, 22.80220
1728402067, 303807170, 0xDDDD, 3039, 27.83883, 1.22249, 25.12500, 24.00000, 25.37500, 24.12500, 1.33370, 0.03626, 2.50220, 1.18623, 3.05099, 3.19443, 0.00081, 3.05179, 3.00828, 2.70044, 2.56344, 22.80220
1728402067, 303907171, 0xDDDD, 3040, 27.83883, 1.22249, 25.12500, 24.00000, 25.31250, 24.12500, 1.33370, 0.04190, 2.50220, 1.18864, 3.02923, 3.19040, 0.00000, 3.05099, 3.00828, 2.69963, 2.56828, 22.80220
1728402067, 304007182, 0xDDDD, 3041, 27.83883, 1.22168, 25.06250, 24.00000, 25.31250, 24.12500, 1.33531, 0.03465, 2.50220, 1.19267, 3.00747, 3.20894, 0.00000, 3.04938, 3.00828, 2.69963, 2.55941, 22.98128
1728402067, 304107164, 0xDDDD, 3042, 27.43590, 1.22249, 25.06250, 24.00000, 25.37500, 24.12500, 1.33451, 0.04352, 2.50220, 1.19590, 3.06952, 3.20330, 0.00000, 3.05260, 3.00828, 2.70044, 2.56344, 22.80220
1728402067, 304207180, 0xDDDD, 3043, 27.83883, 1.22249, 25.06250, 24.00000, 25.37500, 24.12500, 1.33451, 0.02256, 2.50139, 1.20637, 3.00344, 3.19685, 0.00000, 3.05099, 3.00828, 2.70125, 2.56505, 22.80220
1728402067, 304307183, 0xDDDD, 3044, 27.83883, 1.22249, 25.06250, 24.00000, 25.31250, 24.12500, 1.33531, 0.03949, 2.50220, 1.17656, 3.06308, 3.20894, 0.00000, 3.05018, 3.00828, 2.70125, 2.56103, 23.33944
1728402067, 304407185, 0xDDDD, 3045, 27.83883, 1.22249, 25.06250, 24.00000, 25.31250, 24.12500, 1.33531, 0.04271, 2.50139, 1.18059, 3.04051, 3.20088, 0.00000, 3.05099, 3.00828, 2.69963, 2.56103, 22.62310
1728402067, 304507177, 0xDDDD, 3046, 27.83883, 1.22088, 25.12500, 24.00000, 25.31250, 24.12500, 1.33531, 0.04271, 2.50059, 1.17736, 3.08000, 3.19524, 0.00000, 3.05341, 3.00908, 2.70205, 2.56183, 22.44402
1728402067, 304607191, 0xDDDD, 3047, 27.83883, 1.22249, 25.12500, 24.00000, 25.31250, 24.12500, 1.33451, 0.04190, 2.50220, 1.18059, 3.05260, 3.18799, 0.00000, 3.05099, 3.00828, 2.70044, 2.55377, 22.80220
1728402068, 304707175, 0xDDDD, 3048, 27.83883, 1.22249, 25.12500, 24.00000, 25.31250, 24.12500, 1.33451, 0.04029, 2.50220, 1.18381, 3.02923, 3.20894, 0.00000, 3.04777, 3.00828, 2.70044, 2.56022, 22.80220
1728402068, 304807164, 0xDDDD, 3049, 27.83883, 1.22249, 25.12500, 24.00000, 25.31250, 24.12500, 1.33531, 0.03626, 2.50220, 1.18703, 3.04615, 3.20249, 0.00000, 3.05099, 3.00828, 2.70044, 2.56344, 22.80220
1728402068, 304907174, 0xDDDD, 3050, 27.83883, 1.22249, 25.12500, 24.00000, 25.31250, 24.12500, 1.33531, 0.04110, 2.50220, 1.18945, 3.02440, 3.18879, 0.00000, 3.05099, 3.00828, 2.70044, 2.56103, 22.80220
1728402068, 305007187, 0xDDDD, 3051, 27.43590, 1.22249, 25.12500, 24.00000, 25.31250, 24.12500, 1.33612, 0.03304, 2.50220, 1.19348, 3.00505, 3.20652, 0.00000, 3.05179, 3.00747, 2.70125, 2.56264, 22.98128
1728402068, 305107177, 0xDDDD, 3052, 27.43590, 1.22249, 25.12500, 24.00000, 25.31250, 24.12500, 1.33531, 0.03949, 2.50139, 1.19590, 3.06711, 3.20007, 0.00000, 3.05179, 3.00828, 2.69963, 2.56103, 22.80220
1728402068, 305207175, 0xDDDD, 3053, 27.83883, 1.22249, 25.06250, 24.00000, 25.31250, 24.12500, 1.33531, 0.03868, 2.50139, 1.19187, 3.04132, 3.19363, 0.00000, 3.05099, 3.00828, 2.69883, 2.47641, 22.98128
1728402068, 305307185, 0xDDDD, 3054, 27.83883, 1.22168, 25.06250, 24.00000, 25.31250, 24.12500, 1.33451, 0.03788, 2.50220, 1.19509, 3.01714, 3.21136, 0.00000, 3.05018, 3.00828, 2.70125, 2.56908, 22.80220
1728402068, 305407179, 0xDDDD, 3055, 27.83883, 1.22168, 25.06250, 24.00000, 25.31250, 24.12500, 1.33531, 0.03788, 2.50220, 1.19751, 3.03245, 3.20491, 0.00000, 3.05099, 3.00828, 2.69963, 2.56264, 22.80220
1728402068, 305507181, 0xDDDD, 3056, 28.24175, 1.22249, 25.06250, 24.00000, 25.31250, 24.18750, 1.33451, 0.03465, 2.50220, 1.17575, 3.01150, 3.19040, 0.00000, 3.05179, 3.00747, 2.70125, 2.56103, 22.80220
1728402068, 305607173, 0xDDDD, 3057, 27.83883, 1.22249, 25.06250, 24.00000, 25.31250, 24.18750, 1.33370, 0.04271, 2.50220, 1.17817, 3.07033, 3.20813, 0.00000, 3.05018, 3.00828, 2.70125, 2.55861, 22.80220
1728402069, 305707169, 0xDDDD, 3058, 27.83883, 1.22249, 25.12500, 24.00000, 25.31250, 24.18750, 1.33531, 0.03788, 2.50220, 1.18139, 3.04615, 3.20168, 0.00000, 3.04938, 3.00828, 2.70044, 2.56183, 22.80220
1728402069, 305807178, 0xDDDD, 3059, 27.83883, 1.22249, 25.12500, 24.00000, 25.31250, 24.18750, 1.33531, 0.04271, 2.50220, 1.18542, 3.02117, 3.19443, 0.00000, 3.05099, 3.00747, 2.69963, 2.57956, 22.80220
1728402069, 305907197, 0xDDDD, 3060, 27.83883, 1.22249, 25.06250, 24.00000, 25.31250, 24.18750, 1.33531, 0.04029, 2.50220, 1.18703, 3.08161, 3.18879, 0.00000, 3.05179, 3.00828, 2.70044, 2.55941, 22.98128
1728402069, 306007170, 0xDDDD, 3061, 28.24175, 1.22249, 25.06250, 24.00000, 25.31250, 24.12500, 1.33531, 0.04271, 2.50220, 1.18945, 3.01473, 3.20733, 0.00000, 3.04938, 3.00828, 2.70044, 2.56264, 22.80220
1728402069, 306107175, 0xDDDD, 3062, 28.24175, 1.22249, 25.06250, 24.00000, 25.31250, 24.12500, 1.33531, 0.04029, 2.50220, 1.18381, 3.07194, 3.20088, 0.00000, 3.04938, 3.00828, 2.69883, 2.56103, 22.80220
1728402069, 306207190, 0xDDDD, 3063, 28.24175, 1.22168, 25.06250, 24.00000, 25.31250, 24.12500, 1.33451, 0.04916, 2.50220, 1.18784, 3.04696, 3.18718, 0.00000, 3.05179, 3.00828, 2.70044, 2.56022, 22.80220
1728402069, 306307174, 0xDDDD, 3064, 27.83883, 1.22168, 25.06250, 24.00000, 25.37500, 24.12500, 1.33531, 0.04190, 2.50220, 1.19026, 3.02278, 3.20571, 0.00000, 3.05260, 3.00747, 2.69963, 2.55941, 22.62310
1728402069, 306407163, 0xDDDD, 3065, 27.83883, 1.22249, 25.06250, 24.00000, 25.37500, 24.12500, 1.33451, 0.04513, 2.50139, 1.19267, 3.08725, 3.20007, 0.00000, 3.05018, 3.00828, 2.69963, 2.54813, 22.80220
1728402069, 306507177, 0xDDDD, 3066, 27.83883, 1.22249, 25.06250, 24.00000, 25.31250, 24.12500, 1.33531, 0.03868, 2.50220, 1.19670, 3.05744, 3.19201, 0.00000, 3.05099, 3.00828, 2.70044, 2.50864, 22.98128
1728402069, 306607184, 0xDDDD, 3067, 27.83883, 1.22249, 25.12500, 24.00000, 25.31250, 24.12500, 1.33612, 0.04190, 2.50220, 1.19751, 3.03165, 3.21055, 0.00000, 3.05179, 3.00828, 2.69883, 2.56022, 22.80220
1728402070, 306707174, 0xDDDD, 3068, 27.83883, 1.22249, 25.12500, 24.00000, 25.37500, 24.18750, 1.33531, 0.04110, 2.50220, 1.17414, 3.04777, 3.20410, 0.00000, 3.05179, 3.00828, 2.70044, 2.56183, 22.80220
1728402070, 306807177, 0xDDDD, 3069, 27.83883, 1.22249, 25.12500, 24.00000, 25.37500, 24.18750, 1.33531, 0.03626, 2.50220, 1.17656, 3.02359, 3.18960, 0.00000, 3.05099, 3.00828, 2.70044, 2.56264, 22.80220
1728402070, 306907176, 0xDDDD, 3070, 27.83883, 1.22249, 25.12500, 24.00000, 25.37500, 24.18750, 1.36916, 0.03788, 2.50220, 1.19751, 3.08484, 3.20813, 0.00000, 3.05179, 3.00828, 2.70044, 2.56103, 22.80220
1728402070, 307007189, 0xDDDD, 3071, 27.43590, 1.22249, 25.12500, 24.00000, 25.31250, 24.12500, 1.33531, 0.03868, 2.50220, 1.19993, 3.05744, 3.20249, 0.00000, 3.05099, 3.00828, 2.70125, 2.56103, 22.80220
1728402070, 307107184, 0xDDDD, 3072, 27.83883, 1.22249, 25.12500, 24.00000, 25.31250, 24.12500, 1.33531, 0.04110, 2.50139, 1.17414, 3.03165, 3.19604, 0.00000, 3.04857, 3.00828, 2.69963, 2.56908, 22.98128
1728402070, 307207171, 0xDDDD, 3073, 27.83883, 1.22249, 25.12500, 24.00000, 25.31250, 24.12500, 1.33451, 0.04352, 2.50300, 1.17575, 3.00908, 3.19040, 0.00000, 3.05179, 3.00828, 2.70044, 2.61663, 22.80220
1728402070, 307307172, 0xDDDD, 3074, 27.83883, 1.22249, 25.12500, 24.00000, 25.31250, 24.12500, 1.33531, 0.04029, 2.50220, 1.17817, 3.02278, 3.20813, 0.00000, 3.05260, 3.00828, 2.70044, 2.56264, 22.98128
1728402070, 307407174, 0xDDDD, 3075, 27.83883, 1.22249, 25.06250, 24.00000, 25.31250, 24.12500, 1.33531, 0.01128, 2.50220, 1.18220, 3.08242, 3.19443, 0.00081, 3.05260, 3.00828, 2.70044, 2.55941, 22.80220
1728402070, 307507189, 0xDDDD, 3076, 27.83883, 1.22168, 25.06250, 24.00000, 25.31250, 24.12500, 1.33451, 0.04271, 2.50220, 1.18220, 3.06147, 3.21216, 0.00000, 3.05341, 3.00747, 2.69963, 2.55861, 22.80220
1728402070, 307607183, 0xDDDD, 3077, 28.24175, 1.22249, 25.12500, 24.00000, 25.31250, 24.12500, 1.33612, 0.04029, 2.50220, 1.18381, 3.03326, 3.20491, 0.00000, 3.05179, 3.00747, 2.70044, 2.56103, 22.80220
1728402071, 307707166, 0xDDDD, 3078, 27.43590, 1.22249, 25.12500, 24.00000, 25.31250, 24.12500, 1.33531, 0.03546, 2.50220, 1.17736, 3.00908, 3.19685, 0.00000, 3.04615, 3.00828, 2.70044, 2.52396, 22.80220
1728402071, 307807190, 0xDDDD, 3079, 27.83883, 1.22249, 25.06250, 24.00000, 25.31250, 24.12500, 1.33451, 0.04190, 2.50220, 1.17978, 3.06711, 3.19040, 0.00000, 3.04696, 3.00828, 2.69963, 2.49011, 22.80220
1728402071, 307907179, 0xDDDD, 3080, 27.83883, 1.22249, 25.06250, 24.00000, 25.31250, 24.12500, 1.33531, 0.03868, 2.50220, 1.18139, 3.08886, 3.20813, 0.00000, 3.05099, 3.00828, 2.70205, 2.56183, 22.80220
1728402071, 308007183, 0xDDDD, 3081, 27.83883, 1.22249, 25.06250, 24.00000, 25.31250, 24.12500, 1.33531, 0.02659, 2.50220, 1.18220, 3.05824, 3.19282, 0.00000, 3.05099, 3.00828, 2.70044, 2.56425, 22.80220
1728402071, 308107181, 0xDDDD, 3082, 27.83883, 1.22249, 25.12500, 24.00000, 25.31250, 24.12500, 1.33451, 0.04029, 2.50300, 1.18542, 3.03407, 3.21055, 0.00000, 3.05018, 3.00828, 2.70044, 2.55941, 22.80220
1728402071, 308207172, 0xDDDD, 3083, 27.83883, 1.22249, 25.12500, 24.00000, 25.31250, 24.12500, 1.33531, 0.03707, 2.50220, 1.18703, 3.01070, 3.20330, 0.00000, 3.05179, 3.00828, 2.70044, 2.56183, 22.80220
1728402071, 308307175, 0xDDDD, 3084, 28.24175, 1.22249, 25.12500, 24.00000, 25.31250, 24.12500, 1.33531, 0.04029, 2.50220, 1.19026, 3.07033, 3.19685, 0.00000, 3.05099, 3.00747, 2.69883, 2.57473, 22.80220
1728402071, 308407185, 0xDDDD, 3085, 27.43590, 1.22168, 25.12500, 24.00000, 25.31250, 24.12500, 1.33531, 0.04190, 2.50220, 1.18462, 3.04615, 3.18960, 0.00000, 3.05099, 3.00828, 2.70044, 2.56022, 22.80220
1728402071, 308507172, 0xDDDD, 3086, 27.83883, 1.22249, 25.12500, 24.00000, 25.31250, 24.12500, 1.33451, 0.04674, 2.50220, 1.18623, 3.02037, 3.20733, 0.00000, 3.05099, 3.00828, 2.70044, 2.56344, 22.98128
1728402071, 308607175, 0xDDDD, 3087, 27.83883, 1.22249, 25.12500, 24.00000, 25.31250, 24.12500, 1.33531, 0.03707, 2.50220, 1.18864, 3.03487, 3.20007, 0.00000, 3.05099, 3.00828, 2.70044, 2.56586, 22.80220
1728402072, 308707184, 0xDDDD, 3088, 27.83883, 1.22249, 25.12500, 24.00000, 25.31250, 24.12500, 1.36674, 0.04190, 2.50220, 1.18945, 3.01070, 3.20894, 0.00000, 3.05099, 3.00828, 2.70044, 2.56022, 23.33944
1728402072, 308807171, 0xDDDD, 3089, 27.43590, 1.22249, 25.12500, 24.00000, 25.31250, 24.12500, 1.33370, 0.04029, 2.50220, 1.19026, 3.06711, 3.20330, 0.00000, 3.05179, 3.00828, 2.69963, 2.55941, 22.80220
1728402072, 308907184, 0xDDDD, 3090, 27.83883, 1.22168, 25.12500, 24.00000, 25.31250, 24.12500, 1.33531, 0.03788, 2.50139, 1.19267, 3.04132, 3.19524, 0.00000, 3.05179, 3.00828, 2.70044, 2.56183, 22.80220
1728402072, 309007175, 0xDDDD, 3091, 27.83883, 1.22249, 25.12500, 24.00000, 25.31250, 24.12500, 1.33612, 0.03465, 2.50220, 1.19509, 3.01634, 3.18879, 0.00000, 3.05179, 3.00828, 2.69963, 2.57553, 22.80220
1728402072, 309107182, 0xDDDD, 3092, 27.43590, 1.22249, 25.06250, 24.00000, 25.37500, 24.12500, 1.33531, 0.03788, 2.50220, 1.19590, 3.07275, 3.20652, 0.00000, 3.05099, 3.00828, 2.70125, 2.56425, 22.80220
1728402072, 309207184, 0xDDDD, 3093, 27.83883, 1.22249, 25.06250, 24.00000, 25.37500, 24.12500, 1.33531, 0.03949, 2.50220, 1.18945, 3.00344, 3.20007, 0.00000, 3.05179, 3.00908, 2.70125, 2.56022, 22.98128
1728402072, 309307179, 0xDDDD, 3094, 27.83883, 1.22249, 25.06250, 24.00000, 25.37500, 24.12500, 1.33531, 0.03788, 2.50220, 1.19106, 3.05905, 3.20894, 0.00000, 3.05018, 3.00828, 2.70044, 2.56264, 22.80220
1728402072, 309407182, 0xDDDD, 3095, 28.24175, 1.22249, 25.06250, 24.00000, 25.31250, 24.18750, 1.33531, 0.04190, 2.50220, 1.19267, 3.03165, 3.20330, 0.00000, 3.05179, 3.00828, 2.70044, 2.55941, 22.80220
1728402072, 309507178, 0xDDDD, 3096, 27.83883, 1.22249, 25.06250, 24.00000, 25.31250, 24.18750, 1.33531, 0.03626, 2.50220, 1.19429, 3.00505, 3.19604, 0.00000, 3.05179, 3.00828, 2.70125, 2.56344, 22.80220
1728402072, 309607164, 0xDDDD, 3097, 27.83883, 1.22249, 25.06250, 24.00000, 25.31250, 24.18750, 1.33531, 0.03546, 2.50220, 1.19590, 3.06066, 3.19040, 0.00000, 3.05421, 3.00828, 2.70125, 2.58601, 22.80220
1728402073, 309707176, 0xDDDD, 3098, 27.83883, 1.22249, 25.06250, 24.00000, 25.31250, 24.18750, 1.33531, 0.03949, 2.50220, 1.19670, 3.03648, 3.20652, 0.00000, 3.05179, 3.00828, 2.69963, 2.62147, 22.80220
1728402073, 309807173, 0xDDDD, 3099, 27.83883, 1.22168, 25.12500, 24.00000, 25.31250, 24.18750, 1.33451, 0.03304, 2.50220, 1.19832, 3.05179, 3.20088, 0.00081, 3.04454, 3.00908, 2.69963, 2.55861, 22.80220
1728402073, 309907185, 0xDDDD, 3100, 27.83883, 1.22168, 25.12500, 24.00000, 25.31250, 24.12500, 1.33531, 0.04432, 2.50220, 1.20073, 3.02520, 3.20974, 0.00000, 3.04938, 3.00828, 2.70044, 2.56344, 22.80220
1728402073, 310007200, 0xDDDD, 3101, 27.83883, 1.22249, 25.12500, 24.00000, 25.31250, 24.12500, 1.33451, 0.03788, 2.50139, 1.17414, 3.08081, 3.20330, 0.00000, 3.05018, 3.00828, 2.70125, 2.56344, 22.80220
1728402073, 310107175, 0xDDDD, 3102, 27.83883, 1.22249, 25.12500, 24.00000, 25.31250, 24.12500, 1.33612, 0.04029, 2.50220, 1.19429, 3.05099, 3.19685, 0.00000, 3.05099, 3.00828, 2.69963, 2.56183, 22.80220
1728402073, 310207169, 0xDDDD, 3103, 27.43590, 1.22168, 25.12500, 23.93750, 25.31250, 24.12500, 1.33531, 0.03546, 2.50220, 1.19590, 3.02440, 3.18960, 0.00000, 3.05099, 3.00828, 2.69963, 2.58762, 22.80220
1728402073, 310307189, 0xDDDD, 3104, 27.43590, 1.22249, 25.12500, 23.93750, 25.31250, 24.12500, 1.33612, 0.03788, 2.50220, 1.19670, 3.08322, 3.20652, 0.00081, 3.05260, 3.00828, 2.70044, 2.56264, 22.80220
1728402073, 310407164, 0xDDDD, 3105, 27.43590, 1.22168, 25.12500, 24.00000, 25.31250, 24.12500, 1.33531, 0.03949, 2.50220, 1.19832, 3.05421, 3.19846, 0.00000, 3.05099, 3.00828, 2.70044, 2.56022, 22.80220
1728402073, 310507183, 0xDDDD, 3106, 27.83883, 1.22249, 25.12500, 24.00000, 25.31250, 24.12500, 1.33531, 0.02982, 2.50220, 1.20396, 3.06872, 3.19040, 0.00000, 3.05260, 3.00828, 2.69963, 2.55780, 22.80220
1728402073, 310607174, 0xDDDD, 3107, 27.83883, 1.22249, 25.12500, 24.00000, 25.31250, 24.12500, 1.33531, 0.05238, 2.50220, 1.19590, 3.04051, 3.20088, 0.00000, 3.05018, 3.00828, 2.70125, 2.55780, 23.16036
1728402074, 310707185, 0xDDDD, 3108, 27.83883, 1.22249, 25.12500, 24.00000, 25.31250, 24.12500, 1.33531, 0.04190, 2.50220, 1.17495, 3.01231, 3.19443, 0.00000, 3.05260, 3.00828, 2.70044, 2.56183, 22.80220
1728402074, 310807173, 0xDDDD, 3109, 27.83883, 1.22249, 25.12500, 24.00000, 25.37500, 24.18750, 1.33612, 0.03788, 2.50220, 1.19429, 3.06872, 3.18637, 0.00000, 3.04696, 3.00828, 2.70125, 2.56103, 22.80220
1728402074, 310907191, 0xDDDD, 3110, 27.83883, 1.22249, 25.12500, 24.00000, 25.37500, 24.18750, 1.33531, 0.03707, 2.50220, 1.19509, 3.04212, 3.20330, 0.00000, 3.05179, 3.00828, 2.69963, 2.54652, 22.80220
1728402074, 311007175, 0xDDDD, 3111, 27.83883, 1.22249, 25.12500, 24.00000, 25.37500, 24.18750, 1.33531, 0.04190, 2.50220, 1.19429, 3.01553, 3.19685, 0.00000, 3.05179, 3.00828, 2.70044, 2.56505, 22.98128
1728402074, 311107169, 0xDDDD, 3112, 27.83883, 1.22168, 25.12500, 24.00000, 25.31250, 24.12500, 1.33531, 0.04271, 2.50139, 1.19509, 3.03004, 3.18879, 0.00000, 3.05018, 3.00828, 2.70125, 2.56103, 22.80220
1728402074, 311207174, 0xDDDD, 3113, 28.24175, 1.22249, 25.12500, 24.00000, 25.31250, 24.12500, 1.33531, 0.03465, 2.50220, 1.19590, 3.00667, 3.19846, 0.00000, 3.05099, 3.00828, 2.70125, 2.56183, 22.80220
1728402074, 311307187, 0xDDDD, 3114, 27.83883, 1.22249, 25.12500, 24.00000, 25.31250, 24.12500, 1.33531, 0.03868, 2.50139, 1.19590, 3.06227, 3.19121, 0.00000, 3.05099, 3.00989, 2.69963, 2.56183, 22.80220
1728402074, 311407181, 0xDDDD, 3115, 27.83883, 1.22168, 25.12500, 24.00000, 25.31250, 24.12500, 1.33531, 0.03465, 2.50220, 1.19590, 3.03568, 3.20894, 0.00000, 3.05179, 3.00747, 2.69963, 2.56103, 22.80220
1728402074, 311507175, 0xDDDD, 3116, 27.83883, 1.22249, 25.06250, 24.00000, 25.31250, 24.12500, 1.33531, 0.03626, 2.50220, 1.18784, 3.00747, 3.20249, 0.00000, 3.05099, 3.00828, 2.70125, 2.66095, 22.62310
1728402074, 311607178, 0xDDDD, 3117, 27.43590, 1.22249, 25.06250, 24.00000, 25.31250, 24.12500, 1.33451, 0.04029, 2.50220, 1.18703, 3.06549, 3.19604, 0.00000, 3.04938, 3.00828, 2.69963, 2.55458, 22.98128
1728402075, 311707183, 0xDDDD, 3118, 27.83883, 1.22249, 25.12500, 24.00000, 25.31250, 24.12500, 1.33531, 0.04352, 2.50220, 1.18784, 3.07839, 3.18960, 0.00000, 3.05099, 3.00828, 2.70044, 2.56264, 22.98128
1728402075, 311807181, 0xDDDD, 3119, 27.83883, 1.22249, 25.12500, 24.00000, 25.31250, 24.18750, 1.33451, 0.04352, 2.50220, 1.19026, 3.05018, 3.19846, 0.00000, 3.05179, 3.00828, 2.70125, 2.56103, 22.80220
1728402075, 311907171, 0xDDDD, 3120, 27.43590, 1.22249, 25.12500, 24.00000, 25.31250, 24.18750, 1.33451, 0.03788, 2.50220, 1.19106, 3.02278, 3.19121, 0.00000, 3.05099, 3.00747, 2.70044, 2.56022, 22.80220
1728402075, 312007171, 0xDDDD, 3121, 27.83883, 1.22249, 25.12500, 24.00000, 25.31250, 24.12500, 1.33531, 0.03626, 2.50220, 1.19187, 3.07678, 3.20813, 0.00000, 3.05018, 3.00828, 2.70044, 2.56103, 22.98128
1728402075, 312107184, 0xDDDD, 3122, 28.24175, 1.22249, 25.12500, 24.00000, 25.31250, 24.12500, 1.33451, 0.04190, 2.50220, 1.19348, 3.05099, 3.20088, 0.00000, 3.05260, 3.00828, 2.70044, 2.58842, 22.98128
1728402075, 312207177, 0xDDDD, 3123, 27.83883, 1.22249, 25.12500, 24.00000, 25.31250, 24.12500, 1.33531, 0.04029, 2.50139, 1.19429, 3.02278, 3.19363, 0.00000, 3.04938, 3.00747, 2.70044, 2.55458, 22.98128
1728402075, 312307174, 0xDDDD, 3124, 27.83883, 1.22249, 25.12500, 24.00000, 25.31250, 24.12500, 1.33531, 0.04271, 2.50220, 1.18703, 3.03810, 3.21136, 0.00000, 3.05099, 3.00828, 2.70125, 2.56264, 22.80220
1728402075, 312407172, 0xDDDD, 3125, 27.83883, 1.22249, 25.12500, 24.00000, 25.31250, 24.12500, 1.33451, 0.03788, 2.50139, 1.18784, 3.01150, 3.20571, 0.00000, 3.04777, 3.00828, 2.70044, 2.56103, 22.80220
1728402075, 312507187, 0xDDDD, 3126, 27.43590, 1.22168, 25.12500, 24.00000, 25.31250, 24.12500, 1.33531, 0.04029, 2.50220, 1.18623, 3.06872, 3.18960, 0.00000, 3.05018, 3.00828, 2.70044, 2.56344, 22.62310
1728402075, 312607178, 0xDDDD, 3127, 28.24175, 1.22249, 25.12500, 24.00000, 25.31250, 24.12500, 1.33451, 0.04432, 2.50139, 1.18623, 3.04212, 3.20571, 0.00000, 3.04454, 3.00828, 2.70044, 2.56022, 22.80220
1728402076, 312707170, 0xDDDD, 3128, 27.83883, 1.22168, 25.12500, 24.00000, 25.31250, 24.18750, 1.33451, 0.04110, 2.50139, 1.18462, 3.01714, 3.19846, 0.00000, 3.05179, 3.00747, 2.69963, 2.55538, 22.80220
1728402076, 312807182, 0xDDDD, 3129, 27.83883, 1.22168, 25.12500, 24.00000, 25.31250, 24.18750, 1.33531, 0.03868, 2.50220, 1.18542, 3.07194, 3.19282, 0.00000, 3.05099, 3.00828, 2.69963, 2.56908, 22.80220
1728402076, 312907165, 0xDDDD, 3130, 28.24175, 1.22249, 25.12500, 24.00000, 25.31250, 24.18750, 1.33531, 0.03546, 2.50220, 1.18462, 3.04374, 3.20974, 0.00000, 3.04777, 3.00828, 2.70044, 2.56022, 22.80220
1728402076, 313007174, 0xDDDD, 3131, 27.83883, 1.22168, 25.12500, 24.00000, 25.31250, 24.18750, 1.33531, 0.04029, 2.50220, 1.18462, 3.05582, 3.20168, 0.00000, 3.05018, 3.00828, 2.69963, 2.55941, 22.98128
1728402076, 313107184, 0xDDDD, 3132, 27.83883, 1.22249, 25.12500, 24.00000, 25.31250, 24.18750, 1.33531, 0.03788, 2.50220, 1.18462, 3.03004, 3.18879, 0.00000, 3.05018, 3.00828, 2.70125, 2.56103, 22.98128
1728402076, 313207178, 0xDDDD, 3133, 27.83883, 1.22249, 25.12500, 24.00000, 25.31250, 24.12500, 1.33531, 0.04513, 2.50139, 1.17817, 3.00425, 3.20571, 0.00000, 3.05260, 3.00828, 2.70044, 2.55941, 22.98128
1728402076, 313307203, 0xDDDD, 3134, 27.83883, 1.22249, 25.12500, 24.00000, 25.31250, 24.12500, 1.33531, 0.03868, 2.50220, 1.17817, 3.05582, 3.19846, 0.00000, 3.04615, 3.00747, 2.70125, 2.56103, 22.80220
1728402076, 313407182, 0xDDDD, 3135, 27.83883, 1.22249, 25.12500, 24.00000, 25.31250, 24.12500, 1.33531, 0.03707, 2.50220, 1.17817, 3.02842, 3.19040, 0.00000, 3.04857, 3.00828, 2.70044, 2.55780, 22.80220
1728402076, 313507178, 0xDDDD, 3136, 27.83883, 1.22249, 25.12500, 24.00000, 25.31250, 24.18750, 1.33612, 0.03385, 2.50220, 1.17817, 3.08242, 3.20813, 0.00000, 3.05099, 3.00828, 2.69963, 2.59326, 22.98128
1728402076, 313607165, 0xDDDD, 3137, 27.83883, 1.22249, 25.12500, 24.00000, 25.31250, 24.18750, 1.33531, 0.03626, 2.50220, 1.17575, 3.00989, 3.20168, 0.00000, 3.04857, 3.00828, 2.70125, 2.55700, 22.80220
1728402077, 313707175, 0xDDDD, 3138, 28.24175, 1.22249, 25.12500, 24.00000, 25.31250, 24.18750, 1.33531, 0.03868, 2.50220, 1.17575, 3.06549, 3.21055, 0.00000, 3.05179, 3.00828, 2.70044, 2.56183, 22.98128
1728402077, 313807190, 0xDDDD, 3139, 27.43590, 1.22249, 25.12500, 24.00000, 25.31250, 24.18750, 1.33531, 0.04190, 2.50220, 1.17495, 3.03810, 3.20249, 0.00000, 3.05260, 3.00747, 2.70044, 2.56103, 22.98128
1728402077, 313907185, 0xDDDD, 3140, 27.83883, 1.22249, 25.12500, 24.00000, 25.31250, 24.18750, 1.33531, 0.03949, 2.50220, 1.19348, 3.00828, 3.19363, 0.00000, 3.05099, 3.00828, 2.70125, 2.55941, 22.98128
1728402077, 314007166, 0xDDDD, 3141, 27.83883, 1.22249, 25.12500, 24.00000, 25.31250, 24.12500, 1.33531, 0.03707, 2.50220, 1.19267, 3.06630, 3.21136, 0.00000, 3.05099, 3.00667, 2.69963, 2.59084, 22.80220
1728402077, 314107201, 0xDDDD, 3142, 28.24175, 1.22249, 25.12500, 24.00000, 25.31250, 24.12500, 1.33531, 0.03626, 2.50220, 1.19106, 3.03890, 3.20491, 0.00000, 3.05179, 3.00747, 2.70044, 2.59004, 22.80220
1728402077, 314207180, 0xDDDD, 3143, 27.83883, 1.22249, 25.12500, 24.00000, 25.37500, 24.18750, 1.33531, 0.04029, 2.50220, 1.19187, 3.05179, 3.19685, 0.00000, 3.05099, 3.00828, 2.70044, 2.56264, 22.80220
1728402077, 314307164, 0xDDDD, 3144, 27.83883, 1.22249, 25.12500, 24.00000, 25.37500, 24.18750, 1.33451, 0.03626, 2.50220, 1.19106, 3.02440, 3.18960, 0.00000, 3.05260, 3.00828, 2.69963, 2.56264, 22.80220
1728402077, 314407175, 0xDDDD, 3145, 28.24175, 1.22168, 25.06250, 24.00000, 25.31250, 24.18750, 1.32645, 0.04271, 2.50220, 1.19267, 3.08081, 3.20007, 0.00000, 3.05018, 3.00828, 2.70044, 2.55941, 22.98128
1728402077, 314507172, 0xDDDD, 3146, 27.83883, 1.22410, 25.06250, 24.00000, 25.31250, 24.18750, 1.33531, 0.03868, 2.50300, 1.19509, 3.02278, 3.19282, 0.00000, 3.04938, 3.00828, 2.69963, 2.56183, 22.26494
1728402077, 314607175, 0xDDDD, 3147, 27.83883, 1.22249, 25.12500, 24.00000, 25.31250, 24.18750, 1.33531, 0.04271, 2.50220, 1.19348, 3.07355, 3.20894, 0.00000, 3.05179, 3.00828, 2.70044, 2.68674, 22.80220
1728402078, 314707193, 0xDDDD, 3148, 27.43590, 1.22249, 25.12500, 24.00000, 25.31250, 24.25000, 1.33451, 0.03949, 2.50220, 1.18542, 3.04374, 3.20330, 0.00000, 3.04857, 3.00828, 2.69963, 2.55780, 22.80220
1728402078, 314807175, 0xDDDD, 3149, 27.43590, 1.22249, 25.12500, 24.00000, 25.31250, 24.25000, 1.33612, 0.04110, 2.50220, 1.18300, 3.01553, 3.19524, 0.00000, 3.05099, 3.00828, 2.69963, 2.56264, 22.80220
1728402078, 314907175, 0xDDDD, 3150, 27.43590, 1.22168, 25.12500, 24.00000, 25.37500, 24.12500, 1.33531, 0.04352, 2.50220, 1.18220, 3.02440, 3.18799, 0.00000, 3.05018, 3.00828, 2.70044, 2.56103, 22.80220
1728402078, 315007184, 0xDDDD, 3151, 27.83883, 1.22249, 25.12500, 24.00000, 25.37500, 24.12500, 1.36110, 0.04029, 2.50220, 1.18059, 3.08000, 3.19604, 0.00000, 3.05018, 3.00747, 2.70044, 2.56183, 23.16036
1728402078, 315107163, 0xDDDD, 3152, 27.83883, 1.22249, 25.12500, 24.00000, 25.31250, 24.12500, 1.33612, 0.03626, 2.50139, 1.17978, 3.04938, 3.18799, 0.00000, 3.05179, 3.00828, 2.70044, 2.56264, 22.80220
1728402078, 315207198, 0xDDDD, 3153, 27.83883, 1.22249, 25.12500, 24.00000, 25.31250, 24.12500, 1.33451, 0.04674, 2.50220, 1.17897, 3.02117, 3.20571, 0.00000, 3.04938, 3.00828, 2.70044, 2.56103, 22.80220
1728402078, 315307182, 0xDDDD, 3154, 27.83883, 1.22168, 25.12500, 24.00000, 25.31250, 24.12500, 1.33531, 0.03788, 2.50220, 1.17817, 3.07597, 3.19604, 0.00000, 3.05018, 3.00828, 2.70125, 2.59165, 22.80220
1728402078, 315407166, 0xDDDD, 3155, 27.83883, 1.22168, 25.12500, 24.00000, 25.37500, 24.12500, 1.33612, 0.04110, 2.50139, 1.17817, 3.04857, 3.18879, 0.00000, 3.05260, 3.00828, 2.70044, 2.50864, 22.80220
1728402078, 315507189, 0xDDDD, 3156, 28.24175, 1.22168, 25.12500, 24.00000, 25.37500, 24.12500, 1.33531, 0.04190, 2.50139, 1.19751, 3.05502, 3.20491, 0.00000, 3.05260, 3.00828, 2.70044, 2.56103, 22.98128
1728402078, 315607183, 0xDDDD, 3157, 27.83883, 1.22249, 25.12500, 24.00000, 25.31250, 24.12500, 1.33531, 0.03949, 2.50220, 1.19751, 3.02359, 3.18799, 0.00000, 3.04938, 3.00828, 2.70044, 2.56103, 22.98128
1728402079, 315707187, 0xDDDD, 3158, 27.83883, 1.22249, 25.12500, 24.00000, 25.31250, 24.12500, 1.33451, 0.04029, 2.50220, 1.19832, 3.07839, 3.20652, 0.00000, 3.04857, 3.00828, 2.70125, 2.56022, 22.80220
1728402079, 315807167, 0xDDDD, 3159, 27.83883, 1.22249, 25.12500, 24.00000, 25.31250, 24.12500, 1.33370, 0.03788, 2.50139, 1.19832, 3.05018, 3.19846, 0.00000, 3.04615, 3.00828, 2.69963, 2.55941, 22.98128
1728402079, 315907164, 0xDDDD, 3160, 27.43590, 1.22249, 25.12500, 24.00000, 25.31250, 24.18750, 1.33612, 0.03868, 2.50220, 1.19751, 3.01714, 3.19040, 0.00000, 3.05018, 3.00828, 2.69963, 2.58762, 22.62310
1728402079, 316007179, 0xDDDD, 3161, 27.43590, 1.22249, 25.12500, 24.00000, 25.31250, 24.18750, 1.33451, 0.04352, 2.50220, 1.19832, 3.07114, 3.20733, 0.00000, 3.05099, 3.00747, 2.70044, 2.63516, 22.80220
1728402079, 316107173, 0xDDDD, 3162, 27.83883, 1.22249, 25.12500, 24.00000, 25.37500, 24.18750, 1.33451, 0.04110, 2.50139, 1.19751, 3.08081, 3.19927, 0.00000, 3.04938, 3.00828, 2.69963, 2.56344, 22.80220
1728402079, 316207186, 0xDDDD, 3163, 28.24175, 1.22249, 25.12500, 23.93750, 25.37500, 24.18750, 1.33451, 0.04835, 2.50220, 1.18864, 3.04938, 3.20813, 0.00000, 3.05099, 3.00828, 2.70125, 2.55941, 22.80220
1728402079, 316307201, 0xDDDD, 3164, 27.83883, 1.22249, 25.18750, 23.93750, 25.37500, 24.18750, 1.33612, 0.03546, 2.50220, 1.18784, 3.02037, 3.20007, 0.00000, 3.04938, 3.00828, 2.70044, 2.56103, 22.98128
1728402079, 316407182, 0xDDDD, 3165, 27.83883, 1.22249, 25.18750, 24.00000, 25.37500, 24.18750, 1.33451, 0.03546, 2.50220, 1.18703, 3.07516, 3.19282, 0.00000, 3.05018, 3.00828, 2.69963, 2.56022, 22.80220
1728402079, 316507170, 0xDDDD, 3166, 27.83883, 1.22249, 25.18750, 24.00000, 25.37500, 24.18750, 1.33531, 0.03707, 2.50220, 1.18542, 3.04374, 3.21055, 0.00000, 3.05018, 3.00828, 2.70044, 2.53201, 22.80220
1728402079, 316607191, 0xDDDD, 3167, 27.83883, 1.22249, 25.12500, 24.00000, 25.37500, 24.12500, 1.33531, 0.03546, 2.50220, 1.18300, 3.01553, 3.20330, 0.00000, 3.05018, 3.00828, 2.70044, 2.56103, 22.98128
1728402080, 316707164, 0xDDDD, 3168, 28.24175, 1.22249, 25.12500, 24.00000, 25.37500, 24.12500, 1.33451, 0.04190, 2.50220, 1.18139, 3.06952, 3.19524, 0.00000, 3.05099, 3.00828, 2.70044, 2.56183, 22.98128
1728402080, 316807185, 0xDDDD, 3169, 27.83883, 1.22168, 25.12500, 24.00000, 25.31250, 24.12500, 1.33531, 0.03707, 2.50220, 1.18059, 3.07516, 3.21136, 0.00000, 3.04857, 3.00828, 2.70044, 2.56183, 22.80220
1728402080, 316907173, 0xDDDD, 3170, 27.43590, 1.22249, 25.12500, 24.00000, 25.31250, 24.18750, 1.33451, 0.03788, 2.50220, 1.17978, 3.03971, 3.19443, 0.00000, 3.05099, 3.00828, 2.69963, 2.55941, 23.51852
1728402080, 317007172, 0xDDDD, 3171, 27.83883, 1.22249, 25.12500, 24.00000, 25.31250, 24.18750, 1.33531, 0.03949, 2.50220, 1.17817, 3.00667, 3.21055, 0.00000, 3.05099, 3.00908, 2.70205, 2.56103, 22.98128
1728402080, 317107178, 0xDDDD, 3172, 27.83883, 1.22249, 25.12500, 24.00000, 25.31250, 24.18750, 1.33531, 0.03546, 2.50220, 1.19509, 3.05663, 3.20249, 0.00000, 3.04938, 3.00828, 2.70044, 2.56183, 22.98128
1728402080, 317207193, 0xDDDD, 3173, 27.83883, 1.22249, 25.12500, 24.00000, 25.31250, 24.18750, 1.33531, 0.03788, 2.50220, 1.19429, 3.02520, 3.19524, 0.00000, 3.05099, 3.00747, 2.69963, 2.57231, 22.80220
1728402080, 317307175, 0xDDDD, 3174, 28.24175, 1.22168, 25.12500, 24.00000, 25.37500, 24.18750, 1.33531, 0.03626, 2.50220, 1.19429, 3.07678, 3.19927, 0.00000, 3.04938, 3.00828, 2.70044, 2.55861, 22.80220
1728402080, 317407172, 0xDDDD, 3175, 27.83883, 1.22249, 25.12500, 24.00000, 25.37500, 24.18750, 1.33531, 0.03546, 2.50220, 1.19267, 3.08564, 3.20330, 0.00000, 3.05099, 3.00828, 2.70125, 2.55861, 22.98128
1728402080, 317507180, 0xDDDD, 3176, 27.83883, 1.22249, 25.12500, 24.00000, 25.37500, 24.18750, 1.33451, 0.03626, 2.50220, 1.19106, 3.04938, 3.21136, 0.00000, 3.05099, 3.00908, 2.70044, 2.56183, 22.80220
1728402080, 317607187, 0xDDDD, 3177, 28.24175, 1.22249, 25.12500, 24.00000, 25.37500, 24.18750, 1.33531, 0.04110, 2.50220, 1.18945, 3.01795, 3.20330, 0.00000, 3.05018, 3.00828, 2.69963, 2.56022, 22.62310
1728402081, 317707177, 0xDDDD, 3178, 28.24175, 1.22249, 25.12500, 24.00000, 25.37500, 24.18750, 1.33612, 0.03868, 2.50220, 1.18864, 3.06711, 3.19443, 0.00000, 3.05018, 3.00828, 2.69963, 2.56264, 22.98128
1728402081, 317807174, 0xDDDD, 3179, 27.83883, 1.22249, 25.12500, 24.00000, 25.31250, 24.18750, 1.33531, 0.04029, 2.50220, 1.17897, 3.03648, 3.21136, 0.00000, 3.05018, 3.00828, 2.70044, 2.61502, 22.98128
1728402081, 317907174, 0xDDDD, 3180, 27.83883, 1.22249, 25.12500, 23.93750, 25.31250, 24.18750, 1.33612, 0.03707, 2.50220, 1.17736, 3.00667, 3.20410, 0.00081, 3.05099, 3.00828, 2.69963, 2.54571, 22.80220
1728402081, 318007199, 0xDDDD, 3181, 28.24175, 1.22249, 25.12500, 23.93750, 25.31250, 24.18750, 1.33531, 0.03626, 2.50220, 1.17656, 3.01473, 3.19604, 0.00081, 3.05341, 3.00828, 2.70044, 2.55700, 22.98128
1728402081, 318107186, 0xDDDD, 3182, 27.83883, 1.22249, 25.12500, 24.00000, 25.31250, 24.12500, 1.33531, 0.03546, 2.50220, 1.17495, 3.06388, 3.20491, 0.00000, 3.05179, 3.00828, 2.70044, 2.55941, 22.98128
1728402081, 318207174, 0xDDDD, 3183, 27.83883, 1.22249, 25.12500, 24.00000, 25.31250, 24.12500, 1.33934, 0.04271, 2.50220, 1.17414, 3.03165, 3.19524, 0.00000, 3.05179, 3.00828, 2.69963, 2.56022, 22.98128
1728402081, 318307173, 0xDDDD, 3184, 28.24175, 1.22249, 25.12500, 24.00000, 25.31250, 24.18750, 1.33451, 0.03626, 2.50139, 1.19751, 3.08806, 3.21136, 0.00000, 3.05018, 3.00747, 2.69963, 2.56264, 22.98128
1728402081, 318407165, 0xDDDD, 3185, 27.83883, 1.22168, 25.12500, 23.93750, 25.31250, 24.18750, 1.33531, 0.03465, 2.50220, 1.19590, 3.04938, 3.20249, 0.00000, 3.05260, 3.00828, 2.70125, 2.56264, 22.80220
1728402081, 318507175, 0xDDDD, 3186, 27.83883, 1.22249, 25.12500, 23.93750, 25.37500, 24.18750, 1.33612, 0.03546, 2.50220, 1.19348, 3.01553, 3.19443, 0.00000, 3.04615, 3.00747, 2.69963, 2.56022, 22.62310
1728402081, 318607179, 0xDDDD, 3187, 27.83883, 1.22249, 25.12500, 24.00000, 25.37500, 24.18750, 1.33531, 0.03546, 2.50139, 1.18300, 3.02037, 3.20974, 0.00000, 3.05018, 3.00828, 2.70044, 2.55861, 22.98128
1728402082, 318707179, 0xDDDD, 3188, 27.83883, 1.22249, 25.12500, 24.00000, 25.37500, 24.18750, 1.33531, 0.03949, 2.50220, 1.18139, 3.06952, 3.20168, 0.00000, 3.05179, 3.00828, 2.70044, 2.56103, 22.80220
1728402082, 318807187, 0xDDDD, 3189, 27.83883, 1.22249, 25.12500, 24.00000, 25.37500, 24.18750, 1.33451, 0.04674, 2.50220, 1.17897, 3.03487, 3.21055, 0.00000, 3.05099, 3.00828, 2.70044, 2.55780, 21.90678
1728402082, 318907184, 0xDDDD, 3190, 27.83883, 1.22249, 25.12500, 24.00000, 25.37500, 24.18750, 1.33531, 0.03546, 2.50220, 1.17736, 3.07758, 3.20168, 0.00000, 3.05099, 3.00828, 2.70044, 2.56103, 22.80220
1728402082, 319007173, 0xDDDD, 3191, 27.43590, 1.22249, 25.12500, 24.00000, 25.37500, 24.18750, 1.33531, 0.03949, 2.50139, 1.17495, 3.05179, 3.19443, 0.00000, 3.04938, 3.00828, 2.70125, 2.59407, 22.98128
1728402082, 319107189, 0xDDDD, 3192, 27.43590, 1.22249, 25.12500, 24.00000, 25.37500, 24.18750, 1.33531, 0.03465, 2.50220, 1.19751, 3.01634, 3.21136, 0.00000, 3.04857, 3.00828, 2.69963, 2.62066, 22.80220
1728402082, 319207166, 0xDDDD, 3193, 28.24175, 1.22249, 25.12500, 24.00000, 25.31250, 24.18750, 1.33531, 0.04029, 2.50139, 1.19670, 3.06630, 3.20330, 0.00000, 3.05099, 3.00828, 2.70125, 2.56183, 22.80220
1728402082, 319307177, 0xDDDD, 3194, 27.83883, 1.22249, 25.12500, 24.00000, 25.31250, 24.18750, 1.33531, 0.02982, 2.50220, 1.19509, 3.06791, 3.19524, 0.00000, 3.05018, 3.00828, 2.70044, 2.55700, 22.98128
1728402082, 319407188, 0xDDDD, 3195, 27.83883, 1.22249, 25.12500, 24.00000, 25.31250, 24.18750, 1.33531, 0.03788, 2.50220, 1.19267, 3.03407, 3.20330, 0.00000, 3.05018, 3.00828, 2.69963, 2.56183, 22.80220
1728402082, 319507185, 0xDDDD, 3196, 27.83883, 1.22249, 25.12500, 24.00000, 25.37500, 24.18750, 1.33612, 0.03465, 2.50220, 1.18220, 3.08564, 3.19524, 0.00000, 3.05260, 3.00828, 2.69963, 2.56183, 22.98128
1728402082, 319607177, 0xDDDD, 3197, 27.83883, 1.22249, 25.12500, 24.00000, 25.37500, 24.18750, 1.33531, 0.03707, 2.50220, 1.17978, 3.05018, 3.20974, 0.00000, 3.04938, 3.00828, 2.70044, 2.56344, 22.62310
1728402083, 319707183, 0xDDDD, 3198, 27.83883, 1.22249, 25.12500, 24.00000, 25.37500, 24.18750, 1.33451, 0.04674, 2.50220, 1.17736, 3.01634, 3.20168, 0.00000, 3.05099, 3.00828, 2.70044, 2.56022, 22.98128
1728402083, 319807176, 0xDDDD, 3199, 27.83883, 1.22249, 25.12500, 24.00000, 25.37500, 24.18750, 1.33612, 0.03546, 2.50139, 1.17575, 3.06388, 3.19363, 0.00000, 3.05179, 3.00828, 2.70044, 2.54330, 22.80220
1728402083, 319907169, 0xDDDD, 3200, 27.83883, 1.22249, 25.12500, 24.00000, 25.37500, 24.18750, 1.33451, 0.04674, 2.50220, 1.19912, 3.07033, 3.21136, 0.00000, 3.05179, 3.00828, 2.70044, 2.56425, 22.80220
1728402083, 320007179, 0xDDDD, 3201, 27.83883, 1.22249, 25.12500, 24.00000, 25.37500, 24.18750, 1.33531, 0.03546, 2.50220, 1.19670, 3.03810, 3.19524, 0.00000, 3.04857, 3.00828, 2.70044, 2.56425, 22.80220
1728402083, 320107192, 0xDDDD, 3202, 27.83883, 1.22249, 25.12500, 24.00000, 25.37500, 24.18750, 1.33612, 0.03385, 2.50139, 1.19509, 3.00667, 3.21055, 0.00000, 3.05260, 3.00828, 2.70044, 2.55941, 22.98128
1728402083, 320207185, 0xDDDD, 3203, 27.83883, 1.22249, 25.12500, 24.00000, 25.37500, 24.12500, 1.33531, 0.03788, 2.50220, 1.18220, 3.05421, 3.20168, 0.00000, 3.05179, 3.00828, 2.70125, 2.56344, 22.80220
1728402083, 320307169, 0xDDDD, 3204, 27.83883, 1.22249, 25.12500, 24.00000, 25.37500, 24.12500, 1.33531, 0.04352, 2.50220, 1.18059, 3.02278, 3.19363, 0.00000, 3.05179, 3.00828, 2.69963, 2.55780, 22.98128
1728402083, 320407184, 0xDDDD, 3205, 27.83883, 1.22249, 25.12500, 24.00000, 25.31250, 24.12500, 1.33531, 0.04029, 2.50300, 1.17817, 3.07114, 3.21136, 0.00000, 3.05260, 3.00828, 2.70044, 2.53524, 22.80220
1728402083, 320507180, 0xDDDD, 3206, 27.83883, 1.22168, 25.12500, 24.00000, 25.31250, 24.18750, 1.33531, 0.03949, 2.50220, 1.17575, 3.07516, 3.20249, 0.00000, 3.05099, 3.00828, 2.70044, 2.56103, 22.98128
1728402083, 320607165, 0xDDDD, 3207, 28.24175, 1.22249, 25.12500, 24.00000, 25.31250, 24.18750, 1.33612, 0.04432, 2.50139, 1.17414, 3.04051, 3.19524, 0.00000, 3.05099, 3.00828, 2.70044, 2.55941, 22.80220
1728402084, 320707182, 0xDDDD, 3208, 27.83883, 1.22249, 25.12500, 24.00000, 25.31250, 24.18750, 1.33612, 0.03788, 2.50220, 1.19751, 3.00505, 3.20330, 0.00000, 3.05018, 3.00828, 2.70044, 2.56022, 22.62310
1728402084, 320807173, 0xDDDD, 3209, 27.83883, 1.22330, 25.12500, 24.00000, 25.31250, 24.18750, 1.33531, 0.03868, 2.50220, 1.19509, 3.05341, 3.19524, 0.00000, 3.05099, 3.00828, 2.70044, 2.56022, 22.62310
1728402084, 320907166, 0xDDDD, 3210, 27.83883, 1.22249, 25.12500, 24.00000, 25.31250, 24.18750, 1.33531, 0.03788, 2.50139, 1.19187, 3.01553, 3.21216, 0.00000, 3.05341, 3.00828, 2.70044, 2.59487, 22.80220
1728402084, 321007197, 0xDDDD, 3211, 27.83883, 1.22249, 25.12500, 24.00000, 25.31250, 24.18750, 1.33451, 0.04190, 2.50220, 1.18220, 3.06469, 3.20491, 0.00000, 3.05341, 3.00828, 2.69963, 2.56344, 22.80220
1728402084, 321107180, 0xDDDD, 3212, 28.24175, 1.22249, 25.12500, 24.00000, 25.31250, 24.18750, 1.33531, 0.04352, 2.50220, 1.17978, 3.03004, 3.19443, 0.00000, 3.04938, 3.00828, 2.69963, 2.56344, 22.80220
1728402084, 321207179, 0xDDDD, 3213, 28.24175, 1.22249, 25.12500, 24.00000, 25.37500, 24.18750, 1.33531, 0.04190, 2.50220, 1.17736, 3.03487, 3.21136, 0.00000, 3.05099, 3.00828, 2.70125, 2.55861, 22.98128
1728402084, 321307172, 0xDDDD, 3214, 27.83883, 1.22249, 25.12500, 24.00000, 25.37500, 24.18750, 1.33531, 0.03385, 2.50139, 1.17575, 3.09128, 3.19363, 0.00000, 3.05260, 3.00828, 2.70125, 2.56425, 22.98128
1728402084, 321407164, 0xDDDD, 3215, 27.83883, 1.22088, 25.12500, 24.00000, 25.37500, 24.25000, 1.33531, 0.04029, 2.50220, 1.17414, 3.05099, 3.21055, 0.00000, 3.05099, 3.00828, 2.70125, 2.55861, 22.80220
1728402084, 321507187, 0xDDDD, 3216, 27.83883, 1.22249, 25.12500, 23.93750, 25.37500, 24.25000, 1.33531, 0.03707, 2.50220, 1.19832, 3.01473, 3.20168, 0.00000, 3.05179, 3.00828, 2.70125, 2.56183, 22.80220
1728402084, 321607180, 0xDDDD, 3217, 27.83883, 1.22249, 25.12500, 23.93750, 25.31250, 24.25000, 1.33531, 0.04190, 2.50220, 1.19509, 3.06227, 3.19282, 0.00000, 3.05179, 3.00828, 2.69963, 2.53927, 22.98128
1728402085, 321707166, 0xDDDD, 3218, 27.83883, 1.22249, 25.12500, 23.93750, 25.31250, 24.18750, 1.33531, 0.04271, 2.50139, 1.18623, 3.02762, 3.20813, 0.00000, 3.05179, 3.00747, 2.69963, 2.58037, 22.80220
1728402085, 321807184, 0xDDDD, 3219, 28.24175, 1.22168, 25.12500, 24.00000, 25.31250, 24.18750, 1.33531, 0.03707, 2.50220, 1.18381, 3.03004, 3.19766, 0.00000, 3.04454, 3.00828, 2.70125, 2.56264, 22.80220
1728402085, 321907188, 0xDDDD, 3220, 27.83883, 1.22249, 25.12500, 24.00000, 25.37500, 24.18750, 1.33451, 0.03626, 2.50220, 1.18300, 3.07839, 3.20571, 0.00000, 3.05018, 3.00828, 2.70125, 2.56425, 22.80220
1728402085, 322007182, 0xDDDD, 3221, 28.24175, 1.22249, 25.12500, 24.06250, 25.37500, 24.18750, 1.33531, 0.04190, 2.50220, 1.18059, 3.04051, 3.19604, 0.00000, 3.05179, 3.00908, 2.70125, 2.56344, 22.98128
1728402085, 322107171, 0xDDDD, 3222, 27.83883, 1.22249, 25.12500, 24.06250, 25.31250, 24.18750, 1.33451, 0.04271, 2.50139, 1.17897, 3.00667, 3.19685, 0.00000, 3.05018, 3.00828, 2.70044, 2.56103, 22.80220
1728402085, 322207165, 0xDDDD, 3223, 27.83883, 1.22249, 25.12500, 24.00000, 25.31250, 24.18750, 1.33531, 0.04271, 2.50220, 1.17656, 3.05341, 3.20491, 0.00000, 3.05260, 3.00828, 2.70044, 2.56989, 22.80220
1728402085, 322307186, 0xDDDD, 3224, 27.83883, 1.22249, 25.12500, 24.00000, 25.31250, 24.18750, 1.33612, 0.03626, 2.50220, 1.17978, 3.01875, 3.19524, 0.00000, 3.05018, 3.00828, 2.70044, 2.54088, 22.80220
1728402085, 322407174, 0xDDDD, 3225, 27.83883, 1.22249, 25.12500, 24.00000, 25.37500, 24.18750, 1.33531, 0.04190, 2.50220, 1.19509, 3.02037, 3.21136, 0.00000, 3.05179, 3.00747, 2.69883, 2.56103, 22.98128
1728402085, 322507177, 0xDDDD, 3226, 27.43590, 1.22249, 25.12500, 24.00000, 25.37500, 24.18750, 1.33531, 0.02095, 2.50220, 1.18462, 3.06872, 3.19443, 0.00000, 3.05099, 3.00828, 2.70125, 2.56022, 22.98128
1728402085, 322607202, 0xDDDD, 3227, 27.83883, 1.22249, 25.12500, 24.00000, 25.31250, 24.18750, 1.33451, 0.04029, 2.50220, 1.18139, 3.03245, 3.21055, 0.00000, 3.05099, 3.00747, 2.69963, 2.56103, 22.80220
1728402086, 322707185, 0xDDDD, 3228, 27.43590, 1.22249, 25.12500, 24.00000, 25.31250, 24.18750, 1.33531, 0.03546, 2.50220, 1.17897, 3.08081, 3.20088, 0.00000, 3.05179, 3.00828, 2.70125, 2.56022, 22.80220
1728402086, 322807172, 0xDDDD, 3229, 28.24175, 1.22249, 25.12500, 24.00000, 25.37500, 24.18750, 1.33531, 0.03546, 2.50139, 1.17495, 3.04454, 3.19282, 0.00000, 3.05260, 3.00828, 2.70044, 2.49414, 22.80220
1728402086, 322907182, 0xDDDD, 3230, 27.83883, 1.22249, 25.12500, 24.00000, 25.37500, 24.18750, 1.33531, 0.03546, 2.50220, 1.19832, 3.00828, 3.20813, 0.00000, 3.05179, 3.00828, 2.69963, 2.57311, 22.80220
1728402086, 323007171, 0xDDDD, 3231, 27.83883, 1.22249, 25.12500, 24.00000, 25.37500, 24.18750, 1.33531, 0.03465, 2.50220, 1.19509, 3.05582, 3.19927, 0.00000, 3.05260, 3.00828, 2.70044, 2.56022, 22.80220
1728402086, 323107185, 0xDDDD, 3232, 27.43590, 1.22249, 25.12500, 24.00000, 25.37500, 24.18750, 1.33531, 0.03868, 2.50220, 1.19187, 3.05985, 3.18960, 0.00000, 3.05421, 3.00828, 2.69963, 2.56103, 22.62310
1728402086, 323207174, 0xDDDD, 3233, 27.83883, 1.22249, 25.12500, 24.06250, 25.37500, 24.18750, 1.33531, 0.03949, 2.50220, 1.18864, 3.02359, 3.19766, 0.00000, 3.05099, 3.00828, 2.70125, 2.55941, 23.33944
1728402086, 323307176, 0xDDDD, 3234, 27.83883, 1.22249, 25.12500, 24.06250, 25.37500, 24.18750, 1.33531, 0.03626, 2.50220, 1.18623, 3.07033, 3.18718, 0.00000, 3.05018, 3.00828, 2.70044, 2.56264, 22.80220
1728402086, 323407173, 0xDDDD, 3235, 27.83883, 1.22249, 25.12500, 24.00000, 25.37500, 24.18750, 1.33531, 0.03707, 2.50220, 1.17414, 3.03407, 3.20410, 0.00000, 3.05179, 3.00828, 2.70205, 2.56183, 22.80220
1728402086, 323507173, 0xDDDD, 3236, 27.83883, 1.22249, 25.12500, 24.00000, 25.37500, 24.18750, 1.33612, 0.03546, 2.50220, 1.19509, 3.08081, 3.19524, 0.00000, 3.05179, 3.00828, 2.70125, 2.63194, 22.80220
1728402086, 323607178, 0xDDDD, 3237, 27.83883, 1.22249, 25.12500, 24.00000, 25.37500, 24.18750, 1.33531, 0.03949, 2.50220, 1.19106, 3.04132, 3.21216, 0.00000, 3.05179, 3.00908, 2.69963, 2.56264, 22.80220
1728402087, 323707178, 0xDDDD, 3238, 27.83883, 1.22249, 25.12500, 24.06250, 25.37500, 24.18750, 1.33531, 0.03626, 2.50220, 1.18623, 3.04212, 3.20330, 0.00000, 3.05179, 3.00828, 2.70044, 2.56103, 22.80220
1728402087, 323807184, 0xDDDD, 3239, 27.83883, 1.22168, 25.12500, 24.06250, 25.37500, 24.18750, 1.33451, 0.04190, 2.50220, 1.18220, 3.00667, 3.21055, 0.00000, 3.05179, 3.00828, 2.70044, 2.56022, 22.62310
1728402087, 323907168, 0xDDDD, 3240, 27.83883, 1.22249, 25.12500, 24.00000, 25.37500, 24.18750, 1.33612, 0.04190, 2.50220, 1.17817, 3.05421, 3.20330, 0.00000, 3.05179, 3.00828, 2.69963, 2.56022, 22.80220
1728402087, 324007176, 0xDDDD, 3241, 27.83883, 1.22249, 25.12500, 24.00000, 25.37500, 24.18750, 1.33531, 0.04190, 2.50220, 1.17978, 3.01634, 3.19363, 0.00000, 3.04938, 3.00989, 2.70044, 2.56022, 22.80220
1728402087, 324107181, 0xDDDD, 3242, 27.43590, 1.22249, 25.12500, 24.00000, 25.37500, 24.18750, 1.33451, 0.04352, 2.50220, 1.18784, 3.06227, 3.20813, 0.00000, 3.05179, 3.00828, 2.70044, 2.58037, 22.80220
1728402087, 324207165, 0xDDDD, 3243, 27.43590, 1.22249, 25.12500, 24.00000, 25.37500, 24.18750, 1.33531, 0.03546, 2.50220, 1.18381, 3.02842, 3.20007, 0.00000, 3.04857, 3.00828, 2.70205, 2.60051, 22.80220
1728402087, 324307183, 0xDDDD, 3244, 27.83883, 1.22249, 25.12500, 24.00000, 25.37500, 24.18750, 1.33531, 0.03626, 2.50220, 1.18059, 3.03084, 3.18960, 0.00000, 3.05099, 3.00747, 2.70044, 2.56022, 22.80220
1728402087, 324407185, 0xDDDD, 3245, 27.83883, 1.22249, 25.12500, 24.00000, 25.37500, 24.18750, 1.33531, 0.04110, 2.50220, 1.17575, 3.07758, 3.19685, 0.00000, 3.05018, 3.00828, 2.69963, 2.55941, 22.80220
1728402087, 324507183, 0xDDDD, 3246, 27.43590, 1.22249, 25.12500, 24.00000, 25.37500, 24.18750, 1.33289, 0.04513, 2.50220, 1.19993, 3.01795, 3.18799, 0.00000, 3.05018, 3.00667, 2.69963, 2.56103, 23.16036
1728402087, 324607166, 0xDDDD, 3247, 28.24175, 1.22330, 25.12500, 24.00000, 25.37500, 24.12500, 1.28777, 0.03546, 2.50220, 1.19509, 3.05341, 3.20410, 0.00000, 3.05341, 3.00747, 2.70044, 2.56425, 22.80220
1728402088, 324707165, 0xDDDD, 3248, 27.43590, 1.22249, 25.12500, 24.06250, 25.37500, 24.12500, 1.33451, 0.04110, 2.50220, 1.19106, 3.01795, 3.19524, 0.00000, 3.05018, 3.00828, 2.70125, 2.55458, 22.98128
1728402088, 324807182, 0xDDDD, 3249, 27.83883, 1.22249, 25.12500, 24.06250, 25.31250, 24.18750, 1.33531, 0.03788, 2.50220, 1.18462, 3.06227, 3.21136, 0.00000, 3.05179, 3.00828, 2.70044, 2.56022, 22.98128
1728402088, 324907183, 0xDDDD, 3250, 27.43590, 1.22249, 25.12500, 24.00000, 25.31250, 24.18750, 1.33531, 0.03949, 2.50220, 1.19912, 3.06147, 3.20088, 0.00000, 3.05179, 3.00828, 2.70125, 2.56344, 22.80220
1728402088, 325007172, 0xDDDD, 3251, 27.83883, 1.22249, 25.18750, 24.00000, 25.31250, 24.18750, 1.33612, 0.02982, 2.50220, 1.19348, 3.02601, 3.19121, 0.00081, 3.05099, 3.00828, 2.70044, 2.55941, 22.98128
1728402088, 325107179, 0xDDDD, 3252, 27.83883, 1.22249, 25.18750, 24.00000, 25.31250, 24.18750, 1.33451, 0.04352, 2.50220, 1.18945, 3.07436, 3.20007, 0.00000, 3.05099, 3.00828, 2.70044, 2.55861, 21.90678
1728402088, 325207183, 0xDDDD, 3253, 27.83883, 1.22249, 25.18750, 24.00000, 25.37500, 24.18750, 1.33531, 0.03949, 2.50220, 1.18462, 3.03487, 3.19121, 0.00000, 3.05179, 3.00828, 2.70044, 2.56183, 22.98128
1728402088, 325307170, 0xDDDD, 3254, 27.83883, 1.22249, 25.18750, 24.00000, 25.37500, 24.18750, 1.33531, 0.03626, 2.50139, 1.18059, 3.08403, 3.20571, 0.00000, 3.05099, 3.00828, 2.70044, 2.56586, 22.98128
1728402088, 325407194, 0xDDDD, 3255, 27.83883, 1.22249, 25.18750, 24.00000, 25.37500, 24.18750, 1.33370, 0.05158, 2.50220, 1.17736, 3.04454, 3.19685, 0.00000, 3.04938, 3.00828, 2.69963, 2.54974, 22.80220
1728402088, 325507172, 0xDDDD, 3256, 27.83883, 1.22249, 25.12500, 24.00000, 25.31250, 24.18750, 1.33612, 0.03546, 2.50220, 1.19751, 3.00747, 3.21136, 0.00000, 3.04938, 3.00828, 2.70044, 2.55861, 22.80220
1728402088, 325607175, 0xDDDD, 3257, 27.83883, 1.22249, 25.12500, 24.00000, 25.31250, 24.18750, 1.33531, 0.02982, 2.50139, 1.19348, 3.00747, 3.20249, 0.00000, 3.05260, 3.00828, 2.70125, 2.56344, 22.44402
1728402089, 325707185, 0xDDDD, 3258, 27.83883, 1.22249, 25.12500, 24.00000, 25.37500, 24.18750, 1.33531, 0.03465, 2.50220, 1.18220, 3.05341, 3.20974, 0.00000, 3.05179, 3.00828, 2.70044, 2.56022, 22.80220
1728402089, 325807189, 0xDDDD, 3259, 28.24175, 1.22249, 25.12500, 24.00000, 25.37500, 24.18750, 1.33531, 0.03546, 2.50220, 1.17656, 3.01553, 3.20088, 0.00000, 3.05179, 3.00828, 2.70125, 2.56344, 22.98128
1728402089, 325907177, 0xDDDD, 3260, 27.43590, 1.22168, 25.12500, 24.00000, 25.37500, 24.18750, 1.33531, 0.03949, 2.50220, 1.19751, 3.06227, 3.19282, 0.00000, 3.05260, 3.00828, 2.69963, 2.56103, 22.98128
1728402089, 326007183, 0xDDDD, 3261, 27.43590, 1.22249, 25.12500, 24.00000, 25.37500, 24.18750, 1.33451, 0.03949, 2.50220, 1.19348, 3.02520, 3.20652, 0.00000, 3.05018, 3.00828, 2.70125, 2.56586, 22.98128
1728402089, 326107176, 0xDDDD, 3262, 27.83883, 1.22249, 25.12500, 24.00000, 25.37500, 24.18750, 1.33451, 0.03868, 2.50220, 1.18864, 3.07114, 3.19927, 0.00000, 3.05179, 3.00828, 2.69963, 2.55861, 22.98128
1728402089, 326207175, 0xDDDD, 3263, 28.24175, 1.22249, 25.12500, 24.00000, 25.31250, 24.18750, 1.33612, 0.03788, 2.50139, 1.18542, 3.07275, 3.19040, 0.00000, 3.04777, 3.00828, 2.70044, 2.56103, 22.80220
1728402089, 326307184, 0xDDDD, 3264, 28.24175, 1.22249, 25.18750, 24.00000, 25.31250, 24.18750, 1.33531, 0.04432, 2.50139, 1.18059, 3.03487, 3.19927, 0.00000, 3.04938, 3.00828, 2.70044, 2.56183, 22.98128
1728402089, 326407191, 0xDDDD, 3265, 27.83883, 1.22249, 25.18750, 24.00000, 25.31250, 24.18750, 1.33531, 0.02579, 2.50220, 1.17575, 3.08484, 3.18960, 0.00000, 3.05018, 3.00828, 2.69963, 2.56183, 22.80220
1728402089, 326507198, 0xDDDD, 3266, 27.43590, 1.22249, 25.12500, 24.00000, 25.31250, 24.18750, 1.33531, 0.04190, 2.50220, 1.18945, 3.04293, 3.20571, 0.00000, 3.05099, 3.00828, 2.70044, 2.56022, 22.80220
1728402089, 326607172, 0xDDDD, 3267, 28.24175, 1.22249, 25.12500, 24.06250, 25.31250, 24.18750, 1.33531, 0.04029, 2.50220, 1.18542, 3.00667, 3.19685, 0.00000, 3.05179, 3.00908, 2.69963, 2.56505, 22.98128
1728402090, 326707187, 0xDDDD, 3268, 27.83883, 1.22249, 25.12500, 24.06250, 25.31250, 24.18750, 1.33531, 0.03868, 2.50139, 1.18139, 3.05018, 3.18799, 0.00000, 3.04938, 3.00828, 2.70044, 2.57634, 22.98128
1728402090, 326807187, 0xDDDD, 3269, 27.83883, 1.22249, 25.12500, 24.00000, 25.31250, 24.18750, 1.33451, 0.04432, 2.50139, 1.17817, 3.05179, 3.20410, 0.00000, 3.05099, 3.00828, 2.70125, 2.56264, 22.98128
1728402090, 326907164, 0xDDDD, 3270, 28.24175, 1.22249, 25.12500, 24.00000, 25.37500, 24.18750, 1.33531, 0.03626, 2.50139, 1.17495, 3.01473, 3.19524, 0.00000, 3.05018, 3.00828, 2.70044, 2.56264, 22.98128
1728402090, 327007184, 0xDDDD, 3271, 27.43590, 1.22249, 25.12500, 24.00000, 25.37500, 24.18750, 1.33209, 0.04352, 2.50139, 1.19670, 3.06227, 3.20410, 0.00000, 3.04938, 3.00828, 2.69963, 2.55861, 22.98128
1728402090, 327107172, 0xDDDD, 3272, 27.83883, 1.22168, 25.12500, 24.00000, 25.37500, 24.18750, 1.33289, 0.03465, 2.50139, 1.19267, 3.02601, 3.19524, 0.00000, 3.04696, 3.00828, 2.70044, 2.56022, 22.80220
1728402090, 327207166, 0xDDDD, 3273, 27.83883, 1.22249, 25.18750, 24.00000, 25.37500, 24.18750, 1.33451, 0.04593, 2.50139, 1.17897, 3.06952, 3.21216, 0.00000, 3.04857, 3.00828, 2.70044, 2.61744, 22.80220
1728402090, 327307194, 0xDDDD, 3274, 27.83883, 1.22168, 25.18750, 24.00000, 25.37500, 24.18750, 1.33451, 0.04271, 2.50139, 1.17414, 3.03165, 3.20410, 0.00000, 3.05099, 3.00828, 2.70044, 2.51751, 22.80220
1728402090, 327407180, 0xDDDD, 3275, 28.24175, 1.22249, 25.18750, 24.00000, 25.37500, 24.18750, 1.33531, 0.04271, 2.50220, 1.19670, 3.08484, 3.19524, 0.00000, 3.05421, 3.00828, 2.70044, 2.56264, 22.98128
1728402090, 327507174, 0xDDDD, 3276, 27.83883, 1.22249, 25.18750, 24.00000, 25.37500, 24.18750, 1.33531, 0.04190, 2.50220, 1.19267, 3.00264, 3.21136, 0.00000, 3.05018, 3.00828, 2.69963, 2.56022, 22.98128
1728402090, 327607173, 0xDDDD, 3277, 27.83883, 1.22249, 25.18750, 24.00000, 25.37500, 24.18750, 1.33531, 0.03949, 2.50381, 1.18864, 3.04777, 3.19443, 0.00000, 3.05099, 3.00828, 2.69883, 2.56022, 22.98128
1728402091, 327707169, 0xDDDD, 3278, 28.24175, 1.22249, 25.12500, 24.00000, 25.37500, 24.18750, 1.33612, 0.04029, 2.50220, 1.18462, 3.00908, 3.21055, 0.00000, 3.05099, 3.00828, 2.70125, 2.56264, 22.80220
1728402091, 327807187, 0xDDDD, 3279, 28.24175, 1.22249, 25.12500, 24.00000, 25.37500, 24.18750, 1.33451, 0.04352, 2.50139, 1.17897, 3.05582, 3.20168, 0.00000, 3.05099, 3.00828, 2.70044, 2.56183, 22.98128
1728402091, 327907183, 0xDDDD, 3280, 27.43590, 1.22249, 25.12500, 24.00000, 25.37500, 24.18750, 1.33531, 0.04110, 2.50139, 1.17414, 3.01634, 3.19282, 0.00000, 3.05260, 3.00747, 2.69883, 2.55538, 22.80220
1728402091, 328007166, 0xDDDD, 3281, 27.83883, 1.22249, 25.18750, 24.00000, 25.37500, 24.12500, 1.33451, 0.04110, 2.50220, 1.18784, 3.06147, 3.20733, 0.00000, 3.05099, 3.00828, 2.70125, 2.56022, 22.98128
1728402091, 328107177, 0xDDDD, 3282, 27.43590, 1.22249, 25.18750, 24.00000, 25.31250, 24.12500, 1.33531, 0.03626, 2.50220, 1.18300, 3.06147, 3.19927, 0.00000, 3.05341, 3.00828, 2.70044, 2.55941, 22.80220
1728402091, 328207193, 0xDDDD, 3283, 27.83883, 1.22168, 25.12500, 24.00000, 25.31250, 24.18750, 1.33531, 0.04271, 2.50220, 1.17736, 3.02440, 3.20733, 0.00000, 3.05260, 3.00989, 2.70044, 2.56022, 22.80220
1728402091, 328307181, 0xDDDD, 3284, 27.83883, 1.22249, 25.12500, 24.06250, 25.31250, 24.18750, 1.33451, 0.04432, 2.50220, 1.19912, 3.07033, 3.19846, 0.00000, 3.04938, 3.00828, 2.70044, 2.55941, 22.62310
1728402091, 328407173, 0xDDDD, 3285, 27.83883, 1.22249, 25.12500, 24.06250, 25.37500, 24.18750, 1.33451, 0.04916, 2.50220, 1.19429, 3.03487, 3.18879, 0.00000, 3.04857, 3.00828, 2.69963, 2.55861, 22.98128
1728402091, 328507170, 0xDDDD, 3286, 27.83883, 1.22249, 25.12500, 24.00000, 25.37500, 24.18750, 1.33531, 0.03546, 2.50220, 1.19026, 3.07919, 3.20410, 0.00000, 3.05179, 3.00828, 2.69963, 2.57311, 22.98128
1728402091, 328607200, 0xDDDD, 3287, 27.83883, 1.22249, 25.12500, 24.00000, 25.37500, 24.18750, 1.33531, 0.03465, 2.50220, 1.18462, 3.03729, 3.19443, 0.00000, 3.05099, 3.00747, 2.69963, 2.63758, 22.98128
1728402092, 328707174, 0xDDDD, 3288, 27.43590, 1.22249, 25.12500, 24.00000, 25.37500, 24.18750, 1.33531, 0.03868, 2.50220, 1.17817, 3.03729, 3.20974, 0.00000, 3.05018, 3.00828, 2.70044, 2.56183, 22.98128
1728402092, 328807181, 0xDDDD, 3289, 27.43590, 1.22249, 25.12500, 24.00000, 25.37500, 24.18750, 1.33531, 0.04755, 2.50220, 1.19267, 3.08161, 3.19282, 0.00000, 3.04938, 3.00828, 2.70044, 2.55941, 22.98128
1728402092, 328907187, 0xDDDD, 3290, 27.83883, 1.22168, 25.12500, 24.00000, 25.37500, 24.18750, 1.33531, 0.03788, 2.50139, 1.18623, 3.03890, 3.20813, 0.00000, 3.05179, 3.00747, 2.70044, 2.56103, 22.98128
1728402092, 329007200, 0xDDDD, 3291, 27.83883, 1.22249, 25.12500, 24.00000, 25.37500, 24.18750, 1.33451, 0.04190, 2.50220, 1.18139, 3.00264, 3.20088, 0.00000, 3.05179, 3.00828, 2.69963, 2.55941, 22.98128
1728402092, 329107174, 0xDDDD, 3292, 27.83883, 1.22249, 25.12500, 24.00000, 25.37500, 24.18750, 1.33531, 0.04029, 2.50220, 1.17656, 3.04615, 3.19040, 0.00000, 3.05179, 3.00747, 2.70044, 2.57150, 22.98128
1728402092, 329207182, 0xDDDD, 3293, 27.43590, 1.22249, 25.12500, 24.06250, 25.37500, 24.18750, 1.33531, 0.03868, 2.50139, 1.19832, 3.00828, 3.20571, 0.00000, 3.04374, 3.00747, 2.70044, 2.55377, 22.98128
1728402092, 329307176, 0xDDDD, 3294, 27.83883, 1.22249, 25.12500, 24.06250, 25.31250, 24.18750, 1.33531, 0.03546, 2.50220, 1.19429, 3.05582, 3.19604, 0.00000, 3.05018, 3.00828, 2.70044, 2.55941, 22.80220
1728402092, 329407199, 0xDDDD, 3295, 27.83883, 1.22249, 25.12500, 24.06250, 25.31250, 24.18750, 1.33451, 0.03707, 2.50139, 1.19026, 3.05502, 3.18799, 0.00000, 3.05179, 3.00828, 2.70125, 2.56344, 22.80220
1728402092, 329507179, 0xDDDD, 3296, 27.83883, 1.22168, 25.12500, 24.06250, 25.31250, 24.18750, 1.33612, 0.03626, 2.50139, 1.18381, 3.01553, 3.19685, 0.00000, 3.05179, 3.00828, 2.69883, 2.56425, 23.51852
1728402092, 329607184, 0xDDDD, 3297, 27.43590, 1.22168, 25.12500, 24.06250, 25.37500, 24.18750, 1.33451, 0.04593, 2.50139, 1.17978, 3.05985, 3.21216, 0.00000, 3.04938, 3.00828, 2.69963, 2.55941, 22.80220
1728402093, 329707178, 0xDDDD, 3298, 27.43590, 1.22249, 25.12500, 24.00000, 25.37500, 24.18750, 1.33451, 0.04432, 2.50139, 1.19348, 3.01956, 3.20249, 0.00000, 3.05179, 3.00828, 2.69963, 2.56103, 22.98128
1728402093, 329807176, 0xDDDD, 3299, 27.43590, 1.22249, 25.12500, 24.00000, 25.37500, 24.18750, 1.33531, 0.04029, 2.50220, 1.18703, 3.06227, 3.19282, 0.00000, 3.05099, 3.00747, 2.70125, 2.50623, 22.80220
1728402093, 329907181, 0xDDDD, 3300, 27.83883, 1.22249, 25.12500, 24.00000, 25.37500, 24.18750, 1.33531, 0.03465, 2.50220, 1.18300, 3.02198, 3.20894, 0.00000, 3.05099, 3.00747, 2.69963, 2.55861, 22.98128
1728402093, 330007178, 0xDDDD, 3301, 27.83883, 1.22249, 25.12500, 24.00000, 25.37500, 24.18750, 1.33531, 0.04110, 2.50220, 1.17575, 3.02359, 3.20007, 0.00000, 3.04938, 3.00828, 2.70125, 2.55941, 22.98128
1728402093, 330107177, 0xDDDD, 3302, 28.24175, 1.22249, 25.18750, 24.00000, 25.37500, 24.18750, 1.33612, 0.04271, 2.50220, 1.19590, 3.06469, 3.20652, 0.00000, 3.05018, 3.00828, 2.69963, 2.55941, 22.98128
1728402093, 330207170, 0xDDDD, 3303, 27.83883, 1.22249, 25.18750, 24.00000, 25.37500, 24.18750, 1.33370, 0.03707, 2.50139, 1.19106, 3.02359, 3.19604, 0.00000, 3.04615, 3.00828, 2.69883, 2.56103, 22.98128
1728402093, 330307178, 0xDDDD, 3304, 28.24175, 1.22168, 25.18750, 24.00000, 25.37500, 24.18750, 1.33531, 0.03546, 2.50139, 1.18542, 3.06791, 3.21055, 0.00000, 3.05018, 3.00828, 2.70044, 2.55941, 22.98128
1728402093, 330407187, 0xDDDD, 3305, 27.83883, 1.22249, 25.18750, 24.00000, 25.37500, 24.18750, 1.33531, 0.03626, 2.50220, 1.20073, 3.02923, 3.20168, 0.00000, 3.05179, 3.00828, 2.69963, 2.57553, 22.98128
1728402093, 330507166, 0xDDDD, 3306, 27.83883, 1.22249, 25.18750, 24.06250, 25.31250, 24.18750, 1.33531, 0.03707, 2.50139, 1.19348, 3.07758, 3.19121, 0.00000, 3.04777, 3.00747, 2.70044, 2.63194, 22.98128
1728402093, 330607176, 0xDDDD, 3307, 27.83883, 1.22249, 25.12500, 24.06250, 25.31250, 24.18750, 1.33531, 0.03385, 2.50220, 1.18784, 3.07758, 3.20652, 0.00000, 3.05179, 3.00747, 2.69963, 2.55780, 22.80220
1728402094, 330707185, 0xDDDD, 3308, 27.43590, 1.22249, 25.12500, 24.00000, 25.31250, 24.18750, 1.33531, 0.03707, 2.50220, 1.18300, 3.03568, 3.18799, 0.00000, 3.05099, 3.00828, 2.70044, 2.56183, 22.98128
1728402094, 330807188, 0xDDDD, 3309, 27.43590, 1.22249, 25.12500, 24.00000, 25.37500, 24.18750, 1.33451, 0.04513, 2.50139, 1.17736, 3.08242, 3.20330, 0.00000, 3.05018, 3.00747, 2.70044, 2.55780, 22.80220
1728402094, 330907172, 0xDDDD, 3310, 27.83883, 1.22249, 25.12500, 24.00000, 25.37500, 24.25000, 1.35223, 0.03385, 2.50059, 1.19670, 3.03971, 3.19443, 0.00000, 3.05099, 3.00828, 2.69963, 2.56103, 22.98128
1728402094, 331007170, 0xDDDD, 3311, 27.83883, 1.22249, 25.12500, 24.00000, 25.37500, 24.25000, 1.33531, 0.03949, 2.50220, 1.19348, 3.08403, 3.21055, 0.00000, 3.05099, 3.00828, 2.70044, 2.56586, 22.80220
1728402094, 331107185, 0xDDDD, 3312, 27.43590, 1.22249, 25.12500, 24.00000, 25.37500, 24.18750, 1.33451, 0.03949, 2.50220, 1.18945, 3.04454, 3.20007, 0.00000, 3.05018, 3.00747, 2.70044, 2.56022, 22.98128
1728402094, 331207177, 0xDDDD, 3313, 27.83883, 1.22168, 25.12500, 24.06250, 25.37500, 24.18750, 1.33531, 0.03223, 2.50059, 1.17736, 3.04696, 3.18960, 0.00000, 3.05179, 3.00828, 2.70044, 2.56183, 22.98128
1728402094, 331307178, 0xDDDD, 3314, 27.83883, 1.22249, 25.18750, 24.06250, 25.37500, 24.18750, 1.33531, 0.05722, 2.50220, 1.19751, 3.00586, 3.20410, 0.00000, 3.05018, 3.00828, 2.70125, 2.56103, 22.98128
1728402094, 331407184, 0xDDDD, 3315, 27.83883, 1.22249, 25.18750, 24.00000, 25.37500, 24.18750, 1.33612, 0.04190, 2.50220, 1.19267, 3.04938, 3.21136, 0.00000, 3.05179, 3.00828, 2.70044, 2.56022, 22.26494
1728402094, 331507183, 0xDDDD, 3316, 27.83883, 1.22249, 25.18750, 24.00000, 25.37500, 24.18750, 1.33531, 0.03788, 2.50220, 1.18623, 3.00989, 3.20088, 0.00000, 3.05179, 3.00747, 2.70044, 2.56264, 22.98128
1728402094, 331607163, 0xDDDD, 3317, 27.83883, 1.22249, 25.12500, 24.00000, 25.37500, 24.18750, 1.33531, 0.03626, 2.50220, 1.18059, 3.05018, 3.19040, 0.00000, 3.05179, 3.00828, 2.70044, 2.56344, 22.80220
1728402095, 331707210, 0xDDDD, 3318, 27.83883, 1.22249, 25.12500, 24.00000, 25.37500, 24.18750, 1.33451, 0.04271, 2.50220, 1.20073, 3.00667, 3.20733, 0.00000, 3.05018, 3.00828, 2.70044, 2.50623, 22.98128
1728402095, 331807179, 0xDDDD, 3319, 27.83883, 1.22249, 25.12500, 24.00000, 25.37500, 24.18750, 1.33451, 0.04190, 2.50220, 1.19267, 3.04777, 3.19685, 0.00000, 3.04938, 3.00828, 2.70125, 2.56103, 22.98128
1728402095, 331907166, 0xDDDD, 3320, 27.83883, 1.22168, 25.12500, 24.00000, 25.37500, 24.18750, 1.33531, 0.03626, 2.50139, 1.18381, 3.04374, 3.21136, 0.00000, 3.04696, 3.00747, 2.69963, 2.56586, 22.98128
1728402095, 332007178, 0xDDDD, 3321, 27.83883, 1.22249, 25.12500, 24.00000, 25.37500, 24.18750, 1.33531, 0.03626, 2.50220, 1.19509, 3.08161, 3.19282, 0.00000, 3.05099, 3.00828, 2.70044, 2.56183, 22.80220
1728402095, 332107183, 0xDDDD, 3322, 27.83883, 1.22249, 25.18750, 24.06250, 25.37500, 24.18750, 1.33531, 0.04190, 2.50220, 1.18623, 3.04212, 3.20733, 0.00000, 3.04535, 3.00828, 2.69963, 2.56183, 22.80220
1728402095, 332207181, 0xDDDD, 3323, 27.83883, 1.22249, 25.18750, 24.06250, 25.37500, 24.18750, 1.33531, 0.03707, 2.50220, 1.17817, 3.02762, 3.19766, 0.00000, 3.05260, 3.00747, 2.70125, 2.56022, 22.98128
1728402095, 332307173, 0xDDDD, 3324, 27.83883, 1.22249, 25.18750, 24.06250, 25.37500, 24.18750, 1.33531, 0.03707, 2.50220, 1.19670, 3.04132, 3.21216, 0.00000, 3.05099, 3.00828, 2.69883, 2.56505, 22.98128
1728402095, 332407167, 0xDDDD, 3325, 28.24175, 1.22249, 25.18750, 24.06250, 25.37500, 24.18750, 1.33531, 0.03626, 2.50220, 1.18864, 3.00344, 3.20168, 0.00000, 3.05099, 3.00747, 2.70125, 2.56586, 22.98128
1728402095, 332507181, 0xDDDD, 3326, 27.83883, 1.22249, 25.18750, 24.06250, 25.37500, 24.18750, 1.33531, 0.03626, 2.50139, 1.18059, 3.00425, 3.19282, 0.00000, 3.05260, 3.00828, 2.69883, 2.55861, 22.98128
1728402095, 332607184, 0xDDDD, 3327, 27.83883, 1.22249, 25.12500, 24.00000, 25.37500, 24.18750, 1.33531, 0.04513, 2.50220, 1.20073, 3.04293, 3.19927, 0.00081, 3.05179, 3.00828, 2.70044, 2.55941, 22.98128
1728402096, 332707172, 0xDDDD, 3328, 27.83883, 1.22249, 25.12500, 24.00000, 25.37500, 24.18750, 1.34418, 0.03626, 2.50139, 1.19026, 3.03568, 3.18879, 0.00000, 3.05018, 3.00747, 2.70044, 2.56183, 22.98128
1728402096, 332807188, 0xDDDD, 3329, 28.64468, 1.22168, 25.18750, 24.00000, 25.37500, 24.18750, 1.33451, 0.03949, 2.50220, 1.17414, 3.04374, 3.20330, 0.00000, 3.05179, 3.00747, 2.69963, 2.56183, 22.80220
1728402096, 332907179, 0xDDDD, 3330, 27.43590, 1.22249, 25.18750, 24.00000, 25.37500, 24.18750, 1.33531, 0.03788, 2.50220, 1.19187, 3.00586, 3.19443, 0.00000, 3.05099, 3.00828, 2.69883, 2.55297, 22.80220
1728402096, 333007174, 0xDDDD, 3331, 27.83883, 1.22168, 25.18750, 24.00000, 25.37500, 24.18750, 1.33531, 0.04271, 2.50220, 1.18300, 3.04938, 3.20974, 0.00000, 3.04857, 3.00828, 2.70044, 2.53363, 22.80220
1728402096, 333107170, 0xDDDD, 3332, 27.83883, 1.22249, 25.18750, 24.00000, 25.37500, 24.18750, 1.33531, 0.03465, 2.50220, 1.17575, 3.05099, 3.20007, 0.00000, 3.05179, 3.00828, 2.69963, 2.55941, 22.80220
1728402096, 333207167, 0xDDDD, 3333, 27.83883, 1.22249, 25.18750, 24.00000, 25.37500, 24.18750, 1.33531, 0.03788, 2.50220, 1.19348, 3.01231, 3.19121, 0.00000, 3.05018, 3.00828, 2.70044, 2.56264, 22.98128
1728402096, 333307197, 0xDDDD, 3334, 27.83883, 1.22249, 25.12500, 24.00000, 25.37500, 24.18750, 1.33370, 0.03546, 2.50220, 1.18462, 3.05421, 3.19846, 0.00000, 3.05099, 3.00747, 2.70125, 2.56264, 22.80220
1728402096, 333407174, 0xDDDD, 3335, 27.43590, 1.22249, 25.12500, 24.00000, 25.37500, 24.18750, 1.33531, 0.04271, 2.50220, 1.17656, 3.01392, 3.21216, 0.00000, 3.04938, 3.00828, 2.70125, 2.55861, 22.80220
1728402096, 333507166, 0xDDDD, 3336, 28.24175, 1.22249, 25.18750, 24.00000, 25.37500, 24.18750, 1.33531, 0.03465, 2.50220, 1.18623, 3.05905, 3.20168, 0.00000, 3.05260, 3.00747, 2.69963, 2.53201, 22.98128
1728402096, 333607187, 0xDDDD, 3337, 28.24175, 1.22249, 25.18750, 24.06250, 25.37500, 24.18750, 1.33531, 0.04029, 2.50220, 1.17736, 3.01875, 3.19040, 0.00000, 3.04857, 3.00747, 2.70044, 2.57231, 22.98128
1728402097, 333707185, 0xDDDD, 3338, 27.83883, 1.22249, 25.18750, 24.06250, 25.37500, 24.18750, 1.33531, 0.04029, 2.50220, 1.19670, 3.05985, 3.20571, 0.00000, 3.05018, 3.00828, 2.70044, 2.56264, 22.98128
1728402097, 333807175, 0xDDDD, 3339, 27.83883, 1.22249, 25.18750, 24.06250, 25.37500, 24.18750, 1.33612, 0.03546, 2.50220, 1.18945, 3.06227, 3.19685, 0.00000, 3.05099, 3.00989, 2.70044, 2.55780, 22.80220
1728402097, 333907174, 0xDDDD, 3340, 27.83883, 1.22249, 25.18750, 24.06250, 25.31250, 24.18750, 1.33451, 0.05077, 2.50139, 1.18300, 3.01795, 3.20330, 0.00000, 3.04535, 3.00747, 2.69963, 2.55538, 22.80220
1728402097, 334007174, 0xDDDD, 3341, 27.83883, 1.22249, 25.18750, 24.06250, 25.31250, 24.18750, 1.33451, 0.04432, 2.50220, 1.17495, 3.05824, 3.19201, 0.00000, 3.05341, 3.00828, 2.69963, 2.55780, 22.80220
1728402097, 334107187, 0xDDDD, 3342, 27.83883, 1.22249, 25.18750, 24.06250, 25.37500, 24.18750, 1.33531, 0.03868, 2.50220, 1.19429, 3.01795, 3.20571, 0.00000, 3.05099, 3.00828, 2.70125, 2.56103, 22.80220
1728402097, 334207182, 0xDDDD, 3343, 27.83883, 1.22249, 25.18750, 24.06250, 25.37500, 24.25000, 1.33531, 0.03546, 2.50220, 1.18703, 3.06227, 3.19604, 0.00000, 3.05099, 3.00828, 2.70125, 2.56667, 22.80220
1728402097, 334307170, 0xDDDD, 3344, 27.83883, 1.22249, 25.18750, 24.00000, 25.37500, 24.25000, 1.33612, 0.03707, 2.50220, 1.19590, 3.01875, 3.20974, 0.00081, 3.04615, 3.00828, 2.69963, 2.51509, 22.80220
1728402097, 334407174, 0xDDDD, 3345, 27.43590, 1.22249, 25.18750, 24.00000, 25.37500, 24.25000, 1.33531, 0.03949, 2.50139, 1.18703, 3.01634, 3.19927, 0.00000, 3.05099, 3.00828, 2.70044, 2.56103, 22.98128
1728402097, 334507176, 0xDDDD, 3346, 27.83883, 1.22410, 25.12500, 24.00000, 25.37500, 24.25000, 1.33451, 0.04835, 2.50059, 1.17978, 3.03648, 3.20491, 0.00000, 3.05018, 3.00747, 2.69963, 2.56505, 22.98128
1728402097, 334607181, 0xDDDD, 3347, 27.43590, 1.22249, 25.12500, 24.06250, 25.37500, 24.25000, 1.33451, 0.03626, 2.50220, 1.19751, 3.06711, 3.19524, 0.00000, 3.04777, 3.00828, 2.69963, 2.56022, 22.80220
1728402098, 334707180, 0xDDDD, 3348, 27.83883, 1.22249, 25.18750, 24.06250, 25.37500, 24.25000, 1.33531, 0.04190, 2.50220, 1.18864, 3.02520, 3.20974, 0.00000, 3.05099, 3.00747, 2.70044, 2.56022, 22.80220
1728402098, 334807164, 0xDDDD, 3349, 27.83883, 1.22249, 25.18750, 24.06250, 25.37500, 24.25000, 1.33531, 0.04352, 2.50220, 1.17978, 3.06630, 3.19927, 0.00000, 3.04857, 3.00828, 2.70044, 2.50300, 22.98128
1728402098, 334907202, 0xDDDD, 3350, 27.83883, 1.22249, 25.18750, 24.06250, 25.37500, 24.25000, 1.33531, 0.03788, 2.50220, 1.19670, 3.02601, 3.18799, 0.00000, 3.05099, 3.00828, 2.70044, 2.65451, 22.80220
1728402098, 335007180, 0xDDDD, 3351, 27.43590, 1.22249, 25.18750, 24.06250, 25.37500, 24.18750, 1.33531, 0.03707, 2.50139, 1.18864, 3.02359, 3.20249, 0.00000, 3.05179, 3.00828, 2.70125, 2.56103, 22.98128
1728402098, 335107184, 0xDDDD, 3352, 27.83883, 1.22249, 25.18750, 24.06250, 25.37500, 24.18750, 1.33531, 0.04996, 2.50139, 1.19751, 3.06388, 3.20974, 0.00000, 3.05099, 3.00828, 2.70044, 2.56183, 22.80220
1728402098, 335207185, 0xDDDD, 3353, 27.83883, 1.22249, 25.18750, 24.06250, 25.37500, 24.25000, 1.33612, 0.03143, 2.50139, 1.18945, 3.01956, 3.19846, 0.00000, 3.05260, 3.00828, 2.70044, 2.56344, 22.80220
1728402098, 335307201, 0xDDDD, 3354, 27.83883, 1.22249, 25.18750, 24.06250, 25.37500, 24.25000, 1.33531, 0.03626, 2.50220, 1.17978, 3.05985, 3.19282, 0.00000, 3.05018, 3.00747, 2.70044, 2.56425, 22.80220
1728402098, 335407174, 0xDDDD, 3355, 27.83883, 1.22249, 25.18750, 24.06250, 25.37500, 24.18750, 1.33531, 0.03546, 2.50139, 1.19590, 3.01875, 3.20168, 0.00000, 3.05099, 3.00747, 2.70125, 2.55055, 22.80220
1728402098, 335507185, 0xDDDD, 3356, 27.83883, 1.22249, 25.18750, 24.06250, 25.37500, 24.18750, 1.33531, 0.03707, 2.50220, 1.18784, 3.05663, 3.19040, 0.00000, 3.05260, 3.00828, 2.69963, 2.56505, 22.98128
1728402098, 335607181, 0xDDDD, 3357, 27.43590, 1.22249, 25.18750, 24.06250, 25.37500, 24.18750, 1.33531, 0.03949, 2.50220, 1.17817, 3.01231, 3.20330, 0.00000, 3.05260, 3.00828, 2.69963, 2.56183, 22.80220
1728402099, 335707170, 0xDDDD, 3358, 27.83883, 1.22249, 25.18750, 24.06250, 25.37500, 24.18750, 1.33531, 0.04271, 2.50220, 1.19509, 3.00908, 3.19282, 0.00000, 3.05018, 3.00828, 2.70044, 2.55861, 22.80220
1728402099, 335807184, 0xDDDD, 3359, 28.24175, 1.22249, 25.18750, 24.06250, 25.43750, 24.18750, 1.33531, 0.05077, 2.50220, 1.18462, 3.04615, 3.20007, 0.00000, 3.05018, 3.00828, 2.69963, 2.56022, 23.51852
1728402099, 335907185, 0xDDDD, 3360, 27.83883, 1.22249, 25.12500, 24.06250, 25.43750, 24.25000, 1.33531, 0.04271, 2.50220, 1.19429, 3.00425, 3.18799, 0.00000, 3.04615, 3.00828, 2.70044, 2.55861, 22.98128
1728402099, 336007172, 0xDDDD, 3361, 27.83883, 1.22249, 25.12500, 24.00000, 25.37500, 24.25000, 1.33531, 0.04110, 2.50139, 1.18462, 3.04454, 3.20330, 0.00000, 3.05260, 3.00667, 2.70044, 2.55941, 22.98128
1728402099, 336107176, 0xDDDD, 3362, 27.83883, 1.22249, 25.12500, 24.00000, 25.37500, 24.25000, 1.33451, 0.03546, 2.50220, 1.17414, 3.08322, 3.19282, 0.00000, 3.05099, 3.00747, 2.70125, 2.58117, 22.98128
1728402099, 336207180, 0xDDDD, 3363, 27.83883, 1.22249, 25.18750, 24.00000, 25.37500, 24.18750, 1.33531, 0.04271, 2.50220, 1.19026, 3.03971, 3.20733, 0.00000, 3.05260, 3.00908, 2.70044, 2.58359, 22.80220
1728402099, 336307179, 0xDDDD, 3364, 27.83883, 1.22249, 25.18750, 24.00000, 25.37500, 24.18750, 1.33531, 0.04110, 2.50220, 1.18059, 3.03648, 3.19604, 0.00000, 3.05179, 3.00828, 2.70044, 2.55861, 22.80220
1728402099, 336407180, 0xDDDD, 3365, 27.83883, 1.22249, 25.12500, 24.00000, 25.37500, 24.25000, 1.33531, 0.03949, 2.50139, 1.19832, 3.07758, 3.20249, 0.00000, 3.05018, 3.00828, 2.69883, 2.56183, 22.80220
1728402099, 336507175, 0xDDDD, 3366, 27.83883, 1.22168, 25.12500, 24.00000, 25.37500, 24.25000, 1.33612, 0.03949, 2.50139, 1.18703, 3.03245, 3.19282, 0.00000, 3.05179, 3.00747, 2.70125, 2.56183, 22.80220
1728402099, 336607174, 0xDDDD, 3367, 28.24175, 1.22168, 25.12500, 24.00000, 25.37500, 24.18750, 1.33934, 0.03626, 2.50220, 1.17736, 3.07033, 3.20491, 0.00000, 3.04857, 3.00747, 2.70125, 2.56264, 22.98128
1728402100, 336707175, 0xDDDD, 3368, 27.83883, 1.22168, 25.12500, 24.00000, 25.37500, 24.18750, 1.33531, 0.03626, 2.50220, 1.18623, 3.02923, 3.19766, 0.00081, 3.05179, 3.00828, 2.69963, 2.47077, 22.98128
1728402100, 336807170, 0xDDDD, 3369, 28.24175, 1.22249, 25.12500, 24.00000, 25.37500, 24.18750, 1.33612, 0.03707, 2.50220, 1.17656, 3.06952, 3.21055, 0.00000, 3.04857, 3.00828, 2.70044, 2.57231, 22.80220
1728402100, 336907174, 0xDDDD, 3370, 27.83883, 1.22249, 25.18750, 24.00000, 25.37500, 24.18750, 1.33531, 0.04432, 2.50220, 1.19348, 3.06469, 3.20088, 0.00081, 3.05260, 3.00828, 2.70044, 2.56264, 22.80220
1728402100, 337007185, 0xDDDD, 3371, 27.43590, 1.22168, 25.18750, 24.00000, 25.43750, 24.18750, 1.33531, 0.05319, 2.50220, 1.18381, 3.02037, 3.20733, 0.00000, 3.05260, 3.00828, 2.70125, 2.56505, 22.98128
1728402100, 337107186, 0xDDDD, 3372, 27.83883, 1.22249, 25.18750, 24.00000, 25.43750, 24.18750, 1.33531, 0.03868, 2.50220, 1.17414, 3.05824, 3.19604, 0.00000, 3.04938, 3.00828, 2.70044, 2.56103, 22.80220
1728402100, 337207177, 0xDDDD, 3373, 27.83883, 1.22249, 25.12500, 24.00000, 25.37500, 24.18750, 1.33289, 0.04190, 2.50220, 1.19106, 3.01070, 3.21055, 0.00000, 3.04938, 3.00828, 2.69963, 2.56103, 22.98128
1728402100, 337307175, 0xDDDD, 3374, 28.24175, 1.22249, 25.12500, 24.00000, 25.37500, 24.18750, 1.33451, 0.03465, 2.50220, 1.18139, 3.04615, 3.20088, 0.00000, 3.05260, 3.00828, 2.70044, 2.55619, 22.98128
1728402100, 337407189, 0xDDDD, 3375, 27.83883, 1.22168, 25.18750, 24.00000, 25.37500, 24.18750, 1.33531, 0.03949, 2.50220, 1.19670, 3.00264, 3.18960, 0.00000, 3.05018, 3.00828, 2.70125, 2.59729, 22.98128
1728402100, 337507170, 0xDDDD, 3376, 27.83883, 1.22249, 25.18750, 24.00000, 25.43750, 24.18750, 1.33531, 0.04271, 2.50300, 1.17897, 3.04293, 3.20410, 0.00000, 3.05018, 3.00828, 2.70044, 2.56103, 22.80220
1728402100, 337607181, 0xDDDD, 3377, 27.83883, 1.22249, 25.12500, 24.00000, 25.43750, 24.18750, 1.33531, 0.01853, 2.50220, 1.19429, 3.03568, 3.19282, 0.00000, 3.05179, 3.00828, 2.70125, 2.56264, 22.98128
1728402101, 337707171, 0xDDDD, 3378, 27.83883, 1.22249, 25.12500, 24.06250, 25.37500, 24.18750, 1.33612, 0.04755, 2.50139, 1.18300, 3.07355, 3.20088, 0.00000, 3.05179, 3.00828, 2.70044, 2.56103, 22.26494
1728402101, 337807188, 0xDDDD, 3379, 27.83883, 1.22249, 25.12500, 24.06250, 25.37500, 24.18750, 1.33531, 0.03546, 2.50220, 1.19751, 3.02842, 3.18960, 0.00000, 3.05099, 3.00828, 2.69963, 2.56264, 22.98128
1728402101, 337907165, 0xDDDD, 3380, 28.24175, 1.22249, 25.18750, 24.06250, 25.37500, 24.18750, 1.33451, 0.03626, 2.50220, 1.18703, 3.06791, 3.20410, 0.00000, 3.05179, 3.00828, 2.70044, 2.56022, 22.98128
1728402101, 338007193, 0xDDDD, 3381, 27.83883, 1.22249, 25.18750, 24.06250, 25.43750, 24.18750, 1.33531, 0.03788, 2.50220, 1.17817, 3.01956, 3.19363, 0.00000, 3.05099, 3.00828, 2.70125, 2.60777, 22.80220
1728402101, 338107175, 0xDDDD, 3382, 27.83883, 1.22249, 25.18750, 24.06250, 25.43750, 24.18750, 1.33612, 0.03546, 2.50220, 1.19348, 3.05985, 3.20733, 0.00000, 3.04857, 3.00828, 2.70125, 2.55780, 22.98128
1728402101, 338207166, 0xDDDD, 3383, 27.83883, 1.22249, 25.18750, 24.00000, 25.37500, 24.18750, 1.33531, 0.04190, 2.50059, 1.17575, 3.05341, 3.19685, 0.00000, 3.05179, 3.00828, 2.70044, 2.56103, 22.80220
1728402101, 338307180, 0xDDDD, 3384, 27.83883, 1.22249, 25.18750, 24.00000, 25.37500, 24.18750, 1.33612, 0.03546, 2.50220, 1.19106, 3.00989, 3.20330, 0.00000, 3.05099, 3.00828, 2.70125, 2.56425, 22.62310
1728402101, 338407182, 0xDDDD, 3385, 28.24175, 1.22249, 25.18750, 24.00000, 25.37500, 24.18750, 1.33612, 0.03546, 2.50220, 1.18059, 3.05099, 3.19282, 0.00000, 3.05099, 3.00828, 2.70044, 2.56183, 22.80220
1728402101, 338507174, 0xDDDD, 3386, 27.83883, 1.22249, 25.18750, 24.00000, 25.37500, 24.18750, 1.33612, 0.04271, 2.50139, 1.19590, 3.00747, 3.20652, 0.00000, 3.05099, 3.00908, 2.69963, 2.56103, 22.80220
1728402101, 338607172, 0xDDDD, 3387, 27.83883, 1.22249, 25.18750, 24.00000, 25.37500, 24.25000, 1.33531, 0.03707, 2.50220, 1.18542, 3.04293, 3.19685, 0.00000, 3.04696, 3.00828, 2.69963, 2.65853, 22.80220
1728402102, 338707170, 0xDDDD, 3388, 27.83883, 1.22249, 25.18750, 24.06250, 25.37500, 24.25000, 1.33451, 0.04190, 2.50220, 1.17414, 3.08161, 3.21136, 0.00000, 3.05179, 3.00747, 2.70044, 2.56667, 22.98128
1728402102, 338807184, 0xDDDD, 3389, 27.83883, 1.22249, 25.18750, 24.06250, 25.37500, 24.18750, 1.33531, 0.03707, 2.50139, 1.18945, 3.07436, 3.20007, 0.00000, 3.05179, 3.00828, 2.70044, 2.56022, 22.98128
1728402102, 338907185, 0xDDDD, 3390, 28.24175, 1.22249, 25.18750, 24.06250, 25.37500, 24.18750, 1.33531, 0.04190, 2.50139, 1.17897, 3.03004, 3.20652, 0.00081, 3.04938, 3.00828, 2.70044, 2.55861, 22.80220
1728402102, 339007174, 0xDDDD, 3391, 27.83883, 1.22168, 25.18750, 24.06250, 25.37500, 24.18750, 1.33451, 0.04352, 2.50139, 1.19509, 3.06630, 3.19685, 0.00000, 3.05018, 3.00828, 2.70044, 2.55780, 22.98128
1728402102, 339107179, 0xDDDD, 3392, 27.43590, 1.22249, 25.18750, 24.06250, 25.37500, 24.18750, 1.33531, 0.04110, 2.50220, 1.17656, 3.01875, 3.20974, 0.00000, 3.05179, 3.00747, 2.70125, 2.56264, 22.98128
1728402102, 339207185, 0xDDDD, 3393, 27.83883, 1.22249, 25.18750, 24.00000, 25.37500, 24.18750, 1.33612, 0.04271, 2.50220, 1.19348, 3.05421, 3.19927, 0.00000, 3.05099, 3.00828, 2.69963, 2.52879, 22.80220
1728402102, 339307174, 0xDDDD, 3394, 27.43590, 1.22249, 25.18750, 24.00000, 25.37500, 24.25000, 1.33612, 0.03385, 2.50220, 1.18462, 3.00828, 3.18799, 0.00000, 3.05099, 3.00828, 2.69963, 2.55619, 22.98128
1728402102, 339407171, 0xDDDD, 3395, 27.83883, 1.22249, 25.18750, 24.06250, 25.37500, 24.25000, 1.33451, 0.03949, 2.50220, 1.17575, 3.08403, 3.20330, 0.00000, 3.04777, 3.00828, 2.70044, 2.56103, 22.80220
1728402102, 339507171, 0xDDDD, 3396, 27.83883, 1.22249, 25.18750, 24.06250, 25.37500, 24.18750, 1.33531, 0.03465, 2.50220, 1.19348, 3.03729, 3.19282, 0.00000, 3.05099, 3.00828, 2.69963, 2.56183, 22.98128
1728402102, 339607184, 0xDDDD, 3397, 27.43590, 1.22249, 25.18750, 24.06250, 25.37500, 24.18750, 1.33451, 0.03546, 2.50139, 1.18220, 3.07355, 3.20088, 0.00000, 3.04938, 3.00828, 2.70044, 2.55941, 22.80220
1728402103, 339707179, 0xDDDD, 3398, 27.83883, 1.22249, 25.18750, 24.06250, 25.37500, 24.18750, 1.33451, 0.03626, 2.50139, 1.19832, 3.02842, 3.18960, 0.00000, 3.05179, 3.00828, 2.70044, 2.55780, 22.98128
1728402103, 339807170, 0xDDDD, 3399, 28.24175, 1.22249, 25.18750, 24.06250, 25.37500, 24.18750, 1.33612, 0.03788, 2.50220, 1.18139, 3.06388, 3.20571, 0.00000, 3.05099, 3.00747, 2.69963, 2.54007, 22.98128
1728402103, 339907189, 0xDDDD, 3400, 28.24175, 1.22249, 25.18750, 24.06250, 25.37500, 24.18750, 1.33612, 0.03385, 2.50220, 1.19832, 3.01473, 3.19443, 0.00000, 3.05099, 3.00828, 2.70125, 2.49736, 22.98128
1728402103, 340007167, 0xDDDD, 3401, 27.83883, 1.22168, 25.18750, 24.06250, 25.37500, 24.25000, 1.33531, 0.03868, 2.50220, 1.18784, 3.05099, 3.21055, 0.00000, 3.05018, 3.00828, 2.70125, 2.56103, 22.80220
1728402103, 340107174, 0xDDDD, 3402, 27.83883, 1.22249, 25.12500, 24.06250, 25.43750, 24.25000, 1.33531, 0.04996, 2.50220, 1.17897, 3.04051, 3.20088, 0.00000, 3.05018, 3.00828, 2.70044, 2.56183, 22.98128
1728402103, 340207180, 0xDDDD, 3403, 27.83883, 1.22249, 25.12500, 24.06250, 25.43750, 24.25000, 1.33531, 0.04271, 2.50139, 1.19509, 3.08000, 3.20733, 0.00000, 3.05099, 3.00828, 2.70044, 2.56022, 22.98128
1728402103, 340307177, 0xDDDD, 3404, 27.43590, 1.22249, 25.12500, 24.06250, 25.43750, 24.18750, 1.33451, 0.03949, 2.50220, 1.18703, 3.03487, 3.19846, 0.00000, 3.04777, 3.00828, 2.70044, 2.55941, 22.98128
1728402103, 340407201, 0xDDDD, 3405, 27.83883, 1.22249, 25.12500, 24.06250, 25.37500, 24.18750, 1.33531, 0.03546, 2.50139, 1.17736, 3.07114, 3.18799, 0.00000, 3.05179, 3.00747, 2.69963, 2.56264, 22.98128
1728402103, 340507183, 0xDDDD, 3406, 27.83883, 1.22249, 25.18750, 24.06250, 25.37500, 24.25000, 1.33531, 0.03868, 2.50220, 1.19590, 3.02117, 3.20330, 0.00000, 3.05260, 3.00828, 2.70044, 2.56989, 22.98128
1728402103, 340607176, 0xDDDD, 3407, 27.83883, 1.22249, 25.18750, 24.06250, 25.43750, 24.25000, 1.33612, 0.03546, 2.50220, 1.17897, 3.05905, 3.19282, 0.00000, 3.05099, 3.00828, 2.69963, 2.49253, 22.80220
1728402104, 340707166, 0xDDDD, 3408, 28.24175, 1.22249, 25.18750, 24.06250, 25.43750, 24.25000, 1.33531, 0.03707, 2.50220, 1.19670, 3.05099, 3.20733, 0.00081, 3.05179, 3.00828, 2.70125, 2.55861, 22.98128
1728402104, 340807178, 0xDDDD, 3409, 28.24175, 1.22249, 25.18750, 24.06250, 25.37500, 24.25000, 1.33531, 0.04029, 2.50139, 1.18703, 3.00667, 3.18879, 0.00081, 3.05099, 3.00747, 2.70125, 2.56022, 22.98128
1728402104, 340907188, 0xDDDD, 3410, 28.24175, 1.22168, 25.18750, 24.06250, 25.37500, 24.25000, 1.33451, 0.03868, 2.50139, 1.17817, 3.04535, 3.20410, 0.00000, 3.05341, 3.00747, 2.69963, 2.56183, 22.98128
1728402104, 341007181, 0xDDDD, 3411, 27.43590, 1.22249, 25.18750, 24.06250, 25.37500, 24.18750, 1.33531, 0.03546, 2.50220, 1.19348, 3.08403, 3.19282, 0.00000, 3.05179, 3.00828, 2.70044, 2.56264, 22.80220
1728402104, 341107163, 0xDDDD, 3412, 27.83883, 1.22249, 25.18750, 24.06250, 25.37500, 24.18750, 1.33451, 0.04352, 2.50220, 1.18220, 3.03648, 3.20813, 0.00000, 3.05179, 3.00828, 2.70044, 2.56103, 22.98128
1728402104, 341207198, 0xDDDD, 3413, 27.83883, 1.22249, 25.18750, 24.06250, 25.37500, 24.18750, 1.33451, 0.03868, 2.50220, 1.19670, 3.07275, 3.19766, 0.00000, 3.05260, 3.00828, 2.69963, 2.58601, 22.98128
1728402104, 341307182, 0xDDDD, 3414, 27.43590, 1.22249, 25.18750, 24.00000, 25.37500, 24.18750, 1.33531, 0.03707, 2.50139, 1.18945, 3.06711, 3.21055, 0.00000, 3.05179, 3.00828, 2.70044, 2.55941, 22.98128
1728402104, 341407190, 0xDDDD, 3415, 27.43590, 1.22249, 25.18750, 24.00000, 25.37500, 24.18750, 1.33531, 0.04593, 2.50220, 1.19832, 3.02278, 3.19282, 0.00000, 3.04777, 3.00828, 2.69963, 2.55700, 22.98128
1728402104, 341507173, 0xDDDD, 3416, 28.24175, 1.22249, 25.18750, 24.00000, 25.37500, 24.25000, 1.33451, 0.03465, 2.50220, 1.18703, 3.05985, 3.20733, 0.00000, 3.05179, 3.00828, 2.70044, 2.56344, 22.98128
1728402104, 341607177, 0xDDDD, 3417, 27.83883, 1.22249, 25.18750, 24.06250, 25.43750, 24.25000, 1.33451, 0.03546, 2.50220, 1.17495, 3.01311, 3.19766, 0.00000, 3.04938, 3.00828, 2.69963, 2.55941, 22.98128
1728402105, 341707174, 0xDDDD, 3418, 27.43590, 1.22249, 25.18750, 24.06250, 25.43750, 24.25000, 1.33531, 0.03788, 2.50139, 1.19106, 3.04696, 3.21055, 0.00000, 3.05099, 3.00828, 2.70044, 2.53443, 22.98128
1728402105, 341807192, 0xDDDD, 3419, 28.24175, 1.22168, 25.18750, 24.00000, 25.37500, 24.25000, 1.33531, 0.03707, 2.50220, 1.17897, 3.08564, 3.20007, 0.00000, 3.05018, 3.00828, 2.69963, 2.55458, 22.98128
1728402105, 341907176, 0xDDDD, 3420, 27.83883, 1.22249, 25.18750, 24.00000, 25.37500, 24.25000, 1.33451, 0.03546, 2.50220, 1.19590, 3.03890, 3.18879, 0.00000, 3.05099, 3.00828, 2.69963, 2.56022, 22.98128
1728402105, 342007170, 0xDDDD, 3421, 27.83883, 1.22249, 25.18750, 24.00000, 25.37500, 24.25000, 1.33531, 0.04110, 2.50220, 1.18462, 3.03245, 3.20168, 0.00000, 3.05179, 3.00828, 2.70044, 2.56344, 22.98128
1728402105, 342107184, 0xDDDD, 3422, 27.83883, 1.22249, 25.18750, 24.06250, 25.37500, 24.25000, 1.33612, 0.04432, 2.50059, 1.17333, 3.06872, 3.20813, 0.00000, 3.05099, 3.00828, 2.70044, 2.56103, 23.33944
1728402105, 342207177, 0xDDDD, 3423, 27.83883, 1.22168, 25.18750, 24.06250, 25.37500, 24.18750, 1.35223, 0.04110, 2.50220, 1.18139, 3.02278, 3.19604, 0.00000, 3.05179, 3.00747, 2.70044, 2.55780, 22.98128
1728402105, 342307179, 0xDDDD, 3424, 27.83883, 1.22249, 25.18750, 24.00000, 25.37500, 24.18750, 1.33531, 0.03546, 2.50220, 1.19751, 3.06147, 3.20894, 0.00000, 3.05018, 3.00828, 2.70125, 2.56264, 22.98128
1728402105, 342407183, 0xDDDD, 3425, 27.83883, 1.22249, 25.18750, 24.00000, 25.37500, 24.25000, 1.33531, 0.03707, 2.50220, 1.18623, 3.01473, 3.19846, 0.00000, 3.05179, 3.00828, 2.70044, 2.56828, 22.98128
1728402105, 342507164, 0xDDDD, 3426, 28.24175, 1.22249, 25.18750, 24.00000, 25.43750, 24.25000, 1.33531, 0.03304, 2.50139, 1.17495, 3.05099, 3.21136, 0.00000, 3.05018, 3.00747, 2.70044, 2.58117, 22.98128
1728402105, 342607179, 0xDDDD, 3427, 28.24175, 1.22249, 25.18750, 24.00000, 25.43750, 24.25000, 1.33531, 0.04432, 2.50220, 1.18945, 3.04212, 3.20007, 0.00000, 3.04857, 3.00828, 2.69963, 2.55861, 22.98128
1728402106, 342707187, 0xDDDD, 3428, 27.83883, 1.22249, 25.18750, 24.00000, 25.43750, 24.25000, 1.33531, 0.03788, 2.50139, 1.17817, 3.07919, 3.20652, 0.00000, 3.05018, 3.00828, 2.69963, 2.56183, 22.80220
1728402106, 342807182, 0xDDDD, 3429, 27.43590, 1.22168, 25.18750, 24.00000, 25.37500, 24.25000, 1.33531, 0.03546, 2.50139, 1.19267, 3.02762, 3.19443, 0.00000, 3.05179, 3.00747, 2.70044, 2.56103, 22.98128
1728402106, 342907166, 0xDDDD, 3430, 27.83883, 1.22249, 25.18750, 24.00000, 25.37500, 24.18750, 1.33370, 0.03949, 2.50381, 1.18059, 3.06549, 3.20894, 0.00000, 3.04938, 3.00828, 2.70044, 2.56103, 22.98128
1728402106, 343007170, 0xDDDD, 3431, 27.83883, 1.22249, 25.18750, 24.06250, 25.37500, 24.18750, 1.33451, 0.04352, 2.50220, 1.18864, 3.01714, 3.19846, 0.00000, 3.04938, 3.00828, 2.70044, 2.53443, 22.80220
1728402106, 343107178, 0xDDDD, 3432, 27.83883, 1.22249, 25.18750, 24.06250, 25.37500, 24.18750, 1.33531, 0.04271, 2.50220, 1.17817, 3.05099, 3.21136, 0.00000, 3.05179, 3.00747, 2.70044, 2.61179, 22.98128
1728402106, 343207168, 0xDDDD, 3433, 28.24175, 1.22249, 25.12500, 24.06250, 25.43750, 24.25000, 1.33531, 0.04513, 2.50139, 1.19348, 3.04132, 3.20088, 0.00000, 3.05018, 3.00828, 2.70044, 2.56425, 22.98128
1728402106, 343307186, 0xDDDD, 3434, 27.83883, 1.22168, 25.12500, 24.00000, 25.43750, 24.25000, 1.33531, 0.03949, 2.50220, 1.18139, 3.07839, 3.20571, 0.00000, 3.04938, 3.00747, 2.69963, 2.56103, 22.98128
1728402106, 343407187, 0xDDDD, 3435, 27.83883, 1.22249, 25.12500, 24.00000, 25.43750, 24.25000, 1.33531, 0.04110, 2.50220, 1.19590, 3.02923, 3.19363, 0.00000, 3.05099, 3.00828, 2.69883, 2.56183, 22.80220
1728402106, 343507185, 0xDDDD, 3436, 28.24175, 1.22168, 25.18750, 24.06250, 25.37500, 24.25000, 1.29260, 0.03788, 2.50220, 1.18462, 3.06549, 3.20733, 0.00000, 3.05099, 3.00828, 2.70125, 2.56344, 22.98128
1728402106, 343607174, 0xDDDD, 3437, 28.64468, 1.22249, 25.18750, 24.06250, 25.37500, 24.25000, 1.33451, 0.03788, 2.50220, 1.17495, 3.01795, 3.19604, 0.00000, 3.05179, 3.00747, 2.69963, 2.54571, 22.98128
1728402107, 343707190, 0xDDDD, 3438, 28.24175, 1.22249, 25.18750, 24.06250, 25.37500, 24.25000, 1.33531, 0.03788, 2.50220, 1.19106, 3.05421, 3.20813, 0.00000, 3.05099, 3.00828, 2.69963, 2.54168, 22.98128
1728402107, 343807171, 0xDDDD, 3439, 27.83883, 1.22249, 25.18750, 24.06250, 25.37500, 24.25000, 1.33531, 0.03385, 2.50220, 1.19912, 3.00425, 3.19846, 0.00000, 3.05099, 3.00828, 2.70044, 2.56022, 22.98128
1728402107, 343907182, 0xDDDD, 3440, 27.83883, 1.22249, 25.18750, 24.06250, 25.37500, 24.25000, 1.33531, 0.03465, 2.50220, 1.19026, 3.07597, 3.21055, 0.00000, 3.05099, 3.00828, 2.70044, 2.55941, 22.80220
1728402107, 344007171, 0xDDDD, 3441, 27.83883, 1.22249, 25.18750, 24.00000, 25.37500, 24.25000, 1.33451, 0.04110, 2.50220, 1.17817, 3.02601, 3.19201, 0.00000, 3.04857, 3.00828, 2.70044, 2.56103, 22.26494
1728402107, 344107172, 0xDDDD, 3442, 27.83883, 1.22249, 25.18750, 24.00000, 25.37500, 24.18750, 1.33531, 0.04271, 2.50220, 1.19267, 3.05824, 3.20491, 0.00000, 3.05018, 3.00828, 2.69963, 2.56022, 22.98128
1728402107, 344207168, 0xDDDD, 3443, 27.83883, 1.22249, 25.18750, 24.06250, 25.37500, 24.18750, 1.33451, 0.03949, 2.50139, 1.17978, 3.00586, 3.19282, 0.00000, 3.04857, 3.00747, 2.70044, 2.55861, 22.98128
1728402107, 344307195, 0xDDDD, 3444, 28.24175, 1.22249, 25.18750, 24.06250, 25.37500, 24.18750, 1.33612, 0.03385, 2.50220, 1.19509, 3.04132, 3.20652, 0.00000, 3.05018, 3.00828, 2.70044, 2.58762, 22.98128
1728402107, 344407173, 0xDDDD, 3445, 27.83883, 1.22249, 25.18750, 24.06250, 25.43750, 24.18750, 1.33612, 0.04110, 2.50220, 1.18300, 3.07355, 3.19443, 0.00000, 3.05179, 3.00828, 2.70044, 2.56264, 22.80220
1728402107, 344507171, 0xDDDD, 3446, 28.24175, 1.22168, 25.18750, 24.06250, 25.43750, 24.18750, 1.33612, 0.04110, 2.50059, 1.19026, 3.04454, 3.20571, 0.00000, 3.05018, 3.00747, 2.69802, 2.56344, 22.62310
1728402107, 344607181, 0xDDDD, 3447, 27.43590, 1.22168, 25.18750, 24.06250, 25.43750, 24.18750, 1.33531, 0.04835, 2.50220, 1.18059, 3.06711, 3.18718, 0.00000, 3.04938, 3.00828, 2.70044, 2.56103, 22.98128
1728402108, 344707185, 0xDDDD, 3448, 27.83883, 1.22249, 25.18750, 24.06250, 25.43750, 24.18750, 1.33531, 0.03788, 2.50220, 1.19590, 3.01311, 3.20168, 0.00000, 3.05099, 3.00828, 2.70044, 2.55861, 22.98128
1728402108, 344807174, 0xDDDD, 3449, 27.83883, 1.22249, 25.18750, 24.06250, 25.43750, 24.18750, 1.33531, 0.03385, 2.50139, 1.18300, 3.04293, 3.18960, 0.00000, 3.05018, 3.00828, 2.69963, 2.56183, 22.98128
1728402108, 344907176, 0xDDDD, 3450, 27.43590, 1.22249, 25.18750, 24.06250, 25.37500, 24.25000, 1.33612, 0.03707, 2.50220, 1.19751, 3.07355, 3.20249, 0.00000, 3.05099, 3.00828, 2.69883, 2.47319, 22.98128
1728402108, 345007171, 0xDDDD, 3451, 28.24175, 1.22249, 25.18750, 24.06250, 25.37500, 24.25000, 1.33531, 0.03465, 2.50220, 1.18703, 3.02278, 3.18879, 0.00000, 3.05099, 3.00828, 2.69963, 2.62872, 22.80220
1728402108, 345107186, 0xDDDD, 3452, 27.83883, 1.22249, 25.18750, 24.06250, 25.37500, 24.18750, 1.33531, 0.04271, 2.50139, 1.17575, 3.01070, 3.20330, 0.00000, 3.05099, 3.00828, 2.70044, 2.56183, 22.98128
1728402108, 345207184, 0xDDDD, 3453, 27.83883, 1.22249, 25.18750, 24.06250, 25.43750, 24.18750, 1.33531, 0.04674, 2.50139, 1.19106, 3.04374, 3.20813, 0.00000, 3.05099, 3.00828, 2.70044, 2.55619, 22.98128
1728402108, 345307174, 0xDDDD, 3454, 27.83883, 1.22249, 25.18750, 24.06250, 25.43750, 24.25000, 1.33531, 0.04271, 2.50139, 1.19832, 3.07355, 3.19524, 0.00000, 3.05099, 3.00908, 2.70044, 2.56022, 22.98128
1728402108, 345407174, 0xDDDD, 3455, 27.83883, 1.22249, 25.18750, 24.06250, 25.37500, 24.25000, 1.33531, 0.04029, 2.50220, 1.18784, 3.02359, 3.20894, 0.00000, 3.04938, 3.00747, 2.70044, 2.56103, 22.80220
1728402108, 345507168, 0xDDDD, 3456, 27.83883, 1.22249, 25.18750, 24.06250, 25.37500, 24.25000, 1.33531, 0.03707, 2.50300, 1.17656, 3.05502, 3.19604, 0.00000, 3.05260, 3.00828, 2.69963, 2.54652, 22.98128
1728402108, 345607175, 0xDDDD, 3457, 27.83883, 1.22168, 25.18750, 24.06250, 25.37500, 24.18750, 1.33531, 0.03546, 2.50220, 1.19267, 3.00586, 3.21055, 0.00000, 3.05179, 3.00747, 2.70044, 2.55458, 22.98128
1728402109, 345707178, 0xDDDD, 3458, 27.43590, 1.22249, 25.18750, 24.06250, 25.37500, 24.18750, 1.33531, 0.03707, 2.50220, 1.18139, 3.07758, 3.19846, 0.00000, 3.04777, 3.00828, 2.69963, 2.56022, 22.98128
1728402109, 345807177, 0xDDDD, 3459, 28.24175, 1.22249, 25.18750, 24.06250, 25.37500, 24.25000, 1.33451, 0.03546, 2.50220, 1.19590, 3.02520, 3.21216, 0.00000, 3.04938, 3.00828, 2.70044, 2.56103, 22.98128
1728402109, 345907183, 0xDDDD, 3460, 27.43590, 1.22249, 25.18750, 24.06250, 25.37500, 24.25000, 1.33531, 0.03546, 2.50220, 1.18300, 3.05905, 3.19040, 0.00000, 3.05179, 3.00828, 2.69963, 2.56264, 22.80220
1728402109, 346007184, 0xDDDD, 3461, 27.83883, 1.22249, 25.18750, 24.06250, 25.37500, 24.25000, 1.33612, 0.03626, 2.50220, 1.19590, 3.00747, 3.20330, 0.00000, 3.05099, 3.00828, 2.70125, 2.56183, 22.98128
1728402109, 346107174, 0xDDDD, 3462, 27.83883, 1.22168, 25.18750, 24.06250, 25.37500, 24.25000, 1.33451, 0.04271, 2.50220, 1.17575, 3.03729, 3.19201, 0.00000, 3.04857, 3.00828, 2.70044, 2.57311, 22.98128
1728402109, 346207191, 0xDDDD, 3463, 27.83883, 1.22249, 25.18750, 24.06250, 25.37500, 24.25000, 1.33531, 0.03546, 2.50220, 1.19026, 3.06952, 3.20330, 0.00000, 3.05179, 3.00747, 2.70125, 2.57473, 22.98128
1728402109, 346307171, 0xDDDD, 3464, 27.83883, 1.22249, 25.18750, 24.06250, 25.37500, 24.25000, 1.33451, 0.04190, 2.50139, 1.17656, 3.01634, 3.19121, 0.00000, 3.04938, 3.00828, 2.70044, 2.56505, 22.98128
1728402109, 346407174, 0xDDDD, 3465, 27.83883, 1.22249, 25.25000, 24.06250, 25.43750, 24.25000, 1.33531, 0.03304, 2.50220, 1.19026, 3.00344, 3.20571, 0.00000, 3.05018, 3.00747, 2.69963, 2.56103, 22.98128
1728402109, 346507178, 0xDDDD, 3466, 28.24175, 1.22168, 25.25000, 24.06250, 25.43750, 24.18750, 1.33531, 0.04835, 2.50220, 1.17817, 3.03568, 3.20894, 0.00000, 3.05099, 3.00828, 2.70044, 2.56264, 22.98128
1728402109, 346607182, 0xDDDD, 3467, 27.83883, 1.22249, 25.18750, 24.06250, 25.43750, 24.18750, 1.33451, 0.04352, 2.50139, 1.19187, 3.06630, 3.19927, 0.00000, 3.05179, 3.00828, 2.69963, 2.56103, 22.98128
1728402110, 346707173, 0xDDDD, 3468, 27.43590, 1.22249, 25.18750, 24.06250, 25.43750, 24.18750, 1.33531, 0.03949, 2.50139, 1.17978, 3.01311, 3.21216, 0.00000, 3.05099, 3.00747, 2.70044, 2.56022, 22.80220
1728402110, 346807182, 0xDDDD, 3469, 27.83883, 1.22249, 25.18750, 24.06250, 25.43750, 24.18750, 1.33531, 0.03788, 2.50139, 1.19267, 3.04454, 3.20007, 0.00000, 3.05099, 3.00747, 2.69883, 2.55458, 22.80220
1728402110, 346907184, 0xDDDD, 3470, 28.24175, 1.22249, 25.18750, 24.06250, 25.37500, 24.18750, 1.33531, 0.03465, 2.50220, 1.19751, 3.07678, 3.18879, 0.00000, 3.05018, 3.00828, 2.69963, 2.59407, 22.98128
1728402110, 347007165, 0xDDDD, 3471, 27.43590, 1.22249, 25.18750, 24.06250, 25.37500, 24.25000, 1.33531, 0.04190, 2.50220, 1.18542, 3.06227, 3.20168, 0.00000, 3.05099, 3.00747, 2.69963, 2.56022, 22.98128
1728402110, 347107178, 0xDDDD, 3472, 27.83883, 1.22249, 25.18750, 24.12500, 25.43750, 24.25000, 1.33612, 0.03546, 2.50220, 1.20073, 3.00747, 3.20571, 0.00000, 3.05179, 3.00747, 2.69963, 2.56022, 22.98128
1728402110, 347207192, 0xDDDD, 3473, 27.83883, 1.22249, 25.18750, 24.12500, 25.43750, 24.25000, 1.33451, 0.04593, 2.50220, 1.18623, 3.03810, 3.19443, 0.00000, 3.05260, 3.00828, 2.70125, 2.55780, 22.98128
1728402110, 347307183, 0xDDDD, 3474, 28.24175, 1.22249, 25.18750, 24.12500, 25.43750, 24.25000, 1.33531, 0.04029, 2.50220, 1.17495, 3.06711, 3.20733, 0.00000, 3.04777, 3.00828, 2.70044, 2.56264, 22.98128
1728402110, 347407172, 0xDDDD, 3475, 28.24175, 1.22249, 25.18750, 24.06250, 25.43750, 24.25000, 1.33531, 0.03546, 2.50220, 1.18703, 3.01311, 3.19604, 0.00000, 3.04938, 3.00747, 2.69963, 2.61099, 22.80220
1728402110, 347507181, 0xDDDD, 3476, 27.83883, 1.22168, 25.18750, 24.06250, 25.43750, 24.25000, 1.33451, 0.04029, 2.50220, 1.19026, 3.04535, 3.20974, 0.00000, 3.05179, 3.00828, 2.69963, 2.57473, 22.98128
1728402110, 347607183, 0xDDDD, 3477, 28.24175, 1.22249, 25.18750, 24.06250, 25.43750, 24.25000, 1.33451, 0.04432, 2.50139, 1.18623, 3.03084, 3.19766, 0.00000, 3.05179, 3.00828, 2.70044, 2.56183, 22.98128
1728402111, 347707176, 0xDDDD, 3478, 27.83883, 1.22249, 25.18750, 24.06250, 25.43750, 24.25000, 1.33531, 0.03868, 2.50220, 1.19267, 3.06227, 3.20088, 0.00081, 3.05260, 3.00747, 2.70044, 2.56103, 22.80220
1728402111, 347807179, 0xDDDD, 3479, 27.83883, 1.22249, 25.18750, 24.06250, 25.43750, 24.25000, 1.36271, 0.04029, 2.50059, 1.17978, 3.00908, 3.18879, 0.00000, 3.05018, 3.00828, 2.70044, 2.56022, 22.80220
1728402111, 347907178, 0xDDDD, 3480, 27.43590, 1.22168, 25.18750, 24.06250, 25.43750, 24.25000, 1.33451, 0.03707, 2.50139, 1.19348, 3.03971, 3.20088, 0.00000, 3.05341, 3.00747, 2.70125, 2.56264, 22.98128
1728402111, 348007163, 0xDDDD, 3481, 27.83883, 1.22249, 25.18750, 24.06250, 25.43750, 24.25000, 1.33531, 0.03949, 2.50220, 1.18139, 3.06952, 3.18960, 0.00000, 3.05179, 3.00828, 2.70044, 2.51267, 22.98128
1728402111, 348107188, 0xDDDD, 3482, 27.43590, 1.22249, 25.18750, 24.06250, 25.43750, 24.25000, 1.33451, 0.04432, 2.50220, 1.19429, 3.01634, 3.20168, 0.00000, 3.05018, 3.00828, 2.70044, 2.58037, 22.80220
1728402111, 348207183, 0xDDDD, 3483, 27.83883, 1.22249, 25.18750, 24.06250, 25.43750, 24.25000, 1.33531, 0.04432, 2.50220, 1.18059, 3.04615, 3.18879, 0.00000, 3.05099, 3.00828, 2.69963, 2.56344, 22.80220
1728402111, 348307176, 0xDDDD, 3484, 27.83883, 1.22249, 25.18750, 24.06250, 25.43750, 24.25000, 1.33451, 0.04513, 2.50220, 1.19509, 3.03407, 3.20007, 0.00000, 3.05018, 3.00828, 2.69963, 2.55780, 22.98128
1728402111, 348407184, 0xDDDD, 3485, 28.24175, 1.22249, 25.18750, 24.06250, 25.43750, 24.25000, 1.33531, 0.03626, 2.50220, 1.18139, 3.06388, 3.20571, 0.00000, 3.05099, 3.00828, 2.70044, 2.56264, 22.98128
1728402111, 348507169, 0xDDDD, 3486, 27.83883, 1.22168, 25.18750, 24.06250, 25.43750, 24.25000, 1.33531, 0.03465, 2.50139, 1.18623, 3.01231, 3.19363, 0.00000, 3.04938, 3.00828, 2.70044, 2.56183, 22.98128
1728402111, 348607182, 0xDDDD, 3487, 28.24175, 1.22249, 25.18750, 24.06250, 25.43750, 24.25000, 1.33531, 0.03707, 2.50220, 1.20234, 3.04132, 3.20652, 0.00000, 3.05018, 3.00828, 2.69963, 2.56183, 22.80220
1728402112, 348707177, 0xDDDD, 3488, 28.24175, 1.22249, 25.18750, 24.06250, 25.43750, 24.25000, 1.33612, 0.03626, 2.50220, 1.18623, 3.06952, 3.19363, 0.00000, 3.05099, 3.00828, 2.70044, 2.54652, 22.80220
1728402112, 348807163, 0xDDDD, 3489, 27.83883, 1.22249, 25.18750, 24.06250, 25.37500, 24.25000, 1.33531, 0.03385, 2.50220, 1.20154, 3.01553, 3.20652, 0.00000, 3.05099, 3.00747, 2.70366, 2.58278, 22.80220
1728402112, 348907167, 0xDDDD, 3490, 27.83883, 1.22249, 25.18750, 24.06250, 25.37500, 24.25000, 1.33531, 0.04029, 2.50220, 1.18462, 3.09209, 3.19443, 0.00000, 3.05179, 3.00828, 2.70044, 2.56183, 22.98128
1728402112, 349007186, 0xDDDD, 3491, 27.83883, 1.22168, 25.18750, 24.06250, 25.37500, 24.25000, 1.33531, 0.03626, 2.50220, 1.19670, 3.03407, 3.19927, 0.00000, 3.05099, 3.00828, 2.70125, 2.56183, 22.80220
1728402112, 349107187, 0xDDDD, 3492, 28.24175, 1.22168, 25.18750, 24.06250, 25.37500, 24.25000, 1.33531, 0.03626, 2.50139, 1.18139, 3.06872, 3.20491, 0.00000, 3.05179, 3.00747, 2.70044, 2.55941, 22.98128
1728402112, 349207169, 0xDDDD, 3493, 27.83883, 1.22249, 25.18750, 24.06250, 25.37500, 24.25000, 1.33451, 0.03949, 2.50220, 1.19429, 3.01553, 3.20007, 0.00000, 3.05179, 3.00747, 2.69963, 2.56425, 22.98128
1728402112, 349307171, 0xDDDD, 3494, 27.83883, 1.22249, 25.25000, 24.06250, 25.43750, 24.25000, 1.33451, 0.04029, 2.50220, 1.19751, 3.04293, 3.18879, 0.00000, 3.05018, 3.00828, 2.70044, 2.51993, 22.98128
1728402112, 349407184, 0xDDDD, 3495, 27.83883, 1.22249, 25.25000, 24.06250, 25.43750, 24.25000, 1.33531, 0.03465, 2.50220, 1.18381, 3.07194, 3.20088, 0.00000, 3.05179, 3.00828, 2.70044, 2.53282, 22.98128
1728402112, 349507171, 0xDDDD, 3496, 27.83883, 1.22249, 25.18750, 24.06250, 25.43750, 24.25000, 1.33531, 0.03707, 2.50139, 1.19590, 3.05663, 3.18879, 0.00000, 3.05018, 3.00828, 2.70044, 2.55780, 22.98128
1728402112, 349607174, 0xDDDD, 3497, 28.24175, 1.22249, 25.18750, 24.06250, 25.43750, 24.25000, 1.33531, 0.03707, 2.50139, 1.18139, 3.00505, 3.19443, 0.00000, 3.05018, 3.00828, 2.70125, 2.56425, 22.98128
1728402113, 349707179, 0xDDDD, 3498, 28.24175, 1.22168, 25.18750, 24.06250, 25.37500, 24.25000, 1.33531, 0.03707, 2.50220, 1.19429, 3.03407, 3.20733, 0.00000, 3.05179, 3.00828, 2.70044, 2.56022, 22.98128
1728402113, 349807185, 0xDDDD, 3499, 27.83883, 1.22249, 25.18750, 24.06250, 25.37500, 24.25000, 1.33692, 0.04352, 2.50220, 1.17978, 3.06469, 3.19524, 0.00000, 3.05179, 3.00747, 2.70044, 2.56103, 22.80220
1728402113, 349907174, 0xDDDD, 3500, 27.83883, 1.22249, 25.18750, 24.06250, 25.37500, 24.25000, 1.33451, 0.04029, 2.50220, 1.19187, 3.01231, 3.20813, 0.00000, 3.05018, 3.00828, 2.70044, 2.58440, 22.80220
1728402113, 350007180, 0xDDDD, 3501, 27.43590, 1.22249, 25.18750, 24.06250, 25.37500, 24.25000, 1.33451, 0.03868, 2.50139, 1.17656, 3.04132, 3.19604, 0.00000, 3.05018, 3.00828, 2.70125, 2.57231, 22.98128
1728402113, 350107175, 0xDDDD, 3502, 27.83883, 1.22249, 25.18750, 24.06250, 25.37500, 24.25000, 1.33531, 0.03707, 2.50220, 1.18139, 3.06952, 3.20894, 0.00000, 3.05179, 3.00828, 2.69963, 2.55861, 22.98128
1728402113, 350207187, 0xDDDD, 3503, 27.83883, 1.22249, 25.18750, 24.06250, 25.37500, 24.25000, 1.33451, 0.04029, 2.50220, 1.19267, 3.05421, 3.19766, 0.00000, 3.05179, 3.00828, 2.70044, 2.56183, 22.98128
1728402113, 350307174, 0xDDDD, 3504, 27.83883, 1.22249, 25.18750, 24.06250, 25.37500, 24.25000, 1.33612, 0.03707, 2.50220, 1.17817, 3.02681, 3.20249, 0.00000, 3.05099, 3.00828, 2.69963, 2.56344, 22.26494
1728402113, 350407176, 0xDDDD, 3505, 27.83883, 1.22249, 25.18750, 24.06250, 25.37500, 24.25000, 1.33531, 0.03626, 2.50220, 1.18945, 3.03084, 3.18960, 0.00000, 3.05099, 3.00828, 2.70205, 2.56103, 22.62310
1728402113, 350507171, 0xDDDD, 3506, 28.24175, 1.22249, 25.25000, 24.06250, 25.37500, 24.25000, 1.33451, 0.04029, 2.50139, 1.17575, 3.06066, 3.20330, 0.00000, 3.05099, 3.00908, 2.70044, 2.55941, 22.98128
1728402113, 350607172, 0xDDDD, 3507, 27.83883, 1.22249, 25.25000, 24.06250, 25.37500, 24.25000, 1.33531, 0.03788, 2.50139, 1.18703, 3.00586, 3.19201, 0.00000, 3.05260, 3.00828, 2.70044, 2.55458, 22.98128
1728402114, 350707177, 0xDDDD, 3508, 27.43590, 1.22249, 25.18750, 24.06250, 25.43750, 24.25000, 1.33531, 0.03546, 2.50139, 1.19832, 3.03326, 3.20491, 0.00000, 3.04777, 3.00828, 2.70044, 2.56022, 22.98128
1728402114, 350807178, 0xDDDD, 3509, 27.83883, 1.22249, 25.18750, 24.06250, 25.43750, 24.25000, 1.33531, 0.03788, 2.50220, 1.18300, 3.01956, 3.19282, 0.00000, 3.04938, 3.00828, 2.69963, 2.56183, 22.98128
1728402114, 350907184, 0xDDDD, 3510, 27.83883, 1.22249, 25.18750, 24.06250, 25.43750, 24.18750, 1.33531, 0.04110, 2.50139, 1.18623, 3.04857, 3.19766, 0.00000, 3.05179, 3.00828, 2.70125, 2.56183, 22.80220
1728402114, 351007169, 0xDDDD, 3511, 28.24175, 1.22249, 25.18750, 24.06250, 25.43750, 24.18750, 1.34821, 0.04029, 2.50220, 1.19751, 3.07758, 3.21136, 0.00000, 3.05018, 3.00828, 2.70044, 2.56022, 22.80220
1728402114, 351107175, 0xDDDD, 3512, 28.24175, 1.22249, 25.18750, 24.06250, 25.43750, 24.25000, 1.33531, 0.04352, 2.50139, 1.18059, 3.02440, 3.19766, 0.00000, 3.05260, 3.00828, 2.70125, 2.56183, 22.80220
1728402114, 351207180, 0xDDDD, 3513, 27.83883, 1.22249, 25.25000, 24.06250, 25.43750, 24.25000, 1.33451, 0.03788, 2.50139, 1.19187, 3.05341, 3.21136, 0.00000, 3.05179, 3.00828, 2.69963, 2.62549, 22.98128
1728402114, 351307166, 0xDDDD, 3514, 28.24175, 1.22249, 25.25000, 24.06250, 25.43750, 24.25000, 1.33531, 0.04029, 2.50220, 1.17656, 3.08806, 3.19927, 0.00000, 3.05179, 3.00747, 2.70125, 2.53524, 22.98128
1728402114, 351407170, 0xDDDD, 3515, 27.83883, 1.22249, 25.18750, 24.06250, 25.43750, 24.25000, 1.33531, 0.03949, 2.50220, 1.18703, 3.06711, 3.20974, 0.00000, 3.05179, 3.00828, 2.70125, 2.56103, 22.98128
1728402114, 351507185, 0xDDDD, 3516, 27.83883, 1.22249, 25.18750, 24.06250, 25.43750, 24.25000, 1.33531, 0.04432, 2.50220, 1.19832, 3.01311, 3.18960, 0.00000, 3.05099, 3.00828, 2.70044, 2.56103, 22.80220
1728402114, 351607181, 0xDDDD, 3517, 27.83883, 1.22249, 25.18750, 24.06250, 25.43750, 24.25000, 1.33692, 0.04190, 2.50220, 1.17495, 3.04212, 3.20330, 0.00000, 3.05099, 3.00747, 2.70044, 2.56022, 22.98128
1728402115, 351707166, 0xDDDD, 3518, 28.24175, 1.22168, 25.18750, 24.06250, 25.43750, 24.25000, 1.33612, 0.04029, 2.50220, 1.18623, 3.06952, 3.19121, 0.00000, 3.05099, 3.00747, 2.70044, 2.56022, 22.98128
1728402115, 351807167, 0xDDDD, 3519, 28.24175, 1.22249, 25.18750, 24.06250, 25.43750, 24.25000, 1.33451, 0.04029, 2.50220, 1.19751, 3.01231, 3.20330, 0.00000, 3.05099, 3.00828, 2.70044, 2.56586, 22.98128
1728402115, 351907181, 0xDDDD, 3520, 27.83883, 1.22249, 25.18750, 24.06250, 25.43750, 24.25000, 1.33531, 0.03385, 2.50139, 1.18381, 3.03890, 3.19201, 0.00000, 3.05018, 3.00747, 2.69963, 2.55941, 22.98128
1728402115, 352007170, 0xDDDD, 3521, 27.83883, 1.22249, 25.18750, 24.06250, 25.43750, 24.25000, 1.33612, 0.03465, 2.50139, 1.19590, 3.02037, 3.20330, 0.00000, 3.05179, 3.00828, 2.70044, 2.56022, 22.98128
1728402115, 352107172, 0xDDDD, 3522, 27.83883, 1.22249, 25.18750, 24.06250, 25.43750, 24.25000, 1.33531, 0.04835, 2.50220, 1.18059, 3.04777, 3.19201, 0.00000, 3.05179, 3.00828, 2.70044, 2.56103, 22.62310
1728402115, 352207176, 0xDDDD, 3523, 27.83883, 1.22249, 25.18750, 24.06250, 25.43750, 24.25000, 1.33531, 0.03868, 2.50139, 1.19267, 3.07275, 3.19685, 0.00000, 3.05099, 3.00828, 2.69963, 2.56103, 21.90678
1728402115, 352307183, 0xDDDD, 3524, 27.83883, 1.22249, 25.18750, 24.06250, 25.43750, 24.25000, 1.33612, 0.03626, 2.50220, 1.17656, 3.01553, 3.21055, 0.00000, 3.05018, 3.00747, 2.70044, 2.56264, 22.98128
1728402115, 352407174, 0xDDDD, 3525, 28.64468, 1.22249, 25.18750, 24.06250, 25.43750, 24.25000, 1.33531, 0.03707, 2.50139, 1.17897, 3.04212, 3.19846, 0.00000, 3.05099, 3.00747, 2.70044, 2.55861, 22.80220
1728402115, 352507184, 0xDDDD, 3526, 28.24175, 1.22249, 25.18750, 24.06250, 25.43750, 24.25000, 1.33531, 0.03868, 2.50139, 1.19026, 3.06791, 3.21136, 0.00000, 3.05179, 3.00828, 2.70044, 2.63355, 22.98128
1728402115, 352607175, 0xDDDD, 3527, 28.24175, 1.22249, 25.18750, 24.06250, 25.43750, 24.25000, 1.33531, 0.04110, 2.50139, 1.17495, 3.00828, 3.20088, 0.00000, 3.05018, 3.00828, 2.69963, 2.56425, 22.98128
1728402116, 352707176, 0xDDDD, 3528, 27.83883, 1.22249, 25.18750, 24.12500, 25.43750, 24.25000, 1.33612, 0.02740, 2.50220, 1.18542, 3.07758, 3.18879, 0.00000, 3.05018, 3.00828, 2.69963, 2.56103, 22.98128
1728402116, 352807174, 0xDDDD, 3529, 27.83883, 1.22249, 25.18750, 24.12500, 25.43750, 24.25000, 1.33531, 0.03465, 2.50220, 1.19590, 3.02037, 3.19363, 0.00000, 3.05018, 3.00747, 2.70044, 2.56344, 22.80220
1728402116, 352907196, 0xDDDD, 3530, 27.83883, 1.22168, 25.25000, 24.12500, 25.43750, 24.25000, 1.33451, 0.04674, 2.50139, 1.17978, 3.04696, 3.20652, 0.00000, 3.05179, 3.00747, 2.70044, 2.56022, 22.98128
1728402116, 353007172, 0xDDDD, 3531, 27.83883, 1.22249, 25.25000, 24.12500, 25.43750, 24.25000, 1.33451, 0.04674, 2.50059, 1.18945, 3.07355, 3.19524, 0.00000, 3.05099, 3.00828, 2.70044, 2.55780, 22.98128
1728402116, 353107185, 0xDDDD, 3532, 27.83883, 1.22249, 25.18750, 24.12500, 25.43750, 24.25000, 1.33531, 0.04110, 2.50220, 1.17414, 3.01634, 3.20733, 0.00000, 3.05099, 3.00828, 2.69963, 2.55780, 22.98128
1728402116, 353207184, 0xDDDD, 3533, 27.83883, 1.22249, 25.18750, 24.06250, 25.43750, 24.25000, 1.33531, 0.03707, 2.50139, 1.17575, 3.04132, 3.19524, 0.00000, 3.04938, 3.00828, 2.69963, 2.54813, 22.80220
1728402116, 353307174, 0xDDDD, 3534, 27.83883, 1.22249, 25.18750, 24.06250, 25.43750, 24.25000, 1.33531, 0.03788, 2.50220, 1.18623, 3.02359, 3.20813, 0.00000, 3.04615, 3.00828, 2.69963, 2.56022, 22.98128
1728402116, 353407185, 0xDDDD, 3535, 27.83883, 1.22249, 25.18750, 24.06250, 25.43750, 24.25000, 1.33531, 0.03949, 2.50139, 1.19670, 3.05018, 3.18879, 0.00000, 3.05179, 3.00747, 2.69963, 2.55941, 22.98128
1728402116, 353507191, 0xDDDD, 3536, 27.83883, 1.22249, 25.18750, 24.06250, 25.43750, 24.18750, 1.33451, 0.03546, 2.50220, 1.17978, 3.07758, 3.20168, 0.00000, 3.04938, 3.00747, 2.69963, 2.55780, 22.98128
1728402116, 353607180, 0xDDDD, 3537, 28.24175, 1.22249, 25.25000, 24.06250, 25.43750, 24.18750, 1.33531, 0.03465, 2.50059, 1.19026, 3.02359, 3.18960, 0.00000, 3.04938, 3.00747, 2.69963, 2.56103, 22.98128
1728402117, 353707175, 0xDDDD, 3538, 27.43590, 1.22249, 25.25000, 24.06250, 25.43750, 24.18750, 1.33531, 0.03385, 2.50220, 1.17414, 3.05179, 3.20330, 0.00000, 3.05179, 3.00747, 2.70044, 2.52557, 22.98128
1728402117, 353807185, 0xDDDD, 3539, 27.83883, 1.22249, 25.25000, 24.06250, 25.43750, 24.25000, 1.33531, 0.03465, 2.50220, 1.18381, 3.08000, 3.19040, 0.00000, 3.04696, 3.00828, 2.70044, 2.56586, 22.98128
1728402117, 353907184, 0xDDDD, 3540, 27.83883, 1.22249, 25.18750, 24.06250, 25.43750, 24.25000, 1.33531, 0.03949, 2.50139, 1.19509, 3.06308, 3.20249, 0.00000, 3.05179, 3.00828, 2.70044, 2.56103, 22.98128
1728402117, 354007169, 0xDDDD, 3541, 27.83883, 1.22249, 25.18750, 24.06250, 25.43750, 24.25000, 1.33531, 0.04432, 2.50220, 1.19670, 3.00828, 3.19040, 0.00000, 3.05179, 3.00828, 2.70125, 2.55861, 22.98128
1728402117, 354107182, 0xDDDD, 3542, 27.83883, 1.22168, 25.18750, 24.06250, 25.43750, 24.25000, 1.33370, 0.04755, 2.50139, 1.18059, 3.03407, 3.19524, 0.00000, 3.05099, 3.00828, 2.70044, 2.56183, 22.98128
1728402117, 354207170, 0xDDDD, 3543, 27.83883, 1.22249, 25.18750, 24.06250, 25.43750, 24.25000, 1.33612, 0.03626, 2.50220, 1.19106, 3.06308, 3.20813, 0.00000, 3.05099, 3.00828, 2.70044, 2.56425, 22.98128
1728402117, 354307164, 0xDDDD, 3544, 27.83883, 1.22249, 25.18750, 24.06250, 25.43750, 24.25000, 1.33531, 0.03385, 2.50139, 1.17495, 3.00747, 3.19604, 0.00000, 3.05018, 3.00828, 2.70044, 2.54168, 22.98128
1728402117, 354407176, 0xDDDD, 3545, 27.83883, 1.22249, 25.25000, 24.06250, 25.43750, 24.25000, 1.33531, 0.03465, 2.50220, 1.18542, 3.03245, 3.20813, 0.00000, 3.05099, 3.00828, 2.70044, 2.51267, 22.98128
1728402117, 354507185, 0xDDDD, 3546, 27.43590, 1.22249, 25.25000, 24.06250, 25.43750, 24.18750, 1.33451, 0.03707, 2.50220, 1.19751, 3.04615, 3.19443, 0.00081, 3.05260, 3.00989, 2.70125, 2.56022, 23.16036
1728402117, 354607181, 0xDDDD, 3547, 27.83883, 1.22168, 25.18750, 24.06250, 25.43750, 24.18750, 1.33531, 0.03949, 2.50220, 1.18300, 3.01231, 3.20813, 0.00000, 3.05099, 3.00828, 2.69963, 2.56103, 22.98128
1728402118, 354707176, 0xDDDD, 3548, 27.43590, 1.22249, 25.18750, 24.06250, 25.43750, 24.18750, 1.33531, 0.04352, 2.50139, 1.19348, 3.04051, 3.18879, 0.00000, 3.05099, 3.00828, 2.70125, 2.56103, 22.98128
1728402118, 354807172, 0xDDDD, 3549, 28.24175, 1.22249, 25.25000, 24.06250, 25.37500, 24.25000, 1.33612, 0.03707, 2.50220, 1.19509, 3.06308, 3.20168, 0.00000, 3.05179, 3.00828, 2.69963, 2.56344, 22.98128
1728402118, 354907185, 0xDDDD, 3550, 27.83883, 1.22249, 25.25000, 24.06250, 25.37500, 24.25000, 1.33531, 0.03868, 2.50139, 1.17817, 3.00747, 3.18799, 0.00000, 3.05099, 3.00828, 2.70205, 2.56022, 22.80220
1728402118, 355007177, 0xDDDD, 3551, 27.83883, 1.22249, 25.25000, 24.06250, 25.37500, 24.25000, 1.33612, 0.03788, 2.50220, 1.18864, 3.03487, 3.20168, 0.00000, 3.05179, 3.00828, 2.70125, 2.55780, 22.98128
1728402118, 355107164, 0xDDDD, 3552, 27.83883, 1.22249, 25.25000, 24.06250, 25.37500, 24.25000, 1.33531, 0.04190, 2.50139, 1.19832, 3.06066, 3.18879, 0.00000, 3.05099, 3.00828, 2.70125, 2.49495, 22.98128
1728402118, 355207167, 0xDDDD, 3553, 27.83883, 1.22249, 25.25000, 24.06250, 25.37500, 24.25000, 1.33612, 0.03788, 2.50220, 1.18059, 3.04374, 3.20249, 0.00000, 3.05018, 3.00828, 2.70044, 2.56022, 22.98128
1728402118, 355307192, 0xDDDD, 3554, 27.83883, 1.22249, 25.18750, 24.12500, 25.50000, 24.25000, 1.33531, 0.03949, 2.50220, 1.19026, 3.07033, 3.20652, 0.00000, 3.05260, 3.00828, 2.70044, 2.56103, 22.80220
1728402118, 355407184, 0xDDDD, 3555, 27.83883, 1.22249, 25.18750, 24.12500, 25.50000, 24.25000, 1.33531, 0.03546, 2.50139, 1.20154, 3.01634, 3.19282, 0.00000, 3.04938, 3.00828, 2.70044, 2.56264, 22.80220
1728402118, 355507172, 0xDDDD, 3556, 27.83883, 1.22249, 25.18750, 24.12500, 25.43750, 24.25000, 1.33531, 0.03949, 2.50139, 1.18381, 3.04051, 3.20491, 0.00000, 3.05260, 3.00828, 2.69963, 2.56022, 22.98128
1728402118, 355607171, 0xDDDD, 3557, 28.24175, 1.22249, 25.25000, 24.06250, 25.43750, 24.25000, 1.33531, 0.04190, 2.50139, 1.18381, 3.06630, 3.19201, 0.00000, 3.05260, 3.00828, 2.69963, 2.58278, 22.98128
1728402119, 355707190, 0xDDDD, 3558, 28.24175, 1.22249, 25.25000, 24.06250, 25.43750, 24.25000, 1.33531, 0.03868, 2.50139, 1.19267, 3.00828, 3.20330, 0.00000, 3.05018, 3.00828, 2.70044, 2.57795, 22.98128
1728402119, 355807175, 0xDDDD, 3559, 27.43590, 1.22249, 25.25000, 24.12500, 25.43750, 24.25000, 1.33612, 0.03626, 2.50139, 1.17575, 3.07355, 3.19121, 0.00000, 3.05179, 3.00828, 2.70044, 2.56022, 22.80220
1728402119, 355907178, 0xDDDD, 3560, 27.83883, 1.22249, 25.25000, 24.12500, 25.43750, 24.25000, 1.33531, 0.05077, 2.50139, 1.18381, 3.01392, 3.19443, 0.00000, 3.05179, 3.00828, 2.70125, 2.56264, 22.98128
1728402119, 356007180, 0xDDDD, 3561, 27.83883, 1.22249, 25.18750, 24.12500, 25.43750, 24.25000, 1.33531, 0.04029, 2.50139, 1.19429, 3.03729, 3.20491, 0.00000, 3.04857, 3.00828, 2.70205, 2.56264, 22.98128
1728402119, 356107187, 0xDDDD, 3562, 27.43590, 1.22249, 25.18750, 24.06250, 25.43750, 24.25000, 1.33531, 0.04029, 2.50139, 1.17736, 3.06308, 3.19201, 0.00000, 3.04777, 3.00747, 2.69963, 2.56103, 22.98128
1728402119, 356207174, 0xDDDD, 3563, 27.83883, 1.22249, 25.18750, 24.06250, 25.43750, 24.25000, 1.33531, 0.04593, 2.50220, 1.18542, 3.00586, 3.20571, 0.00000, 3.04938, 3.00828, 2.70125, 2.50784, 22.98128
1728402119, 356307183, 0xDDDD, 3564, 28.24175, 1.22249, 25.25000, 24.06250, 25.43750, 24.25000, 1.33531, 0.04916, 2.50220, 1.19509, 3.02842, 3.19282, 0.00000, 3.05099, 3.00828, 2.70044, 2.56908, 22.98128
1728402119, 356407174, 0xDDDD, 3565, 28.24175, 1.22249, 25.25000, 24.06250, 25.43750, 24.25000, 1.33531, 0.03788, 2.50220, 1.19751, 3.05179, 3.20491, 0.00000, 3.05179, 3.00828, 2.70044, 2.56022, 22.98128
1728402119, 356507200, 0xDDDD, 3566, 28.24175, 1.22249, 25.18750, 24.06250, 25.43750, 24.25000, 1.33531, 0.04029, 2.50139, 1.17978, 3.03165, 3.19201, 0.00000, 3.05018, 3.00828, 2.70125, 2.55861, 22.98128
1728402119, 356607178, 0xDDDD, 3567, 28.24175, 1.22249, 25.18750, 24.06250, 25.43750, 24.25000, 1.33531, 0.04029, 2.50220, 1.18864, 3.05502, 3.19604, 0.00000, 3.05179, 3.00828, 2.70044, 2.55941, 22.44402
1728402120, 356707179, 0xDDDD, 3568, 27.83883, 1.22249, 25.18750, 24.06250, 25.43750, 24.25000, 1.33370, 0.04029, 2.50220, 1.19670, 3.07919, 3.20813, 0.00000, 3.04857, 3.00828, 2.70044, 2.55861, 22.98128
1728402120, 356807180, 0xDDDD, 3569, 27.43590, 1.22249, 25.18750, 24.12500, 25.43750, 24.25000, 1.33531, 0.03626, 2.50139, 1.17978, 3.01956, 3.19443, 0.00000, 3.05260, 3.00828, 2.70125, 2.56183, 22.98128
1728402120, 356907172, 0xDDDD, 3570, 27.83883, 1.22249, 25.18750, 24.12500, 25.43750, 24.25000, 1.33531, 0.03788, 2.50220, 1.18864, 3.04293, 3.20652, 0.00000, 3.04777, 3.00828, 2.70044, 2.51832, 22.98128
1728402120, 357007182, 0xDDDD, 3571, 27.83883, 1.22249, 25.18750, 24.06250, 25.43750, 24.25000, 1.33531, 0.03868, 2.50059, 1.19670, 3.06711, 3.19282, 0.00000, 3.05018, 3.00828, 2.70044, 2.55780, 22.98128
1728402120, 357107181, 0xDDDD, 3572, 27.83883, 1.22249, 25.18750, 24.06250, 25.43750, 24.25000, 1.33531, 0.03465, 2.50220, 1.19751, 3.04696, 3.20491, 0.00000, 3.05099, 3.00747, 2.70205, 2.56344, 22.98128
1728402120, 357207176, 0xDDDD, 3573, 27.83883, 1.22168, 25.18750, 24.06250, 25.43750, 24.25000, 1.33451, 0.03949, 2.50220, 1.18220, 3.07033, 3.20813, 0.00000, 3.05099, 3.00828, 2.70125, 2.56264, 22.98128
1728402120, 357307174, 0xDDDD, 3574, 27.83883, 1.22168, 25.25000, 24.12500, 25.43750, 24.25000, 1.33531, 0.03707, 2.50220, 1.19106, 3.00828, 3.19604, 0.00000, 3.05099, 3.00828, 2.70044, 2.56103, 22.98128
1728402120, 357407174, 0xDDDD, 3575, 27.83883, 1.22249, 25.25000, 24.12500, 25.43750, 24.25000, 1.33451, 0.04029, 2.50220, 1.19509, 3.03004, 3.20894, 0.00000, 3.05179, 3.00828, 2.70044, 2.55780, 22.80220
1728402120, 357507170, 0xDDDD, 3576, 27.83883, 1.22168, 25.18750, 24.06250, 25.43750, 24.25000, 1.33451, 0.04110, 2.50220, 1.17978, 3.05260, 3.19524, 0.00000, 3.05099, 3.00828, 2.69883, 2.58923, 22.98128
1728402120, 357607166, 0xDDDD, 3577, 28.24175, 1.22249, 25.18750, 24.06250, 25.43750, 24.25000, 1.33451, 0.04755, 2.50220, 1.18784, 3.07275, 3.20652, 0.00000, 3.05099, 3.00828, 2.69963, 2.58923, 22.98128
1728402121, 357707170, 0xDDDD, 3578, 28.24175, 1.22249, 25.18750, 24.06250, 25.43750, 24.25000, 1.33451, 0.03788, 2.50220, 1.19670, 3.05099, 3.19363, 0.00000, 3.05018, 3.00828, 2.70125, 2.55941, 22.98128
1728402121, 357807186, 0xDDDD, 3579, 28.24175, 1.22249, 25.18750, 24.06250, 25.43750, 24.25000, 1.33612, 0.04190, 2.50220, 1.18059, 3.07275, 3.19846, 0.00000, 3.05179, 3.00828, 2.70125, 2.56022, 22.98128
1728402121, 357907187, 0xDDDD, 3580, 27.83883, 1.22249, 25.18750, 24.06250, 25.43750, 24.25000, 1.32322, 0.04513, 2.50139, 1.18059, 3.01150, 3.20894, 0.00000, 3.05099, 3.00828, 2.70044, 2.56264, 22.80220
1728402121, 358007166, 0xDDDD, 3581, 27.83883, 1.22249, 25.18750, 24.06250, 25.43750, 24.25000, 1.33612, 0.03707, 2.50220, 1.19026, 3.03245, 3.19524, 0.00000, 3.05099, 3.00828, 2.70125, 2.56103, 22.98128
1728402121, 358107171, 0xDDDD, 3582, 27.43590, 1.22249, 25.18750, 24.06250, 25.43750, 24.25000, 1.33531, 0.04190, 2.50220, 1.19912, 3.05421, 3.20571, 0.00000, 3.05099, 3.00828, 2.70044, 2.56586, 22.98128
1728402121, 358207182, 0xDDDD, 3583, 28.24175, 1.22249, 25.25000, 24.12500, 25.43750, 24.25000, 1.33531, 0.03949, 2.50220, 1.18059, 3.07919, 3.19201, 0.00000, 3.05018, 3.00828, 2.70044, 2.55861, 22.98128
1728402121, 358307163, 0xDDDD, 3584, 28.24175, 1.22249, 25.25000, 24.12500, 25.43750, 24.25000, 1.33531, 0.03788, 2.50220, 1.18864, 3.02117, 3.20410, 0.00000, 3.05018, 3.00828, 2.70044, 2.56022, 22.98128
1728402121, 358407177, 0xDDDD, 3585, 27.83883, 1.22249, 25.25000, 24.12500, 25.43750, 24.25000, 1.33531, 0.03223, 2.50220, 1.19751, 3.08322, 3.19040, 0.00000, 3.05099, 3.00828, 2.70125, 2.56022, 22.98128
1728402121, 358507181, 0xDDDD, 3586, 27.83883, 1.22249, 25.18750, 24.12500, 25.43750, 24.25000, 1.33531, 0.03788, 2.50220, 1.17978, 3.02117, 3.19282, 0.00000, 3.03971, 3.00828, 2.70044, 2.56183, 22.26494
1728402121, 358607185, 0xDDDD, 3587, 28.24175, 1.22249, 25.18750, 24.12500, 25.50000, 24.25000, 1.33612, 0.04110, 2.50139, 1.18784, 3.04051, 3.20410, 0.00000, 3.05179, 3.00747, 2.70044, 2.56183, 22.98128
1728402122, 358707175, 0xDDDD, 3588, 27.83883, 1.22249, 25.18750, 24.12500, 25.50000, 24.25000, 1.33531, 0.04190, 2.50220, 1.18864, 3.06227, 3.19040, 0.00000, 3.05099, 3.00747, 2.70044, 2.56103, 22.98128
1728402122, 358807190, 0xDDDD, 3589, 27.83883, 1.22249, 25.18750, 24.12500, 25.50000, 24.25000, 1.33531, 0.03788, 2.50220, 1.19751, 3.08081, 3.20168, 0.00081, 3.05099, 3.00828, 2.70044, 2.58601, 22.98128
1728402122, 358907173, 0xDDDD, 3590, 27.83883, 1.22249, 25.18750, 24.12500, 25.43750, 24.25000, 1.33531, 0.04110, 2.50139, 1.17978, 3.02117, 3.18799, 0.00000, 3.05018, 3.00828, 2.69963, 2.56264, 22.98128
1728402122, 359007164, 0xDDDD, 3591, 27.83883, 1.22168, 25.18750, 24.12500, 25.43750, 24.25000, 1.33612, 0.03546, 2.50220, 1.18864, 3.08484, 3.19846, 0.00000, 3.05260, 3.00828, 2.70125, 2.55941, 22.98128
1728402122, 359107173, 0xDDDD, 3592, 27.83883, 1.22249, 25.18750, 24.12500, 25.50000, 24.31250, 1.33451, 0.02498, 2.50220, 1.19670, 3.01795, 3.20249, 0.00081, 3.05018, 3.00747, 2.70044, 2.56344, 22.98128
1728402122, 359207201, 0xDDDD, 3593, 27.43590, 1.22249, 25.25000, 24.06250, 25.50000, 24.31250, 1.33612, 0.03465, 2.50220, 1.17897, 3.04212, 3.18799, 0.00000, 3.05099, 3.00828, 2.70044, 2.56264, 22.98128
1728402122, 359307177, 0xDDDD, 3594, 27.83883, 1.22249, 25.25000, 24.06250, 25.50000, 24.25000, 1.33531, 0.03546, 2.50220, 1.18542, 3.06388, 3.19766, 0.00000, 3.05179, 3.00747, 2.70125, 2.56022, 22.98128
1728402122, 359407183, 0xDDDD, 3595, 27.83883, 1.22249, 25.25000, 24.06250, 25.50000, 24.25000, 1.33531, 0.03223, 2.50220, 1.19429, 3.00344, 3.20894, 0.00000, 3.05179, 3.00828, 2.70044, 2.67788, 22.98128
1728402122, 359507185, 0xDDDD, 3596, 27.83883, 1.22249, 25.25000, 24.06250, 25.50000, 24.25000, 1.33531, 0.03626, 2.50220, 1.19509, 3.02520, 3.19604, 0.00000, 3.05179, 3.00747, 2.70125, 2.54410, 22.98128
1728402122, 359607177, 0xDDDD, 3597, 27.83883, 1.22249, 25.25000, 24.06250, 25.50000, 24.25000, 1.33531, 0.03949, 2.50220, 1.17575, 3.00264, 3.20894, 0.00081, 3.05018, 3.00828, 2.69963, 2.56344, 22.98128
1728402123, 359707181, 0xDDDD, 3598, 27.83883, 1.22168, 25.18750, 24.12500, 25.50000, 24.25000, 1.33531, 0.03707, 2.50220, 1.18462, 3.02037, 3.18799, 0.00000, 3.05099, 3.00828, 2.69963, 2.56183, 22.80220
1728402123, 359807170, 0xDDDD, 3599, 27.83883, 1.22249, 25.18750, 24.12500, 25.43750, 24.31250, 1.33451, 0.04352, 2.50220, 1.19267, 3.04212, 3.20007, 0.00000, 3.05099, 3.00828, 2.70125, 2.56022, 22.98128
1728402123, 359907170, 0xDDDD, 3600, 27.43590, 1.22249, 25.18750, 24.12500, 25.43750, 24.31250, 1.33531, 0.03949, 2.50139, 1.17495, 3.06147, 3.21055, 0.00000, 3.05099, 3.00747, 2.70044, 2.56183, 22.98128
1728402123, 360007177, 0xDDDD, 3601, 27.83883, 1.22249, 25.18750, 24.12500, 25.43750, 24.31250, 1.33531, 0.04029, 2.50220, 1.18381, 3.08000, 3.19685, 0.00000, 3.05260, 3.00828, 2.70205, 2.54571, 22.98128
1728402123, 360107188, 0xDDDD, 3602, 28.24175, 1.22249, 25.18750, 24.12500, 25.43750, 24.31250, 1.33531, 0.03546, 2.50220, 1.19348, 3.01714, 3.20813, 0.00000, 3.05179, 3.00828, 2.69883, 2.54571, 22.62310
1728402123, 360207170, 0xDDDD, 3603, 27.83883, 1.22249, 25.18750, 24.12500, 25.43750, 24.31250, 1.33531, 0.03949, 2.50220, 1.17495, 3.07516, 3.19443, 0.00000, 3.05099, 3.00828, 2.70125, 2.55861, 22.98128
1728402123, 360307173, 0xDDDD, 3604, 27.83883, 1.22168, 25.18750, 24.12500, 25.43750, 24.31250, 1.33531, 0.03707, 2.50220, 1.17656, 3.00989, 3.20652, 0.00000, 3.05099, 3.00828, 2.69963, 2.56022, 22.98128
1728402123, 360407188, 0xDDDD, 3605, 28.24175, 1.22249, 25.25000, 24.12500, 25.43750, 24.31250, 1.33531, 0.02659, 2.50220, 1.18542, 3.02601, 3.20974, 0.00000, 3.05099, 3.00828, 2.70044, 2.55861, 22.80220
1728402123, 360507173, 0xDDDD, 3606, 27.83883, 1.22249, 25.25000, 24.12500, 25.43750, 24.25000, 1.33370, 0.04029, 2.50220, 1.19429, 3.04615, 3.19766, 0.00000, 3.05341, 3.00747, 2.70044, 2.55780, 22.80220
1728402123, 360607166, 0xDDDD, 3607, 28.24175, 1.22249, 25.25000, 24.12500, 25.43750, 24.25000, 1.33531, 0.04432, 2.50220, 1.17495, 3.06549, 3.20894, 0.00000, 3.05018, 3.00828, 2.70044, 2.54410, 22.98128
1728402124, 360707177, 0xDDDD, 3608, 27.83883, 1.22249, 25.18750, 24.06250, 25.43750, 24.25000, 1.33531, 0.04432, 2.50220, 1.18381, 3.00264, 3.19604, 0.00000, 3.05099, 3.00828, 2.70044, 2.56022, 22.80220
1728402124, 360807184, 0xDDDD, 3609, 28.24175, 1.22168, 25.18750, 24.06250, 25.43750, 24.25000, 1.33451, 0.04271, 2.50139, 1.19187, 3.02278, 3.20813, 0.00000, 3.04535, 3.00828, 2.69963, 2.56425, 22.80220
1728402124, 360907174, 0xDDDD, 3610, 27.83883, 1.22168, 25.18750, 24.12500, 25.43750, 24.25000, 1.33531, 0.05641, 2.50220, 1.17495, 3.08161, 3.19363, 0.00000, 3.05179, 3.00828, 2.70044, 2.55941, 22.80220
1728402124, 361007177, 0xDDDD, 3611, 27.83883, 1.22249, 25.18750, 24.12500, 25.50000, 24.25000, 1.33451, 0.04593, 2.50220, 1.18300, 3.02198, 3.19766, 0.00000, 3.05099, 3.00828, 2.70044, 2.55941, 22.98128
1728402124, 361107179, 0xDDDD, 3612, 27.83883, 1.22249, 25.25000, 24.12500, 25.50000, 24.25000, 1.33531, 0.04110, 2.50139, 1.18462, 3.04132, 3.20974, 0.00000, 3.04615, 3.00828, 2.70044, 2.55941, 22.98128
1728402124, 361207188, 0xDDDD, 3613, 28.24175, 1.22249, 25.25000, 24.12500, 25.50000, 24.25000, 1.33531, 0.04190, 2.50220, 1.19267, 3.06147, 3.19524, 0.00000, 3.05099, 3.00747, 2.70125, 2.56022, 22.80220
1728402124, 361307183, 0xDDDD, 3614, 27.83883, 1.22249, 25.25000, 24.12500, 25.43750, 24.25000, 1.33612, 0.04029, 2.50220, 1.17575, 3.08161, 3.20652, 0.00000, 3.05018, 2.99297, 2.70125, 2.56667, 22.80220
1728402124, 361407170, 0xDDDD, 3615, 28.24175, 1.22249, 25.18750, 24.06250, 25.43750, 24.25000, 1.33612, 0.03546, 2.50300, 1.18462, 3.01714, 3.19282, 0.00000, 3.05341, 3.00828, 2.70125, 2.61260, 22.80220
1728402124, 361507173, 0xDDDD, 3616, 28.24175, 1.22249, 25.18750, 24.06250, 25.50000, 24.25000, 1.33531, 0.03546, 2.50139, 1.19267, 3.07758, 3.20410, 0.00000, 3.05018, 3.00828, 2.70044, 2.56022, 22.98128
1728402124, 361607173, 0xDDDD, 3617, 28.24175, 1.22249, 25.25000, 24.12500, 25.50000, 24.25000, 1.33531, 0.03626, 2.50220, 1.17495, 3.01473, 3.20733, 0.00000, 3.05018, 3.00828, 2.70044, 2.56183, 22.80220
1728402125, 361707187, 0xDDDD, 3618, 27.83883, 1.22168, 25.25000, 24.12500, 25.43750, 24.25000, 1.33451, 0.03626, 2.50220, 1.18139, 3.03487, 3.19201, 0.00000, 3.05179, 3.00747, 2.70125, 2.56022, 22.80220
1728402125, 361807180, 0xDDDD, 3619, 27.83883, 1.22249, 25.25000, 24.12500, 25.43750, 24.25000, 1.33612, 0.04190, 2.50220, 1.18784, 3.05421, 3.20410, 0.00000, 3.04938, 3.00747, 2.70044, 2.56183, 22.80220
1728402125, 361907175, 0xDDDD, 3620, 27.83883, 1.22249, 25.18750, 24.06250, 25.43750, 24.25000, 1.33531, 0.03707, 2.50220, 1.18703, 3.07516, 3.19121, 0.00000, 3.05099, 3.00828, 2.70044, 2.57311, 22.80220
1728402125, 362007189, 0xDDDD, 3621, 28.24175, 1.22249, 25.18750, 24.06250, 25.50000, 24.25000, 1.33531, 0.03707, 2.50300, 1.19348, 3.01070, 3.20168, 0.00000, 3.05018, 3.00828, 2.70044, 2.54168, 22.98128
1728402125, 362107176, 0xDDDD, 3622, 27.83883, 1.22249, 25.25000, 24.12500, 25.50000, 24.25000, 1.33531, 0.03626, 2.50220, 1.17414, 3.07194, 3.21216, 0.00000, 3.05018, 3.00828, 2.70044, 2.55941, 22.80220
1728402125, 362207183, 0xDDDD, 3623, 27.83883, 1.22249, 25.25000, 24.12500, 25.43750, 24.25000, 1.33531, 0.03949, 2.50220, 1.18139, 3.00908, 3.18960, 0.00000, 3.05179, 3.00828, 2.70044, 2.56344, 22.80220
1728402125, 362307187, 0xDDDD, 3624, 28.24175, 1.22249, 25.18750, 24.12500, 25.43750, 24.25000, 1.33531, 0.04352, 2.50139, 1.18784, 3.03084, 3.20168, 0.00000, 3.05018, 3.00828, 2.70044, 2.56103, 22.98128
1728402125, 362407200, 0xDDDD, 3625, 27.83883, 1.22249, 25.18750, 24.12500, 25.43750, 24.25000, 1.33531, 0.03304, 2.50220, 1.19348, 3.04857, 3.21216, 0.00000, 3.05099, 3.00828, 2.70125, 2.56183, 22.80220
1728402125, 362507173, 0xDDDD, 3626, 27.83883, 1.22249, 25.18750, 24.12500, 25.43750, 24.25000, 1.33612, 0.03546, 2.50220, 1.17575, 3.06952, 3.19685, 0.00000, 3.05099, 3.00908, 2.69963, 2.51590, 22.80220
1728402125, 362607185, 0xDDDD, 3627, 27.43590, 1.22249, 25.25000, 24.12500, 25.43750, 24.25000, 1.33612, 0.03385, 2.50220, 1.18059, 3.00667, 3.20813, 0.00000, 3.05260, 3.00828, 2.69883, 2.56264, 22.98128
1728402126, 362707182, 0xDDDD, 3628, 28.24175, 1.22249, 25.25000, 24.12500, 25.50000, 24.25000, 1.33612, 0.03626, 2.50220, 1.17897, 3.02520, 3.19443, 0.00000, 3.04938, 3.00908, 2.70044, 2.56103, 22.80220
1728402126, 362807175, 0xDDDD, 3629, 28.24175, 1.22249, 25.25000, 24.12500, 25.50000, 24.25000, 1.33531, 0.04352, 2.50220, 1.18542, 3.08886, 3.20571, 0.00000, 3.05018, 3.00828, 2.70044, 2.56022, 22.98128
1728402126, 362907185, 0xDDDD, 3630, 28.24175, 1.22249, 25.25000, 24.12500, 25.43750, 24.25000, 1.34337, 0.04996, 2.50300, 1.19106, 3.01875, 3.20813, 0.00000, 3.05018, 3.00828, 2.70044, 2.55861, 22.44402
1728402126, 363007169, 0xDDDD, 3631, 27.83883, 1.22249, 25.25000, 24.12500, 25.43750, 24.25000, 1.32564, 0.04674, 2.50220, 1.19751, 3.04132, 3.19524, 0.00000, 3.05260, 3.00747, 2.69963, 2.56022, 22.80220
1728402126, 363107184, 0xDDDD, 3632, 27.83883, 1.22249, 25.25000, 24.06250, 25.43750, 24.25000, 1.33612, 0.03707, 2.50220, 1.17817, 3.05905, 3.20571, 0.00081, 3.05018, 3.00828, 2.70044, 2.56505, 22.80220
1728402126, 363207172, 0xDDDD, 3633, 28.24175, 1.22249, 25.25000, 24.06250, 25.43750, 24.25000, 1.33612, 0.03546, 2.50220, 1.18462, 3.07839, 3.19121, 0.00000, 3.05018, 3.00828, 2.70044, 2.56586, 22.80220
1728402126, 363307181, 0xDDDD, 3634, 27.83883, 1.22249, 25.25000, 24.12500, 25.43750, 24.25000, 1.33531, 0.03465, 2.50220, 1.19106, 3.01392, 3.20249, 0.00000, 3.05099, 3.00828, 2.70125, 2.56022, 22.80220
1728402126, 363407182, 0xDDDD, 3635, 28.24175, 1.22249, 25.25000, 24.12500, 25.43750, 24.25000, 1.33451, 0.04271, 2.50220, 1.18945, 3.07194, 3.18879, 0.00000, 3.05099, 3.00828, 2.70044, 2.56022, 22.98128
1728402126, 363507175, 0xDDDD, 3636, 27.83883, 1.22249, 25.25000, 24.12500, 25.43750, 24.25000, 1.33531, 0.04271, 2.50220, 1.19670, 3.00667, 3.19040, 0.00000, 3.05179, 3.00828, 2.70044, 2.55941, 22.80220
1728402126, 363607180, 0xDDDD, 3637, 28.24175, 1.22249, 25.18750, 24.12500, 25.43750, 24.25000, 1.33531, 0.03626, 2.50220, 1.17736, 3.02440, 3.20168, 0.00000, 3.04615, 3.00828, 2.69963, 2.56264, 22.80220
1728402127, 363707177, 0xDDDD, 3638, 27.83883, 1.22249, 25.18750, 24.12500, 25.43750, 24.25000, 1.32403, 0.03868, 2.50220, 1.18623, 3.04454, 3.18879, 0.00081, 3.05099, 3.00828, 2.70044, 2.56183, 22.98128
1728402127, 363807164, 0xDDDD, 3639, 27.83883, 1.22249, 25.25000, 24.12500, 25.43750, 24.25000, 1.33531, 0.03707, 2.50220, 1.19267, 3.06227, 3.19846, 0.00000, 3.05179, 3.00828, 2.70044, 2.53685, 22.80220
1728402127, 363907172, 0xDDDD, 3640, 28.24175, 1.22249, 25.25000, 24.12500, 25.43750, 24.25000, 1.33612, 0.03546, 2.50220, 1.20637, 3.08081, 3.20974, 0.00000, 3.05179, 3.00828, 2.70044, 2.52234, 22.80220
1728402127, 364007170, 0xDDDD, 3641, 27.43590, 1.22249, 25.25000, 24.06250, 25.43750, 24.25000, 1.33531, 0.04190, 2.50220, 1.17978, 3.05502, 3.19604, 0.00000, 3.04938, 3.00828, 2.70044, 2.56344, 22.80220
1728402127, 364107185, 0xDDDD, 3642, 28.24175, 1.22249, 25.25000, 24.06250, 25.43750, 24.25000, 1.33451, 0.04271, 2.50220, 1.18623, 3.07516, 3.19846, 0.00000, 3.04454, 3.00828, 2.70044, 2.56022, 22.80220
1728402127, 364207201, 0xDDDD, 3643, 27.43590, 1.22249, 25.25000, 24.06250, 25.43750, 24.25000, 1.33612, 0.03385, 2.50220, 1.19106, 3.00828, 3.21055, 0.00000, 3.04938, 3.00828, 2.69883, 2.56344, 22.80220
1728402127, 364307173, 0xDDDD, 3644, 27.83883, 1.22168, 25.25000, 24.12500, 25.43750, 24.25000, 1.33531, 0.03868, 2.50220, 1.19026, 3.02520, 3.19604, 0.00000, 3.05260, 3.00828, 2.70044, 2.56183, 22.80220
1728402127, 364407167, 0xDDDD, 3645, 27.83883, 1.22168, 25.25000, 24.12500, 25.43750, 24.25000, 1.33451, 0.04593, 2.50220, 1.19751, 3.04212, 3.20813, 0.00000, 3.05099, 3.00828, 2.69963, 2.59810, 22.80220
1728402127, 364507187, 0xDDDD, 3646, 27.03297, 1.22088, 25.25000, 24.12500, 25.43750, 24.25000, 1.33531, 0.04190, 2.50059, 1.17736, 3.04535, 3.19363, 0.00000, 3.05260, 3.00908, 2.70125, 2.58440, 23.16036
1728402127, 364607163, 0xDDDD, 3647, 27.83883, 1.22249, 25.25000, 24.12500, 25.43750, 24.25000, 1.33531, 0.04110, 2.50381, 1.18623, 3.04696, 3.20491, 0.00000, 3.05179, 3.00828, 2.70044, 2.56103, 22.98128
1728402128, 364707184, 0xDDDD, 3648, 27.83883, 1.22168, 25.25000, 24.12500, 25.43750, 24.31250, 1.33451, 0.03707, 2.50220, 1.19348, 3.01875, 3.19363, 0.00000, 3.05179, 3.00828, 2.70044, 2.56103, 22.98128
1728402128, 364807174, 0xDDDD, 3649, 27.83883, 1.22249, 25.18750, 24.12500, 25.43750, 24.31250, 1.33531, 0.03465, 2.50220, 1.17414, 3.03245, 3.19604, 0.00000, 3.05018, 3.00828, 2.70044, 2.56022, 22.26494
1728402128, 364907183, 0xDDDD, 3650, 27.83883, 1.22249, 25.18750, 24.12500, 25.43750, 24.25000, 1.33451, 0.04110, 2.50220, 1.17978, 3.04857, 3.20733, 0.00000, 3.04857, 3.00828, 2.69883, 2.56103, 22.80220
1728402128, 365007171, 0xDDDD, 3651, 28.24175, 1.22249, 25.18750, 24.12500, 25.43750, 24.25000, 1.33531, 0.04110, 2.50220, 1.17817, 3.06791, 3.19363, 0.00000, 3.04293, 3.00828, 2.69963, 2.56103, 22.80220
1728402128, 365107193, 0xDDDD, 3652, 28.24175, 1.22249, 25.18750, 24.12500, 25.50000, 24.25000, 1.33451, 0.04190, 2.50220, 1.18542, 3.00183, 3.20491, 0.00000, 3.05260, 3.00828, 2.69963, 2.59729, 22.98128
1728402128, 365207174, 0xDDDD, 3653, 27.83883, 1.22249, 25.18750, 24.12500, 25.50000, 24.25000, 1.33451, 0.04029, 2.50220, 1.19106, 3.02117, 3.19121, 0.00000, 3.04777, 3.00828, 2.70125, 2.56103, 22.98128
1728402128, 365307167, 0xDDDD, 3654, 28.24175, 1.22168, 25.25000, 24.12500, 25.43750, 24.25000, 1.33451, 0.03626, 2.50220, 1.19670, 3.07758, 3.20249, 0.00000, 3.05099, 3.00747, 2.70044, 2.56183, 22.98128
1728402128, 365407175, 0xDDDD, 3655, 28.24175, 1.22249, 25.25000, 24.12500, 25.43750, 24.25000, 1.33531, 0.03465, 2.50220, 1.17656, 3.01231, 3.20571, 0.00000, 3.05179, 3.00828, 2.70044, 2.56425, 22.98128
1728402128, 365507187, 0xDDDD, 3656, 28.24175, 1.22249, 25.25000, 24.06250, 25.43750, 24.25000, 1.33612, 0.04271, 2.50139, 1.18220, 3.03004, 3.19282, 0.00000, 3.05099, 3.00828, 2.70044, 2.56022, 22.98128
1728402128, 365607184, 0xDDDD, 3657, 27.83883, 1.22249, 25.25000, 24.06250, 25.50000, 24.25000, 1.33531, 0.03707, 2.50139, 1.18784, 3.04938, 3.20249, 0.00000, 3.05260, 3.00828, 2.70044, 2.56103, 22.98128
1728402129, 365707175, 0xDDDD, 3658, 27.83883, 1.22249, 25.25000, 24.12500, 25.50000, 24.25000, 1.33531, 0.03868, 2.50220, 1.18462, 3.06549, 3.21216, 0.00000, 3.05018, 3.00828, 2.69963, 2.48366, 22.98128
1728402129, 365807179, 0xDDDD, 3659, 27.83883, 1.22249, 25.25000, 24.12500, 25.43750, 24.25000, 1.33451, 0.04432, 2.50220, 1.19026, 3.08403, 3.20007, 0.00000, 3.05179, 3.00828, 2.70205, 2.56747, 22.98128
1728402129, 365907181, 0xDDDD, 3660, 28.24175, 1.22249, 25.25000, 24.12500, 25.43750, 24.31250, 1.33451, 0.04029, 2.50220, 1.19509, 3.05744, 3.20974, 0.00000, 3.05341, 3.00828, 2.70125, 2.56183, 22.98128
1728402129, 366007181, 0xDDDD, 3661, 28.24175, 1.22249, 25.25000, 24.12500, 25.43750, 24.31250, 1.33531, 0.04352, 2.50300, 1.19912, 3.07597, 3.18799, 0.00000, 3.05018, 3.00828, 2.70044, 2.56103, 22.80220
1728402129, 366107170, 0xDDDD, 3662, 28.24175, 1.22249, 25.25000, 24.12500, 25.43750, 24.25000, 1.33531, 0.04029, 2.50220, 1.17817, 3.01070, 3.19927, 0.00000, 3.05260, 3.00828, 2.70205, 2.56022, 22.98128
1728402129, 366207170, 0xDDDD, 3663, 27.83883, 1.22249, 25.25000, 24.12500, 25.43750, 24.25000, 1.33531, 0.03465, 2.50220, 1.18220, 3.02842, 3.20894, 0.00000, 3.05179, 3.00828, 2.70125, 2.56264, 22.98128
1728402129, 366307183, 0xDDDD, 3664, 27.83883, 1.22249, 25.25000, 24.12500, 25.43750, 24.25000, 1.33531, 0.03626, 2.50220, 1.18623, 3.04615, 3.19685, 0.00000, 3.05018, 3.00828, 2.70044, 2.58440, 22.80220
1728402129, 366407174, 0xDDDD, 3665, 28.24175, 1.22249, 25.25000, 24.12500, 25.43750, 24.25000, 1.33612, 0.03626, 2.50220, 1.19026, 3.05985, 3.20571, 0.00000, 3.05179, 3.00828, 2.69963, 2.56505, 22.80220
1728402129, 366507171, 0xDDDD, 3666, 27.83883, 1.22249, 25.25000, 24.12500, 25.43750, 24.25000, 1.33451, 0.03707, 2.50220, 1.18784, 3.03084, 3.19201, 0.00000, 3.05179, 3.00828, 2.70044, 2.56103, 22.80220
1728402129, 366607178, 0xDDDD, 3667, 27.83883, 1.22249, 25.25000, 24.12500, 25.43750, 24.25000, 1.33451, 0.04271, 2.50220, 1.19187, 3.04374, 3.20330, 0.00000, 3.05341, 3.00747, 2.69883, 2.56022, 22.98128
1728402130, 366707200, 0xDDDD, 3668, 28.24175, 1.22168, 25.25000, 24.12500, 25.43750, 24.25000, 1.33612, 0.03707, 2.50220, 1.19509, 3.05905, 3.20652, 0.00000, 3.05179, 3.00828, 2.70044, 2.56344, 22.98128
1728402130, 366807174, 0xDDDD, 3669, 27.43590, 1.22249, 25.25000, 24.12500, 25.43750, 24.31250, 1.33531, 0.03949, 2.50220, 1.17495, 3.07436, 3.19201, 0.00000, 3.05099, 3.00667, 2.70125, 2.56183, 22.80220
1728402130, 366907168, 0xDDDD, 3670, 27.83883, 1.22168, 25.25000, 24.06250, 25.43750, 24.31250, 1.33531, 0.04513, 2.50220, 1.17897, 3.00828, 3.20330, 0.00000, 3.05018, 3.00747, 2.70044, 2.56183, 22.98128
1728402130, 367007180, 0xDDDD, 3671, 27.83883, 1.22249, 25.25000, 24.06250, 25.50000, 24.31250, 1.33451, 0.04190, 2.50220, 1.18220, 3.02601, 3.19121, 0.00000, 3.05260, 3.00828, 2.69963, 2.57634, 22.98128
1728402130, 367107164, 0xDDDD, 3672, 27.43590, 1.22249, 25.25000, 24.06250, 25.50000, 24.25000, 1.33531, 0.03707, 2.50300, 1.18623, 3.04051, 3.20249, 0.00000, 3.05179, 3.00828, 2.70044, 2.55941, 22.98128
1728402130, 367207176, 0xDDDD, 3673, 27.83883, 1.22249, 25.25000, 24.12500, 25.50000, 24.25000, 1.33531, 0.03304, 2.50220, 1.19026, 3.01070, 3.18879, 0.00000, 3.05099, 3.00828, 2.69963, 2.56344, 22.98128
1728402130, 367307179, 0xDDDD, 3674, 27.83883, 1.22249, 25.25000, 24.12500, 25.50000, 24.25000, 1.33531, 0.03788, 2.50220, 1.19509, 3.02117, 3.19201, 0.00000, 3.05099, 3.00828, 2.70044, 2.56022, 22.98128
1728402130, 367407178, 0xDDDD, 3675, 27.83883, 1.22249, 25.25000, 24.12500, 25.50000, 24.25000, 1.33531, 0.03868, 2.50220, 1.19429, 3.03487, 3.20249, 0.00000, 3.05018, 3.00828, 2.70044, 2.56183, 22.98128
1728402130, 367507201, 0xDDDD, 3676, 27.83883, 1.22249, 25.25000, 24.12500, 25.50000, 24.31250, 1.33451, 0.03949, 2.50220, 1.19590, 3.05099, 3.18879, 0.00000, 3.05099, 3.00747, 2.70044, 2.56183, 22.98128
1728402130, 367607183, 0xDDDD, 3677, 27.83883, 1.22249, 25.25000, 24.12500, 25.50000, 24.31250, 1.33531, 0.03868, 2.50300, 1.17656, 3.06147, 3.20007, 0.00000, 3.05179, 3.00828, 2.70044, 2.56989, 22.98128
1728402131, 367707176, 0xDDDD, 3678, 27.83883, 1.22249, 25.25000, 24.12500, 25.50000, 24.31250, 1.33612, 0.03626, 2.50220, 1.18059, 3.07597, 3.21297, 0.00000, 3.05099, 3.00828, 2.69963, 2.52879, 22.98128
1728402131, 367807167, 0xDDDD, 3679, 27.43590, 1.22249, 25.25000, 24.12500, 25.50000, 24.31250, 1.33531, 0.04029, 2.50220, 1.18462, 3.04212, 3.19766, 0.00000, 3.05018, 3.00828, 2.70044, 2.55780, 22.98128
1728402131, 367907174, 0xDDDD, 3680, 27.83883, 1.22249, 25.25000, 24.06250, 25.50000, 24.31250, 1.33531, 0.03788, 2.50220, 1.18703, 3.05421, 3.20007, 0.00000, 3.04777, 3.00828, 2.70044, 2.56022, 22.98128
1728402131, 368007186, 0xDDDD, 3681, 27.43590, 1.22168, 25.25000, 24.06250, 25.50000, 24.31250, 1.33451, 0.04029, 2.50220, 1.19106, 3.06711, 3.21136, 0.00081, 3.05099, 3.00828, 2.70044, 2.55861, 22.98128
1728402131, 368107185, 0xDDDD, 3682, 27.43590, 1.22249, 25.25000, 24.12500, 25.50000, 24.31250, 1.33612, 0.03868, 2.50139, 1.18703, 3.08161, 3.19685, 0.00000, 3.05179, 3.00828, 2.70044, 2.56183, 22.98128
1728402131, 368207165, 0xDDDD, 3683, 27.83883, 1.22249, 25.25000, 24.12500, 25.43750, 24.31250, 1.33531, 0.03546, 2.50139, 1.19267, 3.01231, 3.20733, 0.00000, 3.05260, 3.00828, 2.70044, 2.62388, 22.98128
1728402131, 368307200, 0xDDDD, 3684, 28.24175, 1.22249, 25.25000, 24.12500, 25.43750, 24.25000, 1.33531, 0.03949, 2.50220, 1.19670, 3.02601, 3.19201, 0.00000, 3.05260, 3.00828, 2.69963, 2.52879, 22.98128
1728402131, 368407180, 0xDDDD, 3685, 27.83883, 1.22249, 25.25000, 24.12500, 25.43750, 24.25000, 1.33531, 0.03546, 2.50220, 1.17495, 3.08000, 3.20330, 0.00000, 3.05099, 3.00828, 2.69963, 2.55700, 22.98128
1728402131, 368507169, 0xDDDD, 3686, 28.24175, 1.22249, 25.25000, 24.12500, 25.50000, 24.25000, 1.33531, 0.04110, 2.50220, 1.17897, 3.00908, 3.20652, 0.00000, 3.05099, 3.00828, 2.70044, 2.56264, 22.98128
1728402131, 368607172, 0xDDDD, 3687, 27.83883, 1.22249, 25.25000, 24.12500, 25.50000, 24.25000, 1.33370, 0.04029, 2.50220, 1.18381, 3.02037, 3.19282, 0.00000, 3.04938, 3.00828, 2.69963, 2.55941, 22.98128
1728402132, 368707173, 0xDDDD, 3688, 28.24175, 1.22168, 25.25000, 24.12500, 25.50000, 24.25000, 1.33451, 0.03868, 2.50220, 1.18703, 3.03326, 3.20491, 0.00000, 3.05099, 3.00828, 2.70044, 2.56022, 22.98128
1728402132, 368807175, 0xDDDD, 3689, 27.83883, 1.22249, 25.25000, 24.12500, 25.50000, 24.25000, 1.33531, 0.03546, 2.50139, 1.19106, 3.04615, 3.18960, 0.00000, 3.05179, 3.00828, 2.70125, 2.53846, 22.98128
1728402132, 368907190, 0xDDDD, 3690, 27.83883, 1.22249, 25.25000, 24.06250, 25.50000, 24.25000, 1.33451, 0.04029, 2.50220, 1.18623, 3.05502, 3.20007, 0.00000, 3.05018, 3.00747, 2.69963, 2.55941, 22.98128
1728402132, 369007174, 0xDDDD, 3691, 27.83883, 1.22249, 25.25000, 24.06250, 25.43750, 24.25000, 1.33531, 0.03788, 2.50220, 1.19026, 3.06549, 3.20813, 0.00000, 3.05099, 3.00828, 2.70044, 2.56103, 22.98128
1728402132, 369107174, 0xDDDD, 3692, 27.83883, 1.22249, 25.25000, 24.12500, 25.43750, 24.25000, 1.33531, 0.04110, 2.50139, 1.19187, 3.03326, 3.19363, 0.00000, 3.05099, 3.00828, 2.70125, 2.56103, 22.80220
1728402132, 369207184, 0xDDDD, 3693, 27.83883, 1.22168, 25.25000, 24.12500, 25.50000, 24.25000, 1.32242, 0.03626, 2.50220, 1.19509, 3.04454, 3.19524, 0.00000, 3.05179, 3.00828, 2.70205, 2.55941, 23.51852
1728402132, 369307164, 0xDDDD, 3694, 28.24175, 1.22249, 25.25000, 24.12500, 25.50000, 24.25000, 1.33612, 0.03707, 2.50139, 1.19832, 3.05985, 3.20571, 0.00000, 3.05099, 3.00828, 2.70044, 2.56183, 22.98128
1728402132, 369407197, 0xDDDD, 3695, 27.83883, 1.22249, 25.25000, 24.12500, 25.50000, 24.25000, 1.33451, 0.04593, 2.50220, 1.17333, 3.07355, 3.19201, 0.00000, 3.05099, 3.00828, 2.69963, 2.55861, 22.80220
1728402132, 369507180, 0xDDDD, 3696, 28.24175, 1.22249, 25.25000, 24.12500, 25.50000, 24.25000, 1.33531, 0.03868, 2.50220, 1.17736, 3.00344, 3.20249, 0.00000, 3.05341, 3.00828, 2.69883, 2.56505, 22.98128
1728402132, 369607166, 0xDDDD, 3697, 27.83883, 1.22249, 25.25000, 24.12500, 25.50000, 24.25000, 1.33531, 0.03707, 2.50220, 1.17978, 3.01311, 3.18960, 0.00000, 3.05018, 3.00747, 2.70044, 2.62872, 22.98128
1728402133, 369707189, 0xDDDD, 3698, 27.83883, 1.22168, 25.25000, 24.12500, 25.43750, 24.25000, 1.33531, 0.04110, 2.50220, 1.19993, 3.06388, 3.19766, 0.00000, 3.05099, 3.00828, 2.70044, 2.56264, 22.98128
1728402133, 369807183, 0xDDDD, 3699, 27.83883, 1.22249, 25.25000, 24.12500, 25.43750, 24.25000, 1.33451, 0.03465, 2.50300, 1.17495, 3.07678, 3.20007, 0.00000, 3.05099, 3.00747, 2.70044, 2.56264, 22.98128
1728402133, 369907187, 0xDDDD, 3700, 27.83883, 1.22249, 25.25000, 24.12500, 25.50000, 24.25000, 1.33531, 0.04110, 2.50220, 1.17736, 3.00264, 3.20974, 0.00000, 3.04696, 3.00828, 2.69963, 2.56022, 22.98128
1728402133, 370007163, 0xDDDD, 3701, 28.24175, 1.22249, 25.25000, 24.12500, 25.50000, 24.25000, 1.33531, 0.04674, 2.50220, 1.17978, 3.01392, 3.19685, 0.00000, 3.05099, 3.00828, 2.70044, 2.56022, 22.80220
1728402133, 370107164, 0xDDDD, 3702, 27.83883, 1.22249, 25.25000, 24.12500, 25.50000, 24.25000, 1.33531, 0.03707, 2.50059, 1.18220, 3.02520, 3.20571, 0.00000, 3.05099, 3.00828, 2.69963, 2.53040, 22.98128
1728402133, 370207177, 0xDDDD, 3703, 27.83883, 1.22249, 25.25000, 24.12500, 25.43750, 24.25000, 1.33451, 0.04352, 2.50220, 1.18462, 3.03729, 3.19040, 0.00000, 3.05099, 3.00747, 2.69963, 2.53766, 22.98128
1728402133, 370307174, 0xDDDD, 3704, 27.83883, 1.22249, 25.31250, 24.12500, 25.43750, 24.25000, 1.33531, 0.04755, 2.50220, 1.18703, 3.00344, 3.20168, 0.00000, 3.05099, 3.00828, 2.69963, 2.56344, 22.98128
1728402133, 370407186, 0xDDDD, 3705, 28.24175, 1.22249, 25.31250, 24.12500, 25.50000, 24.25000, 1.33531, 0.03385, 2.50220, 1.18945, 3.01714, 3.20410, 0.00000, 3.04857, 3.00908, 2.69963, 2.56667, 22.98128
1728402133, 370507199, 0xDDDD, 3706, 27.83883, 1.22249, 25.31250, 24.12500, 25.50000, 24.25000, 1.33531, 0.03546, 2.50139, 1.18300, 3.02842, 3.18879, 0.00000, 3.05260, 3.00828, 2.70044, 2.56183, 22.62310
1728402133, 370607180, 0xDDDD, 3707, 27.83883, 1.22249, 25.25000, 24.06250, 25.50000, 24.25000, 1.33612, 0.03788, 2.50220, 1.18542, 3.03810, 3.19846, 0.00000, 3.05018, 3.00828, 2.70044, 2.56183, 22.98128
1728402134, 370707169, 0xDDDD, 3708, 27.43590, 1.22249, 25.25000, 24.06250, 25.50000, 24.25000, 1.33612, 0.03626, 2.50220, 1.18864, 3.04938, 3.20813, 0.00000, 3.05099, 3.00828, 2.69963, 2.62711, 22.98128
1728402134, 370807191, 0xDDDD, 3709, 27.83883, 1.22249, 25.25000, 24.12500, 25.50000, 24.25000, 1.33531, 0.03707, 2.50220, 1.19187, 3.05905, 3.19282, 0.00000, 3.05179, 3.00828, 2.70044, 2.56908, 22.98128
1728402134, 370907164, 0xDDDD, 3710, 27.83883, 1.22249, 25.25000, 24.12500, 25.43750, 24.31250, 1.33451, 0.04916, 2.50220, 1.19509, 3.07033, 3.20249, 0.00000, 3.05179, 3.00828, 2.69963, 2.56344, 22.98128
1728402134, 371007184, 0xDDDD, 3711, 27.83883, 1.22249, 25.25000, 24.12500, 25.43750, 24.31250, 1.33531, 0.03868, 2.50220, 1.19751, 3.03487, 3.21055, 0.00000, 3.05260, 3.00828, 2.70044, 2.56103, 22.98128
1728402134, 371107172, 0xDDDD, 3712, 28.24175, 1.22249, 25.25000, 24.12500, 25.43750, 24.31250, 1.33612, 0.04352, 2.50220, 1.20718, 3.04293, 3.18879, 0.00000, 3.05018, 3.00747, 2.70044, 2.56183, 22.26494
1728402134, 371207173, 0xDDDD, 3713, 27.83883, 1.22168, 25.25000, 24.12500, 25.43750, 24.25000, 1.33531, 0.03868, 2.50220, 1.17656, 3.05018, 3.19766, 0.00000, 3.05179, 3.00828, 2.69963, 2.56344, 22.98128
1728402134, 371307176, 0xDDDD, 3714, 28.24175, 1.22249, 25.25000, 24.12500, 25.43750, 24.25000, 1.33531, 0.03626, 2.50220, 1.19751, 3.06066, 3.20652, 0.00000, 3.05099, 3.00828, 2.70044, 2.56264, 22.80220
1728402134, 371407192, 0xDDDD, 3715, 28.24175, 1.22249, 25.25000, 24.12500, 25.50000, 24.25000, 1.33531, 0.04271, 2.50220, 1.19832, 3.06872, 3.19282, 0.00000, 3.05099, 3.00828, 2.70125, 2.54168, 22.98128
1728402134, 371507175, 0xDDDD, 3716, 28.24175, 1.22249, 25.25000, 24.12500, 25.50000, 24.25000, 1.33531, 0.04029, 2.50139, 1.17495, 3.07919, 3.20249, 0.00000, 3.05018, 3.00828, 2.70125, 2.56425, 22.98128
1728402134, 371607169, 0xDDDD, 3717, 27.83883, 1.22168, 25.25000, 24.12500, 25.50000, 24.25000, 1.33531, 0.04271, 2.50220, 1.17575, 3.04132, 3.18799, 0.00000, 3.04938, 3.00828, 2.70125, 2.56183, 22.98128
1728402135, 371707179, 0xDDDD, 3718, 28.24175, 1.22168, 25.25000, 24.12500, 25.50000, 24.25000, 1.33531, 0.04674, 2.50220, 1.17736, 3.04857, 3.18960, 0.00000, 3.05099, 3.00828, 2.70044, 2.56022, 22.98128
1728402135, 371807184, 0xDDDD, 3719, 27.83883, 1.22249, 25.25000, 24.12500, 25.43750, 24.25000, 1.33531, 0.04029, 2.50220, 1.17897, 3.05985, 3.20007, 0.00000, 3.05099, 3.00828, 2.70044, 2.56183, 22.98128
1728402135, 371907176, 0xDDDD, 3720, 28.24175, 1.22249, 25.25000, 24.12500, 25.43750, 24.25000, 1.33612, 0.03546, 2.50139, 1.17978, 3.07355, 3.21055, 0.00000, 3.05179, 3.00828, 2.70044, 2.56183, 22.98128
1728402135, 372007174, 0xDDDD, 3721, 28.24175, 1.22249, 25.25000, 24.12500, 25.43750, 24.25000, 1.33531, 0.03949, 2.50220, 1.17495, 3.08886, 3.19604, 0.00000, 3.05179, 3.00828, 2.70044, 2.57231, 22.80220
1728402135, 372107178, 0xDDDD, 3722, 27.83883, 1.22249, 25.25000, 24.12500, 25.43750, 24.25000, 1.33531, 0.03707, 2.50139, 1.17656, 3.00747, 3.20491, 0.00000, 3.04454, 3.00828, 2.69883, 2.55619, 22.80220
1728402135, 372207188, 0xDDDD, 3723, 27.83883, 1.22249, 25.25000, 24.12500, 25.43750, 24.25000, 1.33612, 0.03707, 2.50220, 1.17897, 3.05421, 3.18960, 0.00000, 3.05179, 3.00828, 2.69963, 2.55780, 22.98128
1728402135, 372307185, 0xDDDD, 3724, 27.43590, 1.22249, 25.25000, 24.12500, 25.50000, 24.25000, 1.33531, 0.04513, 2.50220, 1.17978, 3.06147, 3.19201, 0.00000, 3.05018, 3.00828, 2.70044, 2.55941, 22.98128
1728402135, 372407173, 0xDDDD, 3725, 27.83883, 1.22249, 25.25000, 24.12500, 25.50000, 24.25000, 1.33370, 0.04352, 2.50059, 1.18139, 3.07436, 3.20088, 0.00000, 3.05018, 3.00828, 2.70044, 2.56183, 22.98128
1728402135, 372507173, 0xDDDD, 3726, 27.83883, 1.22249, 25.31250, 24.12500, 25.50000, 24.25000, 1.33934, 0.03546, 2.50220, 1.18381, 3.00264, 3.20974, 0.00000, 3.05179, 3.00747, 2.70125, 2.56344, 22.98128
1728402135, 372607164, 0xDDDD, 3727, 27.83883, 1.22168, 25.31250, 24.12500, 25.50000, 24.25000, 1.33531, 0.04352, 2.50220, 1.18623, 3.01070, 3.19363, 0.00000, 3.05099, 3.00828, 2.69963, 2.55861, 22.98128
1728402136, 372707174, 0xDDDD, 3728, 27.83883, 1.22249, 25.31250, 24.12500, 25.50000, 24.25000, 1.33531, 0.03868, 2.50220, 1.18703, 3.02117, 3.20330, 0.00000, 3.05018, 3.00828, 2.70044, 2.55700, 22.98128
1728402136, 372807178, 0xDDDD, 3729, 28.24175, 1.22168, 25.25000, 24.12500, 25.43750, 24.25000, 1.33531, 0.03707, 2.50220, 1.18059, 3.06952, 3.21297, 0.00000, 3.04454, 3.00828, 2.70044, 2.56103, 22.98128
1728402136, 372907176, 0xDDDD, 3730, 27.83883, 1.22249, 25.25000, 24.12500, 25.43750, 24.25000, 1.33531, 0.03949, 2.50220, 1.18300, 3.07839, 3.19846, 0.00000, 3.05099, 3.00747, 2.70044, 2.55780, 23.16036
1728402136, 373007186, 0xDDDD, 3731, 27.83883, 1.22249, 25.25000, 24.12500, 25.43750, 24.25000, 1.33451, 0.03626, 2.50220, 1.18381, 3.00344, 3.20007, 0.00000, 3.05099, 3.00828, 2.69963, 2.56103, 22.98128
1728402136, 373107180, 0xDDDD, 3732, 27.83883, 1.22168, 25.25000, 24.12500, 25.43750, 24.25000, 1.33531, 0.03788, 2.50220, 1.18462, 3.01231, 3.20894, 0.00000, 3.04777, 3.00747, 2.69963, 2.56022, 22.98128
1728402136, 373207173, 0xDDDD, 3733, 28.24175, 1.22249, 25.31250, 24.12500, 25.43750, 24.25000, 1.33531, 0.03626, 2.50220, 1.18623, 3.02278, 3.19282, 0.00000, 3.05018, 3.00828, 2.69963, 2.54652, 22.98128
1728402136, 373307187, 0xDDDD, 3734, 28.24175, 1.22168, 25.31250, 24.12500, 25.43750, 24.25000, 1.33531, 0.03385, 2.50139, 1.18703, 3.03165, 3.20330, 0.00081, 3.05018, 3.00828, 2.70044, 2.48125, 22.98128
1728402136, 373407164, 0xDDDD, 3735, 27.83883, 1.22249, 25.31250, 24.12500, 25.43750, 24.25000, 1.33451, 0.04029, 2.50139, 1.18703, 3.03971, 3.18799, 0.00000, 3.05179, 3.00747, 2.69963, 2.56183, 22.98128
1728402136, 373507175, 0xDDDD, 3736, 27.83883, 1.22249, 25.25000, 24.12500, 25.50000, 24.25000, 1.33451, 0.04352, 2.50220, 1.18864, 3.00344, 3.19846, 0.00000, 3.04696, 3.00828, 2.69963, 2.55861, 22.98128
1728402136, 373607185, 0xDDDD, 3737, 27.83883, 1.22249, 25.25000, 24.12500, 25.50000, 24.25000, 1.33531, 0.03868, 2.50220, 1.18945, 3.00989, 3.20007, 0.00000, 3.05179, 3.00828, 2.70044, 2.56183, 22.98128
1728402137, 373707182, 0xDDDD, 3738, 28.24175, 1.22249, 25.25000, 24.12500, 25.50000, 24.25000, 1.33531, 0.03626, 2.50220, 1.18220, 3.01634, 3.20974, 0.00000, 3.04777, 3.00828, 2.69963, 2.56183, 22.98128
1728402137, 373807186, 0xDDDD, 3739, 27.83883, 1.22249, 25.25000, 24.12500, 25.43750, 24.31250, 1.33531, 0.04352, 2.50220, 1.18300, 3.02601, 3.19524, 0.00000, 3.04938, 3.00828, 2.70044, 2.56022, 22.98128
1728402137, 373907183, 0xDDDD, 3740, 28.24175, 1.22249, 25.25000, 24.12500, 25.43750, 24.31250, 1.33451, 0.03707, 2.50220, 1.18220, 3.03487, 3.20491, 0.00000, 3.04857, 3.00828, 2.70044, 2.55619, 22.98128
1728402137, 374007177, 0xDDDD, 3741, 27.83883, 1.22249, 25.25000, 24.12500, 25.50000, 24.31250, 1.33531, 0.04352, 2.50220, 1.18220, 3.04132, 3.18960, 0.00000, 3.05179, 3.00828, 2.70044, 2.57956, 23.16036
1728402137, 374107167, 0xDDDD, 3742, 27.83883, 1.22249, 25.25000, 24.12500, 25.50000, 24.25000, 1.33451, 0.04110, 2.50220, 1.18300, 3.00586, 3.19927, 0.00000, 3.05179, 3.00828, 2.70125, 2.56183, 22.98128
1728402137, 374207176, 0xDDDD, 3743, 27.83883, 1.22249, 25.25000, 24.12500, 25.50000, 24.25000, 1.33531, 0.03385, 2.50139, 1.18220, 3.01231, 3.20088, 0.00000, 3.05018, 3.00828, 2.70044, 2.56022, 22.80220
1728402137, 374307192, 0xDDDD, 3744, 28.24175, 1.22249, 25.25000, 24.12500, 25.50000, 24.25000, 1.33531, 0.03546, 2.50220, 1.18139, 3.02037, 3.21055, 0.00000, 3.04535, 3.00828, 2.69963, 2.56183, 22.98128
1728402137, 374407185, 0xDDDD, 3745, 27.43590, 1.22249, 25.25000, 24.12500, 25.50000, 24.25000, 1.33451, 0.04432, 2.50220, 1.17414, 3.02762, 3.19524, 0.00000, 3.04938, 3.00747, 2.69963, 2.55861, 22.98128
1728402137, 374507166, 0xDDDD, 3746, 28.64468, 1.22330, 25.25000, 24.12500, 25.43750, 24.25000, 1.33451, 0.04110, 2.50381, 1.17656, 3.02359, 3.20491, 0.00000, 3.04857, 3.00828, 2.69963, 2.53121, 22.44402
1728402137, 374607201, 0xDDDD, 3747, 27.83883, 1.22168, 25.25000, 24.12500, 25.43750, 24.25000, 1.33612, 0.04029, 2.50220, 1.17978, 3.01634, 3.18718, 0.00000, 3.04938, 3.00828, 2.69883, 2.58117, 22.98128
1728402138, 374707181, 0xDDDD, 3748, 27.83883, 1.22249, 25.25000, 24.12500, 25.50000, 24.25000, 1.33612, 0.03626, 2.50220, 1.18139, 3.06388, 3.19766, 0.00000, 3.05099, 3.00747, 2.69963, 2.56022, 22.98128
1728402138, 374807164, 0xDDDD, 3749, 28.24175, 1.22249, 25.25000, 24.12500, 25.50000, 24.31250, 1.33531, 0.03788, 2.50220, 1.18220, 3.07275, 3.20733, 0.00000, 3.05099, 3.00828, 2.70044, 2.56103, 22.98128
1728402138, 374907180, 0xDDDD, 3750, 27.83883, 1.22249, 25.25000, 24.12500, 25.50000, 24.31250, 1.33451, 0.04432, 2.50220, 1.18300, 3.07919, 3.20894, 0.00000, 3.05260, 3.00908, 2.70044, 2.56022, 22.98128
1728402138, 375007172, 0xDDDD, 3751, 28.24175, 1.22168, 25.25000, 24.12500, 25.50000, 24.31250, 1.33451, 0.03949, 2.50139, 1.18381, 3.09048, 3.19282, 0.00000, 3.05179, 3.00828, 2.70044, 2.55941, 22.98128
1728402138, 375107166, 0xDDDD, 3752, 28.24175, 1.22249, 25.25000, 24.12500, 25.50000, 24.31250, 1.33531, 0.04029, 2.50220, 1.18623, 3.00667, 3.20330, 0.00000, 3.04696, 3.00828, 2.70044, 2.51026, 22.98128
1728402138, 375207195, 0xDDDD, 3753, 27.83883, 1.22249, 25.31250, 24.12500, 25.43750, 24.31250, 1.33451, 0.04674, 2.50220, 1.17897, 3.01473, 3.21136, 0.00000, 3.05341, 3.00747, 2.69963, 2.56103, 22.98128
1728402138, 375307181, 0xDDDD, 3754, 28.24175, 1.22249, 25.31250, 24.12500, 25.43750, 24.31250, 1.33531, 0.03626, 2.50220, 1.18059, 3.02278, 3.19524, 0.00081, 3.05179, 3.00828, 2.70044, 2.55780, 22.98128
1728402138, 375407177, 0xDDDD, 3755, 27.83883, 1.22249, 25.31250, 24.18750, 25.50000, 24.31250, 1.33451, 0.04190, 2.50139, 1.18059, 3.06872, 3.20491, 0.00000, 3.04535, 3.00828, 2.70125, 2.56103, 22.98128
1728402138, 375507183, 0xDDDD, 3756, 27.83883, 1.22249, 25.31250, 24.18750, 25.50000, 24.25000, 1.33531, 0.03949, 2.50220, 1.18139, 3.07516, 3.20571, 0.00000, 3.05260, 3.00828, 2.69883, 2.56103, 22.98128
1728402138, 375607165, 0xDDDD, 3757, 27.83883, 1.22249, 25.31250, 24.12500, 25.50000, 24.25000, 1.33531, 0.03626, 2.50220, 1.18059, 3.08242, 3.18960, 0.00000, 3.04454, 3.00828, 2.70125, 2.56103, 22.98128
1728402139, 375707185, 0xDDDD, 3758, 28.24175, 1.22249, 25.25000, 24.12500, 25.50000, 24.25000, 1.33531, 0.04029, 2.50220, 1.18059, 3.00505, 3.19846, 0.00000, 3.05018, 3.00747, 2.70044, 2.55941, 22.98128
1728402139, 375807181, 0xDDDD, 3759, 28.24175, 1.22249, 25.25000, 24.12500, 25.50000, 24.31250, 1.33531, 0.03465, 2.50220, 1.18059, 3.01392, 3.20652, 0.00000, 3.05179, 3.00828, 2.70044, 2.56183, 22.98128
1728402139, 375907166, 0xDDDD, 3760, 28.24175, 1.22168, 25.25000, 24.12500, 25.50000, 24.31250, 1.33531, 0.03385, 2.50220, 1.19751, 3.01875, 3.19201, 0.00000, 3.05099, 3.00828, 2.70125, 2.52234, 22.98128
1728402139, 376007183, 0xDDDD, 3761, 27.83883, 1.22249, 25.25000, 24.12500, 25.50000, 24.25000, 1.33531, 0.04916, 2.50220, 1.17414, 3.06388, 3.20249, 0.00000, 3.05018, 3.00828, 2.69963, 2.55941, 22.98128
1728402139, 376107187, 0xDDDD, 3762, 28.24175, 1.22249, 25.25000, 24.12500, 25.50000, 24.25000, 1.33531, 0.03707, 2.50220, 1.17495, 3.07275, 3.20330, 0.00000, 3.05018, 3.00828, 2.69963, 2.55861, 22.98128
1728402139, 376207180, 0xDDDD, 3763, 28.24175, 1.22249, 25.31250, 24.12500, 25.43750, 24.25000, 1.33531, 0.03626, 2.50220, 1.17736, 3.08161, 3.18799, 0.00000, 3.05099, 3.00828, 2.70044, 2.56022, 22.98128
1728402139, 376307172, 0xDDDD, 3764, 27.83883, 1.22249, 25.31250, 24.12500, 25.43750, 24.25000, 1.33451, 0.04029, 2.50139, 1.17736, 3.00264, 3.19766, 0.00000, 3.05179, 3.00828, 2.69963, 2.55861, 22.98128
1728402139, 376407164, 0xDDDD, 3765, 27.83883, 1.22249, 25.25000, 24.12500, 25.50000, 24.25000, 1.33531, 0.03707, 2.50220, 1.17817, 3.00989, 3.20652, 0.00000, 3.05099, 3.00828, 2.70125, 2.55861, 22.98128
1728402139, 376507183, 0xDDDD, 3766, 28.24175, 1.22249, 25.25000, 24.12500, 25.50000, 24.31250, 1.33531, 0.03385, 2.50220, 1.17978, 3.01634, 3.19121, 0.00000, 3.04857, 3.00828, 2.70044, 2.56667, 22.98128
1728402139, 376607174, 0xDDDD, 3767, 27.83883, 1.22249, 25.31250, 24.12500, 25.50000, 24.31250, 1.33531, 0.03868, 2.50220, 1.17897, 3.06066, 3.20088, 0.00000, 3.04293, 3.00828, 2.70044, 2.56103, 22.98128
1728402140, 376707177, 0xDDDD, 3768, 28.24175, 1.22249, 25.31250, 24.12500, 25.50000, 24.31250, 1.33531, 0.04271, 2.50220, 1.19751, 3.06791, 3.20088, 0.00000, 3.05260, 3.00828, 2.70044, 2.55861, 22.98128
1728402140, 376807201, 0xDDDD, 3769, 28.24175, 1.22249, 25.31250, 24.18750, 25.50000, 24.31250, 1.33451, 0.04110, 2.50139, 1.19912, 3.07275, 3.21136, 0.00000, 3.05018, 3.00828, 2.70125, 2.56103, 22.98128
1728402140, 376907183, 0xDDDD, 3770, 28.24175, 1.22249, 25.25000, 24.18750, 25.50000, 24.31250, 1.33370, 0.03385, 2.50220, 1.20234, 3.07758, 3.19443, 0.00000, 3.05179, 3.00828, 2.70044, 2.56103, 22.98128
1728402140, 377007170, 0xDDDD, 3771, 28.24175, 1.22330, 25.25000, 24.18750, 25.50000, 24.31250, 1.33531, 0.03868, 2.50139, 1.20073, 3.08886, 3.20491, 0.00000, 3.05179, 3.00828, 2.70044, 2.58520, 23.16036
1728402140, 377107181, 0xDDDD, 3772, 27.83883, 1.22168, 25.31250, 24.12500, 25.50000, 24.31250, 1.33531, 0.04271, 2.50139, 1.19751, 3.00667, 3.21377, 0.00000, 3.04857, 3.00747, 2.70044, 2.54974, 22.98128
1728402140, 377207170, 0xDDDD, 3773, 28.24175, 1.22168, 25.31250, 24.12500, 25.50000, 24.25000, 1.33531, 0.03626, 2.50220, 1.19751, 3.01150, 3.19604, 0.00000, 3.05018, 3.00747, 2.69883, 2.55941, 22.98128
1728402140, 377307185, 0xDDDD, 3774, 27.83883, 1.22249, 25.31250, 24.12500, 25.50000, 24.25000, 1.33531, 0.03465, 2.50059, 1.20557, 3.05663, 3.20491, 0.00000, 3.04696, 3.00828, 2.70044, 2.56586, 23.16036
1728402140, 377407174, 0xDDDD, 3775, 27.83883, 1.22249, 25.31250, 24.12500, 25.43750, 24.31250, 1.33612, 0.03949, 2.50220, 1.19590, 3.06066, 3.20571, 0.00000, 3.05179, 3.00828, 2.70044, 2.56183, 22.26494
1728402140, 377507174, 0xDDDD, 3776, 27.83883, 1.22168, 25.31250, 24.12500, 25.43750, 24.31250, 1.33531, 0.03949, 2.50220, 1.18462, 3.06952, 3.18960, 0.00000, 3.05099, 3.00828, 2.70044, 2.56183, 22.98128
1728402140, 377607181, 0xDDDD, 3777, 28.24175, 1.22249, 25.25000, 24.12500, 25.43750, 24.31250, 1.33531, 0.03465, 2.50139, 1.19267, 3.07678, 3.19846, 0.00000, 3.05179, 3.00828, 2.70044, 2.56103, 22.98128
1728402141, 377707183, 0xDDDD, 3778, 27.83883, 1.22249, 25.25000, 24.12500, 25.43750, 24.31250, 1.33531, 0.04271, 2.50220, 1.19187, 3.08161, 3.20733, 0.00000, 3.05179, 3.00908, 2.70044, 2.50300, 22.98128
1728402141, 377807176, 0xDDDD, 3779, 27.83883, 1.22249, 25.25000, 24.18750, 25.50000, 24.31250, 1.33531, 0.03949, 2.50300, 1.19267, 3.00264, 3.19040, 0.00000, 3.05018, 3.00828, 2.70044, 2.56022, 22.98128
1728402141, 377907176, 0xDDDD, 3780, 28.64468, 1.22249, 25.25000, 24.18750, 25.50000, 24.25000, 1.33451, 0.04029, 2.50220, 1.19267, 3.04938, 3.19766, 0.00000, 3.05099, 3.00828, 2.69963, 2.56103, 22.80220
1728402141, 378007184, 0xDDDD, 3781, 28.24175, 1.22249, 25.25000, 24.18750, 25.50000, 24.25000, 1.33612, 0.03626, 2.50220, 1.19348, 3.05421, 3.19766, 0.00000, 3.05260, 3.00828, 2.70044, 2.56264, 22.98128
1728402141, 378107166, 0xDDDD, 3782, 27.83883, 1.22249, 25.25000, 24.12500, 25.50000, 24.25000, 1.33531, 0.03788, 2.50220, 1.19429, 3.05905, 3.20652, 0.00000, 3.05018, 3.00828, 2.70044, 2.56183, 22.98128
1728402141, 378207175, 0xDDDD, 3783, 28.24175, 1.22249, 25.25000, 24.12500, 25.50000, 24.25000, 1.33531, 0.04029, 2.50220, 1.19429, 3.06308, 3.19040, 0.00000, 3.05018, 3.00828, 2.70125, 2.56103, 22.98128
1728402141, 378307179, 0xDDDD, 3784, 28.24175, 1.22168, 25.25000, 24.18750, 25.43750, 24.25000, 1.33531, 0.04190, 2.50220, 1.18623, 3.06791, 3.19927, 0.00000, 3.05099, 3.00828, 2.70044, 2.59487, 22.98128
1728402141, 378407166, 0xDDDD, 3785, 28.24175, 1.22249, 25.25000, 24.18750, 25.43750, 24.25000, 1.33531, 0.03385, 2.50220, 1.18623, 3.07516, 3.20733, 0.00000, 3.05260, 3.00828, 2.69963, 2.59245, 22.98128
1728402141, 378507181, 0xDDDD, 3786, 27.83883, 1.22249, 25.25000, 24.12500, 25.43750, 24.25000, 1.33531, 0.03304, 2.50220, 1.18623, 3.03407, 3.19040, 0.00000, 3.05179, 3.00828, 2.70044, 2.55941, 23.16036
1728402141, 378607185, 0xDDDD, 3787, 27.83883, 1.22249, 25.25000, 24.12500, 25.50000, 24.25000, 1.33451, 0.03868, 2.50220, 1.18542, 3.03890, 3.19040, 0.00000, 3.05099, 3.00828, 2.70044, 2.56425, 22.98128
1728402142, 378707179, 0xDDDD, 3788, 28.24175, 1.22249, 25.25000, 24.12500, 25.50000, 24.31250, 1.31597, 0.03868, 2.50220, 1.18542, 3.04615, 3.20007, 0.00000, 3.05260, 3.00747, 2.70044, 2.56022, 22.98128
1728402142, 378807166, 0xDDDD, 3789, 27.83883, 1.22249, 25.31250, 24.12500, 25.43750, 24.31250, 1.36835, 0.03626, 2.50139, 1.18542, 3.05018, 3.20894, 0.00000, 3.05179, 3.00828, 2.70044, 2.56103, 22.80220
1728402142, 378907164, 0xDDDD, 3790, 27.83883, 1.22249, 25.31250, 24.12500, 25.43750, 24.25000, 1.33531, 0.04352, 2.50220, 1.18542, 3.05582, 3.19363, 0.00000, 3.04938, 3.00828, 2.69883, 2.55619, 22.98128
1728402142, 379007180, 0xDDDD, 3791, 27.83883, 1.22249, 25.31250, 24.12500, 25.50000, 24.25000, 1.33451, 0.03868, 2.50220, 1.18542, 3.06066, 3.20168, 0.00000, 3.05018, 3.00747, 2.69963, 2.56344, 22.98128
1728402142, 379107181, 0xDDDD, 3792, 27.43590, 1.22249, 25.31250, 24.12500, 25.50000, 24.31250, 1.33451, 0.04029, 2.50220, 1.17817, 3.02278, 3.21055, 0.00000, 3.05099, 3.00828, 2.69883, 2.56103, 22.98128
1728402142, 379207183, 0xDDDD, 3793, 27.83883, 1.22249, 25.31250, 24.12500, 25.50000, 24.31250, 1.33531, 0.04190, 2.50139, 1.17656, 3.02762, 3.19363, 0.00000, 3.05099, 3.00828, 2.70044, 2.55861, 22.98128
1728402142, 379307186, 0xDDDD, 3794, 27.83883, 1.22249, 25.25000, 24.18750, 25.43750, 24.31250, 1.33451, 0.03546, 2.50220, 1.17495, 3.03245, 3.19524, 0.00000, 3.05099, 3.00828, 2.69963, 2.55861, 23.33944
1728402142, 379407182, 0xDDDD, 3795, 28.24175, 1.22249, 25.25000, 24.18750, 25.43750, 24.31250, 1.33531, 0.03707, 2.50220, 1.17414, 3.03971, 3.20491, 0.00000, 3.05179, 3.00828, 2.70044, 2.56022, 23.16036
1728402142, 379507170, 0xDDDD, 3796, 27.83883, 1.22249, 25.25000, 24.12500, 25.50000, 24.31250, 1.33531, 0.04110, 2.50220, 1.17414, 3.04615, 3.20813, 0.00000, 3.05018, 3.00828, 2.69883, 2.56586, 22.98128
1728402142, 379607191, 0xDDDD, 3797, 28.24175, 1.22249, 25.25000, 24.12500, 25.50000, 24.31250, 1.33451, 0.04190, 2.50220, 1.17414, 3.05018, 3.19604, 0.00000, 3.05018, 3.00828, 2.70044, 2.58681, 22.80220
1728402143, 379707171, 0xDDDD, 3798, 27.83883, 1.22249, 25.25000, 24.12500, 25.50000, 24.31250, 1.33531, 0.03707, 2.50139, 1.19912, 3.05502, 3.20410, 0.00000, 3.05099, 3.00828, 2.70044, 2.56022, 22.98128
1728402143, 379807175, 0xDDDD, 3799, 27.83883, 1.22249, 25.25000, 24.12500, 25.50000, 24.31250, 1.33531, 0.05560, 2.50300, 1.19751, 3.01311, 3.18799, 0.00000, 3.05099, 3.00828, 2.70125, 2.56344, 22.98128
1728402143, 379907185, 0xDDDD, 3800, 27.83883, 1.22249, 25.25000, 24.12500, 25.50000, 24.31250, 1.33612, 0.05399, 2.50220, 1.18864, 3.01956, 3.18718, 0.00000, 3.05179, 3.00747, 2.70044, 2.56344, 22.98128
1728402143, 380007176, 0xDDDD, 3801, 27.83883, 1.22168, 25.31250, 24.12500, 25.50000, 24.31250, 1.33531, 0.03788, 2.50139, 1.18784, 3.02601, 3.19604, 0.00000, 3.05099, 3.00908, 2.70044, 2.56264, 22.98128
1728402143, 380107177, 0xDDDD, 3802, 27.83883, 1.22249, 25.31250, 24.12500, 25.50000, 24.31250, 1.33531, 0.04432, 2.50220, 1.18703, 3.03084, 3.20571, 0.00000, 3.05099, 3.00828, 2.69963, 2.55861, 22.98128
1728402143, 380207186, 0xDDDD, 3803, 27.83883, 1.22249, 25.31250, 24.12500, 25.50000, 24.31250, 1.33531, 0.03707, 2.50220, 1.18703, 3.03729, 3.21297, 0.00000, 3.05260, 3.00828, 2.70044, 2.56103, 22.80220
1728402143, 380307176, 0xDDDD, 3804, 28.24175, 1.22249, 25.25000, 24.12500, 25.50000, 24.31250, 1.33370, 0.04432, 2.50220, 1.18542, 3.04212, 3.19685, 0.00000, 3.05099, 3.00828, 2.70125, 2.55861, 22.98128
1728402143, 380407172, 0xDDDD, 3805, 27.83883, 1.22249, 25.25000, 24.12500, 25.50000, 24.31250, 1.33531, 0.03465, 2.50220, 1.18623, 3.01070, 3.20652, 0.00000, 3.05099, 3.00828, 2.70125, 2.56022, 22.98128
1728402143, 380507183, 0xDDDD, 3806, 28.24175, 1.22249, 25.31250, 24.12500, 25.50000, 24.31250, 1.33531, 0.04110, 2.50220, 1.18462, 3.00747, 3.20652, 0.00000, 3.05099, 3.00828, 2.70044, 2.55941, 22.98128
1728402143, 380607193, 0xDDDD, 3807, 28.24175, 1.22249, 25.31250, 24.12500, 25.50000, 24.25000, 1.33531, 0.03626, 2.50139, 1.18381, 3.01231, 3.18879, 0.00000, 3.04938, 3.00828, 2.69963, 2.56505, 23.16036
1728402144, 380707188, 0xDDDD, 3808, 28.24175, 1.22249, 25.31250, 24.12500, 25.43750, 24.25000, 1.33531, 0.03788, 2.50220, 1.17495, 3.01795, 3.19846, 0.00000, 3.05179, 3.00828, 2.70044, 2.56183, 23.16036
1728402144, 380807174, 0xDDDD, 3809, 27.83883, 1.22249, 25.25000, 24.12500, 25.43750, 24.31250, 1.33531, 0.04110, 2.50220, 1.19751, 3.02117, 3.20652, 0.00000, 3.04857, 3.00828, 2.69883, 2.51912, 22.98128
1728402144, 380907187, 0xDDDD, 3810, 27.83883, 1.22249, 25.25000, 24.12500, 25.43750, 24.31250, 1.33451, 0.04110, 2.50220, 1.19670, 3.02440, 3.18960, 0.00000, 3.05099, 3.00828, 2.70044, 2.55538, 22.98128
1728402144, 381007184, 0xDDDD, 3811, 27.83883, 1.22168, 25.25000, 24.18750, 25.50000, 24.31250, 1.33531, 0.04190, 2.50220, 1.19429, 3.06711, 3.19846, 0.00000, 3.04696, 3.00828, 2.69963, 2.56103, 22.98128
1728402144, 381107164, 0xDDDD, 3812, 27.83883, 1.22249, 25.25000, 24.18750, 25.50000, 24.31250, 1.33451, 0.03626, 2.50220, 1.19267, 3.07033, 3.20571, 0.00000, 3.05179, 3.00828, 2.69883, 2.56264, 22.98128
1728402144, 381207184, 0xDDDD, 3813, 28.24175, 1.22249, 25.31250, 24.18750, 25.50000, 24.31250, 1.33209, 0.04513, 2.50220, 1.19026, 3.07194, 3.20491, 0.00000, 3.05018, 3.00828, 2.70125, 2.56344, 23.16036
1728402144, 381307174, 0xDDDD, 3814, 27.83883, 1.22249, 25.31250, 24.18750, 25.50000, 24.31250, 1.33370, 0.03385, 2.50139, 1.18864, 3.07839, 3.18879, 0.00000, 3.05179, 3.00828, 2.70044, 2.56505, 22.98128
1728402144, 381407167, 0xDDDD, 3815, 27.83883, 1.22249, 25.31250, 24.12500, 25.50000, 24.31250, 1.33451, 0.04432, 2.50220, 1.17897, 3.08081, 3.19685, 0.00000, 3.04938, 3.00828, 2.70125, 2.54330, 22.98128
1728402144, 381507195, 0xDDDD, 3816, 27.83883, 1.22249, 25.25000, 24.12500, 25.50000, 24.31250, 1.33531, 0.03546, 2.50220, 1.17817, 3.08967, 3.20571, 0.00000, 3.04857, 3.00828, 2.70044, 2.57714, 22.98128
1728402144, 381607179, 0xDDDD, 3817, 27.83883, 1.22249, 25.25000, 24.12500, 25.50000, 24.31250, 1.33531, 0.03949, 2.50220, 1.17575, 3.00425, 3.18879, 0.00000, 3.05179, 3.00828, 2.70044, 2.56103, 22.98128
1728402145, 381707183, 0xDDDD, 3818, 27.83883, 1.22249, 25.31250, 24.12500, 25.50000, 24.31250, 1.33612, 0.04432, 2.50220, 1.17414, 3.04615, 3.19685, 0.00000, 3.05179, 3.00828, 2.69963, 2.55780, 22.98128
1728402145, 381807173, 0xDDDD, 3819, 27.83883, 1.22249, 25.31250, 24.12500, 25.50000, 24.31250, 1.33531, 0.03788, 2.50139, 1.20154, 3.04938, 3.19685, 0.00000, 3.04938, 3.00747, 2.70205, 2.56344, 22.98128
1728402145, 381907165, 0xDDDD, 3820, 27.83883, 1.22249, 25.31250, 24.12500, 25.50000, 24.31250, 1.33853, 0.03546, 2.50220, 1.19751, 3.05421, 3.20491, 0.00000, 3.05099, 3.00908, 2.70205, 2.56022, 22.98128
1728402145, 382007186, 0xDDDD, 3821, 27.83883, 1.22168, 25.25000, 24.12500, 25.50000, 24.31250, 1.33531, 0.04432, 2.50220, 1.19590, 3.05824, 3.18799, 0.00000, 3.05099, 3.00828, 2.69963, 2.55861, 22.98128
1728402145, 382107180, 0xDDDD, 3822, 28.24175, 1.22249, 25.25000, 24.12500, 25.50000, 24.31250, 1.33531, 0.04432, 2.50220, 1.19429, 3.05905, 3.19604, 0.00000, 3.05179, 3.00828, 2.70044, 2.55538, 22.98128
1728402145, 382207166, 0xDDDD, 3823, 27.83883, 1.22249, 25.31250, 24.18750, 25.50000, 24.31250, 1.33531, 0.04190, 2.50220, 1.18462, 3.06147, 3.20410, 0.00000, 3.05099, 3.00828, 2.69963, 2.55619, 22.98128
1728402145, 382307174, 0xDDDD, 3824, 27.83883, 1.22249, 25.31250, 24.18750, 25.50000, 24.25000, 1.33531, 0.04029, 2.50220, 1.18220, 3.01956, 3.21216, 0.00000, 3.05099, 3.00828, 2.70205, 2.56183, 22.98128
1728402145, 382407192, 0xDDDD, 3825, 27.83883, 1.22249, 25.31250, 24.12500, 25.43750, 24.25000, 1.33531, 0.03626, 2.50220, 1.18139, 3.02117, 3.21136, 0.00000, 3.05260, 3.00828, 2.70044, 2.56022, 22.98128
1728402145, 382507181, 0xDDDD, 3826, 27.83883, 1.22249, 25.25000, 24.12500, 25.43750, 24.31250, 1.33612, 0.03626, 2.50220, 1.18059, 3.02520, 3.19524, 0.00000, 3.05099, 3.00828, 2.70044, 2.56103, 22.98128
1728402145, 382607171, 0xDDDD, 3827, 27.83883, 1.22249, 25.25000, 24.12500, 25.43750, 24.31250, 1.33531, 0.03707, 2.50220, 1.17897, 3.02681, 3.20249, 0.00000, 3.05018, 3.00828, 2.70044, 2.56264, 22.98128
1728402146, 382707169, 0xDDDD, 3828, 28.24175, 1.22249, 25.31250, 24.12500, 25.43750, 24.31250, 1.33451, 0.04110, 2.50220, 1.17817, 3.03004, 3.20974, 0.00000, 3.05099, 3.00828, 2.70286, 2.58842, 22.98128
1728402146, 382807198, 0xDDDD, 3829, 28.24175, 1.22249, 25.31250, 24.12500, 25.43750, 24.31250, 1.33612, 0.03465, 2.50220, 1.17575, 3.03165, 3.19363, 0.00000, 3.05341, 3.00828, 2.69883, 2.47963, 22.98128
1728402146, 382907174, 0xDDDD, 3830, 27.83883, 1.22249, 25.31250, 24.12500, 25.50000, 24.31250, 1.33531, 0.04029, 2.50220, 1.20799, 3.07436, 3.20088, 0.00000, 3.05099, 3.00828, 2.69963, 2.56264, 22.98128
1728402146, 383007178, 0xDDDD, 3831, 28.24175, 1.22249, 25.31250, 24.12500, 25.50000, 24.31250, 1.33531, 0.04029, 2.50220, 1.19026, 3.07275, 3.20168, 0.00000, 3.04938, 3.00828, 2.70044, 2.56022, 22.98128
1728402146, 383107203, 0xDDDD, 3832, 28.24175, 1.22168, 25.31250, 24.12500, 25.43750, 24.31250, 1.33451, 0.04593, 2.50220, 1.18784, 3.07355, 3.20974, 0.00000, 3.05099, 3.00828, 2.70044, 2.55619, 22.98128
1728402146, 383207189, 0xDDDD, 3833, 27.83883, 1.22249, 25.25000, 24.12500, 25.43750, 24.25000, 1.33531, 0.03788, 2.50220, 1.18623, 3.07516, 3.19282, 0.00000, 3.04857, 3.00828, 2.69963, 2.56183, 22.98128
1728402146, 383307174, 0xDDDD, 3834, 27.83883, 1.22249, 25.25000, 24.12500, 25.43750, 24.25000, 1.33531, 0.03626, 2.50220, 1.18300, 3.07597, 3.20088, 0.00000, 3.05099, 3.00747, 2.70044, 2.51026, 22.98128
1728402146, 383407182, 0xDDDD, 3835, 28.24175, 1.22168, 25.31250, 24.12500, 25.50000, 24.25000, 1.33451, 0.03707, 2.50220, 1.18220, 3.08000, 3.20974, 0.00000, 3.04696, 3.00828, 2.69963, 2.56747, 22.98128
1728402146, 383507175, 0xDDDD, 3836, 27.83883, 1.22249, 25.31250, 24.12500, 25.50000, 24.31250, 1.33531, 0.03949, 2.50220, 1.17897, 3.08081, 3.19121, 0.00000, 3.05341, 3.00828, 2.69963, 2.56103, 23.16036
1728402146, 383607197, 0xDDDD, 3837, 27.83883, 1.22249, 25.31250, 24.12500, 25.50000, 24.31250, 1.33531, 0.03949, 2.50139, 1.17656, 3.03890, 3.20007, 0.00000, 3.05099, 3.00828, 2.70044, 2.56103, 22.80220
1728402147, 383707176, 0xDDDD, 3838, 27.83883, 1.22249, 25.31250, 24.12500, 25.50000, 24.31250, 1.33531, 0.04190, 2.50220, 1.17495, 3.04212, 3.20007, 0.00000, 3.05260, 3.00828, 2.70044, 2.56103, 22.44402
1728402147, 383807182, 0xDDDD, 3839, 28.24175, 1.22249, 25.31250, 24.12500, 25.50000, 24.31250, 1.33531, 0.03788, 2.50220, 1.20234, 3.04454, 3.20571, 0.00000, 3.05179, 3.00828, 2.70125, 2.56264, 22.98128
1728402147, 383907178, 0xDDDD, 3840, 28.24175, 1.22249, 25.25000, 24.12500, 25.50000, 24.31250, 1.33451, 0.04352, 2.50139, 1.19026, 3.04777, 3.19040, 0.00000, 3.05179, 3.00828, 2.70044, 2.55861, 22.98128
1728402147, 384007174, 0xDDDD, 3841, 28.24175, 1.22249, 25.25000, 24.12500, 25.50000, 24.25000, 1.33531, 0.03626, 2.50139, 1.18703, 3.04696, 3.19846, 0.00000, 3.05179, 3.00828, 2.69963, 2.60535, 22.98128
1728402147, 384107179, 0xDDDD, 3842, 28.24175, 1.22249, 25.31250, 24.12500, 25.50000, 24.25000, 1.33531, 0.04352, 2.50220, 1.18381, 3.05099, 3.20571, 0.00000, 3.05260, 3.00908, 2.70125, 2.56103, 22.98128
1728402147, 384207179, 0xDDDD, 3843, 27.83883, 1.22249, 25.31250, 24.12500, 25.50000, 24.25000, 1.33531, 0.03626, 2.50220, 1.18220, 3.00908, 3.18960, 0.00000, 3.05179, 3.00828, 2.69963, 2.56344, 22.98128
1728402147, 384307174, 0xDDDD, 3844, 27.83883, 1.22249, 25.31250, 24.18750, 25.50000, 24.25000, 1.33531, 0.03626, 2.50220, 1.17897, 3.01150, 3.18960, 0.00000, 3.05179, 3.00908, 2.70044, 2.56103, 22.98128
1728402147, 384407172, 0xDDDD, 3845, 27.43590, 1.22249, 25.31250, 24.18750, 25.50000, 24.31250, 1.36835, 0.04190, 2.50220, 1.17656, 3.01311, 3.19766, 0.00000, 3.05179, 3.00828, 2.70044, 2.56264, 22.98128
1728402147, 384507177, 0xDDDD, 3846, 29.04761, 1.22088, 25.31250, 24.18750, 25.50000, 24.31250, 1.33531, 0.04271, 2.50300, 1.17656, 3.00505, 3.20491, 0.00000, 3.05179, 3.00828, 2.69963, 2.56344, 22.62310
1728402147, 384607184, 0xDDDD, 3847, 28.24175, 1.22249, 25.25000, 24.12500, 25.43750, 24.31250, 1.33531, 0.03788, 2.50220, 1.19429, 3.07275, 3.18718, 0.00000, 3.05260, 3.00828, 2.70125, 2.52396, 22.98128
1728402148, 384707167, 0xDDDD, 3848, 28.24175, 1.22249, 25.25000, 24.12500, 25.43750, 24.31250, 1.33531, 0.03626, 2.50220, 1.19267, 3.07436, 3.19443, 0.00000, 3.05179, 3.00828, 2.69963, 2.53685, 22.98128
1728402148, 384807175, 0xDDDD, 3849, 28.24175, 1.22249, 25.25000, 24.12500, 25.50000, 24.31250, 1.33451, 0.04271, 2.50220, 1.18945, 3.03326, 3.20410, 0.00000, 3.05018, 3.00828, 2.70044, 2.56183, 22.98128
1728402148, 384907185, 0xDDDD, 3850, 28.24175, 1.22249, 25.25000, 24.12500, 25.50000, 24.31250, 1.33612, 0.03788, 2.50220, 1.18784, 3.03729, 3.20249, 0.00000, 3.05099, 3.00828, 2.70044, 2.56103, 22.98128
1728402148, 385007186, 0xDDDD, 3851, 27.83883, 1.22249, 25.25000, 24.12500, 25.50000, 24.31250, 1.33370, 0.03949, 2.50220, 1.18462, 3.03890, 3.21136, 0.00000, 3.05099, 3.00828, 2.70205, 2.56344, 22.98128
1728402148, 385107170, 0xDDDD, 3852, 28.24175, 1.22249, 25.25000, 24.12500, 25.50000, 24.31250, 1.33451, 0.04352, 2.50381, 1.18139, 3.04132, 3.19443, 0.00000, 3.05099, 3.00828, 2.70044, 2.55941, 22.98128
1728402148, 385207167, 0xDDDD, 3853, 27.83883, 1.22249, 25.25000, 24.12500, 25.50000, 24.31250, 1.33531, 0.03465, 2.50220, 1.17897, 3.04132, 3.20249, 0.00000, 3.05099, 3.00828, 2.70044, 2.56183, 22.98128
1728402148, 385307183, 0xDDDD, 3854, 27.83883, 1.22249, 25.25000, 24.12500, 25.43750, 24.31250, 1.33370, 0.04271, 2.50220, 1.17656, 3.04212, 3.20974, 0.00000, 3.04777, 3.00828, 2.70044, 2.55941, 22.98128
1728402148, 385407176, 0xDDDD, 3855, 27.83883, 1.22249, 25.31250, 24.12500, 25.43750, 24.31250, 1.33451, 0.03626, 2.50220, 1.19267, 3.08081, 3.19121, 0.00000, 3.05018, 3.00828, 2.70044, 2.56183, 22.80220
1728402148, 385507175, 0xDDDD, 3856, 28.24175, 1.22249, 25.31250, 24.18750, 25.50000, 24.31250, 1.33531, 0.05077, 2.50220, 1.18864, 3.08081, 3.19846, 0.00000, 3.05260, 3.00908, 2.69963, 2.55941, 22.98128
1728402148, 385607183, 0xDDDD, 3857, 27.43590, 1.22249, 25.25000, 24.18750, 25.50000, 24.31250, 1.33451, 0.04513, 2.50300, 1.18542, 3.07839, 3.19846, 0.00000, 3.05179, 3.00828, 2.70205, 2.56103, 22.44402
1728402149, 385707182, 0xDDDD, 3858, 27.83883, 1.22249, 25.25000, 24.18750, 25.50000, 24.31250, 1.33531, 0.03546, 2.50220, 1.18300, 3.08081, 3.20571, 0.00000, 3.04374, 3.00828, 2.70205, 2.56264, 22.98128
1728402149, 385807163, 0xDDDD, 3859, 27.83883, 1.22168, 25.25000, 24.18750, 25.43750, 24.31250, 1.33531, 0.04029, 2.50220, 1.17978, 3.08242, 3.18799, 0.00000, 3.05099, 3.00747, 2.70044, 2.56103, 22.98128
1728402149, 385907205, 0xDDDD, 3860, 28.24175, 1.22249, 25.25000, 24.18750, 25.43750, 24.31250, 1.33531, 0.04029, 2.50220, 1.17736, 3.08081, 3.19604, 0.00000, 3.04777, 3.00828, 2.70044, 2.56425, 22.98128
1728402149, 386007176, 0xDDDD, 3861, 27.83883, 1.22249, 25.25000, 24.18750, 25.50000, 24.31250, 1.33612, 0.03707, 2.50220, 1.17495, 3.08081, 3.20330, 0.00000, 3.04454, 3.00828, 2.70044, 2.56183, 22.98128
1728402149, 386107166, 0xDDDD, 3862, 27.83883, 1.22249, 25.31250, 24.18750, 25.50000, 24.31250, 1.33612, 0.04432, 2.50220, 1.20154, 3.03407, 3.21136, 0.00000, 3.05099, 3.00828, 2.70125, 2.55861, 22.98128
1728402149, 386207187, 0xDDDD, 3863, 28.24175, 1.22249, 25.31250, 24.18750, 25.50000, 24.31250, 1.33531, 0.03143, 2.50220, 1.18945, 3.03487, 3.21136, 0.00000, 3.05099, 3.00828, 2.70044, 2.56505, 22.98128
1728402149, 386307183, 0xDDDD, 3864, 27.83883, 1.22249, 25.31250, 24.12500, 25.50000, 24.31250, 1.33612, 0.04352, 2.50300, 1.18784, 3.03407, 3.19443, 0.00000, 3.04938, 3.00908, 2.70125, 2.55941, 22.98128
1728402149, 386407178, 0xDDDD, 3865, 27.83883, 1.22330, 25.31250, 24.12500, 25.50000, 24.31250, 1.33531, 0.03465, 2.50220, 1.18623, 3.03407, 3.20168, 0.00000, 3.05260, 3.00828, 2.70125, 2.56183, 22.98128
1728402149, 386507184, 0xDDDD, 3866, 27.83883, 1.22249, 25.31250, 24.12500, 25.43750, 24.31250, 1.33531, 0.03546, 2.50220, 1.18381, 3.03245, 3.20974, 0.00000, 3.05099, 3.00828, 2.69963, 2.46029, 22.98128
1728402149, 386607167, 0xDDDD, 3867, 28.24175, 1.22249, 25.31250, 24.12500, 25.43750, 24.31250, 1.33531, 0.03868, 2.50220, 1.18381, 3.03326, 3.19201, 0.00000, 3.05179, 3.00828, 2.70044, 2.55700, 23.16036
1728402150, 386707179, 0xDDDD, 3868, 27.83883, 1.22249, 25.31250, 24.12500, 25.50000, 24.31250, 1.33531, 0.04029, 2.50220, 1.18139, 3.07033, 3.20007, 0.00000, 3.04696, 3.00828, 2.70044, 2.56183, 23.16036
1728402150, 386807182, 0xDDDD, 3869, 28.24175, 1.22249, 25.31250, 24.12500, 25.50000, 24.31250, 1.33612, 0.04271, 2.50220, 1.17897, 3.07033, 3.20007, 0.00000, 3.05099, 3.00908, 2.70125, 2.56103, 22.98128
1728402150, 386907172, 0xDDDD, 3870, 27.83883, 1.22168, 25.31250, 24.12500, 25.50000, 24.31250, 1.33370, 0.03707, 2.50220, 1.17656, 3.06711, 3.20733, 0.00000, 3.05018, 3.00747, 2.69963, 2.56183, 22.98128
1728402150, 387007189, 0xDDDD, 3871, 27.43590, 1.22249, 25.31250, 24.12500, 25.50000, 24.31250, 1.33531, 0.04352, 2.50220, 1.19267, 3.06469, 3.19121, 0.00000, 3.05018, 3.00828, 2.69963, 2.55780, 22.98128
1728402150, 387107177, 0xDDDD, 3872, 27.83883, 1.22249, 25.31250, 24.12500, 25.50000, 24.31250, 1.33612, 0.04029, 2.50220, 1.19026, 3.05905, 3.19685, 0.00000, 3.04777, 3.00828, 2.69963, 2.54007, 22.98128
1728402150, 387207206, 0xDDDD, 3873, 27.83883, 1.22249, 25.31250, 24.12500, 25.56250, 24.31250, 1.33612, 0.03626, 2.50139, 1.18784, 3.05824, 3.20410, 0.00000, 3.04857, 3.00828, 2.70044, 2.56586, 22.98128
1728402150, 387307169, 0xDDDD, 3874, 27.83883, 1.22249, 25.31250, 24.12500, 25.56250, 24.31250, 1.33531, 0.03949, 2.50300, 1.18462, 3.01392, 3.20974, 0.00000, 3.05260, 3.00828, 2.69963, 2.56022, 22.98128
1728402150, 387407167, 0xDDDD, 3875, 27.83883, 1.22249, 25.31250, 24.12500, 25.50000, 24.31250, 1.33531, 0.04190, 2.50220, 1.18139, 3.01311, 3.19201, 0.00000, 3.05099, 3.00828, 2.70205, 2.56183, 22.98128
1728402150, 387507186, 0xDDDD, 3876, 27.83883, 1.22168, 25.31250, 24.12500, 25.50000, 24.31250, 1.33612, 0.03385, 2.50220, 1.17897, 3.01311, 3.19201, 0.00000, 3.05260, 3.00828, 2.70125, 2.56103, 23.16036
1728402150, 387607173, 0xDDDD, 3877, 27.83883, 1.22249, 25.31250, 24.12500, 25.50000, 24.31250, 1.33612, 0.03546, 2.50220, 1.17495, 3.01392, 3.19846, 0.00081, 3.05099, 3.00908, 2.70044, 2.56183, 22.98128
1728402151, 387707166, 0xDDDD, 3878, 27.83883, 1.22249, 25.31250, 24.12500, 25.50000, 24.31250, 1.33531, 0.03626, 2.50220, 1.19026, 3.01473, 3.20491, 0.00000, 3.04938, 3.00828, 2.70044, 2.57956, 22.98128
1728402151, 387807186, 0xDDDD, 3879, 27.83883, 1.22249, 25.25000, 24.12500, 25.50000, 24.31250, 1.33531, 0.03546, 2.50220, 1.18542, 3.01392, 3.21458, 0.00000, 3.05099, 3.00828, 2.70044, 2.51429, 22.98128
1728402151, 387907182, 0xDDDD, 3880, 28.24175, 1.22249, 25.25000, 24.12500, 25.50000, 24.31250, 1.33531, 0.03626, 2.50220, 1.18139, 3.01150, 3.19524, 0.00000, 3.05099, 3.00828, 2.70044, 2.56103, 22.98128
1728402151, 388007174, 0xDDDD, 3881, 27.83883, 1.22249, 25.25000, 24.12500, 25.50000, 24.31250, 1.33531, 0.03385, 2.50300, 1.17656, 3.05260, 3.20249, 0.00000, 3.04696, 3.00828, 2.70044, 2.56103, 22.98128
1728402151, 388107174, 0xDDDD, 3882, 28.24175, 1.22249, 25.25000, 24.12500, 25.50000, 24.31250, 1.33531, 0.03626, 2.50139, 1.20073, 3.05099, 3.20168, 0.00000, 3.04696, 3.00828, 2.69963, 2.56264, 23.16036
1728402151, 388207173, 0xDDDD, 3883, 27.83883, 1.22249, 25.25000, 24.12500, 25.50000, 24.31250, 1.34982, 0.03626, 2.50220, 1.19670, 3.05018, 3.20974, 0.00000, 3.05099, 3.00828, 2.70125, 2.56264, 22.98128
1728402151, 388307187, 0xDDDD, 3884, 28.24175, 1.22330, 25.31250, 24.12500, 25.50000, 24.25000, 1.33531, 0.04190, 2.50220, 1.19267, 3.04777, 3.19282, 0.00000, 3.05099, 3.00828, 2.70044, 2.56103, 22.98128
1728402151, 388407182, 0xDDDD, 3885, 28.24175, 1.22249, 25.31250, 24.12500, 25.50000, 24.25000, 1.33451, 0.04190, 2.50220, 1.18864, 3.04777, 3.19927, 0.00000, 3.05179, 3.00747, 2.70125, 2.55216, 22.98128
1728402151, 388507169, 0xDDDD, 3886, 28.24175, 1.22249, 25.25000, 24.12500, 25.50000, 24.25000, 1.33531, 0.03385, 2.50220, 1.17817, 3.04777, 3.20652, 0.00000, 3.05018, 3.00828, 2.70044, 2.52073, 23.16036
1728402151, 388607172, 0xDDDD, 3887, 28.24175, 1.22249, 25.25000, 24.12500, 25.50000, 24.31250, 1.33451, 0.04271, 2.50139, 1.17656, 3.00103, 3.18960, 0.00000, 3.04938, 3.00828, 2.70044, 2.56103, 23.16036
1728402152, 388707186, 0xDDDD, 3888, 28.24175, 1.22168, 25.25000, 24.12500, 25.50000, 24.31250, 1.33612, 0.03949, 2.50220, 1.19590, 3.08242, 3.18879, 0.00000, 3.05260, 3.00828, 2.70044, 2.56183, 23.16036
1728402152, 388807179, 0xDDDD, 3889, 27.83883, 1.22249, 25.25000, 24.12500, 25.50000, 24.31250, 1.33531, 0.03626, 2.50220, 1.18945, 3.08161, 3.19766, 0.00000, 3.05018, 3.00828, 2.70044, 2.56103, 22.98128
1728402152, 388907178, 0xDDDD, 3890, 27.83883, 1.22249, 25.25000, 24.18750, 25.50000, 24.31250, 1.33531, 0.03385, 2.50220, 1.18462, 3.08081, 3.20249, 0.00000, 3.04938, 3.00828, 2.70044, 2.56344, 22.98128
1728402152, 389007175, 0xDDDD, 3891, 28.24175, 1.22249, 25.31250, 24.18750, 25.50000, 24.31250, 1.33531, 0.03546, 2.50220, 1.17817, 3.08081, 3.21136, 0.00000, 3.05421, 3.00828, 2.69963, 2.56908, 22.98128
1728402152, 389107185, 0xDDDD, 3892, 28.24175, 1.22168, 25.31250, 24.18750, 25.50000, 24.31250, 1.33531, 0.03546, 2.50220, 1.20799, 3.07919, 3.19363, 0.00000, 3.05260, 3.00828, 2.70044, 2.51832, 22.98128
1728402152, 389207178, 0xDDDD, 3893, 28.24175, 1.22249, 25.31250, 24.18750, 25.50000, 24.31250, 1.33531, 0.03546, 2.50139, 1.19590, 3.03407, 3.20007, 0.00000, 3.04938, 3.00828, 2.70125, 2.56103, 22.98128
1728402152, 389307183, 0xDDDD, 3894, 28.24175, 1.22249, 25.31250, 24.18750, 25.50000, 24.31250, 1.33531, 0.02740, 2.50139, 1.18381, 3.03487, 3.19766, 0.00000, 3.05018, 3.00828, 2.70044, 2.56103, 22.98128
1728402152, 389407189, 0xDDDD, 3895, 27.83883, 1.22249, 25.31250, 24.12500, 25.43750, 24.31250, 1.33531, 0.03707, 2.50139, 1.17817, 3.03165, 3.20571, 0.00000, 3.05099, 3.00828, 2.70044, 2.56344, 22.98128
1728402152, 389507200, 0xDDDD, 3896, 28.24175, 1.22249, 25.31250, 24.12500, 25.43750, 24.31250, 1.33531, 0.04110, 2.50220, 1.17333, 3.03165, 3.21377, 0.00000, 3.05099, 3.00747, 2.70125, 2.55861, 22.98128
1728402152, 389607174, 0xDDDD, 3897, 27.83883, 1.22249, 25.31250, 24.12500, 25.50000, 24.31250, 1.33531, 0.04110, 2.50220, 1.19590, 3.03004, 3.19524, 0.00000, 3.05179, 3.00747, 2.70044, 2.67143, 22.98128
1728402153, 389707184, 0xDDDD, 3898, 27.83883, 1.22249, 25.31250, 24.12500, 25.50000, 24.31250, 1.33531, 0.03626, 2.50220, 1.19267, 3.02842, 3.20168, 0.00000, 3.04535, 3.00908, 2.70044, 2.56505, 22.98128
1728402153, 389807179, 0xDDDD, 3899, 28.24175, 1.22249, 25.31250, 24.12500, 25.50000, 24.31250, 1.33531, 0.04110, 2.50220, 1.18784, 3.02601, 3.20813, 0.00000, 3.05018, 3.00828, 2.70044, 2.56103, 22.98128
1728402153, 389907171, 0xDDDD, 3900, 27.83883, 1.22249, 25.31250, 24.12500, 25.50000, 24.31250, 1.33531, 0.03626, 2.50220, 1.18381, 3.06388, 3.19040, 0.00000, 3.05018, 3.00828, 2.70044, 2.56183, 22.98128
1728402153, 390007184, 0xDDDD, 3901, 28.64468, 1.22249, 25.31250, 24.12500, 25.50000, 24.37500, 1.33451, 0.04110, 2.50220, 1.17978, 3.05905, 3.19121, 0.00000, 3.04938, 3.00828, 2.70125, 2.55861, 22.44402
1728402153, 390107185, 0xDDDD, 3902, 27.83883, 1.22249, 25.31250, 24.18750, 25.50000, 24.37500, 1.33531, 0.03788, 2.50220, 1.19348, 3.05905, 3.19766, 0.00000, 3.04938, 3.00828, 2.70044, 2.56103, 22.98128
1728402153, 390207183, 0xDDDD, 3903, 28.24175, 1.22249, 25.25000, 24.18750, 25.50000, 24.31250, 1.33531, 0.04110, 2.50220, 1.18864, 3.05421, 3.20491, 0.00000, 3.05179, 3.00828, 2.69963, 2.56183, 22.98128
1728402153, 390307175, 0xDDDD, 3904, 27.83883, 1.22168, 25.25000, 24.18750, 25.50000, 24.31250, 1.33531, 0.03626, 2.50220, 1.18381, 3.05260, 3.18718, 0.00000, 3.05179, 3.00828, 2.70125, 2.51993, 22.98128
1728402153, 390407180, 0xDDDD, 3905, 27.43590, 1.22249, 25.31250, 24.12500, 25.50000, 24.31250, 1.33531, 0.03546, 2.50220, 1.17978, 3.05099, 3.19363, 0.00000, 3.05260, 3.00828, 2.69883, 2.56505, 22.98128
1728402153, 390507180, 0xDDDD, 3906, 27.83883, 1.22249, 25.31250, 24.12500, 25.50000, 24.31250, 1.33451, 0.03707, 2.50139, 1.17495, 3.08725, 3.20088, 0.00000, 3.05018, 3.00828, 2.69963, 2.56022, 22.98128
1728402153, 390607179, 0xDDDD, 3907, 27.83883, 1.22249, 25.31250, 24.12500, 25.50000, 24.31250, 1.33531, 0.04352, 2.50220, 1.19670, 3.08081, 3.20007, 0.00000, 3.04454, 3.00828, 2.70125, 2.56022, 23.16036
1728402154, 390707173, 0xDDDD, 3908, 27.83883, 1.22168, 25.25000, 24.12500, 25.50000, 24.31250, 1.33451, 0.04432, 2.50220, 1.19267, 3.08161, 3.20571, 0.00000, 3.04857, 3.00747, 2.70044, 2.56103, 22.98128
1728402154, 390807175, 0xDDDD, 3909, 27.83883, 1.22249, 25.25000, 24.12500, 25.50000, 24.31250, 1.32484, 0.03868, 2.50220, 1.18784, 3.08081, 3.18718, 0.00000, 3.05179, 3.00828, 2.69963, 2.56183, 22.98128
1728402154, 390907175, 0xDDDD, 3910, 28.24175, 1.22249, 25.31250, 24.12500, 25.50000, 24.31250, 1.33531, 0.03949, 2.50220, 1.17495, 3.07597, 3.19524, 0.00000, 3.04777, 3.00828, 2.69963, 2.62952, 22.98128
1728402154, 391007169, 0xDDDD, 3911, 27.83883, 1.22249, 25.31250, 24.12500, 25.50000, 24.31250, 1.33531, 0.03465, 2.50220, 1.19751, 3.07194, 3.20168, 0.00000, 3.05099, 3.00828, 2.70044, 2.58037, 22.98128
1728402154, 391107175, 0xDDDD, 3912, 27.83883, 1.22249, 25.31250, 24.12500, 25.50000, 24.31250, 1.33531, 0.03546, 2.50220, 1.19509, 3.02520, 3.20894, 0.00000, 3.05099, 3.00828, 2.70125, 2.56022, 22.98128
1728402154, 391207189, 0xDDDD, 3913, 27.43590, 1.22249, 25.25000, 24.12500, 25.50000, 24.31250, 1.33451, 0.03788, 2.50220, 1.18784, 3.02278, 3.20813, 0.00000, 3.05099, 3.00828, 2.70044, 2.56183, 22.98128
1728402154, 391307187, 0xDDDD, 3914, 27.83883, 1.22168, 25.25000, 24.18750, 25.43750, 24.31250, 1.33451, 0.04029, 2.50139, 1.18139, 3.01956, 3.18960, 0.00000, 3.04777, 3.00828, 2.70044, 2.56183, 23.16036
1728402154, 391407176, 0xDDDD, 3915, 28.24175, 1.22249, 25.31250, 24.18750, 25.43750, 24.31250, 1.33531, 0.04352, 2.50139, 1.17575, 3.01795, 3.19685, 0.00000, 3.04777, 3.00828, 2.69963, 2.55941, 22.98128
1728402154, 391507173, 0xDDDD, 3916, 27.83883, 1.22249, 25.31250, 24.18750, 25.56250, 24.31250, 1.33531, 0.03385, 2.50139, 1.19751, 3.01473, 3.20330, 0.00000, 3.04857, 3.00828, 2.70205, 2.56103, 23.16036
1728402154, 391607187, 0xDDDD, 3917, 27.83883, 1.22249, 25.31250, 24.12500, 25.56250, 24.31250, 1.33451, 0.04110, 2.50300, 1.19187, 3.01392, 3.20974, 0.00000, 3.05099, 3.00828, 2.70044, 2.60212, 22.98128
1728402155, 391707178, 0xDDDD, 3918, 27.83883, 1.22249, 25.31250, 24.12500, 25.56250, 24.31250, 1.33531, 0.04271, 2.50220, 1.17817, 3.04857, 3.19282, 0.00000, 3.05099, 3.00828, 2.70125, 2.56264, 22.98128
1728402155, 391807181, 0xDDDD, 3919, 27.83883, 1.22249, 25.31250, 24.12500, 25.50000, 24.31250, 1.33531, 0.03707, 2.50220, 1.19993, 3.04696, 3.19927, 0.00000, 3.05099, 3.00828, 2.70044, 2.56183, 23.16036
1728402155, 391907170, 0xDDDD, 3920, 28.24175, 1.22168, 25.31250, 24.12500, 25.50000, 24.31250, 1.35385, 0.06125, 2.50139, 1.19348, 3.04454, 3.19927, 0.00000, 3.05018, 3.00828, 2.70044, 2.55861, 23.51852
1728402155, 392007185, 0xDDDD, 3921, 27.43590, 1.22249, 25.31250, 24.12500, 25.50000, 24.31250, 1.33531, 0.03788, 2.50059, 1.18784, 3.04132, 3.20571, 0.00000, 3.05099, 3.00828, 2.70205, 2.56425, 22.98128
1728402155, 392107164, 0xDDDD, 3922, 28.24175, 1.22249, 25.31250, 24.12500, 25.50000, 24.31250, 1.33531, 0.03949, 2.50220, 1.18139, 3.04132, 3.18799, 0.00000, 3.05179, 3.00828, 2.69963, 2.56022, 22.98128
1728402155, 392207194, 0xDDDD, 3923, 28.24175, 1.22249, 25.31250, 24.12500, 25.50000, 24.31250, 1.33451, 0.04029, 2.50220, 1.17575, 3.03890, 3.19524, 0.00000, 3.04696, 3.00747, 2.69963, 2.53766, 22.98128
1728402155, 392307174, 0xDDDD, 3924, 27.83883, 1.22330, 25.31250, 24.12500, 25.50000, 24.31250, 1.33531, 0.04110, 2.50220, 1.19670, 3.03407, 3.20249, 0.00000, 3.05018, 3.00828, 2.70125, 2.56103, 22.98128
1728402155, 392407166, 0xDDDD, 3925, 28.24175, 1.22249, 25.25000, 24.12500, 25.50000, 24.31250, 1.33531, 0.04593, 2.50220, 1.18381, 3.07033, 3.20813, 0.00000, 3.05179, 3.00828, 2.69963, 2.56103, 22.80220
1728402155, 392507179, 0xDDDD, 3926, 28.24175, 1.22249, 25.25000, 24.12500, 25.50000, 24.31250, 1.33531, 0.04110, 2.50220, 1.17897, 3.06630, 3.20733, 0.00000, 3.04938, 3.00908, 2.69963, 2.56103, 23.16036
1728402155, 392607185, 0xDDDD, 3927, 27.83883, 1.22249, 25.31250, 24.18750, 25.50000, 24.31250, 1.33612, 0.03626, 2.50220, 1.17414, 3.06388, 3.19040, 0.00000, 3.05260, 3.00828, 2.70044, 2.56264, 22.98128
1728402156, 392707185, 0xDDDD, 3928, 28.24175, 1.22249, 25.31250, 24.18750, 25.50000, 24.31250, 1.33531, 0.03626, 2.50220, 1.19509, 3.05905, 3.19685, 0.00000, 3.05179, 3.00828, 2.69963, 2.56264, 23.16036
1728402156, 392807172, 0xDDDD, 3929, 27.83883, 1.22249, 25.31250, 24.12500, 25.50000, 24.31250, 1.33531, 0.03707, 2.50220, 1.19026, 3.05502, 3.20410, 0.00000, 3.05179, 3.00828, 2.70125, 2.51912, 22.98128
1728402156, 392907170, 0xDDDD, 3930, 27.83883, 1.22249, 25.31250, 24.12500, 25.50000, 24.31250, 1.33451, 0.04271, 2.50220, 1.18462, 3.05099, 3.18799, 0.00000, 3.05260, 3.00828, 2.70125, 2.55700, 22.98128
1728402156, 393007184, 0xDDDD, 3931, 27.83883, 1.22249, 25.31250, 24.18750, 25.50000, 24.31250, 1.33531, 0.03626, 2.50220, 1.17897, 3.00264, 3.19604, 0.00000, 3.05179, 3.00828, 2.70044, 2.56022, 22.98128
1728402156, 393107184, 0xDDDD, 3932, 27.43590, 1.22249, 25.31250, 24.18750, 25.50000, 24.31250, 1.33451, 0.03465, 2.50220, 1.17495, 3.08484, 3.19443, 0.00000, 3.05260, 3.00747, 2.69963, 2.56183, 22.98128
1728402156, 393207173, 0xDDDD, 3933, 27.83883, 1.22249, 25.31250, 24.18750, 25.56250, 24.31250, 1.33612, 0.03465, 2.50220, 1.19429, 3.07919, 3.20168, 0.00000, 3.04938, 3.00828, 2.70044, 2.56264, 22.98128
1728402156, 393307178, 0xDDDD, 3934, 28.24175, 1.22249, 25.31250, 24.12500, 25.56250, 24.31250, 1.33451, 0.03949, 2.50220, 1.18139, 3.07678, 3.20894, 0.00000, 3.04696, 3.00828, 2.70125, 2.56022, 22.98128
1728402156, 393407183, 0xDDDD, 3935, 28.24175, 1.22249, 25.31250, 24.12500, 25.56250, 24.31250, 1.33451, 0.04190, 2.50220, 1.17656, 3.07275, 3.19282, 0.00000, 3.04857, 3.00828, 2.70125, 2.53363, 22.98128
1728402156, 393507175, 0xDDDD, 3936, 27.83883, 1.22249, 25.31250, 24.12500, 25.56250, 24.31250, 1.33451, 0.04110, 2.50220, 1.19751, 3.06872, 3.20007, 0.00000, 3.05099, 3.00667, 2.70044, 2.57714, 23.16036
1728402156, 393607169, 0xDDDD, 3937, 27.83883, 1.22249, 25.31250, 24.12500, 25.56250, 24.37500, 1.33612, 0.03546, 2.50220, 1.19106, 3.01956, 3.20652, 0.00000, 3.04535, 3.00828, 2.70044, 2.56022, 22.98128
1728402157, 393707170, 0xDDDD, 3938, 28.24175, 1.22249, 25.31250, 24.12500, 25.50000, 24.37500, 1.33531, 0.03949, 2.50220, 1.18462, 3.01231, 3.18718, 0.00000, 3.04454, 3.00828, 2.70044, 2.56103, 23.16036
1728402157, 393807201, 0xDDDD, 3939, 27.83883, 1.22249, 25.31250, 24.12500, 25.50000, 24.37500, 1.33531, 0.03626, 2.50220, 1.17817, 3.00667, 3.20974, 0.00000, 3.05179, 3.00828, 2.70044, 2.56344, 23.16036
1728402157, 393907174, 0xDDDD, 3940, 27.83883, 1.22330, 25.31250, 24.12500, 25.50000, 24.31250, 1.33531, 0.03546, 2.50220, 1.19590, 3.08161, 3.19282, 0.00000, 3.05179, 3.00828, 2.70044, 2.56425, 22.98128
1728402157, 394007167, 0xDDDD, 3941, 27.43590, 1.22168, 25.31250, 24.12500, 25.50000, 24.31250, 1.33612, 0.03868, 2.50139, 1.18542, 3.07919, 3.20088, 0.00000, 3.05260, 3.00747, 2.70044, 2.57634, 22.98128
1728402157, 394107189, 0xDDDD, 3942, 27.83883, 1.22249, 25.25000, 24.12500, 25.50000, 24.31250, 1.33531, 0.03626, 2.50059, 1.17897, 3.07275, 3.20571, 0.00000, 3.05260, 3.00828, 2.69963, 2.62147, 22.98128
1728402157, 394207177, 0xDDDD, 3943, 28.24175, 1.22249, 25.25000, 24.12500, 25.50000, 24.31250, 1.33612, 0.03546, 2.50220, 1.19832, 3.06791, 3.21216, 0.00000, 3.04938, 3.00828, 2.70044, 2.56022, 22.80220
1728402157, 394307175, 0xDDDD, 3944, 27.83883, 1.22249, 25.31250, 24.12500, 25.50000, 24.31250, 1.33451, 0.03949, 2.50220, 1.19267, 3.01795, 3.19524, 0.00000, 3.05179, 3.00828, 2.70044, 2.55861, 22.98128
1728402157, 394407180, 0xDDDD, 3945, 27.83883, 1.22249, 25.31250, 24.12500, 25.50000, 24.31250, 1.33531, 0.03465, 2.50220, 1.18623, 3.01392, 3.19524, 0.00000, 3.05099, 3.00828, 2.70125, 2.55941, 23.16036
1728402157, 394507175, 0xDDDD, 3946, 27.43590, 1.22088, 25.31250, 24.12500, 25.50000, 24.31250, 1.33612, 0.04271, 2.50300, 1.17897, 3.08484, 3.20168, 0.00000, 3.05179, 3.00989, 2.70125, 2.56586, 23.51852
1728402157, 394607199, 0xDDDD, 3947, 27.83883, 1.22249, 25.31250, 24.12500, 25.50000, 24.31250, 1.33451, 0.04271, 2.50139, 1.17575, 3.05502, 3.20894, 0.00000, 3.05099, 3.00747, 2.70125, 2.56344, 22.98128
1728402158, 394707183, 0xDDDD, 3948, 27.83883, 1.22249, 25.31250, 24.12500, 25.50000, 24.31250, 1.33451, 0.04513, 2.50220, 1.19509, 3.04857, 3.19040, 0.00000, 3.05099, 3.00828, 2.70044, 2.56344, 22.98128
1728402158, 394807174, 0xDDDD, 3949, 28.24175, 1.22249, 25.31250, 24.12500, 25.50000, 24.37500, 1.33451, 0.03949, 2.50220, 1.18139, 3.04212, 3.19685, 0.00000, 3.05018, 3.00828, 2.70205, 2.51751, 22.98128
1728402158, 394907166, 0xDDDD, 3950, 27.83883, 1.22168, 25.31250, 24.12500, 25.56250, 24.37500, 1.33451, 0.04271, 2.50220, 1.20718, 3.07516, 3.20491, 0.00000, 3.05099, 3.00828, 2.70044, 2.56103, 22.98128
1728402158, 395007177, 0xDDDD, 3951, 27.83883, 1.22249, 25.31250, 24.12500, 25.56250, 24.37500, 1.33531, 0.04110, 2.50220, 1.19267, 3.06388, 3.20330, 0.00000, 3.05179, 3.00828, 2.70044, 2.56183, 22.98128
1728402158, 395107186, 0xDDDD, 3952, 28.24175, 1.22249, 25.31250, 24.12500, 25.56250, 24.31250, 1.33451, 0.04110, 2.50220, 1.18542, 3.05744, 3.21055, 0.00000, 3.04615, 3.00828, 2.69963, 2.55941, 22.98128
1728402158, 395207183, 0xDDDD, 3953, 27.83883, 1.22249, 25.31250, 24.12500, 25.56250, 24.31250, 1.33531, 0.03626, 2.50220, 1.17817, 3.05099, 3.19282, 0.00000, 3.05018, 3.00828, 2.70044, 2.56344, 22.98128
1728402158, 395307166, 0xDDDD, 3954, 27.83883, 1.22249, 25.31250, 24.12500, 25.56250, 24.31250, 1.33531, 0.04190, 2.50220, 1.19590, 3.04374, 3.20007, 0.00000, 3.05179, 3.00828, 2.70044, 2.53604, 22.98128
1728402158, 395407198, 0xDDDD, 3955, 27.83883, 1.22249, 25.31250, 24.12500, 25.56250, 24.31250, 1.33531, 0.03707, 2.50220, 1.18864, 3.03890, 3.20652, 0.00000, 3.05099, 3.00747, 2.70044, 2.51106, 22.98128
1728402158, 395507180, 0xDDDD, 3956, 27.83883, 1.22249, 25.31250, 24.12500, 25.56250, 24.31250, 1.33531, 0.03868, 2.50220, 1.18059, 3.07194, 3.18879, 0.00000, 3.04938, 3.00828, 2.70125, 2.56183, 22.98128
1728402158, 395607188, 0xDDDD, 3957, 27.83883, 1.22249, 25.31250, 24.12500, 25.50000, 24.31250, 1.33531, 0.04029, 2.50220, 1.19429, 3.06711, 3.18799, 0.00000, 3.05099, 3.00828, 2.70205, 2.56183, 22.98128
1728402159, 395707172, 0xDDDD, 3958, 27.83883, 1.22249, 25.31250, 24.12500, 25.50000, 24.31250, 1.35304, 0.03062, 2.50139, 1.18784, 3.05905, 3.19524, 0.00000, 3.05179, 3.00828, 2.70125, 2.55941, 22.98128
1728402159, 395807178, 0xDDDD, 3959, 28.24175, 1.22249, 25.31250, 24.12500, 25.50000, 24.31250, 1.33531, 0.03788, 2.50139, 1.18139, 3.05179, 3.20088, 0.00000, 3.05179, 3.00828, 2.70044, 2.56264, 22.98128
1728402159, 395907174, 0xDDDD, 3960, 27.83883, 1.22249, 25.31250, 24.18750, 25.50000, 24.31250, 1.33612, 0.03546, 2.50139, 1.17495, 3.04212, 3.20813, 0.00000, 3.05179, 3.00908, 2.70125, 2.54249, 22.98128
1728402159, 396007188, 0xDDDD, 3961, 27.83883, 1.22249, 25.31250, 24.18750, 25.50000, 24.31250, 1.33531, 0.03385, 2.50220, 1.19429, 3.03487, 3.19604, 0.00000, 3.05179, 3.00828, 2.70125, 2.55619, 22.98128
1728402159, 396107175, 0xDDDD, 3962, 28.24175, 1.22249, 25.31250, 24.18750, 25.50000, 24.31250, 1.33531, 0.03868, 2.50220, 1.18784, 3.02923, 3.19524, 0.00000, 3.05099, 3.00828, 2.70044, 2.56103, 22.98128
1728402159, 396207170, 0xDDDD, 3963, 28.24175, 1.22249, 25.31250, 24.18750, 25.50000, 24.31250, 1.33531, 0.03546, 2.50220, 1.18220, 3.06227, 3.20249, 0.00000, 3.05099, 3.00828, 2.70125, 2.56103, 22.98128
1728402159, 396307184, 0xDDDD, 3964, 28.24175, 1.22168, 25.31250, 24.18750, 25.50000, 24.31250, 1.36352, 0.03868, 2.50220, 1.17414, 3.05582, 3.20088, 0.00000, 3.05260, 3.00828, 2.70125, 2.55941, 22.44402
1728402159, 396407176, 0xDDDD, 3965, 27.83883, 1.22249, 25.31250, 24.18750, 25.50000, 24.31250, 1.30227, 0.03949, 2.50220, 1.18542, 3.05179, 3.20733, 0.00000, 3.05179, 3.00828, 2.70044, 2.56264, 22.98128
1728402159, 396507176, 0xDDDD, 3966, 27.83883, 1.22249, 25.31250, 24.18750, 25.50000, 24.31250, 1.33451, 0.04835, 2.50220, 1.17817, 3.04696, 3.18960, 0.00000, 3.05099, 3.00828, 2.70044, 2.55941, 22.98128
1728402159, 396607180, 0xDDDD, 3967, 27.83883, 1.22168, 25.31250, 24.18750, 25.50000, 24.31250, 1.33612, 0.04029, 2.50220, 1.19590, 3.04051, 3.19524, 0.00000, 3.04615, 3.00908, 2.70044, 2.57311, 22.98128
1728402160, 396707164, 0xDDDD, 3968, 28.24175, 1.22249, 25.31250, 24.18750, 25.50000, 24.31250, 1.33531, 0.03626, 2.50300, 1.18864, 3.03245, 3.20330, 0.00000, 3.04535, 3.00828, 2.70044, 2.57553, 22.98128
1728402160, 396807178, 0xDDDD, 3969, 28.24175, 1.22249, 25.31250, 24.18750, 25.43750, 24.31250, 1.33531, 0.03868, 2.50220, 1.18059, 3.06630, 3.20894, 0.00000, 3.05099, 3.00828, 2.70125, 2.56022, 22.98128
1728402160, 396907185, 0xDDDD, 3970, 27.83883, 1.22249, 25.31250, 24.18750, 25.43750, 24.31250, 1.33531, 0.03788, 2.50220, 1.19670, 3.06147, 3.20813, 0.00000, 3.05099, 3.00828, 2.70044, 2.56264, 22.98128
1728402160, 397007181, 0xDDDD, 3971, 27.83883, 1.22249, 25.31250, 24.18750, 25.43750, 24.31250, 1.33451, 0.04190, 2.50220, 1.19267, 3.05663, 3.19040, 0.00000, 3.05099, 3.00747, 2.70044, 2.56022, 23.16036
1728402160, 397107166, 0xDDDD, 3972, 28.24175, 1.22249, 25.31250, 24.12500, 25.50000, 24.31250, 1.33531, 0.04513, 2.50220, 1.18462, 3.05341, 3.19685, 0.00000, 3.05018, 3.00828, 2.69963, 2.55861, 22.98128
1728402160, 397207178, 0xDDDD, 3973, 28.24175, 1.22249, 25.31250, 24.12500, 25.50000, 24.31250, 1.33531, 0.03949, 2.50139, 1.19509, 3.04696, 3.20330, 0.00000, 3.05099, 3.00828, 2.70125, 2.57956, 22.98128
1728402160, 397307175, 0xDDDD, 3974, 27.83883, 1.22249, 25.31250, 24.12500, 25.43750, 24.31250, 1.33531, 0.04029, 2.50220, 1.18623, 3.04293, 3.21136, 0.00000, 3.05018, 3.00747, 2.70125, 2.48447, 22.98128
1728402160, 397407170, 0xDDDD, 3975, 27.83883, 1.22168, 25.31250, 24.12500, 25.43750, 24.31250, 1.33531, 0.04110, 2.50220, 1.17817, 3.07355, 3.19363, 0.00000, 3.04777, 3.00828, 2.70205, 2.56183, 22.98128
1728402160, 397507187, 0xDDDD, 3976, 27.83883, 1.22249, 25.31250, 24.12500, 25.50000, 24.31250, 1.33531, 0.03304, 2.50220, 1.19751, 3.06872, 3.19201, 0.00000, 3.05099, 3.00828, 2.70125, 2.56022, 22.98128
1728402160, 397607187, 0xDDDD, 3977, 28.24175, 1.22249, 25.31250, 24.12500, 25.50000, 24.31250, 1.33531, 0.03707, 2.50220, 1.19026, 3.06147, 3.19927, 0.00000, 3.05341, 3.00747, 2.70044, 2.56344, 22.98128
1728402161, 397707183, 0xDDDD, 3978, 27.83883, 1.22249, 25.31250, 24.12500, 25.50000, 24.37500, 1.31436, 0.03707, 2.50220, 1.18220, 3.05179, 3.20571, 0.00000, 3.05179, 3.00747, 2.70125, 2.56505, 22.98128
1728402161, 397807173, 0xDDDD, 3979, 27.83883, 1.22249, 25.31250, 24.12500, 25.50000, 24.37500, 1.33451, 0.04029, 2.50139, 1.17495, 3.04857, 3.21216, 0.00000, 3.05179, 3.00828, 2.70044, 2.52637, 23.16036
1728402161, 397907189, 0xDDDD, 3980, 27.83883, 1.22168, 25.31250, 24.18750, 25.50000, 24.37500, 1.33531, 0.03626, 2.50220, 1.19429, 3.04212, 3.19443, 0.00000, 3.05099, 3.00828, 2.70125, 2.57875, 22.98128
1728402161, 398007171, 0xDDDD, 3981, 28.24175, 1.22249, 25.31250, 24.18750, 25.50000, 24.31250, 1.33531, 0.03949, 2.50220, 1.18059, 3.03407, 3.20168, 0.00000, 3.05099, 3.00828, 2.69963, 2.56103, 22.98128
1728402161, 398107182, 0xDDDD, 3982, 27.83883, 1.22249, 25.31250, 24.12500, 25.50000, 24.31250, 1.33531, 0.04432, 2.50220, 1.18462, 3.06791, 3.20894, 0.00000, 3.05099, 3.00828, 2.69963, 2.55780, 22.98128
1728402161, 398207172, 0xDDDD, 3983, 28.24175, 1.22249, 25.31250, 24.12500, 25.50000, 24.31250, 1.33128, 0.03788, 2.50220, 1.19187, 3.06147, 3.20733, 0.00000, 3.05099, 3.00828, 2.70044, 2.56264, 22.44402
1728402161, 398307173, 0xDDDD, 3984, 27.83883, 1.22249, 25.31250, 24.12500, 25.50000, 24.31250, 1.33531, 0.03788, 2.50220, 1.18542, 3.05341, 3.19121, 0.00000, 3.04857, 3.00828, 2.70044, 2.56425, 22.98128
1728402161, 398407168, 0xDDDD, 3985, 28.24175, 1.22249, 25.31250, 24.12500, 25.50000, 24.31250, 1.33531, 0.03626, 2.50220, 1.17897, 3.04454, 3.19846, 0.00000, 3.05018, 3.00828, 2.69963, 2.56344, 22.98128
1728402161, 398507194, 0xDDDD, 3986, 27.83883, 1.22249, 25.31250, 24.12500, 25.50000, 24.31250, 1.33531, 0.03868, 2.50220, 1.19751, 3.03729, 3.20571, 0.00000, 3.05099, 3.00828, 2.70125, 2.53685, 22.98128
1728402161, 398607177, 0xDDDD, 3987, 28.24175, 1.22249, 25.31250, 24.18750, 25.50000, 24.31250, 1.33531, 0.03707, 2.50220, 1.18945, 3.02923, 3.19524, 0.00000, 3.05018, 3.00828, 2.70125, 2.55861, 22.98128
1728402162, 398707169, 0xDDDD, 3988, 27.83883, 1.22249, 25.31250, 24.18750, 25.50000, 24.31250, 1.33531, 0.03707, 2.50220, 1.18139, 3.05985, 3.19524, 0.00000, 3.04857, 3.00828, 2.70044, 2.56264, 22.98128
1728402162, 398807181, 0xDDDD, 3989, 28.24175, 1.22249, 25.31250, 24.12500, 25.50000, 24.31250, 1.33451, 0.03626, 2.50220, 1.19267, 3.05502, 3.19282, 0.00000, 3.04696, 3.00747, 2.70125, 2.56505, 23.16036
1728402162, 398907183, 0xDDDD, 3990, 28.24175, 1.22249, 25.31250, 24.12500, 25.50000, 24.31250, 1.33451, 0.04271, 2.50220, 1.18542, 3.04857, 3.20007, 0.00000, 3.05179, 3.00828, 2.70125, 2.55941, 22.98128
1728402162, 399007175, 0xDDDD, 3991, 28.24175, 1.22249, 25.31250, 24.12500, 25.50000, 24.31250, 1.33531, 0.04190, 2.50220, 1.17817, 3.03971, 3.20813, 0.00000, 3.05018, 3.00828, 2.70044, 2.56103, 22.98128
1728402162, 399107173, 0xDDDD, 3992, 28.24175, 1.22249, 25.31250, 24.18750, 25.50000, 24.31250, 1.33451, 0.04352, 2.50220, 1.19751, 3.03326, 3.19040, 0.00000, 3.05099, 3.00828, 2.70044, 2.56747, 23.16036
1728402162, 399207175, 0xDDDD, 3993, 28.24175, 1.22168, 25.37500, 24.18750, 25.50000, 24.31250, 1.33451, 0.04029, 2.50220, 1.18864, 3.02601, 3.19604, 0.00000, 3.04938, 3.00828, 2.70044, 2.55941, 22.98128
1728402162, 399307185, 0xDDDD, 3994, 28.24175, 1.22249, 25.37500, 24.12500, 25.50000, 24.31250, 1.33531, 0.03788, 2.50139, 1.18059, 3.05905, 3.20330, 0.00000, 3.05179, 3.00828, 2.70044, 2.56022, 22.98128
1728402162, 399407184, 0xDDDD, 3995, 28.24175, 1.22088, 25.31250, 24.12500, 25.50000, 24.31250, 1.33531, 0.04271, 2.50220, 1.19751, 3.05341, 3.20088, 0.00000, 3.05179, 3.00828, 2.70044, 2.56022, 22.98128
1728402162, 399507173, 0xDDDD, 3996, 27.83883, 1.22249, 25.31250, 24.12500, 25.56250, 24.31250, 1.33451, 0.03546, 2.50059, 1.18059, 3.04535, 3.20813, 0.00000, 3.05099, 3.00828, 2.70044, 2.56183, 23.16036
1728402162, 399607172, 0xDDDD, 3997, 28.24175, 1.22168, 25.31250, 24.18750, 25.56250, 24.31250, 1.33531, 0.03707, 2.50220, 1.19832, 3.03568, 3.19121, 0.00000, 3.05179, 3.00747, 2.70044, 2.56264, 23.16036
1728402163, 399707177, 0xDDDD, 3998, 28.24175, 1.22168, 25.31250, 24.18750, 25.50000, 24.31250, 1.33531, 0.03788, 2.50220, 1.18945, 3.02520, 3.20007, 0.00000, 3.05179, 3.00828, 2.70205, 2.57795, 23.16036
1728402163, 399807175, 0xDDDD, 3999, 27.83883, 1.22249, 25.31250, 24.18750, 25.50000, 24.31250, 1.33612, 0.03707, 2.50220, 1.17978, 3.01714, 3.20733, 0.00000, 3.05099, 3.00828, 2.70044, 2.55700, 23.16036
1728402163, 399907177, 0xDDDD, 4000, 28.24175, 1.22249, 25.31250, 24.18750, 25.50000, 24.31250, 1.33531, 0.03788, 2.50220, 1.19751, 3.05018, 3.18879, 0.00000, 3.05099, 3.00828, 2.70044, 2.56103, 23.16036
1728402163, 400007175, 0xDDDD, 4001, 27.83883, 1.22249, 25.31250, 24.18750, 25.50000, 24.31250, 1.33531, 0.03707, 2.50220, 1.19026, 3.04212, 3.19524, 0.00000, 3.05018, 3.00828, 2.69963, 2.56425, 22.98128
1728402163, 400107185, 0xDDDD, 4002, 28.24175, 1.22249, 25.31250, 24.18750, 25.50000, 24.31250, 1.33531, 0.03707, 2.50220, 1.18220, 3.03729, 3.19443, 0.00000, 3.05179, 3.00828, 2.70125, 2.56344, 22.98128
1728402163, 400207182, 0xDDDD, 4003, 28.24175, 1.22249, 25.31250, 24.18750, 25.50000, 24.31250, 1.33451, 0.04271, 2.50220, 1.17333, 3.03084, 3.20088, 0.00000, 3.05099, 3.00828, 2.70125, 2.56022, 23.16036
1728402163, 400307172, 0xDDDD, 4004, 27.83883, 1.22249, 25.31250, 24.18750, 25.50000, 24.31250, 1.33531, 0.03546, 2.50220, 1.18381, 3.02117, 3.20813, 0.00000, 3.05099, 3.00747, 2.70044, 2.57392, 23.16036
1728402163, 400407190, 0xDDDD, 4005, 27.83883, 1.22249, 25.31250, 24.18750, 25.56250, 24.37500, 1.33531, 0.03385, 2.50220, 1.17495, 3.01473, 3.18960, 0.00000, 3.04615, 3.00828, 2.69963, 2.46916, 22.98128
1728402163, 400507169, 0xDDDD, 4006, 27.83883, 1.22249, 25.31250, 24.18750, 25.56250, 24.37500, 1.33531, 0.03949, 2.50220, 1.19187, 3.00505, 3.19604, 0.00000, 3.05179, 3.00828, 2.70044, 2.56103, 22.98128
1728402163, 400607177, 0xDDDD, 4007, 28.24175, 1.22249, 25.31250, 24.18750, 25.56250, 24.31250, 1.33531, 0.04352, 2.50220, 1.18300, 3.03487, 3.20410, 0.00000, 3.05260, 3.00828, 2.70125, 2.56022, 23.16036
1728402164, 400707183, 0xDDDD, 4008, 28.24175, 1.22249, 25.31250, 24.18750, 25.50000, 24.31250, 1.33531, 0.04593, 2.50220, 1.17495, 3.02440, 3.20249, 0.00000, 3.05099, 3.00828, 2.69963, 2.55941, 23.16036
1728402164, 400807182, 0xDDDD, 4009, 27.83883, 1.22249, 25.31250, 24.18750, 25.50000, 24.31250, 1.33531, 0.03788, 2.50220, 1.19187, 3.01956, 3.20894, 0.00000, 3.05179, 3.00828, 2.70125, 2.56103, 22.98128
1728402164, 400907173, 0xDDDD, 4010, 27.83883, 1.22249, 25.31250, 24.18750, 25.56250, 24.31250, 1.33531, 0.04029, 2.50300, 1.18300, 3.01311, 3.19040, 0.00000, 3.05018, 3.00828, 2.70205, 2.56183, 22.98128
1728402164, 401007183, 0xDDDD, 4011, 28.24175, 1.22249, 25.31250, 24.18750, 25.56250, 24.31250, 1.33531, 0.03788, 2.50220, 1.17414, 3.08886, 3.19846, 0.00000, 3.05099, 3.00828, 2.70044, 2.56425, 22.98128
1728402164, 401107182, 0xDDDD, 4012, 27.83883, 1.22249, 25.31250, 24.18750, 25.50000, 24.31250, 1.33531, 0.04110, 2.50220, 1.18381, 3.07678, 3.20571, 0.00000, 3.05099, 3.00828, 2.69963, 2.52396, 22.98128
1728402164, 401207167, 0xDDDD, 4013, 28.24175, 1.22249, 25.31250, 24.18750, 25.50000, 24.31250, 1.33531, 0.03626, 2.50220, 1.17656, 3.02278, 3.21216, 0.00000, 3.05179, 3.00828, 2.70125, 2.56022, 22.98128
1728402164, 401307176, 0xDDDD, 4014, 27.83883, 1.22249, 25.31250, 24.18750, 25.50000, 24.31250, 1.33451, 0.03868, 2.50220, 1.19348, 3.01553, 3.21216, 0.00000, 3.05179, 3.00828, 2.69963, 2.56103, 22.80220
1728402164, 401407190, 0xDDDD, 4015, 28.24175, 1.22249, 25.31250, 24.18750, 25.56250, 24.31250, 1.33531, 0.04190, 2.50220, 1.18462, 3.00667, 3.19363, 0.00000, 3.05179, 3.00828, 2.70125, 2.55941, 22.98128
1728402164, 401507183, 0xDDDD, 4016, 27.43590, 1.22249, 25.31250, 24.18750, 25.56250, 24.31250, 1.33531, 0.03949, 2.50220, 1.17656, 3.08322, 3.20088, 0.00000, 3.05099, 3.00828, 2.70205, 2.55861, 22.98128
1728402164, 401607168, 0xDDDD, 4017, 28.24175, 1.22249, 25.31250, 24.18750, 25.50000, 24.31250, 1.33451, 0.04029, 2.50220, 1.19429, 3.07275, 3.20813, 0.00000, 3.05099, 3.00828, 2.70044, 2.51429, 22.98128
1728402165, 401707180, 0xDDDD, 4018, 27.43590, 1.22249, 25.31250, 24.18750, 25.50000, 24.31250, 1.33451, 0.04271, 2.50220, 1.18462, 3.06549, 3.18879, 0.00000, 3.04696, 3.00828, 2.69963, 2.59326, 23.16036
1728402165, 401807183, 0xDDDD, 4019, 28.24175, 1.22249, 25.31250, 24.18750, 25.50000, 24.31250, 1.33531, 0.04110, 2.50220, 1.17575, 3.01311, 3.19524, 0.00000, 3.05260, 3.00828, 2.70205, 2.56103, 22.98128
1728402165, 401907176, 0xDDDD, 4020, 27.83883, 1.22168, 25.31250, 24.18750, 25.50000, 24.31250, 1.33531, 0.04835, 2.50220, 1.18703, 3.00586, 3.19524, 0.00000, 3.05260, 3.00828, 2.70044, 2.56103, 22.98128
1728402165, 402007177, 0xDDDD, 4021, 28.24175, 1.22249, 25.31250, 24.18750, 25.50000, 24.31250, 1.33209, 0.04110, 2.50220, 1.17817, 3.09692, 3.20088, 0.00000, 3.05018, 3.00828, 2.70044, 2.55941, 22.98128
1728402165, 402107176, 0xDDDD, 4022, 27.83883, 1.22249, 25.31250, 24.18750, 25.50000, 24.31250, 1.33531, 0.03868, 2.50139, 1.19429, 3.07516, 3.20733, 0.00000, 3.05018, 3.00828, 2.70044, 2.56022, 22.98128
1728402165, 402207163, 0xDDDD, 4023, 27.83883, 1.22249, 25.31250, 24.18750, 25.50000, 24.31250, 1.33531, 0.03788, 2.50220, 1.18623, 3.06872, 3.18879, 0.00000, 3.05179, 3.00828, 2.69963, 2.49333, 22.80220
1728402165, 402307186, 0xDDDD, 4024, 28.24175, 1.22249, 25.31250, 24.18750, 25.50000, 24.31250, 1.33531, 0.04190, 2.50220, 1.17736, 3.05985, 3.19604, 0.00000, 3.05179, 3.00828, 2.70044, 2.60051, 23.16036
1728402165, 402407182, 0xDDDD, 4025, 28.24175, 1.22249, 25.31250, 24.18750, 25.50000, 24.31250, 1.33531, 0.03385, 2.50220, 1.19590, 3.05179, 3.20330, 0.00000, 3.04938, 3.00828, 2.69883, 2.55941, 23.16036
1728402165, 402507174, 0xDDDD, 4026, 27.83883, 1.22249, 25.31250, 24.12500, 25.50000, 24.31250, 1.33451, 0.04432, 2.50139, 1.18623, 3.07919, 3.20974, 0.00000, 3.04696, 3.00908, 2.70044, 2.55941, 22.98128
1728402165, 402607184, 0xDDDD, 4027, 28.24175, 1.22249, 25.31250, 24.12500, 25.50000, 24.31250, 1.33531, 0.03707, 2.50220, 1.17736, 3.07033, 3.20894, 0.00000, 3.05179, 3.00828, 2.69963, 2.56183, 23.33944
1728402166, 402707170, 0xDDDD, 4028, 28.24175, 1.22249, 25.31250, 24.18750, 25.50000, 24.31250, 1.33531, 0.03949, 2.50300, 1.18623, 3.05824, 3.19040, 0.00000, 3.05260, 3.00828, 2.69883, 2.56103, 22.98128
1728402166, 402807181, 0xDDDD, 4029, 28.24175, 1.22168, 25.31250, 24.18750, 25.56250, 24.25000, 1.33451, 0.04513, 2.50220, 1.17817, 3.05018, 3.19766, 0.00000, 3.05099, 3.00828, 2.70044, 2.55941, 22.98128
1728402166, 402907178, 0xDDDD, 4030, 28.24175, 1.22249, 25.31250, 24.12500, 25.56250, 24.25000, 1.33451, 0.04593, 2.50220, 1.19590, 3.04212, 3.20410, 0.00000, 3.05179, 3.00828, 2.70044, 2.53927, 23.16036
1728402166, 403007163, 0xDDDD, 4031, 27.83883, 1.22168, 25.31250, 24.12500, 25.56250, 24.31250, 1.33531, 0.03868, 2.50139, 1.18784, 3.03487, 3.20974, 0.00000, 3.04454, 3.00828, 2.70044, 2.56505, 22.98128
1728402166, 403107167, 0xDDDD, 4032, 28.24175, 1.22249, 25.31250, 24.12500, 25.50000, 24.31250, 1.33531, 0.03949, 2.50220, 1.18059, 3.06469, 3.19121, 0.00000, 3.05099, 3.00828, 2.69883, 2.56183, 23.16036
1728402166, 403207186, 0xDDDD, 4033, 27.83883, 1.22249, 25.31250, 24.18750, 25.50000, 24.31250, 1.33531, 0.03626, 2.50220, 1.20073, 3.05421, 3.18960, 0.00000, 3.05179, 3.00828, 2.70044, 2.56344, 23.16036
1728402166, 403307187, 0xDDDD, 4034, 27.83883, 1.22168, 25.31250, 24.18750, 25.50000, 24.31250, 1.33531, 0.03546, 2.50139, 1.19106, 3.04535, 3.19604, 0.00000, 3.05018, 3.00747, 2.70044, 2.56344, 22.98128
1728402166, 403407167, 0xDDDD, 4035, 27.03297, 1.22249, 25.31250, 24.18750, 25.50000, 24.31250, 1.33531, 0.03385, 2.50220, 1.18300, 3.03729, 3.20249, 0.00000, 3.05179, 3.00747, 2.70044, 2.55861, 23.16036
1728402166, 403507170, 0xDDDD, 4036, 27.83883, 1.22249, 25.31250, 24.18750, 25.50000, 24.31250, 1.33531, 0.03788, 2.50220, 1.19348, 3.02762, 3.20813, 0.00000, 3.05260, 3.00828, 2.70044, 2.59487, 22.98128
1728402166, 403607182, 0xDDDD, 4037, 27.83883, 1.22249, 25.31250, 24.18750, 25.50000, 24.31250, 1.33531, 0.03546, 2.50220, 1.18542, 3.01875, 3.19040, 0.00000, 3.05018, 3.00828, 2.70125, 2.64564, 23.16036
1728402167, 403707170, 0xDDDD, 4038, 28.24175, 1.22249, 25.31250, 24.18750, 25.50000, 24.31250, 1.33451, 0.03868, 2.50139, 1.17656, 3.04535, 3.19685, 0.00000, 3.05179, 3.00828, 2.70125, 2.56103, 22.98128
1728402167, 403807175, 0xDDDD, 4039, 28.24175, 1.22249, 25.31250, 24.18750, 25.50000, 24.31250, 1.33612, 0.03546, 2.50300, 1.19509, 3.03407, 3.19604, 0.00000, 3.04696, 3.00828, 2.69963, 2.56264, 23.16036
1728402167, 403907177, 0xDDDD, 4040, 27.83883, 1.22168, 25.31250, 24.18750, 25.50000, 24.31250, 1.33531, 0.04110, 2.50220, 1.18623, 3.02440, 3.20410, 0.00000, 3.05099, 3.00828, 2.69963, 2.55861, 23.16036
1728402167, 404007186, 0xDDDD, 4041, 28.24175, 1.22249, 25.31250, 24.18750, 25.50000, 24.31250, 1.34256, 0.03626, 2.50300, 1.17736, 3.01392, 3.21055, 0.00000, 3.05018, 3.00828, 2.70044, 2.56264, 23.16036
1728402167, 404107173, 0xDDDD, 4042, 28.24175, 1.22249, 25.31250, 24.18750, 25.50000, 24.31250, 1.33531, 0.04593, 2.50220, 1.19348, 3.08886, 3.19121, 0.00000, 3.04615, 3.00908, 2.70125, 2.64645, 23.16036
1728402167, 404207181, 0xDDDD, 4043, 27.83883, 1.22249, 25.31250, 24.12500, 25.50000, 24.31250, 1.33451, 0.03949, 2.50300, 1.18542, 3.07355, 3.19685, 0.00000, 3.05018, 3.00828, 2.70044, 2.55055, 22.98128
1728402167, 404307174, 0xDDDD, 4044, 27.83883, 1.22249, 25.31250, 24.12500, 25.50000, 24.31250, 1.33531, 0.04190, 2.50220, 1.19429, 3.05985, 3.20491, 0.00000, 3.05179, 3.00828, 2.69963, 2.56022, 22.98128
1728402167, 404407185, 0xDDDD, 4045, 27.83883, 1.22249, 25.31250, 24.18750, 25.50000, 24.31250, 1.33531, 0.03143, 2.50220, 1.18462, 3.00586, 3.19604, 0.00000, 3.05179, 3.00828, 2.70044, 2.56103, 23.16036
1728402167, 404507172, 0xDDDD, 4046, 28.64468, 1.22088, 25.31250, 24.18750, 25.50000, 24.31250, 1.33451, 0.04029, 2.50381, 1.17736, 3.06952, 3.21055, 0.00000, 3.04938, 3.00989, 2.69963, 2.55780, 22.98128
1728402167, 404607174, 0xDDDD, 4047, 28.24175, 1.22249, 25.31250, 24.12500, 25.50000, 24.31250, 1.33531, 0.04110, 2.50220, 1.19670, 3.03487, 3.19282, 0.00000, 3.05179, 3.00828, 2.70125, 2.55941, 23.16036
1728402168, 404707170, 0xDDDD, 4048, 27.83883, 1.22249, 25.31250, 24.12500, 25.50000, 24.37500, 1.33531, 0.03626, 2.50139, 1.18784, 3.02278, 3.19927, 0.00000, 3.04857, 3.00828, 2.70125, 2.56183, 23.16036
1728402168, 404807172, 0xDDDD, 4049, 27.83883, 1.22249, 25.31250, 24.12500, 25.50000, 24.37500, 1.33531, 0.03465, 2.50220, 1.17897, 3.01311, 3.20571, 0.00000, 3.05018, 3.00828, 2.70125, 2.55619, 23.16036
1728402168, 404907174, 0xDDDD, 4050, 27.83883, 1.22249, 25.31250, 24.18750, 25.50000, 24.37500, 1.33531, 0.03707, 2.50220, 1.19670, 3.00425, 3.18879, 0.00000, 3.05099, 3.00747, 2.69963, 2.56022, 22.98128
1728402168, 405007174, 0xDDDD, 4051, 27.83883, 1.22249, 25.31250, 24.18750, 25.50000, 24.31250, 1.33531, 0.03707, 2.50220, 1.17978, 3.03326, 3.19604, 0.00000, 3.05099, 3.00828, 2.70125, 2.56103, 23.16036
1728402168, 405107183, 0xDDDD, 4052, 28.24175, 1.22168, 25.31250, 24.18750, 25.50000, 24.31250, 1.33531, 0.03949, 2.50220, 1.19832, 3.02278, 3.19524, 0.00000, 3.05099, 3.00828, 2.70044, 2.56103, 22.98128
1728402168, 405207168, 0xDDDD, 4053, 27.83883, 1.22249, 25.31250, 24.18750, 25.50000, 24.31250, 1.33451, 0.03788, 2.50220, 1.18864, 3.01311, 3.20088, 0.00000, 3.04696, 3.00828, 2.70044, 2.56344, 23.16036
1728402168, 405307174, 0xDDDD, 4054, 27.83883, 1.22249, 25.31250, 24.18750, 25.50000, 24.31250, 1.33531, 0.04029, 2.50220, 1.18139, 3.00505, 3.20733, 0.00000, 3.04696, 3.00828, 2.70044, 2.55941, 22.98128
1728402168, 405407178, 0xDDDD, 4055, 28.24175, 1.22249, 25.31250, 24.12500, 25.50000, 24.31250, 1.33531, 0.03546, 2.50220, 1.17333, 3.08161, 3.21297, 0.00000, 3.05179, 3.00828, 2.69963, 2.70608, 22.98128
1728402168, 405507176, 0xDDDD, 4056, 28.24175, 1.22168, 25.31250, 24.12500, 25.43750, 24.31250, 1.33451, 0.04352, 2.50220, 1.19187, 3.07033, 3.19604, 0.00000, 3.05018, 3.00828, 2.70044, 2.66982, 22.98128
1728402168, 405607199, 0xDDDD, 4057, 27.83883, 1.22249, 25.31250, 24.18750, 25.43750, 24.31250, 1.33531, 0.03949, 2.50220, 1.18381, 3.01553, 3.20168, 0.00000, 3.04938, 3.00828, 2.70044, 2.56264, 22.98128
1728402169, 405707184, 0xDDDD, 4058, 28.24175, 1.22249, 25.31250, 24.18750, 25.56250, 24.31250, 1.33531, 0.03949, 2.50220, 1.17414, 3.00344, 3.20007, 0.00000, 3.05179, 3.00828, 2.70044, 2.55861, 22.98128
1728402169, 405807177, 0xDDDD, 4059, 28.24175, 1.22168, 25.31250, 24.18750, 25.56250, 24.31250, 1.33289, 0.04029, 2.50220, 1.18381, 3.07678, 3.20571, 0.00000, 3.05179, 3.00828, 2.70044, 2.56103, 22.98128
1728402169, 405907165, 0xDDDD, 4060, 28.24175, 1.22249, 25.31250, 24.18750, 25.50000, 24.31250, 1.33612, 0.03546, 2.50220, 1.17656, 3.06549, 3.18718, 0.00000, 3.05179, 3.00828, 2.70044, 2.56344, 23.16036
1728402169, 406007168, 0xDDDD, 4061, 27.83883, 1.22249, 25.31250, 24.18750, 25.50000, 24.31250, 1.33612, 0.04029, 2.50220, 1.19348, 3.05744, 3.19363, 0.00000, 3.05018, 3.00828, 2.69883, 2.55297, 23.16036
1728402169, 406107179, 0xDDDD, 4062, 27.83883, 1.22249, 25.31250, 24.18750, 25.50000, 24.31250, 1.33531, 0.03465, 2.50139, 1.18381, 3.04938, 3.20088, 0.00000, 3.05179, 3.00828, 2.70044, 2.56264, 22.98128
1728402169, 406207168, 0xDDDD, 4063, 27.83883, 1.22168, 25.37500, 24.18750, 25.56250, 24.31250, 1.33531, 0.03546, 2.50139, 1.17575, 3.07839, 3.20733, 0.00000, 3.05099, 3.00828, 2.70044, 2.55941, 23.16036
1728402169, 406307181, 0xDDDD, 4064, 28.24175, 1.22249, 25.37500, 24.18750, 25.56250, 24.31250, 1.33531, 0.03626, 2.50139, 1.19429, 3.07033, 3.18960, 0.00000, 3.05099, 3.00828, 2.70044, 2.55941, 23.16036
1728402169, 406407173, 0xDDDD, 4065, 27.83883, 1.22249, 25.31250, 24.18750, 25.56250, 24.31250, 1.33531, 0.03868, 2.50139, 1.18462, 3.05985, 3.18799, 0.00000, 3.05099, 3.00828, 2.70044, 2.56344, 23.33944
1728402169, 406507184, 0xDDDD, 4066, 28.24175, 1.22249, 25.31250, 24.18750, 25.56250, 24.31250, 1.33612, 0.03546, 2.50139, 1.17656, 3.04857, 3.19443, 0.00000, 3.05179, 3.00828, 2.70044, 2.56022, 23.16036
1728402169, 406607178, 0xDDDD, 4067, 28.24175, 1.22249, 25.31250, 24.18750, 25.56250, 24.31250, 1.33531, 0.03868, 2.50220, 1.18542, 3.03648, 3.20007, 0.00000, 3.05260, 3.00747, 2.70125, 2.57714, 22.98128
1728402170, 406707194, 0xDDDD, 4068, 28.24175, 1.22249, 25.37500, 24.18750, 25.56250, 24.31250, 1.33531, 0.04271, 2.50220, 1.17575, 3.02359, 3.20733, 0.00000, 3.05018, 3.00828, 2.70044, 2.53604, 22.98128
1728402170, 406807175, 0xDDDD, 4069, 28.24175, 1.22249, 25.37500, 24.18750, 25.56250, 24.31250, 1.33531, 0.03868, 2.50220, 1.19348, 3.01311, 3.18960, 0.00000, 3.05099, 3.00828, 2.69963, 2.55941, 22.98128
1728402170, 406907174, 0xDDDD, 4070, 27.83883, 1.22249, 25.31250, 24.18750, 25.56250, 24.31250, 1.33531, 0.03304, 2.50220, 1.18623, 3.04132, 3.19685, 0.00000, 3.05018, 3.00828, 2.70044, 2.56264, 23.16036
1728402170, 407007182, 0xDDDD, 4071, 28.24175, 1.22249, 25.31250, 24.18750, 25.56250, 24.31250, 1.33531, 0.05319, 2.50220, 1.17817, 3.03165, 3.19443, 0.00000, 3.05018, 3.00828, 2.70125, 2.56103, 23.16036
1728402170, 407107186, 0xDDDD, 4072, 28.24175, 1.22168, 25.31250, 24.18750, 25.50000, 24.31250, 1.33531, 0.03546, 2.50220, 1.19590, 3.01956, 3.20088, 0.00000, 3.04938, 3.00747, 2.70044, 2.56505, 22.98128
1728402170, 407207173, 0xDDDD, 4073, 28.24175, 1.22249, 25.31250, 24.18750, 25.50000, 24.31250, 1.33531, 0.04029, 2.50220, 1.18784, 3.00989, 3.20733, 0.00000, 3.05099, 3.00828, 2.70044, 2.56103, 23.16036
1728402170, 407307182, 0xDDDD, 4074, 27.83883, 1.22249, 25.31250, 24.18750, 25.50000, 24.31250, 1.33531, 0.04352, 2.50220, 1.17897, 3.08161, 3.18960, 0.00000, 3.05179, 3.00828, 2.70044, 2.56264, 23.16036
1728402170, 407407182, 0xDDDD, 4075, 28.24175, 1.22249, 25.31250, 24.18750, 25.56250, 24.31250, 1.33531, 0.04432, 2.50220, 1.18864, 3.07114, 3.19282, 0.00000, 3.05018, 3.00828, 2.70044, 2.57473, 23.16036
1728402170, 407507170, 0xDDDD, 4076, 28.24175, 1.22249, 25.31250, 24.18750, 25.56250, 24.31250, 1.33531, 0.04190, 2.50220, 1.17978, 3.01392, 3.20007, 0.00000, 3.04938, 3.00828, 2.69963, 2.55941, 23.16036
1728402170, 407607183, 0xDDDD, 4077, 27.83883, 1.22249, 25.31250, 24.18750, 25.56250, 24.31250, 1.33531, 0.03788, 2.50220, 1.19670, 3.00344, 3.19766, 0.00000, 3.05099, 3.00747, 2.70044, 2.56022, 23.16036
1728402171, 407707189, 0xDDDD, 4078, 28.24175, 1.22249, 25.31250, 24.18750, 25.56250, 24.31250, 1.33531, 0.03868, 2.50059, 1.18784, 3.07839, 3.20330, 0.00000, 3.05099, 3.00747, 2.70044, 2.56425, 23.16036
1728402171, 407807179, 0xDDDD, 4079, 27.83883, 1.22249, 25.31250, 24.18750, 25.56250, 24.31250, 1.33612, 0.03626, 2.50220, 1.17978, 3.06711, 3.20894, 0.00000, 3.05179, 3.00828, 2.70205, 2.56022, 22.80220
1728402171, 407907174, 0xDDDD, 4080, 28.24175, 1.22168, 25.31250, 24.18750, 25.50000, 24.31250, 1.33531, 0.03949, 2.50220, 1.19993, 3.05744, 3.18879, 0.00081, 3.04535, 3.00828, 2.69963, 2.55861, 23.16036
1728402171, 408007182, 0xDDDD, 4081, 28.24175, 1.22249, 25.31250, 24.18750, 25.50000, 24.31250, 1.33531, 0.04110, 2.50220, 1.19026, 3.04132, 3.19604, 0.00000, 3.05179, 3.00828, 2.70044, 2.55619, 23.16036
1728402171, 408107182, 0xDDDD, 4082, 27.83883, 1.22249, 25.37500, 24.18750, 25.50000, 24.31250, 1.33531, 0.03465, 2.50220, 1.18059, 3.06711, 3.20330, 0.00000, 3.05018, 3.00828, 2.70205, 2.55941, 22.98128
1728402171, 408207169, 0xDDDD, 4083, 28.24175, 1.22249, 25.37500, 24.18750, 25.50000, 24.31250, 1.33451, 0.04029, 2.50220, 1.19026, 3.05582, 3.20813, 0.00000, 3.05179, 3.00908, 2.70044, 2.56344, 23.16036
1728402171, 408307181, 0xDDDD, 4084, 28.24175, 1.22249, 25.37500, 24.18750, 25.56250, 24.31250, 1.33612, 0.04271, 2.50220, 1.18059, 3.04374, 3.20652, 0.00000, 3.04696, 3.00828, 2.70044, 2.55861, 22.98128
1728402171, 408407169, 0xDDDD, 4085, 28.24175, 1.22168, 25.31250, 24.18750, 25.56250, 24.31250, 1.33370, 0.03949, 2.50220, 1.19751, 3.03165, 3.21136, 0.00000, 3.05179, 3.00828, 2.70044, 2.56103, 23.16036
1728402171, 408507164, 0xDDDD, 4086, 28.24175, 1.22249, 25.31250, 24.18750, 25.56250, 24.31250, 1.33531, 0.03626, 2.50220, 1.18784, 3.02037, 3.19282, 0.00000, 3.05099, 3.00828, 2.70044, 2.60293, 23.16036
1728402171, 408607176, 0xDDDD, 4087, 28.24175, 1.22168, 25.31250, 24.18750, 25.56250, 24.37500, 1.33531, 0.03949, 2.50220, 1.17897, 3.00989, 3.19846, 0.00081, 3.05099, 3.00828, 2.69963, 2.61502, 22.98128
1728402172, 408707184, 0xDDDD, 4088, 28.24175, 1.22249, 25.31250, 24.18750, 25.56250, 24.37500, 1.33531, 0.03868, 2.50220, 1.19670, 3.08242, 3.20571, 0.00000, 3.05099, 3.00828, 2.70044, 2.56022, 23.16036
1728402172, 408807180, 0xDDDD, 4089, 27.83883, 1.22168, 25.31250, 24.18750, 25.50000, 24.31250, 1.33531, 0.03788, 2.50139, 1.18864, 3.02440, 3.21136, 0.00000, 3.05179, 3.00747, 2.70044, 2.56183, 23.16036
1728402172, 408907175, 0xDDDD, 4090, 27.83883, 1.22249, 25.37500, 24.18750, 25.50000, 24.31250, 1.33451, 0.04190, 2.50220, 1.17978, 3.01311, 3.21136, 0.00000, 3.05260, 3.00828, 2.70044, 2.56183, 23.16036
1728402172, 409007172, 0xDDDD, 4091, 28.24175, 1.22249, 25.37500, 24.18750, 25.50000, 24.31250, 1.32806, 0.03465, 2.50220, 1.19026, 3.00425, 3.19282, 0.00000, 3.05260, 3.00828, 2.70044, 2.56264, 23.16036
1728402172, 409107184, 0xDDDD, 4092, 27.83883, 1.22168, 25.31250, 24.18750, 25.56250, 24.31250, 1.33451, 0.04029, 2.50220, 1.17978, 3.07597, 3.19927, 0.00000, 3.05018, 3.00828, 2.70044, 2.55700, 22.98128
1728402172, 409207178, 0xDDDD, 4093, 28.24175, 1.22249, 25.31250, 24.18750, 25.56250, 24.31250, 1.33531, 0.04271, 2.50220, 1.19670, 3.06388, 3.20652, 0.00000, 3.05099, 3.00828, 2.70044, 2.57231, 22.98128
1728402172, 409307163, 0xDDDD, 4094, 27.83883, 1.22330, 25.31250, 24.18750, 25.56250, 24.31250, 1.33531, 0.03868, 2.50220, 1.18703, 3.05341, 3.21136, 0.00000, 3.05099, 3.00828, 2.70044, 2.56667, 23.16036
1728402172, 409407170, 0xDDDD, 4095, 28.24175, 1.22249, 25.31250, 24.18750, 25.56250, 24.31250, 1.33531, 0.04029, 2.50220, 1.17897, 3.08161, 3.19282, 0.00000, 3.04857, 3.00828, 2.70044, 2.56103, 23.16036
1728402172, 409507190, 0xDDDD, 4096, 28.24175, 1.22249, 25.31250, 24.18750, 25.56250, 24.31250, 1.33531, 0.04271, 2.50139, 1.19590, 3.07033, 3.19282, 0.00000, 3.05179, 3.00828, 2.70125, 2.56022, 23.16036
1728402172, 409607182, 0xDDDD, 4097, 27.83883, 1.22249, 25.31250, 24.18750, 25.56250, 24.37500, 1.33612, 0.03546, 2.50220, 1.18623, 3.05905, 3.19927, 0.00000, 3.05260, 3.00828, 2.70125, 2.56425, 22.98128
1728402173, 409707175, 0xDDDD, 4098, 27.83883, 1.22249, 25.31250, 24.18750, 25.56250, 24.37500, 1.33531, 0.03465, 2.50220, 1.17736, 3.04696, 3.20571, 0.00000, 3.05099, 3.00747, 2.70044, 2.56425, 23.16036
1728402173, 409807170, 0xDDDD, 4099, 28.24175, 1.22249, 25.31250, 24.18750, 25.56250, 24.31250, 1.33612, 0.03707, 2.50220, 1.18703, 3.03407, 3.18718, 0.00000, 3.05099, 3.00828, 2.70044, 2.53282, 22.98128
1728402173, 409907189, 0xDDDD, 4100, 27.83883, 1.22249, 25.31250, 24.18750, 25.56250, 24.31250, 1.33531, 0.04029, 2.50220, 1.17736, 3.02037, 3.19443, 0.00000, 3.05099, 3.00828, 2.69883, 2.57473, 23.16036
1728402173, 410007174, 0xDDDD, 4101, 28.24175, 1.22249, 25.31250, 24.12500, 25.50000, 24.31250, 1.33531, 0.03707, 2.50220, 1.19590, 3.04777, 3.20007, 0.00000, 3.05099, 3.00828, 2.69963, 2.55941, 23.16036
1728402173, 410107176, 0xDDDD, 4102, 28.24175, 1.22249, 25.31250, 24.12500, 25.50000, 24.31250, 1.33531, 0.02498, 2.50220, 1.18703, 3.03810, 3.20007, 0.00000, 3.05260, 3.00828, 2.70044, 2.56022, 23.16036
1728402173, 410207178, 0xDDDD, 4103, 27.83883, 1.22249, 25.31250, 24.18750, 25.50000, 24.31250, 1.33531, 0.03788, 2.50220, 1.17897, 3.02923, 3.20491, 0.00000, 3.05179, 3.00828, 2.70044, 2.56183, 23.16036
1728402173, 410307185, 0xDDDD, 4104, 27.83883, 1.22249, 25.31250, 24.18750, 25.50000, 24.31250, 1.33531, 0.04029, 2.50220, 1.19509, 3.01553, 3.21216, 0.00000, 3.05179, 3.00828, 2.69963, 2.55941, 23.16036
1728402173, 410407173, 0xDDDD, 4105, 28.24175, 1.22249, 25.31250, 24.18750, 25.50000, 24.31250, 1.33612, 0.04029, 2.50220, 1.18623, 3.00505, 3.19363, 0.00000, 3.05099, 3.00828, 2.70044, 2.49575, 22.98128
1728402173, 410507181, 0xDDDD, 4106, 27.83883, 1.22249, 25.31250, 24.18750, 25.56250, 24.37500, 1.33531, 0.03546, 2.50220, 1.17656, 3.07678, 3.20007, 0.00000, 3.04857, 3.00828, 2.70044, 2.56264, 23.16036
1728402173, 410607175, 0xDDDD, 4107, 28.24175, 1.22168, 25.31250, 24.18750, 25.56250, 24.37500, 1.33531, 0.03949, 2.50220, 1.18623, 3.06549, 3.20571, 0.00000, 3.05179, 3.00828, 2.70125, 2.55941, 23.16036
1728402174, 410707200, 0xDDDD, 4108, 27.83883, 1.22249, 25.31250, 24.18750, 25.50000, 24.37500, 1.33451, 0.03546, 2.50139, 1.17656, 3.01150, 3.21136, 0.00000, 3.05018, 3.00828, 2.70044, 2.56183, 23.16036
1728402174, 410807175, 0xDDDD, 4109, 28.24175, 1.22249, 25.31250, 24.18750, 25.50000, 24.37500, 1.33612, 0.03546, 2.50139, 1.19267, 3.09773, 3.20894, 0.00000, 3.05018, 3.00828, 2.69963, 2.56183, 22.44402
1728402174, 410907180, 0xDDDD, 4110, 27.83883, 1.22249, 25.31250, 24.18750, 25.50000, 24.37500, 1.33531, 0.03868, 2.50220, 1.18220, 3.06952, 3.19040, 0.00000, 3.05179, 3.00828, 2.69963, 2.56344, 23.16036
1728402174, 411007178, 0xDDDD, 4111, 28.24175, 1.22249, 25.31250, 24.18750, 25.56250, 24.37500, 1.33531, 0.04271, 2.50220, 1.19670, 3.05582, 3.19685, 0.00000, 3.05179, 3.00828, 2.70044, 2.56022, 22.80220
1728402174, 411107171, 0xDDDD, 4112, 28.24175, 1.22168, 25.31250, 24.18750, 25.56250, 24.37500, 1.33612, 0.03465, 2.50220, 1.18784, 3.04696, 3.20330, 0.00000, 3.05018, 3.00828, 2.69963, 2.59971, 23.16036
1728402174, 411207180, 0xDDDD, 4113, 27.83883, 1.22249, 25.31250, 24.18750, 25.56250, 24.31250, 1.33451, 0.04271, 2.50220, 1.17897, 3.03487, 3.20974, 0.00081, 3.05179, 3.00828, 2.70044, 2.56264, 23.16036
1728402174, 411307181, 0xDDDD, 4114, 27.83883, 1.22249, 25.31250, 24.18750, 25.56250, 24.31250, 1.33531, 0.03707, 2.50139, 1.18864, 3.06308, 3.18960, 0.00000, 3.05179, 3.00828, 2.70044, 2.56344, 23.16036
1728402174, 411407176, 0xDDDD, 4115, 28.24175, 1.22249, 25.31250, 24.18750, 25.56250, 24.31250, 1.33531, 0.03949, 2.50220, 1.17978, 3.04938, 3.18718, 0.00000, 3.05179, 3.00828, 2.70125, 2.56183, 23.16036
1728402174, 411507183, 0xDDDD, 4116, 28.24175, 1.22168, 25.31250, 24.18750, 25.56250, 24.37500, 1.35868, 0.03868, 2.50220, 1.19670, 3.03890, 3.19443, 0.00000, 3.04938, 3.00828, 2.69963, 2.56022, 23.16036
1728402174, 411607174, 0xDDDD, 4117, 27.83883, 1.22168, 25.31250, 24.18750, 25.56250, 24.37500, 1.33531, 0.04110, 2.50220, 1.18462, 3.02440, 3.20168, 0.00000, 3.05260, 3.00828, 2.70205, 2.56103, 22.98128
1728402175, 411707182, 0xDDDD, 4118, 27.43590, 1.22249, 25.31250, 24.18750, 25.50000, 24.37500, 1.33531, 0.03707, 2.50220, 1.17414, 3.00989, 3.20894, 0.00000, 3.05099, 3.00828, 2.70044, 2.47883, 23.16036
1728402175, 411807167, 0xDDDD, 4119, 27.83883, 1.22249, 25.37500, 24.18750, 25.50000, 24.37500, 1.33612, 0.03465, 2.50220, 1.19106, 3.08403, 3.18879, 0.00000, 3.05260, 3.00828, 2.70044, 2.56747, 22.98128
1728402175, 411907171, 0xDDDD, 4120, 27.83883, 1.22168, 25.37500, 24.18750, 25.56250, 24.37500, 1.33531, 0.04029, 2.50220, 1.18059, 3.02359, 3.19685, 0.00000, 3.05179, 3.00908, 2.70044, 2.56183, 22.98128
1728402175, 412007187, 0xDDDD, 4121, 27.83883, 1.22249, 25.31250, 24.18750, 25.56250, 24.37500, 1.33531, 0.03465, 2.50139, 1.19670, 3.01150, 3.19363, 0.00000, 3.05179, 3.00828, 2.70125, 2.56183, 23.16036
1728402175, 412107185, 0xDDDD, 4122, 28.24175, 1.22249, 25.31250, 24.18750, 25.56250, 24.37500, 1.33612, 0.04110, 2.50139, 1.17897, 3.08242, 3.19846, 0.00000, 3.05179, 3.00828, 2.70205, 2.56425, 23.16036
1728402175, 412207166, 0xDDDD, 4123, 27.83883, 1.22249, 25.31250, 24.18750, 25.50000, 24.31250, 1.33451, 0.03868, 2.50220, 1.19590, 3.07033, 3.20491, 0.00000, 3.05099, 3.00828, 2.70125, 2.56183, 23.16036
1728402175, 412307167, 0xDDDD, 4124, 27.83883, 1.22249, 25.31250, 24.18750, 25.50000, 24.31250, 1.33531, 0.03949, 2.50220, 1.18542, 3.06066, 3.21216, 0.00000, 3.04938, 3.00747, 2.70125, 2.56586, 23.16036
1728402175, 412407183, 0xDDDD, 4125, 27.83883, 1.22249, 25.31250, 24.18750, 25.56250, 24.31250, 1.33451, 0.04271, 2.50220, 1.17575, 3.04696, 3.19282, 0.00000, 3.04777, 3.00828, 2.70044, 2.56103, 22.98128
1728402175, 412507164, 0xDDDD, 4126, 27.83883, 1.22249, 25.31250, 24.18750, 25.56250, 24.31250, 1.33531, 0.04110, 2.50220, 1.19267, 3.03326, 3.19846, 0.00000, 3.05099, 3.00828, 2.69963, 2.56344, 23.16036
1728402175, 412607176, 0xDDDD, 4127, 27.83883, 1.22168, 25.31250, 24.18750, 25.56250, 24.31250, 1.33531, 0.04029, 2.50220, 1.18220, 3.05663, 3.20491, 0.00000, 3.05018, 3.00828, 2.70125, 2.55941, 23.16036
1728402176, 412707179, 0xDDDD, 4128, 28.24175, 1.22249, 25.31250, 24.18750, 25.50000, 24.31250, 1.33451, 0.03949, 2.50220, 1.19912, 3.04212, 3.20330, 0.00000, 3.05099, 3.00828, 2.69963, 2.56264, 23.51852
1728402176, 412807184, 0xDDDD, 4129, 28.24175, 1.22249, 25.31250, 24.18750, 25.50000, 24.31250, 1.33451, 0.04190, 2.50220, 1.18784, 3.02923, 3.20974, 0.00000, 3.05018, 3.00828, 2.70044, 2.56022, 23.16036
1728402176, 412907177, 0xDDDD, 4130, 28.24175, 1.22249, 25.31250, 24.18750, 25.56250, 24.37500, 1.33370, 0.04755, 2.50220, 1.19509, 3.01634, 3.18960, 0.00000, 3.05099, 3.00828, 2.70044, 2.57070, 23.16036
1728402176, 413007188, 0xDDDD, 4131, 27.83883, 1.22168, 25.31250, 24.18750, 25.56250, 24.37500, 1.33612, 0.03868, 2.50220, 1.18381, 3.00425, 3.19604, 0.00000, 3.05099, 3.00828, 2.69883, 2.55700, 22.98128
1728402176, 413107182, 0xDDDD, 4132, 27.83883, 1.22249, 25.31250, 24.18750, 25.56250, 24.37500, 1.33531, 0.03949, 2.50220, 1.17495, 3.07436, 3.20168, 0.00000, 3.05341, 3.00747, 2.70044, 2.56103, 23.16036
1728402176, 413207163, 0xDDDD, 4133, 27.83883, 1.22249, 25.31250, 24.18750, 25.56250, 24.31250, 1.33531, 0.03465, 2.50220, 1.19187, 3.01634, 3.20733, 0.00000, 3.05018, 3.00828, 2.70125, 2.56022, 23.16036
1728402176, 413307174, 0xDDDD, 4134, 28.24175, 1.22249, 25.31250, 24.18750, 25.56250, 24.31250, 1.33451, 0.03385, 2.50220, 1.18220, 3.00989, 3.20571, 0.00000, 3.05018, 3.00828, 2.70205, 2.56425, 22.80220
1728402176, 413407201, 0xDDDD, 4135, 27.83883, 1.22168, 25.31250, 24.18750, 25.50000, 24.31250, 1.33531, 0.03707, 2.50220, 1.19832, 3.07033, 3.21055, 0.00000, 3.04938, 3.00828, 2.69963, 2.56103, 23.16036
1728402176, 413507175, 0xDDDD, 4136, 27.83883, 1.22249, 25.31250, 24.18750, 25.50000, 24.31250, 1.33451, 0.04674, 2.50220, 1.18784, 3.05663, 3.19201, 0.00000, 3.05099, 3.00828, 2.70044, 2.56022, 23.16036
1728402176, 413607182, 0xDDDD, 4137, 28.24175, 1.22249, 25.31250, 24.18750, 25.50000, 24.31250, 1.33531, 0.04190, 2.50220, 1.17817, 3.04374, 3.19685, 0.00000, 3.05179, 3.00828, 2.70044, 2.46996, 22.98128
1728402177, 413707185, 0xDDDD, 4138, 28.24175, 1.22330, 25.31250, 24.18750, 25.50000, 24.31250, 1.33451, 0.04029, 2.50220, 1.18623, 3.02842, 3.20249, 0.00000, 3.04777, 3.00828, 2.70044, 2.57311, 23.16036
1728402177, 413807174, 0xDDDD, 4139, 27.83883, 1.22249, 25.31250, 24.18750, 25.50000, 24.31250, 1.33531, 0.04110, 2.50139, 1.17575, 3.05179, 3.20733, 0.00000, 3.05099, 3.00828, 2.70125, 2.56103, 23.16036
1728402177, 413907180, 0xDDDD, 4140, 28.24175, 1.22249, 25.31250, 24.18750, 25.56250, 24.37500, 1.33531, 0.03707, 2.50220, 1.19106, 3.03568, 3.20571, 0.00000, 3.05018, 3.00828, 2.70125, 2.56264, 22.80220
1728402177, 414007191, 0xDDDD, 4141, 28.24175, 1.22249, 25.31250, 24.18750, 25.56250, 24.37500, 1.33451, 0.04271, 2.50220, 1.18059, 3.02198, 3.21055, 0.00081, 3.04857, 3.00908, 2.69963, 2.55941, 23.16036
1728402177, 414107170, 0xDDDD, 4142, 28.24175, 1.22249, 25.31250, 24.18750, 25.56250, 24.31250, 1.33531, 0.03707, 2.50220, 1.19590, 3.00747, 3.19201, 0.00000, 3.05018, 3.00828, 2.70044, 2.56264, 23.16036
1728402177, 414207175, 0xDDDD, 4143, 28.24175, 1.22330, 25.31250, 24.18750, 25.56250, 24.31250, 1.33531, 0.03949, 2.50220, 1.18542, 3.07597, 3.19685, 0.00000, 3.05018, 3.00828, 2.69963, 2.53040, 22.98128
1728402177, 414307203, 0xDDDD, 4144, 27.83883, 1.22168, 25.31250, 24.18750, 25.56250, 24.31250, 1.33531, 0.03546, 2.50220, 1.17495, 3.06227, 3.20330, 0.00000, 3.05099, 3.00828, 2.70044, 2.56505, 23.16036
1728402177, 414407170, 0xDDDD, 4145, 28.24175, 1.22249, 25.37500, 24.18750, 25.56250, 24.31250, 1.33451, 0.04029, 2.50220, 1.19106, 3.00344, 3.20974, 0.00000, 3.04857, 3.00828, 2.70044, 2.56103, 23.16036
1728402177, 414507172, 0xDDDD, 4146, 27.83883, 1.22249, 25.37500, 24.18750, 25.56250, 24.31250, 1.33612, 0.03868, 2.50300, 1.17333, 3.06549, 3.18960, 0.00000, 3.04535, 3.00908, 2.70044, 2.55861, 23.33944
1728402177, 414607187, 0xDDDD, 4147, 27.83883, 1.22249, 25.37500, 24.18750, 25.56250, 24.31250, 1.33612, 0.03465, 2.50220, 1.19106, 3.02681, 3.21216, 0.00000, 3.05018, 3.00828, 2.69963, 2.56344, 23.16036
1728402178, 414707172, 0xDDDD, 4148, 27.83883, 1.22249, 25.31250, 24.18750, 25.56250, 24.31250, 1.33531, 0.03546, 2.50220, 1.17897, 3.01231, 3.19443, 0.00000, 3.05018, 3.00828, 2.70044, 2.56103, 23.16036
1728402178, 414807163, 0xDDDD, 4149, 27.83883, 1.22249, 25.31250, 24.18750, 25.50000, 24.31250, 1.33451, 0.04110, 2.50139, 1.19267, 3.08645, 3.19927, 0.00000, 3.05018, 3.00828, 2.69963, 2.52799, 23.16036
1728402178, 414907178, 0xDDDD, 4150, 28.24175, 1.22249, 25.31250, 24.18750, 25.50000, 24.37500, 1.33531, 0.04352, 2.50220, 1.18139, 3.07033, 3.20491, 0.00000, 3.05099, 3.00828, 2.70044, 2.53443, 22.98128
1728402178, 415007184, 0xDDDD, 4151, 27.83883, 1.22249, 25.31250, 24.18750, 25.50000, 24.37500, 1.33531, 0.03788, 2.50220, 1.19670, 3.05260, 3.21216, 0.00000, 3.05099, 3.00828, 2.70044, 2.56344, 23.16036
1728402178, 415107173, 0xDDDD, 4152, 27.83883, 1.22249, 25.31250, 24.18750, 25.56250, 24.37500, 1.33531, 0.04029, 2.50220, 1.18542, 3.07758, 3.19282, 0.00000, 3.04857, 3.00828, 2.70044, 2.56344, 23.16036
1728402178, 415207175, 0xDDDD, 4153, 28.24175, 1.22249, 25.31250, 24.18750, 25.56250, 24.37500, 1.33531, 0.03949, 2.50139, 1.17575, 3.06227, 3.18960, 0.00000, 3.05099, 3.00989, 2.70044, 2.55941, 23.16036
1728402178, 415307177, 0xDDDD, 4154, 28.24175, 1.22249, 25.31250, 24.18750, 25.56250, 24.37500, 1.33612, 0.03788, 2.50139, 1.18381, 3.04777, 3.19443, 0.00000, 3.05179, 3.00828, 2.70125, 2.56344, 23.16036
1728402178, 415407186, 0xDDDD, 4155, 28.24175, 1.22249, 25.31250, 24.18750, 25.56250, 24.37500, 1.33531, 0.03788, 2.50139, 1.20637, 3.03245, 3.20007, 0.00000, 3.05099, 3.00828, 2.70044, 2.56425, 23.33944
1728402178, 415507181, 0xDDDD, 4156, 28.24175, 1.22249, 25.31250, 24.18750, 25.56250, 24.37500, 1.33612, 0.03868, 2.50220, 1.18784, 3.01875, 3.20491, 0.00000, 3.04938, 3.00828, 2.70125, 2.56989, 22.80220
1728402178, 415607168, 0xDDDD, 4157, 27.83883, 1.22249, 25.31250, 24.18750, 25.56250, 24.37500, 1.33531, 0.03788, 2.50220, 1.17736, 3.00425, 3.21136, 0.00000, 3.05099, 3.00747, 2.70044, 2.58117, 23.16036
1728402179, 415707170, 0xDDDD, 4158, 28.24175, 1.22168, 25.31250, 24.18750, 25.56250, 24.37500, 1.33531, 0.04110, 2.50220, 1.19106, 3.02762, 3.19201, 0.00000, 3.05260, 3.00828, 2.70044, 2.56264, 23.16036
1728402179, 415807185, 0xDDDD, 4159, 28.24175, 1.22249, 25.31250, 24.18750, 25.56250, 24.31250, 1.33531, 0.05883, 2.50220, 1.17978, 3.00828, 3.18879, 0.00000, 3.05099, 3.00828, 2.70044, 2.55941, 22.98128
1728402179, 415907184, 0xDDDD, 4160, 27.83883, 1.22249, 25.31250, 24.18750, 25.56250, 24.31250, 1.33531, 0.03788, 2.50220, 1.19509, 3.07839, 3.19443, 0.00000, 3.05099, 3.00828, 2.70205, 2.56103, 23.16036
1728402179, 416007178, 0xDDDD, 4161, 28.24175, 1.22249, 25.31250, 24.18750, 25.56250, 24.31250, 1.34095, 0.04432, 2.50220, 1.18300, 3.06227, 3.20007, 0.00000, 3.05018, 3.00747, 2.69963, 2.56022, 22.98128
1728402179, 416107174, 0xDDDD, 4162, 27.83883, 1.22249, 25.31250, 24.18750, 25.56250, 24.31250, 1.33451, 0.04755, 2.50220, 1.18945, 3.04777, 3.20733, 0.00000, 3.05179, 3.00828, 2.69963, 2.55055, 22.98128
1728402179, 416207186, 0xDDDD, 4163, 27.83883, 1.22088, 25.31250, 24.18750, 25.56250, 24.31250, 1.33451, 0.04513, 2.50220, 1.17897, 3.03004, 3.18718, 0.00000, 3.05179, 3.00989, 2.70125, 2.52476, 23.16036
1728402179, 416307174, 0xDDDD, 4164, 27.83883, 1.22249, 25.31250, 24.18750, 25.50000, 24.37500, 1.33612, 0.03223, 2.50139, 1.19348, 3.05099, 3.19282, 0.00000, 3.05099, 3.00828, 2.70044, 2.55861, 23.16036
1728402179, 416407183, 0xDDDD, 4165, 28.24175, 1.22249, 25.31250, 24.18750, 25.50000, 24.37500, 1.33531, 0.02740, 2.50220, 1.18059, 3.03326, 3.18960, 0.00000, 3.05099, 3.00828, 2.70044, 2.55941, 22.98128
1728402179, 416507185, 0xDDDD, 4166, 27.83883, 1.22168, 25.31250, 24.18750, 25.50000, 24.37500, 1.33531, 0.04110, 2.50220, 1.19509, 3.01553, 3.19524, 0.00000, 3.05018, 3.00828, 2.70125, 2.56103, 23.16036
1728402179, 416607199, 0xDDDD, 4167, 27.83883, 1.22249, 25.37500, 24.18750, 25.50000, 24.37500, 1.33531, 0.04110, 2.50220, 1.18300, 3.08403, 3.20088, 0.00000, 3.05099, 3.00828, 2.69963, 2.55861, 23.16036
1728402180, 416707173, 0xDDDD, 4168, 27.83883, 1.22249, 25.37500, 24.18750, 25.56250, 24.37500, 1.33531, 0.03465, 2.50300, 1.19751, 3.06549, 3.20652, 0.00000, 3.05341, 3.00908, 2.70125, 2.50623, 22.98128
1728402180, 416807182, 0xDDDD, 4169, 28.24175, 1.22249, 25.37500, 24.18750, 25.56250, 24.37500, 1.33531, 0.03546, 2.50220, 1.17736, 3.05018, 3.18799, 0.00000, 3.05099, 3.00828, 2.70044, 2.56103, 23.16036
1728402180, 416907180, 0xDDDD, 4170, 28.24175, 1.22249, 25.37500, 24.18750, 25.56250, 24.37500, 1.33531, 0.04110, 2.50220, 1.19267, 3.03568, 3.19201, 0.00000, 3.05099, 3.00828, 2.70125, 2.56183, 23.16036
1728402180, 417007184, 0xDDDD, 4171, 28.24175, 1.22249, 25.37500, 24.18750, 25.56250, 24.37500, 1.33531, 0.03868, 2.50220, 1.18059, 3.05663, 3.19685, 0.00000, 3.05018, 3.00828, 2.70044, 2.55941, 22.98128
1728402180, 417107182, 0xDDDD, 4172, 27.83883, 1.22249, 25.31250, 24.18750, 25.56250, 24.37500, 1.33531, 0.04513, 2.50220, 1.19509, 3.03890, 3.19363, 0.00000, 3.05179, 3.00828, 2.70125, 2.56103, 23.51852
1728402180, 417207169, 0xDDDD, 4173, 27.83883, 1.22249, 25.31250, 24.18750, 25.56250, 24.37500, 1.33370, 0.03788, 2.50220, 1.18462, 3.02440, 3.19846, 0.00000, 3.05018, 3.00747, 2.70044, 2.56344, 22.98128
1728402180, 417307184, 0xDDDD, 4174, 28.24175, 1.22249, 25.37500, 24.18750, 25.56250, 24.31250, 1.33531, 0.04110, 2.50220, 1.17495, 3.00586, 3.20330, 0.00000, 3.05260, 3.00828, 2.69963, 2.56183, 22.98128
1728402180, 417407172, 0xDDDD, 4175, 28.24175, 1.22249, 25.37500, 24.18750, 25.56250, 24.31250, 1.33612, 0.04190, 2.50220, 1.19187, 3.07275, 3.20894, 0.00000, 3.04938, 3.00828, 2.70125, 2.57311, 23.16036
1728402180, 417507181, 0xDDDD, 4176, 27.83883, 1.22249, 25.37500, 24.18750, 25.56250, 24.31250, 1.33531, 0.04593, 2.50220, 1.17978, 3.05341, 3.18960, 0.00000, 3.05099, 3.00828, 2.69883, 2.56344, 23.16036
1728402180, 417607182, 0xDDDD, 4177, 28.24175, 1.22168, 25.37500, 24.18750, 25.56250, 24.31250, 1.33451, 0.03465, 2.50220, 1.18784, 3.08000, 3.19524, 0.00000, 3.05099, 3.00908, 2.70044, 2.56425, 23.16036
1728402181, 417707176, 0xDDDD, 4178, 28.24175, 1.22249, 25.37500, 24.12500, 25.56250, 24.31250, 1.33531, 0.03707, 2.50220, 1.17656, 3.06388, 3.19201, 0.00000, 3.05099, 3.00908, 2.70044, 2.56183, 23.16036
1728402181, 417807178, 0xDDDD, 4179, 28.24175, 1.22249, 25.31250, 24.12500, 25.56250, 24.31250, 1.33612, 0.04029, 2.50220, 1.19026, 3.04374, 3.19766, 0.00000, 3.05099, 3.00908, 2.70125, 2.56103, 23.16036
1728402181, 417907174, 0xDDDD, 4180, 28.24175, 1.22249, 25.31250, 24.18750, 25.56250, 24.31250, 1.33612, 0.03788, 2.50220, 1.17817, 3.02681, 3.20249, 0.00000, 3.04938, 3.00828, 2.70044, 2.56264, 23.16036
1728402181, 418007164, 0xDDDD, 4181, 28.24175, 1.22249, 25.31250, 24.18750, 25.56250, 24.37500, 1.33612, 0.04432, 2.50139, 1.19267, 3.01070, 3.20733, 0.00000, 3.05018, 3.00828, 2.70044, 2.64322, 22.98128
1728402181, 418107170, 0xDDDD, 4182, 27.83883, 1.22249, 25.37500, 24.18750, 25.56250, 24.37500, 1.33612, 0.03465, 2.50220, 1.17978, 3.07597, 3.18718, 0.00000, 3.04535, 3.00828, 2.70125, 2.54813, 22.98128
1728402181, 418207170, 0xDDDD, 4183, 27.83883, 1.22249, 25.37500, 24.18750, 25.56250, 24.31250, 1.33370, 0.04593, 2.50220, 1.19429, 3.01311, 3.19363, 0.00000, 3.05179, 3.00828, 2.70125, 2.56425, 23.16036
1728402181, 418307185, 0xDDDD, 4184, 27.83883, 1.22249, 25.31250, 24.18750, 25.56250, 24.31250, 1.33531, 0.04271, 2.50220, 1.18220, 3.07758, 3.19121, 0.00000, 3.05099, 3.00828, 2.69883, 2.56425, 22.80220
1728402181, 418407199, 0xDDDD, 4185, 27.83883, 1.22249, 25.31250, 24.18750, 25.56250, 24.31250, 1.34418, 0.03868, 2.50220, 1.19670, 3.05985, 3.19524, 0.00000, 3.05179, 3.00828, 2.70125, 2.56022, 23.16036
1728402181, 418507172, 0xDDDD, 4186, 28.24175, 1.22249, 25.37500, 24.18750, 25.56250, 24.31250, 1.33612, 0.03868, 2.50220, 1.17656, 3.04212, 3.19927, 0.00000, 3.05179, 3.00908, 2.70044, 2.56183, 23.16036
1728402181, 418607174, 0xDDDD, 4187, 27.83883, 1.22249, 25.37500, 24.18750, 25.56250, 24.31250, 1.33451, 0.03707, 2.50220, 1.19026, 3.02278, 3.20410, 0.00000, 3.05179, 3.00828, 2.70125, 2.56425, 23.16036
1728402182, 418707185, 0xDDDD, 4188, 28.24175, 1.22249, 25.37500, 24.18750, 25.62500, 24.37500, 1.33531, 0.03626, 2.50220, 1.17817, 3.00667, 3.20894, 0.00000, 3.05018, 3.00828, 2.70044, 2.51670, 23.16036
1728402182, 418807164, 0xDDDD, 4189, 27.83883, 1.22168, 25.37500, 24.18750, 25.62500, 24.37500, 1.33531, 0.03707, 2.50220, 1.19267, 3.07275, 3.18799, 0.00000, 3.05341, 3.00828, 2.70044, 2.56264, 23.16036
1728402182, 418907182, 0xDDDD, 4190, 28.24175, 1.22249, 25.37500, 24.25000, 25.56250, 24.37500, 1.33451, 0.04513, 2.50220, 1.17978, 3.00908, 3.19282, 0.00000, 3.05260, 3.00828, 2.70044, 2.55941, 23.16036
1728402182, 419007183, 0xDDDD, 4191, 27.83883, 1.22249, 25.31250, 24.25000, 25.56250, 24.31250, 1.33612, 0.03626, 2.50300, 1.19429, 3.07678, 3.18960, 0.00000, 3.05179, 3.00828, 2.70125, 2.56264, 23.51852
1728402182, 419107185, 0xDDDD, 4192, 27.83883, 1.22249, 25.31250, 24.18750, 25.56250, 24.31250, 1.33531, 0.04110, 2.50220, 1.18300, 3.05744, 3.19524, 0.00000, 3.05099, 3.00828, 2.70044, 2.56022, 23.16036
1728402182, 419207169, 0xDDDD, 4193, 28.24175, 1.22249, 25.31250, 24.18750, 25.56250, 24.37500, 1.33531, 0.03868, 2.50220, 1.18864, 3.03890, 3.20168, 0.00000, 3.05179, 3.00828, 2.70125, 2.56183, 23.16036
1728402182, 419307191, 0xDDDD, 4194, 27.83883, 1.22249, 25.37500, 24.18750, 25.56250, 24.37500, 1.33451, 0.04029, 2.50220, 1.17656, 3.02037, 3.20491, 0.00000, 3.05179, 3.00908, 2.69963, 2.59165, 23.16036
1728402182, 419407174, 0xDDDD, 4195, 27.83883, 1.22249, 25.37500, 24.18750, 25.56250, 24.37500, 1.33531, 0.03949, 2.50220, 1.19026, 3.00344, 3.21055, 0.00000, 3.05099, 3.00828, 2.70125, 2.56022, 22.98128
1728402182, 419507166, 0xDDDD, 4196, 27.83883, 1.22249, 25.37500, 24.18750, 25.56250, 24.37500, 1.33612, 0.03546, 2.50220, 1.17736, 3.02117, 3.19040, 0.00000, 3.05018, 3.00828, 2.70044, 2.56183, 23.16036
1728402182, 419607174, 0xDDDD, 4197, 28.24175, 1.22249, 25.37500, 24.18750, 25.56250, 24.37500, 1.33531, 0.04029, 2.50220, 1.19187, 3.00425, 3.21136, 0.00000, 3.04535, 3.00828, 2.70044, 2.56264, 23.16036
1728402183, 419707187, 0xDDDD, 4198, 28.24175, 1.22249, 25.37500, 24.18750, 25.56250, 24.31250, 1.33531, 0.04271, 2.50220, 1.17978, 3.06872, 3.19121, 0.00000, 3.05018, 3.00828, 2.70125, 2.55861, 23.16036
1728402183, 419807181, 0xDDDD, 4199, 27.83883, 1.22249, 25.37500, 24.18750, 25.56250, 24.31250, 1.33531, 0.03626, 2.50220, 1.19267, 3.05018, 3.19604, 0.00000, 3.04857, 3.00828, 2.70125, 2.56183, 23.16036
