sync, unix, uptime, seq, vsense, vrefint, busvmon, busimon, 2v5mon, 5vmon, n3v3mon, n5vmon, 15vmon, 5vrefmon, n200vmon, n800vmon, temp1, temp2, temp3, temp4, tmp1
0xDDDD, 1730293787, 000000, 0000, 28.64468, 1.22088, 1.14029, 0.14103, 2.49575, 3.03648, 3.20974, 0.00000, 3.04696, 3.00425, 2.69802, 2.57311, 25.37500, 25.43750, 25.43750, 25.43750, 14.74358
0xDDDD, 1730293787, 008282, 0001, 28.64468, 1.22088, 1.33370, 0.06447, 2.49656, 3.04132, 3.21136, 0.00000, 3.04938, 3.00425, 2.69802, 2.54571, 25.37500, 25.43750, 25.43750, 25.43750, 14.74358
0xDDDD, 1730293787, 108276, 0002, 28.64468, 1.22088, 1.33370, 0.06286, 2.49656, 3.08322, 3.20894, 0.00000, 3.04777, 3.00425, 2.69641, 2.55780, 25.37500, 25.37500, 25.56250, 25.43750, 15.63900
0xDDDD, 1730293787, 208282, 0003, 28.64468, 1.22088, 1.33531, 0.07495, 2.49736, 3.05018, 3.20491, 0.00000, 3.05099, 3.00505, 2.69802, 2.55861, 25.37500, 25.37500, 25.56250, 25.43750, 16.53439
0xDDDD, 1730293787, 308258, 0004, 29.04761, 1.22088, 1.33451, 0.06850, 2.49817, 3.02037, 3.20652, 0.00000, 3.04857, 3.00505, 2.69883, 2.55458, 25.37500, 25.43750, 25.56250, 25.43750, 16.71347
0xDDDD, 1730293787, 408285, 0005, 29.04761, 1.22088, 1.33370, 0.08220, 2.49817, 3.07194, 3.20813, 0.00000, 3.04615, 3.00586, 2.69883, 2.55538, 25.37500, 25.43750, 25.62500, 25.50000, 17.25071
0xDDDD, 1730293787, 508266, 0006, 29.04761, 1.22168, 1.33451, 0.06527, 2.49897, 3.04293, 3.21136, 0.00000, 3.04696, 3.00586, 2.69802, 2.52315, 25.37500, 25.43750, 25.62500, 25.50000, 17.60886
0xDDDD, 1730293787, 608287, 0007, 29.04761, 1.22007, 1.33370, 0.07817, 2.49978, 3.01714, 3.21538, 0.00000, 3.04535, 3.00586, 2.69883, 2.59004, 25.37500, 25.37500, 25.56250, 25.50000, 17.96702
0xDDDD, 1730293787, 708275, 0008, 29.04761, 1.22168, 1.33451, 0.08462, 2.49978, 3.05502, 3.20007, 0.00000, 3.04938, 3.00586, 2.69883, 2.55619, 25.37500, 25.37500, 25.56250, 25.50000, 18.32518
0xDDDD, 1730293787, 808300, 0009, 29.04761, 1.22168, 1.33370, 0.06527, 2.49978, 3.02842, 3.19846, 0.00000, 3.04938, 3.00667, 2.69802, 2.55780, 25.37500, 25.37500, 25.56250, 25.50000, 18.32518
0xDDDD, 1730293788, 908283, 0010, 29.04761, 1.22168, 1.33451, 0.06205, 2.49978, 3.08081, 3.20330, 0.00000, 3.04857, 3.00667, 2.69802, 2.55861, 25.37500, 25.37500, 25.56250, 25.43750, 18.68334
0xDDDD, 1730293788, 1008291, 0011, 29.45053, 1.22168, 1.34498, 0.07333, 2.50059, 3.05744, 3.20894, 0.00000, 3.04938, 3.00667, 2.69883, 2.55780, 25.37500, 25.37500, 25.56250, 25.43750, 18.86242
0xDDDD, 1730293788, 1108253, 0012, 29.04761, 1.22249, 1.33451, 0.07172, 2.50059, 3.03004, 3.21297, 0.00000, 3.05018, 3.00667, 2.70044, 2.53524, 25.37500, 25.37500, 25.56250, 25.43750, 19.04150
0xDDDD, 1730293788, 1208290, 0013, 29.04761, 1.22168, 1.33451, 0.05802, 2.50059, 3.00586, 3.19927, 0.00000, 3.05099, 3.00667, 2.69963, 2.56425, 25.37500, 25.37500, 25.56250, 25.43750, 19.22060
0xDDDD, 1730293788, 1308262, 0014, 29.04761, 1.22168, 1.33451, 0.07092, 2.50059, 3.04535, 3.20491, 0.00000, 3.04777, 3.00747, 2.70044, 2.55941, 25.37500, 25.37500, 25.62500, 25.43750, 19.39968
0xDDDD, 1730293788, 1408292, 0015, 29.45053, 1.22168, 1.33451, 0.06930, 2.50059, 3.01875, 3.20410, 0.00000, 3.05018, 3.00747, 2.69963, 2.55941, 25.43750, 25.37500, 25.62500, 25.43750, 19.57876
0xDDDD, 1730293788, 1508283, 0016, 29.45053, 1.22168, 1.33370, 0.06125, 2.50059, 3.07355, 3.20894, 0.00000, 3.05018, 3.00667, 2.70044, 2.55941, 25.43750, 25.43750, 25.62500, 25.43750, 19.75784
0xDDDD, 1730293788, 1608281, 0017, 29.45053, 1.22249, 1.33531, 0.06850, 2.50139, 3.04857, 3.21538, 0.00000, 3.05099, 3.00667, 2.70044, 2.55941, 25.37500, 25.43750, 25.56250, 25.43750, 19.93692
0xDDDD, 1730293788, 1708258, 0018, 29.04761, 1.22249, 1.33531, 0.06447, 2.50139, 3.02359, 3.20088, 0.00000, 3.05179, 3.00747, 2.69963, 2.55861, 25.37500, 25.43750, 25.56250, 25.43750, 19.93692
0xDDDD, 1730293788, 1808293, 0019, 29.04761, 1.22168, 1.33370, 0.07414, 2.50139, 3.07516, 3.20652, 0.00000, 3.04777, 3.00908, 2.70044, 2.56425, 25.37500, 25.37500, 25.56250, 25.43750, 20.11600
0xDDDD, 1730293789, 1908259, 0020, 29.45053, 1.22249, 1.33531, 0.06205, 2.50139, 3.05099, 3.21297, 0.00000, 3.05018, 3.00828, 2.70044, 2.55700, 25.37500, 25.37500, 25.56250, 25.43750, 20.29507
0xDDDD, 1730293789, 2008293, 0021, 29.04761, 1.22168, 1.33531, 0.07656, 2.50220, 3.01150, 3.19927, 0.00000, 3.04777, 3.00828, 2.69883, 2.56183, 25.37500, 25.43750, 25.56250, 25.43750, 20.47415
0xDDDD, 1730293789, 2108258, 0022, 29.04761, 1.22168, 1.33451, 0.06447, 2.50220, 3.06791, 3.20088, 0.00000, 3.05260, 3.00747, 2.69963, 2.56183, 25.37500, 25.43750, 25.62500, 25.50000, 19.93692
0xDDDD, 1730293789, 2208296, 0023, 29.45053, 1.22249, 1.33451, 0.06286, 2.50139, 3.04293, 3.20733, 0.00000, 3.05018, 3.00747, 2.69963, 2.56183, 25.37500, 25.43750, 25.62500, 25.50000, 20.47415
0xDDDD, 1730293789, 2308263, 0024, 29.45053, 1.22249, 1.33531, 0.07333, 2.50139, 3.01875, 3.21377, 0.00000, 3.04857, 3.00828, 2.70044, 2.56183, 25.37500, 25.37500, 25.62500, 25.50000, 20.65323
0xDDDD, 1730293789, 2408305, 0025, 29.45053, 1.22249, 1.33531, 0.06366, 2.50139, 3.07516, 3.20088, 0.00000, 3.05099, 3.00747, 2.69963, 2.59487, 25.37500, 25.37500, 25.62500, 25.50000, 20.83231
0xDDDD, 1730293789, 2508264, 0026, 29.04761, 1.22249, 1.33531, 0.06930, 2.50139, 3.04777, 3.20733, 0.00000, 3.05179, 3.00747, 2.69963, 2.56022, 25.37500, 25.37500, 25.56250, 25.50000, 20.83231
0xDDDD, 1730293789, 2608287, 0027, 29.45053, 1.22249, 1.33451, 0.08623, 2.50220, 3.01070, 3.21458, 0.00000, 3.05179, 3.00747, 2.70044, 2.56103, 25.37500, 25.37500, 25.56250, 25.50000, 20.83231
0xDDDD, 1730293789, 2708270, 0028, 29.04761, 1.22249, 1.33451, 0.06608, 2.50300, 3.06308, 3.21538, 0.00000, 3.05099, 3.00747, 2.70125, 2.56103, 25.37500, 25.43750, 25.56250, 25.50000, 21.01139
0xDDDD, 1730293789, 2808276, 0029, 29.45053, 1.22249, 1.33451, 0.08059, 2.50139, 3.03810, 3.20330, 0.00000, 3.04938, 3.00828, 2.70044, 2.55861, 25.43750, 25.43750, 25.62500, 25.50000, 21.19047
0xDDDD, 1730293790, 2908268, 0030, 29.45053, 1.22249, 1.33531, 0.06608, 2.50139, 3.01392, 3.21055, 0.00000, 3.05018, 3.00828, 2.69883, 2.56103, 25.43750, 25.43750, 25.62500, 25.50000, 21.19047
0xDDDD, 1730293790, 3008289, 0031, 29.04761, 1.22249, 1.33531, 0.06286, 2.50220, 3.06711, 3.21780, 0.00000, 3.04615, 3.00747, 2.69963, 2.58117, 25.37500, 25.37500, 25.56250, 25.50000, 21.19047
0xDDDD, 1730293790, 3108262, 0032, 29.04761, 1.22249, 1.33531, 0.06689, 2.50139, 3.04293, 3.20652, 0.00000, 3.05099, 3.00828, 2.70125, 2.60938, 25.37500, 25.37500, 25.56250, 25.50000, 21.36955
0xDDDD, 1730293790, 3208273, 0033, 29.04761, 1.22249, 1.33451, 0.07575, 2.50300, 3.00747, 3.21458, 0.00000, 3.05179, 3.00828, 2.70125, 2.56022, 25.37500, 25.37500, 25.56250, 25.50000, 21.36955
0xDDDD, 1730293790, 3308270, 0034, 29.04761, 1.22249, 1.33531, 0.07414, 2.50139, 3.06227, 3.21538, 0.00000, 3.05099, 3.00828, 2.70125, 2.56183, 25.37500, 25.37500, 25.56250, 25.50000, 21.54863
0xDDDD, 1730293790, 3408296, 0035, 29.04761, 1.22249, 1.33451, 0.06527, 2.50220, 3.03890, 3.20330, 0.00000, 3.05179, 3.00828, 2.70044, 2.56022, 25.37500, 25.37500, 25.56250, 25.50000, 21.54863
0xDDDD, 1730293790, 3508268, 0036, 29.45053, 1.22168, 1.33289, 0.07656, 2.50220, 3.01473, 3.21055, 0.00000, 3.05179, 3.00828, 2.70044, 2.55780, 25.37500, 25.43750, 25.62500, 25.43750, 21.19047
0xDDDD, 1730293790, 3608274, 0037, 29.45053, 1.22168, 1.33531, 0.06689, 2.50300, 3.06711, 3.21780, 0.00000, 3.05260, 3.00747, 2.70044, 2.57392, 25.37500, 25.43750, 25.62500, 25.43750, 21.54863
0xDDDD, 1730293790, 3708272, 0038, 29.04761, 1.22249, 1.33531, 0.06930, 2.50139, 3.04132, 3.20571, 0.00000, 3.05260, 3.00828, 2.70125, 2.56103, 25.37500, 25.37500, 25.56250, 25.43750, 21.72771
0xDDDD, 1730293790, 3808278, 0039, 29.45053, 1.22168, 1.33531, 0.07575, 2.50220, 3.08081, 3.21297, 0.00000, 3.05179, 3.00828, 2.70044, 2.56183, 25.37500, 25.37500, 25.56250, 25.43750, 21.72771
0xDDDD, 1730293791, 3908269, 0040, 29.45053, 1.22249, 1.33451, 0.06527, 2.50220, 3.05663, 3.20088, 0.00000, 3.05179, 3.00828, 2.70044, 2.56103, 25.37500, 25.37500, 25.56250, 25.43750, 21.90678
0xDDDD, 1730293791, 4008286, 0041, 29.04761, 1.22249, 1.33451, 0.06286, 2.50220, 3.03407, 3.20249, 0.00000, 3.05018, 3.00828, 2.70044, 2.56425, 25.37500, 25.37500, 25.62500, 25.43750, 21.72771
0xDDDD, 1730293791, 4108270, 0042, 29.45053, 1.22249, 1.33531, 0.06608, 2.50139, 3.00989, 3.21136, 0.00000, 3.04857, 3.00828, 2.70044, 2.56103, 25.37500, 25.37500, 25.62500, 25.43750, 21.90678
0xDDDD, 1730293791, 4208276, 0043, 29.45053, 1.22249, 1.33531, 0.07978, 2.50220, 3.06872, 3.21458, 0.00000, 3.05099, 3.00828, 2.70044, 2.45868, 25.37500, 25.43750, 25.62500, 25.43750, 21.90678
0xDDDD, 1730293791, 4308279, 0044, 29.45053, 1.22168, 1.33531, 0.06286, 2.50300, 3.04374, 3.20733, 0.00000, 3.05179, 3.00908, 2.70044, 2.48608, 25.37500, 25.43750, 25.62500, 25.50000, 21.72771
0xDDDD, 1730293791, 4408276, 0045, 29.04761, 1.22249, 1.33531, 0.06366, 2.50220, 3.02278, 3.21538, 0.00000, 3.05018, 3.00828, 2.70044, 2.55861, 25.37500, 25.37500, 25.62500, 25.50000, 21.90678
0xDDDD, 1730293791, 4508245, 0046, 29.85349, 1.22249, 1.33531, 0.07495, 2.50220, 3.06711, 3.20410, 0.00000, 3.05099, 3.00828, 2.69963, 2.56022, 25.37500, 25.37500, 25.56250, 25.50000, 22.08586
0xDDDD, 1730293791, 4608264, 0047, 29.45053, 1.22249, 1.33531, 0.07414, 2.50300, 3.04374, 3.20571, 0.00000, 3.05099, 3.00828, 2.70125, 2.55941, 25.37500, 25.37500, 25.56250, 25.50000, 22.08586
0xDDDD, 1730293791, 4708266, 0048, 29.45053, 1.22249, 1.33451, 0.06527, 2.50220, 3.02198, 3.21297, 0.00000, 3.05179, 3.00828, 2.70044, 2.56183, 25.43750, 25.37500, 25.62500, 25.50000, 22.08586
0xDDDD, 1730293791, 4808282, 0049, 29.45053, 1.22249, 1.33531, 0.06930, 2.50220, 3.07758, 3.20168, 0.00000, 3.05099, 3.00828, 2.70125, 2.55941, 25.43750, 25.37500, 25.62500, 25.50000, 22.08586
0xDDDD, 1730293792, 4908266, 0050, 29.45053, 1.22249, 1.33531, 0.07011, 2.50220, 3.05179, 3.20974, 0.00000, 3.05179, 3.00828, 2.70125, 2.49817, 25.43750, 25.37500, 25.62500, 25.50000, 22.26494
0xDDDD, 1730293792, 5008269, 0051, 29.45053, 1.22249, 1.33531, 0.07333, 2.50220, 3.02842, 3.21700, 0.00000, 3.05179, 3.00828, 2.70044, 2.58601, 25.37500, 25.37500, 25.62500, 25.50000, 22.26494
0xDDDD, 1730293792, 5108270, 0052, 29.04761, 1.22249, 1.33531, 0.06689, 2.50220, 3.07033, 3.20571, 0.00000, 3.04938, 3.00828, 2.70125, 2.55941, 25.37500, 25.37500, 25.62500, 25.50000, 22.26494
0xDDDD, 1730293792, 5208267, 0053, 29.04761, 1.22249, 1.33531, 0.07253, 2.50220, 3.04212, 3.20813, 0.00000, 3.05099, 3.00828, 2.70205, 2.56022, 25.43750, 25.43750, 25.62500, 25.50000, 22.08586
0xDDDD, 1730293792, 5308285, 0054, 29.45053, 1.22249, 1.33531, 0.07253, 2.50220, 3.01795, 3.21538, 0.00000, 3.05179, 3.00908, 2.70125, 2.55941, 25.43750, 25.43750, 25.62500, 25.50000, 22.26494
0xDDDD, 1730293792, 5408283, 0055, 29.45053, 1.22249, 1.33451, 0.07172, 2.50220, 3.07194, 3.20410, 0.00000, 3.05260, 3.00828, 2.70125, 2.56022, 25.43750, 25.37500, 25.56250, 25.50000, 22.44402
0xDDDD, 1730293792, 5508251, 0056, 29.04761, 1.22249, 1.33531, 0.06527, 2.50220, 3.04615, 3.21216, 0.00000, 3.05179, 3.00828, 2.70044, 2.57070, 25.37500, 25.37500, 25.56250, 25.43750, 22.44402
0xDDDD, 1730293792, 5608289, 0057, 29.04761, 1.22249, 1.33531, 0.07011, 2.50220, 3.02198, 3.20088, 0.00000, 3.05179, 3.00908, 2.70125, 2.63839, 25.37500, 25.43750, 25.56250, 25.43750, 22.44402
0xDDDD, 1730293792, 5708276, 0058, 29.04761, 1.22249, 1.33451, 0.07978, 2.50220, 3.06147, 3.20894, 0.00000, 3.05018, 3.00828, 2.70125, 2.56264, 25.37500, 25.43750, 25.62500, 25.43750, 22.44402
0xDDDD, 1730293792, 5808256, 0059, 29.45053, 1.22249, 1.33612, 0.07092, 2.50220, 3.03568, 3.21619, 0.00000, 3.04777, 3.00828, 2.70044, 2.55780, 25.37500, 25.43750, 25.62500, 25.43750, 22.44402
0xDDDD, 1730293793, 5908278, 0060, 29.45053, 1.22168, 1.36996, 0.05963, 2.50300, 3.00989, 3.21780, 0.00000, 3.05179, 3.00828, 2.70125, 2.56183, 25.37500, 25.37500, 25.68750, 25.43750, 22.62310
0xDDDD, 1730293793, 6008277, 0061, 29.04761, 1.22249, 1.33451, 0.07897, 2.50220, 3.06630, 3.20571, 0.00000, 3.05099, 3.00828, 2.69963, 2.55941, 25.37500, 25.37500, 25.68750, 25.43750, 22.62310
0xDDDD, 1730293793, 6108256, 0062, 29.85349, 1.22249, 1.33531, 0.06608, 2.50220, 3.04051, 3.21458, 0.00000, 3.05018, 3.00828, 2.70125, 2.57956, 25.37500, 25.43750, 25.62500, 25.43750, 22.44402
0xDDDD, 1730293793, 6208290, 0063, 29.45053, 1.22249, 1.33451, 0.07817, 2.50220, 3.01553, 3.20330, 0.00000, 3.05260, 3.00828, 2.69963, 2.55861, 25.37500, 25.43750, 25.62500, 25.50000, 22.62310
0xDDDD, 1730293793, 6308277, 0064, 29.45053, 1.22249, 1.33612, 0.06447, 2.50220, 3.06952, 3.21136, 0.00000, 3.05099, 3.00908, 2.70286, 2.56022, 25.37500, 25.43750, 25.62500, 25.50000, 22.80220
0xDDDD, 1730293793, 6408282, 0065, 29.04761, 1.22249, 1.33531, 0.07092, 2.50300, 3.03084, 3.21941, 0.00000, 3.05018, 3.00828, 2.70044, 2.56022, 25.43750, 25.43750, 25.62500, 25.43750, 22.80220
0xDDDD, 1730293793, 6508261, 0066, 29.04761, 1.22249, 1.33531, 0.06850, 2.50220, 3.00747, 3.20249, 0.00000, 3.05260, 3.00828, 2.70044, 2.56022, 25.43750, 25.43750, 25.62500, 25.43750, 22.80220
0xDDDD, 1730293793, 6608259, 0067, 29.45053, 1.22249, 1.33612, 0.07172, 2.50220, 3.06227, 3.21055, 0.00000, 3.05260, 3.00828, 2.70125, 2.55861, 25.43750, 25.43750, 25.62500, 25.43750, 22.80220
0xDDDD, 1730293793, 6708282, 0068, 29.04761, 1.22249, 1.33370, 0.07172, 2.50220, 3.03568, 3.21861, 0.00000, 3.05179, 3.00828, 2.69963, 2.56022, 25.37500, 25.43750, 25.62500, 25.50000, 22.80220
0xDDDD, 1730293793, 6808257, 0069, 29.45053, 1.22249, 1.33531, 0.06689, 2.50220, 3.01150, 3.20813, 0.00000, 3.05341, 3.00828, 2.70286, 2.54088, 25.37500, 25.43750, 25.62500, 25.50000, 22.80220
0xDDDD, 1730293794, 6908259, 0070, 29.04761, 1.22249, 1.33531, 0.07575, 2.50220, 3.06549, 3.21619, 0.00000, 3.05179, 3.00828, 2.70044, 2.52396, 25.43750, 25.43750, 25.62500, 25.50000, 22.80220
0xDDDD, 1730293794, 7008256, 0071, 29.45053, 1.22249, 1.33531, 0.06205, 2.50220, 3.02601, 3.20491, 0.00000, 3.05179, 3.00828, 2.70205, 2.55700, 25.43750, 25.43750, 25.62500, 25.50000, 22.80220
0xDDDD, 1730293794, 7108267, 0072, 29.04761, 1.22168, 1.33531, 0.07495, 2.50220, 3.08242, 3.20652, 0.00000, 3.04938, 3.00828, 2.70044, 2.56103, 25.43750, 25.37500, 25.62500, 25.50000, 22.80220
0xDDDD, 1730293794, 7208268, 0073, 29.45053, 1.22249, 1.33531, 0.06850, 2.50220, 3.05341, 3.21619, 0.00000, 3.05099, 3.00828, 2.70125, 2.56264, 25.37500, 25.37500, 25.62500, 25.50000, 22.98128
0xDDDD, 1730293794, 7308264, 0074, 29.04761, 1.22249, 1.33531, 0.06608, 2.50220, 3.02842, 3.20410, 0.00000, 3.04938, 3.00747, 2.70205, 2.55941, 25.37500, 25.43750, 25.62500, 25.50000, 22.80220
0xDDDD, 1730293794, 7408255, 0075, 29.45053, 1.22249, 1.33612, 0.07333, 2.50300, 3.00505, 3.21297, 0.00000, 3.05260, 3.00828, 2.70044, 2.56505, 25.37500, 25.43750, 25.62500, 25.43750, 22.80220
0xDDDD, 1730293794, 7508270, 0076, 29.04761, 1.22249, 1.33531, 0.06850, 2.50381, 3.05582, 3.20168, 0.00000, 3.05099, 3.00828, 2.70125, 2.51026, 25.37500, 25.43750, 25.62500, 25.43750, 22.62310
0xDDDD, 1730293794, 7608257, 0077, 29.04761, 1.22249, 1.33612, 0.06205, 2.50220, 3.01553, 3.21136, 0.00000, 3.05099, 3.00828, 2.70125, 2.56022, 25.43750, 25.37500, 25.62500, 25.50000, 22.98128
0xDDDD, 1730293794, 7708283, 0078, 29.45053, 1.22249, 1.33612, 0.07495, 2.50220, 3.07033, 3.21377, 0.00000, 3.05099, 3.00828, 2.70125, 2.55941, 25.43750, 25.37500, 25.62500, 25.50000, 22.98128
0xDDDD, 1730293794, 7808261, 0079, 29.04761, 1.22249, 1.33531, 0.07092, 2.50220, 3.04212, 3.20330, 0.00000, 3.04938, 3.00828, 2.70044, 2.56264, 25.43750, 25.37500, 25.56250, 25.50000, 22.98128
0xDDDD, 1730293795, 7908274, 0080, 29.04761, 1.22168, 1.33531, 0.06205, 2.50220, 3.01795, 3.21136, 0.00000, 3.05179, 3.00828, 2.70286, 2.56183, 25.43750, 25.37500, 25.56250, 25.43750, 22.98128
0xDDDD, 1730293795, 8008254, 0081, 29.45053, 1.22249, 1.33531, 0.06850, 2.50220, 3.07194, 3.20088, 0.00000, 3.05018, 3.00828, 2.70125, 2.54168, 25.43750, 25.37500, 25.56250, 25.43750, 22.98128
0xDDDD, 1730293795, 8108271, 0082, 29.45053, 1.22249, 1.33531, 0.06527, 2.50220, 3.04454, 3.20974, 0.00000, 3.05179, 2.99700, 2.69963, 2.56103, 25.43750, 25.37500, 25.62500, 25.50000, 23.16036
0xDDDD, 1730293795, 8208265, 0083, 29.45053, 1.22249, 1.33531, 0.06366, 2.50220, 3.02037, 3.21780, 0.00000, 3.05179, 3.00828, 2.70044, 2.55780, 25.43750, 25.37500, 25.62500, 25.50000, 22.98128
0xDDDD, 1730293795, 8308294, 0084, 29.04761, 1.22168, 1.33531, 0.05722, 2.50220, 3.05905, 3.20571, 0.00000, 3.05179, 3.00828, 2.70205, 2.56344, 25.43750, 25.43750, 25.62500, 25.50000, 22.98128
0xDDDD, 1730293795, 8408252, 0085, 29.04761, 1.22249, 1.32645, 0.07333, 2.50139, 3.03084, 3.20894, 0.00000, 3.05099, 3.00828, 2.70125, 2.55780, 25.43750, 25.43750, 25.62500, 25.43750, 22.62310
0xDDDD, 1730293795, 8508267, 0086, 29.04761, 1.22249, 1.33531, 0.07092, 2.50220, 3.05018, 3.21700, 0.00081, 3.05260, 3.00828, 2.70125, 2.56022, 25.43750, 25.43750, 25.62500, 25.43750, 23.16036
0xDDDD, 1730293795, 8608261, 0087, 29.85349, 1.22249, 1.33531, 0.06608, 2.50220, 3.05905, 3.20652, 0.00000, 3.05179, 3.00828, 2.69963, 2.56103, 25.43750, 25.43750, 25.62500, 25.43750, 23.16036
0xDDDD, 1730293795, 8708268, 0088, 29.45053, 1.22168, 1.33531, 0.06527, 2.50220, 3.02842, 3.21377, 0.00000, 3.05179, 3.00828, 2.70125, 2.52718, 25.43750, 25.43750, 25.62500, 25.43750, 23.33944
0xDDDD, 1730293795, 8808252, 0089, 29.04761, 1.22249, 1.33612, 0.07172, 2.50220, 3.08725, 3.20249, 0.00000, 3.05018, 3.00828, 2.69963, 2.58520, 25.43750, 25.43750, 25.62500, 25.50000, 23.16036
0xDDDD, 1730293796, 8908278, 0090, 29.45053, 1.22249, 1.33531, 0.06930, 2.50220, 3.04293, 3.21055, 0.00000, 3.05018, 3.00828, 2.70044, 2.55861, 25.43750, 25.43750, 25.62500, 25.50000, 23.16036
0xDDDD, 1730293796, 9008266, 0091, 29.04761, 1.22249, 1.33612, 0.07414, 2.50220, 3.01634, 3.21136, 0.00000, 3.05018, 3.00828, 2.69802, 2.55861, 25.43750, 25.37500, 25.62500, 25.50000, 23.33944
0xDDDD, 1730293796, 9108263, 0092, 29.04761, 1.22249, 1.34015, 0.06527, 2.50300, 3.07114, 3.20007, 0.00000, 3.05018, 3.00828, 2.70044, 2.56183, 25.43750, 25.37500, 25.62500, 25.50000, 23.33944
0xDDDD, 1730293796, 9208248, 0093, 29.04761, 1.22249, 1.34176, 0.07575, 2.50220, 3.04212, 3.20974, 0.00000, 3.05179, 3.00828, 2.70125, 2.56022, 25.43750, 25.37500, 25.62500, 25.50000, 23.16036
0xDDDD, 1730293796, 9308273, 0094, 29.45053, 1.22249, 1.33531, 0.07253, 2.50220, 3.01553, 3.21780, 0.00000, 3.05179, 3.00828, 2.70125, 2.57634, 25.43750, 25.43750, 25.68750, 25.43750, 23.16036
0xDDDD, 1730293796, 9408249, 0095, 29.45053, 1.22168, 1.33612, 0.07092, 2.50300, 3.07033, 3.20571, 0.00000, 3.05099, 3.00828, 2.70125, 2.59004, 25.43750, 25.43750, 25.68750, 25.43750, 23.33944
0xDDDD, 1730293796, 9508265, 0096, 29.04761, 1.22249, 1.33531, 0.06527, 2.50220, 3.02923, 3.21538, 0.00000, 3.04535, 3.00828, 2.70205, 2.56264, 25.43750, 25.43750, 25.62500, 25.43750, 23.33944
0xDDDD, 1730293796, 9608261, 0097, 29.04761, 1.22249, 1.33531, 0.05963, 2.50220, 3.08161, 3.21780, 0.00000, 3.05018, 3.00828, 2.70125, 2.56264, 25.43750, 25.43750, 25.62500, 25.50000, 23.16036
0xDDDD, 1730293796, 9708282, 0098, 29.45053, 1.22249, 1.33451, 0.08059, 2.50220, 3.05421, 3.20733, 0.00000, 3.05099, 3.00828, 2.70044, 2.55861, 25.43750, 25.37500, 25.62500, 25.50000, 23.33944
0xDDDD, 1730293796, 9808253, 0099, 29.45053, 1.22249, 1.33531, 0.06689, 2.50220, 3.02762, 3.21619, 0.00000, 3.05099, 3.00828, 2.69963, 2.56022, 25.43750, 25.37500, 25.62500, 25.50000, 23.33944
0xDDDD, 1730293797, 9908266, 0100, 29.45053, 1.22249, 1.33531, 0.06044, 2.50220, 3.08081, 3.20410, 0.00000, 3.05099, 3.00828, 2.70125, 2.57392, 25.43750, 25.37500, 25.62500, 25.50000, 23.33944
0xDDDD, 1730293797, 10008265, 0101, 29.45053, 1.22249, 1.33531, 0.06447, 2.50220, 3.05341, 3.21297, 0.00000, 3.04938, 3.00828, 2.70205, 2.55458, 25.43750, 25.43750, 25.62500, 25.43750, 23.33944
0xDDDD, 1730293797, 10108266, 0102, 29.04761, 1.22249, 1.33531, 0.06125, 2.50300, 3.01231, 3.20168, 0.00000, 3.04696, 3.00828, 2.70044, 2.56183, 25.43750, 25.43750, 25.62500, 25.43750, 23.33944
0xDDDD, 1730293797, 10208255, 0103, 29.45053, 1.22249, 1.33531, 0.07011, 2.50300, 3.06388, 3.21055, 0.00000, 3.05179, 3.00828, 2.70044, 2.55780, 25.43750, 25.37500, 25.62500, 25.43750, 23.33944
0xDDDD, 1730293797, 10308279, 0104, 29.45053, 1.22249, 1.33451, 0.07172, 2.50220, 3.03890, 3.21297, 0.00000, 3.05260, 3.00828, 2.70125, 2.55861, 25.43750, 25.37500, 25.62500, 25.43750, 23.69760
0xDDDD, 1730293797, 10408258, 0105, 29.04761, 1.22249, 1.33531, 0.06366, 2.50220, 3.01231, 3.20249, 0.00000, 3.05260, 3.00828, 2.70044, 2.55861, 25.43750, 25.37500, 25.62500, 25.43750, 23.33944
0xDDDD, 1730293797, 10508269, 0106, 29.45053, 1.22249, 1.33531, 0.06205, 2.50220, 3.06469, 3.21136, 0.00000, 3.05260, 3.00908, 2.70125, 2.55216, 25.43750, 25.43750, 25.62500, 25.43750, 23.33944
0xDDDD, 1730293797, 10608266, 0107, 29.04761, 1.22249, 1.33451, 0.07414, 2.50220, 3.04051, 3.20088, 0.00000, 3.05179, 3.00828, 2.70125, 2.50462, 25.43750, 25.43750, 25.62500, 25.43750, 23.33944
0xDDDD, 1730293797, 10708271, 0108, 29.45053, 1.22330, 1.33531, 0.07092, 2.50220, 3.01231, 3.20974, 0.00000, 3.05260, 3.00828, 2.70044, 2.56264, 25.43750, 25.37500, 25.62500, 25.43750, 23.51852
0xDDDD, 1730293797, 10808260, 0109, 29.45053, 1.22249, 1.33531, 0.06930, 2.50220, 3.05099, 3.21780, 0.00000, 3.05099, 3.00828, 2.70044, 2.56183, 25.43750, 25.37500, 25.62500, 25.50000, 23.51852
0xDDDD, 1730293798, 10908282, 0110, 29.45053, 1.22249, 1.33531, 0.05883, 2.50220, 3.02278, 3.20088, 0.00000, 3.05018, 3.00828, 2.70044, 2.56022, 25.43750, 25.37500, 25.62500, 25.50000, 23.33944
0xDDDD, 1730293798, 11008262, 0111, 29.04761, 1.22249, 1.33451, 0.06930, 2.50220, 3.07597, 3.21055, 0.00000, 3.05179, 3.00908, 2.70125, 2.56103, 25.43750, 25.37500, 25.62500, 25.43750, 23.16036
0xDDDD, 1730293798, 11108278, 0112, 29.85349, 1.22249, 1.33531, 0.07253, 2.50220, 3.04535, 3.21780, 0.00000, 3.05260, 3.00828, 2.70125, 2.55861, 25.43750, 25.37500, 25.62500, 25.43750, 23.51852
0xDDDD, 1730293798, 11208268, 0113, 29.45053, 1.22249, 1.33531, 0.05883, 2.50300, 3.01714, 3.20652, 0.00000, 3.05018, 3.00828, 2.70044, 2.53201, 25.43750, 25.43750, 25.62500, 25.43750, 23.51852
0xDDDD, 1730293798, 11308282, 0114, 29.45053, 1.22249, 1.33531, 0.07656, 2.50220, 3.06872, 3.21458, 0.00000, 3.05179, 3.00908, 2.70205, 2.57392, 25.43750, 25.43750, 25.62500, 25.50000, 23.51852
0xDDDD, 1730293798, 11408264, 0115, 29.45053, 1.22249, 1.33531, 0.07172, 2.50220, 3.02681, 3.20330, 0.00000, 3.05099, 3.00828, 2.70125, 2.56264, 25.43750, 25.37500, 25.68750, 25.50000, 23.51852
0xDDDD, 1730293798, 11508288, 0116, 29.45053, 1.22249, 1.33531, 0.06608, 2.50220, 3.07919, 3.20571, 0.00000, 3.05260, 3.00908, 2.70125, 2.56022, 25.43750, 25.37500, 25.68750, 25.50000, 23.51852
0xDDDD, 1730293798, 11608266, 0117, 29.04761, 1.22249, 1.33612, 0.08381, 2.50300, 3.04857, 3.21377, 0.00000, 3.04938, 3.00828, 2.70044, 2.55861, 25.43750, 25.37500, 25.68750, 25.50000, 23.69760
0xDDDD, 1730293798, 11708263, 0118, 29.85349, 1.22249, 1.33531, 0.07414, 2.50220, 3.02198, 3.20249, 0.00000, 3.05099, 3.00828, 2.70205, 2.55780, 25.43750, 25.43750, 25.68750, 25.43750, 23.69760
0xDDDD, 1730293798, 11808264, 0119, 29.04761, 1.22330, 1.33531, 0.07817, 2.50220, 3.07114, 3.21055, 0.00000, 3.05099, 3.00908, 2.70125, 2.61582, 25.43750, 25.43750, 25.68750, 25.43750, 23.51852
0xDDDD, 1730293799, 11908291, 0120, 29.85349, 1.22249, 1.33531, 0.06608, 2.50220, 3.04132, 3.21861, 0.00000, 3.05260, 3.00828, 2.70044, 2.54249, 25.43750, 25.37500, 25.62500, 25.43750, 23.51852
0xDDDD, 1730293799, 12008266, 0121, 29.04761, 1.22249, 1.33612, 0.06366, 2.50220, 3.07678, 3.20652, 0.00000, 3.05099, 3.00828, 2.70125, 2.55941, 25.43750, 25.37500, 25.62500, 25.50000, 23.69760
0xDDDD, 1730293799, 12108293, 0122, 29.45053, 1.22249, 1.33612, 0.07495, 2.50220, 3.04777, 3.20974, 0.00000, 3.05260, 3.00828, 2.70205, 2.56425, 25.43750, 25.37500, 25.62500, 25.50000, 23.51852
0xDDDD, 1730293799, 12208268, 0123, 29.45053, 1.22168, 1.33531, 0.06930, 2.50220, 3.01875, 3.21861, 0.00000, 3.05179, 3.00828, 2.70205, 2.56183, 25.43750, 25.43750, 25.68750, 25.50000, 23.69760
0xDDDD, 1730293799, 12308251, 0124, 29.45053, 1.22249, 1.33531, 0.06286, 2.50300, 3.06791, 3.20652, 0.00000, 3.05179, 3.00828, 2.70044, 2.56103, 25.43750, 25.43750, 25.68750, 25.50000, 23.69760
0xDDDD, 1730293799, 12408269, 0125, 29.04761, 1.22168, 1.33531, 0.06125, 2.50300, 3.03648, 3.21538, 0.00000, 3.05260, 3.00828, 2.70125, 2.69641, 25.43750, 25.37500, 25.68750, 25.50000, 23.69760
0xDDDD, 1730293799, 12508280, 0126, 29.45053, 1.22249, 1.33531, 0.07172, 2.50220, 3.00828, 3.20330, 0.00000, 3.05099, 3.00828, 2.70044, 2.50381, 25.50000, 25.37500, 25.68750, 25.43750, 23.69760
0xDDDD, 1730293799, 12608271, 0127, 29.45053, 1.22249, 1.33531, 0.06205, 2.50300, 3.05905, 3.20974, 0.00000, 3.05099, 3.00828, 2.70125, 2.55861, 25.50000, 25.43750, 25.68750, 25.43750, 23.69760
0xDDDD, 1730293799, 12708254, 0128, 29.04761, 1.22249, 1.33531, 0.07817, 2.50300, 3.01231, 3.19927, 0.00000, 3.05179, 3.00828, 2.70125, 2.55861, 25.43750, 25.43750, 25.68750, 25.50000, 23.69760
0xDDDD, 1730293799, 12808277, 0129, 29.04761, 1.22249, 1.33531, 0.06769, 2.50300, 3.06066, 3.20249, 0.00000, 3.05018, 3.00908, 2.70044, 2.56022, 25.43750, 25.43750, 25.68750, 25.50000, 23.69760
0xDDDD, 1730293800, 12908256, 0130, 29.45053, 1.22249, 1.33289, 0.06689, 2.50220, 3.02842, 3.20974, 0.00000, 3.05179, 3.00828, 2.70125, 2.56183, 25.43750, 25.43750, 25.68750, 25.50000, 23.69760
0xDDDD, 1730293800, 13008278, 0131, 29.04761, 1.22249, 1.33531, 0.06286, 2.50220, 3.07919, 3.21780, 0.00000, 3.05341, 3.00828, 2.70125, 2.56183, 25.43750, 25.43750, 25.68750, 25.50000, 23.69760
0xDDDD, 1730293800, 13108266, 0132, 29.45053, 1.22249, 1.33531, 0.07011, 2.50300, 3.04615, 3.20652, 0.00000, 3.05099, 3.00828, 2.70044, 2.58601, 25.43750, 25.43750, 25.62500, 25.50000, 23.69760
0xDDDD, 1730293800, 13208276, 0133, 29.04761, 1.22249, 1.33531, 0.06769, 2.50139, 3.01473, 3.21458, 0.00000, 3.04777, 3.00828, 2.70044, 2.49414, 25.50000, 25.43750, 25.62500, 25.50000, 23.87668
0xDDDD, 1730293800, 13308258, 0134, 29.45053, 1.22168, 1.33531, 0.06769, 2.50300, 3.05018, 3.20168, 0.00000, 3.05179, 3.00828, 2.70125, 2.56103, 25.50000, 25.43750, 25.62500, 25.50000, 23.69760
0xDDDD, 1730293800, 13408285, 0135, 29.04761, 1.22168, 1.33531, 0.06125, 2.50220, 3.01795, 3.20410, 0.00000, 3.05179, 3.00828, 2.70125, 2.56425, 25.50000, 25.43750, 25.68750, 25.43750, 23.69760
0xDDDD, 1730293800, 13508272, 0136, 29.45053, 1.22249, 1.33531, 0.07736, 2.50220, 3.06630, 3.21216, 0.00000, 3.05260, 3.00828, 2.70205, 2.55941, 25.56250, 25.43750, 25.68750, 25.43750, 23.69760
0xDDDD, 1730293800, 13608282, 0137, 29.04761, 1.22249, 1.33531, 0.07253, 2.50220, 3.03568, 3.20007, 0.00000, 3.05099, 3.00828, 2.70286, 2.56022, 25.56250, 25.37500, 25.68750, 25.43750, 23.87668
0xDDDD, 1730293800, 13708261, 0138, 29.04761, 1.22249, 1.33612, 0.07333, 2.50300, 3.00264, 3.20894, 0.00000, 3.05341, 3.00908, 2.70205, 2.54007, 25.43750, 25.37500, 25.68750, 25.43750, 23.69760
0xDDDD, 1730293800, 13808274, 0139, 29.45053, 1.22249, 1.33612, 0.06366, 2.50300, 3.05099, 3.21700, 0.00000, 3.05179, 3.00828, 2.69963, 2.58842, 25.43750, 25.37500, 25.68750, 25.43750, 23.87668
0xDDDD, 1730293801, 13908263, 0140, 29.04761, 1.22249, 1.33531, 0.06286, 2.50220, 3.00667, 3.20491, 0.00000, 3.05099, 3.00828, 2.70125, 2.56103, 25.50000, 25.43750, 25.68750, 25.50000, 23.69760
0xDDDD, 1730293801, 14008277, 0141, 29.04761, 1.22249, 1.33531, 0.06366, 2.50220, 3.05179, 3.20813, 0.00000, 3.05179, 3.00828, 2.70125, 2.56344, 25.50000, 25.43750, 25.68750, 25.50000, 23.69760
0xDDDD, 1730293801, 14108268, 0142, 29.04761, 1.22249, 1.33531, 0.07495, 2.50220, 3.02117, 3.21619, 0.00000, 3.05099, 3.00828, 2.70125, 2.56022, 25.50000, 25.37500, 25.68750, 25.50000, 23.69760
0xDDDD, 1730293801, 14208283, 0143, 29.45053, 1.22249, 1.33531, 0.07736, 2.50220, 3.07033, 3.20491, 0.00000, 3.05179, 3.00828, 2.70125, 2.56103, 25.43750, 25.37500, 25.68750, 25.50000, 23.69760
0xDDDD, 1730293801, 14308267, 0144, 29.45053, 1.22249, 1.33531, 0.07092, 2.50220, 3.03648, 3.21216, 0.00000, 3.05179, 3.00828, 2.70125, 2.56264, 25.43750, 25.43750, 25.68750, 25.50000, 23.87668
0xDDDD, 1730293801, 14408289, 0145, 29.45053, 1.22249, 1.33531, 0.06044, 2.50220, 3.09289, 3.20007, 0.00000, 3.05260, 3.00828, 2.70044, 2.54491, 25.43750, 25.43750, 25.68750, 25.50000, 23.69760
0xDDDD, 1730293801, 14508268, 0146, 29.45053, 1.22249, 1.33531, 0.07011, 2.50300, 3.04938, 3.20733, 0.00000, 3.05341, 3.00828, 2.70044, 2.56022, 25.43750, 25.43750, 25.68750, 25.50000, 23.69760
0xDDDD, 1730293801, 14608282, 0147, 29.04761, 1.22168, 1.33612, 0.05722, 2.50220, 3.08000, 3.21538, 0.00000, 3.05260, 3.00828, 2.70125, 2.56264, 25.43750, 25.43750, 25.62500, 25.43750, 23.87668
0xDDDD, 1730293801, 14708267, 0148, 29.04761, 1.22249, 1.33531, 0.06930, 2.50220, 3.04374, 3.21780, 0.00000, 3.05099, 3.00828, 2.70205, 2.56022, 25.50000, 25.43750, 25.62500, 25.43750, 24.41391
0xDDDD, 1730293801, 14808263, 0149, 29.45053, 1.22249, 1.33451, 0.06447, 2.50220, 3.00908, 3.20491, 0.00000, 3.04938, 3.00908, 2.70205, 2.56264, 25.50000, 25.43750, 25.68750, 25.43750, 23.87668
0xDDDD, 1730293802, 14908271, 0150, 29.45053, 1.22168, 1.33531, 0.06769, 2.50139, 3.05260, 3.21377, 0.00000, 3.04696, 3.00908, 2.69963, 2.56264, 25.50000, 25.43750, 25.68750, 25.43750, 23.87668
0xDDDD, 1730293802, 15008272, 0151, 29.04761, 1.22249, 1.33531, 0.06366, 2.50220, 3.02117, 3.20168, 0.00000, 3.05099, 3.00908, 2.70125, 2.52879, 25.50000, 25.43750, 25.68750, 25.43750, 23.87668
0xDDDD, 1730293802, 15108273, 0152, 29.04761, 1.22249, 1.33612, 0.06366, 2.50220, 3.06549, 3.21055, 0.00000, 3.05179, 3.00747, 2.70205, 2.56103, 25.50000, 25.43750, 25.68750, 25.50000, 23.87668
0xDDDD, 1730293802, 15208286, 0153, 29.45053, 1.22249, 1.33612, 0.06286, 2.50139, 3.01875, 3.21941, 0.00000, 3.05260, 3.00828, 2.70125, 2.56264, 25.50000, 25.43750, 25.68750, 25.50000, 23.87668
0xDDDD, 1730293802, 15308285, 0154, 29.45053, 1.22249, 1.33451, 0.07011, 2.50300, 3.06388, 3.20168, 0.00000, 3.05018, 3.00828, 2.70125, 2.56103, 25.50000, 25.43750, 25.68750, 25.50000, 23.87668
0xDDDD, 1730293802, 15408275, 0155, 29.04761, 1.22249, 1.33451, 0.07253, 2.50220, 3.02842, 3.20974, 0.00000, 3.05099, 3.00828, 2.70044, 2.56022, 25.50000, 25.43750, 25.68750, 25.50000, 23.69760
0xDDDD, 1730293802, 15508276, 0156, 29.45053, 1.22249, 1.33612, 0.06286, 2.50220, 3.07275, 3.21619, 0.00000, 3.05018, 3.00828, 2.70125, 2.56344, 25.50000, 25.43750, 25.68750, 25.50000, 23.87668
0xDDDD, 1730293802, 15608277, 0157, 29.04761, 1.22249, 1.33451, 0.07817, 2.50220, 3.03487, 3.20571, 0.00000, 3.05341, 3.00828, 2.70205, 2.39663, 25.50000, 25.43750, 25.68750, 25.50000, 23.51852
0xDDDD, 1730293802, 15708277, 0158, 29.45053, 1.22249, 1.33612, 0.06286, 2.50220, 3.08081, 3.21297, 0.00000, 3.05260, 3.00828, 2.70205, 2.48689, 25.50000, 25.43750, 25.68750, 25.50000, 23.87668
0xDDDD, 1730293802, 15808271, 0159, 29.45053, 1.22249, 1.33612, 0.06527, 2.50220, 3.02762, 3.20088, 0.00000, 3.05260, 3.00828, 2.70125, 2.55941, 25.50000, 25.43750, 25.68750, 25.50000, 23.87668
0xDDDD, 1730293803, 15908277, 0160, 29.45053, 1.22249, 1.33531, 0.06689, 2.50300, 3.07194, 3.20249, 0.00000, 3.04938, 3.00828, 2.70125, 2.56264, 25.50000, 25.43750, 25.68750, 25.50000, 23.87668
0xDDDD, 1730293803, 16008282, 0161, 29.45053, 1.22249, 1.33612, 0.06286, 2.50220, 3.03568, 3.21055, 0.00000, 3.05179, 3.00828, 2.70205, 2.56264, 25.50000, 25.43750, 25.68750, 25.50000, 23.87668
0xDDDD, 1730293803, 16108268, 0162, 29.04761, 1.22249, 1.33370, 0.07253, 2.50220, 3.08161, 3.21780, 0.00000, 3.05179, 3.00908, 2.70125, 2.55861, 25.50000, 25.43750, 25.68750, 25.50000, 23.87668
0xDDDD, 1730293803, 16208270, 0163, 29.45053, 1.22249, 1.33531, 0.06447, 2.50220, 3.04374, 3.20571, 0.00000, 3.04938, 3.00828, 2.70044, 2.56989, 25.50000, 25.43750, 25.68750, 25.50000, 23.87668
0xDDDD, 1730293803, 16308282, 0164, 29.04761, 1.22249, 1.33531, 0.07817, 2.50220, 3.00667, 3.21458, 0.00000, 3.05179, 3.00828, 2.70205, 2.57231, 25.50000, 25.43750, 25.68750, 25.43750, 24.05576
0xDDDD, 1730293803, 16408256, 0165, 29.04761, 1.22249, 1.33531, 0.07656, 2.50220, 3.05018, 3.20249, 0.00000, 3.05018, 3.00828, 2.70205, 2.56183, 25.50000, 25.43750, 25.68750, 25.43750, 23.87668
0xDDDD, 1730293803, 16508284, 0166, 29.45053, 1.22168, 1.33451, 0.06850, 2.50220, 3.07919, 3.21055, 0.00000, 3.05179, 3.00828, 2.70125, 2.56264, 25.50000, 25.37500, 25.68750, 25.43750, 24.05576
0xDDDD, 1730293803, 16608267, 0167, 29.45053, 1.22249, 1.33531, 0.07172, 2.50220, 3.03810, 3.21216, 0.00000, 3.05099, 3.00747, 2.70044, 2.55941, 25.50000, 25.37500, 25.68750, 25.50000, 23.33944
0xDDDD, 1730293803, 16708286, 0168, 29.45053, 1.22249, 1.33451, 0.07656, 2.50220, 3.08806, 3.20007, 0.00000, 3.05018, 3.00828, 2.70205, 2.56103, 25.50000, 25.37500, 25.75000, 25.50000, 23.87668
0xDDDD, 1730293803, 16808275, 0169, 29.45053, 1.22249, 1.33451, 0.07575, 2.50220, 3.04535, 3.20733, 0.00000, 3.05099, 3.00828, 2.70044, 2.56505, 25.56250, 25.43750, 25.75000, 25.43750, 23.87668
0xDDDD, 1730293804, 16908294, 0170, 29.45053, 1.22249, 1.33531, 0.07333, 2.50220, 3.01070, 3.21458, 0.00000, 3.05260, 3.00828, 2.70044, 2.47560, 25.56250, 25.43750, 25.75000, 25.43750, 23.87668
0xDDDD, 1730293804, 17008276, 0171, 29.04761, 1.22249, 1.33531, 0.07253, 2.50139, 3.05179, 3.20249, 0.00000, 3.05179, 3.00828, 2.70125, 2.56183, 25.56250, 25.43750, 25.68750, 25.50000, 23.87668
0xDDDD, 1730293804, 17108288, 0172, 29.85349, 1.22249, 1.33531, 0.07495, 2.50220, 3.08242, 3.21136, 0.00000, 3.05018, 3.00828, 2.69963, 2.55941, 25.56250, 25.43750, 25.68750, 25.50000, 23.87668
0xDDDD, 1730293804, 17208262, 0173, 29.04761, 1.22249, 1.33451, 0.06366, 2.50220, 3.04374, 3.21297, 0.00000, 3.05179, 3.00828, 2.70044, 2.56264, 25.56250, 25.43750, 25.75000, 25.50000, 23.87668
0xDDDD, 1730293804, 17308290, 0174, 29.04761, 1.22168, 1.33853, 0.06366, 2.50220, 3.00586, 3.20088, 0.00000, 3.05341, 3.00828, 2.70044, 2.56344, 25.56250, 25.43750, 25.75000, 25.50000, 24.05576
0xDDDD, 1730293804, 17408279, 0175, 29.04761, 1.22249, 1.33612, 0.05883, 2.50139, 3.04696, 3.20813, 0.00000, 3.04777, 3.00747, 2.70044, 2.56344, 25.56250, 25.43750, 25.75000, 25.50000, 24.05576
0xDDDD, 1730293804, 17508299, 0176, 29.45053, 1.22249, 1.33612, 0.06850, 2.50220, 3.00908, 3.21538, 0.00000, 3.05099, 3.00828, 2.69963, 2.56344, 25.56250, 25.43750, 25.75000, 25.50000, 24.05576
0xDDDD, 1730293804, 17608258, 0177, 29.04761, 1.22249, 1.33531, 0.07414, 2.50220, 3.04857, 3.20410, 0.00000, 3.05099, 3.00828, 2.70044, 2.55941, 25.56250, 25.43750, 25.75000, 25.50000, 24.05576
0xDDDD, 1730293804, 17708281, 0178, 29.04761, 1.22249, 1.33531, 0.06205, 2.50220, 3.07678, 3.21216, 0.00000, 3.05179, 3.00747, 2.69963, 2.56103, 25.56250, 25.43750, 25.75000, 25.50000, 24.05576
0xDDDD, 1730293804, 17808267, 0179, 29.45053, 1.22249, 1.33531, 0.06930, 2.50220, 3.03487, 3.21297, 0.00000, 3.04938, 3.00828, 2.70125, 2.56022, 25.56250, 25.43750, 25.75000, 25.50000, 23.87668
0xDDDD, 1730293805, 17908295, 0180, 29.45053, 1.22249, 1.33531, 0.07736, 2.50220, 3.07516, 3.20088, 0.00081, 3.05099, 3.00828, 2.70044, 2.56183, 25.56250, 25.43750, 25.68750, 25.50000, 24.05576
0xDDDD, 1730293805, 18008258, 0181, 29.85349, 1.22249, 1.33531, 0.07736, 2.50220, 3.03487, 3.20813, 0.00000, 3.05099, 3.00828, 2.70205, 2.56103, 25.56250, 25.43750, 25.68750, 25.43750, 23.87668
0xDDDD, 1730293805, 18108282, 0182, 29.45053, 1.22249, 1.33612, 0.05963, 2.50220, 3.07678, 3.21619, 0.00000, 3.05099, 3.00828, 2.70044, 2.59890, 25.50000, 25.43750, 25.68750, 25.43750, 24.05576
0xDDDD, 1730293805, 18208275, 0183, 29.04761, 1.22249, 1.33531, 0.07575, 2.50220, 3.03648, 3.20330, 0.00000, 3.05260, 3.00828, 2.70044, 2.49978, 25.50000, 25.43750, 25.68750, 25.43750, 24.05576
0xDDDD, 1730293805, 18308293, 0184, 29.04761, 1.22249, 1.33531, 0.06205, 2.50220, 3.06549, 3.21055, 0.00000, 3.05179, 3.00828, 2.70044, 2.56022, 25.43750, 25.43750, 25.68750, 25.50000, 24.05576
0xDDDD, 1730293805, 18408261, 0185, 29.45053, 1.22249, 1.33612, 0.06286, 2.50220, 3.02520, 3.19846, 0.00000, 3.05179, 3.00828, 2.70205, 2.56103, 25.43750, 25.43750, 25.75000, 25.50000, 24.05576
0xDDDD, 1730293805, 18508298, 0186, 29.45053, 1.22249, 1.33531, 0.06044, 2.50220, 3.06872, 3.20088, 0.00000, 3.05260, 3.00828, 2.70125, 2.56344, 25.50000, 25.43750, 25.75000, 25.50000, 23.87668
0xDDDD, 1730293805, 18608262, 0187, 29.04761, 1.22249, 1.33451, 0.06447, 2.50220, 3.02842, 3.20813, 0.00000, 3.05179, 3.00828, 2.70125, 2.56183, 25.50000, 25.43750, 25.75000, 25.50000, 24.05576
0xDDDD, 1730293805, 18708283, 0188, 29.04761, 1.22249, 1.33531, 0.07333, 2.50220, 3.06952, 3.21538, 0.00000, 3.05260, 3.00828, 2.70044, 2.48447, 25.50000, 25.37500, 25.75000, 25.43750, 24.05576
0xDDDD, 1730293805, 18808271, 0189, 29.45053, 1.22249, 1.33531, 0.06527, 2.50220, 3.02842, 3.20410, 0.00000, 3.05260, 3.00828, 2.70125, 2.54088, 25.56250, 25.37500, 25.75000, 25.43750, 24.05576
0xDDDD, 1730293806, 18908274, 0190, 29.45053, 1.22249, 1.33531, 0.06930, 2.50220, 3.06549, 3.21136, 0.00000, 3.04938, 3.00989, 2.70125, 2.55861, 25.56250, 25.43750, 25.75000, 25.43750, 24.05576
0xDDDD, 1730293806, 19008265, 0191, 29.45053, 1.22249, 1.33531, 0.06125, 2.50220, 3.00828, 3.21861, 0.00000, 3.05260, 3.00828, 2.70125, 2.56022, 25.50000, 25.43750, 25.75000, 25.50000, 24.05576
0xDDDD, 1730293806, 19108276, 0192, 29.04761, 1.22249, 1.33451, 0.06850, 2.50220, 3.04293, 3.22022, 0.00000, 3.05179, 3.00828, 2.70205, 2.56103, 25.50000, 25.43750, 25.75000, 25.50000, 24.05576
0xDDDD, 1730293806, 19208266, 0193, 29.45053, 1.22249, 1.33451, 0.06205, 2.50300, 3.08081, 3.20652, 0.00000, 3.04696, 3.00828, 2.69963, 2.56103, 25.50000, 25.43750, 25.75000, 25.50000, 24.05576
0xDDDD, 1730293806, 19308290, 0194, 29.45053, 1.22249, 1.33531, 0.06447, 2.50300, 3.03407, 3.21297, 0.00000, 3.05099, 3.00828, 2.70044, 2.56183, 25.56250, 25.43750, 25.75000, 25.50000, 24.05576
0xDDDD, 1730293806, 19408268, 0195, 29.85349, 1.22249, 1.33612, 0.06286, 2.50220, 3.07275, 3.20088, 0.00000, 3.05099, 3.00828, 2.70125, 2.55055, 25.56250, 25.43750, 25.75000, 25.50000, 24.05576
0xDDDD, 1730293806, 19508274, 0196, 29.45053, 1.22249, 1.33531, 0.06527, 2.50220, 3.02842, 3.20974, 0.00000, 3.05179, 3.00828, 2.70044, 2.57875, 25.56250, 25.43750, 25.75000, 25.50000, 24.05576
0xDDDD, 1730293806, 19608263, 0197, 29.45053, 1.22168, 1.33451, 0.08139, 2.50220, 3.04857, 3.21700, 0.00000, 3.05179, 3.00828, 2.70125, 2.56505, 25.56250, 25.43750, 25.75000, 25.50000, 24.05576
0xDDDD, 1730293806, 19708294, 0198, 29.45053, 1.22249, 1.33531, 0.07011, 2.50220, 3.09289, 3.21861, 0.00000, 3.04777, 3.00828, 2.70044, 2.55700, 25.56250, 25.43750, 25.75000, 25.43750, 23.87668
0xDDDD, 1730293806, 19808272, 0199, 29.45053, 1.22249, 1.33531, 0.06850, 2.50220, 3.03648, 3.20571, 0.00000, 3.05099, 3.00828, 2.70125, 2.56103, 25.56250, 25.43750, 25.75000, 25.43750, 24.05576
0xDDDD, 1730293807, 19908276, 0200, 29.45053, 1.22249, 1.33531, 0.06527, 2.50220, 3.07275, 3.21377, 0.00000, 3.05260, 3.00828, 2.70044, 2.56344, 25.56250, 25.43750, 25.75000, 25.50000, 24.05576
0xDDDD, 1730293807, 20008259, 0201, 29.04761, 1.22249, 1.33531, 0.06447, 2.50220, 3.02601, 3.20088, 0.00000, 3.05018, 3.00828, 2.70125, 2.49736, 25.50000, 25.43750, 25.75000, 25.50000, 24.05576
0xDDDD, 1730293807, 20108283, 0202, 29.45053, 1.22249, 1.33451, 0.06850, 2.50300, 3.05985, 3.20974, 0.00000, 3.05179, 3.00828, 2.70205, 2.46916, 25.50000, 25.43750, 25.75000, 25.50000, 24.05576
0xDDDD, 1730293807, 20208269, 0203, 29.45053, 1.22249, 1.33531, 0.07414, 2.50300, 3.08081, 3.21700, 0.00000, 3.05179, 3.00747, 2.70205, 2.55941, 25.56250, 25.43750, 25.75000, 25.43750, 24.05576
0xDDDD, 1730293807, 20308286, 0204, 29.04761, 1.22249, 1.33531, 0.07656, 2.50220, 3.03245, 3.21861, 0.00000, 3.05260, 3.00828, 2.70125, 2.56264, 25.56250, 25.43750, 25.75000, 25.43750, 24.05576
0xDDDD, 1730293807, 20408270, 0205, 29.04761, 1.22249, 1.33531, 0.08220, 2.50220, 3.06711, 3.20410, 0.00000, 3.05260, 3.00828, 2.70125, 2.56103, 25.56250, 25.43750, 25.75000, 25.50000, 24.05576
0xDDDD, 1730293807, 20508281, 0206, 29.45053, 1.22249, 1.34256, 0.06930, 2.50220, 3.02037, 3.21136, 0.00000, 3.04454, 3.00908, 2.70125, 2.56103, 25.56250, 25.43750, 25.75000, 25.50000, 24.05576
0xDDDD, 1730293807, 20608244, 0207, 29.85349, 1.22168, 1.33531, 0.06527, 2.50220, 3.05179, 3.21941, 0.00000, 3.05260, 3.00828, 2.69963, 2.48205, 25.56250, 25.43750, 25.75000, 25.50000, 23.87668
0xDDDD, 1730293807, 20708287, 0208, 29.04761, 1.22249, 1.33531, 0.06930, 2.50220, 3.00586, 3.20571, 0.00000, 3.05260, 3.00908, 2.70125, 2.55136, 25.56250, 25.43750, 25.75000, 25.43750, 24.05576
0xDDDD, 1730293807, 20808265, 0209, 29.45053, 1.22249, 1.33612, 0.06608, 2.50220, 3.03729, 3.21377, 0.00000, 3.05099, 3.00828, 2.70044, 2.56183, 25.56250, 25.43750, 25.75000, 25.43750, 24.05576
0xDDDD, 1730293808, 20908283, 0210, 29.04761, 1.22330, 1.33612, 0.06044, 2.50220, 3.05502, 3.20007, 0.00000, 3.05179, 3.00747, 2.70044, 2.56264, 25.56250, 25.43750, 25.75000, 25.43750, 24.23483
0xDDDD, 1730293808, 21008246, 0211, 29.45053, 1.22168, 1.33612, 0.06689, 2.50220, 3.00908, 3.20088, 0.00000, 3.05179, 3.00828, 2.70125, 2.56103, 25.56250, 25.43750, 25.75000, 25.43750, 24.23483
0xDDDD, 1730293808, 21108255, 0212, 29.45053, 1.22249, 1.32322, 0.07011, 2.50220, 3.04051, 3.20733, 0.00000, 3.05099, 3.00828, 2.70125, 2.56183, 25.56250, 25.37500, 25.75000, 25.43750, 24.05576
0xDDDD, 1730293808, 21208271, 0213, 29.45053, 1.22249, 1.33612, 0.06286, 2.50220, 3.07516, 3.21377, 0.00000, 3.05099, 3.00908, 2.70286, 2.56425, 25.56250, 25.37500, 25.75000, 25.43750, 24.05576
0xDDDD, 1730293808, 21308266, 0214, 29.85349, 1.22249, 1.33531, 0.06527, 2.50220, 3.02520, 3.20088, 0.00000, 3.05099, 3.00828, 2.70044, 2.57714, 25.56250, 25.43750, 25.75000, 25.43750, 24.05576
0xDDDD, 1730293808, 21408249, 0215, 29.45053, 1.22249, 1.33612, 0.06608, 2.50300, 3.05905, 3.20733, 0.00000, 3.05260, 3.00908, 2.70205, 2.50300, 25.56250, 25.43750, 25.75000, 25.50000, 24.05576
0xDDDD, 1730293808, 21508283, 0216, 29.45053, 1.22249, 1.33531, 0.09187, 2.50139, 3.07678, 3.21377, 0.00000, 3.05099, 3.00828, 2.70125, 2.56103, 25.56250, 25.43750, 25.81250, 25.50000, 24.05576
0xDDDD, 1730293808, 21608270, 0217, 29.45053, 1.22249, 1.33531, 0.07897, 2.50139, 3.02923, 3.21458, 0.00000, 3.05179, 3.00828, 2.70205, 2.55941, 25.56250, 25.43750, 25.81250, 25.50000, 24.05576
0xDDDD, 1730293808, 21708284, 0218, 29.45053, 1.22168, 1.33612, 0.06527, 2.50300, 3.06147, 3.20088, 0.00000, 3.05179, 3.00828, 2.70125, 2.56264, 25.62500, 25.43750, 25.81250, 25.50000, 24.05576
0xDDDD, 1730293808, 21808250, 0219, 29.45053, 1.22249, 1.33612, 0.06930, 2.50139, 3.01473, 3.20813, 0.00000, 3.05179, 3.00828, 2.70125, 2.56183, 25.62500, 25.43750, 25.75000, 25.50000, 23.87668
0xDDDD, 1730293809, 21908255, 0220, 29.04761, 1.22249, 1.33531, 0.07897, 2.50220, 3.04212, 3.21538, 0.00000, 3.05179, 3.00828, 2.70205, 2.56183, 25.56250, 25.43750, 25.75000, 25.50000, 24.23483
0xDDDD, 1730293809, 22008267, 0221, 29.04761, 1.22249, 1.33531, 0.07333, 2.50300, 3.07355, 3.20249, 0.00000, 3.04857, 3.00828, 2.70125, 2.70689, 25.56250, 25.43750, 25.81250, 25.50000, 24.05576
0xDDDD, 1730293809, 22108264, 0222, 29.45053, 1.22249, 1.33531, 0.06850, 2.50220, 3.00747, 3.20894, 0.00000, 3.05179, 3.00828, 2.70205, 2.56103, 25.56250, 25.43750, 25.81250, 25.50000, 24.05576
0xDDDD, 1730293809, 22208275, 0223, 29.45053, 1.22249, 1.33531, 0.07172, 2.50220, 3.03890, 3.21136, 0.00000, 3.05179, 3.00828, 2.70205, 2.56183, 25.56250, 25.43750, 25.75000, 25.50000, 24.23483
0xDDDD, 1730293809, 22308282, 0224, 29.45053, 1.22168, 1.34740, 0.06125, 2.50220, 3.07194, 3.21619, 0.00000, 3.05260, 3.00828, 2.70286, 2.56183, 25.56250, 25.43750, 25.75000, 25.50000, 24.23483
0xDDDD, 1730293809, 22408279, 0225, 29.04761, 1.22249, 1.33370, 0.07172, 2.50220, 3.02117, 3.20330, 0.00000, 3.05179, 3.00828, 2.70125, 2.56022, 25.62500, 25.43750, 25.75000, 25.50000, 24.05576
0xDDDD, 1730293809, 22508256, 0226, 29.45053, 1.22249, 1.33612, 0.06205, 2.50220, 3.05099, 3.20894, 0.00000, 3.05018, 3.00828, 2.70044, 2.56103, 25.62500, 25.43750, 25.81250, 25.50000, 24.05576
0xDDDD, 1730293809, 22608281, 0227, 29.45053, 1.22249, 1.33531, 0.06366, 2.50220, 3.07919, 3.21619, 0.00000, 3.05018, 3.00828, 2.70125, 2.53846, 25.62500, 25.43750, 25.81250, 25.43750, 24.23483
0xDDDD, 1730293809, 22708255, 0228, 29.45053, 1.22249, 1.33531, 0.06608, 2.50220, 3.02520, 3.20330, 0.00000, 3.05179, 3.00828, 2.70125, 2.56022, 25.56250, 25.43750, 25.81250, 25.43750, 24.23483
0xDDDD, 1730293809, 22808280, 0229, 29.45053, 1.22249, 1.33531, 0.07333, 2.50220, 3.03648, 3.20974, 0.00000, 3.04857, 3.00828, 2.70205, 2.56344, 25.56250, 25.43750, 25.81250, 25.50000, 24.05576
0xDDDD, 1730293810, 22908247, 0230, 29.45053, 1.22249, 1.32403, 0.04755, 2.50139, 3.06469, 3.21055, 0.00000, 3.05099, 3.00828, 2.70044, 2.56022, 25.62500, 25.43750, 25.81250, 25.50000, 23.51852
0xDDDD, 1730293810, 23008281, 0231, 29.04761, 1.22249, 1.33531, 0.06044, 2.50220, 3.01231, 3.21700, 0.00000, 3.04938, 3.00828, 2.70205, 2.56344, 25.62500, 25.37500, 25.81250, 25.50000, 24.05576
0xDDDD, 1730293810, 23108249, 0232, 29.04761, 1.22249, 1.33531, 0.07333, 2.50220, 3.03810, 3.20330, 0.00000, 3.05018, 3.00908, 2.70125, 2.56183, 25.56250, 25.37500, 25.81250, 25.50000, 24.05576
0xDDDD, 1730293810, 23208265, 0233, 29.45053, 1.22249, 1.33531, 0.06608, 2.50300, 3.06549, 3.20894, 0.00000, 3.05179, 3.00908, 2.70044, 2.55780, 25.56250, 25.37500, 25.81250, 25.50000, 24.05576
0xDDDD, 1730293810, 23308262, 0234, 29.04761, 1.22249, 1.33531, 0.07092, 2.50300, 3.01150, 3.21619, 0.00000, 3.05179, 3.00828, 2.70125, 2.56425, 25.56250, 25.43750, 25.81250, 25.50000, 24.23483
0xDDDD, 1730293810, 23408259, 0235, 29.04761, 1.22249, 1.33531, 0.06608, 2.50220, 3.02278, 3.20249, 0.00000, 3.05179, 3.00828, 2.70044, 2.56425, 25.56250, 25.43750, 25.81250, 25.50000, 24.23483
0xDDDD, 1730293810, 23508260, 0236, 29.45053, 1.22249, 1.33531, 0.06689, 2.50220, 3.05018, 3.20330, 0.00081, 3.05179, 3.00828, 2.70205, 2.56022, 25.56250, 25.43750, 25.81250, 25.50000, 24.05576
0xDDDD, 1730293810, 23608282, 0237, 29.04761, 1.22249, 1.33451, 0.08220, 2.50220, 3.08000, 3.21055, 0.00000, 3.05018, 3.00828, 2.70125, 2.55780, 25.62500, 25.43750, 25.81250, 25.50000, 24.23483
0xDDDD, 1730293810, 23708274, 0238, 29.45053, 1.22249, 1.33451, 0.07333, 2.50220, 3.02440, 3.21780, 0.00000, 3.05260, 3.00828, 2.69963, 2.56022, 25.62500, 25.43750, 25.81250, 25.50000, 24.23483
0xDDDD, 1730293810, 23808270, 0239, 29.45053, 1.22249, 1.33612, 0.06205, 2.50300, 3.05018, 3.20330, 0.00000, 3.05099, 3.00828, 2.70125, 2.57150, 25.62500, 25.43750, 25.81250, 25.50000, 24.05576
0xDDDD, 1730293811, 23908256, 0240, 29.04761, 1.22249, 1.33531, 0.07495, 2.50220, 3.07678, 3.21055, 0.00000, 3.05260, 3.00828, 2.70125, 2.58601, 25.62500, 25.43750, 25.81250, 25.50000, 24.23483
0xDDDD, 1730293811, 24008269, 0241, 29.45053, 1.22249, 1.33531, 0.07817, 2.50300, 3.00908, 3.21700, 0.00000, 3.04535, 3.00828, 2.70125, 2.56103, 25.62500, 25.43750, 25.81250, 25.50000, 24.05576
0xDDDD, 1730293811, 24108266, 0242, 29.45053, 1.22249, 1.33612, 0.07736, 2.50220, 3.03729, 3.21780, 0.00000, 3.05179, 3.00828, 2.70125, 2.55941, 25.62500, 25.43750, 25.81250, 25.50000, 24.23483
0xDDDD, 1730293811, 24208268, 0243, 29.45053, 1.22249, 1.33451, 0.08381, 2.50220, 3.06066, 3.20410, 0.00000, 3.05099, 3.00828, 2.70125, 2.55780, 25.62500, 25.43750, 25.81250, 25.50000, 24.23483
0xDDDD, 1730293811, 24308254, 0244, 29.04761, 1.22249, 1.34740, 0.06689, 2.50300, 3.00425, 3.21216, 0.00000, 3.05341, 3.00828, 2.70125, 2.56103, 25.62500, 25.43750, 25.81250, 25.50000, 24.23483
0xDDDD, 1730293811, 24408265, 0245, 29.45053, 1.22249, 1.33531, 0.07333, 2.50300, 3.03004, 3.21780, 0.00000, 3.05099, 3.00828, 2.70205, 2.54168, 25.62500, 25.43750, 25.87500, 25.50000, 24.23483
0xDDDD, 1730293811, 24508260, 0246, 29.45053, 1.22249, 1.33451, 0.07736, 2.50220, 3.05663, 3.20410, 0.00000, 3.05341, 3.00828, 2.70044, 2.50139, 25.62500, 25.43750, 25.87500, 25.50000, 24.05576
0xDDDD, 1730293811, 24608275, 0247, 29.45053, 1.22249, 1.33531, 0.06850, 2.50220, 3.06549, 3.21055, 0.00000, 3.05099, 3.00828, 2.70205, 2.56103, 25.56250, 25.43750, 25.81250, 25.50000, 24.23483
0xDDDD, 1730293811, 24708258, 0248, 29.45053, 1.22249, 1.33531, 0.07495, 2.50300, 3.00908, 3.21619, 0.00000, 3.05099, 3.00828, 2.70125, 2.56022, 25.56250, 25.43750, 25.81250, 25.50000, 24.23483
0xDDDD, 1730293811, 24808269, 0249, 29.45053, 1.22168, 1.33451, 0.06850, 2.50300, 3.03084, 3.21700, 0.00000, 3.05099, 3.00828, 2.70125, 2.56022, 25.62500, 25.43750, 25.81250, 25.50000, 24.41391
0xDDDD, 1730293812, 24908260, 0250, 29.45053, 1.22249, 1.33451, 0.08623, 2.50220, 3.05582, 3.20168, 0.00000, 3.05018, 3.00828, 2.70125, 2.55861, 25.62500, 25.43750, 25.81250, 25.50000, 24.23483
0xDDDD, 1730293812, 25008259, 0251, 29.45053, 1.22249, 1.33531, 0.07092, 2.50220, 3.07839, 3.20974, 0.00000, 3.05179, 3.00747, 2.70044, 2.54571, 25.62500, 25.37500, 25.81250, 25.50000, 24.23483
0xDDDD, 1730293812, 25108273, 0252, 29.45053, 1.22249, 1.33531, 0.06044, 2.50220, 3.02278, 3.21619, 0.00000, 3.04777, 3.00828, 2.69963, 2.55538, 25.56250, 25.37500, 25.81250, 25.50000, 24.23483
0xDDDD, 1730293812, 25208261, 0253, 29.04761, 1.22249, 1.33531, 0.07656, 2.50220, 3.04615, 3.20249, 0.00000, 3.05018, 3.00828, 2.70125, 2.56264, 25.56250, 25.43750, 25.81250, 25.50000, 24.23483
0xDDDD, 1730293812, 25308257, 0254, 29.45053, 1.22330, 1.33451, 0.06125, 2.50300, 3.05582, 3.20974, 0.00000, 3.05260, 3.00828, 2.70125, 2.56103, 25.62500, 25.43750, 25.81250, 25.50000, 24.23483
0xDDDD, 1730293812, 25408272, 0255, 29.85349, 1.22249, 1.33531, 0.07414, 2.50220, 3.07758, 3.21055, 0.00000, 3.05179, 3.00828, 2.70125, 2.55780, 25.62500, 25.43750, 25.87500, 25.50000, 24.23483
0xDDDD, 1730293812, 25508262, 0256, 29.04761, 1.22168, 1.33451, 0.07495, 2.50300, 3.02117, 3.21619, 0.00000, 3.04615, 3.00828, 2.70044, 2.56183, 25.62500, 25.43750, 25.87500, 25.50000, 24.23483
0xDDDD, 1730293812, 25608281, 0257, 29.45053, 1.22249, 1.33451, 0.07011, 2.50220, 3.04535, 3.20330, 0.00000, 3.05179, 3.00828, 2.69963, 2.56103, 25.62500, 25.43750, 25.81250, 25.50000, 24.23483
0xDDDD, 1730293812, 25708257, 0258, 29.45053, 1.22249, 1.33612, 0.06366, 2.50220, 3.06952, 3.20894, 0.00000, 3.05260, 3.00828, 2.70125, 2.56183, 25.62500, 25.43750, 25.81250, 25.50000, 24.05576
0xDDDD, 1730293812, 25808270, 0259, 29.45053, 1.22168, 1.33451, 0.06205, 2.50220, 3.01392, 3.21458, 0.00000, 3.05099, 3.00828, 2.70125, 2.61260, 25.62500, 25.43750, 25.81250, 25.50000, 24.23483
0xDDDD, 1730293813, 25908250, 0260, 29.04761, 1.22249, 1.33531, 0.06850, 2.50220, 3.02117, 3.20330, 0.00000, 3.05099, 3.00828, 2.70125, 2.56183, 25.62500, 25.43750, 25.81250, 25.50000, 24.23483
0xDDDD, 1730293813, 26008278, 0261, 29.45053, 1.22249, 1.33531, 0.05238, 2.50220, 3.04454, 3.20249, 0.00000, 3.05260, 3.00828, 2.70125, 2.56103, 25.62500, 25.43750, 25.81250, 25.50000, 24.23483
0xDDDD, 1730293813, 26108274, 0262, 29.45053, 1.22249, 1.33531, 0.06608, 2.50220, 3.06952, 3.20813, 0.00000, 3.05099, 3.00828, 2.69963, 2.56183, 25.62500, 25.43750, 25.81250, 25.50000, 24.23483
0xDDDD, 1730293813, 26208283, 0263, 29.45053, 1.22168, 1.33531, 0.06689, 2.50220, 3.01231, 3.21619, 0.00000, 3.04212, 3.00828, 2.70125, 2.56183, 25.62500, 25.43750, 25.81250, 25.50000, 24.23483
0xDDDD, 1730293813, 26308253, 0264, 29.04761, 1.22249, 1.33451, 0.07414, 2.50220, 3.03326, 3.20249, 0.00000, 3.05341, 3.00747, 2.70044, 2.50220, 25.62500, 25.43750, 25.81250, 25.50000, 24.23483
0xDDDD, 1730293813, 26408288, 0265, 29.45053, 1.22168, 1.33451, 0.07817, 2.50300, 3.05502, 3.20974, 0.00000, 3.05179, 3.00828, 2.70044, 2.48366, 25.62500, 25.43750, 25.81250, 25.50000, 24.23483
0xDDDD, 1730293813, 26508266, 0266, 29.85349, 1.22249, 1.33531, 0.06286, 2.50220, 3.06147, 3.21619, 0.00000, 3.04938, 3.00828, 2.70044, 2.56022, 25.68750, 25.43750, 25.81250, 25.50000, 24.05576
0xDDDD, 1730293813, 26608278, 0267, 29.45053, 1.22249, 1.33451, 0.08864, 2.50220, 3.09209, 3.21619, 0.00000, 3.04857, 3.00828, 2.70044, 2.56264, 25.68750, 25.43750, 25.81250, 25.50000, 24.23483
0xDDDD, 1730293813, 26708258, 0268, 29.04761, 1.22249, 1.34095, 0.08220, 2.50220, 3.02520, 3.20330, 0.00000, 3.05099, 3.00828, 2.70205, 2.56022, 25.68750, 25.43750, 25.81250, 25.50000, 24.23483
0xDDDD, 1730293813, 26808274, 0269, 29.45053, 1.22168, 1.33531, 0.06205, 2.50220, 3.04615, 3.20894, 0.00000, 3.05099, 3.00828, 2.69963, 2.56264, 25.62500, 25.43750, 25.87500, 25.50000, 24.23483
0xDDDD, 1730293814, 26908258, 0270, 29.04761, 1.22249, 1.33451, 0.08059, 2.50220, 3.06791, 3.21538, 0.00000, 3.05099, 3.00828, 2.70044, 2.55619, 25.62500, 25.43750, 25.87500, 25.50000, 24.23483
0xDDDD, 1730293814, 27008283, 0271, 29.45053, 1.22249, 1.33451, 0.08139, 2.50220, 3.00989, 3.20088, 0.00000, 3.05179, 3.00828, 2.70044, 2.56103, 25.62500, 25.43750, 25.87500, 25.50000, 24.23483
0xDDDD, 1730293814, 27108261, 0272, 29.04761, 1.22168, 1.33531, 0.07092, 2.50300, 3.03165, 3.20652, 0.00000, 3.05421, 3.00908, 2.70125, 2.55941, 25.62500, 25.43750, 25.87500, 25.50000, 24.23483
0xDDDD, 1730293814, 27208277, 0273, 29.45053, 1.22249, 1.33612, 0.06447, 2.50220, 3.03729, 3.21377, 0.00000, 3.05099, 3.00828, 2.69963, 2.56183, 25.62500, 25.43750, 25.87500, 25.56250, 24.23483
0xDDDD, 1730293814, 27308262, 0274, 29.45053, 1.22249, 1.33531, 0.07575, 2.50220, 3.05824, 3.21297, 0.00000, 3.05179, 3.00828, 2.70125, 2.55861, 25.62500, 25.43750, 25.87500, 25.56250, 24.41391
0xDDDD, 1730293814, 27408261, 0275, 29.45053, 1.22249, 1.29905, 0.07092, 2.50220, 3.07919, 3.21861, 0.00000, 3.05260, 3.00828, 2.70044, 2.55941, 25.62500, 25.43750, 25.87500, 25.50000, 24.23483
0xDDDD, 1730293814, 27508264, 0276, 29.04761, 1.22330, 1.33531, 0.07011, 2.50139, 3.01634, 3.20410, 0.00000, 3.05099, 3.00828, 2.70205, 2.56103, 25.62500, 25.43750, 25.87500, 25.50000, 24.23483
0xDDDD, 1730293814, 27608284, 0277, 29.45053, 1.22249, 1.33451, 0.06689, 2.50139, 3.03568, 3.21055, 0.00000, 3.05179, 3.00828, 2.69963, 2.60857, 25.62500, 25.43750, 25.87500, 25.50000, 24.23483
0xDDDD, 1730293814, 27708262, 0278, 29.45053, 1.22249, 1.33531, 0.07736, 2.50220, 3.05421, 3.21619, 0.00000, 3.05179, 3.00908, 2.70125, 2.54571, 25.62500, 25.43750, 25.87500, 25.50000, 24.23483
0xDDDD, 1730293814, 27808281, 0279, 29.45053, 1.22249, 1.33531, 0.06930, 2.50300, 3.05824, 3.20088, 0.00000, 3.05179, 3.00828, 2.70125, 2.56425, 25.62500, 25.43750, 25.87500, 25.50000, 24.23483
0xDDDD, 1730293815, 27908272, 0280, 29.45053, 1.22249, 1.33531, 0.07011, 2.50220, 3.07839, 3.20088, 0.00000, 3.05099, 3.00828, 2.69963, 2.56103, 25.62500, 25.43750, 25.87500, 25.50000, 24.23483
0xDDDD, 1730293815, 28008282, 0281, 29.04761, 1.22249, 1.33451, 0.06769, 2.50220, 3.01553, 3.20733, 0.00000, 3.05099, 3.00828, 2.70125, 2.56103, 25.62500, 25.43750, 25.87500, 25.50000, 24.23483
0xDDDD, 1730293815, 28108267, 0282, 29.45053, 1.22168, 1.33531, 0.06447, 2.50220, 3.03568, 3.21216, 0.00000, 3.05018, 3.00828, 2.70125, 2.56344, 25.62500, 25.43750, 25.87500, 25.50000, 24.23483
0xDDDD, 1730293815, 28208247, 0283, 29.04761, 1.22249, 1.33531, 0.07978, 2.50220, 3.05421, 3.21780, 0.00000, 3.05341, 3.00828, 2.70125, 2.56103, 25.62500, 25.43750, 25.87500, 25.50000, 24.23483
0xDDDD, 1730293815, 28308266, 0284, 29.45053, 1.22168, 1.33531, 0.07333, 2.50220, 3.07516, 3.20410, 0.00000, 3.05018, 3.00828, 2.70205, 2.61985, 25.62500, 25.43750, 25.87500, 25.50000, 24.23483
0xDDDD, 1730293815, 28408249, 0285, 29.45053, 1.22249, 1.33531, 0.06447, 2.50220, 3.07919, 3.20974, 0.00000, 3.05099, 3.00828, 2.70125, 2.56022, 25.62500, 25.43750, 25.87500, 25.50000, 24.23483
0xDDDD, 1730293815, 28508278, 0286, 29.45053, 1.22168, 1.33531, 0.04996, 2.50220, 3.01392, 3.20894, 0.00000, 3.05179, 3.00828, 2.70044, 2.56022, 25.62500, 25.43750, 25.87500, 25.50000, 24.23483
0xDDDD, 1730293815, 28608288, 0287, 29.45053, 1.22249, 1.33612, 0.06527, 2.50220, 3.03084, 3.21458, 0.00000, 3.05179, 3.00828, 2.70044, 2.56183, 25.62500, 25.37500, 25.87500, 25.50000, 24.23483
0xDDDD, 1730293815, 28708270, 0288, 29.45053, 1.22249, 1.33531, 0.06447, 2.50220, 3.05018, 3.19927, 0.00000, 3.05018, 3.00828, 2.70044, 2.55941, 25.62500, 25.37500, 25.87500, 25.50000, 24.23483
0xDDDD, 1730293815, 28808251, 0289, 29.45053, 1.22249, 1.33531, 0.06930, 2.50300, 3.06711, 3.20571, 0.00000, 3.05179, 3.00828, 2.70125, 2.56183, 25.62500, 25.43750, 25.87500, 25.50000, 24.23483
0xDDDD, 1730293816, 28908274, 0290, 29.45053, 1.22168, 1.33451, 0.07092, 2.50220, 3.08161, 3.21055, 0.00000, 3.05260, 3.00828, 2.70125, 2.57634, 25.68750, 25.43750, 25.87500, 25.50000, 24.23483
0xDDDD, 1730293816, 29008253, 0291, 29.45053, 1.22249, 1.33531, 0.06447, 2.50220, 3.01634, 3.21619, 0.00000, 3.05099, 3.00828, 2.70044, 2.55941, 25.68750, 25.43750, 25.87500, 25.50000, 24.23483
0xDDDD, 1730293816, 29108272, 0292, 29.45053, 1.22249, 1.33612, 0.05802, 2.50220, 3.01553, 3.20168, 0.00000, 3.05099, 3.00828, 2.70205, 2.55861, 25.68750, 25.43750, 25.87500, 25.50000, 24.23483
0xDDDD, 1730293816, 29208258, 0293, 29.45053, 1.22249, 1.33531, 0.06689, 2.50139, 3.03004, 3.20088, 0.00000, 3.05099, 3.00828, 2.70125, 2.56183, 25.62500, 25.43750, 25.87500, 25.50000, 24.41391
0xDDDD, 1730293816, 29308276, 0294, 29.45053, 1.22249, 1.33531, 0.05883, 2.50300, 3.04374, 3.20571, 0.00000, 3.05179, 3.00908, 2.70044, 2.56264, 25.62500, 25.37500, 25.87500, 25.50000, 24.41391
0xDDDD, 1730293816, 29408258, 0295, 29.04761, 1.22249, 1.33612, 0.07656, 2.50220, 3.05663, 3.21216, 0.00000, 3.05179, 3.00828, 2.70044, 2.55941, 25.68750, 25.37500, 25.87500, 25.50000, 24.23483
0xDDDD, 1730293816, 29508282, 0296, 29.45053, 1.22249, 1.33531, 0.06044, 2.50220, 3.07194, 3.21619, 0.00000, 3.05179, 3.00828, 2.70125, 2.57070, 25.68750, 25.37500, 25.87500, 25.50000, 24.41391
0xDDDD, 1730293816, 29608258, 0297, 29.45053, 1.22249, 1.33531, 0.06044, 2.50220, 3.00425, 3.20168, 0.00000, 3.05179, 3.00828, 2.70125, 2.56103, 25.68750, 25.43750, 25.87500, 25.56250, 24.23483
0xDDDD, 1730293816, 29708280, 0298, 29.45053, 1.22249, 1.33451, 0.06125, 2.50220, 3.07758, 3.20733, 0.00000, 3.05099, 3.00828, 2.70125, 2.56425, 25.68750, 25.43750, 25.87500, 25.56250, 24.41391
0xDDDD, 1730293816, 29808270, 0299, 29.04761, 1.22168, 1.33531, 0.06447, 2.50300, 3.01392, 3.20571, 0.00000, 3.05099, 3.00828, 2.70044, 2.56264, 25.68750, 25.43750, 25.87500, 25.50000, 24.41391
0xDDDD, 1730293817, 29908266, 0300, 29.45053, 1.22249, 1.33934, 0.06769, 2.50220, 3.02520, 3.21136, 0.00000, 3.05099, 3.00828, 2.70044, 2.56264, 25.68750, 25.43750, 25.87500, 25.50000, 24.23483
0xDDDD, 1730293817, 30008261, 0301, 29.04761, 1.22249, 1.33531, 0.06125, 2.50220, 3.03729, 3.21619, 0.00000, 3.05260, 3.00828, 2.69963, 2.56505, 25.68750, 25.43750, 25.87500, 25.50000, 24.23483
0xDDDD, 1730293817, 30108275, 0302, 29.45053, 1.22249, 1.33531, 0.05963, 2.50139, 3.05260, 3.20088, 0.00000, 3.05179, 3.00747, 2.70125, 2.54007, 25.68750, 25.43750, 25.87500, 25.50000, 24.41391
0xDDDD, 1730293817, 30208262, 0303, 29.45053, 1.22168, 1.33531, 0.06608, 2.50220, 3.06227, 3.20571, 0.00000, 3.05179, 3.00747, 2.70044, 2.56505, 25.68750, 25.43750, 25.87500, 25.50000, 24.41391
0xDDDD, 1730293817, 30308281, 0304, 29.45053, 1.22249, 1.33531, 0.06286, 2.50220, 3.05905, 3.21136, 0.00000, 3.05179, 3.00828, 2.70205, 2.56022, 25.68750, 25.43750, 25.87500, 25.50000, 24.41391
0xDDDD, 1730293817, 30408275, 0305, 29.04761, 1.22249, 1.33531, 0.06447, 2.50220, 3.07355, 3.21055, 0.00000, 3.05099, 3.00828, 2.70125, 2.56183, 25.62500, 25.43750, 25.87500, 25.50000, 24.41391
0xDDDD, 1730293817, 30508280, 0306, 29.45053, 1.22249, 1.33531, 0.06447, 2.50220, 3.00425, 3.21538, 0.00000, 3.05179, 3.00828, 2.70125, 2.56264, 25.62500, 25.43750, 25.87500, 25.50000, 24.41391
0xDDDD, 1730293817, 30608266, 0307, 29.04761, 1.22249, 1.33451, 0.07656, 2.50220, 3.01714, 3.20088, 0.00000, 3.04938, 3.00828, 2.70125, 2.56183, 25.68750, 25.43750, 25.87500, 25.56250, 24.41391
0xDDDD, 1730293817, 30708261, 0308, 29.45053, 1.22249, 1.33531, 0.06527, 2.50220, 3.02762, 3.20652, 0.00000, 3.05179, 3.00747, 2.70125, 2.54652, 25.68750, 25.43750, 25.87500, 25.56250, 24.23483
0xDDDD, 1730293817, 30808267, 0309, 29.45053, 1.22249, 1.33531, 0.06447, 2.50220, 3.04051, 3.21216, 0.00000, 3.04938, 3.00828, 2.70044, 2.55297, 25.68750, 25.43750, 25.87500, 25.56250, 24.41391
0xDDDD, 1730293818, 30908262, 0310, 29.04761, 1.22249, 1.33531, 0.07978, 2.50300, 3.03648, 3.21780, 0.00000, 3.05179, 3.00828, 2.70044, 2.56344, 25.68750, 25.43750, 25.87500, 25.56250, 24.23483
0xDDDD, 1730293818, 31008269, 0311, 29.45053, 1.22249, 1.33531, 0.07011, 2.50300, 3.05018, 3.20168, 0.00000, 3.05099, 3.00828, 2.70044, 2.56103, 25.68750, 25.43750, 25.87500, 25.50000, 24.41391
0xDDDD, 1730293818, 31108273, 0312, 29.04761, 1.22249, 1.33531, 0.06527, 2.50220, 3.06066, 3.20088, 0.00000, 3.04696, 3.00828, 2.70044, 2.56264, 25.68750, 25.43750, 25.93750, 25.50000, 23.69760
0xDDDD, 1730293818, 31208270, 0313, 29.45053, 1.22249, 1.33370, 0.07656, 2.50139, 3.07114, 3.20571, 0.00000, 3.05099, 3.00828, 2.70125, 2.56022, 25.68750, 25.43750, 25.93750, 25.50000, 24.41391
0xDDDD, 1730293818, 31308265, 0314, 29.45053, 1.22249, 1.33531, 0.07897, 2.50059, 3.08081, 3.20974, 0.00000, 3.05099, 3.00828, 2.70125, 2.59648, 25.68750, 25.50000, 25.93750, 25.56250, 24.23483
0xDDDD, 1730293818, 31408281, 0315, 29.04761, 1.22249, 1.33451, 0.08059, 2.50220, 3.00747, 3.21458, 0.00000, 3.05099, 3.00828, 2.70125, 2.63436, 25.68750, 25.50000, 25.93750, 25.56250, 24.23483
0xDDDD, 1730293818, 31508270, 0316, 29.85349, 1.22249, 1.33612, 0.06447, 2.50139, 3.01714, 3.19927, 0.00000, 3.05179, 3.00828, 2.70125, 2.55941, 25.68750, 25.43750, 25.93750, 25.50000, 24.41391
0xDDDD, 1730293818, 31608274, 0317, 29.45053, 1.22249, 1.33531, 0.07253, 2.50220, 3.01392, 3.20410, 0.00000, 3.05099, 3.00828, 2.70044, 2.56022, 25.68750, 25.43750, 25.87500, 25.50000, 24.41391
0xDDDD, 1730293818, 31708279, 0318, 29.45053, 1.22249, 1.33531, 0.05963, 2.50220, 3.02037, 3.20249, 0.00000, 3.05179, 3.00828, 2.70044, 2.56022, 25.68750, 25.43750, 25.87500, 25.50000, 24.41391
0xDDDD, 1730293818, 31808276, 0319, 29.45053, 1.22249, 1.33451, 0.08059, 2.50300, 3.03245, 3.20733, 0.00000, 3.04857, 3.00828, 2.70125, 2.55861, 25.68750, 25.43750, 25.87500, 25.50000, 24.41391
0xDDDD, 1730293819, 31908270, 0320, 29.04761, 1.22249, 1.33531, 0.06205, 2.50139, 3.03971, 3.21136, 0.00000, 3.05341, 3.00747, 2.70125, 2.56344, 25.75000, 25.43750, 25.87500, 25.50000, 24.23483
0xDDDD, 1730293819, 32008273, 0321, 29.04761, 1.22249, 1.33531, 0.06286, 2.50220, 3.05099, 3.21619, 0.00000, 3.05179, 3.00828, 2.70044, 2.56183, 25.75000, 25.43750, 25.87500, 25.50000, 24.23483
0xDDDD, 1730293819, 32108275, 0322, 29.85349, 1.22249, 1.33612, 0.07736, 2.50220, 3.05985, 3.20007, 0.00000, 3.05179, 3.00828, 2.69963, 2.55538, 25.68750, 25.43750, 25.93750, 25.50000, 24.41391
0xDDDD, 1730293819, 32208266, 0323, 29.45053, 1.22249, 1.33531, 0.06689, 2.50220, 3.05421, 3.20410, 0.00000, 3.05260, 3.00828, 2.70044, 2.56344, 25.68750, 25.50000, 25.93750, 25.50000, 24.41391
0xDDDD, 1730293819, 32308278, 0324, 29.45053, 1.22249, 1.33531, 0.07656, 2.50220, 3.06147, 3.20168, 0.00000, 3.05179, 3.00828, 2.69963, 2.56264, 25.68750, 25.50000, 25.87500, 25.50000, 24.41391
0xDDDD, 1730293819, 32408290, 0325, 29.04761, 1.22168, 1.33612, 0.07414, 2.50220, 3.07033, 3.20652, 0.00000, 3.05260, 3.00828, 2.70044, 2.56022, 25.68750, 25.50000, 25.87500, 25.50000, 24.23483
0xDDDD, 1730293819, 32508274, 0326, 29.45053, 1.22249, 1.33531, 0.06689, 2.50220, 3.08000, 3.21055, 0.00000, 3.05099, 3.00828, 2.70125, 2.56344, 25.68750, 25.43750, 25.87500, 25.50000, 24.23483
0xDDDD, 1730293819, 32608282, 0327, 29.45053, 1.22249, 1.33531, 0.05883, 2.50300, 3.00425, 3.21538, 0.00000, 3.05260, 3.00828, 2.70044, 2.56505, 25.68750, 25.43750, 25.93750, 25.50000, 24.23483
0xDDDD, 1730293819, 32708285, 0328, 29.04761, 1.22168, 1.33531, 0.07172, 2.50220, 3.01150, 3.20007, 0.00000, 3.05260, 3.00828, 2.70205, 2.55297, 25.68750, 25.43750, 25.93750, 25.50000, 24.23483
0xDDDD, 1730293819, 32808284, 0329, 29.04761, 1.22249, 1.33531, 0.06205, 2.50220, 3.09370, 3.20410, 0.00000, 3.05099, 3.00828, 2.70125, 2.56022, 25.68750, 25.43750, 25.93750, 25.50000, 24.41391
0xDDDD, 1730293820, 32908283, 0330, 29.45053, 1.22249, 1.33531, 0.07656, 2.50220, 3.01150, 3.20330, 0.00000, 3.05099, 3.00828, 2.70044, 2.55941, 25.68750, 25.43750, 25.93750, 25.50000, 24.41391
0xDDDD, 1730293820, 33008301, 0331, 29.45053, 1.22168, 1.33612, 0.07011, 2.50220, 3.01634, 3.20733, 0.00000, 3.04293, 3.00828, 2.70125, 2.56022, 25.68750, 25.43750, 25.93750, 25.56250, 24.23483
0xDDDD, 1730293820, 33108258, 0332, 29.04761, 1.22168, 1.33451, 0.08059, 2.50300, 3.02117, 3.21136, 0.00000, 3.05018, 3.00828, 2.70044, 2.55861, 25.68750, 25.43750, 25.93750, 25.56250, 24.41391
0xDDDD, 1730293820, 33208287, 0333, 29.04761, 1.22249, 1.33531, 0.07092, 2.50220, 3.02440, 3.21538, 0.00000, 3.05179, 3.00828, 2.70044, 2.56183, 25.68750, 25.43750, 25.93750, 25.50000, 24.23483
0xDDDD, 1730293820, 33308285, 0334, 29.45053, 1.22249, 1.33531, 0.08059, 2.50220, 3.03004, 3.19927, 0.00000, 3.05099, 3.00828, 2.70125, 2.57473, 25.68750, 25.43750, 25.87500, 25.50000, 24.23483
0xDDDD, 1730293820, 33408288, 0335, 29.45053, 1.22249, 1.33531, 0.07011, 2.50139, 3.03245, 3.20330, 0.00000, 3.05341, 3.00828, 2.70044, 2.56103, 25.68750, 25.43750, 25.87500, 25.50000, 24.41391
0xDDDD, 1730293820, 33508276, 0336, 29.45053, 1.22249, 1.33451, 0.06930, 2.50139, 3.02198, 3.20813, 0.00000, 3.04615, 3.00828, 2.70044, 2.56183, 25.75000, 25.43750, 25.87500, 25.50000, 24.23483
0xDDDD, 1730293820, 33608288, 0337, 29.85349, 1.22249, 1.33612, 0.07333, 2.50220, 3.02601, 3.20410, 0.00000, 3.05341, 3.00828, 2.69963, 2.56022, 25.75000, 25.43750, 25.87500, 25.50000, 24.59299
0xDDDD, 1730293820, 33708252, 0338, 29.85349, 1.22249, 1.33531, 0.07414, 2.50220, 3.03004, 3.20894, 0.00000, 3.04857, 3.00828, 2.70044, 2.56103, 25.75000, 25.43750, 25.87500, 25.50000, 24.41391
0xDDDD, 1730293820, 33808292, 0339, 29.04761, 1.22249, 1.33531, 0.06125, 2.50220, 3.03487, 3.21377, 0.00000, 3.05260, 3.00828, 2.70125, 2.56183, 25.68750, 25.43750, 25.93750, 25.50000, 24.41391
0xDDDD, 1730293821, 33908262, 0340, 29.45053, 1.22249, 1.33531, 0.06366, 2.50220, 3.03971, 3.21619, 0.00000, 3.04454, 3.00828, 2.70044, 2.53443, 25.68750, 25.43750, 25.93750, 25.56250, 24.41391
0xDDDD, 1730293821, 34008290, 0341, 29.45053, 1.22249, 1.33531, 0.07253, 2.50300, 3.04615, 3.20168, 0.00000, 3.05099, 3.00747, 2.70044, 2.63033, 25.75000, 25.43750, 26.00000, 25.56250, 24.41391
0xDDDD, 1730293821, 34108266, 0342, 29.45053, 1.22249, 1.33531, 0.08381, 2.50220, 3.03648, 3.20491, 0.00000, 3.04777, 3.00828, 2.70044, 2.56344, 25.75000, 25.43750, 26.00000, 25.56250, 24.41391
0xDDDD, 1730293821, 34208294, 0343, 29.45053, 1.22249, 1.33451, 0.06608, 2.50220, 3.04374, 3.20330, 0.00000, 3.05260, 3.00828, 2.69963, 2.56264, 25.75000, 25.43750, 26.00000, 25.50000, 24.23483
0xDDDD, 1730293821, 34308282, 0344, 29.45053, 1.22168, 1.33531, 0.07092, 2.50220, 3.04696, 3.20652, 0.00000, 3.05179, 3.00828, 2.70044, 2.56183, 25.75000, 25.43750, 26.00000, 25.50000, 24.41391
0xDDDD, 1730293821, 34408283, 0345, 29.45053, 1.22249, 1.33531, 0.07736, 2.50220, 3.05099, 3.20974, 0.00000, 3.04938, 3.00828, 2.70125, 2.56022, 25.75000, 25.43750, 26.00000, 25.50000, 24.23483
0xDDDD, 1730293821, 34508258, 0346, 29.45053, 1.22249, 1.33531, 0.07978, 2.50220, 3.05502, 3.21297, 0.00000, 3.05099, 3.00828, 2.70044, 2.56747, 25.75000, 25.43750, 25.87500, 25.50000, 24.23483
0xDDDD, 1730293821, 34608283, 0347, 29.04761, 1.22249, 1.33531, 0.07414, 2.50220, 3.05744, 3.21780, 0.00000, 3.05099, 3.00828, 2.70205, 2.47319, 25.75000, 25.43750, 25.87500, 25.50000, 24.41391
0xDDDD, 1730293821, 34708260, 0348, 29.04761, 1.22168, 1.33451, 0.07978, 2.50220, 3.04454, 3.20088, 0.00000, 3.04696, 3.00828, 2.69963, 2.56344, 25.75000, 25.43750, 26.00000, 25.50000, 24.41391
0xDDDD, 1730293821, 34808291, 0349, 29.45053, 1.22168, 1.33531, 0.06769, 2.50220, 3.04696, 3.19927, 0.00000, 3.04857, 3.00747, 2.70125, 2.56264, 25.75000, 25.43750, 26.00000, 25.50000, 24.41391
0xDDDD, 1730293822, 34908283, 0350, 29.45053, 1.22249, 1.33531, 0.06930, 2.50220, 3.04615, 3.20330, 0.00000, 3.05099, 3.00828, 2.70044, 2.56103, 25.75000, 25.43750, 26.00000, 25.50000, 24.41391
0xDDDD, 1730293822, 35008268, 0351, 29.45053, 1.22168, 1.33612, 0.05963, 2.50220, 3.04777, 3.20733, 0.00081, 3.05260, 3.00828, 2.70125, 2.56103, 25.75000, 25.43750, 26.00000, 25.50000, 24.41391
0xDDDD, 1730293822, 35108262, 0352, 29.45053, 1.22249, 1.33531, 0.07172, 2.50220, 3.04938, 3.21136, 0.00000, 3.05179, 3.00828, 2.70125, 2.56103, 25.75000, 25.50000, 26.00000, 25.50000, 24.41391
0xDDDD, 1730293822, 35208297, 0353, 29.45053, 1.22249, 1.33531, 0.07333, 2.50220, 3.04857, 3.21458, 0.00000, 3.04938, 3.00828, 2.69963, 2.51187, 25.75000, 25.50000, 25.93750, 25.56250, 24.23483
0xDDDD, 1730293822, 35308265, 0354, 29.45053, 1.22249, 1.33451, 0.07736, 2.50220, 3.04615, 3.21861, 0.00000, 3.04938, 3.00747, 2.70125, 2.56264, 25.75000, 25.50000, 25.93750, 25.56250, 24.41391
0xDDDD, 1730293822, 35408290, 0355, 29.45053, 1.22249, 1.33531, 0.07414, 2.50220, 3.03084, 3.20168, 0.00000, 3.05018, 3.00828, 2.70044, 2.56103, 25.75000, 25.43750, 25.93750, 25.50000, 24.41391
0xDDDD, 1730293822, 35508260, 0356, 29.45053, 1.22249, 1.33451, 0.06930, 2.50220, 3.03084, 3.20007, 0.00000, 3.05099, 3.00828, 2.70205, 2.56103, 25.75000, 25.43750, 25.93750, 25.50000, 24.77207
0xDDDD, 1730293822, 35608290, 0357, 29.04761, 1.22168, 1.33531, 0.06689, 2.50220, 3.02923, 3.20410, 0.00000, 3.05341, 3.00828, 2.70044, 2.56022, 25.75000, 25.50000, 25.93750, 25.56250, 24.23483
0xDDDD, 1730293822, 35708268, 0358, 29.85349, 1.22168, 1.33531, 0.06608, 2.50220, 3.02681, 3.20652, 0.00000, 3.05179, 3.00828, 2.70125, 2.56425, 25.68750, 25.50000, 25.93750, 25.56250, 24.41391
0xDDDD, 1730293822, 35808291, 0359, 29.04761, 1.22168, 1.33451, 0.07172, 2.50220, 3.02681, 3.21136, 0.00000, 3.05260, 3.00828, 2.70125, 2.56505, 25.68750, 25.50000, 25.93750, 25.56250, 24.41391
0xDDDD, 1730293823, 35908268, 0360, 29.04761, 1.22249, 1.33531, 0.06286, 2.50220, 3.02440, 3.21458, 0.00000, 3.05179, 3.00828, 2.70044, 2.55861, 25.68750, 25.50000, 25.93750, 25.50000, 24.41391
0xDDDD, 1730293823, 36008290, 0361, 29.45053, 1.22168, 1.33531, 0.05560, 2.50220, 3.00828, 3.21700, 0.00000, 3.05179, 3.00828, 2.70125, 2.56022, 25.68750, 25.50000, 25.93750, 25.50000, 24.41391
0xDDDD, 1730293823, 36108271, 0362, 29.45053, 1.22249, 1.33451, 0.06447, 2.50220, 3.00667, 3.21538, 0.00000, 3.05099, 3.00828, 2.70286, 2.56586, 25.68750, 25.43750, 25.93750, 25.56250, 24.05576
0xDDDD, 1730293823, 36208278, 0363, 29.45053, 1.22168, 1.33612, 0.07011, 2.50220, 3.00505, 3.19927, 0.00000, 3.05018, 3.00828, 2.70125, 2.56183, 25.75000, 25.43750, 25.93750, 25.56250, 24.41391
0xDDDD, 1730293823, 36308260, 0364, 29.45053, 1.22249, 1.33853, 0.06366, 2.50220, 3.00586, 3.20168, 0.00000, 3.05099, 3.00747, 2.70125, 2.56022, 25.75000, 25.43750, 25.93750, 25.56250, 24.41391
0xDDDD, 1730293823, 36408283, 0365, 29.45053, 1.22249, 1.33531, 0.07575, 2.50220, 3.08403, 3.20571, 0.00000, 3.05260, 3.00828, 2.70125, 2.58601, 25.75000, 25.43750, 25.93750, 25.50000, 24.41391
0xDDDD, 1730293823, 36508262, 0366, 29.45053, 1.22249, 1.33531, 0.05802, 2.50220, 3.08161, 3.20894, 0.00000, 3.05099, 3.00828, 2.70125, 2.53604, 25.75000, 25.43750, 25.93750, 25.50000, 24.41391
0xDDDD, 1730293823, 36608279, 0367, 29.45053, 1.22249, 1.33531, 0.07495, 2.50220, 3.05985, 3.21216, 0.00000, 3.04615, 3.00828, 2.70125, 2.56183, 25.75000, 25.43750, 25.93750, 25.56250, 24.41391
0xDDDD, 1730293823, 36708270, 0368, 29.85349, 1.22249, 1.33531, 0.06769, 2.50300, 3.05663, 3.20974, 0.00000, 3.05260, 3.00747, 2.70044, 2.56183, 25.75000, 25.43750, 25.93750, 25.56250, 24.41391
0xDDDD, 1730293823, 36808280, 0369, 29.04761, 1.22249, 1.33451, 0.07092, 2.50220, 3.05260, 3.21297, 0.00000, 3.05179, 3.00828, 2.70125, 2.55941, 25.75000, 25.43750, 25.93750, 25.56250, 24.41391
0xDDDD, 1730293824, 36908268, 0370, 29.45053, 1.22249, 1.33612, 0.06608, 2.50220, 3.04857, 3.21619, 0.00000, 3.04938, 3.00747, 2.69963, 2.56183, 25.75000, 25.43750, 26.00000, 25.56250, 24.41391
0xDDDD, 1730293824, 37008276, 0371, 29.45053, 1.22249, 1.33531, 0.06044, 2.50220, 3.04454, 3.21861, 0.00000, 3.04535, 3.00828, 2.70125, 2.55780, 25.75000, 25.43750, 26.00000, 25.56250, 24.23483
0xDDDD, 1730293824, 37108271, 0372, 29.45053, 1.22249, 1.33531, 0.07011, 2.50220, 3.04132, 3.20168, 0.00000, 3.05179, 3.00747, 2.70125, 2.56505, 25.75000, 25.43750, 25.93750, 25.50000, 24.41391
0xDDDD, 1730293824, 37208282, 0373, 29.45053, 1.22249, 1.33451, 0.07575, 2.50220, 3.02117, 3.20491, 0.00000, 3.05099, 3.00828, 2.70044, 2.56344, 25.75000, 25.43750, 25.93750, 25.50000, 24.41391
0xDDDD, 1730293824, 37308268, 0374, 29.45053, 1.22249, 1.33451, 0.05883, 2.50300, 3.01634, 3.20813, 0.00000, 3.05179, 3.00828, 2.70125, 2.56264, 25.75000, 25.43750, 25.93750, 25.50000, 24.41391
0xDDDD, 1730293824, 37408275, 0375, 29.45053, 1.22249, 1.33531, 0.06850, 2.50300, 3.01231, 3.20571, 0.00000, 3.05099, 3.00828, 2.70044, 2.56183, 25.75000, 25.43750, 25.93750, 25.50000, 24.77207
0xDDDD, 1730293824, 37508274, 0376, 29.45053, 1.22249, 1.33531, 0.06205, 2.50220, 3.00908, 3.20813, 0.00000, 3.05179, 3.00828, 2.70044, 2.56022, 25.75000, 25.50000, 25.93750, 25.50000, 24.41391
0xDDDD, 1730293824, 37608256, 0377, 29.45053, 1.22249, 1.33531, 0.06366, 2.50220, 3.00747, 3.21136, 0.00000, 3.05099, 3.00828, 2.70044, 2.55861, 25.75000, 25.50000, 26.00000, 25.50000, 24.41391
0xDDDD, 1730293824, 37708279, 0378, 29.45053, 1.22249, 1.33531, 0.07253, 2.50220, 3.00425, 3.21538, 0.00000, 3.04615, 3.00828, 2.70125, 2.49575, 25.75000, 25.50000, 26.00000, 25.50000, 24.59299
0xDDDD, 1730293824, 37808260, 0379, 29.45053, 1.22249, 1.33531, 0.06850, 2.50220, 3.08806, 3.21780, 0.00000, 3.05099, 3.00828, 2.70205, 2.55861, 25.75000, 25.50000, 26.00000, 25.50000, 24.41391
0xDDDD, 1730293825, 37908251, 0380, 29.04761, 1.22249, 1.33531, 0.06044, 2.50220, 3.06388, 3.20168, 0.00081, 3.05179, 3.00747, 2.70044, 2.56264, 25.68750, 25.50000, 26.00000, 25.50000, 24.41391
0xDDDD, 1730293825, 38008267, 0381, 29.45053, 1.22249, 1.33531, 0.06286, 2.50220, 3.05905, 3.21619, 0.00000, 3.04535, 3.00828, 2.70044, 2.56022, 25.68750, 25.43750, 26.00000, 25.50000, 24.59299
0xDDDD, 1730293825, 38108271, 0382, 29.45053, 1.22249, 1.33531, 0.06930, 2.50220, 3.05824, 3.20410, 0.00000, 3.05018, 3.00828, 2.70044, 2.56022, 25.75000, 25.43750, 26.00000, 25.56250, 24.41391
0xDDDD, 1730293825, 38208282, 0383, 29.45053, 1.22249, 1.33531, 0.06689, 2.50220, 3.05260, 3.20733, 0.00000, 3.05099, 3.00828, 2.70125, 2.56344, 25.75000, 25.43750, 26.00000, 25.56250, 24.41391
0xDDDD, 1730293825, 38308271, 0384, 29.45053, 1.22249, 1.33531, 0.06527, 2.50220, 3.04696, 3.21055, 0.00000, 3.04696, 3.00828, 2.70125, 2.46190, 25.75000, 25.43750, 25.93750, 25.50000, 24.41391
0xDDDD, 1730293825, 38408263, 0385, 29.45053, 1.22249, 1.33612, 0.06689, 2.50220, 3.04212, 3.21377, 0.00000, 3.05099, 3.00828, 2.70125, 2.55861, 25.75000, 25.43750, 25.93750, 25.50000, 24.41391
0xDDDD, 1730293825, 38508276, 0386, 29.04761, 1.22168, 1.33531, 0.06447, 2.50220, 3.02359, 3.21619, 0.00000, 3.05179, 3.00828, 2.70044, 2.56344, 25.75000, 25.43750, 25.93750, 25.50000, 24.41391
0xDDDD, 1730293825, 38608265, 0387, 29.45053, 1.22249, 1.33451, 0.07172, 2.50220, 3.01795, 3.21377, 0.00000, 3.04938, 3.00828, 2.70044, 2.56425, 25.81250, 25.43750, 26.00000, 25.50000, 24.59299
0xDDDD, 1730293825, 38708288, 0388, 29.45053, 1.22088, 1.33612, 0.06689, 2.50220, 3.01392, 3.21700, 0.00000, 3.05179, 3.00828, 2.70044, 2.56103, 25.81250, 25.50000, 26.00000, 25.50000, 24.41391
0xDDDD, 1730293825, 38808257, 0389, 29.45053, 1.22249, 1.33531, 0.07253, 2.50059, 3.01150, 3.20007, 0.00000, 3.05018, 3.00828, 2.69963, 2.56264, 25.81250, 25.50000, 25.93750, 25.50000, 24.41391
0xDDDD, 1730293826, 38908257, 0390, 29.45053, 1.22249, 1.33531, 0.07253, 2.50220, 3.00828, 3.20249, 0.00000, 3.05179, 3.00828, 2.70044, 2.58278, 25.75000, 25.50000, 25.93750, 25.50000, 24.41391
0xDDDD, 1730293826, 39008291, 0391, 29.04761, 1.22249, 1.33612, 0.06286, 2.50300, 3.08484, 3.20571, 0.00000, 3.05179, 3.00828, 2.70125, 2.59084, 25.75000, 25.43750, 25.93750, 25.56250, 24.41391
0xDDDD, 1730293826, 39108279, 0392, 29.45053, 1.22249, 1.33612, 0.06608, 2.50220, 3.06066, 3.20813, 0.00000, 3.05260, 3.00828, 2.70044, 2.56183, 25.75000, 25.43750, 26.00000, 25.56250, 24.59299
0xDDDD, 1730293826, 39208248, 0393, 29.04761, 1.22249, 1.33531, 0.06689, 2.50220, 3.05260, 3.21055, 0.00000, 3.05018, 3.00828, 2.70125, 2.56344, 25.75000, 25.43750, 26.00000, 25.56250, 24.41391
0xDDDD, 1730293826, 39308278, 0394, 29.45053, 1.22249, 1.33451, 0.06689, 2.50220, 3.04696, 3.20652, 0.00000, 3.05018, 3.00828, 2.70044, 2.56264, 25.75000, 25.43750, 26.00000, 25.50000, 24.41391
0xDDDD, 1730293826, 39408249, 0395, 29.45053, 1.22249, 1.34498, 0.06205, 2.50139, 3.03810, 3.21055, 0.00000, 3.05179, 3.00747, 2.70044, 2.56425, 25.75000, 25.43750, 26.00000, 25.50000, 24.41391
0xDDDD, 1730293826, 39508255, 0396, 29.45053, 1.22249, 1.33531, 0.06286, 2.50220, 3.03407, 3.21297, 0.00000, 3.05179, 3.00828, 2.70044, 2.46352, 25.75000, 25.50000, 26.00000, 25.56250, 24.41391
0xDDDD, 1730293826, 39608280, 0397, 29.45053, 1.22249, 1.33531, 0.07253, 2.50300, 3.02601, 3.21619, 0.00000, 3.05099, 3.00828, 2.70044, 2.55780, 25.81250, 25.50000, 26.00000, 25.56250, 24.41391
0xDDDD, 1730293826, 39708279, 0398, 29.04761, 1.22168, 1.33531, 0.07414, 2.50220, 3.01875, 3.21861, 0.00000, 3.05018, 3.00828, 2.70205, 2.56264, 25.81250, 25.43750, 26.00000, 25.50000, 24.41391
0xDDDD, 1730293826, 39808273, 0399, 29.04761, 1.22249, 1.33451, 0.07011, 2.50220, 3.07678, 3.20088, 0.00000, 3.05099, 3.00908, 2.70125, 2.56183, 25.75000, 25.43750, 26.00000, 25.50000, 24.41391
0xDDDD, 1730293827, 39908267, 0400, 29.45053, 1.22249, 1.33531, 0.06689, 2.50220, 3.06872, 3.21700, 0.00000, 3.05179, 3.00828, 2.70044, 2.56103, 25.75000, 25.43750, 26.00000, 25.50000, 24.41391
0xDDDD, 1730293827, 40008265, 0401, 29.45053, 1.22249, 1.33531, 0.07656, 2.50300, 3.05824, 3.19846, 0.00000, 3.05179, 3.00828, 2.70125, 2.56505, 25.75000, 25.50000, 26.00000, 25.56250, 24.41391
0xDDDD, 1730293827, 40108268, 0402, 29.85349, 1.22249, 1.33531, 0.07172, 2.50220, 3.04696, 3.20168, 0.00000, 3.05018, 3.00828, 2.70044, 2.56344, 25.75000, 25.50000, 26.00000, 25.56250, 24.41391
0xDDDD, 1730293827, 40208262, 0403, 29.45053, 1.22249, 1.33451, 0.06447, 2.50220, 3.03890, 3.20330, 0.00081, 3.04938, 3.00828, 2.70125, 2.53604, 25.75000, 25.50000, 26.00000, 25.56250, 24.41391
0xDDDD, 1730293827, 40308263, 0404, 29.45053, 1.22249, 1.33531, 0.06850, 2.50300, 3.02842, 3.20652, 0.00000, 3.05099, 3.00828, 2.70205, 2.57150, 25.75000, 25.50000, 26.00000, 25.56250, 24.41391
0xDDDD, 1730293827, 40408253, 0405, 29.45053, 1.22249, 1.33531, 0.06689, 2.50300, 3.00505, 3.20894, 0.00000, 3.05099, 3.00828, 2.70044, 2.56264, 25.75000, 25.50000, 26.00000, 25.56250, 24.41391
0xDDDD, 1730293827, 40508285, 0406, 29.04761, 1.22249, 1.33531, 0.06689, 2.50300, 3.07839, 3.20410, 0.00000, 3.04938, 3.00828, 2.70125, 2.56103, 25.75000, 25.50000, 26.06250, 25.50000, 24.41391
0xDDDD, 1730293827, 40608272, 0407, 29.45053, 1.22249, 1.33451, 0.06286, 2.50220, 3.06630, 3.20733, 0.00000, 3.05099, 3.00828, 2.70044, 2.56264, 25.81250, 25.50000, 26.06250, 25.50000, 24.41391
0xDDDD, 1730293827, 40708269, 0408, 29.45053, 1.22249, 1.33692, 0.06366, 2.50220, 3.05502, 3.20894, 0.00000, 3.04777, 3.00828, 2.70044, 2.56264, 25.81250, 25.50000, 26.00000, 25.56250, 24.41391
0xDDDD, 1730293827, 40808256, 0409, 29.45053, 1.22249, 1.33451, 0.07414, 2.50220, 3.04696, 3.21136, 0.00000, 3.05260, 3.00828, 2.70044, 2.56747, 25.81250, 25.50000, 26.00000, 25.56250, 24.41391
0xDDDD, 1730293828, 40908272, 0410, 29.04761, 1.22168, 1.33451, 0.07253, 2.50220, 3.03810, 3.21297, 0.00000, 3.05099, 3.00828, 2.70125, 2.59890, 25.81250, 25.50000, 26.00000, 25.50000, 24.59299
0xDDDD, 1730293828, 41008256, 0411, 29.45053, 1.22249, 1.33531, 0.06689, 2.50139, 3.01150, 3.21619, 0.00000, 3.05099, 3.00828, 2.70125, 2.56103, 25.81250, 25.50000, 26.00000, 25.50000, 24.59299
0xDDDD, 1730293828, 41108268, 0412, 29.04761, 1.22249, 1.33451, 0.06205, 2.50300, 3.09853, 3.21136, 0.00000, 3.05099, 3.00828, 2.70125, 2.56264, 25.81250, 25.50000, 26.00000, 25.50000, 24.41391
0xDDDD, 1730293828, 41208266, 0413, 29.45053, 1.22249, 1.33531, 0.09106, 2.50220, 3.07355, 3.21297, 0.00000, 3.05099, 3.00828, 2.70125, 2.55780, 25.81250, 25.50000, 26.00000, 25.50000, 24.41391
0xDDDD, 1730293828, 41308274, 0414, 29.45053, 1.22249, 1.33612, 0.06930, 2.50220, 3.06469, 3.21458, 0.00000, 3.05099, 3.00828, 2.70044, 2.55941, 25.81250, 25.50000, 26.00000, 25.50000, 24.41391
0xDDDD, 1730293828, 41408254, 0415, 29.45053, 1.22249, 1.33612, 0.06286, 2.50220, 3.05260, 3.21619, 0.00000, 3.05260, 3.00828, 2.70044, 2.64484, 25.81250, 25.43750, 26.00000, 25.50000, 24.59299
0xDDDD, 1730293828, 41508277, 0416, 29.45053, 1.22249, 1.33531, 0.06447, 2.50300, 3.03971, 3.21861, 0.00000, 3.05179, 3.00828, 2.70125, 2.57956, 25.75000, 25.43750, 26.06250, 25.50000, 24.41391
0xDDDD, 1730293828, 41608263, 0417, 29.45053, 1.22249, 1.33531, 0.06527, 2.50220, 3.02601, 3.20007, 0.00000, 3.05179, 3.00828, 2.70125, 2.55941, 25.75000, 25.43750, 26.06250, 25.50000, 24.41391
0xDDDD, 1730293828, 41708281, 0418, 29.45053, 1.22249, 1.33531, 0.06930, 2.50220, 3.08000, 3.20168, 0.00000, 3.05260, 3.00828, 2.70125, 2.56022, 25.75000, 25.43750, 26.00000, 25.56250, 24.41391
0xDDDD, 1730293828, 41808248, 0419, 29.45053, 1.22249, 1.33612, 0.07414, 2.50300, 3.06630, 3.21780, 0.00000, 3.05099, 3.00828, 2.70125, 2.56103, 25.81250, 25.43750, 26.00000, 25.56250, 24.95115
0xDDDD, 1730293829, 41908267, 0420, 29.45053, 1.22249, 1.33451, 0.08623, 2.50220, 3.05179, 3.20088, 0.00000, 3.04938, 3.00908, 2.70125, 2.55700, 25.81250, 25.50000, 26.00000, 25.56250, 24.59299
0xDDDD, 1730293829, 42008266, 0421, 29.45053, 1.22249, 1.33451, 0.07575, 2.50220, 3.03729, 3.20330, 0.00000, 3.05179, 3.00908, 2.70044, 2.55780, 25.81250, 25.50000, 26.06250, 25.56250, 24.41391
0xDDDD, 1730293829, 42108273, 0422, 29.04761, 1.22249, 1.33531, 0.06527, 2.50220, 3.02440, 3.20491, 0.00000, 3.05099, 3.00828, 2.70125, 2.49736, 25.81250, 25.50000, 26.06250, 25.56250, 24.41391
0xDDDD, 1730293829, 42208255, 0423, 29.45053, 1.22249, 1.33531, 0.07253, 2.50139, 3.00989, 3.20652, 0.00000, 3.04857, 3.00747, 2.70044, 2.56747, 25.81250, 25.50000, 26.06250, 25.50000, 24.41391
0xDDDD, 1730293829, 42308279, 0424, 29.04761, 1.22249, 1.33451, 0.06205, 2.50220, 3.06388, 3.20813, 0.00000, 3.05179, 3.00828, 2.70044, 2.56264, 25.81250, 25.50000, 26.06250, 25.50000, 24.41391
0xDDDD, 1730293829, 42408261, 0425, 29.45053, 1.22168, 1.33451, 0.07575, 2.50300, 3.04938, 3.20410, 0.00000, 3.05099, 3.00908, 2.70286, 2.56022, 25.81250, 25.43750, 26.00000, 25.50000, 24.41391
0xDDDD, 1730293829, 42508286, 0426, 29.45053, 1.22249, 1.33531, 0.07656, 2.50220, 3.03326, 3.20571, 0.00000, 3.05179, 3.00828, 2.70205, 2.55780, 25.81250, 25.43750, 26.00000, 25.50000, 24.23483
0xDDDD, 1730293829, 42608254, 0427, 29.04761, 1.22249, 1.33531, 0.06125, 2.50220, 3.01956, 3.20813, 0.00000, 3.05099, 3.00828, 2.70125, 2.56183, 25.81250, 25.43750, 26.00000, 25.56250, 24.41391
0xDDDD, 1730293829, 42708274, 0428, 29.04761, 1.22249, 1.33531, 0.06125, 2.50220, 3.00425, 3.20974, 0.00000, 3.04938, 3.00828, 2.70205, 2.55861, 25.81250, 25.43750, 26.00000, 25.56250, 24.41391
0xDDDD, 1730293829, 42808256, 0429, 29.45053, 1.22249, 1.33531, 0.06769, 2.50300, 3.06791, 3.21216, 0.00000, 3.05179, 3.00828, 2.70125, 2.57150, 25.81250, 25.43750, 26.00000, 25.56250, 24.41391
0xDDDD, 1730293830, 42908272, 0430, 29.45053, 1.22249, 1.33612, 0.07172, 2.50220, 3.03568, 3.21619, 0.00000, 3.05018, 3.00828, 2.70205, 2.55941, 25.81250, 25.50000, 26.00000, 25.56250, 24.41391
0xDDDD, 1730293830, 43008267, 0431, 29.45053, 1.22249, 1.33451, 0.08381, 2.50220, 3.01795, 3.21055, 0.00000, 3.04615, 3.00828, 2.70044, 2.56183, 25.81250, 25.50000, 26.00000, 25.56250, 24.59299
0xDDDD, 1730293830, 43108280, 0432, 29.45053, 1.22249, 1.33451, 0.06930, 2.50220, 3.10015, 3.21297, 0.00000, 3.04535, 3.00828, 2.69963, 2.56022, 25.81250, 25.50000, 26.00000, 25.56250, 24.41391
0xDDDD, 1730293830, 43208258, 0433, 29.04761, 1.22249, 1.33451, 0.07817, 2.50220, 3.07114, 3.21377, 0.00000, 3.05260, 3.00828, 2.70205, 2.55780, 25.81250, 25.50000, 26.06250, 25.56250, 24.41391
0xDDDD, 1730293830, 43308270, 0434, 29.04761, 1.22249, 1.33531, 0.07253, 2.50300, 3.05341, 3.21619, 0.00000, 3.05260, 3.00828, 2.70044, 2.55216, 25.81250, 25.50000, 26.06250, 25.56250, 24.41391
0xDDDD, 1730293830, 43408261, 0435, 29.45053, 1.22249, 1.33612, 0.06608, 2.50220, 3.03648, 3.21700, 0.00000, 3.05179, 3.00828, 2.70125, 2.55619, 25.81250, 25.50000, 26.06250, 25.56250, 24.41391
0xDDDD, 1730293830, 43508271, 0436, 29.04761, 1.22249, 1.33531, 0.06125, 2.50300, 3.00667, 3.21861, 0.00000, 3.05099, 3.00828, 2.70125, 2.55941, 25.81250, 25.50000, 26.06250, 25.56250, 24.59299
0xDDDD, 1730293830, 43608261, 0437, 29.04761, 1.22330, 1.33612, 0.06769, 2.50220, 3.07033, 3.20007, 0.00000, 3.05260, 3.00828, 2.70205, 2.56103, 25.81250, 25.50000, 26.06250, 25.56250, 24.59299
0xDDDD, 1730293830, 43708283, 0438, 29.45053, 1.22249, 1.33531, 0.07011, 2.50300, 3.05341, 3.21700, 0.00000, 3.05179, 3.00828, 2.70125, 2.56103, 25.81250, 25.50000, 26.06250, 25.56250, 25.13023
0xDDDD, 1730293830, 43808263, 0439, 29.45053, 1.22249, 1.33531, 0.07978, 2.50220, 3.03487, 3.19846, 0.00000, 3.05018, 3.00828, 2.70125, 2.55941, 25.81250, 25.50000, 26.06250, 25.56250, 24.59299
0xDDDD, 1730293831, 43908279, 0440, 29.04761, 1.22249, 1.33531, 0.07253, 2.50300, 3.01714, 3.20007, 0.00000, 3.05099, 3.00828, 2.70044, 2.63597, 25.81250, 25.50000, 26.00000, 25.56250, 24.41391
0xDDDD, 1730293831, 44008272, 0441, 29.45053, 1.22249, 1.33531, 0.06850, 2.50220, 3.08000, 3.20168, 0.00000, 3.05179, 3.00828, 2.70125, 2.53201, 25.87500, 25.50000, 26.00000, 25.56250, 24.41391
0xDDDD, 1730293831, 44108264, 0442, 29.45053, 1.22249, 1.33531, 0.06447, 2.50220, 3.06308, 3.20249, 0.00000, 3.05179, 3.00828, 2.70125, 2.55861, 25.87500, 25.50000, 26.06250, 25.56250, 24.41391
0xDDDD, 1730293831, 44208266, 0443, 29.45053, 1.22249, 1.33531, 0.09751, 2.50220, 3.03084, 3.20330, 0.00000, 3.05260, 3.00828, 2.70044, 2.55941, 25.81250, 25.50000, 26.06250, 25.56250, 24.41391
0xDDDD, 1730293831, 44308256, 0444, 29.45053, 1.22249, 1.33531, 0.06447, 2.50220, 3.01311, 3.20007, 0.00000, 3.05018, 3.00828, 2.70044, 2.56183, 25.81250, 25.50000, 26.06250, 25.50000, 24.59299
0xDDDD, 1730293831, 44408268, 0445, 29.45053, 1.22330, 1.33612, 0.05963, 2.50300, 3.07758, 3.20007, 0.00000, 3.05179, 3.00828, 2.70044, 2.56425, 25.81250, 25.50000, 26.06250, 25.50000, 24.59299
0xDDDD, 1730293831, 44508284, 0446, 29.45053, 1.22330, 1.33612, 0.06125, 2.50220, 3.05502, 3.20088, 0.00000, 3.05260, 3.00908, 2.70044, 2.56425, 25.81250, 25.50000, 26.06250, 25.50000, 24.41391
0xDDDD, 1730293831, 44608274, 0447, 29.45053, 1.22249, 1.33531, 0.07414, 2.50220, 3.03810, 3.20330, 0.00000, 3.05018, 3.00828, 2.70125, 2.52154, 25.81250, 25.50000, 26.06250, 25.50000, 24.41391
0xDDDD, 1730293831, 44708255, 0448, 29.45053, 1.22249, 1.33531, 0.06689, 2.50220, 3.01795, 3.20410, 0.00000, 3.05099, 3.00828, 2.70044, 2.55780, 25.87500, 25.50000, 26.06250, 25.50000, 24.41391
0xDDDD, 1730293831, 44808267, 0449, 29.45053, 1.22249, 1.33451, 0.06689, 2.50220, 3.06388, 3.20491, 0.00000, 3.05018, 3.00828, 2.70125, 2.56183, 25.87500, 25.50000, 26.06250, 25.56250, 24.41391
0xDDDD, 1730293832, 44908261, 0450, 29.45053, 1.22249, 1.33612, 0.08300, 2.50220, 3.04293, 3.20813, 0.00000, 3.05260, 3.00828, 2.70125, 2.55700, 25.81250, 25.50000, 26.06250, 25.56250, 24.59299
0xDDDD, 1730293832, 45008268, 0451, 29.45053, 1.22168, 1.31919, 0.06608, 2.50220, 3.02278, 3.19927, 0.00000, 3.05179, 3.00828, 2.70125, 2.56344, 25.81250, 25.50000, 26.06250, 25.56250, 24.59299
0xDDDD, 1730293832, 45108258, 0452, 29.45053, 1.22249, 1.33451, 0.07736, 2.50300, 3.00505, 3.20088, 0.00000, 3.05179, 3.00828, 2.70044, 2.55941, 25.81250, 25.50000, 26.06250, 25.56250, 24.59299
0xDDDD, 1730293832, 45208270, 0453, 29.45053, 1.22249, 1.33531, 0.07172, 2.50300, 3.06469, 3.20168, 0.00000, 3.04615, 3.00828, 2.70044, 2.58198, 25.81250, 25.50000, 26.06250, 25.56250, 24.41391
0xDDDD, 1730293832, 45308291, 0454, 29.04761, 1.22249, 1.33531, 0.07253, 2.50300, 3.04615, 3.20249, 0.00000, 3.05018, 3.00828, 2.70044, 2.55216, 25.81250, 25.43750, 26.06250, 25.56250, 24.41391
0xDDDD, 1730293832, 45408272, 0455, 29.45053, 1.22249, 1.33531, 0.07253, 2.50220, 3.00747, 3.20249, 0.00000, 3.05179, 3.00828, 2.69963, 2.56505, 25.87500, 25.43750, 26.06250, 25.56250, 24.59299
0xDDDD, 1730293832, 45508256, 0456, 29.45053, 1.22249, 1.33531, 0.07011, 2.50220, 3.06711, 3.20410, 0.00081, 3.05018, 3.00828, 2.70125, 2.56103, 25.87500, 25.50000, 26.06250, 25.56250, 24.59299
0xDDDD, 1730293832, 45608274, 0457, 29.45053, 1.22249, 1.33451, 0.07736, 2.50300, 3.04535, 3.21861, 0.00000, 3.05341, 3.00828, 2.70205, 2.56022, 25.87500, 25.50000, 26.00000, 25.56250, 24.41391
0xDDDD, 1730293832, 45708256, 0458, 29.45053, 1.22249, 1.33451, 0.05963, 2.50220, 3.02601, 3.21861, 0.00000, 3.05341, 3.00828, 2.70205, 2.56022, 25.81250, 25.50000, 26.00000, 25.56250, 24.59299
0xDDDD, 1730293832, 45808274, 0459, 28.64468, 1.22249, 1.33531, 0.06125, 2.50220, 3.07436, 3.21861, 0.00000, 3.05260, 3.00828, 2.70044, 2.56908, 25.81250, 25.50000, 26.00000, 25.56250, 24.59299
0xDDDD, 1730293833, 45908266, 0460, 29.45053, 1.22330, 1.33531, 0.07495, 2.50220, 3.05985, 3.20088, 0.00081, 3.05260, 3.00828, 2.70044, 2.60051, 25.87500, 25.50000, 26.00000, 25.56250, 24.59299
0xDDDD, 1730293833, 46008278, 0461, 29.04761, 1.22249, 1.33531, 0.06205, 2.50300, 3.03568, 3.20088, 0.00000, 3.05018, 3.00828, 2.70044, 2.56103, 25.87500, 25.50000, 26.06250, 25.56250, 24.41391
0xDDDD, 1730293833, 46108259, 0462, 29.45053, 1.22249, 1.33531, 0.07253, 2.50220, 3.07839, 3.20088, 0.00081, 3.04938, 3.00828, 2.70125, 2.56103, 25.81250, 25.50000, 26.06250, 25.56250, 24.41391
0xDDDD, 1730293833, 46208275, 0463, 29.04761, 1.22249, 1.33531, 0.06608, 2.50300, 3.05582, 3.21538, 0.00000, 3.04857, 3.00828, 2.70044, 2.56344, 25.81250, 25.50000, 26.06250, 25.56250, 24.41391
0xDDDD, 1730293833, 46308261, 0464, 29.45053, 1.22249, 1.33451, 0.07414, 2.50220, 3.03004, 3.21619, 0.00000, 3.04938, 3.00828, 2.70044, 2.55941, 25.81250, 25.50000, 26.06250, 25.62500, 24.41391
0xDDDD, 1730293833, 46408282, 0465, 29.45053, 1.22249, 1.33531, 0.06447, 2.50220, 3.00586, 3.21538, 0.00000, 3.05099, 3.00828, 2.70125, 2.56103, 25.81250, 25.50000, 26.06250, 25.62500, 24.59299
0xDDDD, 1730293833, 46508271, 0466, 29.45053, 1.22249, 1.33531, 0.06527, 2.50300, 3.05985, 3.21619, 0.00000, 3.04535, 3.00828, 2.70125, 2.54330, 25.81250, 25.50000, 26.06250, 25.56250, 24.59299
0xDDDD, 1730293833, 46608266, 0467, 29.45053, 1.22249, 1.33451, 0.06527, 2.50220, 3.03648, 3.21700, 0.00000, 3.05099, 3.00828, 2.70044, 2.56747, 25.87500, 25.50000, 26.06250, 25.56250, 24.41391
0xDDDD, 1730293833, 46708264, 0468, 29.45053, 1.22249, 1.33612, 0.07172, 2.50300, 3.07597, 3.21619, 0.00000, 3.05179, 3.00828, 2.70205, 2.55941, 25.87500, 25.43750, 26.06250, 25.56250, 24.41391
0xDDDD, 1730293833, 46808277, 0469, 29.45053, 1.22249, 1.33612, 0.05319, 2.50300, 3.04938, 3.20894, 0.00000, 3.04938, 3.00828, 2.70125, 2.56103, 25.87500, 25.43750, 26.06250, 25.56250, 24.41391
0xDDDD, 1730293834, 46908266, 0470, 29.45053, 1.22249, 1.33531, 0.07575, 2.50300, 3.02278, 3.20974, 0.00000, 3.05099, 3.00828, 2.70205, 2.56103, 25.87500, 25.43750, 26.06250, 25.56250, 24.59299
0xDDDD, 1730293834, 47008282, 0471, 29.45053, 1.22249, 1.33612, 0.07656, 2.50220, 3.08000, 3.20894, 0.00000, 3.05179, 3.00828, 2.70044, 2.56425, 25.87500, 25.50000, 26.06250, 25.56250, 24.41391
0xDDDD, 1730293834, 47108267, 0472, 29.04761, 1.22168, 1.33531, 0.07092, 2.50220, 3.05099, 3.20974, 0.00000, 3.04938, 3.00908, 2.70125, 2.54491, 25.87500, 25.50000, 26.06250, 25.56250, 24.59299
0xDDDD, 1730293834, 47208279, 0473, 29.04761, 1.22249, 1.33451, 0.07897, 2.50300, 3.02520, 3.21055, 0.00000, 3.05179, 3.00828, 2.70125, 2.59245, 25.87500, 25.50000, 26.06250, 25.56250, 24.59299
0xDDDD, 1730293834, 47308268, 0474, 29.45053, 1.22168, 1.33612, 0.06608, 2.50300, 3.06308, 3.21055, 0.00000, 3.05179, 3.00828, 2.70125, 2.56344, 25.87500, 25.50000, 26.06250, 25.56250, 24.59299
0xDDDD, 1730293834, 47408274, 0475, 29.45053, 1.22249, 1.33531, 0.06286, 2.50300, 3.03568, 3.20491, 0.00000, 3.05179, 3.00828, 2.70125, 2.56425, 25.87500, 25.50000, 26.06250, 25.56250, 24.59299
0xDDDD, 1730293834, 47508271, 0476, 29.04761, 1.22249, 1.33451, 0.05963, 2.50300, 3.00989, 3.20491, 0.00000, 3.05099, 3.00828, 2.70044, 2.56183, 25.87500, 25.50000, 26.06250, 25.56250, 24.59299
0xDDDD, 1730293834, 47608268, 0477, 29.45053, 1.22249, 1.33531, 0.07172, 2.50220, 3.06227, 3.20491, 0.00000, 3.04777, 3.00828, 2.70044, 2.56103, 25.87500, 25.50000, 26.06250, 25.56250, 24.59299
0xDDDD, 1730293834, 47708272, 0478, 29.04761, 1.22249, 1.33612, 0.06366, 2.50220, 3.03165, 3.20491, 0.00000, 3.05341, 3.00828, 2.70125, 2.56505, 25.87500, 25.50000, 26.12500, 25.56250, 24.59299
0xDDDD, 1730293834, 47808292, 0479, 29.45053, 1.22249, 1.33531, 0.06689, 2.50300, 3.00667, 3.20491, 0.00000, 3.05179, 3.00828, 2.70205, 2.54652, 25.87500, 25.50000, 26.12500, 25.56250, 24.59299
0xDDDD, 1730293835, 47908274, 0480, 29.45053, 1.22249, 1.33612, 0.06527, 2.50300, 3.06147, 3.20491, 0.00000, 3.04615, 3.00828, 2.70205, 2.55861, 25.87500, 25.50000, 26.12500, 25.56250, 24.59299
0xDDDD, 1730293835, 48008268, 0481, 29.45053, 1.22249, 1.33451, 0.06527, 2.50220, 3.01795, 3.20491, 0.00000, 3.05179, 3.00828, 2.70125, 2.56264, 25.87500, 25.50000, 26.12500, 25.56250, 24.59299
0xDDDD, 1730293835, 48108273, 0482, 29.45053, 1.22249, 1.33531, 0.06527, 2.50300, 3.07033, 3.20410, 0.00000, 3.05099, 3.00828, 2.70044, 2.56425, 25.87500, 25.50000, 26.12500, 25.56250, 24.95115
0xDDDD, 1730293835, 48208267, 0483, 29.45053, 1.22249, 1.36916, 0.06608, 2.50300, 3.04051, 3.21861, 0.00000, 3.05260, 3.00828, 2.70125, 2.56183, 25.87500, 25.50000, 26.12500, 25.56250, 24.59299
0xDDDD, 1730293835, 48308276, 0484, 29.85349, 1.22249, 1.33612, 0.06608, 2.50220, 3.01231, 3.19927, 0.00000, 3.04696, 3.00828, 2.70044, 2.56344, 25.87500, 25.50000, 26.12500, 25.56250, 24.59299
0xDDDD, 1730293835, 48408276, 0485, 29.45053, 1.22249, 1.33531, 0.07011, 2.50220, 3.06549, 3.21941, 0.00000, 3.04938, 3.00828, 2.70125, 2.58762, 25.87500, 25.50000, 26.12500, 25.56250, 24.59299
0xDDDD, 1730293835, 48508279, 0486, 29.45053, 1.22249, 1.33612, 0.06366, 2.50220, 3.03568, 3.21941, 0.00000, 3.05179, 3.00908, 2.70044, 2.55941, 25.87500, 25.50000, 26.12500, 25.56250, 24.59299
0xDDDD, 1730293835, 48608272, 0487, 29.85349, 1.22249, 1.33531, 0.06366, 2.50300, 3.07436, 3.21861, 0.00000, 3.05018, 3.00828, 2.70125, 2.56022, 25.87500, 25.50000, 26.12500, 25.56250, 24.59299
0xDDDD, 1730293835, 48708279, 0488, 29.45053, 1.22249, 1.33531, 0.08300, 2.50220, 3.04535, 3.21377, 0.00000, 3.04535, 3.00828, 2.70125, 2.56022, 25.87500, 25.56250, 26.06250, 25.56250, 24.59299
0xDDDD, 1730293835, 48808281, 0489, 29.45053, 1.22249, 1.33531, 0.07092, 2.50300, 3.01634, 3.21216, 0.00000, 3.05018, 3.00828, 2.70044, 2.56425, 25.87500, 25.56250, 26.06250, 25.56250, 24.59299
0xDDDD, 1730293836, 48908281, 0490, 29.04761, 1.22249, 1.35143, 0.07253, 2.50220, 3.07194, 3.21136, 0.00000, 3.05179, 3.00828, 2.70205, 2.56183, 25.87500, 25.50000, 26.12500, 25.56250, 24.59299
0xDDDD, 1730293836, 49008278, 0491, 29.45053, 1.22249, 1.33612, 0.06930, 2.50300, 3.04132, 3.21136, 0.00000, 3.05179, 3.00828, 2.70125, 2.58037, 25.87500, 25.50000, 26.12500, 25.56250, 24.59299
0xDDDD, 1730293836, 49108283, 0492, 29.45053, 1.22249, 1.33531, 0.06527, 2.50220, 3.01150, 3.21055, 0.00000, 3.05099, 3.00828, 2.70044, 2.56425, 25.87500, 25.50000, 26.12500, 25.56250, 24.59299
0xDDDD, 1730293836, 49208259, 0493, 29.45053, 1.22249, 1.33531, 0.08300, 2.50220, 3.04696, 3.21055, 0.00000, 3.05179, 3.00828, 2.70044, 2.56425, 25.87500, 25.50000, 26.12500, 25.56250, 24.59299
0xDDDD, 1730293836, 49308296, 0494, 29.45053, 1.22330, 1.33451, 0.07575, 2.50300, 3.01553, 3.20330, 0.00000, 3.05099, 3.00828, 2.69963, 2.56103, 25.87500, 25.50000, 26.12500, 25.56250, 24.59299
0xDDDD, 1730293836, 49408282, 0495, 29.45053, 1.22249, 1.33370, 0.06447, 2.50220, 3.06469, 3.20330, 0.00000, 3.05099, 3.00828, 2.70125, 2.56344, 25.87500, 25.50000, 26.12500, 25.56250, 24.59299
0xDDDD, 1730293836, 49508286, 0496, 29.45053, 1.22249, 1.33451, 0.08059, 2.50220, 3.03407, 3.20249, 0.00000, 3.05099, 3.00828, 2.70125, 2.56103, 25.93750, 25.50000, 26.12500, 25.56250, 24.59299
0xDDDD, 1730293836, 49608260, 0497, 29.45053, 1.22249, 1.33531, 0.06930, 2.50300, 3.08322, 3.20168, 0.00000, 3.05260, 3.00828, 2.70125, 2.56022, 25.93750, 25.50000, 26.12500, 25.56250, 24.59299
0xDDDD, 1730293836, 49708288, 0498, 29.45053, 1.22249, 1.33451, 0.07897, 2.50220, 3.04615, 3.20249, 0.00000, 3.05179, 3.00828, 2.70205, 2.57392, 25.93750, 25.50000, 26.12500, 25.56250, 24.59299
0xDDDD, 1730293836, 49808257, 0499, 29.45053, 1.22249, 1.33451, 0.07414, 2.50220, 3.01634, 3.20088, 0.00000, 3.05018, 3.00828, 2.70044, 2.56425, 25.87500, 25.50000, 26.12500, 25.56250, 24.59299
0xDDDD, 1730293837, 49908290, 0500, 29.45053, 1.22249, 1.33531, 0.07172, 2.50220, 3.04777, 3.20007, 0.00000, 3.04535, 3.00828, 2.70125, 2.56103, 25.87500, 25.50000, 26.12500, 25.56250, 24.59299
0xDDDD, 1730293837, 50008261, 0501, 29.85349, 1.22249, 1.33531, 0.05319, 2.50220, 3.01795, 3.21297, 0.00000, 3.05099, 3.00828, 2.70125, 2.56022, 25.87500, 25.50000, 26.12500, 25.56250, 25.13023
0xDDDD, 1730293837, 50108291, 0502, 29.45053, 1.22249, 1.33451, 0.06689, 2.50220, 3.06388, 3.21216, 0.00000, 3.05179, 3.00828, 2.70125, 2.56264, 25.87500, 25.50000, 26.12500, 25.50000, 24.59299
0xDDDD, 1730293837, 50208277, 0503, 29.45053, 1.22249, 1.33531, 0.06366, 2.50220, 3.02923, 3.21136, 0.00000, 3.05260, 3.00828, 2.70205, 2.57150, 25.87500, 25.50000, 26.12500, 25.50000, 24.59299
0xDDDD, 1730293837, 50308299, 0504, 29.45053, 1.22249, 1.33531, 0.06366, 2.50300, 3.07597, 3.20974, 0.00000, 3.04857, 3.00828, 2.70044, 2.51993, 25.87500, 25.50000, 26.12500, 25.50000, 24.41391
0xDDDD, 1730293837, 50408268, 0505, 29.45053, 1.22249, 1.33531, 0.06366, 2.50300, 3.04132, 3.20974, 0.00000, 3.05099, 3.00828, 2.70125, 2.55941, 25.87500, 25.50000, 26.12500, 25.56250, 24.59299
0xDDDD, 1730293837, 50508291, 0506, 29.04761, 1.22330, 1.33612, 0.05963, 2.50220, 3.07516, 3.20894, 0.00000, 3.05099, 3.00828, 2.70125, 2.56264, 25.93750, 25.50000, 26.12500, 25.56250, 24.59299
0xDDDD, 1730293837, 50608268, 0507, 29.45053, 1.22249, 1.33531, 0.06286, 2.50220, 3.04051, 3.20168, 0.00000, 3.04938, 3.00828, 2.69963, 2.56264, 25.93750, 25.50000, 26.12500, 25.56250, 24.59299
0xDDDD, 1730293837, 50708290, 0508, 29.45053, 1.22249, 1.33612, 0.06769, 2.50220, 3.00586, 3.20168, 0.00000, 3.05179, 3.00828, 2.70125, 2.56264, 25.87500, 25.50000, 26.12500, 25.56250, 24.59299
0xDDDD, 1730293837, 50808258, 0509, 29.45053, 1.22249, 1.33612, 0.06608, 2.50220, 3.05421, 3.20088, 0.00000, 3.05099, 3.00828, 2.70125, 2.56183, 25.87500, 25.50000, 26.12500, 25.50000, 24.59299
0xDDDD, 1730293838, 50908287, 0510, 29.45053, 1.22249, 1.33531, 0.06205, 2.50220, 3.01795, 3.20007, 0.00000, 3.05018, 3.00828, 2.70125, 2.56264, 25.87500, 25.50000, 26.12500, 25.50000, 24.59299
0xDDDD, 1730293838, 51008259, 0511, 29.45053, 1.22249, 1.33531, 0.06769, 2.50300, 3.06711, 3.20007, 0.00000, 3.05099, 3.00828, 2.70044, 2.62469, 25.87500, 25.50000, 26.12500, 25.50000, 24.59299
0xDDDD, 1730293838, 51108282, 0512, 29.45053, 1.22168, 1.33531, 0.07414, 2.50220, 3.01875, 3.21941, 0.00000, 3.05260, 3.00828, 2.70125, 2.56103, 25.87500, 25.50000, 26.12500, 25.56250, 24.59299
0xDDDD, 1730293838, 51208271, 0513, 29.45053, 1.22249, 1.33531, 0.06527, 2.50220, 3.06388, 3.21216, 0.00000, 3.05099, 3.00828, 2.70205, 2.56505, 25.93750, 25.50000, 26.12500, 25.56250, 24.59299
0xDDDD, 1730293838, 51308297, 0514, 29.85349, 1.22249, 1.33531, 0.06850, 2.50300, 3.02762, 3.21216, 0.00000, 3.04857, 3.00828, 2.70125, 2.56344, 25.93750, 25.50000, 26.12500, 25.56250, 24.59299
0xDDDD, 1730293838, 51408258, 0515, 29.45053, 1.22249, 1.33370, 0.07414, 2.50220, 3.07194, 3.21216, 0.00000, 3.05179, 3.00828, 2.70125, 2.56344, 25.93750, 25.50000, 26.12500, 25.56250, 24.59299
0xDDDD, 1730293838, 51508269, 0516, 29.45053, 1.22168, 1.33531, 0.06447, 2.50220, 3.03245, 3.21136, 0.00000, 3.05099, 3.00828, 2.70125, 2.53282, 25.87500, 25.50000, 26.12500, 25.56250, 24.59299
0xDDDD, 1730293838, 51608272, 0517, 29.45053, 1.22249, 1.33531, 0.07333, 2.50300, 3.07919, 3.21055, 0.00000, 3.05179, 3.00828, 2.70044, 2.58681, 25.87500, 25.50000, 26.12500, 25.56250, 24.59299
0xDDDD, 1730293838, 51708292, 0518, 29.85349, 1.22249, 1.33531, 0.06689, 2.50300, 3.02681, 3.20974, 0.00000, 3.05179, 3.00828, 2.70205, 2.56264, 25.87500, 25.50000, 26.12500, 25.56250, 24.59299
0xDDDD, 1730293838, 51808266, 0519, 29.45053, 1.22249, 1.33531, 0.07333, 2.50300, 3.07033, 3.20974, 0.00000, 3.05341, 3.00828, 2.70205, 2.56103, 25.87500, 25.50000, 26.12500, 25.56250, 24.59299
0xDDDD, 1730293839, 51908287, 0520, 29.45053, 1.22249, 1.33612, 0.06125, 2.50220, 3.03084, 3.20168, 0.00000, 3.05179, 3.00828, 2.70044, 2.56183, 25.87500, 25.50000, 26.12500, 25.56250, 24.59299
0xDDDD, 1730293839, 52008268, 0521, 29.45053, 1.22249, 1.33289, 0.07092, 2.50220, 3.07597, 3.20168, 0.00000, 3.05341, 3.00828, 2.70044, 2.56103, 25.87500, 25.56250, 26.12500, 25.56250, 24.59299
0xDDDD, 1730293839, 52108273, 0522, 29.04761, 1.22249, 1.33531, 0.06447, 2.50220, 3.04293, 3.20168, 0.00000, 3.05260, 3.00828, 2.70125, 2.69802, 25.87500, 25.56250, 26.12500, 25.56250, 24.59299
0xDDDD, 1730293839, 52208277, 0523, 29.04761, 1.22249, 1.33531, 0.07253, 2.50220, 3.00505, 3.20007, 0.00000, 3.05099, 3.00828, 2.70044, 2.51590, 25.93750, 25.56250, 26.12500, 25.56250, 24.59299
0xDDDD, 1730293839, 52308275, 0524, 29.04761, 1.22249, 1.33531, 0.07253, 2.50300, 3.04938, 3.21861, 0.00000, 3.04615, 3.00828, 2.70044, 2.56344, 25.93750, 25.50000, 26.12500, 25.56250, 24.59299
0xDDDD, 1730293839, 52408270, 0525, 29.45053, 1.22249, 1.33531, 0.05963, 2.50220, 3.07355, 3.21700, 0.00000, 3.05018, 3.00828, 2.70286, 2.56183, 25.93750, 25.50000, 26.12500, 25.56250, 24.77207
0xDDDD, 1730293839, 52508282, 0526, 29.45053, 1.22249, 1.36835, 0.05963, 2.50220, 3.03568, 3.20894, 0.00000, 3.04938, 3.00828, 2.70044, 2.56344, 25.93750, 25.50000, 26.12500, 25.56250, 24.59299
0xDDDD, 1730293839, 52608272, 0527, 29.04761, 1.22249, 1.33451, 0.07575, 2.50220, 3.08161, 3.20652, 0.00000, 3.05018, 3.00828, 2.70044, 2.56183, 25.93750, 25.50000, 26.12500, 25.56250, 24.77207
0xDDDD, 1730293839, 52708282, 0528, 29.45053, 1.22249, 1.33531, 0.07253, 2.50220, 3.03971, 3.20491, 0.00000, 3.05341, 3.00828, 2.70044, 2.56344, 25.87500, 25.50000, 26.12500, 25.56250, 24.59299
0xDDDD, 1730293839, 52808270, 0529, 29.45053, 1.22249, 1.33451, 0.07414, 2.50220, 3.08564, 3.20410, 0.00000, 3.05099, 3.00828, 2.69963, 2.55619, 25.87500, 25.50000, 26.12500, 25.56250, 24.59299
0xDDDD, 1730293840, 52908275, 0530, 29.85349, 1.22249, 1.33531, 0.06608, 2.50220, 3.04535, 3.20168, 0.00000, 3.04857, 3.00828, 2.70044, 2.56667, 25.93750, 25.50000, 26.12500, 25.56250, 24.59299
0xDDDD, 1730293840, 53008265, 0531, 29.85349, 1.22249, 1.33531, 0.06366, 2.50139, 3.07194, 3.19927, 0.00000, 3.05099, 3.00828, 2.70044, 2.55941, 25.93750, 25.50000, 26.12500, 25.56250, 24.59299
0xDDDD, 1730293840, 53108286, 0532, 29.04761, 1.22249, 1.33531, 0.06608, 2.50220, 3.03326, 3.21216, 0.00000, 3.05179, 3.00828, 2.70125, 2.56103, 25.93750, 25.50000, 26.12500, 25.56250, 24.59299
0xDDDD, 1730293840, 53208277, 0533, 29.45053, 1.22168, 1.33451, 0.08139, 2.50220, 3.07839, 3.21136, 0.00000, 3.05018, 3.00828, 2.70125, 2.55861, 25.93750, 25.50000, 26.18750, 25.56250, 24.77207
0xDDDD, 1730293840, 53308282, 0534, 29.45053, 1.22249, 1.33531, 0.07172, 2.50220, 3.03971, 3.20894, 0.00000, 3.05179, 3.00828, 2.69963, 2.56022, 25.93750, 25.50000, 26.18750, 25.56250, 24.59299
0xDDDD, 1730293840, 53408245, 0535, 29.45053, 1.22249, 1.33612, 0.06608, 2.50220, 3.08242, 3.20733, 0.00000, 3.05179, 3.00828, 2.69963, 2.53846, 25.93750, 25.50000, 26.18750, 25.56250, 24.59299
0xDDDD, 1730293840, 53508289, 0536, 29.45053, 1.22249, 1.33370, 0.08542, 2.50220, 3.04293, 3.20652, 0.00000, 3.05099, 3.00828, 2.70044, 2.59407, 25.93750, 25.56250, 26.12500, 25.56250, 24.77207
0xDDDD, 1730293840, 53608270, 0537, 29.45053, 1.22249, 1.33612, 0.06125, 2.50220, 3.06711, 3.20410, 0.00000, 3.05341, 3.00828, 2.70044, 2.56022, 25.87500, 25.56250, 26.12500, 25.56250, 24.41391
0xDDDD, 1730293840, 53708256, 0538, 29.45053, 1.22249, 1.33531, 0.06608, 2.50220, 3.02359, 3.21538, 0.00000, 3.05099, 3.00828, 2.70125, 2.56264, 25.87500, 25.50000, 26.12500, 25.56250, 24.59299
0xDDDD, 1730293840, 53808270, 0539, 29.45053, 1.22168, 1.36916, 0.07172, 2.50220, 3.06308, 3.21458, 0.00000, 3.04777, 3.00828, 2.70044, 2.56344, 25.87500, 25.50000, 26.12500, 25.56250, 24.77207
0xDDDD, 1730293841, 53908273, 0540, 29.04761, 1.22168, 1.33531, 0.06286, 2.50220, 3.02198, 3.21458, 0.00000, 3.04777, 3.00828, 2.70044, 2.56344, 25.93750, 25.50000, 26.12500, 25.56250, 24.59299
0xDDDD, 1730293841, 54008249, 0541, 29.45053, 1.22249, 1.33531, 0.06447, 2.50220, 3.06147, 3.21216, 0.00000, 3.05179, 3.00828, 2.69963, 2.64242, 25.93750, 25.56250, 26.18750, 25.56250, 24.59299
0xDDDD, 1730293841, 54108289, 0542, 29.45053, 1.22249, 1.33531, 0.06608, 2.50220, 3.01795, 3.20894, 0.00000, 3.04696, 3.00828, 2.70044, 2.55136, 25.93750, 25.56250, 26.18750, 25.56250, 24.59299
0xDDDD, 1730293841, 54208270, 0543, 29.45053, 1.22249, 1.33451, 0.07333, 2.50220, 3.05582, 3.20813, 0.00000, 3.05341, 3.00828, 2.70205, 2.56344, 25.93750, 25.50000, 26.12500, 25.62500, 24.59299
0xDDDD, 1730293841, 54308283, 0544, 29.45053, 1.22249, 1.33531, 0.06689, 2.50220, 3.07839, 3.20652, 0.00000, 3.05179, 3.00828, 2.70044, 2.56022, 25.93750, 25.50000, 26.12500, 25.62500, 24.59299
0xDDDD, 1730293841, 54408252, 0545, 29.45053, 1.22249, 1.33451, 0.07817, 2.50220, 3.03084, 3.21861, 0.00000, 3.05018, 3.00828, 2.69963, 2.56183, 25.93750, 25.50000, 26.12500, 25.62500, 24.77207
0xDDDD, 1730293841, 54508258, 0546, 29.45053, 1.22249, 1.33451, 0.08784, 2.50300, 3.07033, 3.21619, 0.00000, 3.05018, 3.00828, 2.70125, 2.55861, 25.93750, 25.50000, 26.12500, 25.56250, 24.59299
0xDDDD, 1730293841, 54608278, 0547, 29.45053, 1.22168, 1.33451, 0.07897, 2.50220, 3.02520, 3.21458, 0.00000, 3.05018, 3.00828, 2.70205, 2.55861, 25.93750, 25.50000, 26.12500, 25.56250, 24.59299
0xDDDD, 1730293841, 54708264, 0548, 29.45053, 1.22249, 1.33531, 0.07817, 2.50381, 3.06308, 3.21216, 0.00000, 3.05179, 3.00828, 2.70125, 2.53766, 25.93750, 25.56250, 26.18750, 25.62500, 24.77207
0xDDDD, 1730293841, 54808254, 0549, 29.45053, 1.22249, 1.33531, 0.07575, 2.50220, 3.01875, 3.21055, 0.00000, 3.05099, 3.00828, 2.70044, 2.50784, 25.93750, 25.56250, 26.18750, 25.62500, 24.59299
0xDDDD, 1730293842, 54908282, 0550, 29.45053, 1.22249, 1.33531, 0.06205, 2.50220, 3.03971, 3.20813, 0.00000, 3.04454, 3.00828, 2.70044, 2.56264, 25.93750, 25.50000, 26.12500, 25.62500, 24.41391
0xDDDD, 1730293842, 55008277, 0551, 29.45053, 1.22249, 1.33451, 0.07656, 2.50220, 3.07758, 3.20007, 0.00000, 3.05018, 3.00828, 2.70044, 2.56103, 25.93750, 25.50000, 26.12500, 25.62500, 24.59299
0xDDDD, 1730293842, 55108282, 0552, 29.45053, 1.22249, 1.36835, 0.07172, 2.50220, 3.03004, 3.21780, 0.00000, 3.05179, 3.00828, 2.70044, 2.56183, 25.93750, 25.50000, 26.12500, 25.62500, 24.59299
0xDDDD, 1730293842, 55208256, 0553, 29.45053, 1.22249, 1.33451, 0.06366, 2.50220, 3.06469, 3.21700, 0.00000, 3.05260, 3.00828, 2.70044, 2.56264, 25.93750, 25.56250, 26.18750, 25.62500, 24.59299
0xDDDD, 1730293842, 55308246, 0554, 29.45053, 1.22249, 1.33612, 0.05963, 2.50220, 3.02359, 3.21458, 0.00000, 3.05018, 3.00828, 2.69963, 2.56425, 25.93750, 25.56250, 26.18750, 25.62500, 24.59299
0xDDDD, 1730293842, 55408261, 0555, 29.45053, 1.22249, 1.33451, 0.08059, 2.50220, 3.05744, 3.21297, 0.00000, 3.04857, 3.00828, 2.69963, 2.45626, 25.93750, 25.50000, 26.18750, 25.62500, 24.59299
0xDDDD, 1730293842, 55508247, 0556, 29.45053, 1.22249, 1.33612, 0.06286, 2.50139, 3.07839, 3.21055, 0.00000, 3.05099, 3.00828, 2.70044, 2.55861, 25.93750, 25.50000, 26.18750, 25.62500, 24.59299
0xDDDD, 1730293842, 55608277, 0557, 29.45053, 1.22249, 1.33531, 0.06366, 2.50220, 3.03004, 3.20168, 0.00000, 3.04938, 3.00828, 2.70125, 2.56264, 25.93750, 25.50000, 26.12500, 25.62500, 24.41391
0xDDDD, 1730293842, 55708282, 0558, 29.45053, 1.22249, 1.33531, 0.07656, 2.50300, 3.06711, 3.20007, 0.00000, 3.05179, 3.00828, 2.70125, 2.56103, 25.93750, 25.50000, 26.12500, 25.62500, 24.59299
0xDDDD, 1730293842, 55808282, 0559, 29.45053, 1.22249, 1.33773, 0.06044, 2.50220, 3.02198, 3.19846, 0.00000, 3.05099, 3.00828, 2.69963, 2.56425, 25.93750, 25.50000, 26.12500, 25.62500, 24.59299
0xDDDD, 1730293843, 55908250, 0560, 29.85349, 1.22249, 1.33612, 0.06527, 2.50300, 3.05744, 3.21619, 0.00000, 3.05099, 3.00828, 2.70044, 2.58117, 25.93750, 25.50000, 26.18750, 25.56250, 24.41391
0xDDDD, 1730293843, 56008278, 0561, 29.45053, 1.22249, 1.33531, 0.06205, 2.50220, 3.01231, 3.21377, 0.00000, 3.05179, 3.00828, 2.70044, 2.53604, 25.93750, 25.50000, 26.18750, 25.56250, 24.59299
0xDDDD, 1730293843, 56108260, 0562, 29.45053, 1.22168, 1.33451, 0.07253, 2.50220, 3.04535, 3.21216, 0.00000, 3.04696, 3.00828, 2.70044, 2.56183, 25.93750, 25.56250, 26.18750, 25.56250, 24.59299
0xDDDD, 1730293843, 56208266, 0563, 29.04761, 1.22249, 1.33531, 0.06447, 2.50300, 3.06469, 3.20974, 0.00000, 3.05018, 3.00828, 2.70044, 2.56264, 25.93750, 25.56250, 26.18750, 25.56250, 24.59299
0xDDDD, 1730293843, 56308252, 0564, 29.45053, 1.22168, 1.33531, 0.07092, 2.50220, 3.01634, 3.20007, 0.00000, 3.05341, 3.00828, 2.70044, 2.56425, 25.93750, 25.56250, 26.18750, 25.56250, 25.13023
0xDDDD, 1730293843, 56408269, 0565, 29.45053, 1.22249, 1.33531, 0.06930, 2.50220, 3.05018, 3.21861, 0.00000, 3.04857, 3.00828, 2.70125, 2.56183, 25.93750, 25.56250, 26.18750, 25.62500, 24.77207
