sync, unix, uptime, seq, vsense, vrefint, busvmon, busimon, 2v5mon, 3v3mon, 5vmon, n3v3mon, n5vmon, 15vmon, 5vrefmon, n200vmon, n800vmon, temp1, temp2, temp3, temp4, tmp1
0xDDDD, 1729512319, 91268941, 0913, 31.86813, 1.22249, 1.33531, 0.06850, 2.50300, 1.18462, 3.02117, 3.21538, 0.00081, 3.05099, 3.00908, 2.70125, 2.55619, 28.68750, 27.75000, 29.06250, 28.12500, 28.17460
0xDDDD, 1729512319, 91368938, 0914, 32.27106, 1.22249, 1.33531, 0.06689, 2.50300, 1.17978, 3.05582, 3.21861, 0.00000, 3.05099, 3.00908, 2.70125, 2.50784, 28.68750, 27.75000, 29.06250, 28.12500, 27.99552
0xDDDD, 1729512319, 91468919, 0915, 31.86813, 1.22249, 1.33531, 0.06527, 2.50300, 1.17495, 3.00989, 3.20088, 0.00000, 3.05260, 3.00908, 2.70125, 2.56103, 28.75000, 27.75000, 29.06250, 28.12500, 27.99552
0xDDDD, 1729512319, 91569612, 0916, 31.86813, 1.22249, 1.33451, 0.06769, 2.50220, 1.19106, 3.01231, 3.21458, 0.00000, 3.05179, 3.00828, 2.70286, 2.56183, 28.75000, 27.75000, 29.00000, 28.12500, 28.17460
0xDDDD, 1729512319, 91668920, 0917, 31.86813, 1.22330, 1.32645, 0.07575, 2.50220, 1.19106, 3.04696, 3.21619, 0.00000, 3.05099, 3.00828, 2.70125, 2.56103, 28.75000, 27.75000, 29.00000, 28.12500, 27.99552
0xDDDD, 1729512319, 91768957, 0918, 32.27106, 1.22249, 1.33531, 0.06447, 2.50220, 1.18864, 3.08242, 3.21861, 0.00000, 3.05179, 3.00828, 2.70205, 2.56183, 28.75000, 27.81250, 29.00000, 28.12500, 27.99552
0xDDDD, 1729512319, 91868945, 0919, 32.27106, 1.22249, 1.33531, 0.07495, 2.50300, 1.18623, 3.04051, 3.20088, 0.00000, 3.05099, 3.00828, 2.70125, 2.55861, 28.75000, 27.81250, 29.00000, 28.12500, 28.17460
0xDDDD, 1729512319, 91969673, 0920, 31.86813, 1.22330, 1.33451, 0.06447, 2.50220, 1.17897, 3.07839, 3.20249, 0.00000, 3.05018, 3.00828, 2.70125, 2.56103, 28.75000, 27.75000, 29.00000, 28.12500, 27.99552
0xDDDD, 1729512320, 92069670, 0921, 31.86813, 1.22330, 1.33451, 0.07092, 2.50220, 1.17656, 3.08000, 3.20491, 0.00000, 3.04938, 3.00908, 2.70125, 2.56183, 28.75000, 27.75000, 29.06250, 28.12500, 27.99552
0xDDDD, 1729512320, 92168940, 0922, 31.86813, 1.22249, 1.33531, 0.05560, 2.50220, 1.17575, 3.03407, 3.20652, 0.00000, 3.05018, 3.00828, 2.70125, 2.56022, 28.75000, 27.81250, 29.06250, 28.12500, 28.17460
0xDDDD, 1729512320, 92268942, 0923, 31.86813, 1.22249, 1.33531, 0.06447, 2.50220, 1.17092, 3.07194, 3.20007, 0.00000, 3.05179, 3.00908, 2.70125, 2.56183, 28.75000, 27.81250, 29.06250, 28.12500, 27.99552
0xDDDD, 1729512320, 92368951, 0924, 31.86813, 1.22249, 1.33612, 0.06447, 2.50300, 1.19106, 3.02278, 3.20249, 0.00000, 3.05018, 3.00908, 2.70125, 2.56425, 28.75000, 27.81250, 29.06250, 28.18750, 27.81644
0xDDDD, 1729512320, 92469656, 0925, 31.86813, 1.22330, 1.33451, 0.08784, 2.50300, 1.18542, 3.05905, 3.20652, 0.00000, 3.04857, 3.00908, 2.70125, 2.55619, 28.75000, 27.81250, 29.06250, 28.18750, 28.17460
0xDDDD, 1729512320, 92568941, 0926, 31.86813, 1.22249, 1.33531, 0.06769, 2.50220, 1.18623, 3.01150, 3.20894, 0.00000, 3.05099, 3.00828, 2.70125, 2.45949, 28.75000, 27.81250, 29.00000, 28.12500, 28.17460
0xDDDD, 1729512320, 92668935, 0927, 31.86813, 1.22330, 1.33451, 0.06769, 2.50300, 1.18300, 3.04938, 3.21055, 0.00000, 3.05099, 3.00908, 2.70044, 2.55780, 28.75000, 27.81250, 29.00000, 28.12500, 27.99552
0xDDDD, 1729512320, 92768946, 0928, 31.86813, 1.22249, 1.33531, 0.06769, 2.50220, 1.17978, 3.05179, 3.21216, 0.00000, 3.05099, 3.00908, 2.70205, 2.56264, 28.75000, 27.81250, 29.06250, 28.12500, 27.99552
0xDDDD, 1729512320, 92869674, 0929, 31.86813, 1.22249, 1.33531, 0.06527, 2.50220, 1.17414, 3.00425, 3.20571, 0.00000, 3.05099, 3.00908, 2.70205, 2.56264, 28.75000, 27.81250, 29.06250, 28.12500, 27.99552
0xDDDD, 1729512320, 92969647, 0930, 31.46520, 1.22330, 1.33451, 0.06608, 2.50381, 1.19348, 3.04051, 3.20652, 0.00000, 3.05179, 3.00989, 2.70044, 2.56264, 28.75000, 27.75000, 29.06250, 28.12500, 27.99552
0xDDDD, 1729512321, 93068933, 0931, 31.86813, 1.22249, 1.32322, 0.08381, 2.50300, 1.18945, 3.07275, 3.20974, 0.00000, 3.04857, 3.00908, 2.70205, 2.55941, 28.75000, 27.75000, 29.06250, 28.12500, 28.17460
0xDDDD, 1729512321, 93168953, 0932, 31.86813, 1.22249, 1.33451, 0.07495, 2.50300, 1.18945, 3.02762, 3.21136, 0.00000, 3.05099, 3.00828, 2.70205, 2.51670, 28.75000, 27.75000, 29.06250, 28.12500, 27.99552
0xDDDD, 1729512321, 93268926, 0933, 32.27106, 1.22249, 1.33531, 0.07495, 2.50300, 1.18462, 3.06469, 3.21538, 0.00000, 3.05179, 3.00908, 2.70125, 2.55861, 28.75000, 27.75000, 29.00000, 28.18750, 27.99552
0xDDDD, 1729512321, 93369638, 0934, 31.86813, 1.22249, 1.33451, 0.07414, 2.50300, 1.18300, 3.06791, 3.20894, 0.00000, 3.04938, 3.00908, 2.70205, 2.56344, 28.75000, 27.75000, 29.00000, 28.18750, 27.99552
0xDDDD, 1729512321, 93468941, 0935, 32.27106, 1.22249, 1.33531, 0.08542, 2.50300, 1.18059, 3.02278, 3.20007, 0.00000, 3.05179, 3.00908, 2.70044, 2.56103, 28.75000, 27.81250, 29.06250, 28.18750, 28.89091
0xDDDD, 1729512321, 93568943, 0936, 31.86813, 1.22249, 1.33451, 0.07495, 2.50300, 1.17897, 3.05824, 3.21458, 0.00000, 3.05099, 3.00908, 2.70125, 2.56103, 28.75000, 27.81250, 29.06250, 28.12500, 27.99552
0xDDDD, 1729512321, 93668935, 0937, 31.86813, 1.22249, 1.33531, 0.06930, 2.50220, 1.17656, 3.01150, 3.21700, 0.00000, 3.05099, 3.00828, 2.70044, 2.56264, 28.75000, 27.81250, 29.06250, 28.12500, 27.81644
0xDDDD, 1729512321, 93769581, 0938, 31.86813, 1.22249, 1.33451, 0.07414, 2.50300, 1.17172, 3.04696, 3.20088, 0.00000, 3.05099, 3.00908, 2.70205, 2.58762, 28.75000, 27.81250, 29.06250, 28.12500, 28.17460
0xDDDD, 1729512321, 93869642, 0939, 31.86813, 1.22249, 1.33451, 0.06447, 2.50300, 1.19187, 3.08322, 3.20249, 0.00000, 3.05099, 3.00828, 2.70205, 2.56103, 28.75000, 27.75000, 29.06250, 28.12500, 28.17460
0xDDDD, 1729512321, 93968919, 0940, 31.86813, 1.22249, 1.33531, 0.06769, 2.50220, 1.19026, 3.03326, 3.20330, 0.00000, 3.05260, 3.00828, 2.70205, 2.56022, 28.75000, 27.75000, 29.06250, 28.12500, 27.99552
0xDDDD, 1729512322, 94068921, 0941, 32.27106, 1.22249, 1.33531, 0.05641, 2.50300, 1.18864, 3.03568, 3.20491, 0.00000, 3.05018, 3.00908, 2.70125, 2.56022, 28.75000, 27.75000, 29.06250, 28.12500, 28.17460
0xDDDD, 1729512322, 94168945, 0942, 32.27106, 1.22249, 1.33451, 0.06769, 2.50300, 1.18703, 3.07114, 3.21861, 0.00000, 3.05099, 3.00828, 2.70125, 2.56022, 28.75000, 27.81250, 29.06250, 28.12500, 28.17460
0xDDDD, 1729512322, 94269642, 0943, 31.86813, 1.22249, 1.33531, 0.06608, 2.50300, 1.18300, 3.02359, 3.20088, 0.00000, 3.05179, 3.00828, 2.70125, 2.55941, 28.75000, 27.81250, 29.06250, 28.18750, 28.17460
0xDDDD, 1729512322, 94368958, 0944, 31.86813, 1.22249, 1.33451, 0.07656, 2.50300, 1.18220, 3.05985, 3.20410, 0.00000, 3.05179, 3.00828, 2.70125, 2.55941, 28.75000, 27.75000, 29.06250, 28.18750, 28.17460
0xDDDD, 1729512322, 94468924, 0945, 31.86813, 1.22249, 1.33531, 0.07172, 2.50220, 1.17897, 3.01231, 3.20652, 0.00000, 3.04777, 3.00828, 2.70125, 2.56667, 28.75000, 27.75000, 29.06250, 28.12500, 27.99552
0xDDDD, 1729512322, 94568933, 0946, 32.27106, 1.22249, 1.33531, 0.06689, 2.50300, 1.17575, 3.04454, 3.20813, 0.00000, 3.05260, 3.00908, 2.70205, 2.53524, 28.75000, 27.75000, 29.06250, 28.12500, 28.17460
0xDDDD, 1729512322, 94669648, 0947, 31.86813, 1.22330, 1.33531, 0.07253, 2.50300, 1.17092, 3.04374, 3.20168, 0.00000, 3.04696, 3.00828, 2.70205, 2.56183, 28.75000, 27.81250, 29.06250, 28.12500, 27.99552
0xDDDD, 1729512322, 94769684, 0948, 31.46520, 1.22249, 1.33531, 0.06447, 2.50220, 1.18945, 3.07919, 3.20410, 0.00000, 3.05179, 3.00828, 2.70286, 2.56183, 28.75000, 27.81250, 29.06250, 28.12500, 27.99552
0xDDDD, 1729512322, 94868939, 0949, 31.46520, 1.22249, 1.33531, 0.07736, 2.50220, 1.18784, 3.02842, 3.20571, 0.00000, 3.05260, 3.00908, 2.70044, 2.56022, 28.75000, 27.75000, 29.06250, 28.12500, 28.17460
0xDDDD, 1729512322, 94968989, 0950, 31.86813, 1.22249, 1.33531, 0.06769, 2.50300, 1.18462, 3.06227, 3.20894, 0.00000, 3.05179, 3.00908, 2.70125, 2.56183, 28.75000, 27.75000, 29.06250, 28.12500, 27.99552
0xDDDD, 1729512323, 95068950, 0951, 32.27106, 1.22249, 1.33451, 0.08139, 2.50220, 1.18139, 3.01070, 3.21055, 0.00000, 3.05179, 3.00828, 2.70125, 2.56908, 28.75000, 27.81250, 29.06250, 28.12500, 27.99552
0xDDDD, 1729512323, 95169658, 0952, 31.86813, 1.22249, 1.33531, 0.07092, 2.50300, 1.17575, 3.00989, 3.21136, 0.00000, 3.04615, 3.00908, 2.70205, 2.56103, 28.75000, 27.81250, 29.06250, 28.12500, 27.99552
0xDDDD, 1729512323, 95269335, 0953, 32.27106, 1.22249, 1.33531, 0.06527, 2.50220, 1.17333, 3.04374, 3.20410, 0.00000, 3.04938, 3.00908, 2.70527, 2.56344, 28.75000, 27.81250, 29.06250, 28.12500, 28.17460
0xDDDD, 1729512323, 95368957, 0954, 31.46520, 1.22249, 1.33612, 0.07253, 2.50300, 1.17414, 3.07839, 3.20652, 0.00000, 3.05099, 3.00908, 2.70205, 2.56022, 28.75000, 27.81250, 29.06250, 28.12500, 28.53275
0xDDDD, 1729512323, 95468948, 0955, 31.86813, 1.22249, 1.33451, 0.08220, 2.50220, 1.19590, 3.02601, 3.20652, 0.00000, 3.04857, 3.00747, 2.70286, 2.56264, 28.75000, 27.81250, 29.06250, 28.12500, 27.99552
0xDDDD, 1729512323, 95569628, 0956, 31.86813, 1.22249, 1.33531, 0.07011, 2.50220, 1.18945, 3.06066, 3.20894, 0.00000, 3.05018, 3.00908, 2.70205, 2.55941, 28.75000, 27.81250, 29.06250, 28.12500, 27.99552
0xDDDD, 1729512323, 95669646, 0957, 31.86813, 1.22249, 1.33531, 0.07414, 2.50220, 1.18703, 3.01231, 3.21136, 0.00000, 3.05099, 3.00828, 2.70125, 2.56264, 28.75000, 27.81250, 29.06250, 28.12500, 28.17460
0xDDDD, 1729512323, 95768929, 0958, 31.86813, 1.22330, 1.33451, 0.07817, 2.50300, 1.18703, 3.04454, 3.21377, 0.00000, 3.05260, 3.00828, 2.70205, 2.51993, 28.75000, 27.81250, 29.06250, 28.12500, 28.17460
0xDDDD, 1729512323, 95868983, 0959, 31.86813, 1.22249, 1.33531, 0.06286, 2.50300, 1.18139, 3.04212, 3.21538, 0.00000, 3.05179, 3.00828, 2.70205, 2.56103, 28.75000, 27.81250, 29.06250, 28.12500, 27.99552
0xDDDD, 1729512323, 95968939, 0960, 31.86813, 1.22249, 1.33531, 0.06366, 2.50220, 1.17736, 3.07678, 3.21700, 0.00000, 3.05018, 3.00828, 2.70205, 2.56183, 28.75000, 27.81250, 29.06250, 28.12500, 28.17460
0xDDDD, 1729512324, 96069652, 0961, 32.27106, 1.22249, 1.33612, 0.06527, 2.50220, 1.17172, 3.02198, 3.20813, 0.00000, 3.05099, 3.00828, 2.70125, 2.56505, 28.81250, 27.81250, 29.06250, 28.12500, 28.17460
0xDDDD, 1729512324, 96169320, 0962, 31.86813, 1.22249, 1.33531, 0.07092, 2.50220, 1.19106, 3.05341, 3.20974, 0.00000, 3.05018, 3.00908, 2.70205, 2.56344, 28.81250, 27.81250, 29.06250, 28.12500, 28.17460
0xDDDD, 1729512324, 96268955, 0963, 31.86813, 1.22249, 1.33451, 0.06608, 2.50300, 1.18945, 3.08484, 3.21055, 0.00000, 3.05179, 3.00828, 2.70205, 2.55941, 28.81250, 27.81250, 29.06250, 28.12500, 28.17460
0xDDDD, 1729512324, 96368935, 0964, 32.27106, 1.22249, 1.33531, 0.06769, 2.50220, 1.18300, 3.03004, 3.21297, 0.00000, 3.05179, 3.00908, 2.70205, 2.55297, 28.81250, 27.81250, 29.06250, 28.12500, 28.17460
0xDDDD, 1729512324, 96468924, 0965, 32.27106, 1.22168, 1.33612, 0.06527, 2.50220, 1.17575, 3.05582, 3.21458, 0.00000, 3.05099, 3.00908, 2.70286, 2.62872, 28.75000, 27.81250, 29.06250, 28.12500, 27.99552
0xDDDD, 1729512324, 96569575, 0966, 31.86813, 1.22249, 1.33531, 0.05641, 2.50300, 1.17172, 3.04615, 3.20571, 0.00000, 3.05099, 3.00908, 2.70205, 2.56264, 28.75000, 27.81250, 29.06250, 28.12500, 27.99552
0xDDDD, 1729512324, 96668954, 0967, 31.86813, 1.22249, 1.33531, 0.07011, 2.50220, 1.18784, 3.07597, 3.20813, 0.00000, 3.04777, 3.00908, 2.70205, 2.56103, 28.75000, 27.81250, 29.06250, 28.12500, 28.17460
0xDDDD, 1729512324, 96768930, 0968, 31.86813, 1.22249, 1.33531, 0.07414, 2.50300, 1.18139, 3.02198, 3.20974, 0.00000, 3.05018, 3.00828, 2.70366, 2.56183, 28.81250, 27.81250, 29.06250, 28.12500, 28.17460
0xDDDD, 1729512324, 96868935, 0969, 31.86813, 1.22249, 1.33531, 0.06930, 2.50220, 1.17736, 3.05018, 3.21136, 0.00000, 3.04615, 3.00828, 2.70205, 2.56103, 28.81250, 27.81250, 29.06250, 28.18750, 28.17460
0xDDDD, 1729512324, 96969664, 0970, 31.86813, 1.22249, 1.33531, 0.06689, 2.50139, 1.17092, 3.07516, 3.21216, 0.00000, 3.05260, 3.00828, 2.70205, 2.53282, 28.81250, 27.81250, 29.06250, 28.18750, 28.17460
0xDDDD, 1729512325, 97069663, 0971, 31.86813, 1.22249, 1.33531, 0.06689, 2.50220, 1.19026, 3.07033, 3.21297, 0.00000, 3.04857, 3.00908, 2.70125, 2.55538, 28.81250, 27.87500, 29.06250, 28.18750, 28.17460
0xDDDD, 1729512325, 97168931, 0972, 31.86813, 1.22330, 1.33531, 0.07172, 2.50220, 1.18623, 3.01231, 3.21377, 0.00000, 3.05179, 3.00828, 2.70125, 2.56264, 28.81250, 27.87500, 29.06250, 28.18750, 28.17460
0xDDDD, 1729512325, 97268967, 0973, 31.86813, 1.22249, 1.33531, 0.07575, 2.50300, 1.17897, 3.04293, 3.20571, 0.00000, 3.05179, 3.00828, 2.70125, 2.55861, 28.75000, 27.81250, 29.06250, 28.18750, 28.17460
0xDDDD, 1729512325, 97368934, 0974, 32.67398, 1.22330, 1.33531, 0.06850, 2.50220, 1.17092, 3.06791, 3.20571, 0.00000, 3.05179, 3.00828, 2.70125, 2.56425, 28.75000, 27.81250, 29.06250, 28.12500, 27.99552
0xDDDD, 1729512325, 97469650, 0975, 31.86813, 1.22249, 1.33451, 0.07333, 2.50220, 1.18462, 3.01311, 3.20652, 0.00000, 3.05018, 3.00908, 2.70125, 2.60212, 28.75000, 27.81250, 29.06250, 28.12500, 28.17460
0xDDDD, 1729512325, 97568925, 0976, 31.86813, 1.22249, 1.33531, 0.06689, 2.50300, 1.17817, 3.03890, 3.20813, 0.00000, 3.05179, 3.00828, 2.70366, 2.52476, 28.75000, 27.81250, 29.12500, 28.12500, 27.99552
0xDDDD, 1729512325, 97668945, 0977, 31.86813, 1.22249, 1.33451, 0.06930, 2.50300, 1.17011, 3.06308, 3.20894, 0.00000, 3.05099, 3.00908, 2.70205, 2.58198, 28.81250, 27.81250, 29.12500, 28.18750, 28.17460
0xDDDD, 1729512325, 97768925, 0978, 32.27106, 1.22249, 1.33531, 0.06447, 2.50220, 1.18139, 3.08484, 3.20894, 0.00000, 3.05099, 3.00828, 2.70125, 2.55941, 28.81250, 27.81250, 29.12500, 28.18750, 28.17460
0xDDDD, 1729512325, 97869678, 0979, 32.27106, 1.22249, 1.33531, 0.07736, 2.50220, 1.19026, 3.06227, 3.21780, 0.00081, 3.05018, 3.00828, 2.70205, 2.56264, 28.81250, 27.81250, 29.12500, 28.12500, 28.17460
0xDDDD, 1729512325, 97969648, 0980, 31.86813, 1.22249, 1.34901, 0.07656, 2.50220, 1.17736, 3.07758, 3.21700, 0.00000, 3.04615, 3.00908, 2.70286, 2.56264, 28.81250, 27.81250, 29.12500, 28.12500, 28.17460
0xDDDD, 1729512326, 98068947, 0981, 31.86813, 1.22249, 1.33531, 0.06125, 2.50220, 1.19187, 3.01070, 3.21700, 0.00000, 3.05179, 3.00908, 2.70044, 2.55941, 28.81250, 27.81250, 29.12500, 28.12500, 27.99552
0xDDDD, 1729512326, 98168937, 0982, 31.86813, 1.22330, 1.33531, 0.07172, 2.50300, 1.18220, 3.02440, 3.21538, 0.00000, 3.05099, 3.00747, 2.70286, 2.56183, 28.81250, 27.81250, 29.12500, 28.12500, 28.17460
0xDDDD, 1729512326, 98268941, 0983, 31.86813, 1.22249, 1.33451, 0.07172, 2.50220, 1.20073, 3.03648, 3.21458, 0.00000, 3.05018, 3.00828, 2.70125, 2.50703, 28.81250, 27.81250, 29.12500, 28.12500, 28.17460
0xDDDD, 1729512326, 98369651, 0984, 31.86813, 1.22249, 1.33531, 0.07172, 2.50300, 1.18059, 3.01392, 3.21377, 0.00000, 3.05179, 3.00908, 2.70125, 2.56103, 28.81250, 27.81250, 29.12500, 28.12500, 28.35368
0xDDDD, 1729512326, 98468947, 0985, 31.86813, 1.22249, 1.33451, 0.06930, 2.50300, 1.17092, 3.02842, 3.21055, 0.00000, 3.05018, 3.00828, 2.70205, 2.56264, 28.81250, 27.81250, 29.12500, 28.12500, 28.17460
0xDDDD, 1729512326, 98568946, 0986, 32.27106, 1.22330, 1.33451, 0.07575, 2.50220, 1.18300, 3.04132, 3.20088, 0.00000, 3.05018, 3.00908, 2.70205, 2.56103, 28.81250, 27.81250, 29.06250, 28.12500, 27.99552
0xDDDD, 1729512326, 98668916, 0987, 32.27106, 1.22249, 1.33531, 0.07253, 2.50220, 1.19267, 3.05421, 3.22022, 0.00000, 3.05179, 3.00908, 2.70205, 2.56022, 28.81250, 27.81250, 29.06250, 28.12500, 27.99552
0xDDDD, 1729512326, 98769561, 0988, 32.27106, 1.22249, 1.33451, 0.06689, 2.50300, 1.17978, 3.06711, 3.21780, 0.00000, 3.05179, 3.00828, 2.70205, 2.53363, 28.81250, 27.81250, 29.12500, 28.12500, 28.17460
0xDDDD, 1729512326, 98869641, 0989, 31.86813, 1.22249, 1.33531, 0.07011, 2.50220, 1.19106, 3.08000, 3.21538, 0.00000, 3.04777, 3.00828, 2.70125, 2.59407, 28.81250, 27.81250, 29.12500, 28.12500, 28.17460
0xDDDD, 1729512326, 98968947, 0990, 32.27106, 1.22330, 1.33531, 0.06527, 2.50220, 1.17897, 3.01070, 3.21538, 0.00000, 3.04938, 3.00908, 2.70044, 2.57714, 28.81250, 27.87500, 29.12500, 28.12500, 28.17460
0xDDDD, 1729512327, 99068952, 0991, 31.86813, 1.22249, 1.33451, 0.07495, 2.50300, 1.18864, 3.07114, 3.21297, 0.00000, 3.05018, 3.00908, 2.70286, 2.56103, 28.81250, 27.87500, 29.12500, 28.12500, 28.17460
0xDDDD, 1729512327, 99168940, 0992, 32.27106, 1.22249, 1.33531, 0.06608, 2.50220, 1.17495, 3.08645, 3.20249, 0.00000, 3.05179, 3.00828, 2.70205, 2.56264, 28.81250, 27.87500, 29.12500, 28.12500, 28.17460
0xDDDD, 1729512327, 99269676, 0993, 31.86813, 1.22249, 1.33451, 0.07333, 2.50220, 1.18381, 3.01231, 3.20088, 0.00000, 3.05179, 3.00908, 2.70205, 2.56103, 28.81250, 27.81250, 29.12500, 28.12500, 28.17460
0xDDDD, 1729512327, 99368936, 0994, 31.86813, 1.22249, 1.33370, 0.06769, 2.50220, 1.17092, 3.02278, 3.20168, 0.00000, 3.04696, 3.00908, 2.70125, 2.55941, 28.81250, 27.81250, 29.12500, 28.18750, 28.17460
0xDDDD, 1729512327, 99468953, 0995, 31.86813, 1.22249, 1.33531, 0.07414, 2.50220, 1.17978, 3.03568, 3.21780, 0.00000, 3.05179, 3.00828, 2.70125, 2.58037, 28.81250, 27.87500, 29.12500, 28.18750, 28.17460
0xDDDD, 1729512327, 99568920, 0996, 31.86813, 1.22249, 1.33451, 0.07172, 2.50300, 1.19026, 3.04938, 3.21700, 0.00000, 3.05099, 3.00908, 2.70205, 2.53927, 28.81250, 27.87500, 29.12500, 28.12500, 28.17460
0xDDDD, 1729512327, 99669621, 0997, 31.86813, 1.22249, 1.33531, 0.06366, 2.50220, 1.17656, 3.02681, 3.21538, 0.00000, 3.05179, 3.00908, 2.70366, 2.56022, 28.81250, 27.81250, 29.12500, 28.12500, 28.17460
0xDDDD, 1729512327, 99769677, 0998, 31.86813, 1.22249, 1.33451, 0.07656, 2.50220, 1.18703, 3.03810, 3.20571, 0.00000, 3.05179, 3.00828, 2.70125, 2.55941, 28.81250, 27.81250, 29.12500, 28.12500, 28.71183
0xDDDD, 1729512327, 99868934, 0999, 31.86813, 1.22249, 1.33451, 0.07897, 2.50220, 1.17575, 3.05018, 3.20410, 0.00000, 3.05099, 3.00908, 2.70125, 2.56022, 28.81250, 27.81250, 29.12500, 28.12500, 28.17460
0xDDDD, 1729512327, 99969009, 1000, 32.27106, 1.22249, 1.33451, 0.07736, 2.50139, 1.18864, 3.06147, 3.20410, 0.00000, 3.05260, 3.00908, 2.70125, 2.56022, 28.81250, 27.81250, 29.12500, 28.12500, 28.17460
0xDDDD, 1729512328, 100068948, 1001, 32.27106, 1.22249, 1.33531, 0.06930, 2.50300, 1.17656, 3.07516, 3.20249, 0.00000, 3.05099, 3.00908, 2.70205, 2.53685, 28.81250, 27.81250, 29.12500, 28.12500, 28.17460
0xDDDD, 1729512328, 100169670, 1002, 31.86813, 1.22330, 1.33531, 0.06769, 2.50300, 1.18623, 3.05824, 3.20168, 0.00000, 3.04938, 3.00908, 2.70205, 2.55941, 28.81250, 27.81250, 29.12500, 28.12500, 28.17460
0xDDDD, 1729512328, 100269363, 1003, 31.86813, 1.22249, 1.33451, 0.07253, 2.50220, 1.17495, 3.07355, 3.20088, 0.00000, 3.05099, 3.00828, 2.70125, 2.56425, 28.81250, 27.81250, 29.12500, 28.18750, 28.17460
0xDDDD, 1729512328, 100368919, 1004, 32.27106, 1.22330, 1.33451, 0.05641, 2.50300, 1.18784, 3.00586, 3.22022, 0.00000, 3.05179, 3.00908, 2.70286, 2.56344, 28.81250, 27.81250, 29.12500, 28.18750, 28.17460
0xDDDD, 1729512328, 100468952, 1005, 31.86813, 1.22249, 1.33531, 0.06447, 2.50300, 1.17736, 3.02359, 3.20974, 0.00000, 3.05099, 3.00828, 2.70286, 2.56022, 28.81250, 27.87500, 29.12500, 28.18750, 28.17460
0xDDDD, 1729512328, 100569647, 1006, 31.46520, 1.22249, 1.33531, 0.07011, 2.50220, 1.18462, 3.03729, 3.20894, 0.00000, 3.05018, 3.00828, 2.70205, 2.56264, 28.81250, 27.87500, 29.12500, 28.18750, 23.51852
0xDDDD, 1729512328, 100669683, 1007, 31.86813, 1.22249, 1.33370, 0.08300, 2.50220, 1.17172, 3.05421, 3.20813, 0.00000, 3.05018, 3.00908, 2.70044, 2.56908, 28.81250, 27.81250, 29.12500, 28.18750, 28.17460
0xDDDD, 1729512328, 100768930, 1008, 32.27106, 1.22249, 1.33531, 0.06447, 2.50220, 1.18381, 3.07033, 3.20652, 0.00000, 3.04857, 3.00828, 2.70125, 2.56344, 28.81250, 27.81250, 29.12500, 28.18750, 28.17460
0xDDDD, 1729512328, 100868995, 1009, 31.86813, 1.22249, 1.33451, 0.07253, 2.50300, 1.17011, 3.08806, 3.20652, 0.00000, 3.04615, 3.00828, 2.70366, 2.56022, 28.81250, 27.81250, 29.12500, 28.18750, 28.17460
0xDDDD, 1729512328, 100968949, 1010, 32.27106, 1.22249, 1.33451, 0.07253, 2.50220, 1.18059, 3.06147, 3.20410, 0.00000, 3.05099, 3.00908, 2.70205, 2.55941, 28.81250, 27.81250, 29.12500, 28.18750, 28.17460
0xDDDD, 1729512329, 101069646, 1011, 31.86813, 1.22249, 1.32886, 0.06125, 2.50220, 1.19106, 3.07597, 3.21458, 0.00000, 3.05099, 3.00908, 2.70044, 2.56344, 28.81250, 27.81250, 29.12500, 28.18750, 28.17460
0xDDDD, 1729512329, 101169328, 1012, 31.46520, 1.22249, 1.33531, 0.06769, 2.50220, 1.17897, 3.00908, 3.21458, 0.00000, 3.05099, 3.00908, 2.70125, 2.56264, 28.81250, 27.87500, 29.12500, 28.18750, 27.99552
0xDDDD, 1729512329, 101268947, 1013, 32.27106, 1.22249, 1.33531, 0.06608, 2.50220, 1.18945, 3.02601, 3.21377, 0.00000, 3.05179, 3.00828, 2.70205, 2.56344, 28.81250, 27.87500, 29.12500, 28.18750, 28.17460
0xDDDD, 1729512329, 101368952, 1014, 31.86813, 1.22249, 1.33531, 0.07011, 2.50220, 1.18300, 3.04051, 3.21297, 0.00000, 3.05179, 3.00908, 2.70125, 2.54571, 28.81250, 27.81250, 29.12500, 28.18750, 28.17460
0xDDDD, 1729512329, 101468916, 1015, 31.86813, 1.22249, 1.33531, 0.06769, 2.50300, 1.17011, 3.05744, 3.21216, 0.00000, 3.04938, 3.00828, 2.70125, 2.59004, 28.81250, 27.81250, 29.12500, 28.12500, 28.17460
0xDDDD, 1729512329, 101569556, 1016, 32.27106, 1.22249, 1.33451, 0.07656, 2.50220, 1.17817, 3.03729, 3.20410, 0.00000, 3.05179, 3.00828, 2.70205, 2.56183, 28.81250, 27.81250, 29.12500, 28.12500, 28.17460
0xDDDD, 1729512329, 101668943, 1017, 31.86813, 1.22249, 1.33451, 0.06527, 2.50220, 1.19026, 3.05341, 3.20249, 0.00000, 3.05018, 3.00908, 2.69963, 2.56183, 28.81250, 27.81250, 29.12500, 28.12500, 28.71183
0xDDDD, 1729512329, 101768941, 1018, 31.86813, 1.22249, 1.33612, 0.07897, 2.50139, 1.17897, 3.06872, 3.20168, 0.00000, 3.05179, 3.00908, 2.70125, 2.56103, 28.81250, 27.81250, 29.12500, 28.12500, 28.17460
0xDDDD, 1729512329, 101868925, 1019, 31.86813, 1.22249, 1.33370, 0.06930, 2.50220, 1.19026, 3.08242, 3.20088, 0.00000, 3.04777, 3.00908, 2.70125, 2.56183, 28.81250, 27.81250, 29.12500, 28.12500, 28.17460
0xDDDD, 1729512329, 101969651, 1020, 31.86813, 1.22249, 1.33531, 0.06850, 2.50300, 1.17575, 3.01150, 3.19927, 0.00000, 3.05179, 3.02278, 2.70205, 2.55941, 28.81250, 27.81250, 29.12500, 28.18750, 28.17460
0xDDDD, 1729512330, 102069633, 1021, 31.86813, 1.22249, 1.33451, 0.07656, 2.50220, 1.18703, 3.02278, 3.19927, 0.00000, 3.05099, 3.00828, 2.70205, 2.56344, 28.87500, 27.87500, 29.12500, 28.18750, 28.17460
0xDDDD, 1729512330, 102168944, 1022, 32.27106, 1.22249, 1.33531, 0.07092, 2.50139, 1.17575, 3.03568, 3.21780, 0.00000, 3.05099, 3.00828, 2.70044, 2.56103, 28.87500, 27.87500, 29.12500, 28.18750, 28.17460
0xDDDD, 1729512330, 102268940, 1023, 31.86813, 1.22249, 1.33531, 0.06930, 2.50300, 1.18462, 3.01392, 3.21780, 0.00000, 3.05099, 3.00908, 2.70205, 2.56344, 28.81250, 27.87500, 29.12500, 28.18750, 27.99552
0xDDDD, 1729512330, 102368941, 1024, 31.86813, 1.22249, 1.35223, 0.07897, 2.50220, 1.19026, 3.02762, 3.20813, 0.00000, 3.05018, 3.00828, 2.70125, 2.55941, 28.81250, 27.87500, 29.12500, 28.18750, 28.17460
0xDDDD, 1729512330, 102469632, 1025, 31.86813, 1.22249, 1.33531, 0.06366, 2.50220, 1.17656, 3.04132, 3.20652, 0.00000, 3.05099, 3.00908, 2.70044, 2.56103, 28.81250, 27.87500, 29.12500, 28.18750, 28.17460
0xDDDD, 1729512330, 102568957, 1026, 31.86813, 1.22249, 1.33451, 0.08300, 2.50300, 1.18703, 3.04857, 3.20491, 0.00081, 3.05099, 3.00908, 2.70125, 2.55941, 28.81250, 27.81250, 29.12500, 28.18750, 28.17460
0xDDDD, 1729512330, 102668928, 1027, 31.86813, 1.22410, 1.33531, 0.06850, 2.50300, 1.17656, 3.06147, 3.20330, 0.00000, 3.05018, 3.00828, 2.70125, 2.54249, 28.81250, 27.81250, 29.12500, 28.18750, 27.99552
0xDDDD, 1729512330, 102768947, 1028, 31.86813, 1.22249, 1.33531, 0.07978, 2.50300, 1.18542, 3.07275, 3.20330, 0.00000, 3.05018, 3.00908, 2.70205, 2.58278, 28.81250, 27.81250, 29.12500, 28.18750, 28.17460
0xDDDD, 1729512330, 102869644, 1029, 31.86813, 1.22249, 1.33531, 0.07011, 2.50300, 1.19912, 3.04938, 3.21136, 0.00000, 3.05018, 3.00908, 2.70286, 2.56264, 28.81250, 27.81250, 29.18750, 28.18750, 28.17460
0xDDDD, 1729512330, 102969694, 1030, 31.86813, 1.22249, 1.34337, 0.07333, 2.50300, 1.17897, 3.06147, 3.21136, 0.00000, 3.04938, 3.00908, 2.70205, 2.56183, 28.81250, 27.81250, 29.18750, 28.18750, 28.17460
0xDDDD, 1729512331, 103068927, 1031, 31.86813, 1.22249, 1.33531, 0.06930, 2.50300, 1.19026, 3.07275, 3.20974, 0.00000, 3.05099, 3.00908, 2.70286, 2.56344, 28.87500, 27.87500, 29.12500, 28.18750, 28.17460
0xDDDD, 1729512331, 103168941, 1032, 32.27106, 1.22249, 1.33531, 0.06608, 2.50300, 1.17495, 3.00344, 3.20974, 0.00000, 3.04938, 3.00908, 2.70286, 2.56344, 28.87500, 27.87500, 29.12500, 28.18750, 28.17460
0xDDDD, 1729512331, 103268932, 1033, 31.86813, 1.22249, 1.33531, 0.07575, 2.50300, 1.18462, 3.01795, 3.20894, 0.00000, 3.04857, 3.00908, 2.70125, 2.60212, 28.87500, 27.87500, 29.12500, 28.18750, 28.17460
0xDDDD, 1729512331, 103369651, 1034, 32.67398, 1.22249, 1.33451, 0.07978, 2.50220, 1.19026, 3.08403, 3.20813, 0.00000, 3.05179, 3.00908, 2.70205, 2.56425, 28.87500, 27.87500, 29.18750, 28.18750, 28.17460
0xDDDD, 1729512331, 103468927, 1035, 31.86813, 1.22249, 1.33451, 0.07897, 2.50381, 1.17736, 3.01070, 3.20813, 0.00000, 3.05260, 3.00908, 2.70125, 2.56264, 28.87500, 27.87500, 29.18750, 28.18750, 27.99552
0xDDDD, 1729512331, 103568965, 1036, 31.86813, 1.22249, 1.33612, 0.07897, 2.50300, 1.18623, 3.02037, 3.21861, 0.00000, 3.05018, 3.00908, 2.70205, 2.55941, 28.87500, 27.87500, 29.12500, 28.18750, 28.17460
0xDDDD, 1729512331, 103668938, 1037, 32.27106, 1.22330, 1.33451, 0.07978, 2.50300, 1.17333, 3.03165, 3.21700, 0.00000, 3.05099, 3.00828, 2.70205, 2.55941, 28.87500, 27.87500, 29.12500, 28.18750, 28.17460
0xDDDD, 1729512331, 103769555, 1038, 31.86813, 1.22249, 1.33531, 0.07414, 2.50220, 1.18300, 3.04454, 3.21377, 0.00000, 3.05179, 3.00908, 2.70205, 2.44901, 28.87500, 27.87500, 29.12500, 28.18750, 28.17460
0xDDDD, 1729512331, 103869685, 1039, 31.86813, 1.22249, 1.33451, 0.07978, 2.50220, 1.17011, 3.05582, 3.21377, 0.00000, 3.05018, 3.00908, 2.70125, 2.56505, 28.87500, 27.87500, 29.18750, 28.18750, 28.17460
0xDDDD, 1729512331, 103968944, 1040, 31.86813, 1.22168, 1.33612, 0.06769, 2.50300, 1.18139, 3.06630, 3.21055, 0.00081, 3.04615, 3.00989, 2.70286, 2.55136, 28.81250, 27.87500, 29.18750, 28.18750, 27.99552
0xDDDD, 1729512332, 104068934, 1041, 31.86813, 1.22249, 1.33451, 0.08462, 2.50300, 1.18945, 3.07033, 3.21055, 0.00000, 3.05260, 3.00908, 2.70205, 2.56344, 28.81250, 27.81250, 29.18750, 28.18750, 28.17460
0xDDDD, 1729512332, 104168948, 1042, 32.27106, 1.22249, 1.33531, 0.08300, 2.50220, 1.17414, 3.04374, 3.20813, 0.00000, 3.04938, 3.00908, 2.70125, 2.55941, 28.81250, 27.81250, 29.18750, 28.18750, 28.17460
0xDDDD, 1729512332, 104269639, 1043, 32.27106, 1.22330, 1.33451, 0.08059, 2.50220, 1.17817, 3.05582, 3.21700, 0.00000, 3.05179, 3.00908, 2.70286, 2.56183, 28.87500, 27.87500, 29.12500, 28.18750, 27.99552
0xDDDD, 1729512332, 104368944, 1044, 31.86813, 1.22249, 1.33531, 0.07978, 2.50220, 1.18542, 3.06308, 3.21458, 0.00000, 3.04938, 3.00908, 2.70125, 2.56103, 28.87500, 27.87500, 29.12500, 28.18750, 28.17460
0xDDDD, 1729512332, 104468941, 1045, 32.27106, 1.22249, 1.33531, 0.07333, 2.50220, 1.17011, 3.07194, 3.21297, 0.00000, 3.05018, 3.00828, 2.70205, 2.55941, 28.87500, 27.87500, 29.12500, 28.18750, 28.35368
0xDDDD, 1729512332, 104568932, 1046, 32.27106, 1.22330, 1.33531, 0.06850, 2.50300, 1.17736, 3.07758, 3.21055, 0.00000, 3.05099, 3.00908, 2.70286, 2.55619, 28.87500, 27.87500, 29.18750, 28.18750, 28.17460
0xDDDD, 1729512332, 104669616, 1047, 32.27106, 1.22249, 1.33451, 0.06608, 2.50220, 1.18059, 3.05099, 3.20894, 0.00000, 3.04696, 3.00908, 2.70205, 2.56022, 28.87500, 27.87500, 29.18750, 28.18750, 28.17460
0xDDDD, 1729512332, 104769649, 1048, 31.86813, 1.22249, 1.33531, 0.06608, 2.50220, 1.18623, 3.05905, 3.21780, 0.00000, 3.05018, 3.00908, 2.70125, 2.56183, 28.87500, 27.87500, 29.18750, 28.18750, 27.99552
0xDDDD, 1729512332, 104868954, 1049, 32.27106, 1.22249, 1.33451, 0.06608, 2.50300, 1.17092, 3.06308, 3.21458, 0.00000, 3.05260, 3.00908, 2.70205, 2.56183, 28.87500, 27.87500, 29.18750, 28.18750, 28.17460
0xDDDD, 1729512332, 104968985, 1050, 31.86813, 1.22330, 1.33853, 0.06850, 2.50220, 1.17414, 3.06388, 3.21377, 0.00000, 3.05179, 3.00908, 2.70125, 2.56344, 28.87500, 27.81250, 29.18750, 28.18750, 27.81644
0xDDDD, 1729512333, 105068933, 1051, 31.86813, 1.22249, 1.33451, 0.07978, 2.50220, 1.17817, 3.06388, 3.20974, 0.00000, 3.04938, 3.00908, 2.70205, 2.56022, 28.87500, 27.81250, 29.12500, 28.18750, 27.99552
0xDDDD, 1729512333, 105169640, 1052, 31.86813, 1.22249, 1.33531, 0.06930, 2.50300, 1.18139, 3.05824, 3.20571, 0.00000, 3.04938, 3.00828, 2.70205, 2.55216, 28.87500, 27.81250, 29.12500, 28.18750, 28.35368
0xDDDD, 1729512333, 105269373, 1053, 32.27106, 1.22249, 1.33451, 0.06366, 2.50220, 1.18220, 3.01473, 3.20330, 0.00000, 3.05018, 3.00908, 2.70205, 2.56425, 28.87500, 27.87500, 29.18750, 28.18750, 28.17460
0xDDDD, 1729512333, 105368955, 1054, 31.86813, 1.22249, 1.33451, 0.07495, 2.50220, 1.18381, 3.00828, 3.21941, 0.00000, 3.05099, 3.00908, 2.70205, 2.56183, 28.87500, 27.87500, 29.18750, 28.12500, 28.17460
0xDDDD, 1729512333, 105468954, 1055, 31.86813, 1.22410, 1.33531, 0.06527, 2.50381, 1.18945, 3.09209, 3.20571, 0.00000, 3.05018, 3.00828, 2.70125, 2.56022, 28.87500, 27.87500, 29.18750, 28.12500, 28.35368
0xDDDD, 1729512333, 105569630, 1056, 32.27106, 1.22168, 1.33451, 0.08139, 2.50300, 1.19106, 3.06791, 3.20330, 0.00000, 3.05099, 3.00908, 2.70125, 2.55941, 28.87500, 27.87500, 29.18750, 28.18750, 27.99552
0xDDDD, 1729512333, 105669643, 1057, 32.27106, 1.22249, 1.33531, 0.08542, 2.50139, 1.17011, 3.06630, 3.20007, 0.00000, 3.04857, 3.00908, 2.70205, 2.58520, 28.87500, 27.87500, 29.18750, 28.18750, 28.17460
0xDDDD, 1729512333, 105768956, 1058, 31.86813, 1.22249, 1.33531, 0.07333, 2.50300, 1.17656, 3.06308, 3.21700, 0.00000, 3.04938, 3.00908, 2.70286, 2.54168, 28.87500, 27.87500, 29.18750, 28.18750, 28.17460
0xDDDD, 1729512333, 105868979, 1059, 32.27106, 1.22249, 1.33451, 0.07817, 2.50300, 1.17897, 3.05582, 3.21377, 0.00000, 3.05260, 3.00908, 2.70205, 2.56667, 28.87500, 27.87500, 29.18750, 28.18750, 28.17460
0xDDDD, 1729512333, 105968929, 1060, 31.86813, 1.22168, 1.33531, 0.06366, 2.50300, 1.18139, 3.04535, 3.20974, 0.00000, 3.05018, 3.00908, 2.70366, 2.55780, 28.87500, 27.87500, 29.18750, 28.18750, 28.17460
0xDDDD, 1729512334, 106069684, 1061, 32.27106, 1.22249, 1.33451, 0.07011, 2.50220, 1.18059, 3.07839, 3.21700, 0.00000, 3.05018, 3.00828, 2.70447, 2.56022, 28.87500, 27.87500, 29.18750, 28.18750, 28.53275
0xDDDD, 1729512334, 106169365, 1062, 32.27106, 1.22249, 1.33531, 0.06447, 2.50300, 1.18462, 3.07114, 3.21297, 0.00000, 3.05179, 3.00828, 2.70125, 2.56264, 28.87500, 27.87500, 29.18750, 28.18750, 28.17460
0xDDDD, 1729512334, 106268927, 1063, 32.27106, 1.22249, 1.33531, 0.07575, 2.50220, 1.19026, 3.06066, 3.20894, 0.00000, 3.05179, 3.00828, 2.70205, 2.55941, 28.87500, 27.87500, 29.18750, 28.18750, 28.17460
0xDDDD, 1729512334, 106368950, 1064, 32.27106, 1.22249, 1.33451, 0.08139, 2.50300, 1.19429, 3.05179, 3.20410, 0.00000, 3.04857, 3.00908, 2.70125, 2.62308, 28.87500, 27.87500, 29.18750, 28.18750, 28.17460
0xDDDD, 1729512334, 106468956, 1065, 32.27106, 1.22330, 1.33370, 0.07575, 2.50300, 1.17011, 3.04293, 3.20007, 0.00000, 3.05260, 3.00989, 2.70125, 2.59165, 28.87500, 27.87500, 29.18750, 28.18750, 28.35368
0xDDDD, 1729512334, 106569550, 1066, 31.46520, 1.22168, 1.33531, 0.06447, 2.50300, 1.17092, 3.07678, 3.21458, 0.00000, 3.04938, 3.00828, 2.70447, 2.56425, 28.87500, 27.87500, 29.18750, 28.18750, 28.17460
0xDDDD, 1729512334, 106668918, 1067, 31.86813, 1.22330, 1.33612, 0.06689, 2.50300, 1.17495, 3.06549, 3.21055, 0.00000, 3.05018, 3.00828, 2.70205, 2.56344, 28.87500, 27.81250, 29.18750, 28.18750, 27.99552
0xDDDD, 1729512334, 106768948, 1068, 31.86813, 1.22249, 1.33531, 0.05480, 2.50300, 1.17897, 3.05744, 3.21700, 0.00000, 3.05099, 3.00908, 2.70125, 2.56183, 28.87500, 27.81250, 29.18750, 28.18750, 28.17460
0xDDDD, 1729512334, 106868953, 1069, 32.27106, 1.22249, 1.33451, 0.06769, 2.50220, 1.17978, 3.04777, 3.21377, 0.00000, 3.05179, 3.00908, 2.70205, 2.55941, 28.87500, 27.81250, 29.18750, 28.18750, 26.02562
0xDDDD, 1729512334, 106969663, 1070, 31.86813, 1.22249, 1.33451, 0.07495, 2.50220, 1.17897, 3.04051, 3.20894, 0.00000, 3.05179, 3.00908, 2.70125, 2.63275, 28.87500, 27.81250, 29.18750, 28.18750, 28.17460
0xDDDD, 1729512335, 107069652, 1071, 32.27106, 1.22249, 1.33451, 0.07817, 2.50220, 1.17897, 3.03165, 3.20491, 0.00000, 3.05099, 3.00828, 2.70125, 2.56344, 28.87500, 27.81250, 29.18750, 28.12500, 28.17460
0xDDDD, 1729512335, 107168924, 1072, 31.86813, 1.22249, 1.33451, 0.08220, 2.50300, 1.18220, 3.02278, 3.20007, 0.00000, 3.05179, 3.01070, 2.70125, 2.56103, 28.87500, 27.87500, 29.12500, 28.12500, 28.17460
0xDDDD, 1729512335, 107268943, 1073, 31.86813, 1.22249, 1.33531, 0.06689, 2.50300, 1.18300, 3.05985, 3.21458, 0.00000, 3.05099, 3.00908, 2.70205, 2.56183, 28.87500, 27.87500, 29.12500, 28.18750, 27.99552
0xDDDD, 1729512335, 107368946, 1074, 31.86813, 1.22249, 1.33451, 0.06689, 2.50300, 1.18381, 3.04696, 3.20168, 0.00000, 3.05179, 3.00908, 2.70205, 2.56103, 28.87500, 27.87500, 29.12500, 28.18750, 28.17460
0xDDDD, 1729512335, 107469659, 1075, 31.86813, 1.22330, 1.33451, 0.07897, 2.50300, 1.18139, 3.03810, 3.21700, 0.00000, 3.05179, 3.00908, 2.70205, 2.55941, 28.87500, 27.87500, 29.18750, 28.18750, 28.17460
0xDDDD, 1729512335, 107568949, 1076, 31.86813, 1.22249, 1.33531, 0.06447, 2.50139, 1.18703, 3.02601, 3.21216, 0.00000, 3.05179, 3.00908, 2.70125, 2.56344, 28.87500, 27.87500, 29.18750, 28.12500, 28.17460
0xDDDD, 1729512335, 107668960, 1077, 32.27106, 1.22249, 1.33531, 0.06689, 2.50300, 1.18623, 3.01553, 3.20813, 0.00000, 3.05260, 3.00828, 2.70286, 2.55861, 28.87500, 27.87500, 29.18750, 28.12500, 28.17460
0xDDDD, 1729512335, 107768917, 1078, 32.27106, 1.22330, 1.33531, 0.06930, 2.50300, 1.18703, 3.00667, 3.20410, 0.00000, 3.05260, 3.00908, 2.70286, 2.56425, 28.87500, 27.87500, 29.18750, 28.18750, 28.17460
0xDDDD, 1729512335, 107869662, 1079, 32.27106, 1.22249, 1.33531, 0.06527, 2.50220, 1.18703, 3.04938, 3.21136, 0.00000, 3.05260, 3.00908, 2.70205, 2.56264, 28.87500, 27.87500, 29.18750, 28.18750, 28.17460
0xDDDD, 1729512335, 107969666, 1080, 31.86813, 1.22249, 1.33451, 0.06689, 2.50220, 1.18864, 3.03810, 3.20571, 0.00000, 3.05099, 3.00908, 2.70125, 2.55861, 28.87500, 27.87500, 29.18750, 28.18750, 28.71183
0xDDDD, 1729512336, 108068942, 1081, 31.86813, 1.22249, 1.33612, 0.07656, 2.50381, 1.19106, 3.02440, 3.22022, 0.00000, 3.05099, 3.00908, 2.70286, 2.56103, 28.87500, 27.87500, 29.18750, 28.18750, 27.99552
0xDDDD, 1729512336, 108168932, 1082, 31.86813, 1.22249, 1.33612, 0.07897, 2.50300, 1.19187, 3.00747, 3.21297, 0.00000, 3.05179, 3.00908, 2.70205, 2.56103, 28.87500, 27.87500, 29.18750, 28.18750, 27.99552
0xDDDD, 1729512336, 108268958, 1083, 31.86813, 1.22249, 1.33531, 0.07495, 2.50300, 1.20073, 3.07194, 3.20733, 0.00000, 3.05099, 3.00908, 2.70205, 2.51429, 28.87500, 27.87500, 29.18750, 28.18750, 28.17460
0xDDDD, 1729512336, 108369634, 1084, 32.27106, 1.22330, 1.33451, 0.07978, 2.50300, 1.17011, 3.04857, 3.20330, 0.00000, 3.04535, 3.00908, 2.70205, 2.56344, 28.87500, 27.87500, 29.18750, 28.18750, 28.17460
0xDDDD, 1729512336, 108468946, 1085, 31.86813, 1.22249, 1.33531, 0.08059, 2.50381, 1.17333, 3.02520, 3.21377, 0.00000, 3.05099, 3.00908, 2.70125, 2.56183, 28.87500, 27.87500, 29.18750, 28.18750, 28.17460
0xDDDD, 1729512336, 108568924, 1086, 32.27106, 1.22249, 1.33370, 0.06125, 2.50300, 1.17172, 3.05018, 3.20813, 0.00000, 3.05260, 3.00908, 2.70205, 2.56344, 28.87500, 27.87500, 29.18750, 28.18750, 28.17460
0xDDDD, 1729512336, 108668948, 1087, 31.86813, 1.22249, 1.35062, 0.06850, 2.50300, 1.17172, 3.03326, 3.21216, 0.00000, 3.05099, 3.00828, 2.70125, 2.56183, 28.87500, 27.87500, 29.18750, 28.18750, 28.17460
0xDDDD, 1729512336, 108769573, 1088, 31.86813, 1.22249, 1.33612, 0.06930, 2.50300, 1.19106, 3.01795, 3.20571, 0.00000, 3.05099, 3.00828, 2.70205, 2.56344, 28.87500, 27.87500, 29.18750, 28.18750, 28.17460
0xDDDD, 1729512336, 108869679, 1089, 31.86813, 1.22249, 1.33451, 0.07333, 2.50220, 1.19187, 3.08000, 3.22103, 0.00000, 3.05179, 3.00828, 2.70125, 2.59326, 28.87500, 27.87500, 29.18750, 28.18750, 28.17460
0xDDDD, 1729512336, 108968929, 1090, 31.86813, 1.22249, 1.33531, 0.06527, 2.50220, 1.19348, 3.05421, 3.21216, 0.00000, 3.05099, 3.00828, 2.70286, 2.55861, 28.87500, 27.87500, 29.18750, 28.18750, 28.17460
0xDDDD, 1729512337, 109068934, 1091, 31.86813, 1.22249, 1.33531, 0.06286, 2.50139, 1.19912, 3.02520, 3.20410, 0.00000, 3.05099, 3.00908, 2.70044, 2.54168, 28.87500, 27.87500, 29.18750, 28.18750, 28.17460
0xDDDD, 1729512337, 109168929, 1092, 31.86813, 1.22249, 1.33451, 0.07011, 2.50300, 1.19026, 3.04374, 3.21538, 0.00000, 3.05099, 3.00908, 2.70205, 2.56103, 28.87500, 27.87500, 29.18750, 28.18750, 28.17460
0xDDDD, 1729512337, 109269685, 1093, 32.27106, 1.22249, 1.33451, 0.07011, 2.50220, 1.18864, 3.01553, 3.19927, 0.00081, 3.04938, 3.00828, 2.70125, 2.56022, 28.87500, 27.87500, 29.18750, 28.18750, 27.99552
0xDDDD, 1729512337, 109368933, 1094, 31.86813, 1.22249, 1.33451, 0.06286, 2.50220, 1.19106, 3.07114, 3.21136, 0.00000, 3.05099, 3.00828, 2.70205, 2.56022, 28.93750, 27.87500, 29.18750, 28.18750, 28.17460
0xDDDD, 1729512337, 109468948, 1095, 31.86813, 1.22249, 1.33451, 0.07575, 2.50300, 1.19267, 3.05824, 3.20571, 0.00000, 3.05179, 3.00908, 2.70205, 2.56022, 28.93750, 27.87500, 29.18750, 28.18750, 28.17460
0xDDDD, 1729512337, 109568937, 1096, 31.86813, 1.22249, 1.33531, 0.08059, 2.50300, 1.19187, 3.05502, 3.20007, 0.00000, 3.05099, 3.00908, 2.70044, 2.51832, 28.87500, 27.93750, 29.18750, 28.18750, 28.17460
0xDDDD, 1729512337, 109669643, 1097, 31.86813, 1.22249, 1.33531, 0.07092, 2.50300, 1.18784, 3.01634, 3.21538, 0.00000, 3.05099, 3.00908, 2.70205, 2.56183, 28.87500, 27.93750, 29.18750, 28.18750, 28.17460
0xDDDD, 1729512337, 109769660, 1098, 32.27106, 1.22249, 1.33451, 0.07253, 2.50300, 1.18703, 3.01150, 3.20168, 0.00000, 3.05260, 3.00908, 2.70125, 2.56344, 28.87500, 27.93750, 29.18750, 28.18750, 28.17460
0xDDDD, 1729512337, 109868954, 1099, 31.46520, 1.22249, 1.33531, 0.08542, 2.50220, 1.18945, 3.00908, 3.21619, 0.00000, 3.05099, 3.00908, 2.70205, 2.55861, 28.87500, 27.87500, 29.18750, 28.18750, 27.27920
0xDDDD, 1729512337, 109968978, 1100, 32.27106, 1.22249, 1.33289, 0.08462, 2.50220, 1.18784, 3.00344, 3.21297, 0.00000, 3.05099, 3.00908, 2.70044, 2.55861, 28.87500, 27.87500, 29.18750, 28.18750, 27.99552
0xDDDD, 1729512338, 110068953, 1101, 31.46520, 1.22249, 1.33451, 0.06447, 2.50220, 1.18784, 3.08886, 3.20813, 0.00000, 3.04535, 3.00828, 2.70044, 2.55861, 28.87500, 27.87500, 29.25000, 28.18750, 28.17460
0xDDDD, 1729512338, 110169640, 1102, 32.27106, 1.22249, 1.33612, 0.06850, 2.50139, 1.18542, 3.08242, 3.20249, 0.00000, 3.05179, 3.00908, 2.70205, 2.54894, 28.87500, 27.87500, 29.25000, 28.18750, 28.17460
0xDDDD, 1729512338, 110269362, 1103, 32.27106, 1.22249, 1.33451, 0.07817, 2.50300, 1.18462, 3.04051, 3.21780, 0.00000, 3.05341, 3.00908, 2.70205, 2.56103, 28.87500, 27.87500, 29.18750, 28.18750, 28.17460
0xDDDD, 1729512338, 110368939, 1104, 31.86813, 1.22249, 1.33451, 0.07333, 2.50220, 1.18462, 3.07114, 3.21216, 0.00000, 3.04615, 3.00908, 2.70205, 2.56264, 28.87500, 27.93750, 29.18750, 28.18750, 28.17460
0xDDDD, 1729512338, 110468953, 1105, 31.86813, 1.22249, 1.33451, 0.07172, 2.50300, 1.18542, 3.03165, 3.20733, 0.00000, 3.05099, 3.00908, 2.70125, 2.56264, 28.87500, 27.93750, 29.18750, 28.18750, 28.17460
0xDDDD, 1729512338, 110569640, 1106, 32.27106, 1.22249, 1.33531, 0.06447, 2.50220, 1.18300, 3.02601, 3.21297, 0.00081, 3.04938, 3.00828, 2.70125, 2.56505, 28.87500, 27.87500, 29.25000, 28.18750, 28.17460
0xDDDD, 1729512338, 110669639, 1107, 31.86813, 1.22249, 1.33531, 0.06447, 2.50220, 1.18462, 3.02198, 3.20733, 0.00000, 3.05099, 3.00908, 2.70205, 2.59648, 28.87500, 27.87500, 29.25000, 28.18750, 28.17460
0xDDDD, 1729512338, 110768947, 1108, 31.86813, 1.22330, 1.33531, 0.06366, 2.50220, 1.18462, 3.01714, 3.20330, 0.00000, 3.05018, 3.00908, 2.70205, 2.56183, 28.87500, 27.87500, 29.18750, 28.18750, 28.17460
0xDDDD, 1729512338, 110868995, 1109, 32.27106, 1.22249, 1.33612, 0.06447, 2.50220, 1.18300, 3.01070, 3.21700, 0.00000, 3.05018, 3.00908, 2.70286, 2.56989, 28.87500, 27.87500, 29.18750, 28.18750, 28.17460
0xDDDD, 1729512338, 110968925, 1110, 31.86813, 1.22249, 1.33531, 0.07092, 2.50220, 1.18139, 3.00505, 3.21136, 0.00000, 3.05099, 3.00828, 2.70205, 2.56747, 28.87500, 27.87500, 29.18750, 28.18750, 28.17460
0xDDDD, 1729512339, 111069650, 1111, 32.27106, 1.22249, 1.33451, 0.07172, 2.50300, 1.17978, 3.04454, 3.21780, 0.00000, 3.05179, 3.00908, 2.70205, 2.56264, 28.93750, 27.93750, 29.18750, 28.18750, 28.17460
0xDDDD, 1729512339, 111169375, 1112, 32.27106, 1.22249, 1.33612, 0.08139, 2.50300, 1.17736, 3.03487, 3.21055, 0.00000, 3.05018, 3.00908, 2.70125, 2.56264, 28.93750, 27.93750, 29.18750, 28.18750, 28.17460
0xDDDD, 1729512339, 111268929, 1113, 32.27106, 1.22249, 1.33612, 0.08381, 2.50220, 1.18139, 3.02117, 3.20330, 0.00000, 3.04938, 3.00828, 2.70205, 2.56103, 28.93750, 27.93750, 29.18750, 28.18750, 27.99552
0xDDDD, 1729512339, 111368921, 1114, 31.86813, 1.22249, 1.33451, 0.07011, 2.50300, 1.18300, 3.00586, 3.21619, 0.00000, 3.05179, 3.00828, 2.70205, 2.56425, 28.93750, 27.93750, 29.18750, 28.12500, 27.99552
0xDDDD, 1729512339, 111468954, 1115, 32.27106, 1.22249, 1.33531, 0.06366, 2.50300, 1.18542, 3.07355, 3.21055, 0.00000, 3.05099, 3.00908, 2.70286, 2.67868, 28.93750, 27.93750, 29.18750, 28.12500, 28.17460
0xDDDD, 1729512339, 111569601, 1116, 32.27106, 1.22249, 1.33451, 0.06769, 2.50220, 1.18542, 3.02359, 3.20330, 0.00000, 3.05099, 3.00908, 2.70205, 2.55941, 28.93750, 27.87500, 29.18750, 28.12500, 28.17460
0xDDDD, 1729512339, 111668938, 1117, 32.27106, 1.22330, 1.33531, 0.06769, 2.50300, 1.18784, 3.01070, 3.21700, 0.00081, 3.05179, 3.00908, 2.70125, 2.56022, 28.93750, 27.87500, 29.18750, 28.18750, 28.17460
0xDDDD, 1729512339, 111768954, 1118, 31.86813, 1.22249, 1.33531, 0.07414, 2.50300, 1.18945, 3.08081, 3.20168, 0.00000, 3.05099, 3.00908, 2.70205, 2.55941, 28.87500, 27.87500, 29.18750, 28.18750, 28.17460
0xDDDD, 1729512339, 111868935, 1119, 31.86813, 1.22249, 1.33531, 0.07011, 2.50220, 1.18945, 3.07033, 3.21619, 0.00000, 3.05260, 3.00908, 2.70205, 2.56425, 28.87500, 27.87500, 29.18750, 28.18750, 28.17460
0xDDDD, 1729512339, 111969659, 1120, 32.27106, 1.22249, 1.33370, 0.08220, 2.50220, 1.19187, 3.05824, 3.21055, 0.00000, 3.05260, 3.00908, 2.70205, 2.57634, 28.87500, 27.87500, 29.18750, 28.18750, 28.17460
0xDDDD, 1729512340, 112069662, 1121, 31.86813, 1.22249, 1.33451, 0.07575, 2.50220, 1.17253, 3.04535, 3.20491, 0.00000, 3.05260, 3.00908, 2.70205, 2.56103, 28.87500, 27.93750, 29.18750, 28.18750, 28.17460
0xDDDD, 1729512340, 112168926, 1122, 31.86813, 1.22249, 1.33531, 0.07414, 2.50300, 1.17656, 3.03487, 3.21861, 0.00000, 3.05260, 3.00828, 2.70205, 2.53766, 28.87500, 27.93750, 29.18750, 28.18750, 28.17460
0xDDDD, 1729512340, 112268921, 1123, 31.86813, 1.22330, 1.33531, 0.06608, 2.50300, 1.17817, 3.02681, 3.21377, 0.00000, 3.04938, 3.00908, 2.70286, 2.55700, 28.93750, 27.87500, 29.18750, 28.18750, 28.17460
0xDDDD, 1729512340, 112368954, 1124, 31.86813, 1.22249, 1.33531, 0.07978, 2.50300, 1.18059, 3.06308, 3.20652, 0.00000, 3.04938, 3.00908, 2.70125, 2.55941, 28.93750, 27.87500, 29.18750, 28.18750, 28.35368
0xDDDD, 1729512340, 112469654, 1125, 31.86813, 1.22249, 1.33612, 0.07011, 2.50300, 1.17817, 3.05421, 3.21216, 0.00000, 3.05099, 3.00908, 2.70044, 2.56103, 28.93750, 27.93750, 29.18750, 28.18750, 28.17460
0xDDDD, 1729512340, 112568932, 1126, 31.86813, 1.22330, 1.33451, 0.08542, 2.50300, 1.17978, 3.04051, 3.20571, 0.00000, 3.05018, 3.00828, 2.70125, 2.56103, 28.93750, 27.93750, 29.18750, 28.18750, 27.81644
0xDDDD, 1729512340, 112668947, 1127, 32.27106, 1.22330, 1.33612, 0.06366, 2.50300, 1.17978, 3.02681, 3.21700, 0.00000, 3.05099, 3.00908, 2.70205, 2.58520, 28.93750, 27.93750, 29.18750, 28.18750, 28.17460
0xDDDD, 1729512340, 112768947, 1128, 32.27106, 1.22330, 1.33451, 0.07656, 2.50300, 1.17817, 3.01150, 3.21136, 0.00000, 3.05099, 3.00828, 2.70205, 2.51590, 28.93750, 27.93750, 29.18750, 28.18750, 28.17460
0xDDDD, 1729512340, 112869644, 1129, 31.86813, 1.22249, 1.33531, 0.07011, 2.50300, 1.17495, 3.04051, 3.20330, 0.00000, 3.05179, 3.00908, 2.70125, 2.56264, 28.93750, 27.93750, 29.18750, 28.18750, 28.17460
0xDDDD, 1729512340, 112969650, 1130, 31.86813, 1.22249, 1.33370, 0.07414, 2.50220, 1.17656, 3.02681, 3.20652, 0.00000, 3.05260, 3.00828, 2.70205, 2.56103, 28.93750, 27.93750, 29.18750, 28.18750, 28.17460
0xDDDD, 1729512341, 113068955, 1131, 31.86813, 1.22249, 1.33612, 0.06769, 2.50220, 1.18059, 3.01150, 3.20007, 0.00000, 3.05179, 3.00828, 2.70205, 2.56264, 28.93750, 27.93750, 29.18750, 28.18750, 27.99552
0xDDDD, 1729512341, 113168958, 1132, 31.86813, 1.22249, 1.33531, 0.08059, 2.50220, 1.17897, 3.07839, 3.21297, 0.00000, 3.05099, 3.00908, 2.70125, 2.56183, 28.93750, 27.93750, 29.18750, 28.18750, 27.45828
0xDDDD, 1729512341, 113268941, 1133, 31.86813, 1.22249, 1.33451, 0.09751, 2.50220, 1.18059, 3.06147, 3.20652, 0.00000, 3.05018, 3.00908, 2.70125, 2.55780, 28.93750, 27.93750, 29.18750, 28.18750, 28.17460
0xDDDD, 1729512341, 113369669, 1134, 31.86813, 1.22249, 1.33451, 0.08220, 2.50220, 1.17736, 3.04696, 3.21861, 0.00000, 3.04857, 3.00908, 2.70205, 2.56344, 28.93750, 27.93750, 29.18750, 28.25000, 28.17460
0xDDDD, 1729512341, 113468925, 1135, 31.86813, 1.22249, 1.33531, 0.06527, 2.50220, 1.17978, 3.03326, 3.21055, 0.00000, 3.05099, 3.00908, 2.70125, 2.56264, 28.87500, 27.93750, 29.25000, 28.25000, 28.17460
0xDDDD, 1729512341, 113568948, 1136, 32.27106, 1.22249, 1.33451, 0.08059, 2.50300, 1.17897, 3.06308, 3.20410, 0.00000, 3.05018, 3.00989, 2.70205, 2.56425, 28.87500, 27.93750, 29.25000, 28.18750, 28.17460
0xDDDD, 1729512341, 113668953, 1137, 32.27106, 1.22168, 1.33531, 0.06930, 2.50220, 1.17978, 3.04777, 3.20733, 0.00000, 3.05260, 3.00908, 2.70205, 2.56183, 28.93750, 27.93750, 29.18750, 28.18750, 28.17460
0xDDDD, 1729512341, 113769581, 1138, 32.27106, 1.22249, 1.33531, 0.06689, 2.50300, 1.17897, 3.03326, 3.20007, 0.00000, 3.05099, 3.00828, 2.70044, 2.56103, 28.93750, 27.93750, 29.18750, 28.18750, 28.17460
0xDDDD, 1729512341, 113869636, 1139, 31.86813, 1.22249, 1.33531, 0.06286, 2.50220, 1.17978, 3.01714, 3.21297, 0.00000, 3.05018, 3.00828, 2.70286, 2.59084, 28.93750, 27.93750, 29.25000, 28.18750, 28.17460
0xDDDD, 1729512341, 113968948, 1140, 31.86813, 1.22249, 1.33531, 0.06608, 2.50300, 1.18139, 3.08725, 3.20491, 0.00000, 3.04938, 3.00828, 2.70125, 2.60454, 28.93750, 27.93750, 29.25000, 28.18750, 28.17460
0xDDDD, 1729512342, 114068907, 1141, 31.86813, 1.22330, 1.33531, 0.08139, 2.50300, 1.18381, 3.06469, 3.21780, 0.00000, 3.05018, 3.00908, 2.70205, 2.56908, 28.93750, 27.93750, 29.25000, 28.18750, 28.17460
0xDDDD, 1729512342, 114168942, 1142, 32.27106, 1.22249, 1.33531, 0.06689, 2.50220, 1.18462, 3.01150, 3.21055, 0.00000, 3.04777, 3.00828, 2.70205, 2.55780, 28.93750, 27.93750, 29.18750, 28.18750, 28.17460
0xDDDD, 1729512342, 114269666, 1143, 31.86813, 1.22249, 1.33531, 0.06044, 2.50300, 1.18139, 3.07758, 3.21458, 0.00000, 3.05260, 3.00908, 2.70205, 2.56344, 28.93750, 27.93750, 29.18750, 28.18750, 28.71183
0xDDDD, 1729512342, 114368951, 1144, 32.27106, 1.22330, 1.33531, 0.07656, 2.50300, 1.18220, 3.05905, 3.20652, 0.00000, 3.05018, 3.00828, 2.70044, 2.56022, 28.93750, 27.93750, 29.25000, 28.18750, 28.17460
0xDDDD, 1729512342, 114468929, 1145, 31.86813, 1.22330, 1.33451, 0.07333, 2.50300, 1.18139, 3.03810, 3.21941, 0.00000, 3.05018, 3.00908, 2.70044, 2.56264, 28.93750, 27.93750, 29.25000, 28.18750, 28.17460
0xDDDD, 1729512342, 114568948, 1146, 31.86813, 1.22249, 1.33531, 0.06608, 2.50220, 1.18139, 3.02117, 3.21136, 0.00000, 3.05099, 3.00908, 2.70205, 2.58037, 28.93750, 27.93750, 29.25000, 28.25000, 28.35368
0xDDDD, 1729512342, 114669641, 1147, 31.86813, 1.22330, 1.33531, 0.06769, 2.50220, 1.18139, 3.00264, 3.20491, 0.00000, 3.04938, 3.00908, 2.70125, 2.55861, 28.93750, 27.93750, 29.25000, 28.25000, 28.17460
0xDDDD, 1729512342, 114769669, 1148, 31.86813, 1.22249, 1.33531, 0.06286, 2.50220, 1.18059, 3.03084, 3.21780, 0.00000, 3.05179, 3.00828, 2.70205, 2.56103, 28.93750, 27.93750, 29.25000, 28.18750, 28.17460
0xDDDD, 1729512342, 114868912, 1149, 31.86813, 1.22249, 1.33451, 0.07575, 2.50300, 1.18300, 3.01392, 3.20974, 0.00000, 3.04857, 3.00908, 2.70286, 2.56103, 28.93750, 27.93750, 29.25000, 28.18750, 28.17460
0xDDDD, 1729512342, 114968979, 1150, 31.86813, 1.22249, 1.33612, 0.05238, 2.50300, 1.18059, 3.07597, 3.21297, 0.00000, 3.05099, 3.00908, 2.70125, 2.56586, 28.93750, 27.93750, 29.25000, 28.18750, 28.17460
0xDDDD, 1729512343, 115068935, 1151, 32.27106, 1.22249, 1.31758, 0.07978, 2.50220, 1.17897, 3.05502, 3.20652, 0.00000, 3.05099, 3.00908, 2.70205, 2.55861, 28.93750, 27.93750, 29.25000, 28.25000, 27.99552
0xDDDD, 1729512343, 115169681, 1152, 31.86813, 1.22330, 1.33531, 0.06366, 2.50300, 1.17495, 3.03407, 3.21700, 0.00000, 3.05179, 3.00828, 2.70125, 2.51670, 28.93750, 27.93750, 29.25000, 28.25000, 28.17460
0xDDDD, 1729512343, 115269328, 1153, 31.86813, 1.22249, 1.33451, 0.06366, 2.50300, 1.17414, 3.01150, 3.20974, 0.00000, 3.05179, 3.00828, 2.70044, 2.56183, 28.93750, 27.93750, 29.25000, 28.18750, 27.99552
0xDDDD, 1729512343, 115368935, 1154, 32.27106, 1.22249, 1.33451, 0.07656, 2.50300, 1.17575, 3.07516, 3.20330, 0.00000, 3.05018, 3.00908, 2.70205, 2.61421, 28.93750, 27.93750, 29.25000, 28.18750, 27.99552
0xDDDD, 1729512343, 115468940, 1155, 31.86813, 1.22249, 1.33451, 0.07897, 2.50300, 1.17333, 3.02037, 3.21619, 0.00000, 3.05018, 3.00908, 2.70125, 2.56264, 28.93750, 27.93750, 29.25000, 28.25000, 27.99552
0xDDDD, 1729512343, 115569648, 1156, 31.86813, 1.22330, 1.33612, 0.07333, 2.50220, 1.20154, 3.08242, 3.21861, 0.00000, 3.05018, 3.00828, 2.70205, 2.56022, 28.93750, 27.93750, 29.31250, 28.25000, 27.81644
0xDDDD, 1729512343, 115669647, 1157, 32.27106, 1.22249, 1.33531, 0.06930, 2.50220, 1.18945, 3.06066, 3.21136, 0.00000, 3.05179, 3.00908, 2.70125, 2.55780, 28.93750, 27.93750, 29.31250, 28.25000, 28.17460
0xDDDD, 1729512343, 115768946, 1158, 32.27106, 1.22249, 1.33531, 0.06930, 2.50300, 1.18945, 3.03810, 3.20410, 0.00000, 3.05179, 3.00908, 2.70125, 2.55780, 28.93750, 27.93750, 29.31250, 28.18750, 28.17460
0xDDDD, 1729512343, 115868997, 1159, 31.86813, 1.22249, 1.33451, 0.07817, 2.50300, 1.18623, 3.01634, 3.21538, 0.00000, 3.05099, 3.01070, 2.70286, 2.47319, 29.00000, 27.93750, 29.25000, 28.18750, 28.17460
0xDDDD, 1729512343, 115968925, 1160, 32.27106, 1.22249, 1.33531, 0.06527, 2.50300, 1.18462, 3.07355, 3.20733, 0.00000, 3.05018, 3.00908, 2.70125, 2.56344, 29.00000, 27.93750, 29.25000, 28.18750, 28.17460
0xDDDD, 1729512344, 116069661, 1161, 32.27106, 1.22249, 1.33531, 0.07092, 2.50300, 1.18059, 3.01473, 3.21055, 0.00000, 3.05179, 3.00828, 2.70205, 2.56183, 28.93750, 27.93750, 29.25000, 28.18750, 28.17460
0xDDDD, 1729512344, 116169359, 1162, 31.86813, 1.22330, 1.33289, 0.06286, 2.50300, 1.17978, 3.07597, 3.20249, 0.00000, 3.04857, 3.00828, 2.70205, 2.56425, 28.93750, 27.93750, 29.25000, 28.18750, 27.10012
0xDDDD, 1729512344, 116268946, 1163, 31.86813, 1.22249, 1.33531, 0.06447, 2.50300, 1.18139, 3.05341, 3.21538, 0.00000, 3.05179, 3.00908, 2.70205, 2.56183, 28.93750, 27.93750, 29.25000, 28.25000, 28.17460
0xDDDD, 1729512344, 116368958, 1164, 32.27106, 1.22249, 1.33612, 0.06608, 2.50220, 1.17736, 3.03004, 3.20813, 0.00000, 3.05018, 3.00908, 2.70125, 2.56103, 28.93750, 27.93750, 29.25000, 28.25000, 28.17460
0xDDDD, 1729512344, 116468944, 1165, 32.27106, 1.22249, 1.33612, 0.06366, 2.50300, 1.17333, 3.00667, 3.20088, 0.00000, 3.04857, 3.00908, 2.70125, 2.59729, 28.93750, 27.93750, 29.25000, 28.18750, 28.17460
0xDDDD, 1729512344, 116569573, 1166, 32.27106, 1.22330, 1.33531, 0.07333, 2.50220, 1.19106, 3.03004, 3.21377, 0.00000, 3.05260, 3.00828, 2.70286, 2.56183, 29.00000, 27.93750, 29.25000, 28.18750, 28.17460
0xDDDD, 1729512344, 116668945, 1167, 31.86813, 1.22249, 1.33531, 0.06930, 2.50300, 1.19106, 3.04051, 3.20491, 0.00000, 3.05099, 3.00908, 2.70205, 2.56022, 29.00000, 27.93750, 29.25000, 28.18750, 28.17460
0xDDDD, 1729512344, 116768934, 1168, 31.86813, 1.22330, 1.33531, 0.06689, 2.50300, 1.18623, 3.05421, 3.21538, 0.00000, 3.05260, 3.00908, 2.70286, 2.56264, 29.00000, 27.93750, 29.25000, 28.18750, 28.17460
0xDDDD, 1729512344, 116868938, 1169, 32.27106, 1.22249, 1.31758, 0.08139, 2.50300, 1.18059, 3.02198, 3.19846, 0.00000, 3.05179, 3.00908, 2.70125, 2.56022, 28.93750, 28.00000, 29.25000, 28.18750, 28.17460
0xDDDD, 1729512344, 116969640, 1170, 31.86813, 1.22249, 1.33531, 0.06930, 2.50220, 1.17333, 3.06791, 3.20974, 0.00081, 3.05179, 3.00908, 2.70125, 2.55136, 28.93750, 28.00000, 29.25000, 28.25000, 28.17460
0xDDDD, 1729512345, 117069672, 1171, 31.86813, 1.22249, 1.33451, 0.07414, 2.50300, 1.18703, 3.02762, 3.19927, 0.00000, 3.04857, 3.00908, 2.70205, 2.56747, 28.93750, 27.87500, 29.25000, 28.25000, 28.17460
0xDDDD, 1729512345, 117168937, 1172, 31.86813, 1.22249, 1.33451, 0.07978, 2.50220, 1.18542, 3.00183, 3.21136, 0.00000, 3.05018, 3.00908, 2.70205, 2.55700, 28.93750, 27.87500, 29.25000, 28.25000, 28.17460
0xDDDD, 1729512345, 117268926, 1173, 32.27106, 1.22330, 1.33451, 0.08300, 2.50300, 1.17978, 3.05663, 3.20330, 0.00000, 3.05099, 3.00828, 2.70044, 2.63033, 28.93750, 27.87500, 29.25000, 28.25000, 28.17460
0xDDDD, 1729512345, 117368940, 1174, 31.86813, 1.22249, 1.33451, 0.07817, 2.50300, 1.17575, 3.07758, 3.21538, 0.00000, 3.05099, 3.00908, 2.70125, 2.55941, 28.93750, 27.93750, 29.25000, 28.25000, 28.17460
0xDDDD, 1729512345, 117469678, 1175, 32.27106, 1.22330, 1.33692, 0.06689, 2.50220, 1.18945, 3.04777, 3.21700, 0.00000, 3.05260, 3.00908, 2.70205, 2.56586, 28.93750, 27.93750, 29.25000, 28.18750, 28.17460
0xDDDD, 1729512345, 117568935, 1176, 31.86813, 1.22249, 1.33612, 0.07011, 2.50220, 1.18462, 3.01956, 3.20894, 0.00000, 3.05099, 3.00828, 2.70205, 2.56425, 29.00000, 27.93750, 29.25000, 28.18750, 28.17460
0xDDDD, 1729512345, 117668919, 1177, 32.27106, 1.22249, 1.33451, 0.06366, 2.50300, 1.18945, 3.08000, 3.20088, 0.00000, 3.05018, 3.00908, 2.70125, 2.56264, 29.00000, 27.93750, 29.25000, 28.18750, 28.17460
0xDDDD, 1729512345, 117768946, 1178, 31.86813, 1.22249, 1.33531, 0.07817, 2.50220, 1.17575, 3.06872, 3.20571, 0.00000, 3.05099, 3.00908, 2.70125, 2.59810, 29.00000, 27.93750, 29.25000, 28.18750, 28.17460
0xDDDD, 1729512345, 117869667, 1179, 32.27106, 1.22330, 1.33531, 0.07495, 2.50300, 1.17495, 3.02278, 3.20007, 0.00000, 3.05018, 3.00908, 2.70205, 2.56183, 29.00000, 27.93750, 29.25000, 28.18750, 28.35368
0xDDDD, 1729512345, 117969658, 1180, 32.27106, 1.22249, 1.33531, 0.07172, 2.50300, 1.17414, 3.01553, 3.20571, 0.00000, 3.05099, 3.00989, 2.70286, 2.56022, 29.00000, 27.93750, 29.25000, 28.18750, 28.17460
0xDDDD, 1729512346, 118068961, 1181, 31.86813, 1.22249, 1.33451, 0.07253, 2.50220, 1.17333, 3.00747, 3.20168, 0.00000, 3.04857, 3.00908, 2.70205, 2.56022, 28.93750, 27.93750, 29.25000, 28.18750, 28.17460
0xDDDD, 1729512346, 118168938, 1182, 31.86813, 1.22330, 1.33531, 0.06527, 2.50220, 1.17253, 3.07919, 3.21700, 0.00000, 3.05179, 3.00908, 2.70125, 2.56344, 28.93750, 27.93750, 29.25000, 28.18750, 28.17460
0xDDDD, 1729512346, 118268952, 1183, 31.86813, 1.22410, 1.33612, 0.07092, 2.50220, 1.17092, 3.06549, 3.21136, 0.00000, 3.04535, 3.00828, 2.70125, 2.56264, 28.93750, 27.93750, 29.25000, 28.18750, 28.17460
0xDDDD, 1729512346, 118369657, 1184, 31.86813, 1.22249, 1.33531, 0.06850, 2.50300, 1.19106, 3.05663, 3.20571, 0.00000, 3.05099, 3.00828, 2.70205, 2.57714, 28.93750, 27.93750, 29.25000, 28.25000, 28.17460
0xDDDD, 1729512346, 118468940, 1185, 32.27106, 1.22249, 1.33531, 0.07575, 2.50220, 1.19026, 3.04615, 3.20007, 0.00000, 3.04454, 3.00908, 2.70286, 2.55619, 28.93750, 27.93750, 29.25000, 28.25000, 28.17460
0xDDDD, 1729512346, 118568923, 1186, 32.27106, 1.22249, 1.33451, 0.07495, 2.50300, 1.17172, 3.03890, 3.21377, 0.00000, 3.05099, 3.00908, 2.70125, 2.56264, 29.00000, 27.93750, 29.25000, 28.25000, 28.17460
0xDDDD, 1729512346, 118668944, 1187, 32.27106, 1.22249, 1.33531, 0.07817, 2.50300, 1.20073, 3.07516, 3.20813, 0.00000, 3.05179, 3.00908, 2.70205, 2.56022, 29.00000, 27.93750, 29.25000, 28.25000, 28.17460
0xDDDD, 1729512346, 118769546, 1188, 31.86813, 1.22249, 1.33612, 0.07656, 2.50300, 1.19187, 3.06549, 3.21136, 0.00000, 3.05179, 3.00908, 2.70205, 2.56103, 28.93750, 28.00000, 29.25000, 28.25000, 28.17460
0xDDDD, 1729512346, 118869639, 1189, 31.86813, 1.22249, 1.33531, 0.06930, 2.50300, 1.17172, 3.05260, 3.20652, 0.00000, 3.04938, 3.00908, 2.70286, 2.61421, 28.93750, 28.00000, 29.25000, 28.18750, 28.17460
0xDDDD, 1729512346, 118968947, 1190, 32.27106, 1.22249, 1.33451, 0.09026, 2.50300, 1.17414, 3.03729, 3.20088, 0.00000, 3.05179, 3.00908, 2.70205, 2.54974, 28.93750, 28.00000, 29.25000, 28.18750, 28.17460
0xDDDD, 1729512347, 119068949, 1191, 32.27106, 1.22249, 1.33612, 0.06286, 2.50300, 1.17656, 3.02440, 3.21377, 0.00000, 3.05179, 3.00908, 2.70205, 2.53927, 28.93750, 28.00000, 29.25000, 28.18750, 28.17460
0xDDDD, 1729512347, 119168933, 1192, 31.86813, 1.22249, 1.33531, 0.07575, 2.50300, 1.17736, 3.01150, 3.20813, 0.00081, 3.05099, 3.00908, 2.70125, 2.56264, 28.93750, 28.00000, 29.31250, 28.25000, 28.17460
0xDDDD, 1729512347, 119269657, 1193, 31.86813, 1.22249, 1.33451, 0.07575, 2.50300, 1.17736, 3.04535, 3.21377, 0.00000, 3.04938, 3.00908, 2.70205, 2.56103, 28.93750, 27.93750, 29.31250, 28.25000, 28.17460
0xDDDD, 1729512347, 119368937, 1194, 31.86813, 1.22249, 1.33612, 0.08381, 2.50300, 1.18139, 3.03568, 3.20733, 0.00000, 3.05421, 3.00908, 2.70125, 2.55861, 28.93750, 27.93750, 29.31250, 28.25000, 28.17460
0xDDDD, 1729512347, 119468949, 1195, 31.86813, 1.22249, 1.33612, 0.06366, 2.50220, 1.18300, 3.02762, 3.20088, 0.00000, 3.05099, 3.00828, 2.70205, 2.56103, 28.93750, 27.93750, 29.25000, 28.25000, 27.81644
0xDDDD, 1729512347, 119568926, 1196, 31.86813, 1.22249, 1.33531, 0.07092, 2.50300, 1.18220, 3.01392, 3.21619, 0.00000, 3.05179, 3.00989, 2.70125, 2.56264, 28.93750, 27.93750, 29.25000, 28.18750, 28.17460
0xDDDD, 1729512347, 119669629, 1197, 32.27106, 1.22330, 1.33531, 0.06125, 2.50300, 1.17978, 3.01634, 3.20974, 0.00000, 3.05099, 3.00908, 2.70125, 2.51509, 28.93750, 27.93750, 29.25000, 28.18750, 28.17460
0xDDDD, 1729512347, 119769636, 1198, 32.27106, 1.22249, 1.33451, 0.08381, 2.50300, 1.17575, 3.03487, 3.20410, 0.00000, 3.05018, 3.00908, 2.70286, 2.56183, 28.93750, 27.93750, 29.25000, 28.18750, 28.17460
0xDDDD, 1729512347, 119868947, 1199, 31.86813, 1.22249, 1.33612, 0.07897, 2.50300, 1.17575, 3.01875, 3.21700, 0.00000, 3.04938, 3.00908, 2.70205, 2.56344, 28.93750, 27.93750, 29.25000, 28.25000, 28.17460
0xDDDD, 1729512347, 119969009, 1200, 32.27106, 1.22249, 1.33531, 0.07253, 2.50300, 1.17333, 3.00344, 3.22103, 0.00000, 3.05179, 3.00908, 2.70205, 2.56183, 28.93750, 27.93750, 29.25000, 28.25000, 28.17460
0xDDDD, 1729512348, 120068934, 1201, 31.86813, 1.22249, 1.33370, 0.08945, 2.50300, 1.17414, 3.06952, 3.21458, 0.00000, 3.05099, 3.00908, 2.70125, 2.56022, 28.93750, 27.93750, 29.25000, 28.25000, 27.81644
0xDDDD, 1729512348, 120169642, 1202, 32.27106, 1.22249, 1.33451, 0.08462, 2.50300, 1.17092, 3.04938, 3.20733, 0.00000, 3.05099, 3.00908, 2.70125, 2.55297, 28.93750, 27.93750, 29.25000, 28.25000, 28.17460
0xDDDD, 1729512348, 120269376, 1203, 32.27106, 1.22249, 1.33531, 0.06930, 2.50300, 1.19106, 3.03084, 3.20007, 0.00000, 3.05099, 3.00908, 2.70125, 2.62711, 28.93750, 27.93750, 29.25000, 28.25000, 28.17460
0xDDDD, 1729512348, 120368913, 1204, 31.86813, 1.22249, 1.33451, 0.08623, 2.50220, 1.19267, 3.01231, 3.21377, 0.00000, 3.05099, 3.00747, 2.70125, 2.57150, 28.93750, 27.93750, 29.31250, 28.25000, 28.17460
0xDDDD, 1729512348, 120468949, 1205, 31.86813, 1.22249, 1.33531, 0.07495, 2.50300, 1.19026, 3.03971, 3.20652, 0.00000, 3.05099, 3.00908, 2.70286, 2.56344, 29.00000, 28.00000, 29.31250, 28.25000, 28.17460
0xDDDD, 1729512348, 120569642, 1206, 31.86813, 1.22249, 1.33531, 0.06769, 2.50220, 1.18542, 3.01956, 3.21055, 0.00000, 3.05099, 3.00908, 2.70205, 2.56103, 29.00000, 28.00000, 29.31250, 28.18750, 28.71183
0xDDDD, 1729512348, 120669668, 1207, 32.27106, 1.22249, 1.33531, 0.08703, 2.50220, 1.18139, 3.08081, 3.20249, 0.00000, 3.04938, 3.00908, 2.70205, 2.56022, 29.06250, 28.00000, 29.25000, 28.18750, 28.17460
0xDDDD, 1729512348, 120768935, 1208, 32.27106, 1.22249, 1.33531, 0.06205, 2.50220, 1.17817, 3.06227, 3.21619, 0.00000, 3.04938, 3.00908, 2.70286, 2.56022, 29.06250, 27.93750, 29.25000, 28.18750, 28.17460
0xDDDD, 1729512348, 120868997, 1209, 32.27106, 1.22249, 1.33451, 0.06769, 2.50220, 1.17253, 3.04454, 3.20894, 0.00000, 3.05099, 3.00908, 2.70286, 2.55538, 29.06250, 27.93750, 29.25000, 28.25000, 28.17460
0xDDDD, 1729512348, 120968947, 1210, 31.86813, 1.22249, 1.33531, 0.07011, 2.50300, 1.19106, 3.02440, 3.20088, 0.00000, 3.05099, 3.00828, 2.70286, 2.57392, 28.93750, 27.93750, 29.25000, 28.25000, 28.17460
0xDDDD, 1729512349, 121069655, 1211, 31.86813, 1.22249, 1.33531, 0.06689, 2.50300, 1.18462, 3.04938, 3.21216, 0.00000, 3.05099, 3.00908, 2.70286, 2.56264, 28.93750, 27.93750, 29.31250, 28.18750, 28.17460
0xDDDD, 1729512349, 121169323, 1212, 31.86813, 1.22249, 1.33451, 0.06527, 2.50300, 1.18059, 3.02842, 3.21619, 0.00000, 3.04535, 3.00908, 2.70205, 2.56183, 29.00000, 27.93750, 29.31250, 28.18750, 28.17460
0xDDDD, 1729512349, 121268948, 1213, 31.86813, 1.22249, 1.33531, 0.07414, 2.50300, 1.17736, 3.00908, 3.21055, 0.00000, 3.05179, 3.00908, 2.70125, 2.56344, 29.00000, 27.93750, 29.31250, 28.25000, 28.17460
0xDDDD, 1729512349, 121368942, 1214, 31.86813, 1.22249, 1.33692, 0.08139, 2.50220, 1.17092, 3.07114, 3.20330, 0.00000, 3.05099, 3.00908, 2.70205, 2.56425, 29.00000, 27.93750, 29.31250, 28.25000, 28.17460
0xDDDD, 1729512349, 121468954, 1215, 32.27106, 1.22249, 1.33531, 0.08139, 2.50300, 1.18945, 3.04857, 3.21458, 0.00000, 3.05099, 3.00908, 2.70205, 2.55941, 29.00000, 27.93750, 29.31250, 28.25000, 28.17460
0xDDDD, 1729512349, 121569547, 1216, 31.86813, 1.22330, 1.33451, 0.07656, 2.50220, 1.17978, 3.02762, 3.20813, 0.00000, 3.05099, 3.00908, 2.70205, 2.56344, 29.00000, 27.93750, 29.31250, 28.25000, 28.35368
0xDDDD, 1729512349, 121668938, 1217, 32.27106, 1.22249, 1.33531, 0.06447, 2.50300, 1.17817, 3.00344, 3.22022, 0.00000, 3.05260, 3.00828, 2.70205, 2.55377, 28.93750, 28.00000, 29.31250, 28.25000, 28.17460
0xDDDD, 1729512349, 121768942, 1218, 32.27106, 1.22330, 1.33531, 0.07736, 2.50300, 1.17333, 3.02842, 3.21297, 0.00000, 3.05260, 3.00908, 2.70125, 2.56344, 28.93750, 28.00000, 29.31250, 28.25000, 28.17460
0xDDDD, 1729512349, 121868967, 1219, 32.27106, 1.22249, 1.33451, 0.07011, 2.50220, 1.19106, 3.00344, 3.21458, 0.00000, 3.05099, 3.00908, 2.70205, 2.56344, 28.93750, 28.00000, 29.31250, 28.25000, 28.17460
0xDDDD, 1729512349, 121969648, 1220, 32.27106, 1.22330, 1.33531, 0.06850, 2.50220, 1.18300, 3.06308, 3.20733, 0.00000, 3.05179, 3.00908, 2.70125, 2.55861, 29.06250, 27.93750, 29.31250, 28.25000, 28.17460
0xDDDD, 1729512350, 122069640, 1221, 31.86813, 1.22249, 1.33531, 0.07897, 2.50300, 1.17656, 3.03729, 3.19927, 0.00000, 3.05179, 3.00908, 2.70205, 2.56344, 29.06250, 27.93750, 29.31250, 28.25000, 28.35368
0xDDDD, 1729512350, 122168947, 1222, 32.27106, 1.22249, 1.33531, 0.06527, 2.50220, 1.17092, 3.01070, 3.21136, 0.00000, 3.05179, 3.00908, 2.70205, 2.57956, 29.00000, 28.00000, 29.31250, 28.25000, 28.35368
0xDDDD, 1729512350, 122268932, 1223, 32.67398, 1.22330, 1.33531, 0.07736, 2.50220, 1.18784, 3.06711, 3.20330, 0.00000, 3.05018, 3.00908, 2.70205, 2.54894, 29.00000, 28.00000, 29.31250, 28.25000, 28.17460
0xDDDD, 1729512350, 122368928, 1224, 32.27106, 1.22249, 1.33370, 0.08381, 2.50220, 1.18059, 3.05824, 3.21458, 0.00000, 3.05099, 3.00908, 2.70125, 2.56264, 29.00000, 28.00000, 29.31250, 28.25000, 28.17460
0xDDDD, 1729512350, 122469659, 1225, 32.27106, 1.22249, 1.33451, 0.08300, 2.50220, 1.17011, 3.05744, 3.21700, 0.00000, 3.05018, 3.00828, 2.70125, 2.56022, 29.00000, 28.00000, 29.31250, 28.25000, 27.45828
0xDDDD, 1729512350, 122568953, 1226, 31.86813, 1.22249, 1.33531, 0.07172, 2.50300, 1.19267, 3.02681, 3.20894, 0.00000, 3.05018, 3.00908, 2.70205, 2.55780, 29.00000, 28.00000, 29.31250, 28.25000, 28.17460
0xDDDD, 1729512350, 122668942, 1227, 32.27106, 1.22249, 1.33531, 0.07495, 2.50220, 1.18703, 3.08000, 3.20168, 0.00000, 3.04938, 3.00828, 2.70205, 2.56103, 29.06250, 28.00000, 29.31250, 28.25000, 28.17460
0xDDDD, 1729512350, 122768946, 1228, 32.67398, 1.22249, 1.33451, 0.08139, 2.50220, 1.18220, 3.04938, 3.21538, 0.00000, 3.05099, 3.00828, 2.70205, 2.60938, 29.06250, 28.00000, 29.31250, 28.25000, 28.17460
0xDDDD, 1729512350, 122869672, 1229, 31.86813, 1.22249, 1.33451, 0.07897, 2.50300, 1.17575, 3.06872, 3.20813, 0.00000, 3.04938, 3.00828, 2.70205, 2.56183, 29.00000, 28.00000, 29.31250, 28.25000, 28.17460
0xDDDD, 1729512350, 122969660, 1230, 31.86813, 1.22249, 1.33531, 0.07736, 2.50220, 1.19590, 3.04293, 3.19927, 0.00000, 3.05179, 3.00908, 2.70205, 2.55941, 29.00000, 28.00000, 29.31250, 28.25000, 28.17460
0xDDDD, 1729512351, 123068935, 1231, 32.27106, 1.22330, 1.33612, 0.07736, 2.50300, 1.19026, 3.01473, 3.21216, 0.00000, 3.05018, 3.00908, 2.70286, 2.56103, 29.00000, 28.00000, 29.31250, 28.25000, 28.35368
0xDDDD, 1729512351, 123168930, 1232, 32.27106, 1.22249, 1.33853, 0.06769, 2.50220, 1.18703, 3.07033, 3.21458, 0.00000, 3.05179, 3.00908, 2.70205, 2.56425, 29.06250, 28.00000, 29.31250, 28.25000, 28.17460
0xDDDD, 1729512351, 123268921, 1233, 31.86813, 1.22249, 1.33451, 0.06689, 2.50220, 1.18462, 3.04454, 3.20813, 0.00000, 3.05179, 3.00908, 2.70205, 2.56425, 29.06250, 28.00000, 29.31250, 28.25000, 28.17460
0xDDDD, 1729512351, 123369676, 1234, 32.27106, 1.22330, 1.33531, 0.06608, 2.50300, 1.17817, 3.01875, 3.19927, 0.00000, 3.05018, 3.00908, 2.70205, 2.59084, 29.00000, 27.93750, 29.31250, 28.25000, 28.17460
0xDDDD, 1729512351, 123468925, 1235, 32.27106, 1.22249, 1.33531, 0.06205, 2.50300, 1.17575, 3.07516, 3.21216, 0.00000, 3.05018, 3.00828, 2.70205, 2.54168, 29.00000, 27.93750, 29.31250, 28.18750, 28.17460
0xDDDD, 1729512351, 123568939, 1236, 32.27106, 1.22249, 1.33451, 0.07495, 2.50220, 1.17092, 3.04777, 3.20491, 0.00000, 3.05099, 3.00828, 2.70125, 2.60938, 29.00000, 27.93750, 29.31250, 28.18750, 28.35368
0xDDDD, 1729512351, 123668942, 1237, 31.86813, 1.22249, 1.33531, 0.06850, 2.50300, 1.18945, 3.06711, 3.21700, 0.00000, 3.04857, 3.00828, 2.70205, 2.56264, 29.00000, 28.00000, 29.31250, 28.25000, 28.17460
0xDDDD, 1729512351, 123769576, 1238, 31.86813, 1.22249, 1.33451, 0.07011, 2.50220, 1.18220, 3.04132, 3.20007, 0.00000, 3.04938, 3.00828, 2.70125, 2.56103, 29.00000, 28.00000, 29.37500, 28.25000, 28.17460
0xDDDD, 1729512351, 123869649, 1239, 32.27106, 1.22249, 1.33451, 0.07978, 2.50220, 1.17575, 3.01473, 3.21297, 0.00000, 3.04857, 3.00908, 2.70205, 2.55780, 29.06250, 28.00000, 29.37500, 28.25000, 27.99552
0xDDDD, 1729512351, 123968938, 1240, 31.86813, 1.22249, 1.33370, 0.08059, 2.50220, 1.17575, 3.07033, 3.20571, 0.00000, 3.05099, 3.00747, 2.70205, 2.56022, 29.06250, 28.00000, 29.37500, 28.18750, 28.17460
0xDDDD, 1729512352, 124068947, 1241, 32.27106, 1.22249, 1.33531, 0.07414, 2.50220, 1.17253, 3.03971, 3.21780, 0.00000, 3.05179, 3.00908, 2.70205, 2.52315, 29.06250, 28.00000, 29.37500, 28.18750, 28.17460
0xDDDD, 1729512352, 124168939, 1242, 32.67398, 1.22249, 1.33451, 0.08220, 2.50220, 1.19670, 3.01231, 3.20974, 0.00000, 3.05179, 3.00828, 2.70205, 2.43692, 29.06250, 28.00000, 29.37500, 28.25000, 28.17460
0xDDDD, 1729512352, 124269664, 1243, 32.27106, 1.22249, 1.33531, 0.06125, 2.50220, 1.18542, 3.02842, 3.21216, 0.00000, 3.04777, 3.00828, 2.70205, 2.56344, 29.06250, 28.00000, 29.31250, 28.25000, 28.17460
0xDDDD, 1729512352, 124368965, 1244, 31.86813, 1.22249, 1.33451, 0.08059, 2.50300, 1.18139, 3.08081, 3.20410, 0.00000, 3.05018, 3.00908, 2.70205, 2.56183, 29.00000, 28.00000, 29.31250, 28.25000, 28.17460
0xDDDD, 1729512352, 124468927, 1245, 32.27106, 1.22249, 1.33531, 0.07172, 2.50220, 1.17736, 3.05179, 3.21619, 0.00000, 3.04615, 3.00908, 2.70286, 2.56344, 29.00000, 28.00000, 29.37500, 28.25000, 28.17460
0xDDDD, 1729512352, 124568959, 1246, 31.86813, 1.22249, 1.33531, 0.06608, 2.50300, 1.17011, 3.02198, 3.20813, 0.00000, 3.05179, 3.00828, 2.70286, 2.56022, 29.00000, 28.00000, 29.37500, 28.25000, 28.17460
0xDDDD, 1729512352, 124669639, 1247, 32.27106, 1.22330, 1.33531, 0.08300, 2.50220, 1.18784, 3.07516, 3.20088, 0.00000, 3.05018, 3.00828, 2.70205, 2.55941, 29.00000, 28.00000, 29.37500, 28.25000, 28.17460
0xDDDD, 1729512352, 124769682, 1248, 31.86813, 1.22249, 1.33531, 0.06608, 2.50220, 1.18220, 3.01070, 3.21377, 0.00000, 3.04938, 3.00908, 2.70044, 2.56103, 29.00000, 28.00000, 29.37500, 28.25000, 28.17460
0xDDDD, 1729512352, 124868929, 1249, 32.27106, 1.22330, 1.33531, 0.06930, 2.50300, 1.17978, 3.01634, 3.20491, 0.00000, 3.05179, 3.00908, 2.70205, 2.55861, 29.06250, 28.00000, 29.37500, 28.25000, 28.17460
0xDDDD, 1729512352, 124968980, 1250, 32.27106, 1.22330, 1.33612, 0.06930, 2.50300, 1.17333, 3.03245, 3.21700, 0.00000, 3.05018, 3.00908, 2.70125, 2.56264, 29.06250, 28.00000, 29.31250, 28.25000, 28.17460
0xDDDD, 1729512353, 125068919, 1251, 32.27106, 1.22330, 1.34176, 0.07253, 2.50300, 1.19106, 3.08564, 3.22022, 0.00000, 3.05179, 3.00908, 2.70286, 2.55941, 29.00000, 28.00000, 29.31250, 28.25000, 27.99552
0xDDDD, 1729512353, 125169668, 1252, 32.27106, 1.22249, 1.33612, 0.06930, 2.50300, 1.18381, 3.05260, 3.21136, 0.00000, 3.05179, 3.00908, 2.70125, 2.51590, 29.00000, 28.00000, 29.31250, 28.25000, 28.17460
0xDDDD, 1729512353, 125269331, 1253, 31.86813, 1.22249, 1.33531, 0.07092, 2.50300, 1.17817, 3.02440, 3.20330, 0.00000, 3.05179, 3.00908, 2.70205, 2.56103, 29.00000, 28.00000, 29.31250, 28.25000, 28.17460
0xDDDD, 1729512353, 125368926, 1254, 32.67398, 1.22249, 1.33531, 0.08059, 2.50300, 1.17575, 3.07919, 3.21538, 0.00000, 3.05179, 3.00908, 2.70205, 2.57473, 29.00000, 28.00000, 29.31250, 28.25000, 28.17460
0xDDDD, 1729512353, 125468929, 1255, 32.27106, 1.22330, 1.33531, 0.07333, 2.50300, 1.17495, 3.04454, 3.20652, 0.00000, 3.05179, 3.00908, 2.70125, 2.56264, 29.00000, 28.00000, 29.31250, 28.25000, 28.17460
0xDDDD, 1729512353, 125569643, 1256, 31.86813, 1.22249, 1.33612, 0.06769, 2.50300, 1.18542, 3.05744, 3.20974, 0.00000, 3.05260, 3.00908, 2.70205, 2.56103, 29.12500, 28.00000, 29.31250, 28.25000, 28.35368
0xDDDD, 1729512353, 125669642, 1257, 32.27106, 1.22330, 1.33531, 0.07817, 2.50220, 1.18220, 3.02440, 3.20168, 0.00000, 3.05260, 3.00908, 2.70286, 2.56022, 29.12500, 28.00000, 29.31250, 28.18750, 28.17460
0xDDDD, 1729512353, 125768922, 1258, 32.27106, 1.22249, 1.33853, 0.07575, 2.50300, 1.17736, 3.07839, 3.21297, 0.00000, 3.05099, 3.00908, 2.70205, 2.55941, 29.00000, 28.00000, 29.31250, 28.18750, 27.99552
0xDDDD, 1729512353, 125868994, 1259, 31.86813, 1.22249, 1.33531, 0.06850, 2.50300, 1.17253, 3.04615, 3.20491, 0.00000, 3.05018, 3.00828, 2.70125, 2.55861, 29.00000, 28.00000, 29.37500, 28.25000, 28.17460
0xDDDD, 1729512353, 125968945, 1260, 31.86813, 1.22249, 1.33531, 0.07736, 2.50300, 1.19106, 3.01392, 3.21538, 0.00000, 3.05099, 3.00828, 2.70286, 2.67707, 29.00000, 28.00000, 29.37500, 28.25000, 28.17460
0xDDDD, 1729512354, 126069641, 1261, 32.27106, 1.22249, 1.33531, 0.08381, 2.50300, 1.18300, 3.02762, 3.20733, 0.00000, 3.05018, 3.00828, 2.70205, 2.56183, 29.00000, 28.06250, 29.37500, 28.25000, 28.17460
0xDDDD, 1729512354, 126169344, 1262, 31.86813, 1.22249, 1.33531, 0.06850, 2.50220, 1.17656, 3.08161, 3.21055, 0.00000, 3.05018, 3.00908, 2.70205, 2.56183, 29.00000, 28.06250, 29.31250, 28.25000, 28.17460
0xDDDD, 1729512354, 126268940, 1263, 31.86813, 1.22249, 1.33451, 0.07011, 2.50220, 1.17092, 3.05018, 3.20168, 0.00000, 3.05179, 3.00828, 2.70205, 2.56183, 29.06250, 28.00000, 29.31250, 28.25000, 28.35368
0xDDDD, 1729512354, 126368936, 1264, 31.86813, 1.22168, 1.33531, 0.06447, 2.50220, 1.19026, 3.01634, 3.21377, 0.00000, 3.04535, 3.00908, 2.70205, 2.56264, 29.06250, 28.00000, 29.31250, 28.25000, 28.17460
0xDDDD, 1729512354, 126468939, 1265, 32.27106, 1.22249, 1.33531, 0.08542, 2.50220, 1.18462, 3.06711, 3.20571, 0.00000, 3.05179, 3.00908, 2.70205, 2.56103, 29.06250, 28.00000, 29.31250, 28.25000, 28.17460
0xDDDD, 1729512354, 126569606, 1266, 32.27106, 1.22249, 1.33612, 0.07575, 2.50300, 1.17656, 3.03326, 3.21700, 0.00000, 3.05179, 3.00828, 2.70125, 2.49978, 29.06250, 28.00000, 29.31250, 28.25000, 27.99552
0xDDDD, 1729512354, 126668916, 1267, 32.27106, 1.22249, 1.33531, 0.07575, 2.50220, 1.17172, 3.08725, 3.20974, 0.00000, 3.05179, 3.00908, 2.70205, 2.56264, 29.06250, 28.00000, 29.31250, 28.25000, 28.17460
0xDDDD, 1729512354, 126768943, 1268, 32.27106, 1.22249, 1.33531, 0.06689, 2.50220, 1.18945, 3.01473, 3.20088, 0.00000, 3.05099, 3.00908, 2.70125, 2.56022, 29.00000, 28.00000, 29.31250, 28.25000, 28.17460
0xDDDD, 1729512354, 126868942, 1269, 32.27106, 1.22249, 1.33531, 0.08945, 2.50300, 1.18220, 3.06308, 3.21297, 0.00000, 3.04938, 3.00828, 2.70205, 2.56022, 29.00000, 28.00000, 29.31250, 28.25000, 28.71183
0xDDDD, 1729512354, 126969653, 1270, 32.27106, 1.22330, 1.33531, 0.07011, 2.50220, 1.17656, 3.03326, 3.21538, 0.00000, 3.05179, 3.00828, 2.70366, 2.56344, 29.06250, 28.00000, 29.31250, 28.25000, 28.17460
0xDDDD, 1729512355, 127069640, 1271, 31.86813, 1.22410, 1.33531, 0.06930, 2.50300, 1.17011, 3.08725, 3.20571, 0.00000, 3.05179, 3.00828, 2.70205, 2.61099, 29.06250, 28.00000, 29.31250, 28.25000, 28.17460
0xDDDD, 1729512355, 127168945, 1272, 31.86813, 1.22249, 1.33531, 0.06689, 2.50300, 1.19106, 3.04857, 3.21941, 0.00000, 3.05099, 3.00828, 2.70205, 2.57634, 29.06250, 28.00000, 29.31250, 28.25000, 27.81644
0xDDDD, 1729512355, 127268951, 1273, 32.27106, 1.22249, 1.33531, 0.07736, 2.50300, 1.18381, 3.01553, 3.21055, 0.00000, 3.05099, 3.00908, 2.70125, 2.50139, 29.06250, 28.00000, 29.31250, 28.25000, 28.17460
0xDDDD, 1729512355, 127368930, 1274, 32.27106, 1.22330, 1.33531, 0.07333, 2.50220, 1.17817, 3.06388, 3.20249, 0.00000, 3.05099, 3.00828, 2.70125, 2.55861, 29.06250, 28.00000, 29.31250, 28.25000, 28.17460
0xDDDD, 1729512355, 127469639, 1275, 31.86813, 1.22249, 1.33531, 0.08220, 2.50300, 1.17172, 3.07758, 3.20491, 0.00000, 3.04857, 3.00908, 2.70286, 2.56103, 29.06250, 28.00000, 29.31250, 28.25000, 28.17460
0xDDDD, 1729512355, 127568955, 1276, 31.86813, 1.22249, 1.33531, 0.06850, 2.50300, 1.19106, 3.04132, 3.21619, 0.00000, 3.04857, 3.00908, 2.70125, 2.56425, 29.06250, 28.00000, 29.37500, 28.25000, 28.17460
0xDDDD, 1729512355, 127668945, 1277, 32.27106, 1.22249, 1.34418, 0.08139, 2.50220, 1.18623, 3.00747, 3.20813, 0.00000, 3.04454, 3.00908, 2.70205, 2.55861, 29.06250, 28.00000, 29.37500, 28.25000, 23.33944
0xDDDD, 1729512355, 127768958, 1278, 32.67398, 1.22249, 1.33451, 0.08300, 2.50300, 1.17897, 3.05905, 3.19927, 0.00000, 3.05018, 3.00828, 2.70125, 2.55780, 29.06250, 28.00000, 29.37500, 28.25000, 28.17460
0xDDDD, 1729512355, 127869648, 1279, 31.86813, 1.22330, 1.33531, 0.06608, 2.50220, 1.20073, 3.02278, 3.21055, 0.00000, 3.04696, 3.00828, 2.70125, 2.56022, 29.06250, 28.00000, 29.37500, 28.25000, 28.17460
0xDDDD, 1729512355, 127969659, 1280, 31.86813, 1.22249, 1.33531, 0.08059, 2.50220, 1.18864, 3.03487, 3.20249, 0.00000, 3.05179, 3.00908, 2.70125, 2.55780, 29.06250, 28.06250, 29.37500, 28.25000, 28.17460
0xDDDD, 1729512356, 128068947, 1281, 32.27106, 1.22249, 1.33531, 0.06689, 2.50220, 1.18462, 3.08161, 3.21458, 0.00000, 3.05099, 3.00828, 2.70205, 2.56022, 29.06250, 28.06250, 29.31250, 28.25000, 28.35368
0xDDDD, 1729512356, 128168949, 1282, 32.27106, 1.22249, 1.33531, 0.07736, 2.50220, 1.17656, 3.04696, 3.21780, 0.00000, 3.05260, 3.00908, 2.70205, 2.55619, 29.00000, 28.00000, 29.31250, 28.25000, 28.17460
0xDDDD, 1729512356, 128268919, 1283, 31.86813, 1.22330, 1.31597, 0.05963, 2.50220, 1.17011, 3.01070, 3.20894, 0.00000, 3.05179, 3.00908, 2.70125, 2.56425, 29.00000, 28.00000, 29.31250, 28.25000, 28.17460
0xDDDD, 1729512356, 128369639, 1284, 31.86813, 1.22330, 1.33451, 0.07414, 2.50220, 1.18381, 3.05905, 3.21941, 0.00000, 3.04696, 3.00989, 2.70125, 2.46513, 29.00000, 28.00000, 29.31250, 28.25000, 28.17460
0xDDDD, 1729512356, 128468951, 1285, 32.27106, 1.22249, 1.33531, 0.07817, 2.50300, 1.17736, 3.02440, 3.21136, 0.00000, 3.05179, 3.00908, 2.70125, 2.58278, 29.06250, 28.00000, 29.31250, 28.25000, 28.17460
0xDDDD, 1729512356, 128568935, 1286, 32.27106, 1.22168, 1.33531, 0.07897, 2.50300, 1.19187, 3.07597, 3.20330, 0.00000, 3.05099, 3.00828, 2.70286, 2.56989, 29.06250, 28.00000, 29.31250, 28.25000, 28.17460
0xDDDD, 1729512356, 128668931, 1287, 32.27106, 1.22249, 1.33531, 0.07978, 2.50220, 1.18462, 3.00505, 3.21377, 0.00000, 3.05099, 3.00828, 2.70205, 2.56344, 29.06250, 28.00000, 29.31250, 28.25000, 27.99552
0xDDDD, 1729512356, 128769603, 1288, 32.27106, 1.22330, 1.33451, 0.07575, 2.50300, 1.17575, 3.05341, 3.21619, 0.00000, 3.05099, 3.00908, 2.70205, 2.55941, 29.06250, 28.00000, 29.31250, 28.18750, 27.63736
0xDDDD, 1729512356, 128869669, 1289, 32.27106, 1.22249, 1.30791, 0.07656, 2.50220, 1.19026, 3.01795, 3.20733, 0.00000, 3.05018, 3.00828, 2.70125, 2.56103, 29.06250, 28.00000, 29.31250, 28.18750, 28.17460
0xDDDD, 1729512356, 128968924, 1290, 32.27106, 1.22249, 1.33531, 0.06850, 2.50220, 1.18381, 3.06549, 3.22022, 0.00000, 3.04696, 3.00828, 2.70205, 2.56344, 29.00000, 28.06250, 29.31250, 28.18750, 28.17460
0xDDDD, 1729512357, 129068954, 1291, 31.86813, 1.22249, 1.33531, 0.07736, 2.50220, 1.17495, 3.02842, 3.21055, 0.00000, 3.04454, 3.00828, 2.70125, 2.49333, 29.00000, 28.06250, 29.37500, 28.25000, 28.17460
0xDDDD, 1729512357, 129168924, 1292, 32.27106, 1.22249, 1.33451, 0.07897, 2.50300, 1.19106, 3.07355, 3.20168, 0.00000, 3.05179, 3.00828, 2.70286, 2.62952, 29.06250, 28.06250, 29.37500, 28.25000, 28.17460
0xDDDD, 1729512357, 129269659, 1293, 32.27106, 1.22330, 1.33451, 0.07897, 2.50300, 1.18381, 3.08081, 3.21297, 0.00000, 3.05099, 3.00828, 2.70125, 2.55941, 29.06250, 28.06250, 29.31250, 28.25000, 28.17460
0xDDDD, 1729512357, 129368937, 1294, 32.27106, 1.22330, 1.33531, 0.07575, 2.50300, 1.17817, 3.04051, 3.20330, 0.00000, 3.05260, 3.00908, 2.70205, 2.56022, 29.06250, 28.06250, 29.31250, 28.25000, 28.17460
0xDDDD, 1729512357, 129468952, 1295, 32.27106, 1.22249, 1.31758, 0.08220, 2.50300, 1.20073, 3.00425, 3.20491, 0.00000, 3.04777, 3.00828, 2.70044, 2.55941, 29.06250, 28.06250, 29.37500, 28.25000, 28.17460
0xDDDD, 1729512357, 129568926, 1296, 32.27106, 1.22249, 1.33531, 0.06850, 2.50220, 1.18623, 3.04696, 3.21377, 0.00000, 3.04615, 3.00828, 2.70366, 2.56425, 29.06250, 28.06250, 29.37500, 28.25000, 28.17460
0xDDDD, 1729512357, 129669652, 1297, 32.27106, 1.22249, 1.33531, 0.06850, 2.50220, 1.17575, 3.00828, 3.20571, 0.00000, 3.04938, 3.00828, 2.70125, 2.53524, 29.06250, 28.06250, 29.37500, 28.25000, 28.17460
0xDDDD, 1729512357, 129769675, 1298, 32.27106, 1.22249, 1.33531, 0.06930, 2.50300, 1.19267, 3.04938, 3.21619, 0.00000, 3.05179, 3.00908, 2.70125, 2.56103, 29.06250, 28.06250, 29.31250, 28.25000, 28.17460
0xDDDD, 1729512357, 129868945, 1299, 31.86813, 1.22249, 1.33531, 0.07253, 2.50220, 1.18542, 3.00828, 3.20652, 0.00000, 3.05099, 3.00828, 2.70286, 2.53604, 29.06250, 28.00000, 29.31250, 28.25000, 28.35368
0xDDDD, 1729512357, 129968981, 1300, 32.27106, 1.22249, 1.33531, 0.05963, 2.50220, 1.17817, 3.01473, 3.21619, 0.00000, 3.05099, 3.00908, 2.70125, 2.56264, 29.06250, 28.00000, 29.37500, 28.25000, 28.17460
0xDDDD, 1729512358, 130068958, 1301, 32.27106, 1.22249, 1.33531, 0.06930, 2.50220, 1.19832, 3.05663, 3.21861, 0.00000, 3.04938, 3.00908, 2.70205, 2.55941, 29.06250, 28.00000, 29.37500, 28.25000, 28.17460
0xDDDD, 1729512358, 130169676, 1302, 32.27106, 1.22249, 1.33612, 0.06608, 2.50220, 1.18300, 3.01875, 3.20974, 0.00000, 3.05099, 3.00908, 2.70125, 2.56264, 29.06250, 28.00000, 29.37500, 28.25000, 28.35368
0xDDDD, 1729512358, 130269342, 1303, 31.86813, 1.22330, 1.33531, 0.06527, 2.50300, 1.17656, 3.06066, 3.20249, 0.00000, 3.04938, 3.00828, 2.70044, 2.55700, 29.06250, 28.00000, 29.31250, 28.25000, 27.99552
0xDDDD, 1729512358, 130368938, 1304, 32.27106, 1.22330, 1.33612, 0.06447, 2.50220, 1.17414, 3.02037, 3.21216, 0.00000, 3.05179, 3.00828, 2.70205, 2.62308, 29.06250, 28.00000, 29.31250, 28.25000, 28.17460
0xDDDD, 1729512358, 130468946, 1305, 32.67398, 1.22249, 1.33612, 0.06689, 2.50300, 1.18864, 3.05985, 3.20249, 0.00000, 3.05099, 3.00908, 2.70205, 2.66982, 29.06250, 28.00000, 29.37500, 28.25000, 28.17460
0xDDDD, 1729512358, 130569648, 1306, 32.27106, 1.22249, 1.33531, 0.07495, 2.50139, 1.17736, 3.06711, 3.20491, 0.00000, 3.05099, 3.00908, 2.70286, 2.55941, 29.06250, 28.00000, 29.37500, 28.25000, 28.17460
0xDDDD, 1729512358, 130669679, 1307, 32.27106, 1.22249, 1.33612, 0.06447, 2.50300, 1.20073, 3.02520, 3.21458, 0.00000, 3.05260, 3.00908, 2.70125, 2.55941, 29.06250, 28.00000, 29.37500, 28.25000, 27.99552
0xDDDD, 1729512358, 130768952, 1308, 31.86813, 1.22330, 1.33531, 0.07253, 2.50300, 1.18623, 3.06791, 3.20491, 0.00000, 3.05179, 3.00908, 2.70044, 2.55861, 29.06250, 28.00000, 29.37500, 28.25000, 28.17460
0xDDDD, 1729512358, 130868978, 1309, 31.86813, 1.22249, 1.33531, 0.06769, 2.50220, 1.17817, 3.02681, 3.21700, 0.00000, 3.05179, 3.00908, 2.70205, 2.56103, 29.06250, 28.06250, 29.37500, 28.25000, 28.17460
0xDDDD, 1729512358, 130968931, 1310, 32.27106, 1.22249, 1.33612, 0.06689, 2.50300, 1.19348, 3.06791, 3.20733, 0.00000, 3.04938, 3.00828, 2.70286, 2.52476, 29.06250, 28.06250, 29.37500, 28.25000, 28.17460
0xDDDD, 1729512359, 131069683, 1311, 31.86813, 1.22249, 1.33612, 0.06044, 2.50220, 1.18220, 3.07436, 3.21780, 0.00000, 3.05179, 3.00908, 2.70205, 2.56183, 29.06250, 28.06250, 29.37500, 28.25000, 28.17460
0xDDDD, 1729512359, 131169334, 1312, 32.27106, 1.22249, 1.33531, 0.07333, 2.50220, 1.17575, 3.03245, 3.20813, 0.00000, 3.05099, 3.00908, 2.70286, 2.55861, 29.06250, 28.06250, 29.31250, 28.25000, 28.17460
0xDDDD, 1729512359, 131268948, 1313, 32.27106, 1.22249, 1.33531, 0.07172, 2.50220, 1.17092, 3.07275, 3.21861, 0.00000, 3.05341, 3.00828, 2.70125, 2.55941, 29.06250, 28.06250, 29.31250, 28.25000, 28.17460
0xDDDD, 1729512359, 131368913, 1314, 31.86813, 1.22168, 1.33531, 0.07817, 2.50220, 1.18381, 3.02842, 3.20007, 0.00000, 3.04857, 3.00908, 2.70286, 2.55941, 29.06250, 28.06250, 29.31250, 28.25000, 28.17460
0xDDDD, 1729512359, 131468949, 1315, 32.27106, 1.22249, 1.33612, 0.07897, 2.50220, 1.17495, 3.07033, 3.21136, 0.00000, 3.05099, 3.00828, 2.70125, 2.56264, 29.06250, 28.06250, 29.37500, 28.25000, 28.17460
0xDDDD, 1729512359, 131569573, 1316, 31.86813, 1.22330, 1.33531, 0.06527, 2.50220, 1.18623, 3.03004, 3.20088, 0.00000, 3.05099, 3.00908, 2.70205, 2.60938, 29.06250, 28.06250, 29.37500, 28.25000, 28.17460
0xDDDD, 1729512359, 131668927, 1317, 32.27106, 1.22249, 1.33531, 0.07253, 2.50300, 1.18139, 3.06952, 3.21216, 0.00000, 3.05018, 3.00828, 2.70125, 2.61260, 29.06250, 28.06250, 29.37500, 28.25000, 28.17460
0xDDDD, 1729512359, 131768937, 1318, 31.86813, 1.22330, 1.33451, 0.07172, 2.50220, 1.17011, 3.02923, 3.20330, 0.00000, 3.05179, 3.00908, 2.70286, 2.56022, 29.06250, 28.06250, 29.37500, 28.25000, 28.17460
0xDDDD, 1729512359, 131868941, 1319, 32.27106, 1.22330, 1.33531, 0.07172, 2.50220, 1.18623, 3.03165, 3.21377, 0.00000, 3.05260, 3.00908, 2.70286, 2.55780, 29.06250, 28.00000, 29.37500, 28.25000, 28.17460
0xDDDD, 1729512359, 131969647, 1320, 31.86813, 1.22330, 1.33531, 0.07333, 2.50220, 1.17333, 3.07033, 3.21538, 0.00000, 3.05179, 3.00828, 2.70205, 2.56103, 29.06250, 28.00000, 29.37500, 28.25000, 28.17460
0xDDDD, 1729512360, 132069668, 1321, 31.86813, 1.22330, 1.33531, 0.06689, 2.50300, 1.18703, 3.02601, 3.20571, 0.00000, 3.05260, 3.00908, 2.70205, 2.56103, 29.06250, 28.00000, 29.37500, 28.25000, 28.17460
0xDDDD, 1729512360, 132168918, 1322, 31.86813, 1.22249, 1.33531, 0.06689, 2.50300, 1.17978, 3.06549, 3.21700, 0.00000, 3.05179, 3.00908, 2.70205, 2.56505, 29.06250, 28.00000, 29.37500, 28.25000, 28.17460
0xDDDD, 1729512360, 132268948, 1323, 32.27106, 1.22330, 1.33531, 0.06930, 2.50300, 1.17092, 3.02198, 3.20894, 0.00000, 3.05018, 3.00908, 2.70125, 2.63919, 29.06250, 28.00000, 29.37500, 28.25000, 28.17460
0xDDDD, 1729512360, 132368945, 1324, 32.27106, 1.22249, 1.33612, 0.06850, 2.50300, 1.18623, 3.06308, 3.20088, 0.00000, 3.05099, 3.00908, 2.70286, 2.62388, 29.06250, 28.00000, 29.37500, 28.25000, 27.99552
0xDDDD, 1729512360, 132469648, 1325, 31.86813, 1.22249, 1.33451, 0.07575, 2.50300, 1.17414, 3.06469, 3.20249, 0.00000, 3.05099, 3.00908, 2.70286, 2.56264, 29.06250, 28.00000, 29.37500, 28.25000, 28.17460
0xDDDD, 1729512360, 132568947, 1326, 32.27106, 1.22249, 1.33531, 0.06850, 2.50300, 1.18864, 3.01714, 3.21377, 0.00000, 3.04615, 3.00908, 2.70205, 2.56425, 29.12500, 28.06250, 29.37500, 28.25000, 27.99552
0xDDDD, 1729512360, 132668938, 1327, 32.27106, 1.22330, 1.36029, 0.07897, 2.50300, 1.18139, 3.05421, 3.20571, 0.00000, 3.05099, 3.00908, 2.70125, 2.56264, 29.12500, 28.06250, 29.37500, 28.25000, 28.17460
0xDDDD, 1729512360, 132768943, 1328, 32.27106, 1.22249, 1.33451, 0.06769, 2.50220, 1.17172, 3.01070, 3.21538, 0.00000, 3.05179, 3.00908, 2.70286, 2.56264, 29.06250, 28.06250, 29.37500, 28.25000, 28.17460
0xDDDD, 1729512360, 132869675, 1329, 32.67398, 1.22249, 1.33531, 0.07333, 2.50300, 1.18300, 3.04777, 3.20652, 0.00000, 3.05179, 3.00908, 2.70286, 2.55216, 29.06250, 28.06250, 29.43750, 28.25000, 28.17460
0xDDDD, 1729512360, 132969652, 1330, 32.67398, 1.22249, 1.33531, 0.07817, 2.50300, 1.17414, 3.05179, 3.21780, 0.00000, 3.05179, 3.00908, 2.70205, 2.56264, 29.06250, 28.06250, 29.43750, 28.25000, 27.99552
0xDDDD, 1729512361, 133068925, 1331, 31.86813, 1.22249, 1.33451, 0.08220, 2.50220, 1.19026, 3.00425, 3.20894, 0.00000, 3.05179, 3.00908, 2.70205, 2.56425, 29.06250, 28.06250, 29.37500, 28.25000, 27.99552
0xDDDD, 1729512361, 133168946, 1332, 31.86813, 1.22249, 1.33612, 0.07172, 2.50300, 1.18220, 3.04212, 3.21861, 0.00000, 3.05018, 3.00908, 2.70286, 2.55861, 29.06250, 28.06250, 29.37500, 28.25000, 28.71183
0xDDDD, 1729512361, 133268935, 1333, 32.27106, 1.22249, 1.33612, 0.06608, 2.50300, 1.17333, 3.07678, 3.20007, 0.00000, 3.05179, 3.00908, 2.70205, 2.56183, 29.06250, 28.06250, 29.37500, 28.25000, 28.17460
0xDDDD, 1729512361, 133369641, 1334, 31.86813, 1.22330, 1.33531, 0.07817, 2.50220, 1.18462, 3.02923, 3.21055, 0.00000, 3.05099, 3.00908, 2.70125, 2.50703, 29.06250, 28.06250, 29.37500, 28.25000, 28.17460
0xDDDD, 1729512361, 133468947, 1335, 32.27106, 1.22249, 1.33531, 0.07736, 2.50462, 1.17897, 3.06388, 3.20088, 0.00000, 3.05099, 3.00908, 2.70205, 2.56747, 29.06250, 28.06250, 29.37500, 28.25000, 28.17460
0xDDDD, 1729512361, 133568944, 1336, 31.86813, 1.22330, 1.33531, 0.07011, 2.50220, 1.19106, 3.01392, 3.21055, 0.00000, 3.04938, 3.00828, 2.70205, 2.52154, 29.06250, 28.06250, 29.37500, 28.25000, 28.17460
0xDDDD, 1729512361, 133668937, 1337, 31.86813, 1.22249, 1.33612, 0.07172, 2.50220, 1.18542, 3.04857, 3.20168, 0.00000, 3.04857, 3.00908, 2.70286, 2.56103, 29.06250, 28.06250, 29.37500, 28.25000, 27.99552
0xDDDD, 1729512361, 133769574, 1338, 32.27106, 1.22249, 1.33451, 0.07414, 2.50300, 1.17495, 3.04777, 3.20410, 0.00000, 3.05099, 3.00908, 2.70205, 2.56264, 29.06250, 28.06250, 29.37500, 28.25000, 27.99552
0xDDDD, 1729512361, 133869670, 1339, 31.86813, 1.22249, 1.33612, 0.06608, 2.50300, 1.18945, 3.08081, 3.21297, 0.00000, 3.05179, 3.00908, 2.70205, 2.56425, 29.06250, 28.06250, 29.37500, 28.25000, 28.17460
0xDDDD, 1729512361, 133968951, 1340, 32.27106, 1.22249, 1.33612, 0.07897, 2.50220, 1.18300, 3.02842, 3.20410, 0.00000, 3.04857, 3.00908, 2.70286, 2.56183, 29.06250, 28.00000, 29.37500, 28.25000, 25.66747
0xDDDD, 1729512362, 134068936, 1341, 32.27106, 1.22249, 1.33531, 0.06608, 2.50220, 1.17575, 3.06469, 3.21377, 0.00000, 3.05179, 3.00828, 2.70205, 2.56183, 29.06250, 28.00000, 29.37500, 28.25000, 28.17460
0xDDDD, 1729512362, 134168928, 1342, 31.86813, 1.22249, 1.33531, 0.07333, 2.50220, 1.18945, 3.01473, 3.20571, 0.00000, 3.05018, 3.00908, 2.70205, 2.62711, 29.06250, 28.00000, 29.37500, 28.25000, 28.17460
0xDDDD, 1729512362, 134269661, 1343, 32.27106, 1.22249, 1.33531, 0.07656, 2.50300, 1.17897, 3.01473, 3.21377, 0.00000, 3.05099, 3.00908, 2.70205, 2.56183, 29.06250, 28.00000, 29.37500, 28.25000, 28.17460
0xDDDD, 1729512362, 134368939, 1344, 32.27106, 1.22249, 1.33612, 0.06447, 2.50220, 1.17092, 3.04857, 3.20571, 0.00000, 3.05099, 3.00908, 2.70205, 2.55780, 29.06250, 28.00000, 29.37500, 28.25000, 28.17460
0xDDDD, 1729512362, 134468948, 1345, 31.86813, 1.22330, 1.33531, 0.06366, 2.50300, 1.18462, 3.08000, 3.20733, 0.00000, 3.05099, 3.00908, 2.70205, 2.56264, 29.06250, 28.06250, 29.37500, 28.25000, 28.17460
0xDDDD, 1729512362, 134568953, 1346, 32.27106, 1.22249, 1.33612, 0.06125, 2.50220, 1.17575, 3.03487, 3.21780, 0.00000, 3.05179, 3.00908, 2.70205, 2.56103, 29.06250, 28.06250, 29.37500, 28.25000, 27.99552
0xDDDD, 1729512362, 134669626, 1347, 31.86813, 1.22249, 1.33531, 0.07011, 2.50300, 1.18784, 3.06711, 3.20894, 0.00000, 3.04857, 3.00908, 2.70125, 2.56667, 29.06250, 28.06250, 29.37500, 28.25000, 28.17460
0xDDDD, 1729512362, 134769688, 1348, 32.27106, 1.22249, 1.33531, 0.08300, 2.50300, 1.17736, 3.01875, 3.19927, 0.00000, 3.05179, 3.00908, 2.70125, 2.56103, 29.06250, 28.06250, 29.37500, 28.25000, 28.17460
0xDDDD, 1729512362, 134868919, 1349, 31.86813, 1.22249, 1.33612, 0.06850, 2.50381, 1.17011, 3.05663, 3.20974, 0.00000, 3.04777, 3.00828, 2.70125, 2.57150, 29.06250, 28.06250, 29.37500, 28.25000, 28.17460
0xDDDD, 1729512362, 134968986, 1350, 32.27106, 1.22249, 1.33531, 0.06930, 2.50300, 1.18220, 3.05421, 3.20088, 0.00000, 3.05018, 3.00828, 2.70205, 2.56183, 29.06250, 28.00000, 29.37500, 28.25000, 27.99552
0xDDDD, 1729512363, 135068944, 1351, 31.86813, 1.22168, 1.33451, 0.06930, 2.50220, 1.17414, 3.00586, 3.21216, 0.00000, 3.05018, 3.00908, 2.70205, 2.56425, 29.06250, 28.00000, 29.37500, 28.25000, 27.63736
0xDDDD, 1729512363, 135169667, 1352, 32.27106, 1.22249, 1.33451, 0.07414, 2.50220, 1.18703, 3.04293, 3.21297, 0.00000, 3.05099, 3.00828, 2.70125, 2.56183, 29.06250, 28.00000, 29.37500, 28.25000, 28.17460
0xDDDD, 1729512363, 135269325, 1353, 32.27106, 1.22249, 1.33612, 0.07092, 2.50300, 1.17656, 3.08000, 3.20330, 0.00000, 3.05341, 3.00828, 2.70205, 2.56344, 29.06250, 28.06250, 29.43750, 28.25000, 28.17460
0xDDDD, 1729512363, 135368946, 1354, 32.27106, 1.22249, 1.33531, 0.07011, 2.50300, 1.19106, 3.03165, 3.21377, 0.00000, 3.05018, 3.00908, 2.70125, 2.49253, 29.06250, 28.06250, 29.43750, 28.25000, 28.17460
0xDDDD, 1729512363, 135468928, 1355, 32.27106, 1.22249, 1.33531, 0.06689, 2.50300, 1.18139, 3.06711, 3.20410, 0.00000, 3.05018, 3.00908, 2.70205, 2.60535, 29.06250, 28.06250, 29.43750, 28.25000, 28.17460
0xDDDD, 1729512363, 135569642, 1356, 31.86813, 1.22330, 1.33531, 0.07495, 2.50139, 1.19106, 3.06549, 3.21619, 0.00000, 3.05099, 3.00828, 2.70044, 2.56103, 29.06250, 28.06250, 29.43750, 28.25000, 28.35368
0xDDDD, 1729512363, 135669678, 1357, 32.27106, 1.22330, 1.33531, 0.06366, 2.50220, 1.18139, 3.02117, 3.21700, 0.00000, 3.05341, 3.00828, 2.70205, 2.56022, 29.06250, 28.06250, 29.43750, 28.25000, 28.17460
0xDDDD, 1729512363, 135768944, 1358, 32.27106, 1.22168, 1.34095, 0.08139, 2.50300, 1.17011, 3.05663, 3.20894, 0.00000, 3.04374, 3.00908, 2.70125, 2.55780, 29.06250, 28.06250, 29.37500, 28.25000, 28.17460
0xDDDD, 1729512363, 135868990, 1359, 32.67398, 1.22249, 1.33531, 0.07978, 2.50300, 1.18139, 3.00747, 3.21941, 0.00000, 3.04938, 3.00908, 2.70205, 2.55941, 29.06250, 28.06250, 29.37500, 28.25000, 28.17460
0xDDDD, 1729512363, 135968947, 1360, 32.27106, 1.22249, 1.33531, 0.06608, 2.50300, 1.17253, 3.03971, 3.21055, 0.00000, 3.05341, 3.00908, 2.70125, 2.56344, 29.06250, 28.06250, 29.37500, 28.25000, 28.17460
0xDDDD, 1729512364, 136069650, 1361, 31.86813, 1.22249, 1.33612, 0.06689, 2.50220, 1.18220, 3.07597, 3.20088, 0.00000, 3.05260, 3.00828, 2.70205, 2.55861, 29.06250, 28.06250, 29.37500, 28.31250, 28.35368
0xDDDD, 1729512364, 136169359, 1362, 32.27106, 1.22249, 1.33531, 0.07656, 2.50220, 1.17092, 3.07355, 3.21216, 0.00000, 3.04454, 3.00908, 2.70286, 2.55941, 29.12500, 28.06250, 29.37500, 28.31250, 28.17460
0xDDDD, 1729512364, 136268932, 1363, 32.27106, 1.22249, 1.33531, 0.06527, 2.50300, 1.18462, 3.02278, 3.20330, 0.00000, 3.04938, 3.00828, 2.70205, 2.56103, 29.12500, 28.06250, 29.43750, 28.31250, 28.17460
0xDDDD, 1729512364, 136368961, 1364, 31.86813, 1.22330, 1.33531, 0.08381, 2.50220, 1.17414, 3.05582, 3.20652, 0.00000, 3.05099, 3.00908, 2.70205, 2.55780, 29.12500, 28.06250, 29.43750, 28.31250, 28.17460
0xDDDD, 1729512364, 136468931, 1365, 31.86813, 1.22249, 1.33451, 0.07253, 2.50300, 1.18542, 3.00667, 3.21700, 0.00000, 3.05260, 3.00908, 2.70125, 2.56022, 29.06250, 28.06250, 29.43750, 28.25000, 28.17460
0xDDDD, 1729512364, 136569555, 1366, 32.27106, 1.22249, 1.33451, 0.08220, 2.50300, 1.17414, 3.03810, 3.20813, 0.00000, 3.05260, 3.00908, 2.70286, 2.47963, 29.06250, 28.06250, 29.43750, 28.25000, 28.17460
0xDDDD, 1729512364, 136668939, 1367, 31.86813, 1.22249, 1.33612, 0.07011, 2.50220, 1.18945, 3.07114, 3.21861, 0.00000, 3.04938, 3.00908, 2.70044, 2.57795, 29.06250, 28.06250, 29.37500, 28.25000, 28.17460
0xDDDD, 1729512364, 136768939, 1368, 31.46520, 1.22249, 1.33531, 0.07575, 2.50300, 1.17656, 3.02117, 3.20974, 0.00000, 3.05018, 3.00908, 2.70286, 2.49333, 29.06250, 28.06250, 29.37500, 28.25000, 28.17460
0xDDDD, 1729512364, 136868929, 1369, 32.27106, 1.22249, 1.33612, 0.06527, 2.50300, 1.19026, 3.01795, 3.22022, 0.00000, 3.05099, 3.00828, 2.70286, 2.55941, 29.06250, 28.06250, 29.37500, 28.25000, 28.17460
0xDDDD, 1729512364, 136969679, 1370, 31.86813, 1.22249, 1.33451, 0.06769, 2.50300, 1.17575, 3.04777, 3.20088, 0.00000, 3.05099, 3.00908, 2.70286, 2.56103, 29.06250, 28.06250, 29.43750, 28.25000, 28.17460
0xDDDD, 1729512365, 137069642, 1371, 31.86813, 1.22249, 1.33531, 0.06447, 2.50220, 1.18703, 3.08322, 3.21136, 0.00000, 3.05099, 3.00908, 2.70205, 2.56344, 29.06250, 28.06250, 29.43750, 28.25000, 28.17460
0xDDDD, 1729512365, 137168948, 1372, 32.27106, 1.22249, 1.33531, 0.06689, 2.50220, 1.17736, 3.03326, 3.20168, 0.00000, 3.05099, 3.00828, 2.70205, 2.56264, 29.06250, 28.06250, 29.37500, 28.25000, 28.17460
0xDDDD, 1729512365, 137268930, 1373, 32.27106, 1.22249, 1.33531, 0.07736, 2.50220, 1.18945, 3.06469, 3.21216, 0.00000, 3.05018, 3.00908, 2.70205, 2.60132, 29.06250, 28.06250, 29.37500, 28.31250, 27.99552
0xDDDD, 1729512365, 137368942, 1374, 32.27106, 1.22249, 1.33451, 0.07736, 2.50220, 1.17897, 3.01150, 3.20249, 0.00000, 3.04857, 3.00908, 2.70205, 2.55619, 29.06250, 28.06250, 29.37500, 28.31250, 28.17460
0xDDDD, 1729512365, 137469642, 1375, 31.86813, 1.22249, 1.33531, 0.06850, 2.50300, 1.18864, 3.00908, 3.21297, 0.00000, 3.04696, 3.00908, 2.70125, 2.56183, 29.06250, 28.06250, 29.43750, 28.31250, 28.17460
0xDDDD, 1729512365, 137568955, 1376, 32.27106, 1.22249, 1.33531, 0.07172, 2.50300, 1.17817, 3.03810, 3.20330, 0.00000, 3.04615, 3.00908, 2.70205, 2.56103, 29.06250, 28.06250, 29.43750, 28.31250, 28.17460
0xDDDD, 1729512365, 137668919, 1377, 32.27106, 1.22249, 1.34579, 0.07978, 2.50220, 1.19026, 3.06791, 3.20652, 0.00000, 3.04615, 3.00908, 2.70205, 2.55861, 29.12500, 28.06250, 29.37500, 28.31250, 28.17460
0xDDDD, 1729512365, 137768947, 1378, 32.27106, 1.22249, 1.33531, 0.06689, 2.50300, 1.17897, 3.01311, 3.21700, 0.00081, 3.04857, 3.00908, 2.70205, 2.56344, 29.12500, 28.06250, 29.37500, 28.25000, 28.17460
0xDDDD, 1729512365, 137869650, 1379, 32.27106, 1.22249, 1.33612, 0.06689, 2.50300, 1.18784, 3.04293, 3.20894, 0.00000, 3.05018, 3.00828, 2.70205, 2.56344, 29.12500, 28.06250, 29.43750, 28.25000, 28.17460
0xDDDD, 1729512365, 137969639, 1380, 31.86813, 1.22249, 1.33531, 0.08139, 2.50300, 1.17495, 3.07194, 3.21861, 0.00000, 3.05018, 3.00908, 2.70125, 2.56264, 29.12500, 28.06250, 29.43750, 28.31250, 27.99552
0xDDDD, 1729512366, 138068937, 1381, 32.27106, 1.22249, 1.33612, 0.07656, 2.50300, 1.18864, 3.02278, 3.20894, 0.00000, 3.05179, 3.00908, 2.70205, 2.56183, 29.12500, 28.06250, 29.43750, 28.31250, 28.17460
0xDDDD, 1729512366, 138168944, 1382, 32.27106, 1.22330, 1.33612, 0.06608, 2.50300, 1.17978, 3.01392, 3.21941, 0.00000, 3.05018, 3.00989, 2.70366, 2.56103, 29.06250, 28.06250, 29.43750, 28.25000, 28.17460
0xDDDD, 1729512366, 138268956, 1383, 32.27106, 1.22330, 1.33612, 0.06366, 2.50300, 1.18703, 3.04374, 3.20088, 0.00081, 3.05099, 3.00908, 2.70205, 2.56103, 29.06250, 28.06250, 29.43750, 28.25000, 28.17460
0xDDDD, 1729512366, 138369675, 1384, 31.86813, 1.22249, 1.33531, 0.06769, 2.50300, 1.17092, 3.07516, 3.21136, 0.00081, 3.05179, 3.00908, 2.70125, 2.56183, 29.12500, 28.06250, 29.37500, 28.25000, 28.17460
0xDDDD, 1729512366, 138468918, 1385, 31.86813, 1.22168, 1.33531, 0.06205, 2.50300, 1.18462, 3.02037, 3.20168, 0.00000, 3.05099, 3.00908, 2.70205, 2.56425, 29.12500, 28.06250, 29.37500, 28.31250, 28.17460
0xDDDD, 1729512366, 138568954, 1386, 32.27106, 1.22249, 1.33531, 0.06366, 2.50300, 1.17172, 3.04857, 3.21216, 0.00000, 3.05099, 3.00908, 2.70125, 2.52154, 29.12500, 28.06250, 29.37500, 28.31250, 28.17460
0xDDDD, 1729512366, 138668945, 1387, 32.27106, 1.22249, 1.33531, 0.06850, 2.50300, 1.18220, 3.07919, 3.20330, 0.00000, 3.05179, 3.00908, 2.70286, 2.47158, 29.12500, 28.06250, 29.37500, 28.25000, 28.17460
0xDDDD, 1729512366, 138769559, 1388, 32.27106, 1.22249, 1.33531, 0.05883, 2.50220, 1.19509, 3.07194, 3.20410, 0.00000, 3.05179, 3.00908, 2.70205, 2.56264, 29.12500, 28.06250, 29.37500, 28.25000, 28.17460
0xDDDD, 1729512366, 138869652, 1389, 31.86813, 1.22249, 1.33451, 0.08864, 2.50220, 1.17656, 3.01714, 3.21458, 0.00000, 3.05099, 3.00908, 2.70125, 2.56022, 29.06250, 28.06250, 29.43750, 28.25000, 28.17460
0xDDDD, 1729512366, 138968939, 1390, 32.27106, 1.22249, 1.33531, 0.07414, 2.50300, 1.19106, 3.04777, 3.20410, 0.00000, 3.05179, 3.00828, 2.70205, 2.55941, 29.06250, 28.06250, 29.43750, 28.31250, 27.99552
0xDDDD, 1729512367, 139068950, 1391, 31.86813, 1.22249, 1.34740, 0.06930, 2.50300, 1.17736, 3.07758, 3.21458, 0.00000, 3.04938, 3.00828, 2.70205, 2.55941, 29.12500, 28.06250, 29.43750, 28.31250, 28.17460
0xDDDD, 1729512367, 139168941, 1392, 31.86813, 1.22330, 1.33531, 0.07414, 2.50220, 1.18703, 3.01795, 3.20491, 0.00000, 3.05179, 3.00908, 2.70205, 2.55700, 29.12500, 28.06250, 29.43750, 28.31250, 27.81644
0xDDDD, 1729512367, 139269657, 1393, 32.27106, 1.22249, 1.33531, 0.06125, 2.50220, 1.17011, 3.00586, 3.21538, 0.00000, 3.05099, 3.00908, 2.70125, 2.55941, 29.12500, 28.06250, 29.43750, 28.31250, 28.17460
0xDDDD, 1729512367, 139368915, 1394, 32.27106, 1.22249, 1.33531, 0.07978, 2.50300, 1.18220, 3.07033, 3.20571, 0.00000, 3.05099, 3.00908, 2.70286, 2.56183, 29.12500, 28.06250, 29.43750, 28.31250, 28.17460
0xDDDD, 1729512367, 139468953, 1395, 31.86813, 1.22330, 1.33531, 0.07333, 2.50300, 1.19106, 3.05985, 3.21538, 0.00000, 3.05018, 3.00828, 2.70366, 2.56103, 29.12500, 28.06250, 29.43750, 28.31250, 28.53275
0xDDDD, 1729512367, 139568939, 1396, 31.86813, 1.22249, 1.33612, 0.06286, 2.50300, 1.17736, 3.00344, 3.21619, 0.00000, 3.05179, 3.00908, 2.70205, 2.56344, 29.12500, 28.06250, 29.43750, 28.31250, 28.17460
0xDDDD, 1729512367, 139669624, 1397, 32.27106, 1.22249, 1.33531, 0.06689, 2.50300, 1.18381, 3.03084, 3.20652, 0.00000, 3.04857, 3.00908, 2.70205, 2.62872, 29.12500, 28.06250, 29.43750, 28.31250, 28.17460
0xDDDD, 1729512367, 139769669, 1398, 31.86813, 1.22249, 1.33531, 0.08059, 2.50300, 1.17092, 3.05824, 3.21780, 0.00000, 3.05260, 3.00908, 2.70286, 2.56344, 29.12500, 28.00000, 29.43750, 28.31250, 28.17460
0xDDDD, 1729512367, 139868945, 1399, 32.27106, 1.22249, 1.33531, 0.07817, 2.50300, 1.18462, 3.00264, 3.20894, 0.00000, 3.05099, 3.00828, 2.70205, 2.58440, 29.12500, 28.00000, 29.37500, 28.31250, 28.17460
0xDDDD, 1729512367, 139968998, 1400, 32.27106, 1.22249, 1.33531, 0.07736, 2.50220, 1.19106, 3.02681, 3.21780, 0.00000, 3.05179, 3.00908, 2.70286, 2.56344, 29.12500, 28.00000, 29.37500, 28.31250, 28.17460
0xDDDD, 1729512368, 140068931, 1401, 31.86813, 1.22249, 1.33531, 0.07414, 2.50220, 1.17897, 3.01634, 3.20813, 0.00000, 3.05099, 3.00908, 2.70125, 2.56344, 29.12500, 28.06250, 29.43750, 28.31250, 28.17460
0xDDDD, 1729512368, 140169671, 1402, 32.27106, 1.22249, 1.33531, 0.06769, 2.50300, 1.18542, 3.04051, 3.20813, 0.00000, 3.05179, 3.00908, 2.70125, 2.56344, 29.12500, 28.06250, 29.43750, 28.31250, 28.17460
0xDDDD, 1729512368, 140269343, 1403, 31.86813, 1.22249, 1.33612, 0.06850, 2.50220, 1.19187, 3.06791, 3.21861, 0.00000, 3.05099, 3.00908, 2.70125, 2.56264, 29.12500, 28.06250, 29.43750, 28.31250, 27.27920
0xDDDD, 1729512368, 140368937, 1404, 32.27106, 1.22249, 1.33531, 0.06366, 2.50220, 1.17897, 3.00747, 3.21055, 0.00000, 3.04938, 3.00908, 2.70205, 2.56264, 29.12500, 28.06250, 29.43750, 28.31250, 27.99552
0xDDDD, 1729512368, 140468955, 1405, 32.27106, 1.22249, 1.33612, 0.06286, 2.50220, 1.18623, 3.03084, 3.20168, 0.00000, 3.05260, 3.00908, 2.70125, 2.55619, 29.12500, 28.06250, 29.43750, 28.31250, 28.17460
0xDDDD, 1729512368, 140569634, 1406, 31.86813, 1.22249, 1.33612, 0.06527, 2.50300, 1.17253, 3.02117, 3.21136, 0.00081, 3.05018, 3.00908, 2.70125, 2.56103, 29.12500, 28.06250, 29.43750, 28.31250, 28.17460
0xDDDD, 1729512368, 140669677, 1407, 32.27106, 1.22249, 1.33531, 0.06769, 2.50300, 1.18059, 3.04615, 3.21297, 0.00000, 3.05018, 3.00989, 2.70205, 2.56264, 29.12500, 28.06250, 29.43750, 28.31250, 28.17460
0xDDDD, 1729512368, 140768935, 1408, 32.27106, 1.22249, 1.33531, 0.07736, 2.50300, 1.18864, 3.07114, 3.20249, 0.00000, 3.04938, 3.00908, 2.70125, 2.55941, 29.12500, 28.06250, 29.43750, 28.31250, 28.17460
0xDDDD, 1729512368, 140868997, 1409, 32.67398, 1.22330, 1.33612, 0.06608, 2.50220, 1.17092, 3.01070, 3.21216, 0.00000, 3.05018, 3.00828, 2.70205, 2.56505, 29.12500, 28.06250, 29.43750, 28.31250, 28.17460
0xDDDD, 1729512368, 140968934, 1410, 31.86813, 1.22249, 1.33531, 0.07333, 2.50300, 1.17817, 3.03326, 3.20249, 0.00000, 3.05018, 3.00908, 2.70125, 2.56103, 29.12500, 28.06250, 29.43750, 28.31250, 28.17460
0xDDDD, 1729512369, 141069691, 1411, 32.27106, 1.22249, 1.33451, 0.08623, 2.50300, 1.18462, 3.05744, 3.21216, 0.00000, 3.05179, 3.00908, 2.70125, 2.56103, 29.12500, 28.06250, 29.37500, 28.25000, 27.99552
0xDDDD, 1729512369, 141169318, 1412, 32.27106, 1.22249, 1.33531, 0.07172, 2.50220, 1.19187, 3.04374, 3.20168, 0.00000, 3.05179, 3.00908, 2.70125, 2.56183, 29.12500, 28.06250, 29.37500, 28.25000, 28.17460
0xDDDD, 1729512369, 141268944, 1413, 32.27106, 1.22249, 1.33531, 0.08059, 2.50300, 1.17817, 3.06469, 3.21216, 0.00000, 3.05099, 3.00908, 2.70205, 2.56344, 29.12500, 28.06250, 29.43750, 28.25000, 28.17460
0xDDDD, 1729512369, 141368937, 1414, 32.27106, 1.22330, 1.33531, 0.08139, 2.50220, 1.18784, 3.00344, 3.20249, 0.00000, 3.04857, 3.01070, 2.70205, 2.56103, 29.12500, 28.06250, 29.43750, 28.31250, 28.35368
0xDDDD, 1729512369, 141468949, 1415, 32.27106, 1.22249, 1.33531, 0.06769, 2.50300, 1.17172, 3.02520, 3.20168, 0.00081, 3.05341, 3.00908, 2.70205, 2.56344, 29.12500, 28.06250, 29.43750, 28.31250, 28.17460
0xDDDD, 1729512369, 141569551, 1416, 32.27106, 1.22249, 1.33612, 0.06366, 2.50220, 1.17656, 3.05018, 3.21297, 0.00081, 3.04857, 3.00908, 2.70205, 2.56425, 29.12500, 28.06250, 29.43750, 28.25000, 28.17460
0xDDDD, 1729512369, 141668946, 1417, 32.67398, 1.22249, 1.33531, 0.08059, 2.50220, 1.18784, 3.07516, 3.20330, 0.00000, 3.05099, 3.00908, 2.70205, 2.59971, 29.12500, 28.06250, 29.43750, 28.25000, 28.17460
0xDDDD, 1729512369, 141768939, 1418, 32.27106, 1.22249, 1.33370, 0.07897, 2.50300, 1.17414, 3.01231, 3.21216, 0.00000, 3.05018, 3.00908, 2.70044, 2.53040, 29.12500, 28.06250, 29.37500, 28.25000, 28.17460
0xDDDD, 1729512369, 141868918, 1419, 32.27106, 1.22330, 1.33531, 0.07092, 2.50300, 1.18381, 3.03407, 3.20330, 0.00000, 3.04857, 3.00908, 2.70125, 2.56022, 29.12500, 28.06250, 29.37500, 28.31250, 28.17460
0xDDDD, 1729512369, 141969650, 1420, 32.27106, 1.22330, 1.35707, 0.06769, 2.50300, 1.18864, 3.01956, 3.20410, 0.00000, 3.05179, 3.00908, 2.70205, 2.56264, 29.12500, 28.06250, 29.43750, 28.31250, 28.17460
0xDDDD, 1729512370, 142069673, 1421, 31.86813, 1.22410, 1.33531, 0.06447, 2.50300, 1.17333, 3.04051, 3.21297, 0.00000, 3.05260, 3.00828, 2.70205, 2.56344, 29.12500, 28.06250, 29.43750, 28.25000, 28.35368
0xDDDD, 1729512370, 142168939, 1422, 32.27106, 1.22330, 1.33451, 0.07736, 2.50300, 1.18462, 3.05744, 3.20249, 0.00000, 3.05179, 3.00908, 2.70286, 2.56264, 29.12500, 28.06250, 29.43750, 28.25000, 28.17460
0xDDDD, 1729512370, 142268949, 1423, 32.27106, 1.22249, 1.33531, 0.08139, 2.50300, 1.19026, 3.08081, 3.21297, 0.00000, 3.05018, 3.00908, 2.70125, 2.56103, 29.18750, 28.06250, 29.43750, 28.25000, 28.17460
0xDDDD, 1729512370, 142368935, 1424, 31.86813, 1.22330, 1.33531, 0.07495, 2.50139, 1.17817, 3.01795, 3.20249, 0.00000, 3.05260, 3.00908, 2.70205, 2.56908, 29.18750, 28.06250, 29.43750, 28.25000, 28.17460
0xDDDD, 1729512370, 142469642, 1425, 32.67398, 1.22330, 1.33531, 0.06608, 2.50220, 1.18381, 3.00264, 3.21216, 0.00081, 3.05099, 3.00908, 2.70125, 2.56022, 29.12500, 28.06250, 29.43750, 28.25000, 27.99552
0xDDDD, 1729512370, 142568936, 1426, 31.86813, 1.22249, 1.33531, 0.08059, 2.50300, 1.19187, 3.02117, 3.20168, 0.00000, 3.05099, 3.00908, 2.70286, 2.56344, 29.12500, 28.06250, 29.43750, 28.31250, 28.35368
0xDDDD, 1729512370, 142668962, 1427, 32.27106, 1.22249, 1.33531, 0.07575, 2.50220, 1.17495, 3.03971, 3.20330, 0.00000, 3.05099, 3.00989, 2.70286, 2.56022, 29.12500, 28.06250, 29.43750, 28.31250, 28.17460
0xDDDD, 1729512370, 142768941, 1428, 32.27106, 1.22249, 1.33531, 0.06769, 2.50300, 1.18139, 3.05824, 3.21458, 0.00000, 3.05099, 3.00908, 2.70125, 2.56425, 29.12500, 28.06250, 29.43750, 28.25000, 28.17460
0xDDDD, 1729512370, 142869640, 1429, 32.27106, 1.22249, 1.33612, 0.07495, 2.50300, 1.18864, 3.07758, 3.20330, 0.00000, 3.04535, 3.00908, 2.70205, 2.64000, 29.12500, 28.06250, 29.43750, 28.25000, 28.17460
0xDDDD, 1729512370, 142969673, 1430, 31.86813, 1.22249, 1.33612, 0.06608, 2.50139, 1.17092, 3.01714, 3.21297, 0.00000, 3.05099, 3.00908, 2.70125, 2.55619, 29.12500, 28.06250, 29.43750, 28.25000, 28.17460
0xDDDD, 1729512371, 143068931, 1431, 32.27106, 1.22330, 1.33531, 0.06930, 2.50220, 1.17897, 3.03568, 3.20249, 0.00000, 3.05260, 3.00908, 2.70286, 2.59245, 29.12500, 28.06250, 29.43750, 28.25000, 28.35368
0xDDDD, 1729512371, 143168933, 1432, 31.86813, 1.22330, 1.33531, 0.07736, 2.50300, 1.18542, 3.01714, 3.21216, 0.00000, 3.05099, 3.00908, 2.70125, 2.56183, 29.12500, 28.06250, 29.43750, 28.25000, 28.17460
0xDDDD, 1729512371, 143268955, 1433, 32.27106, 1.22330, 1.33612, 0.07414, 2.50300, 1.19348, 3.03890, 3.21377, 0.00000, 3.04535, 3.00908, 2.70286, 2.55941, 29.12500, 28.06250, 29.43750, 28.31250, 27.45828
0xDDDD, 1729512371, 143369669, 1434, 32.27106, 1.22330, 1.33612, 0.06608, 2.50300, 1.17495, 3.06308, 3.20249, 0.00000, 3.05018, 3.00908, 2.70205, 2.56586, 29.12500, 28.06250, 29.43750, 28.31250, 28.17460
0xDDDD, 1729512371, 143468955, 1435, 32.27106, 1.22249, 1.33531, 0.06447, 2.50220, 1.18300, 3.00505, 3.21297, 0.00000, 3.05099, 3.00908, 2.70205, 2.56344, 29.12500, 28.06250, 29.43750, 28.37500, 28.17460
0xDDDD, 1729512371, 143568943, 1436, 32.27106, 1.22330, 1.33531, 0.06608, 2.50300, 1.18864, 3.03004, 3.20168, 0.00000, 3.05018, 3.00908, 2.70205, 2.54168, 29.12500, 28.06250, 29.43750, 28.37500, 27.81644
0xDDDD, 1729512371, 143668937, 1437, 32.27106, 1.22330, 1.33531, 0.06930, 2.50462, 1.17333, 3.05179, 3.21216, 0.00000, 3.04938, 3.00908, 2.70205, 2.52154, 29.18750, 28.06250, 29.43750, 28.37500, 28.17460
0xDDDD, 1729512371, 143769579, 1438, 32.27106, 1.22249, 1.33531, 0.07011, 2.50300, 1.17736, 3.03810, 3.20249, 0.00000, 3.05179, 3.00908, 2.70205, 2.56183, 29.18750, 28.06250, 29.43750, 28.31250, 28.17460
0xDDDD, 1729512371, 143869672, 1439, 32.67398, 1.22249, 1.33289, 0.07978, 2.50220, 1.18220, 3.06227, 3.20410, 0.00000, 3.05179, 3.00908, 2.70125, 2.56103, 29.18750, 28.06250, 29.43750, 28.31250, 27.99552
0xDDDD, 1729512371, 143968926, 1440, 32.27106, 1.22330, 1.35223, 0.07897, 2.50300, 1.19187, 3.00425, 3.21377, 0.00000, 3.05099, 3.00908, 2.70125, 2.56103, 29.12500, 28.12500, 29.43750, 28.31250, 28.17460
0xDDDD, 1729512372, 144068926, 1441, 32.27106, 1.22330, 1.33370, 0.06527, 2.50220, 1.17333, 3.02520, 3.20249, 0.00000, 3.05099, 3.00908, 2.70286, 2.56103, 29.12500, 28.12500, 29.43750, 28.31250, 28.35368
0xDDDD, 1729512372, 144168946, 1442, 32.27106, 1.22249, 1.33612, 0.06366, 2.50300, 1.17978, 3.04615, 3.21377, 0.00000, 3.05099, 3.00908, 2.70286, 2.56103, 29.12500, 28.06250, 29.43750, 28.31250, 27.99552
0xDDDD, 1729512372, 144269640, 1443, 32.27106, 1.22330, 1.33531, 0.08220, 2.50220, 1.18381, 3.07033, 3.20330, 0.00000, 3.04696, 3.00908, 2.70125, 2.56425, 29.12500, 28.06250, 29.43750, 28.31250, 28.17460
0xDDDD, 1729512372, 144368928, 1444, 32.27106, 1.22330, 1.33612, 0.06850, 2.50300, 1.18864, 3.01150, 3.21297, 0.00000, 3.05260, 3.00908, 2.70205, 2.55861, 29.12500, 28.06250, 29.43750, 28.31250, 28.17460
0xDDDD, 1729512372, 144468945, 1445, 32.27106, 1.22330, 1.33531, 0.06044, 2.50300, 1.17172, 3.08081, 3.20249, 0.00000, 3.05421, 3.00908, 2.70286, 2.56344, 29.12500, 28.06250, 29.43750, 28.31250, 28.17460
0xDDDD, 1729512372, 144568961, 1446, 31.86813, 1.22330, 1.33451, 0.08381, 2.50300, 1.17575, 3.01473, 3.20249, 0.00000, 3.05099, 3.00908, 2.70125, 2.56344, 29.12500, 28.06250, 29.43750, 28.31250, 28.35368
0xDDDD, 1729512372, 144669637, 1447, 32.27106, 1.22330, 1.33612, 0.06527, 2.50300, 1.17897, 3.03568, 3.21297, 0.00000, 3.05099, 3.00908, 2.70286, 2.56183, 29.12500, 28.06250, 29.43750, 28.31250, 28.17460
0xDDDD, 1729512372, 144769647, 1448, 32.27106, 1.22330, 1.33612, 0.06527, 2.50300, 1.18300, 3.06066, 3.20410, 0.00000, 3.05099, 3.00908, 2.70205, 2.56586, 29.12500, 28.06250, 29.43750, 28.31250, 28.17460
0xDDDD, 1729512372, 144868942, 1449, 32.27106, 1.22330, 1.33612, 0.06527, 2.50300, 1.18864, 3.08322, 3.21377, 0.00000, 3.04454, 3.00908, 2.70125, 2.54249, 29.18750, 28.06250, 29.43750, 28.31250, 28.17460
0xDDDD, 1729512372, 144968987, 1450, 32.27106, 1.22249, 1.33531, 0.07172, 2.50220, 1.19106, 3.01875, 3.20410, 0.00000, 3.05179, 3.00828, 2.70044, 2.57473, 29.18750, 28.06250, 29.43750, 28.31250, 28.17460
0xDDDD, 1729512373, 145068933, 1451, 32.27106, 1.22168, 1.33531, 0.06769, 2.50300, 1.17253, 3.08322, 3.21377, 0.00000, 3.05179, 3.00828, 2.70205, 2.56183, 29.18750, 28.06250, 29.43750, 28.31250, 28.35368
0xDDDD, 1729512373, 145169677, 1452, 32.27106, 1.22249, 1.33531, 0.06850, 2.50220, 1.17656, 3.01795, 3.21297, 0.00000, 3.05179, 3.00908, 2.70205, 2.56264, 29.18750, 28.06250, 29.43750, 28.25000, 28.17460
0xDDDD, 1729512373, 145269361, 1453, 31.86813, 1.22249, 1.33531, 0.06286, 2.50220, 1.18220, 3.03648, 3.20330, 0.00000, 3.05018, 3.00908, 2.70125, 2.56264, 29.18750, 28.06250, 29.43750, 28.25000, 28.17460
0xDDDD, 1729512373, 145368940, 1454, 32.27106, 1.22249, 1.33289, 0.06850, 2.50220, 1.18945, 3.05502, 3.21216, 0.00000, 3.05099, 3.00908, 2.70125, 2.56264, 29.12500, 28.12500, 29.37500, 28.25000, 28.35368
0xDDDD, 1729512373, 145468943, 1455, 32.67398, 1.22249, 1.33451, 0.08059, 2.50300, 1.17011, 3.07436, 3.20249, 0.00000, 3.05179, 3.00908, 2.70205, 2.56667, 29.12500, 28.12500, 29.37500, 28.31250, 28.17460
0xDDDD, 1729512373, 145569650, 1456, 32.27106, 1.22330, 1.33531, 0.07253, 2.50220, 1.17333, 3.05260, 3.21055, 0.00000, 3.05099, 3.00908, 2.70125, 2.56103, 29.12500, 28.06250, 29.43750, 28.31250, 28.17460
0xDDDD, 1729512373, 145669631, 1457, 32.27106, 1.22330, 1.33531, 0.07011, 2.50220, 1.17897, 3.07114, 3.22022, 0.00000, 3.04938, 3.00908, 2.70205, 2.56344, 29.12500, 28.06250, 29.43750, 28.31250, 28.17460
0xDDDD, 1729512373, 145768954, 1458, 31.86813, 1.22249, 1.33531, 0.07495, 2.50300, 1.18703, 3.00586, 3.20894, 0.00000, 3.05018, 3.00908, 2.70125, 2.56022, 29.12500, 28.06250, 29.43750, 28.31250, 28.17460
0xDDDD, 1729512373, 145868985, 1459, 32.27106, 1.22330, 1.33370, 0.08220, 2.50220, 1.19106, 3.02198, 3.20813, 0.00000, 3.05099, 3.00908, 2.70286, 2.56103, 29.18750, 28.06250, 29.50000, 28.31250, 28.17460
0xDDDD, 1729512373, 145968956, 1460, 32.27106, 1.22249, 1.33531, 0.07495, 2.50220, 1.17253, 3.03890, 3.21861, 0.00000, 3.05099, 3.00828, 2.70125, 2.56103, 29.18750, 28.06250, 29.50000, 28.31250, 28.17460
0xDDDD, 1729512374, 146069676, 1461, 32.27106, 1.22249, 1.33531, 0.07495, 2.50300, 1.17495, 3.05502, 3.20813, 0.00000, 3.05179, 3.00828, 2.70044, 2.56586, 29.18750, 28.06250, 29.43750, 28.31250, 28.35368
0xDDDD, 1729512374, 146169366, 1462, 32.27106, 1.22249, 1.33612, 0.07172, 2.50220, 1.18059, 3.06872, 3.21700, 0.00000, 3.04374, 3.00908, 2.70044, 2.56183, 29.18750, 28.06250, 29.43750, 28.25000, 28.35368
0xDDDD, 1729512374, 146268924, 1463, 32.27106, 1.22249, 1.33531, 0.07092, 2.50220, 1.19026, 3.00667, 3.20733, 0.00000, 3.05099, 3.00828, 2.70286, 2.56183, 29.18750, 28.06250, 29.50000, 28.25000, 28.17460
0xDDDD, 1729512374, 146368938, 1464, 31.86813, 1.22249, 1.33451, 0.06447, 2.50300, 1.17253, 3.06952, 3.21700, 0.00000, 3.05260, 3.00908, 2.70286, 2.56425, 29.18750, 28.06250, 29.50000, 28.25000, 28.17460
0xDDDD, 1729512374, 146468941, 1465, 31.86813, 1.22330, 1.33451, 0.06125, 2.50220, 1.17736, 3.00344, 3.21700, 0.00000, 3.05099, 3.00908, 2.70286, 2.56264, 29.18750, 28.06250, 29.50000, 28.25000, 28.17460
0xDDDD, 1729512374, 146569583, 1466, 32.27106, 1.22330, 1.33531, 0.07817, 2.50220, 1.18139, 3.01714, 3.20652, 0.00000, 3.05099, 3.00908, 2.70205, 2.56103, 29.18750, 28.06250, 29.50000, 28.25000, 27.99552
0xDDDD, 1729512374, 146668935, 1467, 32.27106, 1.22249, 1.33531, 0.07817, 2.50300, 1.18784, 3.03326, 3.21619, 0.00000, 3.04938, 3.00828, 2.70125, 2.56344, 29.18750, 28.06250, 29.50000, 28.31250, 28.35368
0xDDDD, 1729512374, 146768943, 1468, 32.27106, 1.22249, 1.33451, 0.08059, 2.50300, 1.17333, 3.04938, 3.20652, 0.00000, 3.04938, 3.00908, 2.70286, 2.62791, 29.18750, 28.06250, 29.43750, 28.31250, 28.17460
0xDDDD, 1729512374, 146868932, 1469, 32.27106, 1.22249, 1.33612, 0.07575, 2.50220, 1.17656, 3.06549, 3.21538, 0.00000, 3.05179, 3.00828, 2.70125, 2.56022, 29.18750, 28.06250, 29.43750, 28.31250, 28.17460
0xDDDD, 1729512374, 146969662, 1470, 31.86813, 1.22249, 1.33531, 0.07817, 2.50220, 1.17978, 3.04615, 3.21619, 0.00000, 3.05099, 3.00908, 2.70205, 2.56183, 29.18750, 28.06250, 29.43750, 28.31250, 28.17460
0xDDDD, 1729512375, 147069684, 1471, 32.27106, 1.22249, 1.33451, 0.08059, 2.50300, 1.18381, 3.06227, 3.20571, 0.00000, 3.04938, 3.00828, 2.70125, 2.55861, 29.12500, 28.06250, 29.43750, 28.31250, 28.17460
0xDDDD, 1729512375, 147168938, 1472, 31.86813, 1.22249, 1.34256, 0.08059, 2.50220, 1.18945, 3.08000, 3.21538, 0.00000, 3.05099, 3.00908, 2.70205, 2.55861, 29.12500, 28.06250, 29.43750, 28.31250, 28.17460
0xDDDD, 1729512375, 147268934, 1473, 32.27106, 1.22249, 1.33612, 0.06608, 2.50300, 1.19509, 3.01311, 3.20330, 0.00000, 3.05099, 3.00908, 2.70125, 2.56264, 29.12500, 28.00000, 29.50000, 28.31250, 28.17460
0xDDDD, 1729512375, 147368952, 1474, 32.27106, 1.22249, 1.33451, 0.06689, 2.50300, 1.17253, 3.02923, 3.21297, 0.00000, 3.05099, 3.00908, 2.70125, 2.58601, 29.18750, 28.00000, 29.50000, 28.31250, 28.35368
0xDDDD, 1729512375, 147469659, 1475, 32.27106, 1.22330, 1.33531, 0.07253, 2.50220, 1.17414, 3.00828, 3.20168, 0.00000, 3.05099, 3.00908, 2.70205, 2.55861, 29.18750, 28.00000, 29.50000, 28.31250, 28.35368
0xDDDD, 1729512375, 147568941, 1476, 32.27106, 1.22168, 1.33612, 0.07172, 2.50220, 1.17736, 3.02198, 3.21216, 0.00000, 3.05099, 3.00908, 2.70286, 2.56022, 29.18750, 28.06250, 29.50000, 28.31250, 28.17460
0xDDDD, 1729512375, 147668938, 1477, 32.27106, 1.22330, 1.33612, 0.06527, 2.50220, 1.18220, 3.03971, 3.20088, 0.00000, 3.05260, 3.00908, 2.70205, 2.56103, 29.18750, 28.06250, 29.50000, 28.31250, 27.63736
0xDDDD, 1729512375, 147768942, 1478, 32.67398, 1.22249, 1.33531, 0.07253, 2.50300, 1.18542, 3.05582, 3.20168, 0.00000, 3.05018, 3.00908, 2.70286, 2.55941, 29.18750, 28.12500, 29.43750, 28.31250, 28.35368
0xDDDD, 1729512375, 147869639, 1479, 32.27106, 1.22249, 1.33531, 0.08220, 2.50220, 1.18462, 3.06952, 3.21136, 0.00000, 3.04857, 3.00908, 2.70205, 2.55619, 29.18750, 28.12500, 29.43750, 28.31250, 28.17460
0xDDDD, 1729512375, 147969675, 1480, 32.27106, 1.22249, 1.33612, 0.07817, 2.50381, 1.18623, 3.03568, 3.20007, 0.00000, 3.05099, 3.00908, 2.70366, 2.52799, 29.18750, 28.12500, 29.50000, 28.31250, 28.17460
0xDDDD, 1729512376, 148068943, 1481, 32.27106, 1.22249, 1.33531, 0.07333, 2.50220, 1.18864, 3.01714, 3.20894, 0.00000, 3.05099, 3.00828, 2.70205, 2.56264, 29.12500, 28.06250, 29.50000, 28.31250, 28.35368
0xDDDD, 1729512376, 148168918, 1482, 32.27106, 1.22249, 1.33531, 0.07092, 2.50220, 1.19187, 3.03084, 3.21861, 0.00000, 3.05179, 3.00908, 2.70286, 2.56022, 29.12500, 28.06250, 29.50000, 28.31250, 28.17460
0xDDDD, 1729512376, 148268930, 1483, 31.86813, 1.22330, 1.33531, 0.06527, 2.50220, 1.17172, 3.00747, 3.20652, 0.00000, 3.05018, 3.00908, 2.70205, 2.56264, 29.18750, 28.06250, 29.43750, 28.31250, 27.99552
0xDDDD, 1729512376, 148369670, 1484, 32.27106, 1.22249, 1.33531, 0.07011, 2.50220, 1.17172, 3.02117, 3.20571, 0.00000, 3.05260, 3.00908, 2.70205, 2.56103, 29.18750, 28.06250, 29.43750, 28.31250, 28.35368
0xDDDD, 1729512376, 148468946, 1485, 31.86813, 1.22249, 1.34740, 0.07978, 2.50300, 1.17736, 3.03487, 3.21458, 0.00000, 3.05179, 3.00828, 2.70125, 2.55700, 29.18750, 28.06250, 29.50000, 28.31250, 28.35368
0xDDDD, 1729512376, 148568956, 1486, 32.27106, 1.22249, 1.33531, 0.08059, 2.50220, 1.17897, 3.05018, 3.20410, 0.00000, 3.05099, 3.00908, 2.70044, 2.55941, 29.18750, 28.06250, 29.50000, 28.31250, 28.35368
0xDDDD, 1729512376, 148668935, 1487, 32.27106, 1.22249, 1.33531, 0.07414, 2.50300, 1.18300, 3.06469, 3.21216, 0.00000, 3.05179, 3.00908, 2.70205, 2.56264, 29.18750, 28.06250, 29.50000, 28.31250, 28.17460
0xDDDD, 1729512376, 148769570, 1488, 32.27106, 1.22249, 1.33612, 0.06608, 2.50220, 1.18300, 3.04132, 3.20088, 0.00000, 3.05099, 3.00828, 2.70205, 2.56103, 29.18750, 28.06250, 29.50000, 28.31250, 28.17460
0xDDDD, 1729512376, 148869652, 1489, 32.27106, 1.22249, 1.33612, 0.07575, 2.50220, 1.18542, 3.05582, 3.20168, 0.00000, 3.05099, 3.00828, 2.70125, 2.55941, 29.18750, 28.06250, 29.50000, 28.31250, 28.17460
0xDDDD, 1729512376, 148968968, 1490, 31.86813, 1.22330, 1.33531, 0.07978, 2.50300, 1.19267, 3.06872, 3.21055, 0.00000, 3.04938, 3.00908, 2.70205, 2.55941, 29.18750, 28.12500, 29.50000, 28.31250, 28.17460
0xDDDD, 1729512377, 149068939, 1491, 31.86813, 1.22249, 1.33451, 0.07414, 2.50220, 1.17172, 3.08484, 3.19927, 0.00000, 3.05179, 3.00908, 2.70205, 2.56022, 29.18750, 28.12500, 29.50000, 28.31250, 28.17460
0xDDDD, 1729512377, 149168946, 1492, 32.27106, 1.22249, 1.33531, 0.06769, 2.50220, 1.17897, 3.01231, 3.20652, 0.00000, 3.05179, 3.00828, 2.70205, 2.56344, 29.18750, 28.12500, 29.50000, 28.31250, 28.17460
0xDDDD, 1729512377, 149269677, 1493, 32.27106, 1.22249, 1.33531, 0.07172, 2.50300, 1.17897, 3.02762, 3.21619, 0.00000, 3.05018, 3.00908, 2.70447, 2.56264, 29.18750, 28.06250, 29.50000, 28.31250, 28.17460
0xDDDD, 1729512377, 149368932, 1494, 31.86813, 1.22330, 1.33531, 0.06769, 2.50300, 1.18462, 3.04051, 3.20410, 0.00000, 3.05099, 3.00908, 2.70286, 2.53685, 29.18750, 28.06250, 29.50000, 28.31250, 28.17460
0xDDDD, 1729512377, 149468923, 1495, 32.27106, 1.22249, 1.33531, 0.07092, 2.50220, 1.18784, 3.01956, 3.21377, 0.00000, 3.05179, 3.00908, 2.70125, 2.56264, 29.18750, 28.06250, 29.43750, 28.31250, 28.17460
0xDDDD, 1729512377, 149568957, 1496, 31.86813, 1.22330, 1.33531, 0.07172, 2.50300, 1.19187, 3.03245, 3.21297, 0.00000, 3.05179, 3.00908, 2.70205, 2.56103, 29.18750, 28.06250, 29.43750, 28.37500, 27.45828
0xDDDD, 1729512377, 149669637, 1497, 32.67398, 1.22249, 1.33370, 0.07978, 2.50220, 1.19026, 3.04454, 3.20168, 0.00000, 3.05179, 3.00828, 2.70125, 2.56264, 29.18750, 28.06250, 29.50000, 28.37500, 28.17460
0xDDDD, 1729512377, 149769640, 1498, 32.27106, 1.22249, 1.33531, 0.06527, 2.50220, 1.17495, 3.05824, 3.20974, 0.00000, 3.05179, 3.00908, 2.70125, 2.56022, 29.18750, 28.06250, 29.50000, 28.31250, 28.35368
0xDDDD, 1729512377, 149868949, 1499, 32.27106, 1.22330, 1.33451, 0.08139, 2.50300, 1.18059, 3.07436, 3.21377, 0.00000, 3.05179, 3.00908, 2.70044, 2.64645, 29.18750, 28.06250, 29.50000, 28.31250, 28.35368
0xDDDD, 1729512377, 149968987, 1500, 31.86813, 1.22249, 1.33612, 0.06608, 2.50220, 1.18623, 3.00586, 3.20733, 0.00000, 3.04777, 3.00828, 2.70125, 2.55458, 29.18750, 28.12500, 29.50000, 28.31250, 28.17460
0xDDDD, 1729512378, 150068951, 1501, 32.27106, 1.22330, 1.33531, 0.07172, 2.50220, 1.19106, 3.02037, 3.21619, 0.00000, 3.05099, 3.00908, 2.70125, 2.56103, 29.18750, 28.12500, 29.50000, 28.31250, 28.17460
0xDDDD, 1729512378, 150169664, 1502, 32.27106, 1.22330, 1.33612, 0.07253, 2.50381, 1.17011, 3.08161, 3.21619, 0.00000, 3.05099, 3.00908, 2.70366, 2.56505, 29.18750, 28.06250, 29.50000, 28.31250, 28.17460
0xDDDD, 1729512378, 150269348, 1503, 31.86813, 1.22249, 1.33531, 0.06608, 2.50220, 1.17495, 3.01553, 3.20410, 0.00000, 3.04938, 3.00908, 2.70205, 2.56264, 29.18750, 28.06250, 29.50000, 28.31250, 28.17460
0xDDDD, 1729512378, 150368916, 1504, 31.86813, 1.22249, 1.33612, 0.07495, 2.50220, 1.17817, 3.03084, 3.21377, 0.00000, 3.05341, 3.00908, 2.70044, 2.56022, 29.18750, 28.06250, 29.50000, 28.31250, 28.17460
0xDDDD, 1729512378, 150468954, 1505, 32.67398, 1.22249, 1.33531, 0.08059, 2.50300, 1.18220, 3.04293, 3.20088, 0.00000, 3.05099, 3.00908, 2.70205, 2.55861, 29.18750, 28.06250, 29.50000, 28.31250, 28.35368
0xDDDD, 1729512378, 150569632, 1506, 32.27106, 1.22330, 1.33612, 0.07414, 2.50220, 1.18300, 3.05341, 3.20974, 0.00000, 3.04938, 3.00908, 2.70125, 2.56264, 29.18750, 28.06250, 29.50000, 28.31250, 28.17460
0xDDDD, 1729512378, 150669649, 1507, 32.27106, 1.22249, 1.33531, 0.08220, 2.50220, 1.18623, 3.02762, 3.21861, 0.00000, 3.05018, 3.00908, 2.70125, 2.55861, 29.18750, 28.06250, 29.43750, 28.31250, 28.17460
0xDDDD, 1729512378, 150768946, 1508, 32.27106, 1.22330, 1.33531, 0.07172, 2.50300, 1.19106, 3.04051, 3.20733, 0.00000, 3.05099, 3.00908, 2.70205, 2.56022, 29.18750, 28.06250, 29.43750, 28.37500, 28.35368
0xDDDD, 1729512378, 150868996, 1509, 32.67398, 1.22330, 1.33531, 0.07172, 2.50220, 1.17172, 3.05018, 3.20652, 0.00000, 3.04938, 3.00908, 2.70125, 2.56022, 29.18750, 28.06250, 29.50000, 28.37500, 28.17460
0xDDDD, 1729512378, 150968930, 1510, 32.67398, 1.22249, 1.33531, 0.07414, 2.50220, 1.17414, 3.06388, 3.21377, 0.00000, 3.05099, 3.00828, 2.70125, 2.55941, 29.18750, 28.12500, 29.50000, 28.31250, 28.17460
0xDDDD, 1729512379, 151069656, 1511, 32.27106, 1.22249, 1.33531, 0.06930, 2.50220, 1.17495, 3.07597, 3.20249, 0.00000, 3.05099, 3.00828, 2.70125, 2.56586, 29.18750, 28.12500, 29.50000, 28.31250, 28.17460
0xDDDD, 1729512379, 151169371, 1512, 31.86813, 1.22249, 1.33451, 0.07011, 2.50220, 1.17817, 3.00344, 3.21136, 0.00000, 3.05099, 3.00908, 2.70125, 2.51832, 29.18750, 28.06250, 29.50000, 28.31250, 28.17460
0xDDDD, 1729512379, 151268941, 1513, 32.27106, 1.22249, 1.33612, 0.06930, 2.50300, 1.18139, 3.01473, 3.20088, 0.00000, 3.05018, 3.00908, 2.70125, 2.45143, 29.18750, 28.06250, 29.50000, 28.31250, 28.35368
0xDDDD, 1729512379, 151368929, 1514, 32.27106, 1.22249, 1.33531, 0.06366, 2.50220, 1.18381, 3.07033, 3.20894, 0.00000, 3.04938, 3.00908, 2.70125, 2.55861, 29.18750, 28.12500, 29.43750, 28.31250, 28.17460
0xDDDD, 1729512379, 151468966, 1515, 31.86813, 1.22249, 1.33531, 0.07897, 2.50220, 1.18623, 3.07919, 3.20894, 0.00000, 3.05018, 3.00908, 2.70125, 2.56264, 29.18750, 28.12500, 29.43750, 28.31250, 28.17460
0xDDDD, 1729512379, 151569589, 1516, 32.27106, 1.22249, 1.33451, 0.07897, 2.50220, 1.18945, 3.00586, 3.21619, 0.00000, 3.04777, 3.00908, 2.70205, 2.56022, 29.18750, 28.12500, 29.43750, 28.31250, 28.17460
0xDDDD, 1729512379, 151668948, 1517, 32.27106, 1.22249, 1.33451, 0.07495, 2.50139, 1.19509, 3.01634, 3.20652, 0.00000, 3.04857, 3.00908, 2.70205, 2.56103, 29.25000, 28.06250, 29.43750, 28.31250, 28.35368
0xDDDD, 1729512379, 151768925, 1518, 32.27106, 1.22249, 1.33531, 0.06769, 2.50220, 1.17333, 3.02842, 3.21538, 0.00000, 3.05179, 3.00828, 2.70205, 2.55538, 29.25000, 28.06250, 29.43750, 28.31250, 28.35368
0xDDDD, 1729512379, 151868943, 1519, 31.86813, 1.22249, 1.33531, 0.07495, 2.50220, 1.17575, 3.03648, 3.20330, 0.00000, 3.04777, 3.00828, 2.70205, 2.52476, 29.25000, 28.12500, 29.43750, 28.31250, 28.17460
0xDDDD, 1729512379, 151969634, 1520, 32.27106, 1.22249, 1.33531, 0.07495, 2.50220, 1.17495, 3.00908, 3.21216, 0.00000, 3.04857, 3.00908, 2.70205, 2.56103, 29.18750, 28.12500, 29.43750, 28.31250, 28.17460
0xDDDD, 1729512380, 152069677, 1521, 31.86813, 1.22249, 1.33612, 0.06205, 2.50220, 1.17656, 3.01714, 3.20974, 0.00000, 3.05099, 3.00908, 2.70286, 2.56183, 29.18750, 28.12500, 29.43750, 28.31250, 28.53275
0xDDDD, 1729512380, 152168919, 1522, 31.86813, 1.22249, 1.33531, 0.06366, 2.50220, 1.17978, 3.02278, 3.21861, 0.00000, 3.05099, 3.00908, 2.70044, 2.56344, 29.18750, 28.06250, 29.43750, 28.31250, 28.35368
0xDDDD, 1729512380, 152268947, 1523, 32.27106, 1.22249, 1.33451, 0.08139, 2.50220, 1.17978, 3.03004, 3.20733, 0.00000, 3.05018, 3.00908, 2.70044, 2.55861, 29.18750, 28.06250, 29.50000, 28.31250, 28.17460
0xDDDD, 1729512380, 152368938, 1524, 32.27106, 1.22330, 1.33531, 0.06205, 2.50300, 1.18300, 3.03568, 3.21458, 0.00000, 3.05099, 3.00908, 2.70205, 2.56183, 29.25000, 28.06250, 29.50000, 28.31250, 28.35368
0xDDDD, 1729512380, 152469674, 1525, 32.27106, 1.22330, 1.33612, 0.06689, 2.50300, 1.18139, 3.04212, 3.20330, 0.00000, 3.05179, 3.00908, 2.70205, 2.56103, 29.25000, 28.06250, 29.50000, 28.31250, 28.17460
0xDDDD, 1729512380, 152568928, 1526, 32.27106, 1.22249, 1.33612, 0.07011, 2.50220, 1.18542, 3.04857, 3.21136, 0.00000, 3.04938, 3.00828, 2.70125, 2.56183, 29.25000, 28.06250, 29.50000, 28.31250, 27.99552
0xDDDD, 1729512380, 152668946, 1527, 32.27106, 1.22249, 1.33531, 0.05560, 2.50220, 1.18784, 3.01795, 3.20007, 0.00000, 3.05179, 3.00908, 2.70286, 2.56103, 29.18750, 28.06250, 29.50000, 28.31250, 28.35368
0xDDDD, 1729512380, 152768944, 1528, 32.67398, 1.22249, 1.33612, 0.07333, 2.50220, 1.18945, 3.02681, 3.22103, 0.00000, 3.05099, 3.00828, 2.70125, 2.56183, 29.18750, 28.06250, 29.43750, 28.31250, 28.35368
0xDDDD, 1729512380, 152869672, 1529, 31.86813, 1.22249, 1.33531, 0.06366, 2.50300, 1.18864, 3.03407, 3.20813, 0.00000, 3.05260, 3.00908, 2.70205, 2.56022, 29.25000, 28.06250, 29.43750, 28.31250, 28.17460
0xDDDD, 1729512380, 152969659, 1530, 31.86813, 1.22330, 1.33531, 0.06689, 2.50300, 1.19026, 3.04132, 3.21619, 0.00000, 3.04615, 3.00828, 2.70125, 2.54813, 29.25000, 28.06250, 29.43750, 28.31250, 28.35368
0xDDDD, 1729512381, 153068943, 1531, 32.27106, 1.22330, 1.33531, 0.06608, 2.50220, 1.17172, 3.04696, 3.20410, 0.00000, 3.05179, 3.00828, 2.70205, 2.46029, 29.25000, 28.06250, 29.50000, 28.31250, 28.17460
0xDDDD, 1729512381, 153168946, 1532, 32.27106, 1.22249, 1.33451, 0.07253, 2.50381, 1.17172, 3.05341, 3.21136, 0.00000, 3.05179, 3.00908, 2.70286, 2.59568, 29.18750, 28.06250, 29.50000, 28.31250, 28.35368
0xDDDD, 1729512381, 153268950, 1533, 32.27106, 1.22249, 1.33451, 0.08059, 2.50220, 1.17414, 3.02440, 3.21941, 0.00000, 3.05179, 3.00908, 2.70205, 2.56264, 29.18750, 28.06250, 29.50000, 28.31250, 28.17460
0xDDDD, 1729512381, 153369673, 1534, 31.86813, 1.22249, 1.33531, 0.07092, 2.50220, 1.17253, 3.03165, 3.21619, 0.00000, 3.04857, 3.00828, 2.70125, 2.56183, 29.18750, 28.12500, 29.50000, 28.31250, 28.17460
0xDDDD, 1729512381, 153468937, 1535, 31.86813, 1.22249, 1.33612, 0.06608, 2.50300, 1.17575, 3.03890, 3.20410, 0.00000, 3.05099, 3.00908, 2.70125, 2.56103, 29.18750, 28.12500, 29.50000, 28.31250, 28.17460
0xDDDD, 1729512381, 153568936, 1536, 31.86813, 1.22249, 1.34256, 0.07172, 2.50300, 1.17575, 3.04535, 3.21216, 0.00000, 3.05018, 3.00908, 2.70044, 2.56264, 29.18750, 28.12500, 29.50000, 28.31250, 28.17460
0xDDDD, 1729512381, 153668951, 1537, 31.86813, 1.22330, 1.33531, 0.07172, 2.50300, 1.17736, 3.05099, 3.20410, 0.00000, 3.05260, 3.00828, 2.70205, 2.58117, 29.18750, 28.12500, 29.50000, 28.25000, 28.17460
0xDDDD, 1729512381, 153769560, 1538, 32.27106, 1.22249, 1.33531, 0.07495, 2.50300, 1.17736, 3.05824, 3.20733, 0.00000, 3.04938, 3.00828, 2.70205, 2.56103, 29.18750, 28.12500, 29.50000, 28.25000, 28.17460
0xDDDD, 1729512381, 153869640, 1539, 32.27106, 1.22249, 1.33531, 0.08703, 2.50300, 1.17656, 3.03165, 3.20571, 0.00000, 3.05179, 3.00828, 2.70205, 2.56022, 29.25000, 28.06250, 29.50000, 28.31250, 28.17460
0xDDDD, 1729512381, 153968945, 1540, 32.27106, 1.22249, 1.33531, 0.06447, 2.50220, 1.18139, 3.03890, 3.20249, 0.00000, 3.04938, 3.00908, 2.70205, 2.56505, 29.25000, 28.06250, 29.50000, 28.31250, 27.63736
0xDDDD, 1729512382, 154068943, 1541, 32.27106, 1.22249, 1.33612, 0.07092, 2.50300, 1.17897, 3.04374, 3.20007, 0.00000, 3.04696, 3.00908, 2.70286, 2.56264, 29.18750, 28.12500, 29.50000, 28.31250, 27.99552
0xDDDD, 1729512382, 154168937, 1542, 32.67398, 1.22249, 1.33773, 0.07253, 2.50220, 1.17897, 3.05018, 3.20813, 0.00000, 3.05099, 3.00828, 2.70044, 2.56344, 29.18750, 28.12500, 29.50000, 28.31250, 28.17460
0xDDDD, 1729512382, 154269662, 1543, 32.27106, 1.22249, 1.33451, 0.07817, 2.50220, 1.17575, 3.05502, 3.21619, 0.00000, 3.04857, 3.00828, 2.70125, 2.56828, 29.18750, 28.12500, 29.50000, 28.31250, 28.35368
0xDDDD, 1729512382, 154368948, 1544, 31.86813, 1.22249, 1.33531, 0.07897, 2.50300, 1.17414, 3.05905, 3.20410, 0.00000, 3.05179, 3.00908, 2.70125, 2.61179, 29.18750, 28.12500, 29.50000, 28.31250, 28.17460
0xDDDD, 1729512382, 154468924, 1545, 32.67398, 1.22249, 1.33612, 0.06205, 2.50220, 1.17414, 3.06388, 3.21055, 0.00000, 3.05099, 3.00908, 2.70286, 2.55941, 29.18750, 28.12500, 29.50000, 28.31250, 28.17460
0xDDDD, 1729512382, 154568919, 1546, 32.27106, 1.22249, 1.33531, 0.08220, 2.50220, 1.17172, 3.03326, 3.21861, 0.00000, 3.04938, 3.00828, 2.70125, 2.55780, 29.18750, 28.12500, 29.50000, 28.31250, 28.17460
0xDDDD, 1729512382, 154669628, 1547, 32.67398, 1.22249, 1.33531, 0.08542, 2.50300, 1.17011, 3.03004, 3.21619, 0.00000, 3.04938, 3.00908, 2.70125, 2.55941, 29.18750, 28.12500, 29.43750, 28.31250, 28.17460
0xDDDD, 1729512382, 154769646, 1548, 32.27106, 1.22330, 1.33531, 0.06286, 2.50300, 1.18945, 3.02117, 3.20249, 0.00000, 3.05099, 3.00828, 2.70205, 2.56264, 29.18750, 28.12500, 29.43750, 28.31250, 23.69760
0xDDDD, 1729512382, 154868950, 1549, 31.86813, 1.22249, 1.33451, 0.07253, 2.50300, 1.18864, 3.01956, 3.20894, 0.00000, 3.04857, 3.00908, 2.70205, 2.55941, 29.25000, 28.12500, 29.43750, 28.31250, 28.17460
0xDDDD, 1729512382, 154968985, 1550, 32.27106, 1.22168, 1.33531, 0.07736, 2.50300, 1.18542, 3.02117, 3.21538, 0.00000, 3.05018, 3.00828, 2.70366, 2.51106, 29.25000, 28.12500, 29.50000, 28.31250, 28.17460
0xDDDD, 1729512383, 155068934, 1551, 31.86813, 1.22249, 1.33531, 0.06608, 2.50220, 1.18864, 3.02681, 3.20249, 0.00000, 3.05179, 3.00908, 2.70205, 2.54249, 29.25000, 28.12500, 29.50000, 28.31250, 28.17460
0xDDDD, 1729512383, 155169667, 1552, 32.27106, 1.22249, 1.33531, 0.08623, 2.50300, 1.18784, 3.07678, 3.20088, 0.00000, 3.04938, 3.00908, 2.70044, 2.56022, 29.25000, 28.12500, 29.50000, 28.31250, 28.17460
0xDDDD, 1729512383, 155269321, 1553, 32.27106, 1.22249, 1.33048, 0.08784, 2.50300, 1.19026, 3.07919, 3.20813, 0.00000, 3.05099, 3.00908, 2.70205, 2.56103, 29.25000, 28.06250, 29.50000, 28.31250, 28.17460
0xDDDD, 1729512383, 155368932, 1554, 32.27106, 1.22249, 1.33531, 0.07253, 2.50220, 1.19348, 3.07839, 3.21538, 0.00000, 3.05018, 3.00908, 2.70205, 2.56103, 29.25000, 28.06250, 29.50000, 28.31250, 28.17460
0xDDDD, 1729512383, 155468947, 1555, 32.27106, 1.22330, 1.33531, 0.07333, 2.50220, 1.17011, 3.00344, 3.20249, 0.00000, 3.05018, 3.00828, 2.70205, 2.56103, 29.25000, 28.06250, 29.50000, 28.31250, 28.17460
0xDDDD, 1729512383, 155569642, 1556, 31.86813, 1.22330, 1.33531, 0.06366, 2.50220, 1.19267, 3.00747, 3.20974, 0.00000, 3.05099, 3.00908, 2.70286, 2.46432, 29.18750, 28.12500, 29.50000, 28.31250, 28.35368
0xDDDD, 1729512383, 155669654, 1557, 31.86813, 1.22249, 1.33531, 0.06286, 2.50220, 1.19106, 3.05582, 3.21700, 0.00000, 3.05179, 3.00908, 2.70125, 2.55861, 29.18750, 28.12500, 29.50000, 28.31250, 28.17460
0xDDDD, 1729512383, 155768926, 1558, 32.27106, 1.22249, 1.33531, 0.07092, 2.50220, 1.17172, 3.05905, 3.20410, 0.00000, 3.05018, 3.00908, 2.70125, 2.56264, 29.25000, 28.06250, 29.50000, 28.31250, 28.35368
0xDDDD, 1729512383, 155869008, 1559, 32.27106, 1.22249, 1.33531, 0.07092, 2.50220, 1.17092, 3.06308, 3.20168, 0.00000, 3.05260, 3.00908, 2.70205, 2.56344, 29.25000, 28.06250, 29.50000, 28.31250, 27.63736
0xDDDD, 1729512383, 155968940, 1560, 31.86813, 1.22249, 1.29099, 0.06769, 2.50220, 1.19509, 3.06066, 3.20813, 0.00000, 3.05018, 3.00908, 2.70205, 2.56183, 29.25000, 28.12500, 29.50000, 28.31250, 28.17460
0xDDDD, 1729512384, 156069641, 1561, 32.27106, 1.22249, 1.33531, 0.08139, 2.50300, 1.18864, 3.05985, 3.21377, 0.00000, 3.05018, 3.00828, 2.70125, 2.56747, 29.25000, 28.12500, 29.50000, 28.31250, 28.17460
0xDDDD, 1729512384, 156169333, 1562, 32.27106, 1.22330, 1.33531, 0.07414, 2.50300, 1.18381, 3.05099, 3.20007, 0.00000, 3.05018, 3.00908, 2.70125, 2.55538, 29.25000, 28.12500, 29.50000, 28.31250, 28.17460
0xDDDD, 1729512384, 156268929, 1563, 32.27106, 1.22249, 1.33451, 0.07817, 2.50300, 1.18300, 3.04051, 3.20491, 0.00000, 3.05018, 3.00828, 2.70125, 2.59648, 29.25000, 28.12500, 29.50000, 28.31250, 28.17460
0xDDDD, 1729512384, 156368958, 1564, 32.67398, 1.22249, 1.33451, 0.07736, 2.50300, 1.17656, 3.03487, 3.21055, 0.00000, 3.05260, 3.00908, 2.70205, 2.56183, 29.25000, 28.12500, 29.50000, 28.31250, 28.17460
0xDDDD, 1729512384, 156468939, 1565, 32.27106, 1.22249, 1.33451, 0.06447, 2.50300, 1.17092, 3.07436, 3.21780, 0.00000, 3.05179, 3.00908, 2.70125, 2.56344, 29.25000, 28.12500, 29.50000, 28.31250, 28.17460
0xDDDD, 1729512384, 156569585, 1566, 31.86813, 1.22249, 1.33612, 0.06769, 2.50220, 1.18462, 3.06147, 3.21377, 0.00000, 3.05179, 3.00828, 2.70044, 2.56344, 29.25000, 28.12500, 29.50000, 28.37500, 28.35368
0xDDDD, 1729512384, 156668919, 1567, 32.27106, 1.22330, 1.33531, 0.06850, 2.50300, 1.17897, 3.04857, 3.21861, 0.00000, 3.05099, 3.00908, 2.70205, 2.56103, 29.25000, 28.12500, 29.50000, 28.37500, 28.17460
0xDDDD, 1729512384, 156768956, 1568, 32.27106, 1.22249, 1.33531, 0.06447, 2.50220, 1.17011, 3.03648, 3.20491, 0.00000, 3.04938, 3.00828, 2.70205, 2.56103, 29.25000, 28.06250, 29.50000, 28.31250, 28.17460
0xDDDD, 1729512384, 156868929, 1569, 32.27106, 1.22249, 1.33531, 0.07736, 2.50300, 1.18784, 3.02601, 3.20974, 0.00000, 3.05018, 3.00747, 2.70286, 2.58359, 29.25000, 28.06250, 29.50000, 28.31250, 28.17460
0xDDDD, 1729512384, 156969668, 1570, 31.86813, 1.22249, 1.33531, 0.04996, 2.50300, 1.17656, 3.06147, 3.21377, 0.00000, 3.04938, 3.00908, 2.70205, 2.56103, 29.18750, 28.06250, 29.50000, 28.31250, 28.35368
0xDDDD, 1729512385, 157069644, 1571, 32.27106, 1.22330, 1.33451, 0.06689, 2.50220, 1.17172, 3.05179, 3.20974, 0.00000, 3.05099, 3.00908, 2.70366, 2.56264, 29.18750, 28.06250, 29.50000, 28.31250, 28.17460
0xDDDD, 1729512385, 157168955, 1572, 32.67398, 1.22249, 1.33531, 0.07495, 2.50300, 1.19106, 3.04051, 3.21458, 0.00000, 3.05018, 3.00908, 2.70205, 2.55941, 29.18750, 28.12500, 29.50000, 28.31250, 28.17460
0xDDDD, 1729512385, 157268933, 1573, 31.86813, 1.22249, 1.33531, 0.07736, 2.50300, 1.18381, 3.03084, 3.20088, 0.00000, 3.05099, 3.00828, 2.70125, 2.55941, 29.25000, 28.12500, 29.50000, 28.31250, 28.17460
0xDDDD, 1729512385, 157368939, 1574, 32.27106, 1.22249, 1.33612, 0.06527, 2.50220, 1.17575, 3.02359, 3.20571, 0.00000, 3.04777, 3.00908, 2.70205, 2.56183, 29.25000, 28.12500, 29.50000, 28.31250, 28.17460
0xDDDD, 1729512385, 157469664, 1575, 31.86813, 1.22249, 1.33451, 0.06286, 2.50300, 1.18300, 3.07839, 3.20813, 0.00000, 3.04938, 3.00908, 2.70205, 2.54088, 29.18750, 28.12500, 29.50000, 28.31250, 28.17460
0xDDDD, 1729512385, 157568946, 1576, 32.27106, 1.22168, 1.33451, 0.06769, 2.50300, 1.18945, 3.03165, 3.20733, 0.00000, 3.05179, 3.00908, 2.70205, 2.64403, 29.18750, 28.12500, 29.43750, 28.31250, 28.35368
0xDDDD, 1729512385, 157668927, 1577, 32.27106, 1.22249, 1.33451, 0.08542, 2.50300, 1.19187, 3.03165, 3.20733, 0.00000, 3.05099, 3.00908, 2.70205, 2.56505, 29.18750, 28.12500, 29.43750, 28.31250, 28.35368
0xDDDD, 1729512385, 157768965, 1578, 32.27106, 1.22249, 1.33209, 0.07656, 2.50220, 1.17897, 3.02842, 3.21619, 0.00000, 3.05179, 3.00908, 2.70205, 2.55941, 29.25000, 28.12500, 29.43750, 28.37500, 28.17460
0xDDDD, 1729512385, 157869643, 1579, 31.86813, 1.22249, 1.32322, 0.07092, 2.50220, 1.17736, 3.02037, 3.21700, 0.00000, 3.05099, 3.00908, 2.70205, 2.56183, 29.25000, 28.12500, 29.50000, 28.37500, 28.17460
0xDDDD, 1729512385, 157969651, 1580, 32.27106, 1.22249, 1.32886, 0.07253, 2.50220, 1.17253, 3.08000, 3.20894, 0.00000, 3.05099, 3.00828, 2.70205, 2.60938, 29.18750, 28.12500, 29.50000, 28.31250, 28.35368
0xDDDD, 1729512386, 158068926, 1581, 32.27106, 1.22330, 1.33048, 0.06527, 2.50220, 1.17172, 3.05502, 3.21700, 0.00000, 3.05179, 3.00908, 2.70125, 2.60212, 29.18750, 28.12500, 29.50000, 28.31250, 28.17460
0xDDDD, 1729512386, 158168944, 1582, 32.27106, 1.22249, 1.33048, 0.07575, 2.50220, 1.18703, 3.00425, 3.21377, 0.00000, 3.05099, 3.00908, 2.70125, 2.58037, 29.18750, 28.12500, 29.50000, 28.31250, 27.99552
0xDDDD, 1729512386, 158268934, 1583, 32.27106, 1.22330, 1.33370, 0.07656, 2.50220, 1.18784, 3.03971, 3.21780, 0.00000, 3.04696, 3.00908, 2.70205, 2.56264, 29.18750, 28.12500, 29.43750, 28.37500, 28.17460
0xDDDD, 1729512386, 158369672, 1584, 32.27106, 1.22249, 1.33451, 0.07253, 2.50220, 1.18300, 3.04454, 3.20894, 0.00000, 3.04696, 3.00908, 2.70205, 2.56022, 29.18750, 28.12500, 29.43750, 28.37500, 27.99552
0xDDDD, 1729512386, 158468925, 1585, 32.67398, 1.22249, 1.33370, 0.06850, 2.50139, 1.18462, 3.02117, 3.21055, 0.00000, 3.05179, 3.00908, 2.70205, 2.56022, 29.25000, 28.12500, 29.43750, 28.31250, 28.17460
0xDDDD, 1729512386, 158568949, 1586, 32.27106, 1.22168, 1.33531, 0.06447, 2.50220, 1.17575, 3.07919, 3.21458, 0.00000, 3.05099, 3.00828, 2.70125, 2.56264, 29.25000, 28.12500, 29.56250, 28.31250, 28.35368
0xDDDD, 1729512386, 158668940, 1587, 31.86813, 1.22330, 1.33451, 0.07011, 2.50220, 1.17092, 3.07194, 3.21861, 0.00000, 3.05179, 3.00828, 2.70125, 2.55861, 29.25000, 28.12500, 29.56250, 28.31250, 28.35368
0xDDDD, 1729512386, 158769557, 1588, 32.27106, 1.22249, 1.33531, 0.07092, 2.50300, 1.18542, 3.06469, 3.20410, 0.00000, 3.05018, 3.00828, 2.70125, 2.56989, 29.25000, 28.12500, 29.43750, 28.31250, 28.17460
0xDDDD, 1729512386, 158869638, 1589, 31.86813, 1.22249, 1.33531, 0.04996, 2.50220, 1.18139, 3.02198, 3.21055, 0.00000, 3.05179, 3.00828, 2.70205, 2.56264, 29.25000, 28.12500, 29.43750, 28.31250, 28.35368
0xDDDD, 1729512386, 158968944, 1590, 32.27106, 1.22249, 1.33531, 0.07333, 2.50220, 1.18139, 3.01714, 3.21700, 0.00000, 3.05099, 3.00908, 2.70205, 2.56264, 29.25000, 28.12500, 29.43750, 28.37500, 28.17460
0xDDDD, 1729512387, 159068951, 1591, 31.86813, 1.22249, 1.33531, 0.06366, 2.50220, 1.17897, 3.01231, 3.21377, 0.00000, 3.04857, 3.00908, 2.70044, 2.56264, 29.25000, 28.12500, 29.50000, 28.37500, 28.35368
0xDDDD, 1729512387, 159168920, 1592, 32.27106, 1.22249, 1.33451, 0.07172, 2.50220, 1.17656, 3.00586, 3.22022, 0.00000, 3.05018, 3.00828, 2.70044, 2.56344, 29.25000, 28.12500, 29.50000, 28.37500, 28.35368
0xDDDD, 1729512387, 159269658, 1593, 32.27106, 1.22249, 1.33531, 0.06930, 2.50220, 1.17092, 3.07758, 3.20491, 0.00000, 3.05018, 3.00828, 2.70205, 2.56586, 29.25000, 28.12500, 29.50000, 28.37500, 28.35368
0xDDDD, 1729512387, 159368945, 1594, 32.27106, 1.22168, 1.33451, 0.07253, 2.50220, 1.18784, 3.04696, 3.20733, 0.00000, 3.05260, 3.00908, 2.70205, 2.67707, 29.25000, 28.12500, 29.50000, 28.37500, 28.35368
0xDDDD, 1729512387, 159468947, 1595, 32.27106, 1.22249, 1.33451, 0.07333, 2.50220, 1.18623, 3.03648, 3.21216, 0.00000, 3.05099, 3.00828, 2.70125, 2.59245, 29.25000, 28.12500, 29.50000, 28.31250, 28.35368
0xDDDD, 1729512387, 159568955, 1596, 32.27106, 1.22249, 1.33531, 0.07253, 2.50220, 1.17978, 3.07758, 3.21700, 0.00000, 3.05179, 3.00908, 2.70205, 2.56264, 29.25000, 28.12500, 29.50000, 28.31250, 28.35368
0xDDDD, 1729512387, 159669639, 1597, 32.67398, 1.22249, 1.33451, 0.09670, 2.50220, 1.17495, 3.07033, 3.21377, 0.00000, 3.04938, 3.00908, 2.70044, 2.55941, 29.25000, 28.12500, 29.50000, 28.31250, 28.35368
0xDDDD, 1729512387, 159769682, 1598, 32.27106, 1.22249, 1.33531, 0.07736, 2.50300, 1.17011, 3.06227, 3.21941, 0.00000, 3.05179, 3.00908, 2.70125, 2.55941, 29.25000, 28.12500, 29.56250, 28.31250, 28.35368
0xDDDD, 1729512387, 159868941, 1599, 32.67398, 1.22249, 1.28857, 0.06930, 2.50220, 1.18864, 3.04132, 3.20249, 0.00000, 3.04938, 3.00908, 2.70205, 2.56183, 29.25000, 28.12500, 29.56250, 28.31250, 28.35368
0xDDDD, 1729512387, 159968985, 1600, 32.27106, 1.22330, 1.33451, 0.07414, 2.50220, 1.18220, 3.03326, 3.20733, 0.00000, 3.05260, 3.00828, 2.70125, 2.58681, 29.25000, 28.12500, 29.56250, 28.31250, 28.35368
0xDDDD, 1729512388, 160068924, 1601, 32.27106, 1.22249, 1.33531, 0.06608, 2.50300, 1.17736, 3.02520, 3.21377, 0.00000, 3.05099, 3.00908, 2.70125, 2.60132, 29.25000, 28.12500, 29.56250, 28.31250, 28.35368
0xDDDD, 1729512388, 160169637, 1602, 32.27106, 1.22249, 1.33531, 0.06286, 2.50220, 1.17333, 3.06469, 3.21055, 0.00000, 3.05179, 3.00908, 2.70286, 2.56264, 29.25000, 28.12500, 29.56250, 28.31250, 28.35368
0xDDDD, 1729512388, 160269379, 1603, 31.86813, 1.22249, 1.33531, 0.07414, 2.50220, 1.20154, 3.05824, 3.21700, 0.00000, 3.05179, 3.00908, 2.70125, 2.56022, 29.25000, 28.12500, 29.50000, 28.31250, 28.71183
0xDDDD, 1729512388, 160368936, 1604, 31.86813, 1.22249, 1.33531, 0.06769, 2.50220, 1.19106, 3.05260, 3.20249, 0.00000, 3.05099, 3.00908, 2.70205, 2.56183, 29.25000, 28.12500, 29.50000, 28.31250, 28.35368
0xDDDD, 1729512388, 160468927, 1605, 31.86813, 1.22330, 1.33612, 0.06769, 2.50139, 1.18784, 3.04615, 3.20894, 0.00000, 3.05179, 3.00908, 2.70044, 2.56425, 29.25000, 28.12500, 29.50000, 28.31250, 28.35368
0xDDDD, 1729512388, 160569632, 1606, 32.67398, 1.22249, 1.33531, 0.07978, 2.50300, 1.18220, 3.03810, 3.21458, 0.00000, 3.05099, 3.00908, 2.70205, 2.56022, 29.25000, 28.12500, 29.50000, 28.31250, 28.35368
0xDDDD, 1729512388, 160669675, 1607, 32.67398, 1.22249, 1.33531, 0.07333, 2.50300, 1.17656, 3.07355, 3.22103, 0.00000, 3.04615, 3.00828, 2.70205, 2.56183, 29.25000, 28.12500, 29.50000, 28.31250, 28.35368
0xDDDD, 1729512388, 160768930, 1608, 32.27106, 1.22249, 1.33612, 0.06366, 2.50300, 1.18220, 3.05421, 3.20168, 0.00000, 3.05179, 3.00908, 2.70125, 2.55941, 29.25000, 28.12500, 29.50000, 28.31250, 28.35368
0xDDDD, 1729512388, 160868976, 1609, 32.27106, 1.22330, 1.33451, 0.06366, 2.50300, 1.18703, 3.03568, 3.20733, 0.00000, 3.05179, 3.00908, 2.70286, 2.56344, 29.25000, 28.12500, 29.50000, 28.37500, 28.35368
0xDDDD, 1729512388, 160968945, 1610, 32.27106, 1.22330, 1.33531, 0.08059, 2.50220, 1.18462, 3.02923, 3.20249, 0.00000, 3.05179, 3.00908, 2.70286, 2.56022, 29.25000, 28.12500, 29.56250, 28.37500, 28.53275
0xDDDD, 1729512389, 161069664, 1611, 32.27106, 1.22249, 1.33451, 0.07575, 2.50220, 1.17817, 3.02601, 3.20813, 0.00000, 3.05099, 3.00908, 2.70205, 2.55941, 29.25000, 28.12500, 29.56250, 28.37500, 25.30931
0xDDDD, 1729512389, 161169347, 1612, 32.27106, 1.22249, 1.33531, 0.06447, 2.50300, 1.17253, 3.01875, 3.21297, 0.00000, 3.05179, 3.00908, 2.70205, 2.59326, 29.25000, 28.12500, 29.50000, 28.31250, 28.35368
0xDDDD, 1729512389, 161268930, 1613, 32.27106, 1.22249, 1.33531, 0.07817, 2.50220, 1.19106, 3.01070, 3.21861, 0.00000, 3.05018, 3.00828, 2.70125, 2.50462, 29.25000, 28.12500, 29.50000, 28.31250, 28.35368
0xDDDD, 1729512389, 161368936, 1614, 32.27106, 1.22330, 1.33531, 0.07495, 2.50300, 1.18462, 3.00344, 3.20330, 0.00000, 3.05099, 3.00908, 2.70205, 2.56344, 29.25000, 28.12500, 29.50000, 28.31250, 28.35368
0xDDDD, 1729512389, 161468939, 1615, 32.27106, 1.22249, 1.33531, 0.07414, 2.50300, 1.17897, 3.03971, 3.20894, 0.00000, 3.05018, 3.00908, 2.70286, 2.56103, 29.25000, 28.12500, 29.56250, 28.31250, 28.17460
0xDDDD, 1729512389, 161569553, 1616, 32.27106, 1.22330, 1.33370, 0.07736, 2.50381, 1.17172, 3.03407, 3.20491, 0.00000, 3.05179, 3.00828, 2.70205, 2.56103, 29.25000, 28.12500, 29.56250, 28.31250, 28.35368
0xDDDD, 1729512389, 161668923, 1617, 32.27106, 1.22249, 1.33451, 0.06608, 2.50300, 1.19429, 3.02923, 3.20974, 0.00000, 3.05260, 3.00828, 2.70205, 2.56586, 29.25000, 28.12500, 29.50000, 28.31250, 28.35368
0xDDDD, 1729512389, 161768948, 1618, 32.27106, 1.22330, 1.33531, 0.06850, 2.50300, 1.19106, 3.02117, 3.21458, 0.00000, 3.04535, 3.00908, 2.70125, 2.56183, 29.25000, 28.12500, 29.50000, 28.31250, 28.35368
0xDDDD, 1729512389, 161868958, 1619, 32.27106, 1.22249, 1.33531, 0.07495, 2.50300, 1.18784, 3.01473, 3.21941, 0.00000, 3.05099, 3.00908, 2.70125, 2.55700, 29.18750, 28.12500, 29.50000, 28.37500, 28.35368
0xDDDD, 1729512389, 161969653, 1620, 32.27106, 1.22330, 1.33451, 0.08300, 2.50300, 1.18059, 3.05421, 3.20491, 0.00000, 3.05018, 3.00908, 2.70125, 2.56264, 29.18750, 28.12500, 29.50000, 28.37500, 28.35368
0xDDDD, 1729512390, 162069661, 1621, 31.86813, 1.22249, 1.33531, 0.08059, 2.50220, 1.17817, 3.04454, 3.20249, 0.00000, 3.05179, 3.00828, 2.70205, 2.56103, 29.25000, 28.12500, 29.50000, 28.31250, 27.99552
0xDDDD, 1729512390, 162168944, 1622, 32.27106, 1.22249, 1.33531, 0.07736, 2.50300, 1.17495, 3.03326, 3.20571, 0.00000, 3.05018, 3.00908, 2.70286, 2.56264, 29.25000, 28.12500, 29.56250, 28.31250, 27.81644
0xDDDD, 1729512390, 162268942, 1623, 32.27106, 1.22330, 1.33531, 0.06850, 2.50300, 1.17092, 3.02681, 3.21055, 0.00000, 3.05260, 3.00908, 2.70205, 2.56264, 29.25000, 28.12500, 29.56250, 28.31250, 28.17460
0xDDDD, 1729512390, 162368930, 1624, 32.67398, 1.22249, 1.33289, 0.07575, 2.50300, 1.19026, 3.01795, 3.21619, 0.00000, 3.05179, 3.00908, 2.70205, 2.55941, 29.25000, 28.12500, 29.56250, 28.31250, 28.17460
0xDDDD, 1729512390, 162469679, 1625, 31.86813, 1.22249, 1.33612, 0.06286, 2.50300, 1.18381, 3.00667, 3.20088, 0.00000, 3.05018, 3.00908, 2.70205, 2.55700, 29.25000, 28.12500, 29.56250, 28.31250, 28.17460
0xDDDD, 1729512390, 162568930, 1626, 31.46520, 1.22168, 1.33451, 0.07414, 2.50139, 1.18462, 3.08081, 3.20652, 0.00000, 3.05099, 3.00908, 2.70205, 2.61260, 29.25000, 28.12500, 29.56250, 28.31250, 28.17460
0xDDDD, 1729512390, 162668947, 1627, 32.27106, 1.22330, 1.33612, 0.06608, 2.50220, 1.18139, 3.06630, 3.21136, 0.00000, 3.05179, 3.00908, 2.70205, 2.56344, 29.25000, 28.12500, 29.50000, 28.31250, 28.17460
0xDDDD, 1729512390, 162768923, 1628, 32.27106, 1.22330, 1.33451, 0.04996, 2.50300, 1.17414, 3.01875, 3.21780, 0.00000, 3.05099, 3.00908, 2.70125, 2.56505, 29.25000, 28.12500, 29.50000, 28.31250, 28.17460
0xDDDD, 1729512390, 162869670, 1629, 32.27106, 1.22249, 1.33612, 0.06527, 2.50300, 1.19026, 3.00747, 3.21377, 0.00000, 3.05018, 3.00908, 2.70286, 2.56425, 29.18750, 28.12500, 29.50000, 28.31250, 28.17460
0xDDDD, 1729512390, 162969635, 1630, 32.27106, 1.22249, 1.33531, 0.06850, 2.50300, 1.18623, 3.08000, 3.21941, 0.00000, 3.04857, 3.00908, 2.70205, 2.56103, 29.18750, 28.12500, 29.50000, 28.31250, 28.35368
0xDDDD, 1729512391, 163068949, 1631, 31.86813, 1.22410, 1.33612, 0.07172, 2.50220, 1.18381, 3.06791, 3.20330, 0.00000, 3.04938, 3.00908, 2.70205, 2.56344, 29.31250, 28.12500, 29.50000, 28.31250, 28.53275
0xDDDD, 1729512391, 163168930, 1632, 32.27106, 1.22330, 1.33451, 0.07575, 2.50220, 1.17897, 3.05663, 3.20813, 0.00000, 3.05018, 3.00908, 2.70125, 2.56344, 29.31250, 28.12500, 29.50000, 28.31250, 28.17460
0xDDDD, 1729512391, 163268935, 1633, 32.67398, 1.22249, 1.33451, 0.07978, 2.50220, 1.17414, 3.04454, 3.21297, 0.00000, 3.05099, 3.00908, 2.70125, 2.59407, 29.25000, 28.12500, 29.50000, 28.37500, 27.99552
0xDDDD, 1729512391, 163369648, 1634, 32.27106, 1.22330, 1.33531, 0.06689, 2.50220, 1.19187, 3.08242, 3.20894, 0.00000, 3.05018, 3.00908, 2.70205, 2.56022, 29.25000, 28.12500, 29.56250, 28.37500, 28.35368
0xDDDD, 1729512391, 163468958, 1635, 32.27106, 1.22249, 1.33531, 0.08059, 2.50220, 1.18864, 3.07194, 3.21377, 0.00000, 3.04454, 3.00908, 2.70286, 2.56183, 29.25000, 28.12500, 29.56250, 28.37500, 28.35368
0xDDDD, 1729512391, 163568931, 1636, 32.67398, 1.22410, 1.33451, 0.07092, 2.50220, 1.18300, 3.05663, 3.21700, 0.00000, 3.05179, 3.00828, 2.70286, 2.55861, 29.25000, 28.12500, 29.50000, 28.37500, 28.35368
0xDDDD, 1729512391, 163668946, 1637, 32.27106, 1.22249, 1.33531, 0.07656, 2.50300, 1.17656, 3.04051, 3.20168, 0.00000, 3.05179, 3.00908, 2.70125, 2.56183, 29.25000, 28.12500, 29.50000, 28.37500, 28.17460
0xDDDD, 1729512391, 163769583, 1638, 32.27106, 1.22249, 1.33531, 0.06366, 2.50300, 1.19106, 3.03004, 3.20652, 0.00000, 3.04535, 3.00908, 2.70205, 2.55055, 29.25000, 28.12500, 29.50000, 28.31250, 28.35368
0xDDDD, 1729512391, 163869652, 1639, 32.27106, 1.22249, 1.33531, 0.06366, 2.50300, 1.18542, 3.06630, 3.21216, 0.00000, 3.05099, 3.00908, 2.70286, 2.55861, 29.25000, 28.12500, 29.56250, 28.31250, 28.35368
0xDDDD, 1729512391, 163968931, 1640, 32.27106, 1.22249, 1.33612, 0.06608, 2.50300, 1.18139, 3.05260, 3.21619, 0.00000, 3.04857, 3.00908, 2.70366, 2.55780, 29.25000, 28.12500, 29.56250, 28.31250, 28.35368
0xDDDD, 1729512392, 164068953, 1641, 32.27106, 1.22249, 1.33451, 0.08059, 2.50300, 1.17495, 3.03810, 3.21136, 0.00000, 3.05179, 3.00908, 2.70205, 2.56183, 29.25000, 28.12500, 29.56250, 28.37500, 28.17460
0xDDDD, 1729512392, 164168957, 1642, 32.27106, 1.22249, 1.33612, 0.04916, 2.50220, 1.19912, 3.02278, 3.21780, 0.00000, 3.05099, 3.00908, 2.70286, 2.56264, 29.25000, 28.12500, 29.56250, 28.37500, 28.35368
0xDDDD, 1729512392, 164269651, 1643, 32.27106, 1.22249, 1.33531, 0.07333, 2.50220, 1.18462, 3.01070, 3.20168, 0.00000, 3.05099, 3.00908, 2.70205, 2.53927, 29.25000, 28.12500, 29.50000, 28.31250, 28.35368
0xDDDD, 1729512392, 164368917, 1644, 32.27106, 1.22249, 1.33531, 0.07656, 2.50300, 1.17978, 3.08000, 3.20733, 0.00081, 3.04535, 3.00908, 2.70205, 2.48527, 29.25000, 28.12500, 29.50000, 28.31250, 28.35368
0xDDDD, 1729512392, 164468945, 1645, 32.27106, 1.22249, 1.33451, 0.07414, 2.50300, 1.17333, 3.06872, 3.21216, 0.00000, 3.05018, 3.00908, 2.70286, 2.55619, 29.25000, 28.12500, 29.50000, 28.31250, 28.35368
0xDDDD, 1729512392, 164568937, 1646, 32.67398, 1.22330, 1.33612, 0.06286, 2.50300, 1.19106, 3.05260, 3.21538, 0.00000, 3.04938, 3.00908, 2.70205, 2.55861, 29.25000, 28.12500, 29.56250, 28.31250, 28.17460
0xDDDD, 1729512392, 164669648, 1647, 32.27106, 1.22249, 1.33531, 0.06930, 2.50300, 1.18139, 3.08484, 3.21216, 0.00000, 3.05018, 3.00908, 2.70205, 2.56103, 29.25000, 28.18750, 29.56250, 28.31250, 28.35368
0xDDDD, 1729512392, 164769639, 1648, 32.27106, 1.22330, 1.33531, 0.06769, 2.50220, 1.17333, 3.07114, 3.21538, 0.00000, 3.05099, 3.00908, 2.70125, 2.55941, 29.25000, 28.18750, 29.50000, 28.37500, 28.35368
0xDDDD, 1729512392, 164868944, 1649, 32.27106, 1.22330, 1.33531, 0.08220, 2.50220, 1.17172, 3.05582, 3.22022, 0.00000, 3.05018, 3.00908, 2.70205, 2.56183, 29.25000, 28.18750, 29.50000, 28.37500, 28.35368
0xDDDD, 1729512392, 164968987, 1650, 32.27106, 1.22249, 1.33531, 0.07495, 2.50300, 1.18784, 3.04374, 3.20491, 0.00000, 3.05099, 3.00908, 2.70205, 2.52396, 29.25000, 28.18750, 29.50000, 28.37500, 28.17460
0xDDDD, 1729512393, 165068930, 1651, 32.27106, 1.22410, 1.33531, 0.06527, 2.50220, 1.18300, 3.03004, 3.20894, 0.00000, 3.04696, 3.00828, 2.70125, 2.54733, 29.25000, 28.18750, 29.56250, 28.37500, 28.35368
0xDDDD, 1729512393, 165169638, 1652, 32.27106, 1.22249, 1.33451, 0.06527, 2.50220, 1.17333, 3.05744, 3.21377, 0.00000, 3.05018, 3.00908, 2.70205, 2.56183, 29.25000, 28.12500, 29.56250, 28.37500, 28.35368
0xDDDD, 1729512393, 165269344, 1653, 32.67398, 1.22249, 1.33531, 0.07333, 2.50300, 1.19106, 3.04132, 3.20894, 0.00000, 3.05099, 3.00908, 2.70205, 2.56183, 29.25000, 28.12500, 29.56250, 28.31250, 28.35368
0xDDDD, 1729512393, 165368955, 1654, 31.86813, 1.22249, 1.33531, 0.06769, 2.50220, 1.18542, 3.02601, 3.21297, 0.00000, 3.05018, 3.00828, 2.70125, 2.56344, 29.25000, 28.12500, 29.56250, 28.31250, 28.17460
0xDDDD, 1729512393, 165468927, 1655, 31.86813, 1.22168, 1.33451, 0.07172, 2.50220, 1.17736, 3.01231, 3.21861, 0.00000, 3.05260, 3.00828, 2.70205, 2.55941, 29.25000, 28.12500, 29.56250, 28.31250, 28.17460
0xDDDD, 1729512393, 165569635, 1656, 32.27106, 1.22330, 1.33612, 0.06769, 2.50381, 1.19751, 3.08000, 3.20330, 0.00000, 3.05260, 3.00908, 2.70125, 2.62549, 29.25000, 28.12500, 29.56250, 28.31250, 28.53275
0xDDDD, 1729512393, 165669659, 1657, 32.27106, 1.22249, 1.33451, 0.08462, 2.50300, 1.18703, 3.06388, 3.20813, 0.00000, 3.05179, 3.00828, 2.70205, 2.57795, 29.25000, 28.12500, 29.56250, 28.31250, 28.35368
0xDDDD, 1729512393, 165768946, 1658, 32.27106, 1.22249, 1.33612, 0.06689, 2.50139, 1.18220, 3.05179, 3.21216, 0.00000, 3.05018, 3.00908, 2.70205, 2.50220, 29.25000, 28.12500, 29.56250, 28.37500, 28.17460
0xDDDD, 1729512393, 165868990, 1659, 32.27106, 1.22249, 1.33451, 0.07172, 2.50220, 1.17414, 3.09048, 3.21619, 0.00000, 3.05018, 3.00908, 2.70286, 2.56022, 29.25000, 28.12500, 29.56250, 28.37500, 28.17460
0xDDDD, 1729512393, 165968954, 1660, 32.27106, 1.22330, 1.33451, 0.07011, 2.50220, 1.18945, 3.06791, 3.21055, 0.00000, 3.05421, 3.00908, 2.70125, 2.56022, 29.31250, 28.12500, 29.56250, 28.31250, 28.35368
0xDDDD, 1729512394, 166069671, 1661, 32.67398, 1.22249, 1.33692, 0.06930, 2.50220, 1.17817, 3.04857, 3.21377, 0.00000, 3.05260, 3.00828, 2.70286, 2.56425, 29.31250, 28.12500, 29.56250, 28.31250, 28.53275
0xDDDD, 1729512394, 166169349, 1662, 31.86813, 1.22249, 1.33531, 0.07575, 2.50220, 1.17092, 3.02762, 3.21861, 0.00000, 3.05099, 3.00908, 2.70205, 2.58762, 29.31250, 28.18750, 29.56250, 28.37500, 28.35368
0xDDDD, 1729512394, 166268934, 1663, 32.27106, 1.22249, 1.33612, 0.06125, 2.50300, 1.18945, 3.01231, 3.20168, 0.00000, 3.05179, 3.00828, 2.70125, 2.56264, 29.31250, 28.18750, 29.56250, 28.37500, 27.99552
0xDDDD, 1729512394, 166368926, 1664, 32.67398, 1.22249, 1.33531, 0.07575, 2.50300, 1.18059, 3.07919, 3.20652, 0.00000, 3.05179, 3.00908, 2.70286, 2.54410, 29.31250, 28.12500, 29.56250, 28.37500, 28.35368
0xDDDD, 1729512394, 166468920, 1665, 32.27106, 1.22249, 1.33531, 0.07575, 2.50220, 1.17495, 3.06066, 3.20974, 0.00000, 3.05260, 3.00828, 2.70044, 2.56264, 29.25000, 28.12500, 29.56250, 28.31250, 28.35368
0xDDDD, 1729512394, 166569610, 1666, 32.27106, 1.22249, 1.33612, 0.06447, 2.50300, 1.18623, 3.00667, 3.20410, 0.00000, 3.04938, 3.00908, 2.70125, 2.56264, 29.25000, 28.12500, 29.56250, 28.31250, 28.89091
0xDDDD, 1729512394, 166668931, 1667, 32.27106, 1.22249, 1.33531, 0.06125, 2.50220, 1.18220, 3.06711, 3.20813, 0.00000, 3.05099, 3.00828, 2.70205, 2.56183, 29.25000, 28.12500, 29.56250, 28.37500, 28.17460
0xDDDD, 1729512394, 166768931, 1668, 32.27106, 1.22249, 1.33612, 0.06689, 2.50220, 1.17414, 3.04777, 3.21136, 0.00000, 3.04857, 3.00828, 2.70125, 2.56344, 29.25000, 28.12500, 29.56250, 28.37500, 28.35368
0xDDDD, 1729512394, 166868943, 1669, 31.86813, 1.22249, 1.33531, 0.07897, 2.50300, 1.18864, 3.03165, 3.21458, 0.00000, 3.05018, 3.00908, 2.70205, 2.55700, 29.25000, 28.12500, 29.56250, 28.37500, 28.35368
0xDDDD, 1729512394, 166969679, 1670, 32.27106, 1.22249, 1.33612, 0.06447, 2.50300, 1.17897, 3.05905, 3.21780, 0.00000, 3.05099, 3.00828, 2.70125, 2.56183, 29.25000, 28.12500, 29.50000, 28.37500, 28.35368
0xDDDD, 1729512395, 167069644, 1671, 32.67398, 1.22249, 1.33612, 0.07253, 2.50220, 1.17011, 3.04293, 3.20249, 0.00000, 3.05099, 3.00908, 2.70205, 2.56022, 29.25000, 28.12500, 29.50000, 28.37500, 28.35368
0xDDDD, 1729512395, 167168922, 1672, 32.27106, 1.22249, 1.33531, 0.06366, 2.50220, 1.18945, 3.02440, 3.20652, 0.00000, 3.04938, 3.00908, 2.70286, 2.56505, 29.31250, 28.18750, 29.56250, 28.37500, 28.17460
0xDDDD, 1729512395, 167268937, 1673, 32.27106, 1.22249, 1.33612, 0.06850, 2.50220, 1.18220, 3.00505, 3.20088, 0.00000, 3.05018, 3.00908, 2.70205, 2.56183, 29.31250, 28.18750, 29.56250, 28.37500, 28.35368
0xDDDD, 1729512395, 167368958, 1674, 32.27106, 1.22330, 1.33531, 0.07736, 2.50220, 1.17575, 3.06952, 3.20491, 0.00000, 3.04938, 3.00908, 2.70125, 2.55941, 29.31250, 28.12500, 29.56250, 28.31250, 27.27920
0xDDDD, 1729512395, 167469665, 1675, 32.67398, 1.22249, 1.33531, 0.06366, 2.50220, 1.18784, 3.05099, 3.20894, 0.00000, 3.05099, 3.00828, 2.70125, 2.50139, 29.31250, 28.12500, 29.56250, 28.31250, 28.35368
0xDDDD, 1729512395, 167568955, 1676, 32.27106, 1.22249, 1.33531, 0.06769, 2.50220, 1.18462, 3.03245, 3.21216, 0.00000, 3.05099, 3.00828, 2.70205, 2.55941, 29.31250, 28.12500, 29.56250, 28.31250, 28.35368
0xDDDD, 1729512395, 167668924, 1677, 32.27106, 1.22249, 1.33531, 0.07575, 2.50300, 1.17736, 3.01311, 3.21538, 0.00000, 3.05099, 3.00908, 2.70205, 2.56103, 29.31250, 28.12500, 29.56250, 28.37500, 28.53275
0xDDDD, 1729512395, 167768946, 1678, 32.27106, 1.22249, 1.33531, 0.07414, 2.50139, 1.19187, 3.04051, 3.21700, 0.00000, 3.05179, 3.00908, 2.70125, 2.56264, 29.31250, 28.12500, 29.56250, 28.37500, 28.35368
0xDDDD, 1729512395, 167869672, 1679, 32.27106, 1.22249, 1.33531, 0.06527, 2.50220, 1.18139, 3.02198, 3.21136, 0.00000, 3.05099, 3.00908, 2.70205, 2.56344, 29.25000, 28.12500, 29.56250, 28.37500, 28.35368
0xDDDD, 1729512395, 167969658, 1680, 32.27106, 1.22249, 1.33531, 0.07253, 2.50139, 1.17414, 3.00505, 3.21458, 0.00000, 3.05179, 3.00908, 2.70125, 2.56103, 29.25000, 28.12500, 29.56250, 28.37500, 28.35368
0xDDDD, 1729512396, 168068947, 1681, 32.27106, 1.22249, 1.33531, 0.07011, 2.50220, 1.19187, 3.06952, 3.21780, 0.00000, 3.05099, 3.00828, 2.70205, 2.55861, 29.25000, 28.12500, 29.56250, 28.37500, 28.35368
0xDDDD, 1729512396, 168168948, 1682, 32.27106, 1.22249, 1.33451, 0.07897, 2.50300, 1.18381, 3.04938, 3.20007, 0.00000, 3.05018, 3.00828, 2.70044, 2.59568, 29.31250, 28.12500, 29.56250, 28.37500, 28.35368
0xDDDD, 1729512396, 168268917, 1683, 32.27106, 1.22249, 1.33531, 0.08381, 2.50220, 1.17736, 3.02842, 3.20410, 0.00000, 3.05260, 3.00908, 2.70205, 2.56667, 29.31250, 28.12500, 29.56250, 28.37500, 28.35368
0xDDDD, 1729512396, 168369664, 1684, 32.27106, 1.22249, 1.33531, 0.07172, 2.50300, 1.19106, 3.05421, 3.21780, 0.00000, 3.05179, 3.00908, 2.70125, 2.56103, 29.31250, 28.12500, 29.62500, 28.31250, 28.35368
0xDDDD, 1729512396, 168468932, 1685, 31.86813, 1.22249, 1.33612, 0.06850, 2.50220, 1.18462, 3.03245, 3.20974, 0.00000, 3.04857, 3.00908, 2.70125, 2.56264, 29.31250, 28.12500, 29.62500, 28.31250, 27.63736
0xDDDD, 1729512396, 168568948, 1686, 32.27106, 1.22249, 1.33531, 0.07172, 2.50220, 1.17656, 3.01070, 3.20410, 0.00000, 3.05099, 3.00908, 2.70205, 2.56183, 29.31250, 28.12500, 29.62500, 28.31250, 28.35368
0xDDDD, 1729512396, 168668929, 1687, 32.27106, 1.22330, 1.33531, 0.06930, 2.50220, 1.19106, 3.07436, 3.20733, 0.00000, 3.05018, 3.00908, 2.70125, 2.56022, 29.31250, 28.12500, 29.56250, 28.31250, 28.17460
0xDDDD, 1729512396, 168769604, 1688, 32.27106, 1.22330, 1.33451, 0.06689, 2.50300, 1.18220, 3.05260, 3.21055, 0.00000, 3.03729, 3.00908, 2.70286, 2.51429, 29.31250, 28.18750, 29.56250, 28.31250, 28.35368
0xDDDD, 1729512396, 168869640, 1689, 32.27106, 1.22330, 1.33451, 0.08703, 2.50220, 1.17333, 3.02762, 3.21458, 0.00000, 3.05099, 3.00908, 2.70205, 2.56425, 29.31250, 28.18750, 29.62500, 28.37500, 28.35368
0xDDDD, 1729512396, 168968932, 1690, 32.27106, 1.22249, 1.33451, 0.07253, 2.50220, 1.18784, 3.00264, 3.21861, 0.00000, 3.04938, 3.00828, 2.70286, 2.56022, 29.31250, 28.18750, 29.62500, 28.37500, 28.35368
0xDDDD, 1729512397, 169068924, 1691, 32.27106, 1.22249, 1.33612, 0.06366, 2.50300, 1.17817, 3.02278, 3.20571, 0.00000, 3.05179, 3.00908, 2.70125, 2.56183, 29.31250, 28.12500, 29.56250, 28.37500, 28.35368
0xDDDD, 1729512397, 169168946, 1692, 32.27106, 1.22249, 1.33531, 0.07253, 2.50220, 1.19187, 3.08564, 3.21458, 0.00081, 3.05018, 3.00828, 2.70125, 2.56264, 29.31250, 28.12500, 29.56250, 28.37500, 28.35368
0xDDDD, 1729512397, 169269642, 1693, 32.27106, 1.22249, 1.33612, 0.06286, 2.50220, 1.18220, 3.06147, 3.21861, 0.00000, 3.05179, 3.00828, 2.70205, 2.56183, 29.31250, 28.18750, 29.56250, 28.37500, 28.35368
0xDDDD, 1729512397, 169368952, 1694, 32.67398, 1.22249, 1.33531, 0.07495, 2.50220, 1.17414, 3.04051, 3.20088, 0.00000, 3.05099, 3.00908, 2.70125, 2.55861, 29.25000, 28.18750, 29.62500, 28.37500, 28.35368
0xDDDD, 1729512397, 169468934, 1695, 32.27106, 1.22249, 1.33531, 0.07656, 2.50220, 1.18945, 3.01795, 3.20330, 0.00000, 3.05179, 3.00828, 2.70205, 2.56586, 29.25000, 28.18750, 29.62500, 28.37500, 28.35368
0xDDDD, 1729512397, 169568936, 1696, 32.27106, 1.22330, 1.33531, 0.07414, 2.50220, 1.18059, 3.07919, 3.20652, 0.00000, 3.05099, 3.00908, 2.70205, 2.53363, 29.31250, 28.12500, 29.56250, 28.31250, 28.35368
0xDDDD, 1729512397, 169669652, 1697, 32.27106, 1.22249, 1.33531, 0.06205, 2.50220, 1.17092, 3.01795, 3.21941, 0.00000, 3.05260, 3.00989, 2.70205, 2.56183, 29.31250, 28.12500, 29.56250, 28.31250, 28.17460
0xDDDD, 1729512397, 169769686, 1698, 31.86813, 1.22249, 1.33531, 0.07333, 2.50220, 1.18220, 3.07516, 3.20249, 0.00000, 3.05099, 3.00908, 2.70205, 2.56022, 29.31250, 28.18750, 29.56250, 28.31250, 28.35368
0xDDDD, 1729512397, 169868936, 1699, 32.67398, 1.22249, 1.33451, 0.06930, 2.50300, 1.17575, 3.05018, 3.20571, 0.00000, 3.05018, 3.00908, 2.70125, 2.55941, 29.25000, 28.18750, 29.56250, 28.37500, 28.17460
0xDDDD, 1729512397, 169969007, 1700, 32.27106, 1.22249, 1.33531, 0.06689, 2.50220, 1.18784, 3.02440, 3.20652, 0.00000, 3.05018, 3.00908, 2.70125, 2.56344, 29.25000, 28.18750, 29.56250, 28.37500, 28.35368
0xDDDD, 1729512398, 170068941, 1701, 32.27106, 1.22330, 1.33451, 0.08059, 2.50300, 1.17736, 3.08403, 3.20974, 0.00000, 3.05179, 3.00908, 2.70205, 2.57875, 29.31250, 28.12500, 29.56250, 28.37500, 28.35368
0xDDDD, 1729512398, 170169671, 1702, 31.86813, 1.22249, 1.33612, 0.07092, 2.50300, 1.18864, 3.01875, 3.21055, 0.00000, 3.05179, 3.00908, 2.70205, 2.56022, 29.31250, 28.12500, 29.56250, 28.37500, 28.17460
0xDDDD, 1729512398, 170269334, 1703, 31.86813, 1.22330, 1.33612, 0.07172, 2.50220, 1.17817, 3.07678, 3.20491, 0.00000, 3.05099, 3.00908, 2.70205, 2.55941, 29.31250, 28.18750, 29.56250, 28.37500, 28.35368
0xDDDD, 1729512398, 170368953, 1704, 32.27106, 1.22249, 1.33531, 0.06527, 2.50220, 1.17011, 3.04938, 3.20652, 0.00000, 3.05179, 3.00908, 2.70044, 2.56425, 29.31250, 28.18750, 29.56250, 28.37500, 28.71183
0xDDDD, 1729512398, 170468949, 1705, 32.27106, 1.22330, 1.33531, 0.06850, 2.50300, 1.18220, 3.02198, 3.20894, 0.00000, 3.05099, 3.00908, 2.69963, 2.56183, 29.31250, 28.18750, 29.56250, 28.37500, 28.17460
0xDDDD, 1729512398, 170569620, 1706, 32.27106, 1.22249, 1.33451, 0.07656, 2.50300, 1.17011, 3.07919, 3.21055, 0.00000, 3.04938, 3.00908, 2.70125, 2.56344, 29.31250, 28.18750, 29.56250, 28.43750, 28.17460
0xDDDD, 1729512398, 170669640, 1707, 32.27106, 1.22249, 1.33531, 0.07333, 2.50300, 1.18300, 3.05421, 3.21377, 0.00000, 3.05018, 3.00908, 2.70205, 2.55538, 29.31250, 28.18750, 29.56250, 28.43750, 28.35368
0xDDDD, 1729512398, 170768932, 1708, 32.27106, 1.22249, 1.33612, 0.06608, 2.50220, 1.17656, 3.02278, 3.21538, 0.00000, 3.05099, 3.00908, 2.70044, 2.51670, 29.31250, 28.18750, 29.62500, 28.31250, 28.35368
0xDDDD, 1729512398, 170868987, 1709, 32.27106, 1.22249, 1.33451, 0.06608, 2.50300, 1.18864, 3.03971, 3.21700, 0.00000, 3.05018, 3.00908, 2.70205, 2.56103, 29.31250, 28.18750, 29.62500, 28.31250, 28.35368
0xDDDD, 1729512398, 170968955, 1710, 32.67398, 1.22249, 1.33531, 0.07253, 2.50220, 1.17897, 3.01070, 3.21861, 0.00000, 3.05179, 3.00908, 2.70044, 2.56264, 29.31250, 28.18750, 29.62500, 28.31250, 28.35368
0xDDDD, 1729512399, 171069646, 1711, 31.86813, 1.22249, 1.33612, 0.07172, 2.50220, 1.18784, 3.06308, 3.21216, 0.00000, 3.04696, 3.00908, 2.70205, 2.56022, 29.31250, 28.18750, 29.62500, 28.37500, 28.35368
0xDDDD, 1729512399, 171169331, 1712, 32.27106, 1.22249, 1.33451, 0.07897, 2.50300, 1.17736, 3.03407, 3.21377, 0.00000, 3.05018, 3.00828, 2.70125, 2.57070, 29.31250, 28.18750, 29.62500, 28.37500, 28.35368
0xDDDD, 1729512399, 171268950, 1713, 32.27106, 1.22249, 1.33531, 0.07817, 2.50300, 1.19187, 3.07275, 3.21458, 0.00000, 3.05099, 3.00908, 2.70286, 2.56022, 29.31250, 28.12500, 29.62500, 28.37500, 28.35368
0xDDDD, 1729512399, 171368935, 1714, 32.27106, 1.22249, 1.33531, 0.07092, 2.50300, 1.17978, 3.05744, 3.21780, 0.00000, 3.05179, 3.00908, 2.70205, 2.56103, 29.31250, 28.12500, 29.62500, 28.37500, 28.35368
0xDDDD, 1729512399, 171468924, 1715, 32.27106, 1.22330, 1.33531, 0.07333, 2.50220, 1.19106, 3.02681, 3.21861, 0.00000, 3.04938, 3.00908, 2.70286, 2.53363, 29.31250, 28.18750, 29.62500, 28.37500, 28.35368
0xDDDD, 1729512399, 171569572, 1716, 32.27106, 1.22249, 1.33531, 0.07495, 2.50300, 1.17736, 3.03971, 3.21216, 0.00000, 3.05179, 3.00908, 2.70125, 2.56425, 29.31250, 28.18750, 29.62500, 28.37500, 28.35368
0xDDDD, 1729512399, 171668961, 1717, 32.27106, 1.22249, 1.33451, 0.06447, 2.50220, 1.18945, 3.01150, 3.21216, 0.00000, 3.05179, 3.00908, 2.70125, 2.56344, 29.31250, 28.12500, 29.62500, 28.37500, 28.17460
0xDDDD, 1729512399, 171768933, 1718, 32.27106, 1.22249, 1.33451, 0.07333, 2.50220, 1.17817, 3.06227, 3.21538, 0.00000, 3.05099, 3.00828, 2.70125, 2.55780, 29.31250, 28.12500, 29.62500, 28.37500, 28.35368
0xDDDD, 1729512399, 171868919, 1719, 32.27106, 1.22249, 1.33289, 0.06608, 2.50300, 1.18864, 3.03165, 3.21619, 0.00000, 3.05260, 3.00828, 2.70125, 2.56344, 29.31250, 28.12500, 29.62500, 28.37500, 28.35368
0xDDDD, 1729512399, 171969660, 1720, 32.67398, 1.22330, 1.33531, 0.07414, 2.50220, 1.17575, 3.08403, 3.21780, 0.00000, 3.04938, 3.00908, 2.70125, 2.58278, 29.31250, 28.18750, 29.62500, 28.37500, 28.17460
0xDDDD, 1729512400, 172069664, 1721, 31.86813, 1.22249, 1.33531, 0.07333, 2.50300, 1.19026, 3.01473, 3.20007, 0.00000, 3.05179, 3.00908, 2.70286, 2.56264, 29.31250, 28.18750, 29.62500, 28.37500, 27.99552
0xDDDD, 1729512400, 172168921, 1722, 32.27106, 1.22249, 1.33531, 0.07978, 2.50220, 1.18220, 3.06388, 3.20168, 0.00000, 3.04374, 3.00908, 2.70125, 2.56344, 29.31250, 28.18750, 29.62500, 28.37500, 28.17460
0xDDDD, 1729512400, 172268959, 1723, 32.27106, 1.22249, 1.33531, 0.06608, 2.50220, 1.17092, 3.03165, 3.21538, 0.00000, 3.05099, 3.00908, 2.70125, 2.56505, 29.31250, 28.18750, 29.62500, 28.37500, 28.35368
0xDDDD, 1729512400, 172368937, 1724, 32.67398, 1.22330, 1.33531, 0.06608, 2.50300, 1.18139, 3.08000, 3.21700, 0.00000, 3.05018, 3.00908, 2.70286, 2.56344, 29.31250, 28.18750, 29.62500, 28.37500, 28.35368
0xDDDD, 1729512400, 172469662, 1725, 32.27106, 1.22249, 1.33531, 0.07495, 2.50220, 1.18703, 3.03971, 3.21700, 0.00000, 3.05018, 3.00908, 2.70125, 2.57150, 29.31250, 28.18750, 29.62500, 28.43750, 28.17460
0xDDDD, 1729512400, 172568936, 1726, 32.27106, 1.22249, 1.33531, 0.07092, 2.50300, 1.17575, 3.08000, 3.21700, 0.00000, 3.05179, 3.00828, 2.70286, 2.56183, 29.31250, 28.18750, 29.62500, 28.43750, 28.35368
0xDDDD, 1729512400, 172668938, 1727, 32.67398, 1.22249, 1.33531, 0.06366, 2.50300, 1.18381, 3.03648, 3.21861, 0.00000, 3.05099, 3.00828, 2.70125, 2.57150, 29.31250, 28.18750, 29.62500, 28.43750, 28.35368
0xDDDD, 1729512400, 172768922, 1728, 32.27106, 1.22249, 1.33531, 0.06769, 2.50220, 1.17011, 3.07919, 3.21700, 0.00000, 3.05018, 3.00908, 2.70205, 2.56022, 29.37500, 28.18750, 29.62500, 28.31250, 28.35368
0xDDDD, 1729512400, 172869691, 1729, 32.27106, 1.22249, 1.33531, 0.06608, 2.50300, 1.17736, 3.08000, 3.20813, 0.00000, 3.05099, 3.00908, 2.70205, 2.56264, 29.37500, 28.18750, 29.62500, 28.31250, 28.35368
0xDDDD, 1729512400, 172969657, 1730, 32.27106, 1.22330, 1.33531, 0.07092, 2.50300, 1.18220, 3.02923, 3.20733, 0.00000, 3.04777, 3.00908, 2.70205, 2.56103, 29.37500, 28.12500, 29.62500, 28.37500, 28.35368
0xDDDD, 1729512401, 173068956, 1731, 32.67398, 1.22249, 1.33612, 0.07333, 2.50220, 1.19832, 3.07597, 3.20733, 0.00000, 3.05179, 3.00908, 2.70125, 2.56103, 29.37500, 28.12500, 29.62500, 28.37500, 28.53275
0xDDDD, 1729512401, 173168946, 1732, 31.86813, 1.22330, 1.33531, 0.08139, 2.50300, 1.18139, 3.04132, 3.20894, 0.00000, 3.05018, 3.00908, 2.70205, 2.56667, 29.37500, 28.18750, 29.62500, 28.37500, 28.35368
0xDDDD, 1729512401, 173268949, 1733, 32.27106, 1.22330, 1.33531, 0.06769, 2.50139, 1.19026, 3.00667, 3.21055, 0.00000, 3.04132, 3.00908, 2.70125, 2.59326, 29.31250, 28.18750, 29.62500, 28.37500, 28.35368
0xDDDD, 1729512401, 173369649, 1734, 32.27106, 1.22330, 1.33531, 0.06769, 2.50220, 1.17736, 3.02037, 3.21297, 0.00000, 3.04938, 3.00828, 2.70205, 2.56586, 29.31250, 28.18750, 29.62500, 28.37500, 28.35368
0xDDDD, 1729512401, 173468938, 1735, 31.86813, 1.22249, 1.33531, 0.07817, 2.50220, 1.19106, 3.07033, 3.21458, 0.00000, 3.05018, 3.00908, 2.70125, 2.56022, 29.31250, 28.18750, 29.62500, 28.37500, 28.35368
0xDDDD, 1729512401, 173568937, 1736, 32.27106, 1.22249, 1.33531, 0.07656, 2.50300, 1.18139, 3.03810, 3.20571, 0.00000, 3.04938, 3.00908, 2.70205, 2.56183, 29.31250, 28.18750, 29.62500, 28.37500, 28.53275
0xDDDD, 1729512401, 173668949, 1737, 32.27106, 1.22330, 1.33531, 0.08139, 2.50220, 1.19509, 3.00344, 3.20733, 0.00000, 3.04615, 3.00989, 2.70205, 2.55861, 29.31250, 28.18750, 29.56250, 28.37500, 27.99552
0xDDDD, 1729512401, 173769547, 1738, 32.27106, 1.22249, 1.33531, 0.06850, 2.50220, 1.17817, 3.05341, 3.20894, 0.00000, 3.05099, 3.00908, 2.70125, 2.58601, 29.31250, 28.18750, 29.56250, 28.37500, 28.35368
0xDDDD, 1729512401, 173869669, 1739, 32.27106, 1.22330, 1.33531, 0.07172, 2.50220, 1.19106, 3.02198, 3.20974, 0.00000, 3.04857, 3.00828, 2.70205, 2.58359, 29.31250, 28.18750, 29.62500, 28.37500, 28.35368
0xDDDD, 1729512401, 173968930, 1740, 32.27106, 1.22249, 1.33531, 0.06850, 2.50220, 1.18300, 3.07194, 3.21136, 0.00000, 3.05099, 3.00989, 2.70125, 2.56103, 29.37500, 28.18750, 29.62500, 28.37500, 28.35368
0xDDDD, 1729512402, 174068947, 1741, 32.27106, 1.22168, 1.33451, 0.07817, 2.50220, 1.17092, 3.00425, 3.21297, 0.00000, 3.05018, 3.00908, 2.70044, 2.56183, 29.37500, 28.18750, 29.62500, 28.37500, 28.17460
0xDDDD, 1729512402, 174168942, 1742, 31.86813, 1.22249, 1.33531, 0.07092, 2.50220, 1.18139, 3.05018, 3.20410, 0.00000, 3.04857, 3.00828, 2.70125, 2.56183, 29.31250, 28.18750, 29.62500, 28.37500, 28.17460
0xDDDD, 1729512402, 174269644, 1743, 32.27106, 1.22249, 1.33451, 0.07736, 2.50220, 1.18945, 3.01714, 3.20571, 0.00000, 3.04938, 3.00908, 2.70044, 2.56103, 29.31250, 28.18750, 29.62500, 28.37500, 28.35368
0xDDDD, 1729512402, 174368939, 1744, 32.27106, 1.22249, 1.33531, 0.07333, 2.50220, 1.18059, 3.06711, 3.20652, 0.00000, 3.05099, 3.00908, 2.70205, 2.55780, 29.31250, 28.18750, 29.62500, 28.37500, 28.35368
0xDDDD, 1729512402, 174468949, 1745, 32.27106, 1.22249, 1.33531, 0.06769, 2.50139, 1.19026, 3.03245, 3.20813, 0.00000, 3.05099, 3.00828, 2.70125, 2.51509, 29.31250, 28.18750, 29.62500, 28.37500, 28.35368
0xDDDD, 1729512402, 174568911, 1746, 31.86813, 1.22330, 1.33531, 0.06286, 2.50300, 1.17575, 3.08000, 3.20974, 0.00000, 3.05099, 3.00908, 2.70205, 2.56022, 29.31250, 28.18750, 29.62500, 28.37500, 28.35368
0xDDDD, 1729512402, 174669632, 1747, 31.86813, 1.22249, 1.33531, 0.07092, 2.50220, 1.18381, 3.00747, 3.20168, 0.00000, 3.05018, 3.00908, 2.70205, 2.56183, 29.37500, 28.18750, 29.62500, 28.37500, 28.35368
0xDDDD, 1729512402, 174769670, 1748, 32.27106, 1.22330, 1.33612, 0.07333, 2.50220, 1.19106, 3.05502, 3.20330, 0.00000, 3.04938, 3.00908, 2.70125, 2.56183, 29.37500, 28.18750, 29.62500, 28.37500, 27.81644
0xDDDD, 1729512402, 174868939, 1749, 32.27106, 1.22249, 1.33612, 0.06930, 2.50220, 1.17978, 3.01875, 3.20491, 0.00000, 3.05018, 3.00908, 2.70125, 2.56344, 29.37500, 28.18750, 29.62500, 28.37500, 28.35368
0xDDDD, 1729512402, 174968994, 1750, 32.27106, 1.22249, 1.33531, 0.06850, 2.50220, 1.19026, 3.06630, 3.20652, 0.00000, 3.05018, 3.00908, 2.70125, 2.56103, 29.31250, 28.18750, 29.62500, 28.37500, 28.17460
0xDDDD, 1729512403, 175068950, 1751, 31.86813, 1.22168, 1.33451, 0.07656, 2.50139, 1.17736, 3.03165, 3.20733, 0.00000, 3.04938, 3.00828, 2.70205, 2.61824, 29.31250, 28.18750, 29.62500, 28.37500, 28.53275
0xDDDD, 1729512403, 175169642, 1752, 32.27106, 1.22249, 1.33451, 0.07897, 2.50220, 1.19106, 3.08081, 3.20894, 0.00000, 3.05018, 3.00828, 2.70205, 2.56264, 29.31250, 28.18750, 29.62500, 28.31250, 28.35368
0xDDDD, 1729512403, 175269360, 1753, 32.27106, 1.22249, 1.33531, 0.04916, 2.50220, 1.17817, 3.00828, 3.20974, 0.00000, 3.05260, 3.00828, 2.70205, 2.56103, 29.31250, 28.18750, 29.62500, 28.31250, 28.35368
0xDDDD, 1729512403, 175368917, 1754, 31.86813, 1.22249, 1.33531, 0.06930, 2.50300, 1.19026, 3.05502, 3.21216, 0.00000, 3.05099, 3.00908, 2.70044, 2.56505, 29.31250, 28.18750, 29.62500, 28.37500, 28.35368
0xDDDD, 1729512403, 175468948, 1755, 32.27106, 1.22249, 1.33531, 0.06850, 2.50220, 1.17897, 3.01956, 3.20330, 0.00000, 3.05018, 3.00908, 2.70044, 2.56183, 29.31250, 28.18750, 29.62500, 28.37500, 28.35368
