uptime, sync, seq, step, SWPMON, adc
002948, 0xEEEE, 0000, 0000, 0.01128, 0.0000000
006078, 0xEEEE, 0001, 0000, 0.01209, 4.5922789
009189, 0xEEEE, 0002, 0001, 0.01209, 2.5779355
012314, 0xEEEE, 0003, 0001, 0.01370, 2.8264286
015440, 0xEEEE, 0004, 0002, 0.39165, 3.0853742
018565, 0xEEEE, 0005, 0002, 0.32154, 3.2879377
021689, 0xEEEE, 0006, 0003, 0.78813, 3.4644083
024814, 0xEEEE, 0007, 0003, 1.18220, 3.6163119
027961, 0xEEEE, 0008, 0004, 1.18300, 3.7449454
031072, 0xEEEE, 0009, 0004, 1.18462, 3.8696880
034200, 0xEEEE, 0010, 0005, 1.57868, 4.0052644
037325, 0xEEEE, 0011, 0005, 1.55853, 4.0846876
040451, 0xEEEE, 0012, 0006, 1.97275, 4.1648737
043585, 0xEEEE, 0013, 0006, 1.97194, 4.2484169
046702, 0xEEEE, 0014, 0007, 2.36681, 4.3021286
049826, 0xEEEE, 0015, 0007, 2.54813, 4.3720912
052939, 0xEEEE, 0016, 0007, 2.55538, 4.4401465
056078, 0xEEEE, 0017, 0007, 2.55055, 4.4671550
059189, 0xEEEE, 0018, 0006, 2.54974, 4.5179675
062314, 0xEEEE, 0019, 0006, 2.55055, 4.5342947
065440, 0xEEEE, 0020, 0005, 2.36601, 4.5793851
068564, 0xEEEE, 0021, 0005, 2.41839, 4.6295109
071689, 0xEEEE, 0022, 0004, 1.97597, 4.6387427
074814, 0xEEEE, 0023, 0004, 1.57788, 4.6710918
077948, 0xEEEE, 0024, 0003, 1.57707, 4.6714733
081078, 0xEEEE, 0025, 0003, 1.57949, 4.6962692
084198, 0xEEEE, 0026, 0002, 1.18220, 4.7328908
087323, 0xEEEE, 0027, 0002, 1.17897, 4.7230488
090449, 0xEEEE, 0028, 0001, 0.78813, 4.7499809
093574, 0xEEEE, 0029, 0001, 0.78088, 4.7440299
096698, 0xEEEE, 0030, 0000, 0.36989, 4.7557794
099814, 0xEEEE, 0031, 0000, 0.01128, 4.7895781
102950, 0xEEEE, 0032, 0000, 0.01209, 4.7810330
106069, 0xEEEE, 0033, 0000, 0.01128, 4.8036164
109189, 0xEEEE, 0034, 0001, 0.01209, 4.7890440
112314, 0xEEEE, 0035, 0001, 0.01128, 4.7811856
115440, 0xEEEE, 0036, 0002, 0.39326, 4.8146029
118565, 0xEEEE, 0037, 0002, 0.39165, 4.8056001
121701, 0xEEEE, 0038, 0003, 0.81795, 4.8096437
124826, 0xEEEE, 0039, 0003, 0.78894, 4.8114748
127977, 0xEEEE, 0040, 0004, 1.19106, 4.8017090
131081, 0xEEEE, 0041, 0004, 1.18300, 4.8284123
134200, 0xEEEE, 0042, 0005, 1.56256, 4.8218509
137326, 0xEEEE, 0043, 0005, 1.57868, 4.8393225
140459, 0xEEEE, 0044, 0006, 1.97275, 4.8350500
143565, 0xEEEE, 0045, 0006, 2.38132, 4.8136110
146689, 0xEEEE, 0046, 0007, 2.35956, 4.8394751
149814, 0xEEEE, 0047, 0007, 2.36601, 4.8319219
152939, 0xEEEE, 0048, 0007, 2.55136, 4.8438239
156070, 0xEEEE, 0049, 0007, 2.54974, 4.8421454
159189, 0xEEEE, 0050, 0006, 2.54974, 4.8210880
162314, 0xEEEE, 0051, 0006, 2.55538, 4.8364996
165447, 0xEEEE, 0052, 0005, 2.35553, 4.8311589
168573, 0xEEEE, 0053, 0005, 1.97355, 4.8567178
171699, 0xEEEE, 0054, 0004, 1.97355, 4.8500038
174823, 0xEEEE, 0055, 0004, 1.97194, 4.8260472
177949, 0xEEEE, 0056, 0003, 1.56418, 4.8446632
181078, 0xEEEE, 0057, 0003, 1.57707, 4.8440528
184198, 0xEEEE, 0058, 0002, 1.17897, 4.8435187
187334, 0xEEEE, 0059, 0002, 1.18300, 4.8611429
190440, 0xEEEE, 0060, 0001, 0.78007, 4.8353552
193565, 0xEEEE, 0061, 0001, 0.39245, 4.8415351
196689, 0xEEEE, 0062, 0000, 0.39648, 4.8426032
199814, 0xEEEE, 0063, 0000, 0.37231, 4.8391699
202939, 0xEEEE, 0064, 0000, 0.01128, 4.8659495
206070, 0xEEEE, 0065, 0000, 0.01209, 4.8360418
209196, 0xEEEE, 0066, 0001, 0.01451, 4.8474098
212325, 0xEEEE, 0067, 0001, 0.01128, 4.8403906
215451, 0xEEEE, 0068, 0002, 0.38681, 4.8490120
218577, 0xEEEE, 0069, 0002, 0.78813, 4.8666361
221702, 0xEEEE, 0070, 0003, 0.79055, 4.8307012
224834, 0xEEEE, 0071, 0003, 0.81795, 4.8509957
227973, 0xEEEE, 0072, 0004, 1.18220, 4.8405432
231081, 0xEEEE, 0073, 0004, 1.18381, 4.8300908
234189, 0xEEEE, 0074, 0005, 1.57788, 4.8648814
237314, 0xEEEE, 0075, 0005, 1.57868, 4.8462654
240440, 0xEEEE, 0076, 0006, 2.00176, 4.8489357
243565, 0xEEEE, 0077, 0006, 2.36762, 4.8393225
246689, 0xEEEE, 0078, 0007, 2.36601, 4.8395514
249814, 0xEEEE, 0079, 0007, 2.36520, 4.8715190
252940, 0xEEEE, 0080, 0007, 2.55136, 4.8484779
256078, 0xEEEE, 0081, 0007, 2.60132, 4.8581674
259198, 0xEEEE, 0082, 0006, 2.55619, 4.8513008
262324, 0xEEEE, 0083, 0006, 2.55700, 4.8327611
265449, 0xEEEE, 0084, 0005, 2.36601, 4.8621347
268574, 0xEEEE, 0085, 0005, 2.36681, 4.8404669
271709, 0xEEEE, 0086, 0004, 1.97194, 4.8709087
274814, 0xEEEE, 0087, 0004, 1.96711, 4.8522927
277939, 0xEEEE, 0088, 0003, 1.57788, 4.8273442
281070, 0xEEEE, 0089, 0003, 1.57868, 4.8638895
284189, 0xEEEE, 0090, 0002, 1.18220, 4.8515297
287314, 0xEEEE, 0091, 0002, 0.81150, 4.8522927
290440, 0xEEEE, 0092, 0001, 0.78733, 4.8559548
293565, 0xEEEE, 0093, 0001, 0.76557, 4.8339055
296690, 0xEEEE, 0094, 0000, 0.39245, 4.8590066
299825, 0xEEEE, 0095, 0000, 0.39245, 4.8540475
302951, 0xEEEE, 0096, 0000, 0.01128, 4.8527504
306081, 0xEEEE, 0097, 0000, 0.01128, 4.8581674
309208, 0xEEEE, 0098, 0001, 0.01209, 4.8334478
312326, 0xEEEE, 0099, 0001, 0.40777, 4.8490883
315451, 0xEEEE, 0100, 0002, 0.39165, 4.8486305
318576, 0xEEEE, 0101, 0002, 0.38520, 4.8593881
321689, 0xEEEE, 0102, 0003, 0.78974, 4.8615244
324814, 0xEEEE, 0103, 0003, 0.78330, 4.8294804
327961, 0xEEEE, 0104, 0004, 1.18381, 4.8518349
331070, 0xEEEE, 0105, 0004, 1.17172, 4.8446632
334189, 0xEEEE, 0106, 0005, 1.57788, 4.8471046
337314, 0xEEEE, 0107, 0005, 1.96791, 4.8634318
340445, 0xEEEE, 0108, 0006, 1.97114, 4.8333715
343573, 0xEEEE, 0109, 0006, 1.97275, 4.8509957
346699, 0xEEEE, 0110, 0007, 2.36601, 4.8464179
349823, 0xEEEE, 0111, 0007, 2.39905, 4.8512245
352949, 0xEEEE, 0112, 0007, 2.55055, 4.8681621
356089, 0xEEEE, 0113, 0007, 2.55136, 4.8419165
359199, 0xEEEE, 0114, 0006, 2.55136, 4.8603037
362323, 0xEEEE, 0115, 0006, 2.36601, 4.8400092
365440, 0xEEEE, 0116, 0005, 2.36681, 4.8512245
368573, 0xEEEE, 0117, 0005, 2.41355, 4.8701457
371689, 0xEEEE, 0118, 0004, 1.96872, 4.8463416
374814, 0xEEEE, 0119, 0004, 1.97114, 4.8534371
377939, 0xEEEE, 0120, 0003, 1.57868, 4.8409247
381070, 0xEEEE, 0121, 0003, 1.58110, 4.8391699
384189, 0xEEEE, 0122, 0002, 1.18220, 4.8707561
387323, 0xEEEE, 0123, 0002, 0.79216, 4.8476387
390451, 0xEEEE, 0124, 0001, 0.78813, 4.8527504
393577, 0xEEEE, 0125, 0001, 0.78733, 4.8427558
396701, 0xEEEE, 0126, 0000, 0.38601, 4.8410773
399826, 0xEEEE, 0127, 0000, 0.39245, 4.8707561
402951, 0xEEEE, 0128, 0000, 0.01128, 4.8509957
406081, 0xEEEE, 0129, 0000, 0.01209, 4.8624399
409189, 0xEEEE, 0130, 0001, 0.01128, 4.8421454
412314, 0xEEEE, 0131, 0001, 0.36505, 4.8358129
415440, 0xEEEE, 0132, 0002, 0.39245, 4.8668650
418565, 0xEEEE, 0133, 0002, 0.39245, 4.8486305
421689, 0xEEEE, 0134, 0003, 0.79538, 4.8648814
424814, 0xEEEE, 0135, 0003, 0.78813, 4.8441291
427961, 0xEEEE, 0136, 0004, 1.18300, 4.8415351
431074, 0xEEEE, 0137, 0004, 1.18220, 4.8632029
434198, 0xEEEE, 0138, 0005, 1.53758, 4.8532845
437323, 0xEEEE, 0139, 0005, 1.57788, 4.8695354
440458, 0xEEEE, 0140, 0006, 1.97114, 4.8513008
443574, 0xEEEE, 0141, 0006, 1.93487, 4.8381018
446699, 0xEEEE, 0142, 0007, 2.37004, 4.8633555
449823, 0xEEEE, 0143, 0007, 2.36440, 4.8498512
452956, 0xEEEE, 0144, 0007, 2.55055, 4.8522927
456070, 0xEEEE, 0145, 0007, 2.55136, 4.8503853
459189, 0xEEEE, 0146, 0006, 2.55136, 4.8436713
462314, 0xEEEE, 0147, 0006, 2.60212, 4.8603037
465440, 0xEEEE, 0148, 0005, 2.34425, 4.8429847
468565, 0xEEEE, 0149, 0005, 2.36923, 4.8655680
471689, 0xEEEE, 0150, 0004, 1.97194, 4.8606851
474818, 0xEEEE, 0151, 0004, 1.97275, 4.8470283
477950, 0xEEEE, 0152, 0003, 1.57223, 4.8551156
481081, 0xEEEE, 0153, 0003, 1.18381, 4.8426795
484201, 0xEEEE, 0154, 0002, 1.18462, 4.8556497
487326, 0xEEEE, 0155, 0002, 1.18300, 4.8590066
490451, 0xEEEE, 0156, 0001, 0.83729, 4.8448920
493576, 0xEEEE, 0157, 0001, 0.78813, 4.8567178
496690, 0xEEEE, 0158, 0000, 0.39165, 4.8352026
499826, 0xEEEE, 0159, 0000, 0.39165, 4.8693828
502939, 0xEEEE, 0160, 0000, 0.01128, 4.8629740
506070, 0xEEEE, 0161, 0000, 0.01128, 4.8429084
509189, 0xEEEE, 0162, 0001, 0.01128, 4.8606088
512314, 0xEEEE, 0163, 0001, 0.01128, 4.8404669
515440, 0xEEEE, 0164, 0002, 0.43194, 4.8638895
518565, 0xEEEE, 0165, 0002, 0.39326, 4.8635080
521699, 0xEEEE, 0166, 0003, 0.78894, 4.8460365
524823, 0xEEEE, 0167, 0003, 0.78733, 4.8593881
527970, 0xEEEE, 0168, 0004, 1.18381, 4.8388647
531079, 0xEEEE, 0169, 0004, 1.57062, 4.8529030
534198, 0xEEEE, 0170, 0005, 1.57949, 4.8640421
537331, 0xEEEE, 0171, 0005, 1.57788, 4.8580911
540448, 0xEEEE, 0172, 0006, 1.96630, 4.8574044
543565, 0xEEEE, 0173, 0006, 1.97194, 4.8421454
546689, 0xEEEE, 0174, 0007, 2.36681, 4.8490883
549814, 0xEEEE, 0175, 0007, 2.36762, 4.8644236
552939, 0xEEEE, 0176, 0007, 2.55297, 4.8545052
556070, 0xEEEE, 0177, 0007, 2.54330, 4.8696117
559189, 0xEEEE, 0178, 0006, 2.55780, 4.8429847
562314, 0xEEEE, 0179, 0006, 2.54974, 4.8374914
565451, 0xEEEE, 0180, 0005, 2.36762, 4.8606851
568576, 0xEEEE, 0181, 0005, 2.36601, 4.8605325
571701, 0xEEEE, 0182, 0004, 1.93487, 4.8728923
574826, 0xEEEE, 0183, 0004, 1.98081, 4.8400855
577951, 0xEEEE, 0184, 0003, 1.57788, 4.8466468
581081, 0xEEEE, 0185, 0003, 1.56659, 4.8603037
584211, 0xEEEE, 0186, 0002, 1.18462, 4.8521401
587314, 0xEEEE, 0187, 0002, 1.18623, 4.8744182
590440, 0xEEEE, 0188, 0001, 0.78733, 4.8506905
593565, 0xEEEE, 0189, 0001, 0.79700, 4.8404669
596689, 0xEEEE, 0190, 0000, 0.39326, 4.8590829
599814, 0xEEEE, 0191, 0000, 0.01209, 4.8454261
602939, 0xEEEE, 0192, 0000, 0.01128, 4.8668650
606070, 0xEEEE, 0193, 0000, 0.01209, 4.8425269
609197, 0xEEEE, 0194, 0001, 0.01048, 4.8525978
612322, 0xEEEE, 0195, 0001, 0.01048, 4.8500038
615448, 0xEEEE, 0196, 0002, 0.39165, 4.8494697
618574, 0xEEEE, 0197, 0002, 0.37795, 4.8719005
621707, 0xEEEE, 0198, 0003, 0.78813, 4.8519112
624824, 0xEEEE, 0199, 0003, 1.18381, 4.8395514
627970, 0xEEEE, 0200, 0004, 1.18220, 4.8496986
631070, 0xEEEE, 0201, 0004, 1.18381, 4.8468757
634189, 0xEEEE, 0202, 0005, 1.57788, 4.8749523
637314, 0xEEEE, 0203, 0005, 1.57465, 4.8507668
640440, 0xEEEE, 0204, 0006, 1.97275, 4.8496986
643565, 0xEEEE, 0205, 0006, 1.97275, 4.8454261
646689, 0xEEEE, 0206, 0007, 2.32330, 4.8468757
649814, 0xEEEE, 0207, 0007, 2.55377, 4.8672465
652946, 0xEEEE, 0208, 0007, 2.54894, 4.8529793
656081, 0xEEEE, 0209, 0007, 2.54974, 4.8543526
659200, 0xEEEE, 0210, 0006, 2.55136, 4.8519875
662326, 0xEEEE, 0211, 0006, 2.55136, 4.8364233
665452, 0xEEEE, 0212, 0005, 2.41114, 4.8696117
668586, 0xEEEE, 0213, 0005, 2.33619, 4.8577859
671701, 0xEEEE, 0214, 0004, 1.97114, 4.8519875
674814, 0xEEEE, 0215, 0004, 1.57788, 4.8563363
677939, 0xEEEE, 0216, 0003, 1.57062, 4.8406958
681078, 0xEEEE, 0217, 0003, 1.57788, 4.8500801
684189, 0xEEEE, 0218, 0002, 1.20154, 4.8574044
687314, 0xEEEE, 0219, 0002, 1.18220, 4.8521401
690440, 0xEEEE, 0220, 0001, 0.78491, 4.8595407
693564, 0xEEEE, 0221, 0001, 0.78652, 4.8346685
696692, 0xEEEE, 0222, 0000, 0.38923, 4.8609140
699823, 0xEEEE, 0223, 0000, 0.01531, 4.8555734
702948, 0xEEEE, 0224, 0000, 0.01209, 4.8697642
706085, 0xEEEE, 0225, 0000, 0.01128, 4.8572519
709198, 0xEEEE, 0226, 0001, 0.01128, 4.8366522
712323, 0xEEEE, 0227, 0001, 0.01209, 4.8553445
715449, 0xEEEE, 0228, 0002, 0.40777, 4.8513008
718565, 0xEEEE, 0229, 0002, 0.39326, 4.8465705
721690, 0xEEEE, 0230, 0003, 0.79619, 4.8634318
724815, 0xEEEE, 0231, 0003, 1.18059, 4.8377966
727971, 0xEEEE, 0232, 0004, 1.17656, 4.8561837
731070, 0xEEEE, 0233, 0004, 1.18220, 4.8536660
734189, 0xEEEE, 0234, 0005, 1.57385, 4.8648051
737314, 0xEEEE, 0235, 0005, 1.57707, 4.8673991
740447, 0xEEEE, 0236, 0006, 1.97194, 4.8465705
743576, 0xEEEE, 0237, 0006, 1.95260, 4.8593881
746701, 0xEEEE, 0238, 0007, 2.36359, 4.8389410
749826, 0xEEEE, 0239, 0007, 2.36520, 4.8664073
752960, 0xEEEE, 0240, 0007, 2.55055, 4.8686198
756081, 0xEEEE, 0241, 0007, 2.55136, 4.8474861
759201, 0xEEEE, 0242, 0006, 2.54491, 4.8602274
762314, 0xEEEE, 0243, 0006, 2.55136, 4.8350500
765448, 0xEEEE, 0244, 0005, 2.36923, 4.8631266
768565, 0xEEEE, 0245, 0005, 1.97275, 4.8680858
771689, 0xEEEE, 0246, 0004, 1.97194, 4.8479438
774814, 0xEEEE, 0247, 0004, 1.98081, 4.8622110
777939, 0xEEEE, 0248, 0003, 1.58110, 4.8412299
781070, 0xEEEE, 0249, 0003, 1.57788, 4.8530556
784189, 0xEEEE, 0250, 0002, 1.18462, 4.8648051
787323, 0xEEEE, 0251, 0002, 1.18220, 4.8712139
790449, 0xEEEE, 0252, 0001, 0.78974, 4.8650340
793574, 0xEEEE, 0253, 0001, 0.36908, 4.8354314
796699, 0xEEEE, 0254, 0000, 0.39245, 4.8548104
799823, 0xEEEE, 0255, 0000, 0.38842, 4.8664836
802948, 0xEEEE, 0256, 0000, 0.01128, 4.8533608
806079, 0xEEEE, 0257, 0000, 0.01128, 4.8657969
809189, 0xEEEE, 0258, 0001, 0.01209, 4.8451209
812325, 0xEEEE, 0259, 0001, 0.01128, 4.8467231
815440, 0xEEEE, 0260, 0002, 0.38923, 4.8606851
818565, 0xEEEE, 0261, 0002, 0.78974, 4.8541238
821689, 0xEEEE, 0262, 0003, 0.78894, 4.8728923
824814, 0xEEEE, 0263, 0003, 0.78894, 4.8350500
827961, 0xEEEE, 0264, 0004, 1.18300, 4.8464179
831078, 0xEEEE, 0265, 0004, 1.19348, 4.8619821
834200, 0xEEEE, 0266, 0005, 1.57788, 4.8505379
837330, 0xEEEE, 0267, 0005, 1.57868, 4.8680858
840451, 0xEEEE, 0268, 0006, 1.96952, 4.8437476
843577, 0xEEEE, 0269, 0006, 2.36601, 4.8485542
846702, 0xEEEE, 0270, 0007, 2.36681, 4.8548104
849834, 0xEEEE, 0271, 0007, 2.32733, 4.8575570
852939, 0xEEEE, 0272, 0007, 2.56344, 4.8709850
856070, 0xEEEE, 0273, 0007, 2.55700, 4.8512245
859189, 0xEEEE, 0274, 0006, 2.55297, 4.8560311
862314, 0xEEEE, 0275, 0006, 2.55136, 4.8492409
865440, 0xEEEE, 0276, 0005, 2.36681, 4.8646525
868565, 0xEEEE, 0277, 0005, 1.97275, 4.8683909
871689, 0xEEEE, 0278, 0004, 1.94535, 4.8473335
874820, 0xEEEE, 0279, 0004, 1.97194, 4.8455024
877948, 0xEEEE, 0280, 0003, 1.57788, 4.8516060
881078, 0xEEEE, 0281, 0003, 1.59641, 4.8481727
884199, 0xEEEE, 0282, 0002, 1.18300, 4.8725872
887324, 0xEEEE, 0283, 0002, 1.21363, 4.8525216
890449, 0xEEEE, 0284, 0001, 0.78813, 4.8531319
893573, 0xEEEE, 0285, 0001, 0.65839, 4.8487068
896710, 0xEEEE, 0286, 0000, 0.39245, 4.8412299
899814, 0xEEEE, 0287, 0000, 0.39245, 4.8644236
902939, 0xEEEE, 0288, 0000, 0.01128, 4.8526741
906070, 0xEEEE, 0289, 0000, 0.01128, 4.8455024
909189, 0xEEEE, 0290, 0001, 0.01128, 4.8455787
912314, 0xEEEE, 0291, 0001, 0.01128, 4.8327611
915441, 0xEEEE, 0292, 0002, 0.39245, 4.8680858
918571, 0xEEEE, 0293, 0002, 0.39245, 4.8667887
921701, 0xEEEE, 0294, 0003, 0.78813, 4.8563363
924825, 0xEEEE, 0295, 0003, 0.78813, 4.8487831
927972, 0xEEEE, 0296, 0004, 1.19026, 4.8406958
931082, 0xEEEE, 0297, 0004, 1.18381, 4.8690776
934208, 0xEEEE, 0298, 0005, 1.56498, 4.8533608
937326, 0xEEEE, 0299, 0005, 1.97355, 4.8642710
940440, 0xEEEE, 0300, 0006, 1.97275, 4.8535897
943565, 0xEEEE, 0301, 0006, 1.93245, 4.8406958
946689, 0xEEEE, 0302, 0007, 2.36520, 4.8642710
949814, 0xEEEE, 0303, 0007, 2.36440, 4.8505379
952939, 0xEEEE, 0304, 0007, 2.55136, 4.8700694
956070, 0xEEEE, 0305, 0007, 2.55136, 4.8574807
959189, 0xEEEE, 0306, 0006, 2.55136, 4.8391699
962315, 0xEEEE, 0307, 0006, 2.29912, 4.8581674
965449, 0xEEEE, 0308, 0005, 2.34908, 4.8474861
968574, 0xEEEE, 0309, 0005, 2.36842, 4.8583200
971699, 0xEEEE, 0310, 0004, 1.97355, 4.8603037
974824, 0xEEEE, 0311, 0004, 1.97194, 4.8416114
977948, 0xEEEE, 0312, 0003, 1.57546, 4.8585489
981088, 0xEEEE, 0313, 0003, 1.57788, 4.8431373
984189, 0xEEEE, 0314, 0002, 1.16125, 4.8615244
987314, 0xEEEE, 0315, 0002, 0.78813, 4.8575570
990440, 0xEEEE, 0316, 0001, 0.77282, 4.8446632
993565, 0xEEEE, 0317, 0001, 0.78974, 4.8554208
996689, 0xEEEE, 0318, 0000, 0.39245, 4.8428321
999814, 0xEEEE, 0319, 0000, 0.37150, 4.8661784
1002940, 0xEEEE, 0320, 0000, 0.01128, 4.8622873
1006070, 0xEEEE, 0321, 0000, 0.01128, 4.8448920
1009200, 0xEEEE, 0322, 0001, 0.01128, 4.8572519
1012325, 0xEEEE, 0323, 0001, 0.39407, 4.8329900
1015451, 0xEEEE, 0324, 0002, 0.38117, 4.8523690
1018584, 0xEEEE, 0325, 0002, 0.39245, 4.8609903
1021701, 0xEEEE, 0326, 0003, 0.78894, 4.8474861
1024826, 0xEEEE, 0327, 0003, 0.81553, 4.8615244
1027973, 0xEEEE, 0328, 0004, 1.18220, 4.8382544
1031070, 0xEEEE, 0329, 0004, 1.18300, 4.8585489
1034189, 0xEEEE, 0330, 0005, 1.57707, 4.8635843
1037314, 0xEEEE, 0331, 0005, 1.97355, 4.8564889
1040440, 0xEEEE, 0332, 0006, 1.95985, 4.8625925
1043565, 0xEEEE, 0333, 0006, 1.97275, 4.8384070
1046689, 0xEEEE, 0334, 0007, 2.36681, 4.8649577
1049814, 0xEEEE, 0335, 0007, 2.36601, 4.8596170
1052948, 0xEEEE, 0336, 0007, 2.60293, 4.8489357
1056078, 0xEEEE, 0337, 0007, 2.56908, 4.8638895
1059197, 0xEEEE, 0338, 0006, 2.55458, 4.8350500
1062323, 0xEEEE, 0339, 0006, 2.55136, 4.8503090
1065459, 0xEEEE, 0340, 0005, 2.36601, 4.8574807
1068574, 0xEEEE, 0341, 0005, 2.36681, 4.8598459
1071699, 0xEEEE, 0342, 0004, 1.97758, 4.8671702
1074814, 0xEEEE, 0343, 0004, 1.96791, 4.8446632
1077948, 0xEEEE, 0344, 0003, 1.57707, 4.8562600
1081070, 0xEEEE, 0345, 0003, 1.19026, 4.8570993
1084189, 0xEEEE, 0346, 0002, 1.18381, 4.8542763
1087314, 0xEEEE, 0347, 0002, 1.19106, 4.8712139
1090440, 0xEEEE, 0348, 0001, 0.78813, 4.8393988
1093565, 0xEEEE, 0349, 0001, 0.78007, 4.8525978
1096698, 0xEEEE, 0350, 0000, 0.39890, 4.8446632
1099825, 0xEEEE, 0351, 0000, 0.39487, 4.8670176
1102950, 0xEEEE, 0352, 0000, 0.01209, 4.8713664
1106081, 0xEEEE, 0353, 0000, 0.01128, 4.8517586
1109201, 0xEEEE, 0354, 0001, 0.01128, 4.8549630
1112326, 0xEEEE, 0355, 0001, 0.01209, 4.8465705
1115451, 0xEEEE, 0356, 0002, 0.39245, 4.8645762
1118565, 0xEEEE, 0357, 0002, 0.39810, 4.8717479
1121689, 0xEEEE, 0358, 0003, 0.83890, 4.8457313
1124814, 0xEEEE, 0359, 0003, 0.79055, 4.8564889
1127961, 0xEEEE, 0360, 0004, 1.23458, 4.8387884
1131070, 0xEEEE, 0361, 0004, 1.57788, 4.8530556
1134189, 0xEEEE, 0362, 0005, 1.57788, 4.8708324
1137314, 0xEEEE, 0363, 0005, 1.58029, 4.8509194
1140445, 0xEEEE, 0364, 0006, 1.97194, 4.8642710
1143574, 0xEEEE, 0365, 0006, 1.97355, 4.8406958
1146699, 0xEEEE, 0366, 0007, 2.38132, 4.8479438
1149833, 0xEEEE, 0367, 0007, 2.37004, 4.8683909
1152948, 0xEEEE, 0368, 0007, 2.55055, 4.8521401
1156078, 0xEEEE, 0369, 0007, 2.54974, 4.8583200
1159198, 0xEEEE, 0370, 0006, 2.55136, 4.8417639
1162331, 0xEEEE, 0371, 0006, 2.55216, 4.8493172
1165440, 0xEEEE, 0372, 0005, 2.37004, 4.8653391
1168565, 0xEEEE, 0373, 0005, 2.37407, 4.8523690
1171689, 0xEEEE, 0374, 0004, 1.97355, 4.8694591
1174814, 0xEEEE, 0375, 0004, 1.97275, 4.8484779
1177939, 0xEEEE, 0376, 0003, 1.58755, 4.8397803
1181070, 0xEEEE, 0377, 0003, 1.18300, 4.8628214
1184192, 0xEEEE, 0378, 0002, 1.18300, 4.8521401
1187325, 0xEEEE, 0379, 0002, 1.18300, 4.8727398
1190451, 0xEEEE, 0380, 0001, 0.78652, 4.8398566
1193576, 0xEEEE, 0381, 0001, 0.78894, 4.8403143
1196702, 0xEEEE, 0382, 0000, 0.39407, 4.8580148
1199826, 0xEEEE, 0383, 0000, 0.39245, 4.8518349
1202951, 0xEEEE, 0384, 0000, 0.01128, 4.8751049
1206081, 0xEEEE, 0385, 0000, 0.01128, 4.8502327
1209201, 0xEEEE, 0386, 0001, 0.01048, 4.8487068
1212314, 0xEEEE, 0387, 0001, 0.01209, 4.8564126
1215440, 0xEEEE, 0388, 0002, 0.39810, 4.8566415
1218565, 0xEEEE, 0389, 0002, 0.39165, 4.8655680
1221689, 0xEEEE, 0390, 0003, 0.78974, 4.8452735
1224814, 0xEEEE, 0391, 0003, 0.78813, 4.8509957
1227961, 0xEEEE, 0392, 0004, 1.18381, 4.8501564
1231078, 0xEEEE, 0393, 0004, 1.21604, 4.8424506
1234198, 0xEEEE, 0394, 0005, 1.58271, 4.8738079
1237323, 0xEEEE, 0395, 0005, 1.57788, 4.8517586
1240449, 0xEEEE, 0396, 0006, 1.98403, 4.8558022
1243574, 0xEEEE, 0397, 0006, 1.97033, 4.8516060
1246707, 0xEEEE, 0398, 0007, 2.36601, 4.8487068
1249823, 0xEEEE, 0399, 0007, 2.55136, 4.8770886
1252940, 0xEEEE, 0400, 0007, 2.55136, 4.8592355
1256070, 0xEEEE, 0401, 0007, 2.54410, 4.8567178
1259189, 0xEEEE, 0402, 0006, 2.54249, 4.8520638
1262314, 0xEEEE, 0403, 0006, 2.54733, 4.8433661
1265440, 0xEEEE, 0404, 0005, 2.36520, 4.8674754
1268565, 0xEEEE, 0405, 0005, 2.36762, 4.8534371
1271689, 0xEEEE, 0406, 0004, 1.97275, 4.8672465
1274825, 0xEEEE, 0407, 0004, 1.57546, 4.8518349
1277950, 0xEEEE, 0408, 0003, 1.57868, 4.8384833
1281081, 0xEEEE, 0409, 0003, 1.54322, 4.8699931
1284201, 0xEEEE, 0410, 0002, 1.17897, 4.8559548
1287326, 0xEEEE, 0411, 0002, 1.18220, 4.8664836
1290452, 0xEEEE, 0412, 0001, 0.78974, 4.8503853
1293587, 0xEEEE, 0413, 0001, 0.82842, 4.8384070
1296690, 0xEEEE, 0414, 0000, 0.39407, 4.8640421
1299814, 0xEEEE, 0415, 0000, 0.01209, 4.8587778
1302939, 0xEEEE, 0416, 0000, 0.01128, 4.8678569
1306070, 0xEEEE, 0417, 0000, 0.01209, 4.8619821
1309189, 0xEEEE, 0418, 0001, 0.01128, 4.8399329
1312314, 0xEEEE, 0419, 0001, 0.01128, 4.8625162
1315442, 0xEEEE, 0420, 0002, 0.39245, 4.8586252
1318571, 0xEEEE, 0421, 0002, 0.37634, 4.8700694
1321699, 0xEEEE, 0422, 0003, 0.78813, 4.8558022
1324823, 0xEEEE, 0423, 0003, 1.18300, 4.8570993
1327969, 0xEEEE, 0424, 0004, 1.18381, 4.8594644
1331085, 0xEEEE, 0425, 0004, 1.18220, 4.8408484
1334198, 0xEEEE, 0426, 0005, 1.57788, 4.8743420
1337323, 0xEEEE, 0427, 0005, 1.57143, 4.8649577
1340440, 0xEEEE, 0428, 0006, 1.97275, 4.8447395
1343565, 0xEEEE, 0429, 0006, 1.97194, 4.8580148
1346690, 0xEEEE, 0430, 0007, 2.32813, 4.8432898
1349814, 0xEEEE, 0431, 0007, 2.55619, 4.8600748
1352939, 0xEEEE, 0432, 0007, 2.54894, 4.8597696
1356070, 0xEEEE, 0433, 0007, 2.55216, 4.8570993
1359189, 0xEEEE, 0434, 0006, 2.55216, 4.8593118
1362320, 0xEEEE, 0435, 0006, 2.55136, 4.8396277
1365451, 0xEEEE, 0436, 0005, 2.29348, 4.8766308
1368576, 0xEEEE, 0437, 0005, 2.34505, 4.8620584
1371701, 0xEEEE, 0438, 0004, 1.97114, 4.8429084
1374826, 0xEEEE, 0439, 0004, 1.97275, 4.8600748
1377962, 0xEEEE, 0440, 0003, 1.58513, 4.8338293
1381081, 0xEEEE, 0441, 0003, 1.57707, 4.8649577
1384189, 0xEEEE, 0442, 0002, 1.19993, 4.8600748
1387314, 0xEEEE, 0443, 0002, 1.18462, 4.8539712
1390448, 0xEEEE, 0444, 0001, 0.78088, 4.8606851
1393565, 0xEEEE, 0445, 0001, 0.39165, 4.8416876
1396689, 0xEEEE, 0446, 0000, 0.38842, 4.8696880
1399814, 0xEEEE, 0447, 0000, 0.36103, 4.8570230
1402939, 0xEEEE, 0448, 0000, 0.01209, 4.8567178
1406071, 0xEEEE, 0449, 0000, 0.01128, 4.8644236
1409198, 0xEEEE, 0450, 0001, 0.01128, 4.8395514
1412323, 0xEEEE, 0451, 0001, 0.01128, 4.8550393
1415455, 0xEEEE, 0452, 0002, 0.36747, 4.8551156
1418574, 0xEEEE, 0453, 0002, 0.78813, 4.8700694
1421699, 0xEEEE, 0454, 0003, 0.79377, 4.8627451
1424823, 0xEEEE, 0455, 0003, 0.71722, 4.8453498
1427970, 0xEEEE, 0456, 0004, 1.17978, 4.8648814
1431070, 0xEEEE, 0457, 0004, 1.18381, 4.8506142
1434189, 0xEEEE, 0458, 0005, 1.58110, 4.8722057
1437314, 0xEEEE, 0459, 0005, 1.58110, 4.8694591
1440439, 0xEEEE, 0460, 0006, 1.95744, 4.8463416
1443565, 0xEEEE, 0461, 0006, 2.36762, 4.8555734
1446689, 0xEEEE, 0462, 0007, 2.36681, 4.8468757
1449815, 0xEEEE, 0463, 0007, 2.36681, 4.8626688
1452950, 0xEEEE, 0464, 0007, 2.55055, 4.8703746
1456081, 0xEEEE, 0465, 0007, 2.56828, 4.8477913
1459200, 0xEEEE, 0466, 0006, 2.54007, 4.8597696
1462334, 0xEEEE, 0467, 0006, 2.55538, 4.8442817
1465451, 0xEEEE, 0468, 0005, 2.36842, 4.8566415
1468576, 0xEEEE, 0469, 0005, 1.97275, 4.8697642
1471701, 0xEEEE, 0470, 0004, 1.97355, 4.8474861
1474823, 0xEEEE, 0471, 0004, 1.97114, 4.8586252
1477939, 0xEEEE, 0472, 0003, 1.57788, 4.8328374
1481069, 0xEEEE, 0473, 0003, 1.54161, 4.8593118
1484189, 0xEEEE, 0474, 0002, 1.18381, 4.8664073
1487314, 0xEEEE, 0475, 0002, 1.18381, 4.8558022
1490440, 0xEEEE, 0476, 0001, 0.78894, 4.8665599
1493565, 0xEEEE, 0477, 0001, 0.39648, 4.8400092
1496699, 0xEEEE, 0478, 0000, 0.39245, 4.8526741
1499823, 0xEEEE, 0479, 0000, 0.39165, 4.8677806
1502948, 0xEEEE, 0480, 0000, 0.01128, 4.8469520
1506079, 0xEEEE, 0481, 0000, 0.01128, 4.8720531
1509198, 0xEEEE, 0482, 0001, 0.01128, 4.8416876
1512324, 0xEEEE, 0483, 0001, 0.01209, 4.8434424
1515449, 0xEEEE, 0484, 0002, 0.39245, 4.8666361
1518565, 0xEEEE, 0485, 0002, 0.79377, 4.8568704
1521700, 0xEEEE, 0486, 0003, 0.78813, 4.8713664
1524814, 0xEEEE, 0487, 0003, 0.78813, 4.8394751
1527961, 0xEEEE, 0488, 0004, 1.19348, 4.8432136
1531070, 0xEEEE, 0489, 0004, 1.18220, 4.8551919
1534189, 0xEEEE, 0490, 0005, 1.57788, 4.8616007
1537314, 0xEEEE, 0491, 0005, 1.57868, 4.8709087
1540449, 0xEEEE, 0492, 0006, 1.97355, 4.8419165
1543576, 0xEEEE, 0493, 0006, 1.97597, 4.8508431
1546704, 0xEEEE, 0494, 0007, 2.39341, 4.8512245
1549826, 0xEEEE, 0495, 0007, 2.36842, 4.8545052
1552951, 0xEEEE, 0496, 0007, 2.55216, 4.8741131
1556081, 0xEEEE, 0497, 0007, 2.54974, 4.8484016
1559209, 0xEEEE, 0498, 0006, 2.55216, 4.8513008
1562314, 0xEEEE, 0499, 0006, 2.36681, 4.8474861
1565440, 0xEEEE, 0500, 0005, 2.40308, 4.8607614
1568565, 0xEEEE, 0501, 0005, 2.37084, 4.8751049
1571689, 0xEEEE, 0502, 0004, 1.97355, 4.8477913
1574814, 0xEEEE, 0503, 0004, 1.97194, 4.8548867
1577939, 0xEEEE, 0504, 0003, 1.58271, 4.8430610
1581070, 0xEEEE, 0505, 0003, 1.57949, 4.8540475
1584193, 0xEEEE, 0506, 0002, 1.16447, 4.8726635
1587323, 0xEEEE, 0507, 0002, 0.78813, 4.8551156
1590449, 0xEEEE, 0508, 0001, 0.77685, 4.8622873
1593573, 0xEEEE, 0509, 0001, 0.78813, 4.8479438
1596699, 0xEEEE, 0510, 0000, 0.40132, 4.8451209
1599824, 0xEEEE, 0511, 0000, 0.37070, 4.8746471
1602948, 0xEEEE, 0512, 0000, 0.01128, 4.8511482
1606089, 0xEEEE, 0513, 0000, 0.01209, 4.8625162
1609189, 0xEEEE, 0514, 0001, 0.01128, 4.8447395
1612314, 0xEEEE, 0515, 0001, 0.39165, 4.8461128
1615440, 0xEEEE, 0516, 0002, 0.40777, 4.8682383
1618565, 0xEEEE, 0517, 0002, 0.39245, 4.8542000
1621689, 0xEEEE, 0518, 0003, 0.78652, 4.8658732
1624814, 0xEEEE, 0519, 0003, 0.74864, 4.8432136
1627964, 0xEEEE, 0520, 0004, 1.18220, 4.8544289
1631081, 0xEEEE, 0521, 0004, 1.22249, 4.8665599
1634200, 0xEEEE, 0522, 0005, 1.57788, 4.8454261
1637326, 0xEEEE, 0523, 0005, 2.00418, 4.8718242
1640452, 0xEEEE, 0524, 0006, 1.97275, 4.8535134
1643584, 0xEEEE, 0525, 0006, 1.97355, 4.8399329
1646701, 0xEEEE, 0526, 0007, 2.36601, 4.8647288
1649814, 0xEEEE, 0527, 0007, 2.36601, 4.8496986
1652939, 0xEEEE, 0528, 0007, 2.57553, 4.8786145
1656070, 0xEEEE, 0529, 0007, 2.54168, 4.8507668
1659189, 0xEEEE, 0530, 0006, 2.55055, 4.8513771
1662314, 0xEEEE, 0531, 0006, 2.36681, 4.8558785
1665440, 0xEEEE, 0532, 0005, 2.36762, 4.8487068
1668565, 0xEEEE, 0533, 0005, 2.36681, 4.8804456
1671689, 0xEEEE, 0534, 0004, 1.96791, 4.8505379
1674823, 0xEEEE, 0535, 0004, 1.97597, 4.8542763
1677948, 0xEEEE, 0536, 0003, 1.57788, 4.8528267
1681078, 0xEEEE, 0537, 0003, 1.55692, 4.8561837
1684199, 0xEEEE, 0538, 0002, 1.18381, 4.8818189
1687323, 0xEEEE, 0539, 0002, 1.18462, 4.8548104
1690460, 0xEEEE, 0540, 0001, 0.78733, 4.8542763
1693573, 0xEEEE, 0541, 0001, 0.78974, 4.8560311
1696689, 0xEEEE, 0542, 0000, 0.38601, 4.8336004
1699814, 0xEEEE, 0543, 0000, 0.39165, 4.8767834
1702939, 0xEEEE, 0544, 0000, 0.01128, 4.8554208
1706069, 0xEEEE, 0545, 0000, 0.01451, 4.8564889
1709189, 0xEEEE, 0546, 0001, 0.01128, 4.8527504
1712314, 0xEEEE, 0547, 0001, 0.01209, 4.8451209
1715447, 0xEEEE, 0548, 0002, 0.39326, 4.8731975
1718575, 0xEEEE, 0549, 0002, 0.39165, 4.8590829
1721701, 0xEEEE, 0550, 0003, 0.78007, 4.8641184
1724825, 0xEEEE, 0551, 0003, 0.78813, 4.8526741
1727980, 0xEEEE, 0552, 0004, 1.17575, 4.8417639
1731082, 0xEEEE, 0553, 0004, 1.57868, 4.8654154
1734201, 0xEEEE, 0554, 0005, 1.57385, 4.8521401
1737326, 0xEEEE, 0555, 0005, 1.57868, 4.8704509
1740440, 0xEEEE, 0556, 0006, 1.97275, 4.8543526
1743565, 0xEEEE, 0557, 0006, 1.95421, 4.8349737
1746689, 0xEEEE, 0558, 0007, 2.36923, 4.8680858
1749814, 0xEEEE, 0559, 0007, 2.36681, 4.8527504
1752940, 0xEEEE, 0560, 0007, 2.55136, 4.8734264
1756070, 0xEEEE, 0561, 0007, 2.55136, 4.8510719
1759189, 0xEEEE, 0562, 0006, 2.55297, 4.8390173
1762321, 0xEEEE, 0563, 0006, 2.56022, 4.8652628
1765448, 0xEEEE, 0564, 0005, 2.35956, 4.8504616
1768573, 0xEEEE, 0565, 0005, 2.36762, 4.8735027
1771699, 0xEEEE, 0566, 0004, 1.97194, 4.8542763
1774834, 0xEEEE, 0567, 0004, 1.97355, 4.8435187
1777948, 0xEEEE, 0568, 0003, 1.57626, 4.8570230
1781078, 0xEEEE, 0569, 0003, 1.18381, 4.8484779
1784189, 0xEEEE, 0570, 0002, 1.17978, 4.8746471
1787323, 0xEEEE, 0571, 0002, 1.18300, 4.8545815
1790440, 0xEEEE, 0572, 0001, 0.78813, 4.8450446
1793565, 0xEEEE, 0573, 0001, 0.78974, 4.8567941
1796689, 0xEEEE, 0574, 0000, 0.39245, 4.8481727
1799814, 0xEEEE, 0575, 0000, 0.40938, 4.8732738
1802939, 0xEEEE, 0576, 0000, 0.01209, 4.8614481
1806076, 0xEEEE, 0577, 0000, 0.01209, 4.8414588
1809200, 0xEEEE, 0578, 0001, 0.01209, 4.8569467
1812325, 0xEEEE, 0579, 0001, 0.01209, 4.8468757
1815451, 0xEEEE, 0580, 0002, 0.39326, 4.8776226
1818577, 0xEEEE, 0581, 0002, 0.41663, 4.8545052
1821702, 0xEEEE, 0582, 0003, 0.78894, 4.8536660
1824826, 0xEEEE, 0583, 0003, 0.78007, 4.8558022
1827972, 0xEEEE, 0584, 0004, 1.18300, 4.8397803
1831070, 0xEEEE, 0585, 0004, 1.57465, 4.8686961
1834200, 0xEEEE, 0586, 0005, 1.57949, 4.8542000
1837314, 0xEEEE, 0587, 0005, 1.58271, 4.8575570
1840440, 0xEEEE, 0588, 0006, 1.97436, 4.8573281
1843565, 0xEEEE, 0589, 0006, 1.97355, 4.8427558
1846689, 0xEEEE, 0590, 0007, 2.36762, 4.8664073
1849817, 0xEEEE, 0591, 0007, 2.40147, 4.8503090
1852948, 0xEEEE, 0592, 0007, 2.55700, 4.8664073
1856078, 0xEEEE, 0593, 0007, 2.55377, 4.8594644
1859207, 0xEEEE, 0594, 0006, 2.55136, 4.8345159
1862324, 0xEEEE, 0595, 0006, 2.55216, 4.8625162
1865449, 0xEEEE, 0596, 0005, 2.36681, 4.8492409
1868574, 0xEEEE, 0597, 0005, 2.34264, 4.8730449
1871707, 0xEEEE, 0598, 0004, 1.97436, 4.8678569
1874814, 0xEEEE, 0599, 0004, 1.57949, 4.8390173
1877940, 0xEEEE, 0600, 0003, 1.62864, 4.8617533
1881070, 0xEEEE, 0601, 0003, 1.57868, 4.8479438
1884189, 0xEEEE, 0602, 0002, 1.18381, 4.8628214
1887314, 0xEEEE, 0603, 0002, 1.18381, 4.8609140
1890440, 0xEEEE, 0604, 0001, 0.76879, 4.8493172
1893568, 0xEEEE, 0605, 0001, 0.78733, 4.8597696
1896701, 0xEEEE, 0606, 0000, 0.39326, 4.8452735
1899825, 0xEEEE, 0607, 0000, 0.01128, 4.8725872
1902951, 0xEEEE, 0608, 0000, 0.01209, 4.8605325
1906081, 0xEEEE, 0609, 0000, 0.01209, 4.8488594
1909201, 0xEEEE, 0610, 0001, 0.01370, 4.8653391
1912326, 0xEEEE, 0611, 0001, 0.01048, 4.8389410
1915451, 0xEEEE, 0612, 0002, 0.41099, 4.8654154
1918576, 0xEEEE, 0613, 0002, 0.39245, 4.8606088
1921689, 0xEEEE, 0614, 0003, 0.78491, 4.8564126
1924814, 0xEEEE, 0615, 0003, 1.16286, 4.8609903
1927961, 0xEEEE, 0616, 0004, 1.18220, 4.8449683
1931070, 0xEEEE, 0617, 0004, 1.18300, 4.8681621
1934189, 0xEEEE, 0618, 0005, 1.57385, 4.8568704
1937314, 0xEEEE, 0619, 0005, 1.57788, 4.8540475
1940449, 0xEEEE, 0620, 0006, 2.00095, 4.8615244
1943574, 0xEEEE, 0621, 0006, 1.96630, 4.8393988
1946699, 0xEEEE, 0622, 0007, 2.36601, 4.8709087
1949824, 0xEEEE, 0623, 0007, 2.55136, 4.8577859
1952948, 0xEEEE, 0624, 0007, 2.55216, 4.8506142
1956086, 0xEEEE, 0625, 0007, 2.54974, 4.8632029
1959198, 0xEEEE, 0626, 0006, 2.55538, 4.8422980
1962314, 0xEEEE, 0627, 0006, 2.55619, 4.8541238
1965440, 0xEEEE, 0628, 0005, 2.36681, 4.8528267
1968565, 0xEEEE, 0629, 0005, 2.36601, 4.8626688
1971689, 0xEEEE, 0630, 0004, 1.97194, 4.8663310
1974814, 0xEEEE, 0631, 0004, 1.57707, 4.8442054
1977939, 0xEEEE, 0632, 0003, 1.57788, 4.8456550
1981070, 0xEEEE, 0633, 0003, 1.54161, 4.8490120
1984199, 0xEEEE, 0634, 0002, 1.18220, 4.8510719
1987326, 0xEEEE, 0635, 0002, 1.18300, 4.8667887
1990451, 0xEEEE, 0636, 0001, 0.78894, 4.8387884
1993576, 0xEEEE, 0637, 0001, 0.80747, 4.8585489
1996701, 0xEEEE, 0638, 0000, 0.39245, 4.8473335
1999826, 0xEEEE, 0639, 0000, 0.39326, 4.8706798
2002961, 0xEEEE, 0640, 0000, 0.01209, 4.8693065
2006070, 0xEEEE, 0641, 0000, 0.01209, 4.8450446
2009189, 0xEEEE, 0642, 0001, 0.01209, 4.8589303
2012314, 0xEEEE, 0643, 0001, 0.01128, 4.8433661
2015440, 0xEEEE, 0644, 0002, 0.39326, 4.8598459
2018565, 0xEEEE, 0645, 0002, 0.78894, 4.8702983
2021689, 0xEEEE, 0646, 0003, 0.78813, 4.8490120
2024814, 0xEEEE, 0647, 0003, 0.78813, 4.8616007
2027966, 0xEEEE, 0648, 0004, 1.18220, 4.8374914
2031078, 0xEEEE, 0649, 0004, 1.18381, 4.8599222
2034198, 0xEEEE, 0650, 0005, 1.53839, 4.8641184
2037324, 0xEEEE, 0651, 0005, 1.58190, 4.8558785
2040455, 0xEEEE, 0652, 0006, 1.97194, 4.8693065
2043574, 0xEEEE, 0653, 0006, 2.34344, 4.8406195
2046698, 0xEEEE, 0654, 0007, 2.35150, 4.8619821
2049814, 0xEEEE, 0655, 0007, 2.36520, 4.8626688
2052939, 0xEEEE, 0656, 0007, 2.55216, 4.8664073
2056070, 0xEEEE, 0657, 0007, 2.55216, 4.8675517
2059189, 0xEEEE, 0658, 0006, 2.55136, 4.8443580
2062314, 0xEEEE, 0659, 0006, 2.55136, 4.8542763
2065440, 0xEEEE, 0660, 0005, 2.36359, 4.8616007
2068565, 0xEEEE, 0661, 0005, 1.97275, 4.8600748
2071694, 0xEEEE, 0662, 0004, 1.97436, 4.8676280
2074825, 0xEEEE, 0663, 0004, 1.97355, 4.8413062
2077950, 0xEEEE, 0664, 0003, 1.58835, 4.8625162
2081081, 0xEEEE, 0665, 0003, 1.57868, 4.8554208
2084201, 0xEEEE, 0666, 0002, 1.18462, 4.8613718
2087336, 0xEEEE, 0667, 0002, 1.18300, 4.8722820
2090451, 0xEEEE, 0668, 0001, 0.78330, 4.8391699
2093565, 0xEEEE, 0669, 0001, 0.44000, 4.8593118
2096689, 0xEEEE, 0670, 0000, 0.39084, 4.8513008
2099823, 0xEEEE, 0671, 0000, 0.38520, 4.8530556
2102939, 0xEEEE, 0672, 0000, 0.01209, 4.8739605
2106070, 0xEEEE, 0673, 0000, 0.01128, 4.8452735
2109189, 0xEEEE, 0674, 0001, 0.01128, 4.8530556
2112314, 0xEEEE, 0675, 0001, 0.01128, 4.8485542
2115445, 0xEEEE, 0676, 0002, 0.39165, 4.8722057
2118574, 0xEEEE, 0677, 0002, 0.80264, 4.8751049
2121699, 0xEEEE, 0678, 0003, 0.78974, 4.8428321
2124829, 0xEEEE, 0679, 0003, 0.78088, 4.8622873
2127970, 0xEEEE, 0680, 0004, 1.18220, 4.8478676
2131079, 0xEEEE, 0681, 0004, 1.18381, 4.8593118
2134198, 0xEEEE, 0682, 0005, 1.57949, 4.8706035
2137314, 0xEEEE, 0683, 0005, 1.57949, 4.8546578
2140440, 0xEEEE, 0684, 0006, 1.97275, 4.8622873
2143565, 0xEEEE, 0685, 0006, 2.36842, 4.8368811
2146689, 0xEEEE, 0686, 0007, 2.36681, 4.8603799
2149814, 0xEEEE, 0687, 0007, 2.38051, 4.8677043
2152939, 0xEEEE, 0688, 0007, 2.54652, 4.8524453
2156070, 0xEEEE, 0689, 0007, 2.55216, 4.8659495
2159189, 0xEEEE, 0690, 0006, 2.55136, 4.8451209
2162325, 0xEEEE, 0691, 0006, 2.55136, 4.8576333
2165451, 0xEEEE, 0692, 0005, 2.36681, 4.8634318
2168576, 0xEEEE, 0693, 0005, 2.36037, 4.8623636
2171709, 0xEEEE, 0694, 0004, 1.98081, 4.8667887
2174826, 0xEEEE, 0695, 0004, 1.97355, 4.8410010
2177951, 0xEEEE, 0696, 0003, 1.54967, 4.8495460
2181081, 0xEEEE, 0697, 0003, 1.57788, 4.8618296
2184198, 0xEEEE, 0698, 0002, 1.18300, 4.8620584
2187314, 0xEEEE, 0699, 0002, 0.78813, 4.8702983
2190440, 0xEEEE, 0700, 0001, 0.78894, 4.8474861
2193565, 0xEEEE, 0701, 0001, 0.78894, 4.8490120
2196689, 0xEEEE, 0702, 0000, 0.39648, 4.8566415
2199814, 0xEEEE, 0703, 0000, 0.39165, 4.8548867
2202939, 0xEEEE, 0704, 0000, 0.01209, 4.8759442
2206077, 0xEEEE, 0705, 0000, 0.01209, 4.8500038
2209198, 0xEEEE, 0706, 0001, 0.01128, 4.8516823
2212322, 0xEEEE, 0707, 0001, 0.39245, 4.8461891
2215449, 0xEEEE, 0708, 0002, 0.39165, 4.8669413
2218573, 0xEEEE, 0709, 0002, 0.39245, 4.8749523
2221699, 0xEEEE, 0710, 0003, 0.76960, 4.8490120
2224823, 0xEEEE, 0711, 0003, 0.78894, 4.8536660
2227969, 0xEEEE, 0712, 0004, 1.18300, 4.8464179
2231080, 0xEEEE, 0713, 0004, 1.18220, 4.8480964
2234189, 0xEEEE, 0714, 0005, 1.58029, 4.8744945
2237314, 0xEEEE, 0715, 0005, 1.97355, 4.8562600
2240440, 0xEEEE, 0716, 0006, 1.97355, 4.8623636
2243565, 0xEEEE, 0717, 0006, 1.97114, 4.8429847
2246689, 0xEEEE, 0718, 0007, 2.36762, 4.8532082
2249821, 0xEEEE, 0719, 0007, 2.36681, 4.8728161
2252950, 0xEEEE, 0720, 0007, 2.55055, 4.8429847
2256082, 0xEEEE, 0721, 0007, 2.55136, 4.8677043
2259201, 0xEEEE, 0722, 0006, 2.55216, 4.8454261
2262326, 0xEEEE, 0723, 0006, 2.36520, 4.8442817
2265452, 0xEEEE, 0724, 0005, 2.36601, 4.8718242
2268585, 0xEEEE, 0725, 0005, 2.36762, 4.8498512
2271690, 0xEEEE, 0726, 0004, 1.90908, 4.8738842
2274814, 0xEEEE, 0727, 0004, 1.96630, 4.8467231
2277939, 0xEEEE, 0728, 0003, 1.57868, 4.8475624
2281070, 0xEEEE, 0729, 0003, 1.57788, 4.8639658
2284189, 0xEEEE, 0730, 0002, 1.18220, 4.8614481
2287314, 0xEEEE, 0731, 0002, 0.82601, 4.8696880
2290440, 0xEEEE, 0732, 0001, 0.78974, 4.8494697
2293568, 0xEEEE, 0733, 0001, 0.77604, 4.8428321
2296698, 0xEEEE, 0734, 0000, 0.39326, 4.8608377
2299823, 0xEEEE, 0735, 0000, 0.39165, 4.8542000
2302949, 0xEEEE, 0736, 0000, 0.01128, 4.8749523
2306079, 0xEEEE, 0737, 0000, 0.01451, 4.8458076
2309198, 0xEEEE, 0738, 0001, 0.01048, 4.8562600
2312323, 0xEEEE, 0739, 0001, 0.01289, 4.8504616
2315459, 0xEEEE, 0740, 0002, 0.39326, 4.8538949
2318565, 0xEEEE, 0741, 0002, 0.39568, 4.8722820
2321689, 0xEEEE, 0742, 0003, 0.75026, 4.8422217
2324814, 0xEEEE, 0743, 0003, 0.78571, 4.8541238
2327961, 0xEEEE, 0744, 0004, 1.14513, 4.8500038
2331070, 0xEEEE, 0745, 0004, 1.57868, 4.8522164
2334189, 0xEEEE, 0746, 0005, 1.57868, 4.8704509
2337317, 0xEEEE, 0747, 0005, 1.58110, 4.8507668
2340451, 0xEEEE, 0748, 0006, 1.97355, 4.8635080
2343576, 0xEEEE, 0749, 0006, 1.97275, 4.8502327
2346701, 0xEEEE, 0750, 0007, 2.37487, 4.8395514
2349826, 0xEEEE, 0751, 0007, 2.36762, 4.8716716
2352959, 0xEEEE, 0752, 0007, 2.55216, 4.8435950
2356082, 0xEEEE, 0753, 0007, 2.55216, 4.8565652
2359189, 0xEEEE, 0754, 0006, 2.55216, 4.8499275
2362314, 0xEEEE, 0755, 0006, 2.55055, 4.8400855
2365440, 0xEEEE, 0756, 0005, 2.36278, 4.8738079
2368565, 0xEEEE, 0757, 0005, 2.37084, 4.8513008
2371689, 0xEEEE, 0758, 0004, 1.97355, 4.8603799
2374814, 0xEEEE, 0759, 0004, 1.97355, 4.8489357
2377940, 0xEEEE, 0760, 0003, 1.57465, 4.8540475
2381070, 0xEEEE, 0761, 0003, 1.18300, 4.8693828
2384198, 0xEEEE, 0762, 0002, 1.18381, 4.8655680
2387323, 0xEEEE, 0763, 0002, 1.18300, 4.8595407
2390449, 0xEEEE, 0764, 0001, 0.74784, 4.8479438
2393574, 0xEEEE, 0765, 0001, 0.78974, 4.8387884
2396699, 0xEEEE, 0766, 0000, 0.39165, 4.8644236
2399834, 0xEEEE, 0767, 0000, 0.32315, 4.8535897
2402948, 0xEEEE, 0768, 0000, 0.01128, 4.8702983
2406070, 0xEEEE, 0769, 0000, 0.01128, 4.8487068
2409189, 0xEEEE, 0770, 0001, 0.01209, 4.8529793
2412314, 0xEEEE, 0771, 0001, 0.01128, 4.8607614
2415440, 0xEEEE, 0772, 0002, 0.39326, 4.8478676
2418565, 0xEEEE, 0773, 0002, 0.39245, 4.8738079
2421689, 0xEEEE, 0774, 0003, 0.78813, 4.8496223
2424814, 0xEEEE, 0775, 0003, 0.75187, 4.8554208
2427972, 0xEEEE, 0776, 0004, 1.18381, 4.8525978
2431081, 0xEEEE, 0777, 0004, 1.58271, 4.8478676
2434201, 0xEEEE, 0778, 0005, 1.57868, 4.8783856
2437333, 0xEEEE, 0779, 0005, 1.59480, 4.8631266
2440451, 0xEEEE, 0780, 0006, 1.97194, 4.8680095
2443577, 0xEEEE, 0781, 0006, 1.97275, 4.8529030
2446701, 0xEEEE, 0782, 0007, 2.36762, 4.8441291
2449814, 0xEEEE, 0783, 0007, 2.36601, 4.8780804
2452939, 0xEEEE, 0784, 0007, 2.56505, 4.8598459
2456070, 0xEEEE, 0785, 0007, 2.55538, 4.8511482
2459189, 0xEEEE, 0786, 0006, 2.55136, 4.8503090
2462314, 0xEEEE, 0787, 0006, 2.55216, 4.8458839
2465440, 0xEEEE, 0788, 0005, 2.36681, 4.8690013
2468565, 0xEEEE, 0789, 0005, 2.36681, 4.8506142
2471695, 0xEEEE, 0790, 0004, 1.97355, 4.8571756
2474823, 0xEEEE, 0791, 0004, 1.97355, 4.8576333
2477948, 0xEEEE, 0792, 0003, 1.57788, 4.8320745
2481078, 0xEEEE, 0793, 0003, 1.57949, 4.8716716
2484208, 0xEEEE, 0794, 0002, 1.18300, 4.8591592
2487323, 0xEEEE, 0795, 0002, 1.18703, 4.8505379
2490449, 0xEEEE, 0796, 0001, 0.80908, 4.8524453
2493565, 0xEEEE, 0797, 0001, 0.78974, 4.8371099
2496698, 0xEEEE, 0798, 0000, 0.39729, 4.8666361
2499814, 0xEEEE, 0799, 0000, 0.01209, 4.8585489
2502939, 0xEEEE, 0800, 0000, 0.01209, 4.8752575
2506070, 0xEEEE, 0801, 0000, 0.01128, 4.8532845
2509189, 0xEEEE, 0802, 0001, 0.01209, 4.8427558
2512314, 0xEEEE, 0803, 0001, 0.01128, 4.8668650
2515448, 0xEEEE, 0804, 0002, 0.37714, 4.8484779
2518576, 0xEEEE, 0805, 0002, 0.39245, 4.8762493
2521701, 0xEEEE, 0806, 0003, 0.79297, 4.8522927
2524826, 0xEEEE, 0807, 0003, 1.18703, 4.8486305
2527972, 0xEEEE, 0808, 0004, 1.18462, 4.8569467
2531081, 0xEEEE, 0809, 0004, 1.18381, 4.8527504
2534201, 0xEEEE, 0810, 0005, 1.59077, 4.8674754
2537314, 0xEEEE, 0811, 0005, 1.57788, 4.8595407
2540440, 0xEEEE, 0812, 0006, 1.99209, 4.8513771
2543576, 0xEEEE, 0813, 0006, 1.98000, 4.8588540
2546689, 0xEEEE, 0814, 0007, 2.36681, 4.8429084
2549814, 0xEEEE, 0815, 0007, 2.55136, 4.8748760
2552939, 0xEEEE, 0816, 0007, 2.55216, 4.8596933
2556070, 0xEEEE, 0817, 0007, 2.56667, 4.8379492
2559191, 0xEEEE, 0818, 0006, 2.55377, 4.8586252
2562323, 0xEEEE, 0819, 0006, 2.55619, 4.8470283
2565449, 0xEEEE, 0820, 0005, 2.36762, 4.8655680
2568583, 0xEEEE, 0821, 0005, 2.36681, 4.8590066
2571699, 0xEEEE, 0822, 0004, 1.97275, 4.8550393
2574823, 0xEEEE, 0823, 0004, 1.57788, 4.8592355
2577948, 0xEEEE, 0824, 0003, 1.57788, 4.8428321
2581087, 0xEEEE, 0825, 0003, 1.59238, 4.8703746
2584189, 0xEEEE, 0826, 0002, 1.18220, 4.8546578
2587314, 0xEEEE, 0827, 0002, 1.18300, 4.8597696
2590440, 0xEEEE, 0828, 0001, 0.78813, 4.8565652
2593565, 0xEEEE, 0829, 0001, 0.78007, 4.8421454
2596689, 0xEEEE, 0830, 0000, 0.39245, 4.8705272
2599814, 0xEEEE, 0831, 0000, 0.01209, 4.8599985
2602940, 0xEEEE, 0832, 0000, 0.01128, 4.8647288
2606081, 0xEEEE, 0833, 0000, 0.01128, 4.8552682
2609200, 0xEEEE, 0834, 0001, 0.01128, 4.8336004
2612325, 0xEEEE, 0835, 0001, 0.01128, 4.8647288
2615451, 0xEEEE, 0836, 0002, 0.39245, 4.8464179
2618577, 0xEEEE, 0837, 0002, 0.38923, 4.8557259
2621701, 0xEEEE, 0838, 0003, 0.78813, 4.8503853
2624826, 0xEEEE, 0839, 0003, 1.15883, 4.8458839
2627984, 0xEEEE, 0840, 0004, 1.18300, 4.8590066
2631070, 0xEEEE, 0841, 0004, 1.18381, 4.8549630
2634189, 0xEEEE, 0842, 0005, 1.55289, 4.8677043
2637314, 0xEEEE, 0843, 0005, 1.57868, 4.8591592
2640439, 0xEEEE, 0844, 0006, 1.97275, 4.8590066
2643565, 0xEEEE, 0845, 0006, 1.97355, 4.8554208
2646689, 0xEEEE, 0846, 0007, 2.37890, 4.8503853
2649823, 0xEEEE, 0847, 0007, 2.36601, 4.8658732
2652948, 0xEEEE, 0848, 0007, 2.54974, 4.8594644
2656078, 0xEEEE, 0849, 0007, 2.55136, 4.8509957
2659198, 0xEEEE, 0850, 0006, 2.55055, 4.8599222
2662323, 0xEEEE, 0851, 0006, 2.55136, 4.8519112
2665457, 0xEEEE, 0852, 0005, 2.35634, 4.8659495
2668574, 0xEEEE, 0853, 0005, 1.97114, 4.8607614
2671690, 0xEEEE, 0854, 0004, 1.97275, 4.8576333
2674814, 0xEEEE, 0855, 0004, 1.97275, 4.8576333
2677939, 0xEEEE, 0856, 0003, 1.58674, 4.8463416
2681070, 0xEEEE, 0857, 0003, 1.57868, 4.8724346
2684189, 0xEEEE, 0858, 0002, 1.18542, 4.8605325
2687314, 0xEEEE, 0859, 0002, 1.18300, 4.8692302
2690445, 0xEEEE, 0860, 0001, 0.78652, 4.8612192
2693574, 0xEEEE, 0861, 0001, 0.42952, 4.8352026
2696701, 0xEEEE, 0862, 0000, 0.39245, 4.8686198
2699825, 0xEEEE, 0863, 0000, 0.38762, 4.8569467
2702951, 0xEEEE, 0864, 0000, 0.01128, 4.8671702
2706081, 0xEEEE, 0865, 0000, 0.01209, 4.8584726
2709201, 0xEEEE, 0866, 0001, 0.01128, 4.8437476
2712337, 0xEEEE, 0867, 0001, 0.01128, 4.8635080
2715440, 0xEEEE, 0868, 0002, 0.39084, 4.8497749
2718565, 0xEEEE, 0869, 0002, 0.78571, 4.8692302
2721689, 0xEEEE, 0870, 0003, 0.78813, 4.8625162
2724814, 0xEEEE, 0871, 0003, 0.79216, 4.8400855
2727961, 0xEEEE, 0872, 0004, 1.18220, 4.8648051
2731070, 0xEEEE, 0873, 0004, 1.19026, 4.8571756
2734189, 0xEEEE, 0874, 0005, 1.57788, 4.8616007
2737319, 0xEEEE, 0875, 0005, 1.52549, 4.8611429
2740449, 0xEEEE, 0876, 0006, 1.97194, 4.8509957
2743573, 0xEEEE, 0877, 0006, 2.36681, 4.8606851
2746699, 0xEEEE, 0878, 0007, 2.36681, 4.8452735
2749830, 0xEEEE, 0879, 0007, 2.34586, 4.8699168
2752949, 0xEEEE, 0880, 0007, 2.54894, 4.8564889
2756078, 0xEEEE, 0881, 0007, 2.54813, 4.8458839
2759189, 0xEEEE, 0882, 0006, 2.55136, 4.8599985
2762314, 0xEEEE, 0883, 0006, 2.55136, 4.8361181
2765440, 0xEEEE, 0884, 0005, 2.36762, 4.8696117
2768565, 0xEEEE, 0885, 0005, 1.95260, 4.8596170
2771689, 0xEEEE, 0886, 0004, 1.97597, 4.8538949
2774814, 0xEEEE, 0887, 0004, 1.97194, 4.8618296
2777939, 0xEEEE, 0888, 0003, 1.59641, 4.8410773
2781073, 0xEEEE, 0889, 0003, 1.57788, 4.8759442
2784200, 0xEEEE, 0890, 0002, 1.18381, 4.8609903
2787325, 0xEEEE, 0891, 0002, 1.17817, 4.8554208
2790451, 0xEEEE, 0892, 0001, 0.78813, 4.8597696
2793577, 0xEEEE, 0893, 0001, 0.78733, 4.8400855
2796712, 0xEEEE, 0894, 0000, 0.38923, 4.8643473
2799826, 0xEEEE, 0895, 0000, 0.39165, 4.8628977
2802939, 0xEEEE, 0896, 0000, 0.01209, 4.8677806
2806070, 0xEEEE, 0897, 0000, 0.01128, 4.8650340
2809198, 0xEEEE, 0898, 0001, 0.01209, 4.8428321
2812314, 0xEEEE, 0899, 0001, 0.39245, 4.8670176
2815440, 0xEEEE, 0900, 0002, 0.32315, 4.8494697
2818565, 0xEEEE, 0901, 0002, 0.39326, 4.8623636
2821689, 0xEEEE, 0902, 0003, 0.78168, 4.8590829
2824814, 0xEEEE, 0903, 0003, 0.78894, 4.8313878
2827970, 0xEEEE, 0904, 0004, 1.18300, 4.8563363
2831078, 0xEEEE, 0905, 0004, 1.18381, 4.8487068
2834204, 0xEEEE, 0906, 0005, 1.57626, 4.8604562
2837323, 0xEEEE, 0907, 0005, 1.97194, 4.8638895
2840449, 0xEEEE, 0908, 0006, 1.98081, 4.8486305
2843574, 0xEEEE, 0909, 0006, 1.97516, 4.8602274
2846698, 0xEEEE, 0910, 0007, 2.36681, 4.8499275
2849814, 0xEEEE, 0911, 0007, 2.36681, 4.8673228
2852939, 0xEEEE, 0912, 0007, 2.59810, 4.8608377
2856069, 0xEEEE, 0913, 0007, 2.52718, 4.8566415
2859189, 0xEEEE, 0914, 0006, 2.55216, 4.8640421
2862314, 0xEEEE, 0915, 0006, 2.36601, 4.8542000
2865440, 0xEEEE, 0916, 0005, 2.36762, 4.8677806
2868565, 0xEEEE, 0917, 0005, 2.36681, 4.8676280
2871700, 0xEEEE, 0918, 0004, 1.97355, 4.8543526
2874825, 0xEEEE, 0919, 0004, 1.97114, 4.8579385
2877950, 0xEEEE, 0920, 0003, 1.57868, 4.8369574
2881090, 0xEEEE, 0921, 0003, 1.56015, 4.8578622
2884200, 0xEEEE, 0922, 0002, 1.18300, 4.8661784
2887326, 0xEEEE, 0923, 0002, 0.79619, 4.8527504
2890451, 0xEEEE, 0924, 0001, 0.78894, 4.8624399
2893574, 0xEEEE, 0925, 0001, 0.78571, 4.8359655
2896689, 0xEEEE, 0926, 0000, 0.39810, 4.8657969
2899814, 0xEEEE, 0927, 0000, 0.39245, 4.8579385
2902939, 0xEEEE, 0928, 0000, 0.01209, 4.8608377
2906070, 0xEEEE, 0929, 0000, 0.01128, 4.8646525
2909189, 0xEEEE, 0930, 0001, 0.01209, 4.8450446
2912314, 0xEEEE, 0931, 0001, 0.39326, 4.8628977
2915447, 0xEEEE, 0932, 0002, 0.39165, 4.8610666
2918574, 0xEEEE, 0933, 0002, 0.39245, 4.8634318
2921699, 0xEEEE, 0934, 0003, 0.78007, 4.8649577
2924823, 0xEEEE, 0935, 0003, 0.78733, 4.8376440
2927969, 0xEEEE, 0936, 0004, 1.18220, 4.8602274
2931079, 0xEEEE, 0937, 0004, 1.18220, 4.8493935
2934198, 0xEEEE, 0938, 0005, 1.60205, 4.8648051
2937314, 0xEEEE, 0939, 0005, 1.96308, 4.8644236
2940451, 0xEEEE, 0940, 0006, 1.97436, 4.8517586
2943565, 0xEEEE, 0941, 0006, 1.99692, 4.8598459
2946689, 0xEEEE, 0942, 0007, 2.36601, 4.8484779
2949814, 0xEEEE, 0943, 0007, 2.36601, 4.8709850
2952939, 0xEEEE, 0944, 0007, 2.55216, 4.8618296
2956070, 0xEEEE, 0945, 0007, 2.55136, 4.8465705
2959196, 0xEEEE, 0946, 0006, 2.55377, 4.8646525
2962325, 0xEEEE, 0947, 0006, 2.54168, 4.8383307
2965458, 0xEEEE, 0948, 0005, 2.37245, 4.8735790
2968577, 0xEEEE, 0949, 0005, 2.36601, 4.8592355
2971702, 0xEEEE, 0950, 0004, 1.97275, 4.8603037
2974826, 0xEEEE, 0951, 0004, 1.96630, 4.8611429
2977959, 0xEEEE, 0952, 0003, 1.57868, 4.8375677
2981081, 0xEEEE, 0953, 0003, 1.18220, 4.8690013
2984189, 0xEEEE, 0954, 0002, 1.17817, 4.8594644
2987314, 0xEEEE, 0955, 0002, 1.18300, 4.8609140
2990440, 0xEEEE, 0956, 0001, 0.79538, 4.8628977
2993565, 0xEEEE, 0957, 0001, 0.83971, 4.8352789
2996690, 0xEEEE, 0958, 0000, 0.39245, 4.8659495
2999814, 0xEEEE, 0959, 0000, 0.39971, 4.8577096
3002941, 0xEEEE, 0960, 0000, 0.01128, 4.8712902
3006078, 0xEEEE, 0961, 0000, 0.01209, 4.8667124
3009198, 0xEEEE, 0962, 0001, 0.01209, 4.8416114
3012324, 0xEEEE, 0963, 0001, 0.01128, 4.8605325
3015449, 0xEEEE, 0964, 0002, 0.38842, 4.8557259
3018574, 0xEEEE, 0965, 0002, 0.41099, 4.8638132
3021699, 0xEEEE, 0966, 0003, 0.78894, 4.8685435
3024834, 0xEEEE, 0967, 0003, 0.78974, 4.8393988
3027970, 0xEEEE, 0968, 0004, 1.18300, 4.8660258
3031070, 0xEEEE, 0969, 0004, 1.57868, 4.8542763
3034189, 0xEEEE, 0970, 0005, 1.57949, 4.8562600
3037314, 0xEEEE, 0971, 0005, 1.57304, 4.8636606
3040440, 0xEEEE, 0972, 0006, 1.97436, 4.8505379
3043565, 0xEEEE, 0973, 0006, 1.97275, 4.8605325
3046691, 0xEEEE, 0974, 0007, 2.37004, 4.8450446
3049825, 0xEEEE, 0975, 0007, 2.35714, 4.8646525
3052951, 0xEEEE, 0976, 0007, 2.55055, 4.8641947
3056081, 0xEEEE, 0977, 0007, 2.55136, 4.8488594
3059201, 0xEEEE, 0978, 0006, 2.55216, 4.8608377
3062334, 0xEEEE, 0979, 0006, 2.55216, 4.8392462
3065451, 0xEEEE, 0980, 0005, 2.35150, 4.8662547
3068576, 0xEEEE, 0981, 0005, 2.36117, 4.8692302
3071689, 0xEEEE, 0982, 0004, 1.97275, 4.8543526
3074814, 0xEEEE, 0983, 0004, 1.97436, 4.8622873
3077939, 0xEEEE, 0984, 0003, 1.57223, 4.8348974
3081069, 0xEEEE, 0985, 0003, 1.18220, 4.8630503
3084189, 0xEEEE, 0986, 0002, 1.18220, 4.8631266
3087314, 0xEEEE, 0987, 0002, 1.18381, 4.8436713
3090445, 0xEEEE, 0988, 0001, 0.78249, 4.8649577
3093573, 0xEEEE, 0989, 0001, 0.78974, 4.8400855
3096699, 0xEEEE, 0990, 0000, 0.39084, 4.8644236
3099823, 0xEEEE, 0991, 0000, 0.39245, 4.8681621
3102949, 0xEEEE, 0992, 0000, 0.01209, 4.8523690
3106079, 0xEEEE, 0993, 0000, 0.01209, 4.8689250
3109209, 0xEEEE, 0994, 0001, 0.01128, 4.8415351
3112323, 0xEEEE, 0995, 0001, 0.01209, 4.8650340
3115440, 0xEEEE, 0996, 0002, 0.39084, 4.8603799
3118565, 0xEEEE, 0997, 0002, 0.39165, 4.8590066
3121689, 0xEEEE, 0998, 0003, 0.78813, 4.8693828
3124814, 0xEEEE, 0999, 0003, 1.17897, 4.8451972
3127961, 0xEEEE, 1000, 0004, 1.18300, 4.8595407
3131070, 0xEEEE, 1001, 0004, 1.19590, 4.8554971
3134189, 0xEEEE, 1002, 0005, 1.57707, 4.8602274
3137324, 0xEEEE, 1003, 0005, 1.57949, 4.8697642
3140451, 0xEEEE, 1004, 0006, 1.97597, 4.8414588
3143576, 0xEEEE, 1005, 0006, 1.97275, 4.8606088
3146708, 0xEEEE, 1006, 0007, 2.36762, 4.8563363
3149826, 0xEEEE, 1007, 0007, 2.48205, 4.8596170
3152951, 0xEEEE, 1008, 0007, 2.56022, 4.8689250
3156081, 0xEEEE, 1009, 0007, 2.54733, 4.8483253
3159189, 0xEEEE, 1010, 0006, 2.54894, 4.8527504
3162314, 0xEEEE, 1011, 0006, 2.55216, 4.8503090
3165440, 0xEEEE, 1012, 0005, 2.36601, 4.8619059
3168565, 0xEEEE, 1013, 0005, 2.36762, 4.8741131
3171689, 0xEEEE, 1014, 0004, 1.98161, 4.8551156
3174814, 0xEEEE, 1015, 0004, 1.57868, 4.8632029
3177939, 0xEEEE, 1016, 0003, 1.57868, 4.8471809
3181074, 0xEEEE, 1017, 0003, 1.57868, 4.8537423
3184198, 0xEEEE, 1018, 0002, 1.18300, 4.8649577
3187323, 0xEEEE, 1019, 0002, 1.18703, 4.8562600
3190449, 0xEEEE, 1020, 0001, 0.78813, 4.8699931
3193584, 0xEEEE, 1021, 0001, 0.78571, 4.8356603
3196699, 0xEEEE, 1022, 0000, 0.40857, 4.8645762
3199823, 0xEEEE, 1023, 0000, 0.01209, 4.8620584
3202939, 0xEEEE, 1024, 0000, 0.01128, 4.8619059
3206078, 0xEEEE, 1025, 0000, 0.01209, 4.8661784
3209189, 0xEEEE, 1026, 0001, 0.01209, 4.8348974
3212314, 0xEEEE, 1027, 0001, 0.01128, 4.8546578
3215440, 0xEEEE, 1028, 0002, 0.41421, 4.8623636
3218565, 0xEEEE, 1029, 0002, 0.39245, 4.8537423
3221689, 0xEEEE, 1030, 0003, 0.78088, 4.8691539
3224818, 0xEEEE, 1031, 0003, 1.18300, 4.8429847
3227972, 0xEEEE, 1032, 0004, 1.17656, 4.8583963
3231081, 0xEEEE, 1033, 0004, 1.18381, 4.8578622
3234201, 0xEEEE, 1034, 0005, 1.57626, 4.8564889
3237326, 0xEEEE, 1035, 0005, 1.57788, 4.8709850
3240451, 0xEEEE, 1036, 0006, 1.98242, 4.8487068
3243576, 0xEEEE, 1037, 0006, 1.97839, 4.8545815
3246690, 0xEEEE, 1038, 0007, 2.36842, 4.8505379
3249814, 0xEEEE, 1039, 0007, 2.55861, 4.8688487
3252950, 0xEEEE, 1040, 0007, 2.55216, 4.8738842
3256070, 0xEEEE, 1041, 0007, 2.55216, 4.8486305
3259189, 0xEEEE, 1042, 0006, 2.56586, 4.8609903
3262314, 0xEEEE, 1043, 0006, 2.54571, 4.8487068
3265440, 0xEEEE, 1044, 0005, 2.36762, 4.8677806
3268565, 0xEEEE, 1045, 0005, 2.36601, 4.8729686
3271699, 0xEEEE, 1046, 0004, 1.97436, 4.8484779
3274824, 0xEEEE, 1047, 0004, 1.97194, 4.8543526
3277955, 0xEEEE, 1048, 0003, 1.57949, 4.8480201
3281079, 0xEEEE, 1049, 0003, 1.61897, 4.8512245
3284198, 0xEEEE, 1050, 0002, 1.18300, 4.8670939
3287323, 0xEEEE, 1051, 0002, 1.18300, 4.8560311
3290457, 0xEEEE, 1052, 0001, 0.78813, 4.8670939
3293565, 0xEEEE, 1053, 0001, 0.39487, 4.8414588
3296689, 0xEEEE, 1054, 0000, 0.39165, 4.8578622
3299814, 0xEEEE, 1055, 0000, 0.39326, 4.8657206
3302939, 0xEEEE, 1056, 0000, 0.01128, 4.8548104
3306070, 0xEEEE, 1057, 0000, 0.01128, 4.8677043
3309189, 0xEEEE, 1058, 0001, 0.01128, 4.8387121
3312314, 0xEEEE, 1059, 0001, 0.01128, 4.8556497
3315451, 0xEEEE, 1060, 0002, 0.39165, 4.8618296
3318576, 0xEEEE, 1061, 0002, 0.78974, 4.8582437
3321701, 0xEEEE, 1062, 0003, 0.78813, 4.8699168
3324826, 0xEEEE, 1063, 0003, 0.78813, 4.8369574
3327972, 0xEEEE, 1064, 0004, 1.18381, 4.8679332
3331081, 0xEEEE, 1065, 0004, 1.18139, 4.8633555
3334200, 0xEEEE, 1066, 0005, 1.58835, 4.8542000
3337337, 0xEEEE, 1067, 0005, 1.58190, 4.8722057
3340440, 0xEEEE, 1068, 0006, 1.97275, 4.8467994
3343565, 0xEEEE, 1069, 0006, 2.39744, 4.8527504
3346689, 0xEEEE, 1070, 0007, 2.35714, 4.8593118
3349814, 0xEEEE, 1071, 0007, 2.36601, 4.8523690
3352939, 0xEEEE, 1072, 0007, 2.55136, 4.8753338
3356070, 0xEEEE, 1073, 0007, 2.55136, 4.8416876
3359197, 0xEEEE, 1074, 0006, 2.55216, 4.8603037
3362322, 0xEEEE, 1075, 0006, 2.55216, 4.8500801
3365449, 0xEEEE, 1076, 0005, 2.36681, 4.8636606
3368574, 0xEEEE, 1077, 0005, 1.97355, 4.8747234
3371699, 0xEEEE, 1078, 0004, 1.97275, 4.8453498
3374831, 0xEEEE, 1079, 0004, 1.97275, 4.8586252
3377948, 0xEEEE, 1080, 0003, 1.58029, 4.8444343
3381070, 0xEEEE, 1081, 0003, 1.57788, 4.8626688
3384189, 0xEEEE, 1082, 0002, 1.18139, 4.8727398
3387314, 0xEEEE, 1083, 0002, 1.18300, 4.8482490
3390440, 0xEEEE, 1084, 0001, 0.78571, 4.8535897
3393565, 0xEEEE, 1085, 0001, 0.40051, 4.8502327
3396689, 0xEEEE, 1086, 0000, 0.39487, 4.8503090
3399814, 0xEEEE, 1087, 0000, 0.39810, 4.8716716
3402946, 0xEEEE, 1088, 0000, 0.01128, 4.8516060
3406081, 0xEEEE, 1089, 0000, 0.01209, 4.8693065
3409200, 0xEEEE, 1090, 0001, 0.01128, 4.8460365
3412326, 0xEEEE, 1091, 0001, 0.01128, 4.8596170
3415451, 0xEEEE, 1092, 0002, 0.39165, 4.8709087
3418577, 0xEEEE, 1093, 0002, 0.38278, 4.8573281
3421712, 0xEEEE, 1094, 0003, 0.78652, 4.8685435
3424814, 0xEEEE, 1095, 0003, 0.79458, 4.8481727
3427972, 0xEEEE, 1096, 0004, 1.18300, 4.8439002
3431070, 0xEEEE, 1097, 0004, 1.18945, 4.8607614
3434189, 0xEEEE, 1098, 0005, 1.57788, 4.8508431
3437314, 0xEEEE, 1099, 0005, 1.95824, 4.8751049
3440440, 0xEEEE, 1100, 0006, 1.97678, 4.8405432
3443565, 0xEEEE, 1101, 0006, 1.97275, 4.8532845
3446692, 0xEEEE, 1102, 0007, 2.36681, 4.8563363
3449823, 0xEEEE, 1103, 0007, 2.34344, 4.8554208
3452948, 0xEEEE, 1104, 0007, 2.55780, 4.8745708
3456078, 0xEEEE, 1105, 0007, 2.55136, 4.8449683
3459206, 0xEEEE, 1106, 0006, 2.55216, 4.8593118
3462323, 0xEEEE, 1107, 0006, 2.36762, 4.8551156
3465449, 0xEEEE, 1108, 0005, 2.36681, 4.8548104
3468565, 0xEEEE, 1109, 0005, 2.39985, 4.8762493
3471689, 0xEEEE, 1110, 0004, 1.96630, 4.8486305
3474814, 0xEEEE, 1111, 0004, 1.97436, 4.8525978
3477939, 0xEEEE, 1112, 0003, 1.59399, 4.8472572
3481070, 0xEEEE, 1113, 0003, 1.57868, 4.8578622
3484189, 0xEEEE, 1114, 0002, 1.18381, 4.8726635
3487314, 0xEEEE, 1115, 0002, 0.78813, 4.8530556
3490448, 0xEEEE, 1116, 0001, 0.78813, 4.8596933
3493576, 0xEEEE, 1117, 0001, 0.78652, 4.8421454
3496700, 0xEEEE, 1118, 0000, 0.37875, 4.8459602
3499825, 0xEEEE, 1119, 0000, 0.39245, 4.8722820
3502951, 0xEEEE, 1120, 0000, 0.01209, 4.8652628
3506091, 0xEEEE, 1121, 0000, 0.01128, 4.8597696
3509201, 0xEEEE, 1122, 0001, 0.01209, 4.8425269
3512314, 0xEEEE, 1123, 0001, 0.39165, 4.8519875
3515440, 0xEEEE, 1124, 0002, 0.39245, 4.8712139
3518573, 0xEEEE, 1125, 0002, 0.39245, 4.8621347
3521689, 0xEEEE, 1126, 0003, 0.78652, 4.8696880
3524814, 0xEEEE, 1127, 0003, 0.78813, 4.8464942
3527961, 0xEEEE, 1128, 0004, 1.18381, 4.8455787
3531070, 0xEEEE, 1129, 0004, 1.18381, 4.8619821
3534189, 0xEEEE, 1130, 0005, 1.57707, 4.8519875
3537323, 0xEEEE, 1131, 0005, 1.97275, 4.8694591
3540448, 0xEEEE, 1132, 0006, 2.00337, 4.8450446
3543578, 0xEEEE, 1133, 0006, 1.97194, 4.8535897
3546699, 0xEEEE, 1134, 0007, 2.36681, 4.8604562
3549823, 0xEEEE, 1135, 0007, 2.36681, 4.8623636
3552948, 0xEEEE, 1136, 0007, 2.53766, 4.8762493
3556079, 0xEEEE, 1137, 0007, 2.56908, 4.8490883
3559189, 0xEEEE, 1138, 0006, 2.55377, 4.8494697
3562314, 0xEEEE, 1139, 0006, 2.37165, 4.8567178
3565440, 0xEEEE, 1140, 0005, 2.36681, 4.8575570
3568565, 0xEEEE, 1141, 0005, 2.36762, 4.8712902
3571689, 0xEEEE, 1142, 0004, 1.95744, 4.8458839
3574814, 0xEEEE, 1143, 0004, 1.97436, 4.8503853
3577939, 0xEEEE, 1144, 0003, 1.57868, 4.8486305
3581081, 0xEEEE, 1145, 0003, 1.53758, 4.8573281
3584200, 0xEEEE, 1146, 0002, 1.18300, 4.8786908
3587326, 0xEEEE, 1147, 0002, 1.17978, 4.8439002
3590459, 0xEEEE, 1148, 0001, 0.78813, 4.8670176
3593576, 0xEEEE, 1149, 0001, 0.79055, 4.8500801
3596702, 0xEEEE, 1150, 0000, 0.38923, 4.8406958
3599826, 0xEEEE, 1151, 0000, 0.39165, 4.8784619
3602959, 0xEEEE, 1152, 0000, 0.01128, 4.8525216
3606070, 0xEEEE, 1153, 0000, 0.01128, 4.8629740
3609189, 0xEEEE, 1154, 0001, 0.01128, 4.8519875
3612314, 0xEEEE, 1155, 0001, 0.01209, 4.8428321
3615440, 0xEEEE, 1156, 0002, 0.39326, 4.8735790
3618565, 0xEEEE, 1157, 0002, 0.39407, 4.8547341
3621689, 0xEEEE, 1158, 0003, 0.79700, 4.8719768
3624819, 0xEEEE, 1159, 0003, 0.78813, 4.8502327
3627969, 0xEEEE, 1160, 0004, 1.19106, 4.8444343
3631078, 0xEEEE, 1161, 0004, 1.57868, 4.8683909
3634199, 0xEEEE, 1162, 0005, 1.55209, 4.8550393
3637324, 0xEEEE, 1163, 0005, 1.57868, 4.8702220
3640449, 0xEEEE, 1164, 0006, 1.97275, 4.8393225
3643574, 0xEEEE, 1165, 0006, 1.95663, 4.8536660
3646690, 0xEEEE, 1166, 0007, 2.36440, 4.8655680
3649825, 0xEEEE, 1167, 0007, 2.36601, 4.8535134
3652939, 0xEEEE, 1168, 0007, 2.55216, 4.8708324
3656070, 0xEEEE, 1169, 0007, 2.55136, 4.8467994
3659189, 0xEEEE, 1170, 0006, 2.49253, 4.8538949
3662314, 0xEEEE, 1171, 0006, 2.54249, 4.8564889
3665440, 0xEEEE, 1172, 0005, 2.36440, 4.8488594
3668571, 0xEEEE, 1173, 0005, 2.36762, 4.8708324
3671701, 0xEEEE, 1174, 0004, 1.97355, 4.8549630
3674825, 0xEEEE, 1175, 0004, 2.01223, 4.8587015
3677951, 0xEEEE, 1176, 0003, 1.57788, 4.8458076
3681081, 0xEEEE, 1177, 0003, 1.19106, 4.8613718
3684201, 0xEEEE, 1178, 0002, 1.18703, 4.8787671
3687334, 0xEEEE, 1179, 0002, 1.18381, 4.8485542
3690440, 0xEEEE, 1180, 0001, 0.78813, 4.8528267
3693565, 0xEEEE, 1181, 0001, 0.80022, 4.8542000
3696689, 0xEEEE, 1182, 0000, 0.39326, 4.8630503
3699814, 0xEEEE, 1183, 0000, 0.38601, 4.8762493
3702939, 0xEEEE, 1184, 0000, 0.01209, 4.8513008
3706070, 0xEEEE, 1185, 0000, 0.01209, 4.8564889
3709189, 0xEEEE, 1186, 0001, 0.01128, 4.8488594
3712315, 0xEEEE, 1187, 0001, 0.01209, 4.8453498
3715448, 0xEEEE, 1188, 0002, 0.39326, 4.8744182
3718573, 0xEEEE, 1189, 0002, 0.38681, 4.8501564
3721699, 0xEEEE, 1190, 0003, 0.78813, 4.8659495
3724824, 0xEEEE, 1191, 0003, 0.79216, 4.8470283
3727970, 0xEEEE, 1192, 0004, 1.18300, 4.8484779
3731079, 0xEEEE, 1193, 0004, 1.18381, 4.8690013
3734209, 0xEEEE, 1194, 0005, 1.57788, 4.8628214
3737314, 0xEEEE, 1195, 0005, 1.58110, 4.8703746
3740440, 0xEEEE, 1196, 0006, 1.97355, 4.8444343
3743565, 0xEEEE, 1197, 0006, 1.97275, 4.8439002
3746689, 0xEEEE, 1198, 0007, 2.36842, 4.8666361
3749814, 0xEEEE, 1199, 0007, 2.37165, 4.8492409
3752940, 0xEEEE, 1200, 0007, 2.55136, 4.8824292
3756070, 0xEEEE, 1201, 0007, 2.55136, 4.8501564
3759200, 0xEEEE, 1202, 0006, 2.55136, 4.8458839
3762325, 0xEEEE, 1203, 0006, 2.55216, 4.8601511
3765451, 0xEEEE, 1204, 0005, 2.37165, 4.8506142
3768577, 0xEEEE, 1205, 0005, 2.37084, 4.8762493
3771710, 0xEEEE, 1206, 0004, 1.97436, 4.8471046
3774826, 0xEEEE, 1207, 0004, 1.53355, 4.8587778
3777950, 0xEEEE, 1208, 0003, 1.57062, 4.8559548
3781070, 0xEEEE, 1209, 0003, 1.57788, 4.8454261
3784189, 0xEEEE, 1210, 0002, 1.14110, 4.8725109
3787314, 0xEEEE, 1211, 0002, 1.18381, 4.8495460
3790440, 0xEEEE, 1212, 0001, 0.78571, 4.8590066
3793565, 0xEEEE, 1213, 0001, 0.78733, 4.8556497
3796689, 0xEEEE, 1214, 0000, 0.39326, 4.8459602
3799814, 0xEEEE, 1215, 0000, 0.01128, 4.8783856
3802948, 0xEEEE, 1216, 0000, 0.01209, 4.8527504
3806078, 0xEEEE, 1217, 0000, 0.01128, 4.8586252
3809198, 0xEEEE, 1218, 0001, 0.01209, 4.8493172
3812324, 0xEEEE, 1219, 0001, 0.01209, 4.8436713
3815449, 0xEEEE, 1220, 0002, 0.39084, 4.8760204
3818584, 0xEEEE, 1221, 0002, 0.39245, 4.8594644
3821699, 0xEEEE, 1222, 0003, 0.78733, 4.8645762
3824814, 0xEEEE, 1223, 0003, 1.18462, 4.8522927
3827969, 0xEEEE, 1224, 0004, 1.18220, 4.8426032
3831078, 0xEEEE, 1225, 0004, 1.18703, 4.8674754
3834189, 0xEEEE, 1226, 0005, 1.57788, 4.8517586
3837314, 0xEEEE, 1227, 0005, 1.57143, 4.8735027
3840440, 0xEEEE, 1228, 0006, 1.97275, 4.8481727
3843565, 0xEEEE, 1229, 0006, 1.97275, 4.8436713
3846698, 0xEEEE, 1230, 0007, 2.36681, 4.8684672
3849825, 0xEEEE, 1231, 0007, 2.55055, 4.8509957
3852950, 0xEEEE, 1232, 0007, 2.55780, 4.8698405
3856088, 0xEEEE, 1233, 0007, 2.55055, 4.8435950
3859200, 0xEEEE, 1234, 0006, 2.55216, 4.8502327
3862326, 0xEEEE, 1235, 0006, 2.55055, 4.8595407
3865452, 0xEEEE, 1236, 0005, 2.36762, 4.8616770
3868564, 0xEEEE, 1237, 0005, 2.34183, 4.8754101
3871689, 0xEEEE, 1238, 0004, 1.97516, 4.8492409
3874814, 0xEEEE, 1239, 0004, 1.57707, 4.8516060
3877939, 0xEEEE, 1240, 0003, 1.57707, 4.8563363
3881070, 0xEEEE, 1241, 0003, 1.57949, 4.8490120
3884189, 0xEEEE, 1242, 0002, 1.17253, 4.8752575
3887314, 0xEEEE, 1243, 0002, 1.18542, 4.8470283
3890445, 0xEEEE, 1244, 0001, 0.77282, 4.8569467
3893574, 0xEEEE, 1245, 0001, 0.78894, 4.8519112
3896698, 0xEEEE, 1246, 0000, 0.38440, 4.8426032
3899823, 0xEEEE, 1247, 0000, 0.35136, 4.8782330
3902958, 0xEEEE, 1248, 0000, 0.01128, 4.8604562
3906078, 0xEEEE, 1249, 0000, 0.01289, 4.8684672
3909198, 0xEEEE, 1250, 0001, 0.01209, 4.8499275
3912314, 0xEEEE, 1251, 0001, 0.01209, 4.8429847
3915448, 0xEEEE, 1252, 0002, 0.41018, 4.8766308
3918565, 0xEEEE, 1253, 0002, 0.78813, 4.8557259
3921689, 0xEEEE, 1254, 0003, 0.78410, 4.8599985
3924814, 0xEEEE, 1255, 0003, 0.76557, 4.8458076
3927961, 0xEEEE, 1256, 0004, 1.18220, 4.8443580
3931070, 0xEEEE, 1257, 0004, 1.23377, 4.8701457
3934192, 0xEEEE, 1258, 0005, 1.57949, 4.8512245
3937325, 0xEEEE, 1259, 0005, 1.57868, 4.8691539
3940454, 0xEEEE, 1260, 0006, 1.98725, 4.8459602
3943576, 0xEEEE, 1261, 0006, 2.36842, 4.8513771
3946702, 0xEEEE, 1262, 0007, 2.36681, 4.8661784
3949825, 0xEEEE, 1263, 0007, 2.36681, 4.8535897
3952951, 0xEEEE, 1264, 0007, 2.54894, 4.8764019
3956081, 0xEEEE, 1265, 0007, 2.55377, 4.8432136
3959189, 0xEEEE, 1266, 0006, 2.54733, 4.8529793
3962325, 0xEEEE, 1267, 0006, 2.55377, 4.8632029
3965440, 0xEEEE, 1268, 0005, 2.36681, 4.8530556
3968565, 0xEEEE, 1269, 0005, 1.97275, 4.8727398
3971689, 0xEEEE, 1270, 0004, 2.00982, 4.8458839
3974814, 0xEEEE, 1271, 0004, 1.97516, 4.8512245
3977939, 0xEEEE, 1272, 0003, 1.57788, 4.8576333
3981078, 0xEEEE, 1273, 0003, 1.56337, 4.8486305
3984198, 0xEEEE, 1274, 0002, 1.18300, 4.8697642
3987330, 0xEEEE, 1275, 0002, 1.20557, 4.8477150
3990449, 0xEEEE, 1276, 0001, 0.78894, 4.8426795
3993574, 0xEEEE, 1277, 0001, 0.39326, 4.8528267
3996699, 0xEEEE, 1278, 0000, 0.39084, 4.8477913
3999831, 0xEEEE, 1279, 0000, 0.39165, 4.8766308
4002940, 0xEEEE, 1280, 0000, 0.01128, 4.8560311
4006070, 0xEEEE, 1281, 0000, 0.01128, 4.8638895
4009189, 0xEEEE, 1282, 0001, 0.01128, 4.8522164
4012314, 0xEEEE, 1283, 0001, 0.01128, 4.8437476
4015439, 0xEEEE, 1284, 0002, 0.39245, 4.8715190
4018565, 0xEEEE, 1285, 0002, 0.78894, 4.8557259
4021689, 0xEEEE, 1286, 0003, 0.79136, 4.8592355
4024825, 0xEEEE, 1287, 0003, 0.78894, 4.8506905
4027972, 0xEEEE, 1288, 0004, 1.18139, 4.8305486
4031081, 0xEEEE, 1289, 0004, 1.18381, 4.8708324
4034201, 0xEEEE, 1290, 0005, 1.58190, 4.8558022
4037325, 0xEEEE, 1291, 0005, 1.57707, 4.8677043
4040452, 0xEEEE, 1292, 0006, 1.97355, 4.8540475
4043576, 0xEEEE, 1293, 0006, 2.27736, 4.8429847
4046712, 0xEEEE, 1294, 0007, 2.36762, 4.8684672
4049814, 0xEEEE, 1295, 0007, 2.36762, 4.8493172
4052939, 0xEEEE, 1296, 0007, 2.55216, 4.8712902
4056070, 0xEEEE, 1297, 0007, 2.55216, 4.8605325
4059189, 0xEEEE, 1298, 0006, 2.52637, 4.8414588
4062314, 0xEEEE, 1299, 0006, 2.53846, 4.8631266
4065442, 0xEEEE, 1300, 0005, 2.36842, 4.8542000
4068572, 0xEEEE, 1301, 0005, 2.36762, 4.8770123
4071699, 0xEEEE, 1302, 0004, 1.97355, 4.8516060
4074823, 0xEEEE, 1303, 0004, 1.96791, 4.8506142
4077949, 0xEEEE, 1304, 0003, 1.57949, 4.8548867
4081079, 0xEEEE, 1305, 0003, 1.57788, 4.8461891
4084206, 0xEEEE, 1306, 0002, 1.18139, 4.8779278
4087323, 0xEEEE, 1307, 0002, 0.76557, 4.8525216
4090440, 0xEEEE, 1308, 0001, 0.78813, 4.8561837
4093565, 0xEEEE, 1309, 0001, 0.78249, 4.8517586
4096689, 0xEEEE, 1310, 0000, 0.39084, 4.8511482
4099814, 0xEEEE, 1311, 0000, 0.39407, 4.8744945
4102939, 0xEEEE, 1312, 0000, 0.01128, 4.8570993
4106070, 0xEEEE, 1313, 0000, 0.01209, 4.8616007
4109189, 0xEEEE, 1314, 0001, 0.01128, 4.8506905
4112320, 0xEEEE, 1315, 0001, 0.41905, 4.8455787
4115451, 0xEEEE, 1316, 0002, 0.39407, 4.8800641
4118576, 0xEEEE, 1317, 0002, 0.39407, 4.8480964
4121701, 0xEEEE, 1318, 0003, 0.78813, 4.8745708
4124827, 0xEEEE, 1319, 0003, 0.78733, 4.8488594
4127972, 0xEEEE, 1320, 0004, 1.14755, 4.8361944
4131092, 0xEEEE, 1321, 0004, 1.18623, 4.8697642
4134189, 0xEEEE, 1322, 0005, 1.57707, 4.8516060
4137314, 0xEEEE, 1323, 0005, 1.97355, 4.8640421
4140440, 0xEEEE, 1324, 0006, 1.97355, 4.8488594
4143565, 0xEEEE, 1325, 0006, 1.97355, 4.8477913
4146689, 0xEEEE, 1326, 0007, 2.38051, 4.8661021
4149814, 0xEEEE, 1327, 0007, 2.36601, 4.8501564
4152939, 0xEEEE, 1328, 0007, 2.55297, 4.8699168
4156071, 0xEEEE, 1329, 0007, 2.55216, 4.8473335
4159198, 0xEEEE, 1330, 0006, 2.55136, 4.8493172
4162323, 0xEEEE, 1331, 0006, 2.36681, 4.8636606
4165449, 0xEEEE, 1332, 0005, 2.37568, 4.8599222
4168581, 0xEEEE, 1333, 0005, 2.36842, 4.8725109
4171699, 0xEEEE, 1334, 0004, 1.97275, 4.8465705
4174823, 0xEEEE, 1335, 0004, 1.97275, 4.8535134
4177939, 0xEEEE, 1336, 0003, 1.57223, 4.8565652
4181070, 0xEEEE, 1337, 0003, 1.57788, 4.8528267
4184189, 0xEEEE, 1338, 0002, 1.18864, 4.8783093
4187314, 0xEEEE, 1339, 0002, 0.78813, 4.8517586
4190440, 0xEEEE, 1340, 0001, 0.77363, 4.8503090
4193565, 0xEEEE, 1341, 0001, 0.78733, 4.8489357
4196689, 0xEEEE, 1342, 0000, 0.39245, 4.8509957
4199815, 0xEEEE, 1343, 0000, 0.42791, 4.8775463
4202950, 0xEEEE, 1344, 0000, 0.01128, 4.8501564
4206081, 0xEEEE, 1345, 0000, 0.01128, 4.8566415
4209200, 0xEEEE, 1346, 0001, 0.01128, 4.8484016
4212326, 0xEEEE, 1347, 0001, 0.01128, 4.8499275
4215462, 0xEEEE, 1348, 0002, 0.38117, 4.8742657
4218576, 0xEEEE, 1349, 0002, 0.39810, 4.8484779
4221701, 0xEEEE, 1350, 0003, 0.78733, 4.8641184
4224814, 0xEEEE, 1351, 0003, 0.80747, 4.8549630
4227980, 0xEEEE, 1352, 0004, 1.18300, 4.8366522
4231069, 0xEEEE, 1353, 0004, 1.58029, 4.8689250
4234189, 0xEEEE, 1354, 0005, 1.57949, 4.8594644
4237314, 0xEEEE, 1355, 0005, 1.59319, 4.8682383
4240440, 0xEEEE, 1356, 0006, 1.97355, 4.8496986
4243565, 0xEEEE, 1357, 0006, 1.97275, 4.8343633
4246699, 0xEEEE, 1358, 0007, 2.36762, 4.8695354
4249823, 0xEEEE, 1359, 0007, 2.33780, 4.8519112
4252951, 0xEEEE, 1360, 0007, 2.55619, 4.8714427
4256079, 0xEEEE, 1361, 0007, 2.54974, 4.8541238
4259198, 0xEEEE, 1362, 0006, 2.55297, 4.8542000
4262324, 0xEEEE, 1363, 0006, 2.55136, 4.8646525
4265448, 0xEEEE, 1364, 0005, 2.36762, 4.8500801
4268565, 0xEEEE, 1365, 0005, 2.32491, 4.8710613
4271689, 0xEEEE, 1366, 0004, 1.97436, 4.8457313
4274814, 0xEEEE, 1367, 0004, 1.97355, 4.8439765
4277939, 0xEEEE, 1368, 0003, 1.61736, 4.8553445
4281070, 0xEEEE, 1369, 0003, 1.18462, 4.8542763
4284189, 0xEEEE, 1370, 0002, 1.18381, 4.8691539
4287314, 0xEEEE, 1371, 0002, 1.18462, 4.8520638
4290450, 0xEEEE, 1372, 0001, 0.78894, 4.8408484
4293576, 0xEEEE, 1373, 0001, 0.78894, 4.8554208
4296701, 0xEEEE, 1374, 0000, 0.39407, 4.8405432
4299834, 0xEEEE, 1375, 0000, 0.39165, 4.8773175
4302951, 0xEEEE, 1376, 0000, 0.01209, 4.8551156
4306081, 0xEEEE, 1377, 0000, 0.01128, 4.8520638
4309200, 0xEEEE, 1378, 0001, 0.01370, 4.8554208
4312334, 0xEEEE, 1379, 0001, 0.01209, 4.8545815
4315440, 0xEEEE, 1380, 0002, 0.38762, 4.8757916
4318565, 0xEEEE, 1381, 0002, 0.39245, 4.8531319
4321689, 0xEEEE, 1382, 0003, 0.78813, 4.8507668
4324814, 0xEEEE, 1383, 0003, 0.78813, 4.8540475
4327961, 0xEEEE, 1384, 0004, 1.18300, 4.8499275
4331070, 0xEEEE, 1385, 0004, 1.59722, 4.8663310
4334194, 0xEEEE, 1386, 0005, 1.58190, 4.8564126
4337323, 0xEEEE, 1387, 0005, 1.57868, 4.8579385
4340449, 0xEEEE, 1388, 0006, 1.96952, 4.8551156
4343573, 0xEEEE, 1389, 0006, 1.97355, 4.8445106
4346699, 0xEEEE, 1390, 0007, 2.36681, 4.8699931
4349824, 0xEEEE, 1391, 0007, 2.36762, 4.8484016
4352948, 0xEEEE, 1392, 0007, 2.59487, 4.8696117
4356078, 0xEEEE, 1393, 0007, 2.54813, 4.8521401
4359200, 0xEEEE, 1394, 0006, 2.55458, 4.8362707
4362314, 0xEEEE, 1395, 0006, 2.55216, 4.8637369
4365440, 0xEEEE, 1396, 0005, 2.36842, 4.8541238
4368565, 0xEEEE, 1397, 0005, 2.36681, 4.8805982
4371689, 0xEEEE, 1398, 0004, 1.97114, 4.8544289
4374814, 0xEEEE, 1399, 0004, 1.97516, 4.8525978
4377943, 0xEEEE, 1400, 0003, 1.57788, 4.8561074
4381081, 0xEEEE, 1401, 0003, 1.58352, 4.8583200
4384200, 0xEEEE, 1402, 0002, 1.18462, 4.8783856
4387326, 0xEEEE, 1403, 0002, 1.17253, 4.8505379
4390452, 0xEEEE, 1404, 0001, 0.78894, 4.8511482
4393577, 0xEEEE, 1405, 0001, 0.78410, 4.8532845
4396710, 0xEEEE, 1406, 0000, 0.36505, 4.8390936
4399814, 0xEEEE, 1407, 0000, 0.01128, 4.8777752
4402939, 0xEEEE, 1408, 0000, 0.01128, 4.8535897
4406070, 0xEEEE, 1409, 0000, 0.01128, 4.8453498
4409189, 0xEEEE, 1410, 0001, 0.01128, 4.8530556
4412314, 0xEEEE, 1411, 0001, 0.01128, 4.8567178
4415440, 0xEEEE, 1412, 0002, 0.44322, 4.8757153
4418565, 0xEEEE, 1413, 0002, 0.39407, 4.8593881
4421689, 0xEEEE, 1414, 0003, 0.79377, 4.8609903
4424823, 0xEEEE, 1415, 0003, 1.18300, 4.8481727
4427970, 0xEEEE, 1416, 0004, 1.18139, 4.8435187
4431078, 0xEEEE, 1417, 0004, 1.18381, 4.8715190
4434199, 0xEEEE, 1418, 0005, 1.58432, 4.8578622
4437323, 0xEEEE, 1419, 0005, 1.57949, 4.8656443
4440449, 0xEEEE, 1420, 0006, 1.97436, 4.8478676
4443584, 0xEEEE, 1421, 0006, 1.97516, 4.8390173
4446689, 0xEEEE, 1422, 0007, 2.36601, 4.8722820
4449814, 0xEEEE, 1423, 0007, 2.55136, 4.8493172
4452939, 0xEEEE, 1424, 0007, 2.55136, 4.8736553
4456069, 0xEEEE, 1425, 0007, 2.55216, 4.8533608
4459189, 0xEEEE, 1426, 0006, 2.51267, 4.8497749
4462314, 0xEEEE, 1427, 0006, 2.56103, 4.8621347
4465448, 0xEEEE, 1428, 0005, 2.36601, 4.8524453
4468576, 0xEEEE, 1429, 0005, 2.36842, 4.8679332
4471701, 0xEEEE, 1430, 0004, 1.97194, 4.8456550
4474825, 0xEEEE, 1431, 0004, 1.57546, 4.8450446
4477951, 0xEEEE, 1432, 0003, 1.57949, 4.8574807
4481089, 0xEEEE, 1433, 0003, 1.59319, 4.8466468
4484201, 0xEEEE, 1434, 0002, 1.18381, 4.8757153
4487326, 0xEEEE, 1435, 0002, 1.18381, 4.8558785
4490440, 0xEEEE, 1436, 0001, 0.78813, 4.8527504
4493564, 0xEEEE, 1437, 0001, 0.72205, 4.8515297
4496689, 0xEEEE, 1438, 0000, 0.39245, 4.8554208
4499814, 0xEEEE, 1439, 0000, 0.01209, 4.8698405
4502940, 0xEEEE, 1440, 0000, 0.01128, 4.8492409
4506070, 0xEEEE, 1441, 0000, 0.01209, 4.8616770
4509189, 0xEEEE, 1442, 0001, 0.01128, 4.8548867
4512322, 0xEEEE, 1443, 0001, 0.01209, 4.8420691
4515448, 0xEEEE, 1444, 0002, 0.39245, 4.8693065
4518573, 0xEEEE, 1445, 0002, 0.38842, 4.8448157
4521699, 0xEEEE, 1446, 0003, 0.78733, 4.8706035
4524824, 0xEEEE, 1447, 0003, 0.78813, 4.8516823
4527979, 0xEEEE, 1448, 0004, 1.18300, 4.8440528
4531078, 0xEEEE, 1449, 0004, 1.18300, 4.8704509
4534189, 0xEEEE, 1450, 0005, 1.58352, 4.8540475
4537314, 0xEEEE, 1451, 0005, 1.57626, 4.8744945
4540440, 0xEEEE, 1452, 0006, 1.97355, 4.8490120
4543565, 0xEEEE, 1453, 0006, 2.37568, 4.8469520
4546689, 0xEEEE, 1454, 0007, 2.36037, 4.8703746
4549814, 0xEEEE, 1455, 0007, 2.36762, 4.8543526
4552939, 0xEEEE, 1456, 0007, 2.55216, 4.8735790
4556076, 0xEEEE, 1457, 0007, 2.55136, 4.8551919
4559200, 0xEEEE, 1458, 0006, 2.55136, 4.8491646
4562325, 0xEEEE, 1459, 0006, 2.47883, 4.8654917
4565458, 0xEEEE, 1460, 0005, 2.35714, 4.8540475
4568577, 0xEEEE, 1461, 0005, 1.97516, 4.8705272
4571702, 0xEEEE, 1462, 0004, 1.97436, 4.8520638
4574826, 0xEEEE, 1463, 0004, 1.90344, 4.8425269
4577939, 0xEEEE, 1464, 0003, 1.58190, 4.8564126
4581070, 0xEEEE, 1465, 0003, 1.57868, 4.8468757
4584189, 0xEEEE, 1466, 0002, 1.18220, 4.8815137
4587314, 0xEEEE, 1467, 0002, 1.18300, 4.8481727
4590440, 0xEEEE, 1468, 0001, 0.79297, 4.8542000
4593565, 0xEEEE, 1469, 0001, 0.38440, 4.8551919
4596689, 0xEEEE, 1470, 0000, 0.39407, 4.8527504
4599817, 0xEEEE, 1471, 0000, 0.39729, 4.8760967
4602948, 0xEEEE, 1472, 0000, 0.01128, 4.8588540
4606078, 0xEEEE, 1473, 0000, 0.01209, 4.8543526
4609199, 0xEEEE, 1474, 0001, 0.01128, 4.8577859
4612333, 0xEEEE, 1475, 0001, 0.01209, 4.8400092
4615449, 0xEEEE, 1476, 0002, 0.39326, 4.8760204
4618574, 0xEEEE, 1477, 0002, 0.79619, 4.8570993
4621690, 0xEEEE, 1478, 0003, 0.78813, 4.8626688
4624823, 0xEEEE, 1479, 0003, 0.78410, 4.8484016
4627961, 0xEEEE, 1480, 0004, 1.18300, 4.8389410
4631070, 0xEEEE, 1481, 0004, 1.18059, 4.8710613
4634189, 0xEEEE, 1482, 0005, 1.57788, 4.8587778
4637314, 0xEEEE, 1483, 0005, 1.55692, 4.8596170
4640440, 0xEEEE, 1484, 0006, 1.97275, 4.8509194
4643568, 0xEEEE, 1485, 0006, 2.36762, 4.8425269
4646701, 0xEEEE, 1486, 0007, 2.36681, 4.8726635
4649825, 0xEEEE, 1487, 0007, 2.35714, 4.8567178
4652951, 0xEEEE, 1488, 0007, 2.55297, 4.8677043
4656081, 0xEEEE, 1489, 0007, 2.55055, 4.8492409
4659200, 0xEEEE, 1490, 0006, 2.55136, 4.8370336
4662326, 0xEEEE, 1491, 0006, 2.55216, 4.8660258
4665440, 0xEEEE, 1492, 0005, 2.36681, 4.8500038
4668565, 0xEEEE, 1493, 0005, 1.99209, 4.8719005
4671700, 0xEEEE, 1494, 0004, 1.97194, 4.8490120
4674814, 0xEEEE, 1495, 0004, 1.97436, 4.8462654
4677939, 0xEEEE, 1496, 0003, 1.56821, 4.8580148
4681070, 0xEEEE, 1497, 0003, 1.57788, 4.8470283
4684189, 0xEEEE, 1498, 0002, 1.19509, 4.8790723
4687314, 0xEEEE, 1499, 0002, 1.18300, 4.8577096
4690449, 0xEEEE, 1500, 0001, 0.81714, 4.8625925
4693573, 0xEEEE, 1501, 0001, 0.78813, 4.8570230
4696704, 0xEEEE, 1502, 0000, 0.40051, 4.8429847
4699823, 0xEEEE, 1503, 0000, 0.41502, 4.8766308
4702948, 0xEEEE, 1504, 0000, 0.01128, 4.8509194
4706079, 0xEEEE, 1505, 0000, 0.01209, 4.8538186
4709206, 0xEEEE, 1506, 0001, 0.01209, 4.8501564
4712314, 0xEEEE, 1507, 0001, 0.39165, 4.8438239
4715440, 0xEEEE, 1508, 0002, 0.38117, 4.8735790
4718565, 0xEEEE, 1509, 0002, 0.39326, 4.8554208
4721689, 0xEEEE, 1510, 0003, 0.78571, 4.8634318
4724814, 0xEEEE, 1511, 0003, 0.82037, 4.8503090
4727961, 0xEEEE, 1512, 0004, 1.18381, 4.8472572
4731070, 0xEEEE, 1513, 0004, 1.10886, 4.8705272
4734199, 0xEEEE, 1514, 0005, 1.57626, 4.8527504
4737326, 0xEEEE, 1515, 0005, 2.01465, 4.8591592
4740451, 0xEEEE, 1516, 0006, 1.96469, 4.8526741
4743576, 0xEEEE, 1517, 0006, 1.97355, 4.8393225
4746701, 0xEEEE, 1518, 0007, 2.36681, 4.8715953
4749826, 0xEEEE, 1519, 0007, 2.36681, 4.8619059
4752951, 0xEEEE, 1520, 0007, 2.54571, 4.8664836
4756091, 0xEEEE, 1521, 0007, 2.55619, 4.8503090
4759189, 0xEEEE, 1522, 0006, 2.54974, 4.8542000
4762314, 0xEEEE, 1523, 0006, 2.36762, 4.8668650
4765440, 0xEEEE, 1524, 0005, 2.36842, 4.8577096
4768565, 0xEEEE, 1525, 0005, 2.36681, 4.8699168
4771689, 0xEEEE, 1526, 0004, 1.97919, 4.8522927
4774814, 0xEEEE, 1527, 0004, 1.97355, 4.8417639
4777944, 0xEEEE, 1528, 0003, 1.60125, 4.8587778
4781078, 0xEEEE, 1529, 0003, 1.58593, 4.8567178
4784198, 0xEEEE, 1530, 0002, 1.18381, 4.8765545
4787323, 0xEEEE, 1531, 0002, 0.78813, 4.8580148
4790449, 0xEEEE, 1532, 0001, 0.78813, 4.8558022
4793582, 0xEEEE, 1533, 0001, 0.78894, 4.8571756
4796699, 0xEEEE, 1534, 0000, 0.39568, 4.8451209
4799814, 0xEEEE, 1535, 0000, 0.39165, 4.8784619
4802939, 0xEEEE, 1536, 0000, 0.01128, 4.8570993
4806070, 0xEEEE, 1537, 0000, 0.01128, 4.8546578
4809189, 0xEEEE, 1538, 0001, 0.01128, 4.8554971
4812314, 0xEEEE, 1539, 0001, 0.39084, 4.8409247
4815440, 0xEEEE, 1540, 0002, 0.39245, 4.8701457
4818565, 0xEEEE, 1541, 0002, 0.39245, 4.8564126
4821695, 0xEEEE, 1542, 0003, 0.78813, 4.8667124
4824826, 0xEEEE, 1543, 0003, 0.78813, 4.8526741
4827972, 0xEEEE, 1544, 0004, 1.18300, 4.8447395
4831081, 0xEEEE, 1545, 0004, 1.18381, 4.8730449
4834201, 0xEEEE, 1546, 0005, 1.57707, 4.8535897
4837325, 0xEEEE, 1547, 0005, 1.57868, 4.8641947
4840462, 0xEEEE, 1548, 0006, 2.01868, 4.8515297
4843565, 0xEEEE, 1549, 0006, 1.97194, 4.8411536
4846689, 0xEEEE, 1550, 0007, 2.36762, 4.8677806
4849814, 0xEEEE, 1551, 0007, 2.36762, 4.8580148
4852939, 0xEEEE, 1552, 0007, 2.55216, 4.8715953
4856070, 0xEEEE, 1553, 0007, 2.56747, 4.8525978
4859189, 0xEEEE, 1554, 0006, 2.55136, 4.8473335
4862314, 0xEEEE, 1555, 0006, 2.55377, 4.8646525
4865445, 0xEEEE, 1556, 0005, 2.36762, 4.8542763
4868573, 0xEEEE, 1557, 0005, 2.36681, 4.8596933
4871699, 0xEEEE, 1558, 0004, 1.98645, 4.8506142
4874823, 0xEEEE, 1559, 0004, 1.97275, 4.8552682
4877955, 0xEEEE, 1560, 0003, 1.57788, 4.8598459
4881078, 0xEEEE, 1561, 0003, 1.18784, 4.8551156
4884198, 0xEEEE, 1562, 0002, 1.18381, 4.8764019
4887314, 0xEEEE, 1563, 0002, 1.19832, 4.8439765
4890440, 0xEEEE, 1564, 0001, 0.78733, 4.8418402
4893565, 0xEEEE, 1565, 0001, 0.79377, 4.8553445
4896689, 0xEEEE, 1566, 0000, 0.40938, 4.8536660
4899814, 0xEEEE, 1567, 0000, 0.39407, 4.8811322
4902939, 0xEEEE, 1568, 0000, 0.01128, 4.8570230
4906070, 0xEEEE, 1569, 0000, 0.01209, 4.8630503
4909190, 0xEEEE, 1570, 0001, 0.01128, 4.8548867
4912325, 0xEEEE, 1571, 0001, 0.01209, 4.8412299
4915451, 0xEEEE, 1572, 0002, 0.39245, 4.8839551
4918576, 0xEEEE, 1573, 0002, 0.39004, 4.8575570
4921702, 0xEEEE, 1574, 0003, 0.77846, 4.8556497
4924836, 0xEEEE, 1575, 0003, 0.78733, 4.8552682
4927973, 0xEEEE, 1576, 0004, 1.19267, 4.8384070
4931081, 0xEEEE, 1577, 0004, 1.57868, 4.8740368
4934189, 0xEEEE, 1578, 0005, 1.55612, 4.8546578
4937323, 0xEEEE, 1579, 0005, 1.57707, 4.8661784
4940440, 0xEEEE, 1580, 0006, 1.97275, 4.8521401
4943565, 0xEEEE, 1581, 0006, 1.98886, 4.8383307
4946689, 0xEEEE, 1582, 0007, 2.36601, 4.8686198
4949814, 0xEEEE, 1583, 0007, 2.36681, 4.8593118
4952939, 0xEEEE, 1584, 0007, 2.55297, 4.8749523
4956078, 0xEEEE, 1585, 0007, 2.55297, 4.8555734
4959198, 0xEEEE, 1586, 0006, 2.49011, 4.8319219
4962325, 0xEEEE, 1587, 0006, 2.56505, 4.8664073
4965449, 0xEEEE, 1588, 0005, 2.36681, 4.8468757
4968574, 0xEEEE, 1589, 0005, 2.36762, 4.8727398
4971699, 0xEEEE, 1590, 0004, 1.97275, 4.8499275
4974823, 0xEEEE, 1591, 0004, 1.93245, 4.8370336
4977939, 0xEEEE, 1592, 0003, 1.57868, 4.8564126
4981070, 0xEEEE, 1593, 0003, 1.22974, 4.8559548
4984189, 0xEEEE, 1594, 0002, 1.18059, 4.8723583
4987314, 0xEEEE, 1595, 0002, 1.18381, 4.8483253
4990440, 0xEEEE, 1596, 0001, 0.78894, 4.8493935
4993565, 0xEEEE, 1597, 0001, 0.78249, 4.8539712
4996689, 0xEEEE, 1598, 0000, 0.39245, 4.8487068
4999822, 0xEEEE, 1599, 0000, 0.40293, 4.8742657
5002950, 0xEEEE, 1600, 0000, 0.01209, 4.8574044
5006081, 0xEEEE, 1601, 0000, 0.01209, 4.8558785
5009209, 0xEEEE, 1602, 0001, 0.01209, 4.8542763
5012326, 0xEEEE, 1603, 0001, 0.01289, 4.8406195
5015451, 0xEEEE, 1604, 0002, 0.39245, 4.8772412
5018576, 0xEEEE, 1605, 0002, 0.40938, 4.8641947
5021710, 0xEEEE, 1606, 0003, 0.78894, 4.8574044
5024814, 0xEEEE, 1607, 0003, 1.18300, 4.8496223
5027961, 0xEEEE, 1608, 0004, 1.18300, 4.8433661
5031070, 0xEEEE, 1609, 0004, 1.18300, 4.8722820
5034189, 0xEEEE, 1610, 0005, 1.57788, 4.8554208
5037314, 0xEEEE, 1611, 0005, 1.57546, 4.8654154
5040440, 0xEEEE, 1612, 0006, 1.97355, 4.8506905
5043569, 0xEEEE, 1613, 0006, 1.97275, 4.8374151
5046697, 0xEEEE, 1614, 0007, 2.35795, 4.8679332
5049823, 0xEEEE, 1615, 0007, 2.55297, 4.8673228
5052949, 0xEEEE, 1616, 0007, 2.55055, 4.8743420
5056079, 0xEEEE, 1617, 0007, 2.55136, 4.8524453
5059198, 0xEEEE, 1618, 0006, 2.55377, 4.8444343
5062323, 0xEEEE, 1619, 0006, 2.55136, 4.8637369
5065440, 0xEEEE, 1620, 0005, 2.38293, 4.8500038
5068576, 0xEEEE, 1621, 0005, 2.37084, 4.8763256
5071689, 0xEEEE, 1622, 0004, 1.97194, 4.8493935
5074814, 0xEEEE, 1623, 0004, 1.57868, 4.8570230
5077939, 0xEEEE, 1624, 0003, 1.58593, 4.8532845
5081070, 0xEEEE, 1625, 0003, 1.57868, 4.8522927
5084189, 0xEEEE, 1626, 0002, 1.20637, 4.8763256
5087317, 0xEEEE, 1627, 0002, 1.18300, 4.8484016
5090451, 0xEEEE, 1628, 0001, 0.78410, 4.8492409
5093576, 0xEEEE, 1629, 0001, 0.78813, 4.8506905
5096701, 0xEEEE, 1630, 0000, 0.39245, 4.8536660
5099826, 0xEEEE, 1631, 0000, 0.01128, 4.8780804
5102951, 0xEEEE, 1632, 0000, 0.01370, 4.8548104
5106089, 0xEEEE, 1633, 0000, 0.01209, 4.8545052
5109189, 0xEEEE, 1634, 0001, 0.01128, 4.8479438
5112314, 0xEEEE, 1635, 0001, 0.01128, 4.8430610
5115440, 0xEEEE, 1636, 0002, 0.39407, 4.8753338
5118564, 0xEEEE, 1637, 0002, 0.39245, 4.8484016
5121689, 0xEEEE, 1638, 0003, 0.78894, 4.8603037
5124814, 0xEEEE, 1639, 0003, 1.17978, 4.8451209
5127961, 0xEEEE, 1640, 0004, 1.18381, 4.8475624
5131070, 0xEEEE, 1641, 0004, 1.18784, 4.8733501
5134198, 0xEEEE, 1642, 0005, 1.57707, 4.8609903
5137323, 0xEEEE, 1643, 0005, 1.56095, 4.8712139
5140449, 0xEEEE, 1644, 0006, 1.97436, 4.8468757
5143574, 0xEEEE, 1645, 0006, 1.97275, 4.8420691
5146699, 0xEEEE, 1646, 0007, 2.36681, 4.8686961
5149823, 0xEEEE, 1647, 0007, 2.37245, 4.8513771
5152959, 0xEEEE, 1648, 0007, 2.55297, 4.8696117
5156070, 0xEEEE, 1649, 0007, 2.55377, 4.8442054
5159189, 0xEEEE, 1650, 0006, 2.55216, 4.8451972
5162314, 0xEEEE, 1651, 0006, 2.55297, 4.8611429
5165440, 0xEEEE, 1652, 0005, 2.36762, 4.8538186
5168565, 0xEEEE, 1653, 0005, 1.96147, 4.8844892
5171689, 0xEEEE, 1654, 0004, 1.97597, 4.8503853
5174814, 0xEEEE, 1655, 0004, 1.97275, 4.8519875
5177950, 0xEEEE, 1656, 0003, 1.57949, 4.8548104
5181081, 0xEEEE, 1657, 0003, 1.58110, 4.8542000
5184200, 0xEEEE, 1658, 0002, 1.23619, 4.8774701
5187326, 0xEEEE, 1659, 0002, 1.17897, 4.8495460
5190460, 0xEEEE, 1660, 0001, 0.76315, 4.8439002
5193577, 0xEEEE, 1661, 0001, 0.39084, 4.8516060
5196701, 0xEEEE, 1662, 0000, 0.39890, 4.8517586
5199814, 0xEEEE, 1663, 0000, 0.43275, 4.8736553
5202939, 0xEEEE, 1664, 0000, 0.01128, 4.8489357
5206070, 0xEEEE, 1665, 0000, 0.01128, 4.8634318
5209189, 0xEEEE, 1666, 0001, 0.01128, 4.8503090
5212314, 0xEEEE, 1667, 0001, 0.01128, 4.8477913
5215440, 0xEEEE, 1668, 0002, 0.37150, 4.8757153
5218565, 0xEEEE, 1669, 0002, 0.78813, 4.8491646
5221695, 0xEEEE, 1670, 0003, 0.78733, 4.8642710
5224823, 0xEEEE, 1671, 0003, 0.82440, 4.8474861
5227969, 0xEEEE, 1672, 0004, 1.18542, 4.8432136
5231079, 0xEEEE, 1673, 0004, 1.13788, 4.8725109
5234198, 0xEEEE, 1674, 0005, 1.57788, 4.8570993
5237333, 0xEEEE, 1675, 0005, 1.57788, 4.8751812
5240449, 0xEEEE, 1676, 0006, 1.95824, 4.8515297
5243565, 0xEEEE, 1677, 0006, 2.36842, 4.8496986
5246689, 0xEEEE, 1678, 0007, 2.36601, 4.8685435
5249814, 0xEEEE, 1679, 0007, 2.36762, 4.8625925
5252939, 0xEEEE, 1680, 0007, 2.52960, 4.8772412
5256070, 0xEEEE, 1681, 0007, 2.56264, 4.8485542
5259189, 0xEEEE, 1682, 0006, 2.55458, 4.8320745
5262314, 0xEEEE, 1683, 0006, 2.55297, 4.8643473
5265447, 0xEEEE, 1684, 0005, 2.36681, 4.8476387
5268576, 0xEEEE, 1685, 0005, 1.97275, 4.8719768
5271701, 0xEEEE, 1686, 0004, 1.99692, 4.8484016
5274833, 0xEEEE, 1687, 0004, 1.97275, 4.8487068
5277951, 0xEEEE, 1688, 0003, 1.57788, 4.8570230
5281081, 0xEEEE, 1689, 0003, 1.57868, 4.8562600
5284201, 0xEEEE, 1690, 0002, 1.18542, 4.8805982
5287314, 0xEEEE, 1691, 0002, 1.16044, 4.8411536
5290440, 0xEEEE, 1692, 0001, 0.78733, 4.8578622
5293565, 0xEEEE, 1693, 0001, 0.39407, 4.8506905
5296689, 0xEEEE, 1694, 0000, 0.39326, 4.8502327
5299814, 0xEEEE, 1695, 0000, 0.39326, 4.8770123
5302939, 0xEEEE, 1696, 0000, 0.01128, 4.8518349
5306070, 0xEEEE, 1697, 0000, 0.01128, 4.8640421
5309191, 0xEEEE, 1698, 0001, 0.01209, 4.8493172
5312323, 0xEEEE, 1699, 0001, 0.01209, 4.8548104
5315449, 0xEEEE, 1700, 0002, 0.39326, 4.8787671
5318574, 0xEEEE, 1701, 0002, 0.39165, 4.8522164
5321709, 0xEEEE, 1702, 0003, 0.81956, 4.8575570
5324824, 0xEEEE, 1703, 0003, 0.78813, 4.8511482
5327970, 0xEEEE, 1704, 0004, 1.18542, 4.8457313
5331079, 0xEEEE, 1705, 0004, 1.18462, 4.8688487
5334198, 0xEEEE, 1706, 0005, 1.57707, 4.8619059
5337314, 0xEEEE, 1707, 0005, 1.97355, 4.8712902
5340440, 0xEEEE, 1708, 0006, 1.97194, 4.8488594
5343565, 0xEEEE, 1709, 0006, 1.97355, 4.8442817
5346689, 0xEEEE, 1710, 0007, 2.36842, 4.8693065
5349814, 0xEEEE, 1711, 0007, 2.36681, 4.8491646
5352940, 0xEEEE, 1712, 0007, 2.55216, 4.8706798
5356081, 0xEEEE, 1713, 0007, 2.55297, 4.8469520
5359200, 0xEEEE, 1714, 0006, 2.53363, 4.8435187
5362325, 0xEEEE, 1715, 0006, 2.36520, 4.8619821
5365451, 0xEEEE, 1716, 0005, 2.36681, 4.8641947
5368576, 0xEEEE, 1717, 0005, 2.36681, 4.8705272
5371701, 0xEEEE, 1718, 0004, 1.97355, 4.8499275
5374825, 0xEEEE, 1719, 0004, 1.97355, 4.8596170
5377939, 0xEEEE, 1720, 0003, 1.57868, 4.8574044
5381081, 0xEEEE, 1721, 0003, 1.57868, 4.8512245
5384189, 0xEEEE, 1722, 0002, 1.18381, 4.8745708
5387314, 0xEEEE, 1723, 0002, 0.76879, 4.8516823
5390440, 0xEEEE, 1724, 0001, 0.78813, 4.8539712
5393565, 0xEEEE, 1725, 0001, 0.78571, 4.8500038
5396689, 0xEEEE, 1726, 0000, 0.39326, 4.8505379
5399823, 0xEEEE, 1727, 0000, 0.39165, 4.8815900
5402948, 0xEEEE, 1728, 0000, 0.01209, 4.8564126
5406083, 0xEEEE, 1729, 0000, 0.01451, 4.8580148
5409198, 0xEEEE, 1730, 0001, 0.01128, 4.8480964
5412323, 0xEEEE, 1731, 0001, 0.37231, 4.8339818
5415449, 0xEEEE, 1732, 0002, 0.39407, 4.8760967
5418582, 0xEEEE, 1733, 0002, 0.39407, 4.8627451
5421690, 0xEEEE, 1734, 0003, 0.76799, 4.8622110
5424814, 0xEEEE, 1735, 0003, 0.78813, 4.8496986
5427961, 0xEEEE, 1736, 0004, 1.20234, 4.8516060
5431070, 0xEEEE, 1737, 0004, 1.18220, 4.8755627
5434189, 0xEEEE, 1738, 0005, 1.57788, 4.8496223
5437314, 0xEEEE, 1739, 0005, 1.97275, 4.8580911
5440444, 0xEEEE, 1740, 0006, 1.97355, 4.8499275
5443574, 0xEEEE, 1741, 0006, 1.98161, 4.8467994
5446701, 0xEEEE, 1742, 0007, 2.37245, 4.8675517
5449825, 0xEEEE, 1743, 0007, 2.36601, 4.8521401
5452951, 0xEEEE, 1744, 0007, 2.55297, 4.8683146
5456081, 0xEEEE, 1745, 0007, 2.55297, 4.8456550
5459201, 0xEEEE, 1746, 0006, 2.55216, 4.8419165
5462325, 0xEEEE, 1747, 0006, 2.43773, 4.8626688
5465463, 0xEEEE, 1748, 0005, 2.35553, 4.8521401
5468565, 0xEEEE, 1749, 0005, 2.36762, 4.8656443
5471689, 0xEEEE, 1750, 0004, 1.97275, 4.8504616
5474814, 0xEEEE, 1751, 0004, 1.97355, 4.8474861
5477939, 0xEEEE, 1752, 0003, 1.57626, 4.8579385
5481070, 0xEEEE, 1753, 0003, 1.57949, 4.8503090
5484189, 0xEEEE, 1754, 0002, 1.18381, 4.8842603
5487318, 0xEEEE, 1755, 0002, 1.18381, 4.8515297
5490448, 0xEEEE, 1756, 0001, 0.78813, 4.8530556
5493574, 0xEEEE, 1757, 0001, 0.78813, 4.8574044
5496699, 0xEEEE, 1758, 0000, 0.39165, 4.8487068
5499824, 0xEEEE, 1759, 0000, 0.40857, 4.8779278
5502956, 0xEEEE, 1760, 0000, 0.01370, 4.8563363
5506078, 0xEEEE, 1761, 0000, 0.01209, 4.8458839
5509189, 0xEEEE, 1762, 0001, 0.01209, 4.8529793
5512314, 0xEEEE, 1763, 0001, 0.01128, 4.8462654
5515440, 0xEEEE, 1764, 0002, 0.39890, 4.8810559
5518565, 0xEEEE, 1765, 0002, 0.35055, 4.8581674
5521690, 0xEEEE, 1766, 0003, 0.78813, 4.8743420
5524814, 0xEEEE, 1767, 0003, 0.78330, 4.8516823
5527961, 0xEEEE, 1768, 0004, 1.18300, 4.8482490
5531073, 0xEEEE, 1769, 0004, 1.57626, 4.8750286
5534200, 0xEEEE, 1770, 0005, 1.57788, 4.8552682
5537325, 0xEEEE, 1771, 0005, 1.59560, 4.8706035
5540451, 0xEEEE, 1772, 0006, 1.97597, 4.8570993
5543577, 0xEEEE, 1773, 0006, 1.97436, 4.8558785
5546702, 0xEEEE, 1774, 0007, 2.36681, 4.8677043
5549836, 0xEEEE, 1775, 0007, 2.33861, 4.8473335
5552939, 0xEEEE, 1776, 0007, 2.55297, 4.8699168
5556070, 0xEEEE, 1777, 0007, 2.55297, 4.8448157
5559189, 0xEEEE, 1778, 0006, 2.55297, 4.8485542
5562314, 0xEEEE, 1779, 0006, 2.55216, 4.8662547
5565440, 0xEEEE, 1780, 0005, 2.36681, 4.8451972
5568565, 0xEEEE, 1781, 0005, 2.33780, 4.8727398
5571689, 0xEEEE, 1782, 0004, 1.97436, 4.8491646
5574814, 0xEEEE, 1783, 0004, 1.97275, 4.8442054
5577948, 0xEEEE, 1784, 0003, 1.61333, 4.8607614
5581079, 0xEEEE, 1785, 0003, 1.18381, 4.8532082
5584198, 0xEEEE, 1786, 0002, 1.18381, 4.8781567
5587331, 0xEEEE, 1787, 0002, 1.18220, 4.8503090
5590448, 0xEEEE, 1788, 0001, 0.77201, 4.8535134
5593574, 0xEEEE, 1789, 0001, 0.78733, 4.8588540
5596698, 0xEEEE, 1790, 0000, 0.39245, 4.8484016
5599814, 0xEEEE, 1791, 0000, 0.39165, 4.8795300
5602939, 0xEEEE, 1792, 0000, 0.01209, 4.8558022
5606070, 0xEEEE, 1793, 0000, 0.01209, 4.8474861
5609189, 0xEEEE, 1794, 0001, 0.01128, 4.8520638
5612314, 0xEEEE, 1795, 0001, 0.01289, 4.8426795
5615440, 0xEEEE, 1796, 0002, 0.39487, 4.8754101
5618565, 0xEEEE, 1797, 0002, 0.39165, 4.8589303
5621701, 0xEEEE, 1798, 0003, 0.78894, 4.8596933
5624825, 0xEEEE, 1799, 0003, 0.78733, 4.8554971
5627972, 0xEEEE, 1800, 0004, 1.18300, 4.8345159
5631081, 0xEEEE, 1801, 0004, 1.20073, 4.8754101
5634212, 0xEEEE, 1802, 0005, 1.58029, 4.8570993
5637326, 0xEEEE, 1803, 0005, 1.57868, 4.8648814
5640451, 0xEEEE, 1804, 0006, 1.97678, 4.8514534
5643565, 0xEEEE, 1805, 0006, 1.97436, 4.8353552
5646698, 0xEEEE, 1806, 0007, 2.36681, 4.8684672
5649814, 0xEEEE, 1807, 0007, 2.55216, 4.8516823
5652939, 0xEEEE, 1808, 0007, 2.54088, 4.8663310
5656070, 0xEEEE, 1809, 0007, 2.54571, 4.8542000
5659189, 0xEEEE, 1810, 0006, 2.54894, 4.8474861
5662314, 0xEEEE, 1811, 0006, 2.55458, 4.8642710
5665447, 0xEEEE, 1812, 0005, 2.36681, 4.8536660
5668573, 0xEEEE, 1813, 0005, 2.36681, 4.8699931
5671699, 0xEEEE, 1814, 0004, 1.98967, 4.8516060
5674823, 0xEEEE, 1815, 0004, 1.57949, 4.8576333
5677948, 0xEEEE, 1816, 0003, 1.57868, 4.8580911
5681079, 0xEEEE, 1817, 0003, 1.57546, 4.8547341
5684198, 0xEEEE, 1818, 0002, 1.18300, 4.8755627
5687314, 0xEEEE, 1819, 0002, 1.20073, 4.8496986
5690440, 0xEEEE, 1820, 0001, 0.78894, 4.8541238
5693565, 0xEEEE, 1821, 0001, 0.79377, 4.8494697
5696689, 0xEEEE, 1822, 0000, 0.43436, 4.8489357
5699814, 0xEEEE, 1823, 0000, 0.01209, 4.8818952
5702939, 0xEEEE, 1824, 0000, 0.01209, 4.8625162
5706070, 0xEEEE, 1825, 0000, 0.01128, 4.8448920
5709196, 0xEEEE, 1826, 0001, 0.01128, 4.8487831
5712325, 0xEEEE, 1827, 0001, 0.01128, 4.8502327
5715451, 0xEEEE, 1828, 0002, 0.39326, 4.8735027
5718584, 0xEEEE, 1829, 0002, 0.39245, 4.8562600
5721702, 0xEEEE, 1830, 0003, 0.80344, 4.8697642
5724827, 0xEEEE, 1831, 0003, 1.18381, 4.8496986
5727972, 0xEEEE, 1832, 0004, 1.18542, 4.8490883
5731090, 0xEEEE, 1833, 0004, 1.18220, 4.8770123
5734189, 0xEEEE, 1834, 0005, 1.58110, 4.8552682
5737314, 0xEEEE, 1835, 0005, 1.57868, 4.8724346
5740440, 0xEEEE, 1836, 0006, 1.97275, 4.8589303
5743564, 0xEEEE, 1837, 0006, 1.95099, 4.8377966
5746689, 0xEEEE, 1838, 0007, 2.36762, 4.8680095
5749814, 0xEEEE, 1839, 0007, 2.55216, 4.8548867
5752941, 0xEEEE, 1840, 0007, 2.55216, 4.8707561
5756078, 0xEEEE, 1841, 0007, 2.54974, 4.8495460
5759198, 0xEEEE, 1842, 0006, 2.57070, 4.8502327
5762324, 0xEEEE, 1843, 0006, 2.54330, 4.8649577
5765449, 0xEEEE, 1844, 0005, 2.36762, 4.8621347
5768574, 0xEEEE, 1845, 0005, 2.36762, 4.8698405
5771699, 0xEEEE, 1846, 0004, 1.97355, 4.8460365
5774815, 0xEEEE, 1847, 0004, 1.60769, 4.8442817
5777951, 0xEEEE, 1848, 0003, 1.57707, 4.8561074
5781070, 0xEEEE, 1849, 0003, 1.57868, 4.8621347
5784189, 0xEEEE, 1850, 0002, 1.18300, 4.8799878
5787314, 0xEEEE, 1851, 0002, 1.18300, 4.8528267
5790440, 0xEEEE, 1852, 0001, 0.78733, 4.8480964
5793565, 0xEEEE, 1853, 0001, 0.78813, 4.8476387
5796692, 0xEEEE, 1854, 0000, 0.39326, 4.8616770
5799825, 0xEEEE, 1855, 0000, 0.39165, 4.8799115
5802950, 0xEEEE, 1856, 0000, 0.01128, 4.8462654
5806081, 0xEEEE, 1857, 0000, 0.01209, 4.8435950
5809201, 0xEEEE, 1858, 0001, 0.01128, 4.8490120
5812326, 0xEEEE, 1859, 0001, 0.01128, 4.8496223
5815460, 0xEEEE, 1860, 0002, 0.39245, 4.8767071
5818576, 0xEEEE, 1861, 0002, 0.78974, 4.8558022
5821689, 0xEEEE, 1862, 0003, 0.78733, 4.8585489
5824814, 0xEEEE, 1863, 0003, 0.78813, 4.8527504
5827961, 0xEEEE, 1864, 0004, 1.18300, 4.8534371
5831069, 0xEEEE, 1865, 0004, 1.18542, 4.8748760
5834189, 0xEEEE, 1866, 0005, 1.59077, 4.8553445
5837314, 0xEEEE, 1867, 0005, 1.58271, 4.8720531
5840445, 0xEEEE, 1868, 0006, 1.97275, 4.8535897
5843573, 0xEEEE, 1869, 0006, 2.41355, 4.8335241
5846699, 0xEEEE, 1870, 0007, 2.35150, 4.8663310
5849823, 0xEEEE, 1871, 0007, 2.36520, 4.8509194
5852949, 0xEEEE, 1872, 0007, 2.55055, 4.8641947
5856079, 0xEEEE, 1873, 0007, 2.55216, 4.8478676
5859199, 0xEEEE, 1874, 0006, 2.55055, 4.8354314
5862334, 0xEEEE, 1875, 0006, 2.55136, 4.8611429
5865440, 0xEEEE, 1876, 0005, 2.35634, 4.8580911
5868565, 0xEEEE, 1877, 0005, 1.97114, 4.8730449
5871689, 0xEEEE, 1878, 0004, 1.97436, 4.8548104
5874814, 0xEEEE, 1879, 0004, 1.97355, 4.8587015
5877940, 0xEEEE, 1880, 0003, 1.57788, 4.8572519
5881070, 0xEEEE, 1881, 0003, 1.57868, 4.8574044
5884189, 0xEEEE, 1882, 0002, 1.18784, 4.8730449
5887323, 0xEEEE, 1883, 0002, 1.18300, 4.8417639
5890451, 0xEEEE, 1884, 0001, 0.79377, 4.8543526
5893576, 0xEEEE, 1885, 0001, 0.36586, 4.8521401
5896701, 0xEEEE, 1886, 0000, 0.39084, 4.8453498
5899834, 0xEEEE, 1887, 0000, 0.39165, 4.8776989
5902951, 0xEEEE, 1888, 0000, 0.01128, 4.8499275
5906081, 0xEEEE, 1889, 0000, 0.01128, 4.8558785
5909189, 0xEEEE, 1890, 0001, 0.01128, 4.8485542
5912314, 0xEEEE, 1891, 0001, 0.01370, 4.8433661
5915440, 0xEEEE, 1892, 0002, 0.39568, 4.8741131
5918565, 0xEEEE, 1893, 0002, 0.80022, 4.8519112
5921689, 0xEEEE, 1894, 0003, 0.78894, 4.8627451
5924814, 0xEEEE, 1895, 0003, 0.78974, 4.8468757
5927961, 0xEEEE, 1896, 0004, 1.18220, 4.8519112
5931074, 0xEEEE, 1897, 0004, 1.19026, 4.8737316
5934198, 0xEEEE, 1898, 0005, 1.57788, 4.8633555
5937323, 0xEEEE, 1899, 0005, 1.55853, 4.8591592
5940449, 0xEEEE, 1900, 0006, 1.97516, 4.8423743
5943575, 0xEEEE, 1901, 0006, 1.97436, 4.8487068
5946709, 0xEEEE, 1902, 0007, 2.36681, 4.8676280
5949823, 0xEEEE, 1903, 0007, 2.36762, 4.8589303
5952939, 0xEEEE, 1904, 0007, 2.55538, 4.8770123
5956070, 0xEEEE, 1905, 0007, 2.55216, 4.8442054
5959189, 0xEEEE, 1906, 0006, 2.55297, 4.8500038
5962314, 0xEEEE, 1907, 0006, 2.36681, 4.8618296
5965440, 0xEEEE, 1908, 0005, 2.36681, 4.8665599
5968565, 0xEEEE, 1909, 0005, 2.37165, 4.8715953
5971689, 0xEEEE, 1910, 0004, 1.97194, 4.8458839
5974818, 0xEEEE, 1911, 0004, 1.97355, 4.8561837
5977950, 0xEEEE, 1912, 0003, 1.58432, 4.8533608
5981081, 0xEEEE, 1913, 0003, 1.57868, 4.8524453
5984208, 0xEEEE, 1914, 0002, 1.16125, 4.8782330
5987326, 0xEEEE, 1915, 0002, 0.78813, 4.8452735
5990451, 0xEEEE, 1916, 0001, 0.76879, 4.8494697
5993576, 0xEEEE, 1917, 0001, 0.78813, 4.8472572
5996689, 0xEEEE, 1918, 0000, 0.38520, 4.8564889
5999814, 0xEEEE, 1919, 0000, 0.44322, 4.8767071
6002940, 0xEEEE, 1920, 0000, 0.01209, 4.8504616
6006070, 0xEEEE, 1921, 0000, 0.01128, 4.8652628
6009189, 0xEEEE, 1922, 0001, 0.01289, 4.8449683
6012314, 0xEEEE, 1923, 0001, 0.39245, 4.8525216
6015440, 0xEEEE, 1924, 0002, 0.41582, 4.8722057
6018565, 0xEEEE, 1925, 0002, 0.39245, 4.8489357
6021699, 0xEEEE, 1926, 0003, 0.78652, 4.8680095
6024823, 0xEEEE, 1927, 0003, 0.71722, 4.8480964
6027970, 0xEEEE, 1928, 0004, 1.18381, 4.8479438
6031089, 0xEEEE, 1929, 0004, 1.18300, 4.8748760
6034198, 0xEEEE, 1930, 0005, 1.57868, 4.8552682
6037323, 0xEEEE, 1931, 0005, 1.97275, 4.8554971
6040440, 0xEEEE, 1932, 0006, 1.96227, 4.8417639
6043574, 0xEEEE, 1933, 0006, 1.97436, 4.8542763
6046689, 0xEEEE, 1934, 0007, 2.36681, 4.8667887
6049814, 0xEEEE, 1935, 0007, 2.36762, 4.8462654
6052939, 0xEEEE, 1936, 0007, 2.52234, 4.8785382
6056070, 0xEEEE, 1937, 0007, 2.54813, 4.8471809
6059189, 0xEEEE, 1938, 0006, 2.55055, 4.8421454
6062314, 0xEEEE, 1939, 0006, 2.36681, 4.8589303
6065451, 0xEEEE, 1940, 0005, 2.36762, 4.8582437
6068576, 0xEEEE, 1941, 0005, 2.36762, 4.8771649
6071701, 0xEEEE, 1942, 0004, 1.97033, 4.8493935
6074826, 0xEEEE, 1943, 0004, 1.97516, 4.8545815
6077951, 0xEEEE, 1944, 0003, 1.57868, 4.8566415
6081082, 0xEEEE, 1945, 0003, 1.58835, 4.8540475
6084201, 0xEEEE, 1946, 0002, 1.18300, 4.8720531
6087314, 0xEEEE, 1947, 0002, 0.78007, 4.8518349
6090450, 0xEEEE, 1948, 0001, 0.78974, 4.8580148
6093565, 0xEEEE, 1949, 0001, 0.78652, 4.8490883
6096689, 0xEEEE, 1950, 0000, 0.38359, 4.8545815
6099814, 0xEEEE, 1951, 0000, 0.39245, 4.8764782
6102939, 0xEEEE, 1952, 0000, 0.01128, 4.8505379
6106070, 0xEEEE, 1953, 0000, 0.01128, 4.8567178
6109197, 0xEEEE, 1954, 0001, 0.01128, 4.8449683
6112323, 0xEEEE, 1955, 0001, 0.01209, 4.8571756
6115455, 0xEEEE, 1956, 0002, 0.39407, 4.8766308
6118573, 0xEEEE, 1957, 0002, 0.39165, 4.8599985
6121698, 0xEEEE, 1958, 0003, 0.78733, 4.8657206
6124824, 0xEEEE, 1959, 0003, 0.78813, 4.8471809
6127978, 0xEEEE, 1960, 0004, 1.18623, 4.8535134
6131070, 0xEEEE, 1961, 0004, 1.57949, 4.8715953
6134189, 0xEEEE, 1962, 0005, 1.58996, 4.8613718
6137314, 0xEEEE, 1963, 0005, 1.57949, 4.8612955
6140440, 0xEEEE, 1964, 0006, 1.97436, 4.8472572
6143565, 0xEEEE, 1965, 0006, 1.96630, 4.8415351
6146689, 0xEEEE, 1966, 0007, 2.36681, 4.8690013
6149814, 0xEEEE, 1967, 0007, 2.36681, 4.8524453
6152946, 0xEEEE, 1968, 0007, 2.55136, 4.8693065
6156080, 0xEEEE, 1969, 0007, 2.52073, 4.8444343
6159200, 0xEEEE, 1970, 0006, 2.56586, 4.8401617
6162326, 0xEEEE, 1971, 0006, 2.55861, 4.8631266
6165452, 0xEEEE, 1972, 0005, 2.36762, 4.8556497
6168577, 0xEEEE, 1973, 0005, 2.36762, 4.8700694
6171701, 0xEEEE, 1974, 0004, 1.97355, 4.8461891
6174836, 0xEEEE, 1975, 0004, 1.98484, 4.8599985
6177939, 0xEEEE, 1976, 0003, 1.57949, 4.8599222
6181070, 0xEEEE, 1977, 0003, 1.19106, 4.8513771
6184189, 0xEEEE, 1978, 0002, 1.18220, 4.8784619
6187314, 0xEEEE, 1979, 0002, 1.18381, 4.8487068
6190440, 0xEEEE, 1980, 0001, 0.78652, 4.8447395
6193565, 0xEEEE, 1981, 0001, 0.81231, 4.8552682
6196693, 0xEEEE, 1982, 0000, 0.39326, 4.8458839
6199822, 0xEEEE, 1983, 0000, 0.39407, 4.8781567
6202948, 0xEEEE, 1984, 0000, 0.01209, 4.8529793
6206078, 0xEEEE, 1985, 0000, 0.01209, 4.8568704
6209198, 0xEEEE, 1986, 0001, 0.01209, 4.8483253
6212331, 0xEEEE, 1987, 0001, 0.01128, 4.8451209
6215449, 0xEEEE, 1988, 0002, 0.39326, 4.8773175
6218565, 0xEEEE, 1989, 0002, 0.39487, 4.8518349
6221689, 0xEEEE, 1990, 0003, 0.81231, 4.8696117
6224814, 0xEEEE, 1991, 0003, 0.79055, 4.8561837
6227961, 0xEEEE, 1992, 0004, 1.21121, 4.8588540
6231070, 0xEEEE, 1993, 0004, 1.57868, 4.8726635
6234189, 0xEEEE, 1994, 0005, 1.57949, 4.8593881
6237314, 0xEEEE, 1995, 0005, 1.57788, 4.8616007
6240447, 0xEEEE, 1996, 0006, 1.97355, 4.8464179
6243576, 0xEEEE, 1997, 0006, 1.97355, 4.8460365
6246701, 0xEEEE, 1998, 0007, 2.36037, 4.8666361
6249825, 0xEEEE, 1999, 0007, 2.36520, 4.8452735
6252951, 0xEEEE, 2000, 0007, 2.55136, 4.8710613
6256080, 0xEEEE, 2001, 0007, 2.55297, 4.8496223
6259211, 0xEEEE, 2002, 0006, 2.55297, 4.8464942
6262314, 0xEEEE, 2003, 0006, 2.56667, 4.8661784
6265440, 0xEEEE, 2004, 0005, 2.37004, 4.8549630
6268565, 0xEEEE, 2005, 0005, 2.36520, 4.8698405
6271689, 0xEEEE, 2006, 0004, 1.97355, 4.8512245
6274814, 0xEEEE, 2007, 0004, 1.55370, 4.8505379
6277939, 0xEEEE, 2008, 0003, 1.57707, 4.8613718
6281070, 0xEEEE, 2009, 0003, 1.57788, 4.8510719
6284189, 0xEEEE, 2010, 0002, 1.16205, 4.8816663
6287323, 0xEEEE, 2011, 0002, 1.18300, 4.8549630
6290449, 0xEEEE, 2012, 0001, 0.78652, 4.8557259
6293574, 0xEEEE, 2013, 0001, 0.78894, 4.8561074
6296706, 0xEEEE, 2014, 0000, 0.39165, 4.8370336
6299823, 0xEEEE, 2015, 0000, 0.01128, 4.8778515
6302948, 0xEEEE, 2016, 0000, 0.01128, 4.8497749
6306079, 0xEEEE, 2017, 0000, 0.01128, 4.8491646
6309189, 0xEEEE, 2018, 0001, 0.01128, 4.8522927
6312314, 0xEEEE, 2019, 0001, 0.01128, 4.8528267
6315440, 0xEEEE, 2020, 0002, 0.39245, 4.8741894
6318565, 0xEEEE, 2021, 0002, 0.39326, 4.8596170
6321689, 0xEEEE, 2022, 0003, 0.78894, 4.8591592
6324814, 0xEEEE, 2023, 0003, 1.18542, 4.8500038
6327961, 0xEEEE, 2024, 0004, 1.18300, 4.8409247
6331081, 0xEEEE, 2025, 0004, 1.18381, 4.8706798
6334200, 0xEEEE, 2026, 0005, 1.57788, 4.8560311
6337326, 0xEEEE, 2027, 0005, 1.59158, 4.8747997
6340451, 0xEEEE, 2028, 0006, 1.97516, 4.8480201
6343586, 0xEEEE, 2029, 0006, 1.97355, 4.8372625
6346702, 0xEEEE, 2030, 0007, 2.34183, 4.8683909
6349826, 0xEEEE, 2031, 0007, 2.56103, 4.8484016
6352939, 0xEEEE, 2032, 0007, 2.55216, 4.8712902
6356078, 0xEEEE, 2033, 0007, 2.55216, 4.8490120
6359189, 0xEEEE, 2034, 0006, 2.55216, 4.8483253
6362314, 0xEEEE, 2035, 0006, 2.55216, 4.8657969
6365440, 0xEEEE, 2036, 0005, 2.29670, 4.8613718
6368564, 0xEEEE, 2037, 0005, 2.38212, 4.8750286
6371689, 0xEEEE, 2038, 0004, 1.97275, 4.8517586
6374819, 0xEEEE, 2039, 0004, 1.57788, 4.8445869
6377948, 0xEEEE, 2040, 0003, 1.58029, 4.8567941
6381078, 0xEEEE, 2041, 0003, 1.57868, 4.8547341
6384198, 0xEEEE, 2042, 0002, 1.19429, 4.8764019
6387324, 0xEEEE, 2043, 0002, 1.18300, 4.8476387
6390449, 0xEEEE, 2044, 0001, 0.79297, 4.8490883
6393574, 0xEEEE, 2045, 0001, 0.78894, 4.8529793
6396690, 0xEEEE, 2046, 0000, 0.39568, 4.8437476
6399814, 0xEEEE, 2047, 0000, 0.01128, 4.8677806
6402939, 0xEEEE, 2048, 0000, 0.01128, 4.8497749
6406070, 0xEEEE, 2049, 0000, 0.01128, 4.8592355
6409189, 0xEEEE, 2050, 0001, 0.01128, 4.8488594
6412314, 0xEEEE, 2051, 0001, 0.01209, 4.8471809
6415441, 0xEEEE, 2052, 0002, 0.38762, 4.8741131
6418571, 0xEEEE, 2053, 0002, 0.39165, 4.8609903
6421701, 0xEEEE, 2054, 0003, 0.78813, 4.8638132
6424826, 0xEEEE, 2055, 0003, 0.78974, 4.8461128
6427981, 0xEEEE, 2056, 0004, 1.18381, 4.8420691
6431082, 0xEEEE, 2057, 0004, 1.17333, 4.8735790
6434201, 0xEEEE, 2058, 0005, 1.57868, 4.8489357
6437326, 0xEEEE, 2059, 0005, 1.57788, 4.8686198
6440460, 0xEEEE, 2060, 0006, 1.96711, 4.8383307
6443565, 0xEEEE, 2061, 0006, 2.36762, 4.8444343
6446689, 0xEEEE, 2062, 0007, 2.36762, 4.8646525
6449814, 0xEEEE, 2063, 0007, 2.36842, 4.8575570
6452939, 0xEEEE, 2064, 0007, 2.58198, 4.8680858
6456070, 0xEEEE, 2065, 0007, 2.54974, 4.8421454
6459189, 0xEEEE, 2066, 0006, 2.55377, 4.8575570
6462315, 0xEEEE, 2067, 0006, 2.55297, 4.8598459
6465448, 0xEEEE, 2068, 0005, 2.36601, 4.8467994
6468574, 0xEEEE, 2069, 0005, 2.00337, 4.8798352
6471699, 0xEEEE, 2070, 0004, 1.97839, 4.8506905
6474824, 0xEEEE, 2071, 0004, 1.97275, 4.8527504
6477948, 0xEEEE, 2072, 0003, 1.57788, 4.8543526
6481078, 0xEEEE, 2073, 0003, 1.58352, 4.8582437
6484189, 0xEEEE, 2074, 0002, 1.18300, 4.8750286
6487326, 0xEEEE, 2075, 0002, 1.19912, 4.8472572
6490440, 0xEEEE, 2076, 0001, 0.78813, 4.8461891
6493565, 0xEEEE, 2077, 0001, 0.39326, 4.8461891
6496689, 0xEEEE, 2078, 0000, 0.32073, 4.8431373
6499814, 0xEEEE, 2079, 0000, 0.39165, 4.8735027
6502939, 0xEEEE, 2080, 0000, 0.01128, 4.8488594
6506070, 0xEEEE, 2081, 0000, 0.01128, 4.8628214
6509201, 0xEEEE, 2082, 0001, 0.01209, 4.8433661
6512325, 0xEEEE, 2083, 0001, 0.01209, 4.8526741
6515451, 0xEEEE, 2084, 0002, 0.39245, 4.8729686
6518577, 0xEEEE, 2085, 0002, 0.78733, 4.8548104
6521702, 0xEEEE, 2086, 0003, 0.76799, 4.8742657
6524834, 0xEEEE, 2087, 0003, 0.78813, 4.8443580
6527973, 0xEEEE, 2088, 0004, 1.18381, 4.8465705
6531070, 0xEEEE, 2089, 0004, 1.18220, 4.8694591
6534190, 0xEEEE, 2090, 0005, 1.57949, 4.8514534
6537314, 0xEEEE, 2091, 0005, 1.57868, 4.8633555
6540440, 0xEEEE, 2092, 0006, 1.92520, 4.8451972
6543565, 0xEEEE, 2093, 0006, 2.36923, 4.8525978
6546689, 0xEEEE, 2094, 0007, 2.36842, 4.8680858
6549814, 0xEEEE, 2095, 0007, 2.36762, 4.8522164
6552948, 0xEEEE, 2096, 0007, 2.55055, 4.8648814
6556078, 0xEEEE, 2097, 0007, 2.60293, 4.8352026
6559198, 0xEEEE, 2098, 0006, 2.54894, 4.8451972
6562324, 0xEEEE, 2099, 0006, 2.55136, 4.8576333
6565449, 0xEEEE, 2100, 0005, 2.36842, 4.8674754
6568574, 0xEEEE, 2101, 0005, 2.36681, 4.8792248
6571710, 0xEEEE, 2102, 0004, 1.97355, 4.8509194
6574814, 0xEEEE, 2103, 0004, 1.97758, 4.8570993
6577939, 0xEEEE, 2104, 0003, 1.57788, 4.8545052
6581070, 0xEEEE, 2105, 0003, 1.57788, 4.8656443
6584189, 0xEEEE, 2106, 0002, 1.18381, 4.8764019
6587314, 0xEEEE, 2107, 0002, 0.79619, 4.8490120
6590440, 0xEEEE, 2108, 0001, 0.78733, 4.8616007
6593565, 0xEEEE, 2109, 0001, 0.78652, 4.8471809
6596697, 0xEEEE, 2110, 0000, 0.39326, 4.8593881
6599825, 0xEEEE, 2111, 0000, 0.39326, 4.8738842
6602950, 0xEEEE, 2112, 0000, 0.01209, 4.8552682
6606081, 0xEEEE, 2113, 0000, 0.01128, 4.8548867
6609209, 0xEEEE, 2114, 0001, 0.01128, 4.8470283
6612326, 0xEEEE, 2115, 0001, 0.38681, 4.8545052
6615451, 0xEEEE, 2116, 0002, 0.39245, 4.8706035
6618565, 0xEEEE, 2117, 0002, 0.39165, 4.8484779
6621689, 0xEEEE, 2118, 0003, 0.78813, 4.8719768
6624814, 0xEEEE, 2119, 0003, 0.78813, 4.8436713
6627961, 0xEEEE, 2120, 0004, 1.17817, 4.8480964
6631070, 0xEEEE, 2121, 0004, 1.18220, 4.8690776
6634189, 0xEEEE, 2122, 0005, 1.58593, 4.8557259
6637314, 0xEEEE, 2123, 0005, 1.97436, 4.8675517
6640445, 0xEEEE, 2124, 0006, 1.97275, 4.8440528
6643574, 0xEEEE, 2125, 0006, 1.97033, 4.8472572
6646698, 0xEEEE, 2126, 0007, 2.37004, 4.8608377
6649824, 0xEEEE, 2127, 0007, 2.36762, 4.8622110
6652948, 0xEEEE, 2128, 0007, 2.55216, 4.8725872
6656089, 0xEEEE, 2129, 0007, 2.55216, 4.8418402
6659198, 0xEEEE, 2130, 0006, 2.55377, 4.8551156
6662314, 0xEEEE, 2131, 0006, 2.37004, 4.8557259
6665440, 0xEEEE, 2132, 0005, 2.36198, 4.8520638
6668573, 0xEEEE, 2133, 0005, 2.36762, 4.8768597
6671689, 0xEEEE, 2134, 0004, 1.97355, 4.8461128
6674814, 0xEEEE, 2135, 0004, 1.94374, 4.8473335
6677939, 0xEEEE, 2136, 0003, 1.57868, 4.8567178
6681070, 0xEEEE, 2137, 0003, 1.57788, 4.8590829
6684193, 0xEEEE, 2138, 0002, 1.17978, 4.8759442
6687325, 0xEEEE, 2139, 0002, 0.78894, 4.8501564
6690451, 0xEEEE, 2140, 0001, 0.79055, 4.8503090
6693583, 0xEEEE, 2141, 0001, 0.74864, 4.8517586
6696702, 0xEEEE, 2142, 0000, 0.39245, 4.8470283
6699826, 0xEEEE, 2143, 0000, 0.39407, 4.8727398
6702951, 0xEEEE, 2144, 0000, 0.01048, 4.8526741
6706081, 0xEEEE, 2145, 0000, 0.01209, 4.8529793
6709189, 0xEEEE, 2146, 0001, 0.01209, 4.8416876
6712314, 0xEEEE, 2147, 0001, 0.41905, 4.8592355
6715440, 0xEEEE, 2148, 0002, 0.39487, 4.8729686
6718565, 0xEEEE, 2149, 0002, 0.38923, 4.8744945
6721689, 0xEEEE, 2150, 0003, 0.82037, 4.8606851
6724814, 0xEEEE, 2151, 0003, 0.79055, 4.8459602
6727961, 0xEEEE, 2152, 0004, 1.21121, 4.8568704
6731079, 0xEEEE, 2153, 0004, 1.18864, 4.8696117
6734198, 0xEEEE, 2154, 0005, 1.58029, 4.8519112
6737323, 0xEEEE, 2155, 0005, 1.57707, 4.8683909
6740458, 0xEEEE, 2156, 0006, 1.97355, 4.8435187
6743574, 0xEEEE, 2157, 0006, 1.97355, 4.8353552
6746699, 0xEEEE, 2158, 0007, 2.35473, 4.8615244
6749823, 0xEEEE, 2159, 0007, 2.36198, 4.8626688
6752948, 0xEEEE, 2160, 0007, 2.55297, 4.8698405
6756070, 0xEEEE, 2161, 0007, 2.55136, 4.8422217
6759189, 0xEEEE, 2162, 0006, 2.55297, 4.8570993
6762314, 0xEEEE, 2163, 0006, 2.55216, 4.8625162
6765440, 0xEEEE, 2164, 0005, 2.40388, 4.8570993
6768565, 0xEEEE, 2165, 0005, 2.36762, 4.8809033
6771690, 0xEEEE, 2166, 0004, 1.97516, 4.8575570
6774825, 0xEEEE, 2167, 0004, 1.97275, 4.8668650
6777950, 0xEEEE, 2168, 0003, 1.57304, 4.8630503
6781081, 0xEEEE, 2169, 0003, 1.18300, 4.8558785
6784201, 0xEEEE, 2170, 0002, 1.20718, 4.8779278
6787325, 0xEEEE, 2171, 0002, 1.18381, 4.8503090
6790452, 0xEEEE, 2172, 0001, 0.82198, 4.8635080
6793576, 0xEEEE, 2173, 0001, 0.78813, 4.8500801
6796690, 0xEEEE, 2174, 0000, 0.39084, 4.8519112
6799825, 0xEEEE, 2175, 0000, 0.37392, 4.8693065
6802939, 0xEEEE, 2176, 0000, 0.01209, 4.8550393
6806070, 0xEEEE, 2177, 0000, 0.01209, 4.8597696
6809189, 0xEEEE, 2178, 0001, 0.01209, 4.8410010
6812314, 0xEEEE, 2179, 0001, 0.01128, 4.8606088
6815443, 0xEEEE, 2180, 0002, 0.38198, 4.8721294
6818572, 0xEEEE, 2181, 0002, 0.39245, 4.8419928
6821699, 0xEEEE, 2182, 0003, 0.78813, 4.8638895
6824825, 0xEEEE, 2183, 0003, 0.80505, 4.8458839
6827969, 0xEEEE, 2184, 0004, 1.18542, 4.8577096
6831079, 0xEEEE, 2185, 0004, 1.57868, 4.8696117
6834198, 0xEEEE, 2186, 0005, 1.57868, 4.8671702
6837331, 0xEEEE, 2187, 0005, 1.55612, 4.8678569
6840440, 0xEEEE, 2188, 0006, 1.97597, 4.8384833
6843565, 0xEEEE, 2189, 0006, 1.97355, 4.8489357
6846689, 0xEEEE, 2190, 0007, 2.36681, 4.8622873
6849814, 0xEEEE, 2191, 0007, 2.32733, 4.8551156
6852939, 0xEEEE, 2192, 0007, 2.55055, 4.8705272
6856070, 0xEEEE, 2193, 0007, 2.55136, 4.8371099
6859190, 0xEEEE, 2194, 0006, 2.55216, 4.8501564
6862321, 0xEEEE, 2195, 0006, 2.55216, 4.8555734
6865451, 0xEEEE, 2196, 0005, 2.36842, 4.8598459
6868576, 0xEEEE, 2197, 0005, 2.32410, 4.8729686
6871702, 0xEEEE, 2198, 0004, 1.97355, 4.8427558
6874826, 0xEEEE, 2199, 0004, 1.97355, 4.8456550
6877952, 0xEEEE, 2200, 0003, 1.55773, 4.8508431
6881081, 0xEEEE, 2201, 0003, 1.54322, 4.8613718
6884211, 0xEEEE, 2202, 0002, 1.18381, 4.8784619
6887314, 0xEEEE, 2203, 0002, 1.18300, 4.8562600
6890440, 0xEEEE, 2204, 0001, 0.78410, 4.8606088
6893565, 0xEEEE, 2205, 0001, 0.78813, 4.8451209
6896689, 0xEEEE, 2206, 0000, 0.39245, 4.8495460
6899814, 0xEEEE, 2207, 0000, 0.39326, 4.8722820
6902939, 0xEEEE, 2208, 0000, 0.01209, 4.8529793
6906071, 0xEEEE, 2209, 0000, 0.01128, 4.8487831
6909198, 0xEEEE, 2210, 0001, 0.01128, 4.8399329
6912323, 0xEEEE, 2211, 0001, 0.01128, 4.8625162
6915449, 0xEEEE, 2212, 0002, 0.39326, 4.8730449
6918574, 0xEEEE, 2213, 0002, 0.39084, 4.8532082
6921707, 0xEEEE, 2214, 0003, 0.78733, 4.8651865
6924823, 0xEEEE, 2215, 0003, 1.18462, 4.8443580
6927971, 0xEEEE, 2216, 0004, 1.18220, 4.8647288
6931070, 0xEEEE, 2217, 0004, 1.20476, 4.8667887
6934189, 0xEEEE, 2218, 0005, 1.57949, 4.8688487
6937314, 0xEEEE, 2219, 0005, 1.57868, 4.8670176
6940440, 0xEEEE, 2220, 0006, 1.97678, 4.8377203
6943565, 0xEEEE, 2221, 0006, 1.97516, 4.8535134
6946689, 0xEEEE, 2222, 0007, 2.36762, 4.8609903
6949816, 0xEEEE, 2223, 0007, 2.55216, 4.8603037
6952950, 0xEEEE, 2224, 0007, 2.55136, 4.8685435
6956081, 0xEEEE, 2225, 0007, 2.55780, 4.8478676
6959200, 0xEEEE, 2226, 0006, 2.54733, 4.8490883
6962326, 0xEEEE, 2227, 0006, 2.55216, 4.8577096
6965451, 0xEEEE, 2228, 0005, 2.36681, 4.8558785
6968587, 0xEEEE, 2229, 0005, 2.36762, 4.8746471
6971701, 0xEEEE, 2230, 0004, 1.97275, 4.8482490
6974814, 0xEEEE, 2231, 0004, 1.57949, 4.8680858
6977939, 0xEEEE, 2232, 0003, 1.57788, 4.8461128
6981070, 0xEEEE, 2233, 0003, 1.57546, 4.8584726
6984189, 0xEEEE, 2234, 0002, 1.18220, 4.8764782
6987314, 0xEEEE, 2235, 0002, 1.18703, 4.8503090
6990440, 0xEEEE, 2236, 0001, 0.78813, 4.8601511
6993564, 0xEEEE, 2237, 0001, 0.79538, 4.8459602
6996699, 0xEEEE, 2238, 0000, 0.40132, 4.8680858
6999823, 0xEEEE, 2239, 0000, 0.01209, 4.8709850
7002948, 0xEEEE, 2240, 0000, 0.01128, 4.8560311
7006086, 0xEEEE, 2241, 0000, 0.01048, 4.8711376
7009198, 0xEEEE, 2242, 0001, 0.01128, 4.8381781
7012324, 0xEEEE, 2243, 0001, 0.01128, 4.8532845
7015448, 0xEEEE, 2244, 0002, 0.39165, 4.8680095
7018565, 0xEEEE, 2245, 0002, 0.39165, 4.8612192
7021690, 0xEEEE, 2246, 0003, 0.77604, 4.8660258
7024814, 0xEEEE, 2247, 0003, 1.18300, 4.8446632
7027972, 0xEEEE, 2248, 0004, 1.19348, 4.8651865
7031070, 0xEEEE, 2249, 0004, 1.18300, 4.8690013
7034189, 0xEEEE, 2250, 0005, 1.57788, 4.8546578
7037314, 0xEEEE, 2251, 0005, 1.57788, 4.8677806
7040450, 0xEEEE, 2252, 0006, 1.97355, 4.8441291
7043576, 0xEEEE, 2253, 0006, 1.95985, 4.8511482
7046701, 0xEEEE, 2254, 0007, 2.36601, 4.8657206
7049825, 0xEEEE, 2255, 0007, 2.36681, 4.8659495
7052960, 0xEEEE, 2256, 0007, 2.55136, 4.8746471
7056081, 0xEEEE, 2257, 0007, 2.55136, 4.8387121
7059200, 0xEEEE, 2258, 0006, 2.56989, 4.8475624
7062314, 0xEEEE, 2259, 0006, 2.54894, 4.8565652
7065448, 0xEEEE, 2260, 0005, 2.36601, 4.8698405
7068565, 0xEEEE, 2261, 0005, 1.97355, 4.8769360
7071689, 0xEEEE, 2262, 0004, 1.97436, 4.8520638
7074814, 0xEEEE, 2263, 0004, 1.96952, 4.8552682
7077939, 0xEEEE, 2264, 0003, 1.57949, 4.8468757
7081070, 0xEEEE, 2265, 0003, 1.56015, 4.8539712
7084194, 0xEEEE, 2266, 0002, 1.18462, 4.8757153
7087323, 0xEEEE, 2267, 0002, 1.18381, 4.8529793
7090453, 0xEEEE, 2268, 0001, 0.78813, 4.8534371
7093574, 0xEEEE, 2269, 0001, 0.39084, 4.8507668
7096699, 0xEEEE, 2270, 0000, 0.39326, 4.8517586
7099824, 0xEEEE, 2271, 0000, 0.39165, 4.8707561
7102948, 0xEEEE, 2272, 0000, 0.01128, 4.8525978
7106078, 0xEEEE, 2273, 0000, 0.01128, 4.8654917
7109189, 0xEEEE, 2274, 0001, 0.01209, 4.8451209
7112325, 0xEEEE, 2275, 0001, 0.01209, 4.8478676
7115440, 0xEEEE, 2276, 0002, 0.39326, 4.8699168
7118565, 0xEEEE, 2277, 0002, 0.78894, 4.8514534
7121689, 0xEEEE, 2278, 0003, 0.78894, 4.8667124
7124814, 0xEEEE, 2279, 0003, 0.78813, 4.8452735
7127964, 0xEEEE, 2280, 0004, 1.18300, 4.8605325
7131081, 0xEEEE, 2281, 0004, 1.18462, 4.8670176
7134200, 0xEEEE, 2282, 0005, 1.55048, 4.8650340
7137334, 0xEEEE, 2283, 0005, 1.57707, 4.8719768
7140452, 0xEEEE, 2284, 0006, 1.97275, 4.8390936
7143577, 0xEEEE, 2285, 0006, 2.39018, 4.8480201
7146701, 0xEEEE, 2286, 0007, 2.37084, 4.8567941
7149833, 0xEEEE, 2287, 0007, 2.36762, 4.8500801
7152939, 0xEEEE, 2288, 0007, 2.55216, 4.8732738
7156070, 0xEEEE, 2289, 0007, 2.55297, 4.8372625
7159189, 0xEEEE, 2290, 0006, 2.55216, 4.8517586
7162314, 0xEEEE, 2291, 0006, 2.60374, 4.8551919
7165440, 0xEEEE, 2292, 0005, 2.36762, 4.8502327
7168565, 0xEEEE, 2293, 0005, 1.97436, 4.8757153
7171689, 0xEEEE, 2294, 0004, 1.97194, 4.8423743
7174823, 0xEEEE, 2295, 0004, 1.93326, 4.8531319
7177948, 0xEEEE, 2296, 0003, 1.57949, 4.8516823
7181078, 0xEEEE, 2297, 0003, 1.57868, 4.8667887
7184199, 0xEEEE, 2298, 0002, 1.18542, 4.8731975
7187323, 0xEEEE, 2299, 0002, 1.18381, 4.8485542
7190449, 0xEEEE, 2300, 0001, 0.78571, 4.8627451
7193573, 0xEEEE, 2301, 0001, 0.35941, 4.8384070
7196700, 0xEEEE, 2302, 0000, 0.39165, 4.8577859
7199814, 0xEEEE, 2303, 0000, 0.38923, 4.8680095
7202939, 0xEEEE, 2304, 0000, 0.01451, 4.8498512
7206070, 0xEEEE, 2305, 0000, 0.01209, 4.8602274
7209190, 0xEEEE, 2306, 0001, 0.01209, 4.8376440
7212314, 0xEEEE, 2307, 0001, 0.01128, 4.8549630
7215447, 0xEEEE, 2308, 0002, 0.39084, 4.8694591
7218576, 0xEEEE, 2309, 0002, 0.39487, 4.8597696
7221700, 0xEEEE, 2310, 0003, 0.78733, 4.8659495
7224825, 0xEEEE, 2311, 0003, 0.78652, 4.8372625
7227972, 0xEEEE, 2312, 0004, 1.23216, 4.8485542
7231082, 0xEEEE, 2313, 0004, 1.18703, 4.8635080
7234210, 0xEEEE, 2314, 0005, 1.57788, 4.8590829
7237326, 0xEEEE, 2315, 0005, 1.97678, 4.8726635
7240440, 0xEEEE, 2316, 0006, 1.97436, 4.8388647
7243565, 0xEEEE, 2317, 0006, 1.97355, 4.8593118
7246689, 0xEEEE, 2318, 0007, 2.42081, 4.8594644
7249814, 0xEEEE, 2319, 0007, 2.37648, 4.8728161
7252940, 0xEEEE, 2320, 0007, 2.55538, 4.8763256
7256070, 0xEEEE, 2321, 0007, 2.55136, 4.8447395
7259189, 0xEEEE, 2322, 0006, 2.55377, 4.8500038
7262321, 0xEEEE, 2323, 0006, 2.36762, 4.8586252
7265448, 0xEEEE, 2324, 0005, 2.36681, 4.8590066
7268574, 0xEEEE, 2325, 0005, 2.36762, 4.8757153
7271699, 0xEEEE, 2326, 0004, 1.97355, 4.8396277
7274823, 0xEEEE, 2327, 0004, 1.97436, 4.8633555
7277949, 0xEEEE, 2328, 0003, 1.58674, 4.8529030
7281089, 0xEEEE, 2329, 0003, 1.57707, 4.8554971
7284189, 0xEEEE, 2330, 0002, 1.22733, 4.8731975
7287314, 0xEEEE, 2331, 0002, 0.78894, 4.8480964
7290440, 0xEEEE, 2332, 0001, 0.82601, 4.8563363
7293565, 0xEEEE, 2333, 0001, 0.78813, 4.8426795
7296689, 0xEEEE, 2334, 0000, 0.39245, 4.8732738
7299814, 0xEEEE, 2335, 0000, 0.43516, 4.8709850
7302939, 0xEEEE, 2336, 0000, 0.01128, 4.8496986
7306076, 0xEEEE, 2337, 0000, 0.01128, 4.8574807
7309200, 0xEEEE, 2338, 0001, 0.01128, 4.8382544
7312325, 0xEEEE, 2339, 0001, 0.39165, 4.8625162
7315451, 0xEEEE, 2340, 0002, 0.38117, 4.8694591
7318584, 0xEEEE, 2341, 0002, 0.39165, 4.8541238
7321702, 0xEEEE, 2342, 0003, 0.78894, 4.8706798
7324826, 0xEEEE, 2343, 0003, 0.74623, 4.8451972
7327972, 0xEEEE, 2344, 0004, 1.18300, 4.8580148
7331070, 0xEEEE, 2345, 0004, 1.20799, 4.8635080
7334189, 0xEEEE, 2346, 0005, 1.57788, 4.8660258
7337314, 0xEEEE, 2347, 0005, 2.02755, 4.8696117
7340440, 0xEEEE, 2348, 0006, 1.96388, 4.8453498
7343565, 0xEEEE, 2349, 0006, 1.97275, 4.8412299
7346689, 0xEEEE, 2350, 0007, 2.36681, 4.8506905
7349817, 0xEEEE, 2351, 0007, 2.36762, 4.8554208
7352948, 0xEEEE, 2352, 0007, 2.54088, 4.8713664
7356078, 0xEEEE, 2353, 0007, 2.54410, 4.8439002
7359199, 0xEEEE, 2354, 0006, 2.55055, 4.8551156
7362323, 0xEEEE, 2355, 0006, 2.55136, 4.8516060
7365459, 0xEEEE, 2356, 0005, 2.36762, 4.8600748
7368574, 0xEEEE, 2357, 0005, 2.36842, 4.8766308
7371690, 0xEEEE, 2358, 0004, 1.97678, 4.8392462
7374814, 0xEEEE, 2359, 0004, 1.97355, 4.8677806
7377948, 0xEEEE, 2360, 0003, 1.57949, 4.8456550
7381070, 0xEEEE, 2361, 0003, 1.18220, 4.8493172
7384189, 0xEEEE, 2362, 0002, 1.18381, 4.8719005
7387314, 0xEEEE, 2363, 0002, 1.18381, 4.8493935
7390440, 0xEEEE, 2364, 0001, 0.78813, 4.8653391
7393568, 0xEEEE, 2365, 0001, 0.78894, 4.8440528
7396701, 0xEEEE, 2366, 0000, 0.39245, 4.8659495
7399825, 0xEEEE, 2367, 0000, 0.39084, 4.8691539
7402957, 0xEEEE, 2368, 0000, 0.01209, 4.8567941
7406081, 0xEEEE, 2369, 0000, 0.01128, 4.8627451
7409201, 0xEEEE, 2370, 0001, 0.01209, 4.8340581
7412326, 0xEEEE, 2371, 0001, 0.01209, 4.8652628
7415440, 0xEEEE, 2372, 0002, 0.39245, 4.8638895
7418565, 0xEEEE, 2373, 0002, 0.39245, 4.8541238
7421689, 0xEEEE, 2374, 0003, 0.78894, 4.8644999
7424814, 0xEEEE, 2375, 0003, 0.78894, 4.8483253
7427961, 0xEEEE, 2376, 0004, 1.18220, 4.8616770
7431070, 0xEEEE, 2377, 0004, 1.59963, 4.8644236
7434189, 0xEEEE, 2378, 0005, 1.58271, 4.8583963
7437314, 0xEEEE, 2379, 0005, 1.57949, 4.8672465
7440449, 0xEEEE, 2380, 0006, 2.02352, 4.8410010
7443574, 0xEEEE, 2381, 0006, 1.97597, 4.8531319
7446699, 0xEEEE, 2382, 0007, 2.36762, 4.8545815
7449833, 0xEEEE, 2383, 0007, 2.36762, 4.8595407
7452948, 0xEEEE, 2384, 0007, 2.55297, 4.8710613
7456079, 0xEEEE, 2385, 0007, 2.57070, 4.8361944
7459198, 0xEEEE, 2386, 0006, 2.54249, 4.8673991
7462323, 0xEEEE, 2387, 0006, 2.55136, 4.8564889
7465440, 0xEEEE, 2388, 0005, 2.36681, 4.8594644
7468565, 0xEEEE, 2389, 0005, 2.36681, 4.8709850
7471689, 0xEEEE, 2390, 0004, 1.99692, 4.8507668
7474814, 0xEEEE, 2391, 0004, 1.97114, 4.8539712
7477939, 0xEEEE, 2392, 0003, 1.57868, 4.8484016
7481070, 0xEEEE, 2393, 0003, 1.17656, 4.8603799
7484199, 0xEEEE, 2394, 0002, 1.18220, 4.8741894
7487325, 0xEEEE, 2395, 0002, 1.19993, 4.8488594
7490451, 0xEEEE, 2396, 0001, 0.78813, 4.8637369
7493577, 0xEEEE, 2397, 0001, 0.78491, 4.8461128
7496701, 0xEEEE, 2398, 0000, 0.37231, 4.8586252
7499826, 0xEEEE, 2399, 0000, 0.39245, 4.8735790
7502951, 0xEEEE, 2400, 0000, 0.01128, 4.8500801
7506070, 0xEEEE, 2401, 0000, 0.01451, 4.8634318
7509200, 0xEEEE, 2402, 0001, 0.01128, 4.8357366
7512314, 0xEEEE, 2403, 0001, 0.01209, 4.8632792
7515440, 0xEEEE, 2404, 0002, 0.44403, 4.8668650
7518565, 0xEEEE, 2405, 0002, 0.39245, 4.8573281
7521689, 0xEEEE, 2406, 0003, 0.77524, 4.8672465
7524814, 0xEEEE, 2407, 0003, 0.78733, 4.8333715
7527965, 0xEEEE, 2408, 0004, 1.17656, 4.8631266
7531078, 0xEEEE, 2409, 0004, 1.18381, 4.8664836
7534200, 0xEEEE, 2410, 0005, 1.61575, 4.8538949
7537323, 0xEEEE, 2411, 0005, 1.58029, 4.8705272
7540449, 0xEEEE, 2412, 0006, 1.97436, 4.8357366
7543574, 0xEEEE, 2413, 0006, 1.95905, 4.8544289
7546707, 0xEEEE, 2414, 0007, 2.36842, 4.8569467
7549814, 0xEEEE, 2415, 0007, 2.55136, 4.8674754
7552939, 0xEEEE, 2416, 0007, 2.55458, 4.8716716
7556070, 0xEEEE, 2417, 0007, 2.55136, 4.8533608
7559189, 0xEEEE, 2418, 0006, 2.60212, 4.8504616
7562314, 0xEEEE, 2419, 0006, 2.54249, 4.8496223
7565440, 0xEEEE, 2420, 0005, 2.36762, 4.8560311
7568565, 0xEEEE, 2421, 0005, 2.36762, 4.8752575
7571696, 0xEEEE, 2422, 0004, 1.97355, 4.8439765
7574826, 0xEEEE, 2423, 0004, 1.57385, 4.8667124
7577950, 0xEEEE, 2424, 0003, 1.57868, 4.8453498
7581081, 0xEEEE, 2425, 0003, 1.57949, 4.8554971
7584201, 0xEEEE, 2426, 0002, 1.17978, 4.8698405
7587326, 0xEEEE, 2427, 0002, 1.18381, 4.8564889
7590451, 0xEEEE, 2428, 0001, 0.78813, 4.8642710
7593587, 0xEEEE, 2429, 0001, 0.78894, 4.8444343
7596689, 0xEEEE, 2430, 0000, 0.39165, 4.8521401
7599814, 0xEEEE, 2431, 0000, 0.01128, 4.8660258
7602939, 0xEEEE, 2432, 0000, 0.01128, 4.8468757
7606069, 0xEEEE, 2433, 0000, 0.01289, 4.8657206
7609189, 0xEEEE, 2434, 0001, 0.01209, 4.8429847
7612314, 0xEEEE, 2435, 0001, 0.01128, 4.8613718
7615445, 0xEEEE, 2436, 0002, 0.39245, 4.8635843
7618574, 0xEEEE, 2437, 0002, 0.40535, 4.8526741
7621699, 0xEEEE, 2438, 0003, 0.78894, 4.8688487
7624823, 0xEEEE, 2439, 0003, 1.18300, 4.8443580
7627970, 0xEEEE, 2440, 0004, 1.18300, 4.8708324
7631087, 0xEEEE, 2441, 0004, 1.18381, 4.8659495
7634198, 0xEEEE, 2442, 0005, 1.60286, 4.8677043
7637314, 0xEEEE, 2443, 0005, 1.58190, 4.8664836
7640440, 0xEEEE, 2444, 0006, 1.97275, 4.8464942
7643565, 0xEEEE, 2445, 0006, 1.97355, 4.8567178
7646690, 0xEEEE, 2446, 0007, 2.37326, 4.8554971
7649814, 0xEEEE, 2447, 0007, 2.55377, 4.8535134
7652939, 0xEEEE, 2448, 0007, 2.55136, 4.8702983
7656070, 0xEEEE, 2449, 0007, 2.55216, 4.8348974
7659190, 0xEEEE, 2450, 0006, 2.55297, 4.8673228
7662325, 0xEEEE, 2451, 0006, 2.51026, 4.8484779
7665451, 0xEEEE, 2452, 0005, 2.37568, 4.8601511
7668576, 0xEEEE, 2453, 0005, 2.36520, 4.8730449
7671702, 0xEEEE, 2454, 0004, 1.97355, 4.8400092
7674826, 0xEEEE, 2455, 0004, 1.95018, 4.8574044
7677961, 0xEEEE, 2456, 0003, 1.58029, 4.8487831
7681081, 0xEEEE, 2457, 0003, 1.57868, 4.8668650
7684189, 0xEEEE, 2458, 0002, 1.18462, 4.8722057
7687314, 0xEEEE, 2459, 0002, 1.18300, 4.8495460
7690440, 0xEEEE, 2460, 0001, 0.79055, 4.8625162
7693565, 0xEEEE, 2461, 0001, 0.40857, 4.8421454
7696689, 0xEEEE, 2462, 0000, 0.39245, 4.8532845
7699814, 0xEEEE, 2463, 0000, 0.39084, 4.8706798
7702939, 0xEEEE, 2464, 0000, 0.01128, 4.8421454
7706078, 0xEEEE, 2465, 0000, 0.01128, 4.8651865
7709198, 0xEEEE, 2466, 0001, 0.01128, 4.8494697
7712323, 0xEEEE, 2467, 0001, 0.01370, 4.8534371
7715456, 0xEEEE, 2468, 0002, 0.39407, 4.8712139
7718574, 0xEEEE, 2469, 0002, 0.79136, 4.8616770
7721699, 0xEEEE, 2470, 0003, 0.78813, 4.8692302
7724823, 0xEEEE, 2471, 0003, 0.78974, 4.8400855
7727969, 0xEEEE, 2472, 0004, 1.18381, 4.8644236
7731070, 0xEEEE, 2473, 0004, 1.18220, 4.8704509
7734189, 0xEEEE, 2474, 0005, 1.57949, 4.8640421
7737314, 0xEEEE, 2475, 0005, 1.59077, 4.8682383
7740440, 0xEEEE, 2476, 0006, 1.97355, 4.8451209
7743565, 0xEEEE, 2477, 0006, 2.36842, 4.8575570
7746689, 0xEEEE, 2478, 0007, 2.33458, 4.8615244
7749822, 0xEEEE, 2479, 0007, 2.36198, 4.8625925
7752950, 0xEEEE, 2480, 0007, 2.55216, 4.8711376
7756081, 0xEEEE, 2481, 0007, 2.55216, 4.8474861
7759201, 0xEEEE, 2482, 0006, 2.55216, 4.8570993
7762334, 0xEEEE, 2483, 0006, 2.55136, 4.8567941
7765452, 0xEEEE, 2484, 0005, 2.36520, 4.8712902
7768576, 0xEEEE, 2485, 0005, 1.97758, 4.8764019
7771690, 0xEEEE, 2486, 0004, 1.97355, 4.8506142
7774822, 0xEEEE, 2487, 0004, 1.97436, 4.8521401
7777939, 0xEEEE, 2488, 0003, 1.58110, 4.8538949
7781070, 0xEEEE, 2489, 0003, 1.57949, 4.8537423
7784189, 0xEEEE, 2490, 0002, 1.16769, 4.8739605
7787314, 0xEEEE, 2491, 0002, 1.18300, 4.8441291
7790440, 0xEEEE, 2492, 0001, 0.77846, 4.8666361
7793569, 0xEEEE, 2493, 0001, 0.39165, 4.8498512
7796699, 0xEEEE, 2494, 0000, 0.39084, 4.8545815
7799823, 0xEEEE, 2495, 0000, 0.37875, 4.8762493
7802948, 0xEEEE, 2496, 0000, 0.01209, 4.8431373
7806079, 0xEEEE, 2497, 0000, 0.01209, 4.8602274
7809198, 0xEEEE, 2498, 0001, 0.01128, 4.8371862
7812323, 0xEEEE, 2499, 0001, 0.01128, 4.8477150
7815440, 0xEEEE, 2500, 0002, 0.39165, 4.8680095
7818565, 0xEEEE, 2501, 0002, 0.78249, 4.8592355
7821700, 0xEEEE, 2502, 0003, 0.78894, 4.8670176
7824814, 0xEEEE, 2503, 0003, 0.79780, 4.8394751
7827961, 0xEEEE, 2504, 0004, 1.18381, 4.8678569
7831070, 0xEEEE, 2505, 0004, 1.17817, 4.8647288
7834189, 0xEEEE, 2506, 0005, 1.57949, 4.8564126
7837317, 0xEEEE, 2507, 0005, 1.57868, 4.8680858
7840451, 0xEEEE, 2508, 0006, 1.97516, 4.8387121
7843576, 0xEEEE, 2509, 0006, 1.97355, 4.8564126
7846709, 0xEEEE, 2510, 0007, 2.36842, 4.8599985
7849826, 0xEEEE, 2511, 0007, 2.37568, 4.8542000
7852951, 0xEEEE, 2512, 0007, 2.55538, 4.8685435
7856081, 0xEEEE, 2513, 0007, 2.55216, 4.8347448
7859208, 0xEEEE, 2514, 0006, 2.55216, 4.8616007
7862314, 0xEEEE, 2515, 0006, 2.36762, 4.8577859
7865440, 0xEEEE, 2516, 0005, 2.36681, 4.8682383
7868565, 0xEEEE, 2517, 0005, 2.34667, 4.8741131
7871689, 0xEEEE, 2518, 0004, 1.96872, 4.8471046
7874814, 0xEEEE, 2519, 0004, 1.97436, 4.8554971
7877940, 0xEEEE, 2520, 0003, 1.59077, 4.8534371
7881070, 0xEEEE, 2521, 0003, 1.57788, 4.8517586
7884197, 0xEEEE, 2522, 0002, 1.18220, 4.8758679
7887323, 0xEEEE, 2523, 0002, 0.78733, 4.8435950
7890448, 0xEEEE, 2524, 0001, 0.78894, 4.8609903
7893574, 0xEEEE, 2525, 0001, 0.78733, 4.8461128
7896699, 0xEEEE, 2526, 0000, 0.42872, 4.8593881
7899823, 0xEEEE, 2527, 0000, 0.39245, 4.8765545
7902948, 0xEEEE, 2528, 0000, 0.01209, 4.8623636
7906089, 0xEEEE, 2529, 0000, 0.01209, 4.8667887
7909189, 0xEEEE, 2530, 0001, 0.01451, 4.8411536
7912314, 0xEEEE, 2531, 0001, 0.39165, 4.8556497
7915440, 0xEEEE, 2532, 0002, 0.33443, 4.8728161
7918565, 0xEEEE, 2533, 0002, 0.39245, 4.8526741
7921689, 0xEEEE, 2534, 0003, 0.78652, 4.8670176
7924814, 0xEEEE, 2535, 0003, 0.78974, 4.8403143
7927972, 0xEEEE, 2536, 0004, 1.18381, 4.8604562
7931081, 0xEEEE, 2537, 0004, 1.18381, 4.8657206
7934200, 0xEEEE, 2538, 0005, 1.57949, 4.8557259
7937326, 0xEEEE, 2539, 0005, 1.97355, 4.8682383
7940451, 0xEEEE, 2540, 0006, 1.99048, 4.8424506
7943585, 0xEEEE, 2541, 0006, 1.97355, 4.8533608
7946701, 0xEEEE, 2542, 0007, 2.36681, 4.8586252
7949814, 0xEEEE, 2543, 0007, 2.36681, 4.8612955
7952939, 0xEEEE, 2544, 0007, 2.54088, 4.8749523
7956070, 0xEEEE, 2545, 0007, 2.56505, 4.8477150
7959189, 0xEEEE, 2546, 0006, 2.54974, 4.8523690
7962314, 0xEEEE, 2547, 0006, 2.36762, 4.8513008
7965440, 0xEEEE, 2548, 0005, 2.36762, 4.8604562
7968565, 0xEEEE, 2549, 0005, 2.36681, 4.8736553
7971695, 0xEEEE, 2550, 0004, 1.97839, 4.8499275
7974823, 0xEEEE, 2551, 0004, 1.97355, 4.8577859
7977948, 0xEEEE, 2552, 0003, 1.57868, 4.8522927
7981079, 0xEEEE, 2553, 0003, 1.58835, 4.8608377
7984198, 0xEEEE, 2554, 0002, 1.18462, 4.8783856
7987323, 0xEEEE, 2555, 0002, 1.18300, 4.8554971
7990460, 0xEEEE, 2556, 0001, 0.78894, 4.8438239
7993565, 0xEEEE, 2557, 0001, 0.78974, 4.8336767
7996689, 0xEEEE, 2558, 0000, 0.39568, 4.8516060
7999814, 0xEEEE, 2559, 0000, 0.39326, 4.8722057
8002939, 0xEEEE, 2560, 0000, 0.01128, 4.8559548
8006070, 0xEEEE, 2561, 0000, 0.01128, 4.8686961
8009189, 0xEEEE, 2562, 0001, 0.01209, 4.8377966
8012314, 0xEEEE, 2563, 0001, 0.01128, 4.8664836
8015448, 0xEEEE, 2564, 0002, 0.39407, 4.8722820
8018576, 0xEEEE, 2565, 0002, 0.39326, 4.8516060
8021701, 0xEEEE, 2566, 0003, 0.78974, 4.8701457
8024826, 0xEEEE, 2567, 0003, 0.78813, 4.8513008
8027980, 0xEEEE, 2568, 0004, 1.18220, 4.8584726
8031081, 0xEEEE, 2569, 0004, 1.55370, 4.8678569
8034201, 0xEEEE, 2570, 0005, 1.57949, 4.8627451
8037314, 0xEEEE, 2571, 0005, 1.57949, 4.8703746
8040440, 0xEEEE, 2572, 0006, 1.97355, 4.8374914
8043565, 0xEEEE, 2573, 0006, 1.97275, 4.8525978
8046689, 0xEEEE, 2574, 0007, 2.36762, 4.8616007
8049814, 0xEEEE, 2575, 0007, 2.36762, 4.8552682
8052939, 0xEEEE, 2576, 0007, 2.55216, 4.8727398
8056070, 0xEEEE, 2577, 0007, 2.54168, 4.8470283
8059190, 0xEEEE, 2578, 0006, 2.54007, 4.8543526
8062323, 0xEEEE, 2579, 0006, 2.55619, 4.8570230
8065449, 0xEEEE, 2580, 0005, 2.36762, 4.8641184
8068574, 0xEEEE, 2581, 0005, 2.36762, 4.8776226
8071699, 0xEEEE, 2582, 0004, 2.00901, 4.8410010
8074834, 0xEEEE, 2583, 0004, 1.97114, 4.8584726
8077948, 0xEEEE, 2584, 0003, 1.57868, 4.8496986
8081078, 0xEEEE, 2585, 0003, 1.18703, 4.8624399
8084189, 0xEEEE, 2586, 0002, 1.18300, 4.8734264
8087323, 0xEEEE, 2587, 0002, 1.20234, 4.8451972
8090440, 0xEEEE, 2588, 0001, 0.78733, 4.8582437
8093565, 0xEEEE, 2589, 0001, 0.79780, 4.8377966
8096689, 0xEEEE, 2590, 0000, 0.34330, 4.8569467
8099814, 0xEEEE, 2591, 0000, 0.39407, 4.8744945
8102940, 0xEEEE, 2592, 0000, 0.01128, 4.8517586
8106081, 0xEEEE, 2593, 0000, 0.01209, 4.8694591
8109200, 0xEEEE, 2594, 0001, 0.01128, 4.8426795
8112331, 0xEEEE, 2595, 0001, 0.01048, 4.8581674
8115452, 0xEEEE, 2596, 0002, 0.39245, 4.8712902
8118576, 0xEEEE, 2597, 0002, 0.39245, 4.8558022
8121701, 0xEEEE, 2598, 0003, 0.80103, 4.8634318
8124825, 0xEEEE, 2599, 0003, 0.78813, 4.8421454
8127972, 0xEEEE, 2600, 0004, 1.20234, 4.8574044
8131070, 0xEEEE, 2601, 0004, 1.57949, 4.8660258
8134189, 0xEEEE, 2602, 0005, 1.58190, 4.8589303
8137314, 0xEEEE, 2603, 0005, 1.57949, 4.8667887
8140440, 0xEEEE, 2604, 0006, 1.97275, 4.8413825
8143565, 0xEEEE, 2605, 0006, 1.95582, 4.8650340
8146689, 0xEEEE, 2606, 0007, 2.36520, 4.8548867
8149823, 0xEEEE, 2607, 0007, 2.36762, 4.8582437
8152948, 0xEEEE, 2608, 0007, 2.55136, 4.8723583
8156078, 0xEEEE, 2609, 0007, 2.55216, 4.8426032
8159208, 0xEEEE, 2610, 0006, 2.55216, 4.8575570
8162323, 0xEEEE, 2611, 0006, 2.57070, 4.8606851
8165449, 0xEEEE, 2612, 0005, 2.36520, 4.8509957
8168574, 0xEEEE, 2613, 0005, 2.36681, 4.8746471
8171699, 0xEEEE, 2614, 0004, 1.97355, 4.8477913
8174814, 0xEEEE, 2615, 0004, 1.57546, 4.8639658
8177939, 0xEEEE, 2616, 0003, 1.57788, 4.8543526
8181070, 0xEEEE, 2617, 0003, 1.57868, 4.8667887
8184189, 0xEEEE, 2618, 0002, 1.17897, 4.8740368
8187314, 0xEEEE, 2619, 0002, 1.18300, 4.8419165
8190445, 0xEEEE, 2620, 0001, 0.78813, 4.8577096
8193575, 0xEEEE, 2621, 0001, 0.78894, 4.8439765
8196701, 0xEEEE, 2622, 0000, 0.39326, 4.8493172
8199825, 0xEEEE, 2623, 0000, 0.01209, 4.8744182
8202951, 0xEEEE, 2624, 0000, 0.01209, 4.8490120
8206081, 0xEEEE, 2625, 0000, 0.01209, 4.8604562
8209201, 0xEEEE, 2626, 0001, 0.01128, 4.8415351
8212326, 0xEEEE, 2627, 0001, 0.01128, 4.8671702
8215440, 0xEEEE, 2628, 0002, 0.39326, 4.8717479
8218576, 0xEEEE, 2629, 0002, 0.41099, 4.8509194
8221689, 0xEEEE, 2630, 0003, 0.78974, 4.8677043
8224814, 0xEEEE, 2631, 0003, 1.18381, 4.8426032
8227961, 0xEEEE, 2632, 0004, 1.18220, 4.8551156
8231070, 0xEEEE, 2633, 0004, 1.18220, 4.8680858
8234189, 0xEEEE, 2634, 0005, 1.57788, 4.8564889
8237318, 0xEEEE, 2635, 0005, 1.57465, 4.8719768
8240449, 0xEEEE, 2636, 0006, 1.97355, 4.8337530
8243575, 0xEEEE, 2637, 0006, 1.97355, 4.8539712
8246699, 0xEEEE, 2638, 0007, 2.37890, 4.8601511
8249824, 0xEEEE, 2639, 0007, 2.55297, 4.8603037
8252949, 0xEEEE, 2640, 0007, 2.55136, 4.8719768
8256087, 0xEEEE, 2641, 0007, 2.55216, 4.8532845
8259189, 0xEEEE, 2642, 0006, 2.55216, 4.8547341
8262314, 0xEEEE, 2643, 0006, 2.56505, 4.8532845
8265440, 0xEEEE, 2644, 0005, 2.36359, 4.8608377
8268565, 0xEEEE, 2645, 0005, 2.37084, 4.8723583
8271689, 0xEEEE, 2646, 0004, 1.97355, 4.8460365
8274814, 0xEEEE, 2647, 0004, 1.54000, 4.8633555
8277939, 0xEEEE, 2648, 0003, 1.57385, 4.8481727
8281073, 0xEEEE, 2649, 0003, 1.57949, 4.8647288
8284200, 0xEEEE, 2650, 0002, 1.18220, 4.8754864
8287325, 0xEEEE, 2651, 0002, 1.18300, 4.8526741
8290451, 0xEEEE, 2652, 0001, 0.78733, 4.8597696
8293577, 0xEEEE, 2653, 0001, 0.78894, 4.8407721
8296702, 0xEEEE, 2654, 0000, 0.39245, 4.8698405
8299826, 0xEEEE, 2655, 0000, 0.39326, 4.8728161
8302961, 0xEEEE, 2656, 0000, 0.01128, 4.8477913
8306070, 0xEEEE, 2657, 0000, 0.01209, 4.8640421
8309189, 0xEEEE, 2658, 0001, 0.01209, 4.8393988
8312314, 0xEEEE, 2659, 0001, 0.01451, 4.8603037
8315440, 0xEEEE, 2660, 0002, 0.39004, 4.8682383
8318565, 0xEEEE, 2661, 0002, 0.39245, 4.8532082
8321689, 0xEEEE, 2662, 0003, 0.78733, 4.8696880
8324814, 0xEEEE, 2663, 0003, 0.78894, 4.8419928
8327970, 0xEEEE, 2664, 0004, 1.18220, 4.8471046
8331079, 0xEEEE, 2665, 0004, 1.18542, 4.8680858
8334198, 0xEEEE, 2666, 0005, 1.57949, 4.8587778
8337324, 0xEEEE, 2667, 0005, 1.56176, 4.8693065
8340457, 0xEEEE, 2668, 0006, 1.97275, 4.8419928
8343574, 0xEEEE, 2669, 0006, 2.36681, 4.8583963
8346698, 0xEEEE, 2670, 0007, 2.39179, 4.8625162
8349814, 0xEEEE, 2671, 0007, 2.36117, 4.8656443
8352939, 0xEEEE, 2672, 0007, 2.55216, 4.8677043
8356070, 0xEEEE, 2673, 0007, 2.55216, 4.8477913
8359189, 0xEEEE, 2674, 0006, 2.55216, 4.8568704
8362314, 0xEEEE, 2675, 0006, 2.55297, 4.8583200
8365440, 0xEEEE, 2676, 0005, 2.33297, 4.8548104
8368565, 0xEEEE, 2677, 0005, 1.97033, 4.8752575
8371701, 0xEEEE, 2678, 0004, 1.97597, 4.8531319
8374825, 0xEEEE, 2679, 0004, 1.97355, 4.8586252
8377950, 0xEEEE, 2680, 0003, 1.58916, 4.8453498
8381081, 0xEEEE, 2681, 0003, 1.57949, 4.8711376
8384201, 0xEEEE, 2682, 0002, 1.17736, 4.8751812
8387336, 0xEEEE, 2683, 0002, 1.18381, 4.8527504
8390452, 0xEEEE, 2684, 0001, 0.79538, 4.8593118
8393565, 0xEEEE, 2685, 0001, 0.39165, 4.8409247
8396689, 0xEEEE, 2686, 0000, 0.39326, 4.8538186
8399814, 0xEEEE, 2687, 0000, 0.37795, 4.8744182
8402939, 0xEEEE, 2688, 0000, 0.01128, 4.8445106
8406069, 0xEEEE, 2689, 0000, 0.01209, 4.8628977
8409189, 0xEEEE, 2690, 0001, 0.01128, 4.8381781
8412314, 0xEEEE, 2691, 0001, 0.01209, 4.8574807
8415447, 0xEEEE, 2692, 0002, 0.39648, 4.8738842
8418574, 0xEEEE, 2693, 0002, 0.79538, 4.8511482
8421698, 0xEEEE, 2694, 0003, 0.78813, 4.8693065
8424830, 0xEEEE, 2695, 0003, 0.77846, 4.8424506
8427969, 0xEEEE, 2696, 0004, 1.18381, 4.8509194
8431078, 0xEEEE, 2697, 0004, 1.17333, 4.8706798
8434198, 0xEEEE, 2698, 0005, 1.57949, 4.8495460
8437314, 0xEEEE, 2699, 0005, 1.57788, 4.8717479
8440440, 0xEEEE, 2700, 0006, 1.97275, 4.8367285
8443565, 0xEEEE, 2701, 0006, 2.36601, 4.8616770
8446689, 0xEEEE, 2702, 0007, 2.36762, 4.8651102
8449814, 0xEEEE, 2703, 0007, 2.38535, 4.8554208
8452939, 0xEEEE, 2704, 0007, 2.55458, 4.8730449
8456070, 0xEEEE, 2705, 0007, 2.55377, 4.8494697
8459196, 0xEEEE, 2706, 0006, 2.55297, 4.8493935
8462325, 0xEEEE, 2707, 0006, 2.55136, 4.8533608
8465451, 0xEEEE, 2708, 0005, 2.36842, 4.8601511
8468576, 0xEEEE, 2709, 0005, 2.34586, 4.8763256
8471710, 0xEEEE, 2710, 0004, 1.97436, 4.8467231
8474826, 0xEEEE, 2711, 0004, 1.97355, 4.8627451
8477950, 0xEEEE, 2712, 0003, 1.59641, 4.8531319
8481081, 0xEEEE, 2713, 0003, 1.58029, 4.8585489
8484197, 0xEEEE, 2714, 0002, 1.18300, 4.8770123
8487314, 0xEEEE, 2715, 0002, 0.78733, 4.8377966
8490440, 0xEEEE, 2716, 0001, 0.78813, 4.8667887
8493565, 0xEEEE, 2717, 0001, 0.78894, 4.8520638
8496689, 0xEEEE, 2718, 0000, 0.39648, 4.8603799
8499814, 0xEEEE, 2719, 0000, 0.39165, 4.8745708
8502941, 0xEEEE, 2720, 0000, 0.01128, 4.8524453
8506078, 0xEEEE, 2721, 0000, 0.01128, 4.8588540
8509198, 0xEEEE, 2722, 0001, 0.01451, 4.8472572
8512324, 0xEEEE, 2723, 0001, 0.39245, 4.8515297
8515449, 0xEEEE, 2724, 0002, 0.36425, 4.8735790
8518574, 0xEEEE, 2725, 0002, 0.39245, 4.8503090
8521699, 0xEEEE, 2726, 0003, 0.79297, 4.8667887
8524814, 0xEEEE, 2727, 0003, 0.77201, 4.8384833
8527970, 0xEEEE, 2728, 0004, 1.18220, 4.8596933
8531081, 0xEEEE, 2729, 0004, 1.21040, 4.8729686
8534189, 0xEEEE, 2730, 0005, 1.57949, 4.8536660
8537314, 0xEEEE, 2731, 0005, 2.02432, 4.8731975
8540440, 0xEEEE, 2732, 0006, 1.96549, 4.8411536
8543565, 0xEEEE, 2733, 0006, 1.97436, 4.8542763
8546691, 0xEEEE, 2734, 0007, 2.36762, 4.8627451
8549825, 0xEEEE, 2735, 0007, 2.36762, 4.8617533
8552950, 0xEEEE, 2736, 0007, 2.55458, 4.8689250
8556089, 0xEEEE, 2737, 0007, 2.55377, 4.8289464
8559202, 0xEEEE, 2738, 0006, 2.55136, 4.8578622
8562325, 0xEEEE, 2739, 0006, 2.36842, 4.8581674
8565451, 0xEEEE, 2740, 0005, 2.36681, 4.8583963
8568584, 0xEEEE, 2741, 0005, 2.36762, 4.8764782
8571690, 0xEEEE, 2742, 0004, 1.97033, 4.8413825
8574814, 0xEEEE, 2743, 0004, 1.97275, 4.8524453
8577939, 0xEEEE, 2744, 0003, 1.57788, 4.8619821
8581070, 0xEEEE, 2745, 0003, 1.56740, 4.8597696
8584189, 0xEEEE, 2746, 0002, 1.18462, 4.8751812
8587314, 0xEEEE, 2747, 0002, 0.78974, 4.8480964
8590445, 0xEEEE, 2748, 0001, 0.78813, 4.8655680
8593574, 0xEEEE, 2749, 0001, 0.78974, 4.8488594
8596699, 0xEEEE, 2750, 0000, 0.38842, 4.8496223
8599823, 0xEEEE, 2751, 0000, 0.39245, 4.8737316
8602949, 0xEEEE, 2752, 0000, 0.01209, 4.8461891
8606079, 0xEEEE, 2753, 0000, 0.01209, 4.8630503
8609198, 0xEEEE, 2754, 0001, 0.01209, 4.8425269
8612323, 0xEEEE, 2755, 0001, 0.20227, 4.8567941
8615460, 0xEEEE, 2756, 0002, 0.39326, 4.8708324
8618565, 0xEEEE, 2757, 0002, 0.39245, 4.8668650
8621689, 0xEEEE, 2758, 0003, 0.78652, 4.8591592
8624814, 0xEEEE, 2759, 0003, 0.78813, 4.8460365
8627961, 0xEEEE, 2760, 0004, 1.18542, 4.8493172
8631070, 0xEEEE, 2761, 0004, 1.18300, 4.8653391
8634189, 0xEEEE, 2762, 0005, 1.57949, 4.8574044
8637324, 0xEEEE, 2763, 0005, 1.57788, 4.8678569
8640451, 0xEEEE, 2764, 0006, 1.96469, 4.8425269
8643576, 0xEEEE, 2765, 0006, 1.97678, 4.8525216
8646701, 0xEEEE, 2766, 0007, 2.36681, 4.8620584
8649826, 0xEEEE, 2767, 0007, 2.36681, 4.8519112
8652959, 0xEEEE, 2768, 0007, 2.55377, 4.8716716
8656081, 0xEEEE, 2769, 0007, 2.54894, 4.8472572
8659189, 0xEEEE, 2770, 0006, 2.55216, 4.8545815
8662314, 0xEEEE, 2771, 0006, 2.55458, 4.8601511
8665440, 0xEEEE, 2772, 0005, 2.36842, 4.8664836
8668565, 0xEEEE, 2773, 0005, 2.36681, 4.8772412
8671689, 0xEEEE, 2774, 0004, 1.95341, 4.8467231
8674814, 0xEEEE, 2775, 0004, 1.97436, 4.8558785
8677939, 0xEEEE, 2776, 0003, 1.57868, 4.8583963
8681074, 0xEEEE, 2777, 0003, 1.17817, 4.8590066
8684198, 0xEEEE, 2778, 0002, 1.18381, 4.8755627
8687323, 0xEEEE, 2779, 0002, 1.18864, 4.8471046
8690449, 0xEEEE, 2780, 0001, 0.78813, 4.8622110
8693574, 0xEEEE, 2781, 0001, 0.78330, 4.8469520
8696699, 0xEEEE, 2782, 0000, 0.40051, 4.8599985
8699834, 0xEEEE, 2783, 0000, 0.39245, 4.8801404
8702939, 0xEEEE, 2784, 0000, 0.01209, 4.8496223
8706070, 0xEEEE, 2785, 0000, 0.01370, 4.8676280
8709189, 0xEEEE, 2786, 0001, 0.01209, 4.8469520
8712314, 0xEEEE, 2787, 0001, 0.01209, 4.8576333
8715440, 0xEEEE, 2788, 0002, 0.39487, 4.8696880
8718565, 0xEEEE, 2789, 0002, 0.39326, 4.8567178
8721689, 0xEEEE, 2790, 0003, 0.79619, 4.8695354
8724819, 0xEEEE, 2791, 0003, 0.78894, 4.8423743
8727972, 0xEEEE, 2792, 0004, 1.17656, 4.8553445
8731081, 0xEEEE, 2793, 0004, 1.57949, 4.8670176
8734201, 0xEEEE, 2794, 0005, 1.60286, 4.8577096
8737333, 0xEEEE, 2795, 0005, 1.57949, 4.8745708
8740451, 0xEEEE, 2796, 0006, 2.02352, 4.8447395
8743576, 0xEEEE, 2797, 0006, 1.96469, 4.8593118
8746690, 0xEEEE, 2798, 0007, 2.36681, 4.8656443
8749814, 0xEEEE, 2799, 0007, 2.36762, 4.8508431
8752940, 0xEEEE, 2800, 0007, 2.55216, 4.8724346
8756070, 0xEEEE, 2801, 0007, 2.55297, 4.8426795
8759189, 0xEEEE, 2802, 0006, 2.51751, 4.8495460
8762314, 0xEEEE, 2803, 0006, 2.54974, 4.8540475
8765440, 0xEEEE, 2804, 0005, 2.36681, 4.8554971
8768566, 0xEEEE, 2805, 0005, 2.36842, 4.8749523
8771699, 0xEEEE, 2806, 0004, 1.97355, 4.8391699
8774823, 0xEEEE, 2807, 0004, 1.98081, 4.8599222
8777948, 0xEEEE, 2808, 0003, 1.57788, 4.8551156
8781079, 0xEEEE, 2809, 0003, 1.58352, 4.8583963
8784209, 0xEEEE, 2810, 0002, 1.18139, 4.8755627
8787323, 0xEEEE, 2811, 0002, 1.19106, 4.8479438
8790440, 0xEEEE, 2812, 0001, 0.78813, 4.8570230
8793565, 0xEEEE, 2813, 0001, 0.78813, 4.8471809
8796697, 0xEEEE, 2814, 0000, 0.39326, 4.8577859
8799814, 0xEEEE, 2815, 0000, 0.01209, 4.8741131
8802939, 0xEEEE, 2816, 0000, 0.01209, 4.8480964
8806070, 0xEEEE, 2817, 0000, 0.01209, 4.8641947
8809189, 0xEEEE, 2818, 0001, 0.01128, 4.8416876
8812315, 0xEEEE, 2819, 0001, 0.01128, 4.8631266
8815451, 0xEEEE, 2820, 0002, 0.39245, 4.8759442
8818576, 0xEEEE, 2821, 0002, 0.39165, 4.8548104
8821705, 0xEEEE, 2822, 0003, 0.84132, 4.8693828
8824826, 0xEEEE, 2823, 0003, 1.18300, 4.8439002
8827972, 0xEEEE, 2824, 0004, 1.22652, 4.8568704
8831081, 0xEEEE, 2825, 0004, 1.18220, 4.8746471
8834201, 0xEEEE, 2826, 0005, 1.57788, 4.8480964
8837314, 0xEEEE, 2827, 0005, 1.58110, 4.8700694
8840440, 0xEEEE, 2828, 0006, 1.97436, 4.8473335
8843565, 0xEEEE, 2829, 0006, 1.97436, 4.8510719
8846689, 0xEEEE, 2830, 0007, 2.36278, 4.8660258
8849814, 0xEEEE, 2831, 0007, 2.55216, 4.8542000
8852939, 0xEEEE, 2832, 0007, 2.55216, 4.8703746
8856070, 0xEEEE, 2833, 0007, 2.55216, 4.8359655
8859198, 0xEEEE, 2834, 0006, 2.55216, 4.8593118
8862323, 0xEEEE, 2835, 0006, 2.50945, 4.8574807
8865449, 0xEEEE, 2836, 0005, 2.37326, 4.8644236
8868583, 0xEEEE, 2837, 0005, 2.36842, 4.8769360
8871699, 0xEEEE, 2838, 0004, 1.97355, 4.8445106
8874824, 0xEEEE, 2839, 0004, 1.57949, 4.8535134
8877948, 0xEEEE, 2840, 0003, 1.58110, 4.8558785
8881086, 0xEEEE, 2841, 0003, 1.57868, 4.8583200
8884189, 0xEEEE, 2842, 0002, 1.18381, 4.8734264
8887314, 0xEEEE, 2843, 0002, 1.18381, 4.8444343
8890440, 0xEEEE, 2844, 0001, 0.78733, 4.8555734
8893565, 0xEEEE, 2845, 0001, 0.78813, 4.8413062
8896689, 0xEEEE, 2846, 0000, 0.39245, 4.8558785
8899814, 0xEEEE, 2847, 0000, 0.01128, 4.8752575
8902947, 0xEEEE, 2848, 0000, 0.01209, 4.8430610
8906081, 0xEEEE, 2849, 0000, 0.01128, 4.8701457
8909200, 0xEEEE, 2850, 0001, 0.01209, 4.8421454
8912325, 0xEEEE, 2851, 0001, 0.01370, 4.8719005
8915451, 0xEEEE, 2852, 0002, 0.39326, 4.8698405
8918576, 0xEEEE, 2853, 0002, 0.39245, 4.8574807
8921701, 0xEEEE, 2854, 0003, 0.78813, 4.8657206
8924815, 0xEEEE, 2855, 0003, 1.18220, 4.8411536
8927983, 0xEEEE, 2856, 0004, 1.18300, 4.8539712
8931070, 0xEEEE, 2857, 0004, 1.18139, 4.8659495
8934189, 0xEEEE, 2858, 0005, 1.57868, 4.8683146
8937314, 0xEEEE, 2859, 0005, 1.56418, 4.8699168
8940440, 0xEEEE, 2860, 0006, 1.97436, 4.8444343
8943565, 0xEEEE, 2861, 0006, 1.97436, 4.8393225
8946692, 0xEEEE, 2862, 0007, 2.40388, 4.8610666
8949822, 0xEEEE, 2863, 0007, 2.37165, 4.8559548
8952948, 0xEEEE, 2864, 0007, 2.55458, 4.8706035
8956078, 0xEEEE, 2865, 0007, 2.55297, 4.8520638
8959198, 0xEEEE, 2866, 0006, 2.55297, 4.8540475
8962323, 0xEEEE, 2867, 0006, 2.55297, 4.8556497
8965456, 0xEEEE, 2868, 0005, 2.35311, 4.8615244
8968565, 0xEEEE, 2869, 0005, 1.97275, 4.8741894
8971689, 0xEEEE, 2870, 0004, 1.97275, 4.8542763
8974814, 0xEEEE, 2871, 0004, 1.97275, 4.8442817
8977939, 0xEEEE, 2872, 0003, 1.56418, 4.8511482
8981069, 0xEEEE, 2873, 0003, 1.58029, 4.8545815
8984189, 0xEEEE, 2874, 0002, 1.19267, 4.8776226
8987314, 0xEEEE, 2875, 0002, 1.18300, 4.8496223
8990448, 0xEEEE, 2876, 0001, 0.78733, 4.8538949
8993576, 0xEEEE, 2877, 0001, 0.39326, 4.8425269
8996701, 0xEEEE, 2878, 0000, 0.39407, 4.8553445
8999826, 0xEEEE, 2879, 0000, 0.39890, 4.8751812
9002951, 0xEEEE, 2880, 0000, 0.01209, 4.8424506
9006081, 0xEEEE, 2881, 0000, 0.01128, 4.8616770
9009201, 0xEEEE, 2882, 0001, 0.01128, 4.8342870
9012336, 0xEEEE, 2883, 0001, 0.01209, 4.8621347
9015440, 0xEEEE, 2884, 0002, 0.39084, 4.8732738
9018565, 0xEEEE, 2885, 0002, 0.77443, 4.8455787
9021689, 0xEEEE, 2886, 0003, 0.78813, 4.8651865
9024814, 0xEEEE, 2887, 0003, 0.79216, 4.8502327
9027961, 0xEEEE, 2888, 0004, 1.18300, 4.8596933
9031070, 0xEEEE, 2889, 0004, 1.17414, 4.8654917
9034189, 0xEEEE, 2890, 0005, 1.57788, 4.8551919
9037323, 0xEEEE, 2891, 0005, 1.57868, 4.8756390
9040449, 0xEEEE, 2892, 0006, 1.97597, 4.8466468
9043573, 0xEEEE, 2893, 0006, 2.36681, 4.8567178
9046699, 0xEEEE, 2894, 0007, 2.36762, 4.8667887
9049831, 0xEEEE, 2895, 0007, 2.34747, 4.8623636
9052948, 0xEEEE, 2896, 0007, 2.55136, 4.8669413
9056079, 0xEEEE, 2897, 0007, 2.55216, 4.8411536
9059189, 0xEEEE, 2898, 0006, 2.55216, 4.8491646
9062314, 0xEEEE, 2899, 0006, 2.55297, 4.8580911
9065440, 0xEEEE, 2900, 0005, 2.36762, 4.8626688
9068565, 0xEEEE, 2901, 0005, 1.97355, 4.8761730
9071689, 0xEEEE, 2902, 0004, 1.97516, 4.8455024
9074814, 0xEEEE, 2903, 0004, 1.97275, 4.8494697
9077939, 0xEEEE, 2904, 0003, 1.57546, 4.8474098
9081081, 0xEEEE, 2905, 0003, 1.57707, 4.8660258
9084200, 0xEEEE, 2906, 0002, 1.15641, 4.8755627
9087325, 0xEEEE, 2907, 0002, 1.18462, 4.8480201
9090451, 0xEEEE, 2908, 0001, 0.71641, 4.8570230
9093576, 0xEEEE, 2909, 0001, 0.78813, 4.8470283
9096712, 0xEEEE, 2910, 0000, 0.38117, 4.8671702
9099826, 0xEEEE, 2911, 0000, 0.43436, 4.8735790
9102939, 0xEEEE, 2912, 0000, 0.01209, 4.8434424
9106070, 0xEEEE, 2913, 0000, 0.01209, 4.8643473
9109189, 0xEEEE, 2914, 0001, 0.01451, 4.8395514
9112314, 0xEEEE, 2915, 0001, 0.39245, 4.8561837
9115440, 0xEEEE, 2916, 0002, 0.37311, 4.8680095
9118565, 0xEEEE, 2917, 0002, 0.39245, 4.8564889
9121689, 0xEEEE, 2918, 0003, 0.78571, 4.8696117
9124820, 0xEEEE, 2919, 0003, 0.77846, 4.8452735
9127969, 0xEEEE, 2920, 0004, 1.18381, 4.8587015
9131078, 0xEEEE, 2921, 0004, 1.16689, 4.8652628
9134205, 0xEEEE, 2922, 0005, 1.57949, 4.8627451
9137323, 0xEEEE, 2923, 0005, 1.99370, 4.8659495
9140449, 0xEEEE, 2924, 0006, 1.98161, 4.8428321
9143574, 0xEEEE, 2925, 0006, 1.97436, 4.8658732
9146690, 0xEEEE, 2926, 0007, 2.36762, 4.8577096
9149814, 0xEEEE, 2927, 0007, 2.36762, 4.8513008
9152939, 0xEEEE, 2928, 0007, 2.55297, 4.8696880
9156070, 0xEEEE, 2929, 0007, 2.55780, 4.8413825
9159189, 0xEEEE, 2930, 0006, 2.55297, 4.8422980
9162314, 0xEEEE, 2931, 0006, 2.36762, 4.8530556
9165441, 0xEEEE, 2932, 0005, 2.36842, 4.8671702
9168571, 0xEEEE, 2933, 0005, 2.42081, 4.8743420
9171700, 0xEEEE, 2934, 0004, 1.96066, 4.8455024
9174825, 0xEEEE, 2935, 0004, 1.97355, 4.8644999
9177951, 0xEEEE, 2936, 0003, 1.53516, 4.8582437
9181090, 0xEEEE, 2937, 0003, 1.57223, 4.8577096
9184201, 0xEEEE, 2938, 0002, 1.18220, 4.8742657
9187326, 0xEEEE, 2939, 0002, 0.78974, 4.8490883
9190440, 0xEEEE, 2940, 0001, 0.78813, 4.8604562
9193573, 0xEEEE, 2941, 0001, 0.78813, 4.8422217
9196689, 0xEEEE, 2942, 0000, 0.39407, 4.8555734
9199814, 0xEEEE, 2943, 0000, 0.39245, 4.8707561
9202939, 0xEEEE, 2944, 0000, 0.01209, 4.8484016
9206069, 0xEEEE, 2945, 0000, 0.01209, 4.8603037
9209189, 0xEEEE, 2946, 0001, 0.01128, 4.8448157
9212315, 0xEEEE, 2947, 0001, 0.39084, 4.8635080
9215448, 0xEEEE, 2948, 0002, 0.39326, 4.8722057
9218574, 0xEEEE, 2949, 0002, 0.39245, 4.8515297
9221699, 0xEEEE, 2950, 0003, 0.79055, 4.8600748
9224824, 0xEEEE, 2951, 0003, 0.78813, 4.8364233
9227971, 0xEEEE, 2952, 0004, 1.18462, 4.8607614
9231078, 0xEEEE, 2953, 0004, 1.18462, 4.8671702
9234189, 0xEEEE, 2954, 0005, 1.57626, 4.8525978
9237314, 0xEEEE, 2955, 0005, 1.97436, 4.8680095
9240450, 0xEEEE, 2956, 0006, 1.97114, 4.8477913
9243565, 0xEEEE, 2957, 0006, 1.97194, 4.8387884
9246689, 0xEEEE, 2958, 0007, 2.36762, 4.8635080
9249814, 0xEEEE, 2959, 0007, 2.36762, 4.8503853
9252939, 0xEEEE, 2960, 0007, 2.55136, 4.8744945
9256070, 0xEEEE, 2961, 0007, 2.53766, 4.8451209
9259201, 0xEEEE, 2962, 0006, 2.54491, 4.8561837
9262325, 0xEEEE, 2963, 0006, 2.54974, 4.8577096
9265459, 0xEEEE, 2964, 0005, 2.36762, 4.8560311
9268577, 0xEEEE, 2965, 0005, 2.36601, 4.8783856
9271701, 0xEEEE, 2966, 0004, 1.95260, 4.8456550
9274826, 0xEEEE, 2967, 0004, 1.96952, 4.8578622
9277959, 0xEEEE, 2968, 0003, 1.57868, 4.8531319
9281070, 0xEEEE, 2969, 0003, 1.17978, 4.8632029
9284189, 0xEEEE, 2970, 0002, 1.18300, 4.8747997
9287314, 0xEEEE, 2971, 0002, 1.18542, 4.8428321
9290440, 0xEEEE, 2972, 0001, 0.78813, 4.8551156
9293565, 0xEEEE, 2973, 0001, 0.78410, 4.8470283
9296689, 0xEEEE, 2974, 0000, 0.37150, 4.8603037
9299814, 0xEEEE, 2975, 0000, 0.39326, 4.8763256
9302948, 0xEEEE, 2976, 0000, 0.01209, 4.8533608
9306078, 0xEEEE, 2977, 0000, 0.01451, 4.8618296
9309198, 0xEEEE, 2978, 0001, 0.01209, 4.8422217
9312323, 0xEEEE, 2979, 0001, 0.01209, 4.8571756
9315449, 0xEEEE, 2980, 0002, 0.39245, 4.8714427
9318574, 0xEEEE, 2981, 0002, 0.39245, 4.8513771
9321699, 0xEEEE, 2982, 0003, 0.78007, 4.8676280
9324834, 0xEEEE, 2983, 0003, 0.78813, 4.8406195
9327961, 0xEEEE, 2984, 0004, 1.18381, 4.8575570
9331070, 0xEEEE, 2985, 0004, 1.57868, 4.8667887
9334189, 0xEEEE, 2986, 0005, 1.59641, 4.8610666
9337314, 0xEEEE, 2987, 0005, 1.57868, 4.8689250
9340440, 0xEEEE, 2988, 0006, 1.97516, 4.8451972
9343565, 0xEEEE, 2989, 0006, 1.98000, 4.8534371
9346698, 0xEEEE, 2990, 0007, 2.36681, 4.8666361
9349825, 0xEEEE, 2991, 0007, 2.36762, 4.8616007
9352950, 0xEEEE, 2992, 0007, 2.55377, 4.8721294
9356081, 0xEEEE, 2993, 0007, 2.55538, 4.8459602
9359201, 0xEEEE, 2994, 0006, 2.58681, 4.8442817
9362334, 0xEEEE, 2995, 0006, 2.55619, 4.8570993
9365451, 0xEEEE, 2996, 0005, 2.36842, 4.8577859
9368565, 0xEEEE, 2997, 0005, 2.36923, 4.8725109
9371689, 0xEEEE, 2998, 0004, 1.97194, 4.8413062
9374814, 0xEEEE, 2999, 0004, 1.97355, 4.8436713
9377939, 0xEEEE, 3000, 0003, 1.57949, 4.8485542
9381070, 0xEEEE, 3001, 0003, 1.20154, 4.8726635
9384189, 0xEEEE, 3002, 0002, 1.18542, 4.8755627
9387314, 0xEEEE, 3003, 0002, 1.21685, 4.8522927
9390445, 0xEEEE, 3004, 0001, 0.78733, 4.8622873
9393573, 0xEEEE, 3005, 0001, 0.77604, 4.8493935
9396699, 0xEEEE, 3006, 0000, 0.39165, 4.8541238
9399824, 0xEEEE, 3007, 0000, 0.39165, 4.8728161
9402949, 0xEEEE, 3008, 0000, 0.01128, 4.8448920
9406078, 0xEEEE, 3009, 0000, 0.01128, 4.8575570
9409209, 0xEEEE, 3010, 0001, 0.01209, 4.8336004
9412314, 0xEEEE, 3011, 0001, 0.01048, 4.8551156
9415440, 0xEEEE, 3012, 0002, 0.39165, 4.8710613
9418565, 0xEEEE, 3013, 0002, 0.39245, 4.8607614
9421689, 0xEEEE, 3014, 0003, 0.81875, 4.8695354
9424814, 0xEEEE, 3015, 0003, 1.18381, 4.8398566
9427961, 0xEEEE, 3016, 0004, 1.15238, 4.8612192
9431070, 0xEEEE, 3017, 0004, 1.18300, 4.8704509
9434193, 0xEEEE, 3018, 0005, 1.57868, 4.8560311
9437325, 0xEEEE, 3019, 0005, 1.58029, 4.8725109
9440451, 0xEEEE, 3020, 0006, 1.97436, 4.8439765
9443576, 0xEEEE, 3021, 0006, 1.97355, 4.8607614
9446709, 0xEEEE, 3022, 0007, 2.37084, 4.8657969
9449826, 0xEEEE, 3023, 0007, 2.55377, 4.8519112
9452951, 0xEEEE, 3024, 0007, 2.55297, 4.8717479
9456081, 0xEEEE, 3025, 0007, 2.55216, 4.8443580
9459189, 0xEEEE, 3026, 0006, 2.55216, 4.8445869
9462314, 0xEEEE, 3027, 0006, 2.53524, 4.8564126
9465440, 0xEEEE, 3028, 0005, 2.36440, 4.8577859
9468565, 0xEEEE, 3029, 0005, 2.36681, 4.8745708
9471689, 0xEEEE, 3030, 0004, 1.97436, 4.8371099
9474814, 0xEEEE, 3031, 0004, 1.57143, 4.8582437
9477939, 0xEEEE, 3032, 0003, 1.57707, 4.8531319
9481078, 0xEEEE, 3033, 0003, 1.57788, 4.8596170
9484198, 0xEEEE, 3034, 0002, 1.20154, 4.8733501
9487322, 0xEEEE, 3035, 0002, 1.18381, 4.8508431
9490449, 0xEEEE, 3036, 0001, 0.78733, 4.8579385
9493585, 0xEEEE, 3037, 0001, 0.78813, 4.8487068
9496699, 0xEEEE, 3038, 0000, 0.39084, 4.8551156
9499823, 0xEEEE, 3039, 0000, 0.01128, 4.8740368
9502940, 0xEEEE, 3040, 0000, 0.01209, 4.8473335
9506078, 0xEEEE, 3041, 0000, 0.01128, 4.8551156
9509189, 0xEEEE, 3042, 0001, 0.01209, 4.8426795
9512314, 0xEEEE, 3043, 0001, 0.01289, 4.8630503
9515440, 0xEEEE, 3044, 0002, 0.39245, 4.8697642
9518565, 0xEEEE, 3045, 0002, 0.37714, 4.8516060
9521689, 0xEEEE, 3046, 0003, 0.78652, 4.8686961
9524825, 0xEEEE, 3047, 0003, 1.18300, 4.8426032
9527972, 0xEEEE, 3048, 0004, 1.18381, 4.8651865
9531084, 0xEEEE, 3049, 0004, 1.18300, 4.8685435
9534201, 0xEEEE, 3050, 0005, 1.58674, 4.8546578
9537326, 0xEEEE, 3051, 0005, 1.57465, 4.8706035
9540452, 0xEEEE, 3052, 0006, 1.97275, 4.8474098
9543576, 0xEEEE, 3053, 0006, 1.97275, 4.8543526
9546690, 0xEEEE, 3054, 0007, 2.39260, 4.8581674
9549814, 0xEEEE, 3055, 0007, 2.54813, 4.8595407
9552939, 0xEEEE, 3056, 0007, 2.55216, 4.8712902
9556070, 0xEEEE, 3057, 0007, 2.55297, 4.8394751
9559189, 0xEEEE, 3058, 0006, 2.55216, 4.8542000
9562314, 0xEEEE, 3059, 0006, 2.55216, 4.8558022
9565443, 0xEEEE, 3060, 0005, 2.34828, 4.8551919
9568572, 0xEEEE, 3061, 0005, 2.36842, 4.8740368
9571699, 0xEEEE, 3062, 0004, 1.97436, 4.8368811
9574823, 0xEEEE, 3063, 0004, 1.97436, 4.8623636
9577958, 0xEEEE, 3064, 0003, 1.58755, 4.8561074
9581079, 0xEEEE, 3065, 0003, 1.57868, 4.8547341
9584198, 0xEEEE, 3066, 0002, 1.17978, 4.8747234
9587323, 0xEEEE, 3067, 0002, 1.18300, 4.8422980
9590456, 0xEEEE, 3068, 0001, 0.78249, 4.8568704
9593565, 0xEEEE, 3069, 0001, 0.32396, 4.8446632
9596689, 0xEEEE, 3070, 0000, 0.39245, 4.8580911
9599814, 0xEEEE, 3071, 0000, 0.38762, 4.8725109
9602939, 0xEEEE, 3072, 0000, 0.01128, 4.8521401
9606070, 0xEEEE, 3073, 0000, 0.01128, 4.8667124
9609189, 0xEEEE, 3074, 0001, 0.01128, 4.8361944
9612321, 0xEEEE, 3075, 0001, 0.01128, 4.8608377
9615451, 0xEEEE, 3076, 0002, 0.39568, 4.8629740
9618576, 0xEEEE, 3077, 0002, 0.78894, 4.8529030
9621701, 0xEEEE, 3078, 0003, 0.78974, 4.8627451
9624826, 0xEEEE, 3079, 0003, 0.79136, 4.8356603
9627973, 0xEEEE, 3080, 0004, 1.18220, 4.8491646
9631081, 0xEEEE, 3081, 0004, 1.18784, 4.8648814
9634189, 0xEEEE, 3082, 0005, 1.57868, 4.8661021
9637325, 0xEEEE, 3083, 0005, 1.61253, 4.8674754
9640440, 0xEEEE, 3084, 0006, 1.97194, 4.8406958
9643565, 0xEEEE, 3085, 0006, 2.36762, 4.8643473
9646689, 0xEEEE, 3086, 0007, 2.36842, 4.8586252
9649814, 0xEEEE, 3087, 0007, 2.37245, 4.8524453
9652939, 0xEEEE, 3088, 0007, 2.55377, 4.8691539
9656071, 0xEEEE, 3089, 0007, 2.55055, 4.8390173
9659198, 0xEEEE, 3090, 0006, 2.55297, 4.8590066
9662323, 0xEEEE, 3091, 0006, 2.55216, 4.8542763
9665449, 0xEEEE, 3092, 0005, 2.36923, 4.8541238
9668574, 0xEEEE, 3093, 0005, 1.96711, 4.8710613
9671699, 0xEEEE, 3094, 0004, 1.97436, 4.8529030
9674831, 0xEEEE, 3095, 0004, 1.97436, 4.8638895
9677939, 0xEEEE, 3096, 0003, 1.58110, 4.8541238
9681070, 0xEEEE, 3097, 0003, 1.57949, 4.8605325
9684189, 0xEEEE, 3098, 0002, 1.18542, 4.8690776
9687314, 0xEEEE, 3099, 0002, 1.18139, 4.8401617
9690440, 0xEEEE, 3100, 0001, 0.77685, 4.8609903
9693565, 0xEEEE, 3101, 0001, 0.39245, 4.8471809
9696689, 0xEEEE, 3102, 0000, 0.39487, 4.8664836
9699816, 0xEEEE, 3103, 0000, 0.37392, 4.8688487
9702950, 0xEEEE, 3104, 0000, 0.01128, 4.8486305
9706081, 0xEEEE, 3105, 0000, 0.01209, 4.8687724
9709200, 0xEEEE, 3106, 0001, 0.01128, 4.8400855
9712326, 0xEEEE, 3107, 0001, 0.01128, 4.8586252
9715451, 0xEEEE, 3108, 0002, 0.39729, 4.8684672
9718576, 0xEEEE, 3109, 0002, 0.35136, 4.8562600
9721711, 0xEEEE, 3110, 0003, 0.78813, 4.8618296
9724814, 0xEEEE, 3111, 0003, 0.78652, 4.8315404
9727961, 0xEEEE, 3112, 0004, 1.18542, 4.8550393
9731070, 0xEEEE, 3113, 0004, 1.20879, 4.8633555
9734189, 0xEEEE, 3114, 0005, 1.57788, 4.8660258
9737314, 0xEEEE, 3115, 0005, 1.57868, 4.8668650
9740440, 0xEEEE, 3116, 0006, 1.97678, 4.8499275
9743565, 0xEEEE, 3117, 0006, 1.97355, 4.8632029
9746699, 0xEEEE, 3118, 0007, 2.36601, 4.8619821
9749823, 0xEEEE, 3119, 0007, 2.34344, 4.8602274
9752948, 0xEEEE, 3120, 0007, 2.54652, 4.8678569
9756079, 0xEEEE, 3121, 0007, 2.55297, 4.8461891
9759206, 0xEEEE, 3122, 0006, 2.55136, 4.8551919
9762324, 0xEEEE, 3123, 0006, 2.36762, 4.8525216
9765449, 0xEEEE, 3124, 0005, 2.36681, 4.8684672
9768565, 0xEEEE, 3125, 0005, 2.35070, 4.8694591
9771689, 0xEEEE, 3126, 0004, 1.98000, 4.8447395
9774814, 0xEEEE, 3127, 0004, 1.97275, 4.8545815
9777939, 0xEEEE, 3128, 0003, 1.59560, 4.8516823
9781070, 0xEEEE, 3129, 0003, 1.58110, 4.8635843
9784189, 0xEEEE, 3130, 0002, 1.18300, 4.8667124
9787314, 0xEEEE, 3131, 0002, 0.78813, 4.8571756
9790450, 0xEEEE, 3132, 0001, 0.78813, 4.8613718
9793576, 0xEEEE, 3133, 0001, 0.78894, 4.8413062
9796701, 0xEEEE, 3134, 0000, 0.41824, 4.8680095
9799826, 0xEEEE, 3135, 0000, 0.39407, 4.8675517
9802950, 0xEEEE, 3136, 0000, 0.01209, 4.8602274
9806092, 0xEEEE, 3137, 0000, 0.01209, 4.8645762
9809201, 0xEEEE, 3138, 0001, 0.01451, 4.8343633
9812314, 0xEEEE, 3139, 0001, 0.39326, 4.8706798
9815440, 0xEEEE, 3140, 0002, 0.35297, 4.8574807
9818565, 0xEEEE, 3141, 0002, 0.39245, 4.8626688
9821689, 0xEEEE, 3142, 0003, 0.78813, 4.8628977
9824814, 0xEEEE, 3143, 0003, 0.78894, 4.8453498
9827961, 0xEEEE, 3144, 0004, 1.18300, 4.8648814
9831070, 0xEEEE, 3145, 0004, 1.18381, 4.8579385
9834194, 0xEEEE, 3146, 0005, 1.57868, 4.8562600
9837323, 0xEEEE, 3147, 0005, 1.98081, 4.8654917
9840449, 0xEEEE, 3148, 0006, 1.98242, 4.8494697
9843580, 0xEEEE, 3149, 0006, 1.97436, 4.8673228
9846699, 0xEEEE, 3150, 0007, 2.36681, 4.8584726
9849824, 0xEEEE, 3151, 0007, 2.36762, 4.8580911
9852948, 0xEEEE, 3152, 0007, 2.53685, 4.8621347
9856079, 0xEEEE, 3153, 0007, 2.54249, 4.8399329
9859189, 0xEEEE, 3154, 0006, 2.55136, 4.8663310
9862314, 0xEEEE, 3155, 0006, 2.36762, 4.8431373
9865440, 0xEEEE, 3156, 0005, 2.36681, 4.8721294
9868565, 0xEEEE, 3157, 0005, 2.36923, 4.8677806
9871689, 0xEEEE, 3158, 0004, 1.97355, 4.8428321
9874814, 0xEEEE, 3159, 0004, 1.97516, 4.8627451
9877943, 0xEEEE, 3160, 0003, 1.57868, 4.8448157
9881081, 0xEEEE, 3161, 0003, 1.58432, 4.8704509
9884200, 0xEEEE, 3162, 0002, 1.18381, 4.8633555
9887326, 0xEEEE, 3163, 0002, 1.18139, 4.8527504
9890460, 0xEEEE, 3164, 0001, 0.78813, 4.8658732
9893576, 0xEEEE, 3165, 0001, 0.78894, 4.8465705
9896701, 0xEEEE, 3166, 0000, 0.38842, 4.8722820
9899814, 0xEEEE, 3167, 0000, 0.39245, 4.8647288
9902948, 0xEEEE, 3168, 0000, 0.01128, 4.8416114
9906070, 0xEEEE, 3169, 0000, 0.01128, 4.8636606
9909189, 0xEEEE, 3170, 0001, 0.01128, 4.8370336
9912314, 0xEEEE, 3171, 0001, 0.01209, 4.8711376
9915440, 0xEEEE, 3172, 0002, 0.39326, 4.8545052
9918565, 0xEEEE, 3173, 0002, 0.39245, 4.8554971
9921690, 0xEEEE, 3174, 0003, 0.78733, 4.8629740
9924823, 0xEEEE, 3175, 0003, 0.78894, 4.8326085
9927969, 0xEEEE, 3176, 0004, 1.18381, 4.8654917
9931078, 0xEEEE, 3177, 0004, 1.53839, 4.8591592
9934199, 0xEEEE, 3178, 0005, 1.58110, 4.8609140
9937323, 0xEEEE, 3179, 0005, 1.57868, 4.8651865
9940449, 0xEEEE, 3180, 0006, 1.97355, 4.8348211
9943574, 0xEEEE, 3181, 0006, 1.97678, 4.8677043
9946689, 0xEEEE, 3182, 0007, 2.36601, 4.8535897
9949825, 0xEEEE, 3183, 0007, 2.36762, 4.8676280
9952939, 0xEEEE, 3184, 0007, 2.55297, 4.8640421
9956070, 0xEEEE, 3185, 0007, 2.55700, 4.8439765
9959190, 0xEEEE, 3186, 0006, 2.54813, 4.8625925
9962314, 0xEEEE, 3187, 0006, 2.55136, 4.8476387
9965447, 0xEEEE, 3188, 0005, 2.36601, 4.8715953
9968576, 0xEEEE, 3189, 0005, 2.36681, 4.8627451
9971701, 0xEEEE, 3190, 0004, 1.99773, 4.8515297
9974831, 0xEEEE, 3191, 0004, 1.96872, 4.8603799
9977951, 0xEEEE, 3192, 0003, 1.57868, 4.8506142
9981082, 0xEEEE, 3193, 0003, 1.19106, 4.8670939
9984201, 0xEEEE, 3194, 0002, 1.18220, 4.8611429
9987334, 0xEEEE, 3195, 0002, 1.19348, 4.8608377
9990440, 0xEEEE, 3196, 0001, 0.78813, 4.8627451
9993565, 0xEEEE, 3197, 0001, 0.78249, 4.8467231
9996689, 0xEEEE, 3198, 0000, 0.39729, 4.8737316
9999814, 0xEEEE, 3199, 0000, 0.39407, 4.8698405
10002939, 0xEEEE, 3200, 0000, 0.01128, 4.8456550
10006070, 0xEEEE, 3201, 0000, 0.01451, 4.8625925
10009189, 0xEEEE, 3202, 0001, 0.01289, 4.8396277
10012322, 0xEEEE, 3203, 0001, 0.01209, 4.8678569
10015448, 0xEEEE, 3204, 0002, 0.44322, 4.8572519
10018574, 0xEEEE, 3205, 0002, 0.39165, 4.8597696
10021698, 0xEEEE, 3206, 0003, 0.77766, 4.8592355
10024823, 0xEEEE, 3207, 0003, 0.78813, 4.8384833
10027970, 0xEEEE, 3208, 0004, 1.17978, 4.8698405
10031078, 0xEEEE, 3209, 0004, 1.46344, 4.8587778
10034209, 0xEEEE, 3210, 0005, 1.55612, 4.8580148
10037314, 0xEEEE, 3211, 0005, 1.57949, 4.8594644
10040440, 0xEEEE, 3212, 0006, 2.02674, 4.8287938
10043565, 0xEEEE, 3213, 0006, 1.98564, 4.8599222
10046689, 0xEEEE, 3214, 0007, 2.36762, 4.8511482
10049814, 0xEEEE, 3215, 0007, 2.36601, 4.8720531
10052939, 0xEEEE, 3216, 0007, 2.55297, 4.8600748
10056076, 0xEEEE, 3217, 0007, 2.59487, 4.8358892
10059200, 0xEEEE, 3218, 0006, 2.53604, 4.8619821
10062325, 0xEEEE, 3219, 0006, 2.55941, 4.8445106
10065451, 0xEEEE, 3220, 0005, 2.36842, 4.8589303
10068576, 0xEEEE, 3221, 0005, 2.36762, 4.8607614
10071709, 0xEEEE, 3222, 0004, 1.97355, 4.8440528
10074826, 0xEEEE, 3223, 0004, 1.57546, 4.8621347
10077939, 0xEEEE, 3224, 0003, 1.57868, 4.8516823
10081070, 0xEEEE, 3225, 0003, 1.54967, 4.8732738
10084189, 0xEEEE, 3226, 0002, 1.18542, 4.8611429
10087314, 0xEEEE, 3227, 0002, 1.12821, 4.8575570
10090440, 0xEEEE, 3228, 0001, 0.78733, 4.8604562
10093565, 0xEEEE, 3229, 0001, 0.81473, 4.8397803
10096689, 0xEEEE, 3230, 0000, 0.39407, 4.8676280
10099817, 0xEEEE, 3231, 0000, 0.01128, 4.8609903
10102948, 0xEEEE, 3232, 0000, 0.01128, 4.8369574
10106079, 0xEEEE, 3233, 0000, 0.01289, 4.8610666
10109199, 0xEEEE, 3234, 0001, 0.01128, 4.8431373
10112324, 0xEEEE, 3235, 0001, 0.01209, 4.8705272
10115448, 0xEEEE, 3236, 0002, 0.39245, 4.8599985
10118584, 0xEEEE, 3237, 0002, 0.39165, 4.8535134
10121689, 0xEEEE, 3238, 0003, 0.76154, 4.8580911
10124814, 0xEEEE, 3239, 0003, 1.18220, 4.8481727
10127961, 0xEEEE, 3240, 0004, 1.18703, 4.8742657
10131070, 0xEEEE, 3241, 0004, 1.18381, 4.8613718
10134189, 0xEEEE, 3242, 0005, 1.57304, 4.8694591
10137314, 0xEEEE, 3243, 0005, 1.57788, 4.8651865
10140440, 0xEEEE, 3244, 0006, 1.97355, 4.8397803
10143567, 0xEEEE, 3245, 0006, 2.02352, 4.8629740
10146701, 0xEEEE, 3246, 0007, 2.36681, 4.8490883
10149825, 0xEEEE, 3247, 0007, 2.55136, 4.8661784
10152950, 0xEEEE, 3248, 0007, 2.55216, 4.8602274
10156089, 0xEEEE, 3249, 0007, 2.55216, 4.8503853
10159201, 0xEEEE, 3250, 0006, 2.55297, 4.8606088
10162326, 0xEEEE, 3251, 0006, 2.53121, 4.8461891
10165440, 0xEEEE, 3252, 0005, 2.37165, 4.8772412
10168564, 0xEEEE, 3253, 0005, 2.36681, 4.8595407
10171689, 0xEEEE, 3254, 0004, 1.97436, 4.8406958
10174814, 0xEEEE, 3255, 0004, 1.58110, 4.8571756
10177939, 0xEEEE, 3256, 0003, 1.57868, 4.8438239
10181070, 0xEEEE, 3257, 0003, 1.57868, 4.8784619
10184189, 0xEEEE, 3258, 0002, 1.18300, 4.8604562
10187314, 0xEEEE, 3259, 0002, 1.18300, 4.8529030
10190449, 0xEEEE, 3260, 0001, 0.78894, 4.8597696
10193573, 0xEEEE, 3261, 0001, 0.78813, 4.8413825
10196699, 0xEEEE, 3262, 0000, 0.39245, 4.8712139
10199823, 0xEEEE, 3263, 0000, 0.39326, 4.8630503
10202959, 0xEEEE, 3264, 0000, 0.01209, 4.8575570
10206079, 0xEEEE, 3265, 0000, 0.01209, 4.8619821
10209198, 0xEEEE, 3266, 0001, 0.01209, 4.8352026
10212314, 0xEEEE, 3267, 0001, 0.01048, 4.8698405
10215448, 0xEEEE, 3268, 0002, 0.39245, 4.8480964
10218565, 0xEEEE, 3269, 0002, 0.78733, 4.8666361
10221689, 0xEEEE, 3270, 0003, 0.78813, 4.8567178
10224814, 0xEEEE, 3271, 0003, 0.78813, 4.8392462
10227961, 0xEEEE, 3272, 0004, 1.18462, 4.8648051
10231070, 0xEEEE, 3273, 0004, 1.18300, 4.8613718
10234200, 0xEEEE, 3274, 0005, 1.50696, 4.8610666
10237325, 0xEEEE, 3275, 0005, 1.57788, 4.8596933
10240455, 0xEEEE, 3276, 0006, 1.97275, 4.8372625
10243577, 0xEEEE, 3277, 0006, 2.32813, 4.8628214
10246701, 0xEEEE, 3278, 0007, 2.36842, 4.8529030
10249826, 0xEEEE, 3279, 0007, 2.36681, 4.8625925
10252951, 0xEEEE, 3280, 0007, 2.55136, 4.8585489
10256070, 0xEEEE, 3281, 0007, 2.55297, 4.8578622
10259189, 0xEEEE, 3282, 0006, 2.55297, 4.8593881
10262314, 0xEEEE, 3283, 0006, 2.55216, 4.8483253
10265440, 0xEEEE, 3284, 0005, 2.37648, 4.8591592
10268565, 0xEEEE, 3285, 0005, 1.97355, 4.8579385
10271689, 0xEEEE, 3286, 0004, 1.97355, 4.8413062
10274814, 0xEEEE, 3287, 0004, 2.02674, 4.8587015
10277945, 0xEEEE, 3288, 0003, 1.58755, 4.8426795
10281078, 0xEEEE, 3289, 0003, 1.57868, 4.8717479
10284198, 0xEEEE, 3290, 0002, 1.18784, 4.8529793
10287332, 0xEEEE, 3291, 0002, 1.18220, 4.8529030
10290449, 0xEEEE, 3292, 0001, 0.78491, 4.8604562
10293574, 0xEEEE, 3293, 0001, 0.42952, 4.8445106
10296699, 0xEEEE, 3294, 0000, 0.39084, 4.8768597
10299831, 0xEEEE, 3295, 0000, 0.39487, 4.8622110
10302939, 0xEEEE, 3296, 0000, 0.01209, 4.8551156
10306070, 0xEEEE, 3297, 0000, 0.01209, 4.8582437
10309189, 0xEEEE, 3298, 0001, 0.01209, 4.8400092
10312314, 0xEEEE, 3299, 0001, 0.01370, 4.8731212
10315440, 0xEEEE, 3300, 0002, 0.39487, 4.8574044
10318565, 0xEEEE, 3301, 0002, 0.78491, 4.8641947
10321695, 0xEEEE, 3302, 0003, 0.78894, 4.8547341
10324825, 0xEEEE, 3303, 0003, 0.78974, 4.8474861
10327972, 0xEEEE, 3304, 0004, 1.22249, 4.8654154
10331081, 0xEEEE, 3305, 0004, 1.17897, 4.8559548
10334201, 0xEEEE, 3306, 0005, 1.57949, 4.8737316
10337326, 0xEEEE, 3307, 0005, 1.54242, 4.8563363
10340451, 0xEEEE, 3308, 0006, 1.97436, 4.8582437
10343565, 0xEEEE, 3309, 0006, 2.36117, 4.8632029
10346700, 0xEEEE, 3310, 0007, 2.39824, 4.8564889
10349814, 0xEEEE, 3311, 0007, 2.36923, 4.8734264
10352939, 0xEEEE, 3312, 0007, 2.55297, 4.8527504
10356069, 0xEEEE, 3313, 0007, 2.55216, 4.8472572
10359189, 0xEEEE, 3314, 0006, 2.55297, 4.8587778
10362314, 0xEEEE, 3315, 0006, 2.55216, 4.8473335
10365445, 0xEEEE, 3316, 0005, 2.32249, 4.8688487
10368573, 0xEEEE, 3317, 0005, 2.36278, 4.8553445
10371699, 0xEEEE, 3318, 0004, 1.97355, 4.8467994
10374823, 0xEEEE, 3319, 0004, 1.97275, 4.8542000
10377949, 0xEEEE, 3320, 0003, 1.57868, 4.8525216
10381078, 0xEEEE, 3321, 0003, 1.57868, 4.8801404
10384206, 0xEEEE, 3322, 0002, 1.17817, 4.8548104
10387314, 0xEEEE, 3323, 0002, 0.78974, 4.8616007
10390440, 0xEEEE, 3324, 0001, 0.76799, 4.8545815
10393565, 0xEEEE, 3325, 0001, 0.78813, 4.8424506
10396689, 0xEEEE, 3326, 0000, 0.39648, 4.8773938
10399814, 0xEEEE, 3327, 0000, 0.40132, 4.8627451
10402939, 0xEEEE, 3328, 0000, 0.01209, 4.8625162
10406070, 0xEEEE, 3329, 0000, 0.01209, 4.8517586
10409190, 0xEEEE, 3330, 0001, 0.01128, 4.8480201
10412325, 0xEEEE, 3331, 0001, 0.39165, 4.8705272
10415451, 0xEEEE, 3332, 0002, 0.38681, 4.8585489
10418576, 0xEEEE, 3333, 0002, 0.41260, 4.8712902
10421701, 0xEEEE, 3334, 0003, 0.78974, 4.8515297
10424825, 0xEEEE, 3335, 0003, 0.77363, 4.8378729
10427973, 0xEEEE, 3336, 0004, 1.18462, 4.8673228
10431092, 0xEEEE, 3337, 0004, 1.20476, 4.8533608
10434189, 0xEEEE, 3338, 0005, 1.57868, 4.8681621
10437314, 0xEEEE, 3339, 0005, 1.98000, 4.8553445
10440440, 0xEEEE, 3340, 0006, 1.97033, 4.8556497
10443565, 0xEEEE, 3341, 0006, 1.97355, 4.8618296
10446689, 0xEEEE, 3342, 0007, 2.36681, 4.8514534
10449814, 0xEEEE, 3343, 0007, 2.35392, 4.8756390
10452939, 0xEEEE, 3344, 0007, 2.55538, 4.8526741
10456078, 0xEEEE, 3345, 0007, 2.55458, 4.8564889
10459198, 0xEEEE, 3346, 0006, 2.55216, 4.8542000
10462323, 0xEEEE, 3347, 0006, 2.36842, 4.8506905
10465449, 0xEEEE, 3348, 0005, 2.36842, 4.8773938
10468582, 0xEEEE, 3349, 0005, 2.34586, 4.8583963
10471699, 0xEEEE, 3350, 0004, 1.97275, 4.8510719
10474823, 0xEEEE, 3351, 0004, 1.97436, 4.8540475
10477939, 0xEEEE, 3352, 0003, 1.55853, 4.8475624
10481070, 0xEEEE, 3353, 0003, 1.57626, 4.8745708
10484189, 0xEEEE, 3354, 0002, 1.18300, 4.8522164
10487314, 0xEEEE, 3355, 0002, 0.78813, 4.8565652
10490439, 0xEEEE, 3356, 0001, 0.78894, 4.8516060
10493565, 0xEEEE, 3357, 0001, 0.78813, 4.8371862
10496689, 0xEEEE, 3358, 0000, 0.39165, 4.8764019
10499822, 0xEEEE, 3359, 0000, 0.39326, 4.8564889
10502950, 0xEEEE, 3360, 0000, 0.01209, 4.8721294
10506081, 0xEEEE, 3361, 0000, 0.01128, 4.8488594
10509201, 0xEEEE, 3362, 0001, 0.01128, 4.8548104
10512325, 0xEEEE, 3363, 0001, 0.01209, 4.8674754
10515461, 0xEEEE, 3364, 0002, 0.43194, 4.8537423
10518576, 0xEEEE, 3365, 0002, 0.39245, 4.8741131
10521690, 0xEEEE, 3366, 0003, 0.78813, 4.8474098
10524814, 0xEEEE, 3367, 0003, 0.79216, 4.8413062
10527969, 0xEEEE, 3368, 0004, 1.18300, 4.8640421
10531070, 0xEEEE, 3369, 0004, 1.57546, 4.8524453
10534189, 0xEEEE, 3370, 0005, 1.57949, 4.8785382
10537314, 0xEEEE, 3371, 0005, 1.63106, 4.8480201
10540440, 0xEEEE, 3372, 0006, 1.96308, 4.8493935
10543569, 0xEEEE, 3373, 0006, 1.97355, 4.8587778
10546699, 0xEEEE, 3374, 0007, 2.36762, 4.8551919
10549823, 0xEEEE, 3375, 0007, 2.36762, 4.8771649
10552954, 0xEEEE, 3376, 0007, 2.55136, 4.8493935
10556079, 0xEEEE, 3377, 0007, 2.55136, 4.8508431
10559198, 0xEEEE, 3378, 0006, 2.55297, 4.8516823
10562323, 0xEEEE, 3379, 0006, 2.55216, 4.8527504
10565440, 0xEEEE, 3380, 0005, 2.36762, 4.8724346
10568565, 0xEEEE, 3381, 0005, 2.30154, 4.8520638
10571689, 0xEEEE, 3382, 0004, 1.97436, 4.8596170
10574814, 0xEEEE, 3383, 0004, 1.97275, 4.8527504
10577939, 0xEEEE, 3384, 0003, 1.50374, 4.8432136
10581069, 0xEEEE, 3385, 0003, 1.18300, 4.8766308
10584189, 0xEEEE, 3386, 0002, 1.18300, 4.8564889
10587318, 0xEEEE, 3387, 0002, 1.18300, 4.8590829
10590451, 0xEEEE, 3388, 0001, 0.78733, 4.8450446
10593576, 0xEEEE, 3389, 0001, 0.78894, 4.8420691
10596701, 0xEEEE, 3390, 0000, 0.39326, 4.8757916
10599835, 0xEEEE, 3391, 0000, 0.39326, 4.8566415
10602951, 0xEEEE, 3392, 0000, 0.01128, 4.8728923
10606081, 0xEEEE, 3393, 0000, 0.01209, 4.8477913
10609189, 0xEEEE, 3394, 0001, 0.01289, 4.8471046
10612323, 0xEEEE, 3395, 0001, 0.01128, 4.8647288
10615440, 0xEEEE, 3396, 0002, 0.39487, 4.8553445
10618565, 0xEEEE, 3397, 0002, 0.39084, 4.8657969
10621689, 0xEEEE, 3398, 0003, 0.78813, 4.8481727
10624814, 0xEEEE, 3399, 0003, 0.78894, 4.8503853
10627961, 0xEEEE, 3400, 0004, 1.18381, 4.8610666
10631070, 0xEEEE, 3401, 0004, 1.55773, 4.8499275
10634197, 0xEEEE, 3402, 0005, 1.58110, 4.8778515
10637323, 0xEEEE, 3403, 0005, 1.57868, 4.8504616
10640449, 0xEEEE, 3404, 0006, 1.97678, 4.8606088
10643574, 0xEEEE, 3405, 0006, 1.97355, 4.8553445
10646699, 0xEEEE, 3406, 0007, 2.36842, 4.8598459
10649823, 0xEEEE, 3407, 0007, 2.36681, 4.8790723
10652948, 0xEEEE, 3408, 0007, 2.52476, 4.8472572
10656070, 0xEEEE, 3409, 0007, 2.54652, 4.8580148
10659200, 0xEEEE, 3410, 0006, 2.54974, 4.8496986
10662314, 0xEEEE, 3411, 0006, 2.55297, 4.8462654
10665440, 0xEEEE, 3412, 0005, 2.36762, 4.8748760
10668564, 0xEEEE, 3413, 0005, 2.36762, 4.8448920
10671689, 0xEEEE, 3414, 0004, 1.96549, 4.8569467
10674814, 0xEEEE, 3415, 0004, 1.97678, 4.8468757
10677950, 0xEEEE, 3416, 0003, 1.57788, 4.8549630
10681081, 0xEEEE, 3417, 0003, 1.58029, 4.8745708
10684206, 0xEEEE, 3418, 0002, 1.18300, 4.8519112
10687326, 0xEEEE, 3419, 0002, 1.17978, 4.8737316
10690451, 0xEEEE, 3420, 0001, 0.81714, 4.8472572
10693577, 0xEEEE, 3421, 0001, 0.78491, 4.8513008
10696710, 0xEEEE, 3422, 0000, 0.38278, 4.8764782
10699814, 0xEEEE, 3423, 0000, 0.01209, 4.8553445
10702939, 0xEEEE, 3424, 0000, 0.01128, 4.8692302
10706070, 0xEEEE, 3425, 0000, 0.01128, 4.8497749
10709189, 0xEEEE, 3426, 0001, 0.01209, 4.8432136
10712314, 0xEEEE, 3427, 0001, 0.01209, 4.8636606
10715440, 0xEEEE, 3428, 0002, 0.41018, 4.8519112
10718565, 0xEEEE, 3429, 0002, 0.39084, 4.8740368
10721696, 0xEEEE, 3430, 0003, 0.78733, 4.8420691
10724822, 0xEEEE, 3431, 0003, 1.19348, 4.8500038
10727969, 0xEEEE, 3432, 0004, 1.18542, 4.8576333
10731078, 0xEEEE, 3433, 0004, 1.14271, 4.8648814
10734198, 0xEEEE, 3434, 0005, 1.58593, 4.8798352
10737323, 0xEEEE, 3435, 0005, 1.57788, 4.8557259
10740449, 0xEEEE, 3436, 0006, 1.96227, 4.8532845
10743585, 0xEEEE, 3437, 0006, 1.97597, 4.8545815
10746689, 0xEEEE, 3438, 0007, 2.36762, 4.8505379
10749814, 0xEEEE, 3439, 0007, 2.55216, 4.8771649
10752940, 0xEEEE, 3440, 0007, 2.55216, 4.8538949
10756070, 0xEEEE, 3441, 0007, 2.56989, 4.8607614
10759189, 0xEEEE, 3442, 0006, 2.54491, 4.8490120
10762314, 0xEEEE, 3443, 0006, 2.55377, 4.8621347
10765447, 0xEEEE, 3444, 0005, 2.36842, 4.8736553
10768576, 0xEEEE, 3445, 0005, 2.36762, 4.8496986
10771701, 0xEEEE, 3446, 0004, 1.97919, 4.8640421
10774826, 0xEEEE, 3447, 0004, 1.58110, 4.8436713
10777951, 0xEEEE, 3448, 0003, 1.57868, 4.8631266
10781089, 0xEEEE, 3449, 0003, 1.56901, 4.8748760
10784200, 0xEEEE, 3450, 0002, 1.18300, 4.8561837
10787314, 0xEEEE, 3451, 0002, 1.16366, 4.8686198
10790440, 0xEEEE, 3452, 0001, 0.78813, 4.8363470
10793564, 0xEEEE, 3453, 0001, 0.77766, 4.8625925
10796689, 0xEEEE, 3454, 0000, 0.31912, 4.8705272
10799814, 0xEEEE, 3455, 0000, 0.01128, 4.8568704
10802939, 0xEEEE, 3456, 0000, 0.01128, 4.8738842
10806070, 0xEEEE, 3457, 0000, 0.01128, 4.8490120
10809191, 0xEEEE, 3458, 0001, 0.01209, 4.8461891
10812323, 0xEEEE, 3459, 0001, 0.01128, 4.8627451
10815449, 0xEEEE, 3460, 0002, 0.39165, 4.8597696
10818574, 0xEEEE, 3461, 0002, 0.38923, 4.8706035
10821699, 0xEEEE, 3462, 0003, 0.80344, 4.8480964
10824824, 0xEEEE, 3463, 0003, 0.78894, 4.8511482
10827980, 0xEEEE, 3464, 0004, 1.18059, 4.8570230
10831078, 0xEEEE, 3465, 0004, 1.18300, 4.8500038
10834189, 0xEEEE, 3466, 0005, 1.57788, 4.8763256
10837314, 0xEEEE, 3467, 0005, 1.57949, 4.8502327
10840440, 0xEEEE, 3468, 0006, 2.02674, 4.8558022
10843565, 0xEEEE, 3469, 0006, 2.36762, 4.8546578
10846689, 0xEEEE, 3470, 0007, 2.36842, 4.8590066
10849814, 0xEEEE, 3471, 0007, 2.36762, 4.8726635
10852940, 0xEEEE, 3472, 0007, 2.55216, 4.8516823
10856081, 0xEEEE, 3473, 0007, 2.49414, 4.8554208
10859200, 0xEEEE, 3474, 0006, 2.56344, 4.8470283
10862326, 0xEEEE, 3475, 0006, 2.54733, 4.8575570
10865459, 0xEEEE, 3476, 0005, 2.36681, 4.8763256
10868576, 0xEEEE, 3477, 0005, 1.97355, 4.8569467
10871701, 0xEEEE, 3478, 0004, 1.97436, 4.8567941
10874826, 0xEEEE, 3479, 0004, 1.97436, 4.8464942
10877940, 0xEEEE, 3480, 0003, 1.57868, 4.8496986
10881070, 0xEEEE, 3481, 0003, 1.61092, 4.8730449
10884189, 0xEEEE, 3482, 0002, 1.18381, 4.8654917
10887314, 0xEEEE, 3483, 0002, 1.18381, 4.8700694
10890440, 0xEEEE, 3484, 0001, 0.78733, 4.8518349
10893565, 0xEEEE, 3485, 0001, 0.39165, 4.8425269
10896689, 0xEEEE, 3486, 0000, 0.39326, 4.8701457
10899823, 0xEEEE, 3487, 0000, 0.39326, 4.8569467
10902948, 0xEEEE, 3488, 0000, 0.01128, 4.8670939
10906078, 0xEEEE, 3489, 0000, 0.01209, 4.8432136
10909198, 0xEEEE, 3490, 0001, 0.01209, 4.8503853
10912334, 0xEEEE, 3491, 0001, 0.01128, 4.8644236
10915449, 0xEEEE, 3492, 0002, 0.39165, 4.8562600
10918574, 0xEEEE, 3493, 0002, 0.78813, 4.8748760
10921690, 0xEEEE, 3494, 0003, 0.83407, 4.8483253
10924823, 0xEEEE, 3495, 0003, 0.78894, 4.8548104
10927961, 0xEEEE, 3496, 0004, 1.18623, 4.8579385
10931070, 0xEEEE, 3497, 0004, 1.18300, 4.8648814
10934189, 0xEEEE, 3498, 0005, 1.58593, 4.8776226
10937314, 0xEEEE, 3499, 0005, 1.57868, 4.8472572
10940445, 0xEEEE, 3500, 0006, 1.97355, 4.8603799
10943575, 0xEEEE, 3501, 0006, 2.36440, 4.8557259
10946701, 0xEEEE, 3502, 0007, 2.36520, 4.8590829
10949826, 0xEEEE, 3503, 0007, 2.36681, 4.8725109
10952951, 0xEEEE, 3504, 0007, 2.55216, 4.8422980
10956081, 0xEEEE, 3505, 0007, 2.55216, 4.8667124
10959201, 0xEEEE, 3506, 0006, 2.52557, 4.8527504
10962325, 0xEEEE, 3507, 0006, 2.56425, 4.8465705
10965440, 0xEEEE, 3508, 0005, 2.36762, 4.8742657
10968565, 0xEEEE, 3509, 0005, 1.97114, 4.8503853
10971689, 0xEEEE, 3510, 0004, 1.97355, 4.8619821
10974814, 0xEEEE, 3511, 0004, 1.96549, 4.8451209
10977939, 0xEEEE, 3512, 0003, 1.57868, 4.8550393
10981070, 0xEEEE, 3513, 0003, 1.57788, 4.8756390
10984189, 0xEEEE, 3514, 0002, 1.18381, 4.8484016
10987319, 0xEEEE, 3515, 0002, 1.18300, 4.8713664
10990448, 0xEEEE, 3516, 0001, 0.78652, 4.8515297
10993574, 0xEEEE, 3517, 0001, 0.79216, 4.8508431
10996708, 0xEEEE, 3518, 0000, 0.39245, 4.8700694
10999823, 0xEEEE, 3519, 0000, 0.39165, 4.8631266
11002949, 0xEEEE, 3520, 0000, 0.01209, 4.8699931
11006078, 0xEEEE, 3521, 0000, 0.01370, 4.8419928
11009206, 0xEEEE, 3522, 0001, 0.01128, 4.8441291
11012314, 0xEEEE, 3523, 0001, 0.39971, 4.8635080
11015440, 0xEEEE, 3524, 0002, 0.39326, 4.8632792
11018565, 0xEEEE, 3525, 0002, 0.39326, 4.8731212
11021689, 0xEEEE, 3526, 0003, 0.78733, 4.8480201
11024814, 0xEEEE, 3527, 0003, 0.78813, 4.8570993
11027961, 0xEEEE, 3528, 0004, 1.17495, 4.8573281
11031073, 0xEEEE, 3529, 0004, 1.18220, 4.8590066
11034200, 0xEEEE, 3530, 0005, 1.54886, 4.8810559
11037325, 0xEEEE, 3531, 0005, 1.97436, 4.8492409
11040451, 0xEEEE, 3532, 0006, 1.97275, 4.8471809
11043577, 0xEEEE, 3533, 0006, 1.98322, 4.8531319
11046701, 0xEEEE, 3534, 0007, 2.36359, 4.8610666
11049826, 0xEEEE, 3535, 0007, 2.36601, 4.8737316
11052939, 0xEEEE, 3536, 0007, 2.55297, 4.8510719
11056092, 0xEEEE, 3537, 0007, 2.55216, 4.8642710
11059189, 0xEEEE, 3538, 0006, 2.59890, 4.8425269
11062314, 0xEEEE, 3539, 0006, 2.36601, 4.8621347
11065440, 0xEEEE, 3540, 0005, 2.36359, 4.8741131
11068565, 0xEEEE, 3541, 0005, 2.36842, 4.8521401
11071689, 0xEEEE, 3542, 0004, 1.97516, 4.8535134
11074814, 0xEEEE, 3543, 0004, 1.99853, 4.8439002
11077948, 0xEEEE, 3544, 0003, 1.57949, 4.8513771
11081078, 0xEEEE, 3545, 0003, 1.57788, 4.8754864
11084198, 0xEEEE, 3546, 0002, 1.18381, 4.8635080
11087324, 0xEEEE, 3547, 0002, 0.75348, 4.8635080
11090449, 0xEEEE, 3548, 0001, 0.78974, 4.8420691
11093582, 0xEEEE, 3549, 0001, 0.79619, 4.8529793
11096698, 0xEEEE, 3550, 0000, 0.39407, 4.8707561
11099814, 0xEEEE, 3551, 0000, 0.39487, 4.8657206
11102939, 0xEEEE, 3552, 0000, 0.01209, 4.8659495
11106070, 0xEEEE, 3553, 0000, 0.01531, 4.8452735
11109189, 0xEEEE, 3554, 0001, 0.01128, 4.8428321
11112314, 0xEEEE, 3555, 0001, 0.39568, 4.8610666
11115440, 0xEEEE, 3556, 0002, 0.39326, 4.8558022
11118566, 0xEEEE, 3557, 0002, 0.39487, 4.8728161
11121701, 0xEEEE, 3558, 0003, 0.75912, 4.8461128
11124825, 0xEEEE, 3559, 0003, 0.78733, 4.8478676
11127972, 0xEEEE, 3560, 0004, 1.19993, 4.8617533
11131081, 0xEEEE, 3561, 0004, 1.18462, 4.8525216
11134200, 0xEEEE, 3562, 0005, 1.57788, 4.8809033
11137326, 0xEEEE, 3563, 0005, 1.57788, 4.8467994
11140462, 0xEEEE, 3564, 0006, 1.97355, 4.8544289
11143565, 0xEEEE, 3565, 0006, 2.01626, 4.8533608
11146689, 0xEEEE, 3566, 0007, 2.36359, 4.8609140
11149814, 0xEEEE, 3567, 0007, 2.36681, 4.8780804
11152939, 0xEEEE, 3568, 0007, 2.55216, 4.8480964
11156069, 0xEEEE, 3569, 0007, 2.55136, 4.8519875
11159189, 0xEEEE, 3570, 0006, 2.55216, 4.8562600
11162314, 0xEEEE, 3571, 0006, 2.54088, 4.8545815
11165448, 0xEEEE, 3572, 0005, 2.37326, 4.8763256
11168574, 0xEEEE, 3573, 0005, 2.36762, 4.8493935
11171698, 0xEEEE, 3574, 0004, 1.97436, 4.8680095
11174823, 0xEEEE, 3575, 0004, 1.96952, 4.8408484
11177957, 0xEEEE, 3576, 0003, 1.57868, 4.8509194
11181079, 0xEEEE, 3577, 0003, 1.18300, 4.8735790
11184198, 0xEEEE, 3578, 0002, 1.17817, 4.8535897
11187314, 0xEEEE, 3579, 0002, 1.18300, 4.8648051
11190440, 0xEEEE, 3580, 0001, 0.79538, 4.8483253
11193565, 0xEEEE, 3581, 0001, 0.78894, 4.8476387
11196690, 0xEEEE, 3582, 0000, 0.39326, 4.8722057
11199814, 0xEEEE, 3583, 0000, 0.38520, 4.8593881
11202939, 0xEEEE, 3584, 0000, 0.01128, 4.8670939
11206070, 0xEEEE, 3585, 0000, 0.01128, 4.8412299
11209197, 0xEEEE, 3586, 0001, 0.01128, 4.8384833
11212325, 0xEEEE, 3587, 0001, 0.01209, 4.8628214
11215451, 0xEEEE, 3588, 0002, 0.38842, 4.8598459
11218576, 0xEEEE, 3589, 0002, 0.40535, 4.8737316
11221701, 0xEEEE, 3590, 0003, 0.78974, 4.8480964
11224836, 0xEEEE, 3591, 0003, 0.78330, 4.8339055
11227973, 0xEEEE, 3592, 0004, 1.18300, 4.8612955
11231081, 0xEEEE, 3593, 0004, 1.57707, 4.8629740
11234189, 0xEEEE, 3594, 0005, 1.57868, 4.8776989
11237322, 0xEEEE, 3595, 0005, 1.58029, 4.8539712
11240440, 0xEEEE, 3596, 0006, 1.97436, 4.8535897
11243565, 0xEEEE, 3597, 0006, 1.97355, 4.8534371
11246689, 0xEEEE, 3598, 0007, 2.38535, 4.8608377
11249814, 0xEEEE, 3599, 0007, 2.36278, 4.8751049
11252942, 0xEEEE, 3600, 0007, 2.55216, 4.8457313
11256078, 0xEEEE, 3601, 0007, 2.55297, 4.8561074
11259198, 0xEEEE, 3602, 0006, 2.55297, 4.8420691
11262330, 0xEEEE, 3603, 0006, 2.55216, 4.8601511
11265449, 0xEEEE, 3604, 0005, 2.37648, 4.8737316
11268574, 0xEEEE, 3605, 0005, 2.37004, 4.8495460
11271699, 0xEEEE, 3606, 0004, 1.97355, 4.8635080
11274814, 0xEEEE, 3607, 0004, 1.97436, 4.8425269
11277939, 0xEEEE, 3608, 0003, 1.57465, 4.8500801
11281070, 0xEEEE, 3609, 0003, 1.18623, 4.8774701
11284189, 0xEEEE, 3610, 0002, 1.20234, 4.8596933
11287314, 0xEEEE, 3611, 0002, 1.18462, 4.8632029
11290440, 0xEEEE, 3612, 0001, 0.78813, 4.8469520
11293565, 0xEEEE, 3613, 0001, 0.78813, 4.8452735
11296692, 0xEEEE, 3614, 0000, 0.39326, 4.8728923
11299825, 0xEEEE, 3615, 0000, 0.37150, 4.8624399
11302950, 0xEEEE, 3616, 0000, 0.01128, 4.8701457
11306081, 0xEEEE, 3617, 0000, 0.01128, 4.8460365
11309210, 0xEEEE, 3618, 0001, 0.01128, 4.8528267
11312326, 0xEEEE, 3619, 0001, 0.01128, 4.8601511
11315451, 0xEEEE, 3620, 0002, 0.39326, 4.8489357
11318565, 0xEEEE, 3621, 0002, 0.37473, 4.8770886
11321698, 0xEEEE, 3622, 0003, 0.78813, 4.8459602
11324814, 0xEEEE, 3623, 0003, 1.18300, 4.8491646
11327961, 0xEEEE, 3624, 0004, 1.18300, 4.8653391
11331070, 0xEEEE, 3625, 0004, 1.18462, 4.8610666
11334189, 0xEEEE, 3626, 0005, 1.57868, 4.8809796
11337314, 0xEEEE, 3627, 0005, 1.58190, 4.8487831
11340445, 0xEEEE, 3628, 0006, 1.97436, 4.8548867
11343574, 0xEEEE, 3629, 0006, 1.97275, 4.8539712
11346698, 0xEEEE, 3630, 0007, 2.34183, 4.8564889
11349823, 0xEEEE, 3631, 0007, 2.55538, 4.8785382
11352949, 0xEEEE, 3632, 0007, 2.55297, 4.8478676
11356079, 0xEEEE, 3633, 0007, 2.55216, 4.8643473
11359198, 0xEEEE, 3634, 0006, 2.55216, 4.8476387
11362323, 0xEEEE, 3635, 0006, 2.55216, 4.8545052
11365440, 0xEEEE, 3636, 0005, 2.40227, 4.8776989
11368576, 0xEEEE, 3637, 0005, 2.37810, 4.8563363
11371689, 0xEEEE, 3638, 0004, 1.97516, 4.8529030
11374814, 0xEEEE, 3639, 0004, 1.57788, 4.8433661
11377940, 0xEEEE, 3640, 0003, 1.58674, 4.8496986
11381070, 0xEEEE, 3641, 0003, 1.57868, 4.8757153
11384189, 0xEEEE, 3642, 0002, 1.18381, 4.8582437
11387324, 0xEEEE, 3643, 0002, 1.18381, 4.8723583
11390451, 0xEEEE, 3644, 0001, 0.79619, 4.8412299
11393581, 0xEEEE, 3645, 0001, 0.78813, 4.8552682
11396702, 0xEEEE, 3646, 0000, 0.39165, 4.8740368
11399826, 0xEEEE, 3647, 0000, 0.01209, 4.8641184
11402951, 0xEEEE, 3648, 0000, 0.01451, 4.8619821
11406090, 0xEEEE, 3649, 0000, 0.01209, 4.8491646
11409189, 0xEEEE, 3650, 0001, 0.01128, 4.8519112
11412314, 0xEEEE, 3651, 0001, 0.01128, 4.8659495
11415440, 0xEEEE, 3652, 0002, 0.39004, 4.8478676
11418564, 0xEEEE, 3653, 0002, 0.39407, 4.8755627
11421689, 0xEEEE, 3654, 0003, 0.78813, 4.8486305
11424814, 0xEEEE, 3655, 0003, 1.18462, 4.8545052
11427961, 0xEEEE, 3656, 0004, 1.18300, 4.8593881
11431075, 0xEEEE, 3657, 0004, 1.17817, 4.8672465
11434198, 0xEEEE, 3658, 0005, 1.57868, 4.8793011
11437323, 0xEEEE, 3659, 0005, 1.52630, 4.8476387
11440449, 0xEEEE, 3660, 0006, 1.97436, 4.8593118
11443574, 0xEEEE, 3661, 0006, 1.97355, 4.8534371
11446699, 0xEEEE, 3662, 0007, 2.36923, 4.8587778
11449823, 0xEEEE, 3663, 0007, 2.45304, 4.8790723
11452959, 0xEEEE, 3664, 0007, 2.55700, 4.8442817
11456070, 0xEEEE, 3665, 0007, 2.55216, 4.8606851
11459189, 0xEEEE, 3666, 0006, 2.55297, 4.8466468
11462314, 0xEEEE, 3667, 0006, 2.55297, 4.8554208
11465440, 0xEEEE, 3668, 0005, 2.36681, 4.8734264
11468565, 0xEEEE, 3669, 0005, 2.33780, 4.8506905
11471689, 0xEEEE, 3670, 0004, 1.97033, 4.8602274
11474819, 0xEEEE, 3671, 0004, 1.97436, 4.8412299
11477950, 0xEEEE, 3672, 0003, 1.59802, 4.8453498
11481081, 0xEEEE, 3673, 0003, 1.58029, 4.8717479
11484201, 0xEEEE, 3674, 0002, 1.20960, 4.8493172
11487326, 0xEEEE, 3675, 0002, 1.18381, 4.8674754
11490459, 0xEEEE, 3676, 0001, 0.79941, 4.8468757
11493576, 0xEEEE, 3677, 0001, 0.39326, 4.8509957
11496690, 0xEEEE, 3678, 0000, 0.39004, 4.8696880
11499814, 0xEEEE, 3679, 0000, 0.38762, 4.8592355
11502940, 0xEEEE, 3680, 0000, 0.01128, 4.8704509
11506070, 0xEEEE, 3681, 0000, 0.01128, 4.8452735
11509189, 0xEEEE, 3682, 0001, 0.01451, 4.8592355
11512314, 0xEEEE, 3683, 0001, 0.01209, 4.8643473
11515440, 0xEEEE, 3684, 0002, 0.40051, 4.8525978
11518566, 0xEEEE, 3685, 0002, 0.76879, 4.8679332
11521699, 0xEEEE, 3686, 0003, 0.78894, 4.8429084
11524823, 0xEEEE, 3687, 0003, 0.79055, 4.8445106
11527969, 0xEEEE, 3688, 0004, 1.18381, 4.8544289
11531079, 0xEEEE, 3689, 0004, 1.16286, 4.8590066
11534199, 0xEEEE, 3690, 0005, 1.57788, 4.8773938
11537333, 0xEEEE, 3691, 0005, 1.57788, 4.8509194
11540440, 0xEEEE, 3692, 0006, 1.97033, 4.8481727
11543565, 0xEEEE, 3693, 0006, 2.36762, 4.8523690
11546689, 0xEEEE, 3694, 0007, 2.36842, 4.8551156
11549814, 0xEEEE, 3695, 0007, 2.39179, 4.8764782
11552939, 0xEEEE, 3696, 0007, 2.54894, 4.8495460
11556070, 0xEEEE, 3697, 0007, 2.55619, 4.8580148
11559189, 0xEEEE, 3698, 0006, 2.55297, 4.8419928
11562314, 0xEEEE, 3699, 0006, 2.55136, 4.8536660
11565451, 0xEEEE, 3700, 0005, 2.36762, 4.8741131
11568576, 0xEEEE, 3701, 0005, 1.97436, 4.8537423
11571701, 0xEEEE, 3702, 0004, 1.96791, 4.8647288
11574833, 0xEEEE, 3703, 0004, 1.97436, 4.8436713
11577950, 0xEEEE, 3704, 0003, 1.56015, 4.8496986
11581081, 0xEEEE, 3705, 0003, 1.57788, 4.8722820
11584201, 0xEEEE, 3706, 0002, 1.18462, 4.8480964
11587314, 0xEEEE, 3707, 0002, 1.18945, 4.8610666
11590440, 0xEEEE, 3708, 0001, 0.78894, 4.8450446
11593565, 0xEEEE, 3709, 0001, 0.39084, 4.8497749
11596689, 0xEEEE, 3710, 0000, 0.36505, 4.8711376
11599814, 0xEEEE, 3711, 0000, 0.39245, 4.8596933
11602939, 0xEEEE, 3712, 0000, 0.01209, 4.8722820
11606070, 0xEEEE, 3713, 0000, 0.01128, 4.8446632
11609198, 0xEEEE, 3714, 0001, 0.01128, 4.8648814
11612323, 0xEEEE, 3715, 0001, 0.01128, 4.8588540
11615448, 0xEEEE, 3716, 0002, 0.36103, 4.8554971
11618574, 0xEEEE, 3717, 0002, 0.39407, 4.8732738
11621709, 0xEEEE, 3718, 0003, 0.79216, 4.8332189
11624824, 0xEEEE, 3719, 0003, 0.79216, 4.8506142
11627970, 0xEEEE, 3720, 0004, 1.18381, 4.8592355
11631070, 0xEEEE, 3721, 0004, 1.18381, 4.8681621
11634198, 0xEEEE, 3722, 0005, 1.58029, 4.8771649
11637314, 0xEEEE, 3723, 0005, 2.02674, 4.8393988
11640440, 0xEEEE, 3724, 0006, 1.95985, 4.8641184
11643565, 0xEEEE, 3725, 0006, 1.97436, 4.8467231
11646689, 0xEEEE, 3726, 0007, 2.36762, 4.8529793
11649814, 0xEEEE, 3727, 0007, 2.36762, 4.8757153
11652946, 0xEEEE, 3728, 0007, 2.53685, 4.8452735
11656081, 0xEEEE, 3729, 0007, 2.56103, 4.8562600
11659200, 0xEEEE, 3730, 0006, 2.55136, 4.8389410
11662326, 0xEEEE, 3731, 0006, 2.36681, 4.8628977
11665452, 0xEEEE, 3732, 0005, 2.36681, 4.8751049
11668577, 0xEEEE, 3733, 0005, 2.36681, 4.8492409
11671701, 0xEEEE, 3734, 0004, 1.98403, 4.8623636
11674814, 0xEEEE, 3735, 0004, 1.97355, 4.8392462
11677939, 0xEEEE, 3736, 0003, 1.62784, 4.8616770
11681081, 0xEEEE, 3737, 0003, 1.57788, 4.8679332
11684189, 0xEEEE, 3738, 0002, 1.18542, 4.8623636
11687314, 0xEEEE, 3739, 0002, 0.78571, 4.8699168
11690440, 0xEEEE, 3740, 0001, 0.78894, 4.8428321
11693565, 0xEEEE, 3741, 0001, 0.78813, 4.8512245
11696692, 0xEEEE, 3742, 0000, 0.39326, 4.8698405
11699823, 0xEEEE, 3743, 0000, 0.39326, 4.8635080
11702948, 0xEEEE, 3744, 0000, 0.01128, 4.8729686
11706088, 0xEEEE, 3745, 0000, 0.01128, 4.8471046
11709199, 0xEEEE, 3746, 0001, 0.01128, 4.8525978
11712323, 0xEEEE, 3747, 0001, 0.39245, 4.8606088
11715449, 0xEEEE, 3748, 0002, 0.39245, 4.8580148
11718582, 0xEEEE, 3749, 0002, 0.39326, 4.8735027
11721689, 0xEEEE, 3750, 0003, 0.78813, 4.8448157
11724814, 0xEEEE, 3751, 0003, 0.78813, 4.8574044
11727961, 0xEEEE, 3752, 0004, 1.18381, 4.8583963
11731069, 0xEEEE, 3753, 0004, 1.18300, 4.8522927
11734189, 0xEEEE, 3754, 0005, 1.57707, 4.8743420
11737314, 0xEEEE, 3755, 0005, 1.97355, 4.8481727
11740448, 0xEEEE, 3756, 0006, 1.95099, 4.8594644
11743576, 0xEEEE, 3757, 0006, 1.97516, 4.8514534
11746701, 0xEEEE, 3758, 0007, 2.36681, 4.8540475
11749826, 0xEEEE, 3759, 0007, 2.36762, 4.8746471
11752951, 0xEEEE, 3760, 0007, 2.48930, 4.8400092
11756081, 0xEEEE, 3761, 0007, 2.59004, 4.8616770
11759201, 0xEEEE, 3762, 0006, 2.55861, 4.8447395
11762314, 0xEEEE, 3763, 0006, 2.36278, 4.8757153
11765451, 0xEEEE, 3764, 0005, 2.36762, 4.8747997
11768565, 0xEEEE, 3765, 0005, 2.36762, 4.8441291
11771689, 0xEEEE, 3766, 0004, 1.96066, 4.8693828
11774814, 0xEEEE, 3767, 0004, 1.97436, 4.8365759
11777939, 0xEEEE, 3768, 0003, 1.57868, 4.8638132
11781070, 0xEEEE, 3769, 0003, 1.60769, 4.8726635
11784189, 0xEEEE, 3770, 0002, 1.18381, 4.8504616
11787323, 0xEEEE, 3771, 0002, 1.18945, 4.8647288
11790450, 0xEEEE, 3772, 0001, 0.78813, 4.8460365
11793574, 0xEEEE, 3773, 0001, 0.78974, 4.8514534
11796699, 0xEEEE, 3774, 0000, 0.39890, 4.8664073
11799823, 0xEEEE, 3775, 0000, 0.39326, 4.8593118
11802956, 0xEEEE, 3776, 0000, 0.01128, 4.8688487
11806079, 0xEEEE, 3777, 0000, 0.01370, 4.8471046
11809189, 0xEEEE, 3778, 0001, 0.01128, 4.8519875
11812314, 0xEEEE, 3779, 0001, 0.01209, 4.8565652
11815440, 0xEEEE, 3780, 0002, 0.39326, 4.8542763
11818565, 0xEEEE, 3781, 0002, 0.39245, 4.8723583
11821689, 0xEEEE, 3782, 0003, 0.78491, 4.8547341
11824814, 0xEEEE, 3783, 0003, 0.78974, 4.8631266
11827961, 0xEEEE, 3784, 0004, 1.18059, 4.8478676
11831081, 0xEEEE, 3785, 0004, 1.58513, 4.8624399
11834200, 0xEEEE, 3786, 0005, 1.58352, 4.8744945
11837325, 0xEEEE, 3787, 0005, 1.57868, 4.8481727
11840451, 0xEEEE, 3788, 0006, 1.97355, 4.8580911
11843577, 0xEEEE, 3789, 0006, 1.96872, 4.8507668
11846702, 0xEEEE, 3790, 0007, 2.36842, 4.8561837
11849836, 0xEEEE, 3791, 0007, 2.36762, 4.8752575
11852939, 0xEEEE, 3792, 0007, 2.55216, 4.8408484
11856070, 0xEEEE, 3793, 0007, 2.58198, 4.8574044
11859189, 0xEEEE, 3794, 0006, 2.53846, 4.8388647
11862314, 0xEEEE, 3795, 0006, 2.55377, 4.8602274
11865440, 0xEEEE, 3796, 0005, 2.36762, 4.8751812
11868565, 0xEEEE, 3797, 0005, 2.36681, 4.8534371
11871689, 0xEEEE, 3798, 0004, 2.00659, 4.8609903
11874821, 0xEEEE, 3799, 0004, 1.97516, 4.8434424
11877948, 0xEEEE, 3800, 0003, 1.57788, 4.8599222
11881078, 0xEEEE, 3801, 0003, 1.17575, 4.8727398
11884199, 0xEEEE, 3802, 0002, 1.18220, 4.8561837
11887331, 0xEEEE, 3803, 0002, 1.20557, 4.8638132
11890449, 0xEEEE, 3804, 0001, 0.78813, 4.8402380
11893574, 0xEEEE, 3805, 0001, 0.78007, 4.8574044
11896690, 0xEEEE, 3806, 0000, 0.41018, 4.8711376
11899814, 0xEEEE, 3807, 0000, 0.39245, 4.8538949
11902939, 0xEEEE, 3808, 0000, 0.01209, 4.8702983
11906070, 0xEEEE, 3809, 0000, 0.01289, 4.8444343
11909189, 0xEEEE, 3810, 0001, 0.01128, 4.8558785
11912314, 0xEEEE, 3811, 0001, 0.01209, 4.8614481
11915441, 0xEEEE, 3812, 0002, 0.39245, 4.8575570
11918571, 0xEEEE, 3813, 0002, 0.39326, 4.8685435
11921701, 0xEEEE, 3814, 0003, 0.77524, 4.8429084
11924825, 0xEEEE, 3815, 0003, 0.78733, 4.8595407
11927972, 0xEEEE, 3816, 0004, 1.17333, 4.8548867
11931082, 0xEEEE, 3817, 0004, 1.18381, 4.8451209
11934212, 0xEEEE, 3818, 0005, 1.57949, 4.8731975
11937326, 0xEEEE, 3819, 0005, 1.57707, 4.8471046
11940440, 0xEEEE, 3820, 0006, 1.97275, 4.8583963
11943565, 0xEEEE, 3821, 0006, 1.95905, 4.8481727
11946697, 0xEEEE, 3822, 0007, 2.36681, 4.8599985
11949814, 0xEEEE, 3823, 0007, 2.55216, 4.8723583
11952939, 0xEEEE, 3824, 0007, 2.55297, 4.8507668
11956069, 0xEEEE, 3825, 0007, 2.55297, 4.8687724
11959189, 0xEEEE, 3826, 0006, 2.55619, 4.8359655
11962315, 0xEEEE, 3827, 0006, 2.56022, 4.8657206
11965449, 0xEEEE, 3828, 0005, 2.36681, 4.8735790
11968573, 0xEEEE, 3829, 0005, 2.36762, 4.8546578
11971705, 0xEEEE, 3830, 0004, 1.97516, 4.8634318
11974824, 0xEEEE, 3831, 0004, 1.57465, 4.8452735
11977948, 0xEEEE, 3832, 0003, 1.57788, 4.8417639
11981079, 0xEEEE, 3833, 0003, 1.56176, 4.8706035
11984189, 0xEEEE, 3834, 0002, 1.18623, 4.8579385
11987314, 0xEEEE, 3835, 0002, 1.18381, 4.8725872
11990440, 0xEEEE, 3836, 0001, 0.78813, 4.8442054
11993565, 0xEEEE, 3837, 0001, 0.79700, 4.8622110
11996689, 0xEEEE, 3838, 0000, 0.39245, 4.8667124
11999814, 0xEEEE, 3839, 0000, 0.01128, 4.8622110
12002939, 0xEEEE, 3840, 0000, 0.01128, 4.8709087
12006070, 0xEEEE, 3841, 0000, 0.01128, 4.8403143
12009200, 0xEEEE, 3842, 0001, 0.01209, 4.8540475
12012325, 0xEEEE, 3843, 0001, 0.01128, 4.8578622
12015451, 0xEEEE, 3844, 0002, 0.39245, 4.8699931
12018585, 0xEEEE, 3845, 0002, 0.38278, 4.8736553
12021701, 0xEEEE, 3846, 0003, 0.79136, 4.8368048
12024826, 0xEEEE, 3847, 0003, 1.18462, 4.8563363
12027972, 0xEEEE, 3848, 0004, 1.19670, 4.8483253
12031090, 0xEEEE, 3849, 0004, 1.18462, 4.8601511
12034189, 0xEEEE, 3850, 0005, 1.58352, 4.8735790
12037314, 0xEEEE, 3851, 0005, 1.57949, 4.8497749
12040440, 0xEEEE, 3852, 0006, 1.97355, 4.8617533
12043564, 0xEEEE, 3853, 0006, 1.97597, 4.8487831
12046689, 0xEEEE, 3854, 0007, 2.37165, 4.8664073
12049814, 0xEEEE, 3855, 0007, 2.55377, 4.8721294
12052948, 0xEEEE, 3856, 0007, 2.55216, 4.8421454
12056078, 0xEEEE, 3857, 0007, 2.55216, 4.8644999
12059198, 0xEEEE, 3858, 0006, 2.48930, 4.8405432
12062323, 0xEEEE, 3859, 0006, 2.57473, 4.8580911
12065449, 0xEEEE, 3860, 0005, 2.37084, 4.8696880
12068574, 0xEEEE, 3861, 0005, 2.36923, 4.8551156
12071699, 0xEEEE, 3862, 0004, 1.97355, 4.8617533
12074814, 0xEEEE, 3863, 0004, 1.57062, 4.8389410
12077950, 0xEEEE, 3864, 0003, 1.57868, 4.8522164
12081070, 0xEEEE, 3865, 0003, 1.57788, 4.8711376
12084189, 0xEEEE, 3866, 0002, 1.18381, 4.8573281
12087314, 0xEEEE, 3867, 0002, 1.18381, 4.8691539
12090440, 0xEEEE, 3868, 0001, 0.78894, 4.8446632
12093565, 0xEEEE, 3869, 0001, 0.78733, 4.8588540
12096699, 0xEEEE, 3870, 0000, 0.39326, 4.8669413
12099826, 0xEEEE, 3871, 0000, 0.39326, 4.8636606
12102952, 0xEEEE, 3872, 0000, 0.01209, 4.8690776
12106081, 0xEEEE, 3873, 0000, 0.01209, 4.8493935
12109201, 0xEEEE, 3874, 0001, 0.01128, 4.8638132
12112326, 0xEEEE, 3875, 0001, 0.01128, 4.8600748
12115459, 0xEEEE, 3876, 0002, 0.39245, 4.8593118
12118565, 0xEEEE, 3877, 0002, 0.78813, 4.8703746
12121689, 0xEEEE, 3878, 0003, 0.78733, 4.8290990
12124814, 0xEEEE, 3879, 0003, 0.78974, 4.8652628
12127961, 0xEEEE, 3880, 0004, 1.18300, 4.8493935
12131070, 0xEEEE, 3881, 0004, 1.18300, 4.8680095
12134189, 0xEEEE, 3882, 0005, 1.61092, 4.8741894
12137314, 0xEEEE, 3883, 0005, 1.58513, 4.8503090
12140445, 0xEEEE, 3884, 0006, 1.97436, 4.8607614
12143573, 0xEEEE, 3885, 0006, 2.33055, 4.8488594
12146699, 0xEEEE, 3886, 0007, 2.36923, 4.8625925
12149824, 0xEEEE, 3887, 0007, 2.36762, 4.8715953
12152949, 0xEEEE, 3888, 0007, 2.55216, 4.8500038
12156078, 0xEEEE, 3889, 0007, 2.55297, 4.8538186
12159198, 0xEEEE, 3890, 0006, 2.55216, 4.8391699
12162334, 0xEEEE, 3891, 0006, 2.55216, 4.8634318
12165440, 0xEEEE, 3892, 0005, 2.36762, 4.8713664
12168565, 0xEEEE, 3893, 0005, 1.97275, 4.8409247
12171689, 0xEEEE, 3894, 0004, 1.97436, 4.8721294
12174814, 0xEEEE, 3895, 0004, 1.93729, 4.8429847
12177939, 0xEEEE, 3896, 0003, 1.57788, 4.8527504
12181070, 0xEEEE, 3897, 0003, 1.57788, 4.8721294
12184193, 0xEEEE, 3898, 0002, 1.18462, 4.8581674
12187325, 0xEEEE, 3899, 0002, 1.18300, 4.8720531
12190451, 0xEEEE, 3900, 0001, 0.79055, 4.8342107
12193576, 0xEEEE, 3901, 0001, 0.38198, 4.8542763
12196702, 0xEEEE, 3902, 0000, 0.39084, 4.8683146
12199833, 0xEEEE, 3903, 0000, 0.39245, 4.8639658
12202951, 0xEEEE, 3904, 0000, 0.01451, 4.8699931
12206081, 0xEEEE, 3905, 0000, 0.01128, 4.8454261
12209189, 0xEEEE, 3906, 0001, 0.01209, 4.8595407
12212314, 0xEEEE, 3907, 0001, 0.01209, 4.8560311
12215440, 0xEEEE, 3908, 0002, 0.39326, 4.8545815
12218565, 0xEEEE, 3909, 0002, 0.78974, 4.8714427
12221689, 0xEEEE, 3910, 0003, 0.78894, 4.8437476
12224814, 0xEEEE, 3911, 0003, 0.78813, 4.8537423
12227961, 0xEEEE, 3912, 0004, 1.14674, 4.8577096
12231078, 0xEEEE, 3913, 0004, 1.17897, 4.8654917
12234198, 0xEEEE, 3914, 0005, 1.57788, 4.8742657
12237322, 0xEEEE, 3915, 0005, 1.54886, 4.8449683
12240449, 0xEEEE, 3916, 0006, 1.97275, 4.8598459
12243574, 0xEEEE, 3917, 0006, 1.97355, 4.8570230
12246709, 0xEEEE, 3918, 0007, 2.41516, 4.8496223
12249823, 0xEEEE, 3919, 0007, 2.37407, 4.8744945
12252939, 0xEEEE, 3920, 0007, 2.55377, 4.8455787
12256070, 0xEEEE, 3921, 0007, 2.55377, 4.8571756
12259189, 0xEEEE, 3922, 0006, 2.55136, 4.8411536
12262314, 0xEEEE, 3923, 0006, 2.36762, 4.8611429
12265440, 0xEEEE, 3924, 0005, 2.41678, 4.8763256
12268565, 0xEEEE, 3925, 0005, 2.36278, 4.8484779
12271689, 0xEEEE, 3926, 0004, 1.97275, 4.8594644
12274825, 0xEEEE, 3927, 0004, 1.97436, 4.8328374
12277950, 0xEEEE, 3928, 0003, 1.57626, 4.8534371
12281081, 0xEEEE, 3929, 0003, 1.57949, 4.8719005
12284208, 0xEEEE, 3930, 0002, 1.17172, 4.8597696
12287326, 0xEEEE, 3931, 0002, 0.78813, 4.8691539
12290452, 0xEEEE, 3932, 0001, 0.81392, 4.8377203
12293576, 0xEEEE, 3933, 0001, 0.78813, 4.8606851
12296690, 0xEEEE, 3934, 0000, 0.39729, 4.8725109
12299814, 0xEEEE, 3935, 0000, 0.36747, 4.8603037
12302939, 0xEEEE, 3936, 0000, 0.01209, 4.8698405
12306070, 0xEEEE, 3937, 0000, 0.01209, 4.8415351
12309189, 0xEEEE, 3938, 0001, 0.01209, 4.8456550
12312314, 0xEEEE, 3939, 0001, 0.39245, 4.8578622
12315442, 0xEEEE, 3940, 0002, 0.38037, 4.8543526
12318572, 0xEEEE, 3941, 0002, 0.42711, 4.8684672
12321699, 0xEEEE, 3942, 0003, 0.78974, 4.8416114
12324822, 0xEEEE, 3943, 0003, 0.77443, 4.8467231
12327969, 0xEEEE, 3944, 0004, 1.18300, 4.8569467
12331089, 0xEEEE, 3945, 0004, 1.17817, 4.8680095
12334199, 0xEEEE, 3946, 0005, 1.57949, 4.8754864
12337323, 0xEEEE, 3947, 0005, 1.98484, 4.8484779
12340440, 0xEEEE, 3948, 0006, 1.97436, 4.8606851
12343573, 0xEEEE, 3949, 0006, 1.97355, 4.8545052
12346689, 0xEEEE, 3950, 0007, 2.36762, 4.8625925
12349814, 0xEEEE, 3951, 0007, 2.35150, 4.8738079
12352939, 0xEEEE, 3952, 0007, 2.54733, 4.8451209
12356070, 0xEEEE, 3953, 0007, 2.55055, 4.8622873
12359189, 0xEEEE, 3954, 0006, 2.55297, 4.8377966
12362321, 0xEEEE, 3955, 0006, 2.36762, 4.8587778
12365451, 0xEEEE, 3956, 0005, 2.36762, 4.8702983
12368576, 0xEEEE, 3957, 0005, 2.36681, 4.8582437
12371701, 0xEEEE, 3958, 0004, 1.97275, 4.8693828
12374826, 0xEEEE, 3959, 0004, 1.97355, 4.8480964
12377952, 0xEEEE, 3960, 0003, 1.54967, 4.8508431
12381081, 0xEEEE, 3961, 0003, 1.57788, 4.8669413
12384189, 0xEEEE, 3962, 0002, 1.18300, 4.8523690
12387314, 0xEEEE, 3963, 0002, 0.79216, 4.8670176
12390450, 0xEEEE, 3964, 0001, 0.78813, 4.8394751
12393565, 0xEEEE, 3965, 0001, 0.79055, 4.8609140
12396689, 0xEEEE, 3966, 0000, 0.39245, 4.8686961
12399814, 0xEEEE, 3967, 0000, 0.39245, 4.8566415
12402939, 0xEEEE, 3968, 0000, 0.01209, 4.8682383
12406072, 0xEEEE, 3969, 0000, 0.01128, 4.8408484
12409197, 0xEEEE, 3970, 0001, 0.01209, 4.8609903
12412323, 0xEEEE, 3971, 0001, 0.01209, 4.8535897
12415458, 0xEEEE, 3972, 0002, 0.42872, 4.8557259
12418574, 0xEEEE, 3973, 0002, 0.39245, 4.8713664
12421699, 0xEEEE, 3974, 0003, 0.78894, 4.8480201
12424823, 0xEEEE, 3975, 0003, 0.78894, 4.8607614
12427978, 0xEEEE, 3976, 0004, 1.18381, 4.8554208
12431070, 0xEEEE, 3977, 0004, 1.57788, 4.8518349
12434189, 0xEEEE, 3978, 0005, 1.57949, 4.8715190
12437314, 0xEEEE, 3979, 0005, 1.57868, 4.8419165
12440440, 0xEEEE, 3980, 0006, 1.98403, 4.8636606
12443565, 0xEEEE, 3981, 0006, 1.97355, 4.8461128
12446689, 0xEEEE, 3982, 0007, 2.36762, 4.8574044
12449816, 0xEEEE, 3983, 0007, 2.36601, 4.8715953
12452950, 0xEEEE, 3984, 0007, 2.53201, 4.8470283
12456081, 0xEEEE, 3985, 0007, 2.54974, 4.8664073
12459200, 0xEEEE, 3986, 0006, 2.55458, 4.8393225
12462327, 0xEEEE, 3987, 0006, 2.55136, 4.8583200
12465451, 0xEEEE, 3988, 0005, 2.36842, 4.8708324
12468576, 0xEEEE, 3989, 0005, 2.36923, 4.8415351
12471701, 0xEEEE, 3990, 0004, 1.97436, 4.8662547
12474826, 0xEEEE, 3991, 0004, 1.97275, 4.8460365
12477939, 0xEEEE, 3992, 0003, 1.57868, 4.8628977
12481070, 0xEEEE, 3993, 0003, 1.18542, 4.8686961
12484189, 0xEEEE, 3994, 0002, 1.18381, 4.8477913
12487314, 0xEEEE, 3995, 0002, 1.18623, 4.8651102
12490440, 0xEEEE, 3996, 0001, 0.78813, 4.8422217
12493565, 0xEEEE, 3997, 0001, 0.78733, 4.8573281
12496699, 0xEEEE, 3998, 0000, 0.38842, 4.8640421
12499823, 0xEEEE, 3999, 0000, 0.39245, 4.8648814
12502948, 0xEEEE, 4000, 0000, 0.01128, 4.8677806
12506079, 0xEEEE, 4001, 0000, 0.01128, 4.8339818
12509198, 0xEEEE, 4002, 0001, 0.01209, 4.8625162
12512332, 0xEEEE, 4003, 0001, 0.01128, 4.8593118
12515449, 0xEEEE, 4004, 0002, 0.40132, 4.8636606
12518565, 0xEEEE, 4005, 0002, 0.39165, 4.8660258
12521689, 0xEEEE, 4006, 0003, 0.78652, 4.8543526
12524814, 0xEEEE, 4007, 0003, 0.78813, 4.8565652
12527961, 0xEEEE, 4008, 0004, 1.18220, 4.8493935
12531069, 0xEEEE, 4009, 0004, 1.53678, 4.8754101
12534189, 0xEEEE, 4010, 0005, 1.58271, 4.8697642
12537314, 0xEEEE, 4011, 0005, 1.57949, 4.8537423
12540450, 0xEEEE, 4012, 0006, 1.98403, 4.8593881
12543576, 0xEEEE, 4013, 0006, 1.97114, 4.8490120
12546701, 0xEEEE, 4014, 0007, 2.36842, 4.8546578
12549826, 0xEEEE, 4015, 0007, 2.36762, 4.8664836
12552950, 0xEEEE, 4016, 0007, 2.55216, 4.8526741
12556081, 0xEEEE, 4017, 0007, 2.54088, 4.8697642
12559211, 0xEEEE, 4018, 0006, 2.55216, 4.8481727
12562314, 0xEEEE, 4019, 0006, 2.55458, 4.8513008
12565440, 0xEEEE, 4020, 0005, 2.36762, 4.8638895
12568565, 0xEEEE, 4021, 0005, 2.36762, 4.8608377
12571689, 0xEEEE, 4022, 0004, 1.99370, 4.8650340
12574814, 0xEEEE, 4023, 0004, 1.58029, 4.8353552
12577939, 0xEEEE, 4024, 0003, 1.57949, 4.8637369
12581070, 0xEEEE, 4025, 0003, 1.57304, 4.8620584
12584195, 0xEEEE, 4026, 0002, 1.18381, 4.8667124
12587323, 0xEEEE, 4027, 0002, 1.20234, 4.8679332
12590449, 0xEEEE, 4028, 0001, 0.78894, 4.8348211
12593574, 0xEEEE, 4029, 0001, 0.79458, 4.8654154
12596706, 0xEEEE, 4030, 0000, 0.36989, 4.8624399
12599823, 0xEEEE, 4031, 0000, 0.01209, 4.8450446
12602948, 0xEEEE, 4032, 0000, 0.01209, 4.8673228
12606069, 0xEEEE, 4033, 0000, 0.01209, 4.8429847
12609189, 0xEEEE, 4034, 0001, 0.01128, 4.8603799
12612314, 0xEEEE, 4035, 0001, 0.01128, 4.8600748
12615440, 0xEEEE, 4036, 0002, 0.39568, 4.8744182
12618565, 0xEEEE, 4037, 0002, 0.39407, 4.8650340
12621689, 0xEEEE, 4038, 0003, 0.79377, 4.8472572
12624814, 0xEEEE, 4039, 0003, 1.18381, 4.8575570
12627965, 0xEEEE, 4040, 0004, 1.19106, 4.8509957
12631081, 0xEEEE, 4041, 0004, 1.18300, 4.8594644
12634200, 0xEEEE, 4042, 0005, 1.60044, 4.8671702
12637326, 0xEEEE, 4043, 0005, 1.57868, 4.8463416
12640451, 0xEEEE, 4044, 0006, 2.02755, 4.8641947
12643587, 0xEEEE, 4045, 0006, 1.97678, 4.8439765
12646701, 0xEEEE, 4046, 0007, 2.36923, 4.8545815
12649814, 0xEEEE, 4047, 0007, 2.55297, 4.8600748
12652939, 0xEEEE, 4048, 0007, 2.55216, 4.8574044
12656079, 0xEEEE, 4049, 0007, 2.59568, 4.8659495
12659189, 0xEEEE, 4050, 0006, 2.54007, 4.8422980
12662314, 0xEEEE, 4051, 0006, 2.55538, 4.8696880
12665440, 0xEEEE, 4052, 0005, 2.36762, 4.8661784
12668564, 0xEEEE, 4053, 0005, 2.36681, 4.8573281
12671689, 0xEEEE, 4054, 0004, 1.97275, 4.8648814
12674823, 0xEEEE, 4055, 0004, 1.57465, 4.8376440
12677948, 0xEEEE, 4056, 0003, 1.58029, 4.8632792
12681084, 0xEEEE, 4057, 0003, 1.58513, 4.8587015
12684199, 0xEEEE, 4058, 0002, 1.18139, 4.8568704
12687323, 0xEEEE, 4059, 0002, 1.18381, 4.8656443
12690449, 0xEEEE, 4060, 0001, 0.78974, 4.8381781
12693565, 0xEEEE, 4061, 0001, 0.83648, 4.8722057
12696690, 0xEEEE, 4062, 0000, 0.39245, 4.8593118
12699814, 0xEEEE, 4063, 0000, 0.01128, 4.8545815
12702939, 0xEEEE, 4064, 0000, 0.01128, 4.8670939
12706070, 0xEEEE, 4065, 0000, 0.01209, 4.8377203
12709189, 0xEEEE, 4066, 0001, 0.01209, 4.8631266
12712314, 0xEEEE, 4067, 0001, 0.01209, 4.8495460
12715447, 0xEEEE, 4068, 0002, 0.39326, 4.8655680
12718576, 0xEEEE, 4069, 0002, 0.40535, 4.8616007
12721701, 0xEEEE, 4070, 0003, 0.78974, 4.8412299
12724825, 0xEEEE, 4071, 0003, 0.78813, 4.8619059
12727980, 0xEEEE, 4072, 0004, 1.23538, 4.8538186
12731082, 0xEEEE, 4073, 0004, 1.18381, 4.8654917
12734201, 0xEEEE, 4074, 0005, 1.58352, 4.8645762
12737325, 0xEEEE, 4075, 0005, 1.57788, 4.8496223
12740449, 0xEEEE, 4076, 0006, 1.97355, 4.8613718
12743565, 0xEEEE, 4077, 0006, 2.35714, 4.8558785
12746689, 0xEEEE, 4078, 0007, 2.36601, 4.8624399
12749814, 0xEEEE, 4079, 0007, 2.36762, 4.8664073
12752939, 0xEEEE, 4080, 0007, 2.55216, 4.8458076
12756070, 0xEEEE, 4081, 0007, 2.55216, 4.8644236
12759189, 0xEEEE, 4082, 0006, 2.55941, 4.8415351
12762322, 0xEEEE, 4083, 0006, 2.54571, 4.8618296
12765448, 0xEEEE, 4084, 0005, 2.36359, 4.8606088
12768574, 0xEEEE, 4085, 0005, 1.97436, 4.8662547
12771698, 0xEEEE, 4086, 0004, 1.97516, 4.8599985
12774823, 0xEEEE, 4087, 0004, 1.97919, 4.8346685
12777949, 0xEEEE, 4088, 0003, 1.58110, 4.8651865
12781079, 0xEEEE, 4089, 0003, 1.57949, 4.8603037
12784189, 0xEEEE, 4090, 0002, 1.18462, 4.8657206
12787325, 0xEEEE, 4091, 0002, 1.18220, 4.8635080
12790440, 0xEEEE, 4092, 0001, 0.78894, 4.8437476
12793565, 0xEEEE, 4093, 0001, 0.38198, 4.8715190
12796689, 0xEEEE, 4094, 0000, 0.39245, 4.8587778
12799814, 0xEEEE, 4095, 0000, 0.39326, 4.8580911
12802939, 0xEEEE, 4096, 0000, 0.01128, 4.8632029
12806077, 0xEEEE, 4097, 0000, 0.01209, 4.8361181
12809200, 0xEEEE, 4098, 0001, 0.01128, 4.8641184
12812327, 0xEEEE, 4099, 0001, 0.01128, 4.8493935
12815451, 0xEEEE, 4100, 0002, 0.39245, 4.8703746
12818577, 0xEEEE, 4101, 0002, 0.78813, 4.8620584
12821702, 0xEEEE, 4102, 0003, 0.78813, 4.8590066
12824834, 0xEEEE, 4103, 0003, 0.78733, 4.8626688
12827973, 0xEEEE, 4104, 0004, 1.17253, 4.8539712
12831070, 0xEEEE, 4105, 0004, 1.18462, 4.8709087
12834189, 0xEEEE, 4106, 0005, 1.55128, 4.8654917
12837314, 0xEEEE, 4107, 0005, 1.57707, 4.8591592
12840440, 0xEEEE, 4108, 0006, 1.97355, 4.8609903
12843565, 0xEEEE, 4109, 0006, 2.35634, 4.8442054
12846689, 0xEEEE, 4110, 0007, 2.35150, 4.8754101
12849817, 0xEEEE, 4111, 0007, 2.36762, 4.8596933
12852948, 0xEEEE, 4112, 0007, 2.55297, 4.8539712
12856079, 0xEEEE, 4113, 0007, 2.55216, 4.8633555
12859199, 0xEEEE, 4114, 0006, 2.55216, 4.8415351
12862324, 0xEEEE, 4115, 0006, 2.55136, 4.8721294
12865448, 0xEEEE, 4116, 0005, 2.37729, 4.8641184
12868574, 0xEEEE, 4117, 0005, 2.36520, 4.8565652
12871709, 0xEEEE, 4118, 0004, 1.97436, 4.8605325
12874814, 0xEEEE, 4119, 0004, 1.90264, 4.8409247
12877940, 0xEEEE, 4120, 0003, 1.57868, 4.8673991
12881070, 0xEEEE, 4121, 0003, 1.57949, 4.8621347
12884189, 0xEEEE, 4122, 0002, 1.18703, 4.8575570
12887314, 0xEEEE, 4123, 0002, 1.18381, 4.8638895
12890440, 0xEEEE, 4124, 0001, 0.79297, 4.8369574
12893568, 0xEEEE, 4125, 0001, 0.82359, 4.8712139
12896700, 0xEEEE, 4126, 0000, 0.39165, 4.8507668
12899825, 0xEEEE, 4127, 0000, 0.38681, 4.8599222
12902950, 0xEEEE, 4128, 0000, 0.01289, 4.8613718
12906081, 0xEEEE, 4129, 0000, 0.01209, 4.8422217
12909208, 0xEEEE, 4130, 0001, 0.01209, 4.8624399
12912326, 0xEEEE, 4131, 0001, 0.39245, 4.8518349
12915440, 0xEEEE, 4132, 0002, 0.39326, 4.8760204
12918565, 0xEEEE, 4133, 0002, 0.38842, 4.8633555
12921689, 0xEEEE, 4134, 0003, 0.78974, 4.8435187
12924814, 0xEEEE, 4135, 0003, 0.79136, 4.8648051
12927961, 0xEEEE, 4136, 0004, 1.18300, 4.8464942
12931070, 0xEEEE, 4137, 0004, 1.18300, 4.8700694
12934189, 0xEEEE, 4138, 0005, 1.57949, 4.8616007
12937314, 0xEEEE, 4139, 0005, 1.97114, 4.8566415
12940449, 0xEEEE, 4140, 0006, 1.97275, 4.8593881
12943574, 0xEEEE, 4141, 0006, 1.97355, 4.8400855
12946699, 0xEEEE, 4142, 0007, 2.40630, 4.8760204
12949823, 0xEEEE, 4143, 0007, 2.36198, 4.8588540
12952948, 0xEEEE, 4144, 0007, 2.55297, 4.8532845
12956089, 0xEEEE, 4145, 0007, 2.55216, 4.8611429
12959198, 0xEEEE, 4146, 0006, 2.55136, 4.8404669
12962314, 0xEEEE, 4147, 0006, 2.36681, 4.8668650
12965440, 0xEEEE, 4148, 0005, 2.30637, 4.8570230
12968565, 0xEEEE, 4149, 0005, 2.36117, 4.8609140
12971689, 0xEEEE, 4150, 0004, 1.97355, 4.8595407
12974814, 0xEEEE, 4151, 0004, 1.97355, 4.8375677
12977939, 0xEEEE, 4152, 0003, 1.57304, 4.8619059
12981070, 0xEEEE, 4153, 0003, 1.58029, 4.8545052
12984200, 0xEEEE, 4154, 0002, 1.15399, 4.8614481
12987325, 0xEEEE, 4155, 0002, 0.78894, 4.8594644
12990451, 0xEEEE, 4156, 0001, 0.75751, 4.8441291
12993583, 0xEEEE, 4157, 0001, 0.78894, 4.8646525
12996701, 0xEEEE, 4158, 0000, 0.39245, 4.8555734
12999826, 0xEEEE, 4159, 0000, 0.35700, 4.8694591
13002951, 0xEEEE, 4160, 0000, 0.01128, 4.8535897
13006070, 0xEEEE, 4161, 0000, 0.01128, 4.8444343
13009189, 0xEEEE, 4162, 0001, 0.01128, 4.8596933
13012314, 0xEEEE, 4163, 0001, 0.38440, 4.8474861
13015440, 0xEEEE, 4164, 0002, 0.40938, 4.8709850
13018565, 0xEEEE, 4165, 0002, 0.40374, 4.8577859
13021689, 0xEEEE, 4166, 0003, 0.78894, 4.8471809
13024814, 0xEEEE, 4167, 0003, 0.81150, 4.8612192
13027966, 0xEEEE, 4168, 0004, 1.18300, 4.8496223
13031078, 0xEEEE, 4169, 0004, 1.18220, 4.8806744
13034198, 0xEEEE, 4170, 0005, 1.57868, 4.8597696
13037323, 0xEEEE, 4171, 0005, 1.56901, 4.8425269
13040459, 0xEEEE, 4172, 0006, 1.97355, 4.8587778
13043574, 0xEEEE, 4173, 0006, 1.97355, 4.8477150
13046699, 0xEEEE, 4174, 0007, 2.36762, 4.8712139
13049814, 0xEEEE, 4175, 0007, 2.34344, 4.8554208
13052948, 0xEEEE, 4176, 0007, 2.54813, 4.8555734
13056070, 0xEEEE, 4177, 0007, 2.55055, 4.8601511
13059189, 0xEEEE, 4178, 0006, 2.55297, 4.8362707
13062314, 0xEEEE, 4179, 0006, 2.55216, 4.8735027
13065440, 0xEEEE, 4180, 0005, 2.36762, 4.8583963
13068565, 0xEEEE, 4181, 0005, 2.36278, 4.8606088
13071695, 0xEEEE, 4182, 0004, 1.97355, 4.8570993
13074825, 0xEEEE, 4183, 0004, 1.97436, 4.8348211
13077950, 0xEEEE, 4184, 0003, 1.55773, 4.8643473
13081081, 0xEEEE, 4185, 0003, 1.18381, 4.8522927
13084201, 0xEEEE, 4186, 0002, 1.18300, 4.8602274
13087326, 0xEEEE, 4187, 0002, 1.18542, 4.8599985
13090451, 0xEEEE, 4188, 0001, 0.78733, 4.8424506
13093565, 0xEEEE, 4189, 0001, 0.78813, 4.8690013
13096689, 0xEEEE, 4190, 0000, 0.39407, 4.8556497
13099825, 0xEEEE, 4191, 0000, 0.39165, 4.8690013
13102939, 0xEEEE, 4192, 0000, 0.01128, 4.8603799
13106070, 0xEEEE, 4193, 0000, 0.01128, 4.8441291
13109189, 0xEEEE, 4194, 0001, 0.01128, 4.8578622
13112314, 0xEEEE, 4195, 0001, 0.01128, 4.8496223
13115445, 0xEEEE, 4196, 0002, 0.33443, 4.8731975
13118573, 0xEEEE, 4197, 0002, 0.39165, 4.8597696
13121699, 0xEEEE, 4198, 0003, 0.78894, 4.8451972
13124833, 0xEEEE, 4199, 0003, 0.78733, 4.8603037
13127969, 0xEEEE, 4200, 0004, 1.18139, 4.8422980
13131078, 0xEEEE, 4201, 0004, 1.58029, 4.8688487
13134198, 0xEEEE, 4202, 0005, 1.57868, 4.8658732
13137330, 0xEEEE, 4203, 0005, 1.57949, 4.8626688
13140440, 0xEEEE, 4204, 0006, 1.97033, 4.8612955
13143565, 0xEEEE, 4205, 0006, 1.97355, 4.8367285
13146689, 0xEEEE, 4206, 0007, 2.36842, 4.8756390
13149814, 0xEEEE, 4207, 0007, 2.36681, 4.8578622
13152939, 0xEEEE, 4208, 0007, 2.56425, 4.8454261
13156070, 0xEEEE, 4209, 0007, 2.55297, 4.8592355
13159190, 0xEEEE, 4210, 0006, 2.55377, 4.8441291
13162325, 0xEEEE, 4211, 0006, 2.55297, 4.8747234
13165451, 0xEEEE, 4212, 0005, 2.36762, 4.8660258
13168576, 0xEEEE, 4213, 0005, 2.31604, 4.8632792
13171702, 0xEEEE, 4214, 0004, 1.97114, 4.8616007
13174826, 0xEEEE, 4215, 0004, 1.97355, 4.8380255
13177951, 0xEEEE, 4216, 0003, 1.57868, 4.8714427
13181081, 0xEEEE, 4217, 0003, 1.20960, 4.8531319
13184200, 0xEEEE, 4218, 0002, 1.18462, 4.8691539
13187314, 0xEEEE, 4219, 0002, 1.18542, 4.8637369
13190440, 0xEEEE, 4220, 0001, 0.78007, 4.8323796
13193565, 0xEEEE, 4221, 0001, 0.78894, 4.8672465
13196689, 0xEEEE, 4222, 0000, 0.38842, 4.8605325
13199814, 0xEEEE, 4223, 0000, 0.39245, 4.8635843
13202939, 0xEEEE, 4224, 0000, 0.01209, 4.8616770
13206078, 0xEEEE, 4225, 0000, 0.01128, 4.8420691
13209198, 0xEEEE, 4226, 0001, 0.01209, 4.8689250
13212323, 0xEEEE, 4227, 0001, 0.01209, 4.8473335
13215449, 0xEEEE, 4228, 0002, 0.39004, 4.8723583
13218573, 0xEEEE, 4229, 0002, 0.39326, 4.8586252
13221707, 0xEEEE, 4230, 0003, 0.78813, 4.8422217
13224823, 0xEEEE, 4231, 0003, 1.17253, 4.8626688
13227969, 0xEEEE, 4232, 0004, 1.18381, 4.8477150
13231070, 0xEEEE, 4233, 0004, 1.15480, 4.8701457
13234189, 0xEEEE, 4234, 0005, 1.58190, 4.8626688
13237314, 0xEEEE, 4235, 0005, 1.57707, 4.8491646
13240440, 0xEEEE, 4236, 0006, 1.96711, 4.8603037
13243565, 0xEEEE, 4237, 0006, 1.97516, 4.8403143
13246689, 0xEEEE, 4238, 0007, 2.36762, 4.8609140
13249823, 0xEEEE, 4239, 0007, 2.55297, 4.8606851
13252950, 0xEEEE, 4240, 0007, 2.58278, 4.8521401
13256081, 0xEEEE, 4241, 0007, 2.55055, 4.8621347
13259201, 0xEEEE, 4242, 0006, 2.55538, 4.8342870
13262326, 0xEEEE, 4243, 0006, 2.55216, 4.8713664
13265451, 0xEEEE, 4244, 0005, 2.36762, 4.8590066
13268587, 0xEEEE, 4245, 0005, 2.36762, 4.8552682
13271690, 0xEEEE, 4246, 0004, 1.98322, 4.8639658
13274814, 0xEEEE, 4247, 0004, 1.57868, 4.8417639
13277939, 0xEEEE, 4248, 0003, 1.57868, 4.8612955
13281070, 0xEEEE, 4249, 0003, 1.57626, 4.8572519
13284189, 0xEEEE, 4250, 0002, 1.18381, 4.8725109
13287314, 0xEEEE, 4251, 0002, 1.18542, 4.8616770
13290440, 0xEEEE, 4252, 0001, 0.81150, 4.8484016
13293569, 0xEEEE, 4253, 0001, 0.78571, 4.8652628
13296699, 0xEEEE, 4254, 0000, 0.38117, 4.8570993
13299823, 0xEEEE, 4255, 0000, 0.01209, 4.8699168
13302948, 0xEEEE, 4256, 0000, 0.01209, 4.8603037
13306086, 0xEEEE, 4257, 0000, 0.01209, 4.8358129
13309199, 0xEEEE, 4258, 0001, 0.01209, 4.8647288
13312323, 0xEEEE, 4259, 0001, 0.01209, 4.8543526
13315440, 0xEEEE, 4260, 0002, 0.37392, 4.8727398
13318565, 0xEEEE, 4261, 0002, 0.39165, 4.8644236
13321690, 0xEEEE, 4262, 0003, 0.78894, 4.8397803
13324814, 0xEEEE, 4263, 0003, 1.18462, 4.8604562
13327961, 0xEEEE, 4264, 0004, 1.18462, 4.8471046
13331069, 0xEEEE, 4265, 0004, 1.22330, 4.8700694
13334189, 0xEEEE, 4266, 0005, 1.57788, 4.8603799
13337318, 0xEEEE, 4267, 0005, 1.57868, 4.8495460
13340451, 0xEEEE, 4268, 0006, 1.97033, 4.8637369
13343576, 0xEEEE, 4269, 0006, 1.97597, 4.8497749
13346701, 0xEEEE, 4270, 0007, 2.36762, 4.8716716
13349826, 0xEEEE, 4271, 0007, 2.36681, 4.8606851
13352961, 0xEEEE, 4272, 0007, 2.60615, 4.8452735
13356081, 0xEEEE, 4273, 0007, 2.55136, 4.8607614
13359189, 0xEEEE, 4274, 0006, 2.55136, 4.8290990
13362314, 0xEEEE, 4275, 0006, 2.55377, 4.8754864
13365448, 0xEEEE, 4276, 0005, 2.36842, 4.8619059
13368565, 0xEEEE, 4277, 0005, 1.97355, 4.8619821
13371689, 0xEEEE, 4278, 0004, 1.97597, 4.8607614
13374814, 0xEEEE, 4279, 0004, 1.97436, 4.8351263
13377939, 0xEEEE, 4280, 0003, 1.57868, 4.8690013
13381070, 0xEEEE, 4281, 0003, 1.57465, 4.8549630
13384198, 0xEEEE, 4282, 0002, 1.18381, 4.8667887
13387323, 0xEEEE, 4283, 0002, 1.19187, 4.8620584
13390454, 0xEEEE, 4284, 0001, 0.78894, 4.8447395
13393574, 0xEEEE, 4285, 0001, 0.39245, 4.8646525
13396698, 0xEEEE, 4286, 0000, 0.42952, 4.8562600
13399823, 0xEEEE, 4287, 0000, 0.39245, 4.8701457
13402948, 0xEEEE, 4288, 0000, 0.01209, 4.8619821
13406070, 0xEEEE, 4289, 0000, 0.01128, 4.8371862
13409189, 0xEEEE, 4290, 0001, 0.01128, 4.8625162
13412314, 0xEEEE, 4291, 0001, 0.01128, 4.8558022
13415440, 0xEEEE, 4292, 0002, 0.40212, 4.8714427
13418565, 0xEEEE, 4293, 0002, 0.78894, 4.8625925
13421689, 0xEEEE, 4294, 0003, 0.78571, 4.8485542
13424814, 0xEEEE, 4295, 0003, 0.84212, 4.8618296
13427972, 0xEEEE, 4296, 0004, 1.18220, 4.8555734
13431081, 0xEEEE, 4297, 0004, 1.18300, 4.8635080
13434200, 0xEEEE, 4298, 0005, 1.57868, 4.8599985
13437334, 0xEEEE, 4299, 0005, 1.57788, 4.8551919
13440452, 0xEEEE, 4300, 0006, 1.98000, 4.8596933
13443577, 0xEEEE, 4301, 0006, 2.36923, 4.8469520
13446701, 0xEEEE, 4302, 0007, 2.36842, 4.8767071
13449823, 0xEEEE, 4303, 0007, 2.36762, 4.8569467
13452939, 0xEEEE, 4304, 0007, 2.52557, 4.8603799
13456070, 0xEEEE, 4305, 0007, 2.53685, 4.8601511
13459189, 0xEEEE, 4306, 0006, 2.55216, 4.8430610
13462314, 0xEEEE, 4307, 0006, 2.55216, 4.8669413
13465440, 0xEEEE, 4308, 0005, 2.36762, 4.8503090
13468565, 0xEEEE, 4309, 0005, 1.97436, 4.8683146
13471696, 0xEEEE, 4310, 0004, 1.99128, 4.8562600
13474822, 0xEEEE, 4311, 0004, 1.97436, 4.8521401
13477948, 0xEEEE, 4312, 0003, 1.57949, 4.8705272
13481079, 0xEEEE, 4313, 0003, 1.56418, 4.8619059
13484198, 0xEEEE, 4314, 0002, 1.18381, 4.8680858
13487323, 0xEEEE, 4315, 0002, 1.21121, 4.8562600
13490449, 0xEEEE, 4316, 0001, 0.78813, 4.8340581
13493565, 0xEEEE, 4317, 0001, 0.40293, 4.8676280
13496700, 0xEEEE, 4318, 0000, 0.39326, 4.8517586
13499814, 0xEEEE, 4319, 0000, 0.39326, 4.8706798
13502940, 0xEEEE, 4320, 0000, 0.01209, 4.8517586
13506070, 0xEEEE, 4321, 0000, 0.01209, 4.8556497
13509189, 0xEEEE, 4322, 0001, 0.01209, 4.8619059
13512314, 0xEEEE, 4323, 0001, 0.01128, 4.8538949
13515447, 0xEEEE, 4324, 0002, 0.39245, 4.8578622
13518576, 0xEEEE, 4325, 0002, 0.39245, 4.8546578
13521702, 0xEEEE, 4326, 0003, 0.76154, 4.8549630
13524826, 0xEEEE, 4327, 0003, 0.78813, 4.8610666
13527972, 0xEEEE, 4328, 0004, 1.18462, 4.8487068
13531081, 0xEEEE, 4329, 0004, 1.18381, 4.8633555
13534209, 0xEEEE, 4330, 0005, 1.57465, 4.8587015
13537314, 0xEEEE, 4331, 0005, 1.97436, 4.8574807
13540440, 0xEEEE, 4332, 0006, 1.97436, 4.8613718
13543565, 0xEEEE, 4333, 0006, 1.97597, 4.8478676
13546689, 0xEEEE, 4334, 0007, 2.36762, 4.8728161
13549814, 0xEEEE, 4335, 0007, 2.36681, 4.8620584
13552939, 0xEEEE, 4336, 0007, 2.55136, 4.8461128
13556070, 0xEEEE, 4337, 0007, 2.51348, 4.8612955
13559191, 0xEEEE, 4338, 0006, 2.55136, 4.8434424
13562323, 0xEEEE, 4339, 0006, 2.36842, 4.8704509
13565449, 0xEEEE, 4340, 0005, 2.37004, 4.8532845
13568574, 0xEEEE, 4341, 0005, 2.36842, 4.8488594
13571699, 0xEEEE, 4342, 0004, 1.97436, 4.8550393
13574823, 0xEEEE, 4343, 0004, 1.97516, 4.8387121
13577948, 0xEEEE, 4344, 0003, 1.57949, 4.8648051
13581090, 0xEEEE, 4345, 0003, 1.53758, 4.8580148
13584189, 0xEEEE, 4346, 0002, 1.18381, 4.8583200
13587314, 0xEEEE, 4347, 0002, 0.78894, 4.8538186
13590440, 0xEEEE, 4348, 0001, 0.78813, 4.8328374
13593565, 0xEEEE, 4349, 0001, 0.78733, 4.8702220
13596689, 0xEEEE, 4350, 0000, 0.39245, 4.8563363
13599814, 0xEEEE, 4351, 0000, 0.39245, 4.8698405
13602940, 0xEEEE, 4352, 0000, 0.01128, 4.8532082
13606081, 0xEEEE, 4353, 0000, 0.01128, 4.8471809
13609200, 0xEEEE, 4354, 0001, 0.01128, 4.8628214
13612325, 0xEEEE, 4355, 0001, 0.38681, 4.8449683
13615452, 0xEEEE, 4356, 0002, 0.39245, 4.8677043
13618585, 0xEEEE, 4357, 0002, 0.39326, 4.8576333
13621701, 0xEEEE, 4358, 0003, 0.78571, 4.8471046
13624814, 0xEEEE, 4359, 0003, 0.78813, 4.8585489
13627972, 0xEEEE, 4360, 0004, 1.18300, 4.8466468
13631070, 0xEEEE, 4361, 0004, 1.18462, 4.8709850
13634189, 0xEEEE, 4362, 0005, 1.58029, 4.8570993
13637314, 0xEEEE, 4363, 0005, 1.97275, 4.8533608
13640440, 0xEEEE, 4364, 0006, 1.97436, 4.8599985
13643565, 0xEEEE, 4365, 0006, 1.97839, 4.8555734
13646689, 0xEEEE, 4366, 0007, 2.36762, 4.8846418
13649823, 0xEEEE, 4367, 0007, 2.36681, 4.8563363
13652948, 0xEEEE, 4368, 0007, 2.55216, 4.8594644
13656078, 0xEEEE, 4369, 0007, 2.55297, 4.8559548
13659199, 0xEEEE, 4370, 0006, 2.55538, 4.8467231
13662323, 0xEEEE, 4371, 0006, 2.54894, 4.8641184
13665459, 0xEEEE, 4372, 0005, 2.36601, 4.8590066
13668574, 0xEEEE, 4373, 0005, 2.36681, 4.8536660
13671690, 0xEEEE, 4374, 0004, 1.97114, 4.8574044
13674814, 0xEEEE, 4375, 0004, 1.98081, 4.8434424
13677939, 0xEEEE, 4376, 0003, 1.57788, 4.8675517
13681070, 0xEEEE, 4377, 0003, 1.17736, 4.8567941
13684189, 0xEEEE, 4378, 0002, 1.18381, 4.8690776
13687314, 0xEEEE, 4379, 0002, 1.19670, 4.8550393
13690445, 0xEEEE, 4380, 0001, 0.78813, 4.8445106
13693575, 0xEEEE, 4381, 0001, 0.78330, 4.8683146
13696701, 0xEEEE, 4382, 0000, 0.42791, 4.8590066
13699826, 0xEEEE, 4383, 0000, 0.39326, 4.8709087
13702958, 0xEEEE, 4384, 0000, 0.01128, 4.8518349
13706081, 0xEEEE, 4385, 0000, 0.01048, 4.8389410
13709201, 0xEEEE, 4386, 0001, 0.01209, 4.8647288
13712326, 0xEEEE, 4387, 0001, 0.01209, 4.8556497
13715440, 0xEEEE, 4388, 0002, 0.39245, 4.8651865
13718565, 0xEEEE, 4389, 0002, 0.39245, 4.8497749
13721689, 0xEEEE, 4390, 0003, 0.78088, 4.8446632
13724814, 0xEEEE, 4391, 0003, 0.78813, 4.8595407
13727961, 0xEEEE, 4392, 0004, 1.17897, 4.8442054
13731070, 0xEEEE, 4393, 0004, 1.57949, 4.8821241
13734189, 0xEEEE, 4394, 0005, 1.56015, 4.8559548
13737319, 0xEEEE, 4395, 0005, 1.57868, 4.8535897
13740448, 0xEEEE, 4396, 0006, 1.97355, 4.8552682
13743574, 0xEEEE, 4397, 0006, 1.97839, 4.8474098
13746699, 0xEEEE, 4398, 0007, 2.36681, 4.8645762
13749833, 0xEEEE, 4399, 0007, 2.36762, 4.8515297
13752949, 0xEEEE, 4400, 0007, 2.55136, 4.8539712
13756078, 0xEEEE, 4401, 0007, 2.59971, 4.8555734
13759189, 0xEEEE, 4402, 0006, 2.54652, 4.8355077
13762322, 0xEEEE, 4403, 0006, 2.54733, 4.8695354
13765440, 0xEEEE, 4404, 0005, 2.36842, 4.8602274
13768565, 0xEEEE, 4405, 0005, 2.36762, 4.8635080
13771689, 0xEEEE, 4406, 0004, 1.97275, 4.8549630
13774814, 0xEEEE, 4407, 0004, 1.98242, 4.8424506
13777939, 0xEEEE, 4408, 0003, 1.58029, 4.8664836
13781074, 0xEEEE, 4409, 0003, 1.17978, 4.8574807
13784201, 0xEEEE, 4410, 0002, 1.18139, 4.8746471
13787325, 0xEEEE, 4411, 0002, 1.21443, 4.8562600
13790451, 0xEEEE, 4412, 0001, 0.78894, 4.8390173
13793577, 0xEEEE, 4413, 0001, 0.80667, 4.8677043
13796701, 0xEEEE, 4414, 0000, 0.39326, 4.8628214
13799826, 0xEEEE, 4415, 0000, 0.39326, 4.8663310
13802939, 0xEEEE, 4416, 0000, 0.01128, 4.8496223
13806070, 0xEEEE, 4417, 0000, 0.01128, 4.8487831
13809200, 0xEEEE, 4418, 0001, 0.01209, 4.8628977
13812314, 0xEEEE, 4419, 0001, 0.01209, 4.8510719
13815440, 0xEEEE, 4420, 0002, 0.39326, 4.8810559
13818565, 0xEEEE, 4421, 0002, 0.39487, 4.8518349
13821689, 0xEEEE, 4422, 0003, 0.81070, 4.8490883
13824814, 0xEEEE, 4423, 0003, 0.78733, 4.8538186
13827969, 0xEEEE, 4424, 0004, 1.19187, 4.8584726
13831078, 0xEEEE, 4425, 0004, 1.18300, 4.8722057
13834207, 0xEEEE, 4426, 0005, 1.58835, 4.8515297
13837324, 0xEEEE, 4427, 0005, 1.58029, 4.8583963
13840449, 0xEEEE, 4428, 0006, 1.97275, 4.8558022
13843574, 0xEEEE, 4429, 0006, 1.95985, 4.8384070
13846707, 0xEEEE, 4430, 0007, 2.36681, 4.8733501
13849814, 0xEEEE, 4431, 0007, 2.55216, 4.8577096
13852939, 0xEEEE, 4432, 0007, 2.55136, 4.8620584
13856070, 0xEEEE, 4433, 0007, 2.55216, 4.8556497
13859189, 0xEEEE, 4434, 0006, 2.60374, 4.8406195
13862314, 0xEEEE, 4435, 0006, 2.55055, 4.8746471
13865440, 0xEEEE, 4436, 0005, 2.36842, 4.8557259
13868566, 0xEEEE, 4437, 0005, 2.36842, 4.8629740
13871701, 0xEEEE, 4438, 0004, 1.97436, 4.8514534
13874825, 0xEEEE, 4439, 0004, 1.57707, 4.8444343
13877950, 0xEEEE, 4440, 0003, 1.57949, 4.8688487
13881081, 0xEEEE, 4441, 0003, 1.63187, 4.8622110
13884201, 0xEEEE, 4442, 0002, 1.18059, 4.8589303
13887326, 0xEEEE, 4443, 0002, 1.18381, 4.8522164
13890451, 0xEEEE, 4444, 0001, 0.78813, 4.8572519
13893587, 0xEEEE, 4445, 0001, 0.80828, 4.8676280
13896689, 0xEEEE, 4446, 0000, 0.39326, 4.8467994
13899814, 0xEEEE, 4447, 0000, 0.01128, 4.8770886
13902939, 0xEEEE, 4448, 0000, 0.01209, 4.8540475
13906070, 0xEEEE, 4449, 0000, 0.01128, 4.8568704
13909189, 0xEEEE, 4450, 0001, 0.01209, 4.8582437
13912314, 0xEEEE, 4451, 0001, 0.01128, 4.8577096
13915448, 0xEEEE, 4452, 0002, 0.39165, 4.8753338
13918574, 0xEEEE, 4453, 0002, 0.39245, 4.8445106
13921699, 0xEEEE, 4454, 0003, 0.82842, 4.8572519
13924824, 0xEEEE, 4455, 0003, 1.18381, 4.8542000
13927970, 0xEEEE, 4456, 0004, 1.21443, 4.8450446
13931087, 0xEEEE, 4457, 0004, 1.18300, 4.8776989
13934198, 0xEEEE, 4458, 0005, 1.56337, 4.8490120
13937314, 0xEEEE, 4459, 0005, 1.57949, 4.8598459
13940440, 0xEEEE, 4460, 0006, 1.97355, 4.8506905
13943565, 0xEEEE, 4461, 0006, 1.96308, 4.8457313
13946689, 0xEEEE, 4462, 0007, 2.37245, 4.8790723
13949814, 0xEEEE, 4463, 0007, 2.55216, 4.8611429
13952939, 0xEEEE, 4464, 0007, 2.55136, 4.8758679
13956070, 0xEEEE, 4465, 0007, 2.55297, 4.8538949
13959196, 0xEEEE, 4466, 0006, 2.57553, 4.8478676
13962325, 0xEEEE, 4467, 0006, 2.52234, 4.8773175
13965451, 0xEEEE, 4468, 0005, 2.36601, 4.8447395
13968576, 0xEEEE, 4469, 0005, 2.36923, 4.8722057
13971701, 0xEEEE, 4470, 0004, 1.97516, 4.8439002
13974826, 0xEEEE, 4471, 0004, 1.98967, 4.8579385
13977962, 0xEEEE, 4472, 0003, 1.58110, 4.8680858
13981069, 0xEEEE, 4473, 0003, 1.57868, 4.8496223
13984189, 0xEEEE, 4474, 0002, 1.18462, 4.8691539
13987314, 0xEEEE, 4475, 0002, 1.18381, 4.8531319
13990440, 0xEEEE, 4476, 0001, 0.78813, 4.8538186
13993565, 0xEEEE, 4477, 0001, 0.39971, 4.8623636
13996689, 0xEEEE, 4478, 0000, 0.39245, 4.8664836
13999814, 0xEEEE, 4479, 0000, 0.39407, 4.8741131
14002942, 0xEEEE, 4480, 0000, 0.01128, 4.8517586
14006078, 0xEEEE, 4481, 0000, 0.01128, 4.8511482
14009197, 0xEEEE, 4482, 0001, 0.01209, 4.8585489
14012323, 0xEEEE, 4483, 0001, 0.01128, 4.8475624
14015456, 0xEEEE, 4484, 0002, 0.39245, 4.8741131
14018574, 0xEEEE, 4485, 0002, 0.78733, 4.8526741
14021699, 0xEEEE, 4486, 0003, 0.78813, 4.8544289
14024814, 0xEEEE, 4487, 0003, 0.78813, 4.8536660
14027970, 0xEEEE, 4488, 0004, 1.18462, 4.8591592
14031070, 0xEEEE, 4489, 0004, 1.18220, 4.8755627
14034189, 0xEEEE, 4490, 0005, 1.50696, 4.8579385
14037314, 0xEEEE, 4491, 0005, 1.58593, 4.8621347
14040440, 0xEEEE, 4492, 0006, 1.97516, 4.8531319
14043565, 0xEEEE, 4493, 0006, 2.39018, 4.8583200
14046692, 0xEEEE, 4494, 0007, 2.36037, 4.8731975
14049825, 0xEEEE, 4495, 0007, 2.36842, 4.8555734
14052950, 0xEEEE, 4496, 0007, 2.55136, 4.8612192
14056081, 0xEEEE, 4497, 0007, 2.55216, 4.8455787
14059201, 0xEEEE, 4498, 0006, 2.55216, 4.8486305
14062337, 0xEEEE, 4499, 0006, 2.55216, 4.8747234
14065451, 0xEEEE, 4500, 0005, 2.36278, 4.8609140
14068565, 0xEEEE, 4501, 0005, 1.97436, 4.8760967
14071689, 0xEEEE, 4502, 0004, 1.97194, 4.8451209
14074822, 0xEEEE, 4503, 0004, 1.97355, 4.8467994
14077939, 0xEEEE, 4504, 0003, 1.57868, 4.8668650
14081070, 0xEEEE, 4505, 0003, 1.57868, 4.8500038
14084189, 0xEEEE, 4506, 0002, 1.18220, 4.8754101
14087314, 0xEEEE, 4507, 0002, 1.18300, 4.8475624
14090445, 0xEEEE, 4508, 0001, 0.78249, 4.8533608
14093573, 0xEEEE, 4509, 0001, 0.38359, 4.8629740
14096699, 0xEEEE, 4510, 0000, 0.39165, 4.8600748
14099828, 0xEEEE, 4511, 0000, 0.38762, 4.8834211
14102948, 0xEEEE, 4512, 0000, 0.01128, 4.8494697
14106079, 0xEEEE, 4513, 0000, 0.01128, 4.8520638
14109198, 0xEEEE, 4514, 0001, 0.01209, 4.8568704
14112323, 0xEEEE, 4515, 0001, 0.01370, 4.8509957
14115440, 0xEEEE, 4516, 0002, 0.39084, 4.8797589
14118565, 0xEEEE, 4517, 0002, 0.79055, 4.8555734
14121689, 0xEEEE, 4518, 0003, 0.78813, 4.8560311
14124814, 0xEEEE, 4519, 0003, 0.78974, 4.8515297
14127961, 0xEEEE, 4520, 0004, 1.18462, 4.8459602
14131070, 0xEEEE, 4521, 0004, 1.17817, 4.8780041
14134189, 0xEEEE, 4522, 0005, 1.57788, 4.8525216
14137325, 0xEEEE, 4523, 0005, 1.59399, 4.8634318
14140451, 0xEEEE, 4524, 0006, 1.97436, 4.8484779
14143576, 0xEEEE, 4525, 0006, 1.97516, 4.8538186
14146710, 0xEEEE, 4526, 0007, 2.41275, 4.8717479
14149826, 0xEEEE, 4527, 0007, 2.36440, 4.8493172
14152951, 0xEEEE, 4528, 0007, 2.55297, 4.8721294
14156081, 0xEEEE, 4529, 0007, 2.55216, 4.8470283
14159209, 0xEEEE, 4530, 0006, 2.55297, 4.8471046
14162314, 0xEEEE, 4531, 0006, 2.36681, 4.8722057
14165440, 0xEEEE, 4532, 0005, 2.36520, 4.8464179
14168565, 0xEEEE, 4533, 0005, 2.37245, 4.8694591
14171689, 0xEEEE, 4534, 0004, 1.97275, 4.8484779
14174814, 0xEEEE, 4535, 0004, 1.97355, 4.8401617
14177939, 0xEEEE, 4536, 0003, 1.57465, 4.8621347
14181075, 0xEEEE, 4537, 0003, 1.57868, 4.8633555
14184198, 0xEEEE, 4538, 0002, 1.16205, 4.8722820
14187323, 0xEEEE, 4539, 0002, 0.78974, 4.8449683
14190449, 0xEEEE, 4540, 0001, 0.81311, 4.8545815
14193574, 0xEEEE, 4541, 0001, 0.78813, 4.8619821
14196699, 0xEEEE, 4542, 0000, 0.39729, 4.8508431
14199823, 0xEEEE, 4543, 0000, 0.38762, 4.8761730
14202939, 0xEEEE, 4544, 0000, 0.01128, 4.8493172
14206080, 0xEEEE, 4545, 0000, 0.01128, 4.8541238
14209189, 0xEEEE, 4546, 0001, 0.01128, 4.8561837
14212314, 0xEEEE, 4547, 0001, 0.39165, 4.8555734
14215440, 0xEEEE, 4548, 0002, 0.39568, 4.8746471
14218565, 0xEEEE, 4549, 0002, 0.42227, 4.8508431
14221689, 0xEEEE, 4550, 0003, 0.78733, 4.8596933
14224818, 0xEEEE, 4551, 0003, 0.77766, 4.8507668
14227972, 0xEEEE, 4552, 0004, 1.18381, 4.8473335
14231081, 0xEEEE, 4553, 0004, 1.16930, 4.8746471
14234201, 0xEEEE, 4554, 0005, 1.57868, 4.8599985
14237326, 0xEEEE, 4555, 0005, 1.97758, 4.8621347
14240451, 0xEEEE, 4556, 0006, 1.97516, 4.8433661
14243585, 0xEEEE, 4557, 0006, 1.97355, 4.8597696
14246690, 0xEEEE, 4558, 0007, 2.38938, 4.8741131
14249814, 0xEEEE, 4559, 0007, 2.38535, 4.8564126
14252940, 0xEEEE, 4560, 0007, 2.55458, 4.8699168
14256070, 0xEEEE, 4561, 0007, 2.55136, 4.8416876
14259189, 0xEEEE, 4562, 0006, 2.55216, 4.8553445
14262314, 0xEEEE, 4563, 0006, 2.36681, 4.8715190
14265440, 0xEEEE, 4564, 0005, 2.36601, 4.8656443
14268565, 0xEEEE, 4565, 0005, 2.37971, 4.8704509
14271699, 0xEEEE, 4566, 0004, 1.97275, 4.8439765
14274823, 0xEEEE, 4567, 0004, 1.97436, 4.8493935
14277948, 0xEEEE, 4568, 0003, 1.58352, 4.8612955
14281079, 0xEEEE, 4569, 0003, 1.57788, 4.8653391
14284198, 0xEEEE, 4570, 0002, 1.14432, 4.8758679
14287323, 0xEEEE, 4571, 0002, 1.18220, 4.8525978
14290459, 0xEEEE, 4572, 0001, 0.74864, 4.8514534
14293565, 0xEEEE, 4573, 0001, 0.78894, 4.8557259
14296689, 0xEEEE, 4574, 0000, 0.39245, 4.8558022
14299814, 0xEEEE, 4575, 0000, 0.32637, 4.8751812
14302939, 0xEEEE, 4576, 0000, 0.01128, 4.8487068
14306070, 0xEEEE, 4577, 0000, 0.01128, 4.8456550
14309189, 0xEEEE, 4578, 0001, 0.01128, 4.8543526
14312315, 0xEEEE, 4579, 0001, 0.01209, 4.8644999
14315451, 0xEEEE, 4580, 0002, 0.38440, 4.8802930
14318576, 0xEEEE, 4581, 0002, 0.39326, 4.8529030
14321701, 0xEEEE, 4582, 0003, 0.78813, 4.8606851
14324826, 0xEEEE, 4583, 0003, 0.77927, 4.8455024
14327979, 0xEEEE, 4584, 0004, 1.18220, 4.8407721
14331081, 0xEEEE, 4585, 0004, 1.58190, 4.8723583
14334201, 0xEEEE, 4586, 0005, 1.57868, 4.8532845
14337314, 0xEEEE, 4587, 0005, 1.54806, 4.8625925
14340440, 0xEEEE, 4588, 0006, 1.97758, 4.8425269
14343565, 0xEEEE, 4589, 0006, 1.97355, 4.8587778
14346689, 0xEEEE, 4590, 0007, 2.36762, 4.8725109
14349814, 0xEEEE, 4591, 0007, 2.40066, 4.8510719
14352939, 0xEEEE, 4592, 0007, 2.54733, 4.8798352
14356070, 0xEEEE, 4593, 0007, 2.55216, 4.8440528
14359198, 0xEEEE, 4594, 0006, 2.55136, 4.8384070
14362323, 0xEEEE, 4595, 0006, 2.55216, 4.8716716
14365448, 0xEEEE, 4596, 0005, 2.36520, 4.8518349
14368574, 0xEEEE, 4597, 0005, 2.36842, 4.8731975
14371699, 0xEEEE, 4598, 0004, 1.97194, 4.8444343
14374834, 0xEEEE, 4599, 0004, 1.97355, 4.8552682
14377948, 0xEEEE, 4600, 0003, 1.59883, 4.8616770
14381070, 0xEEEE, 4601, 0003, 1.18381, 4.8575570
14384189, 0xEEEE, 4602, 0002, 1.18300, 4.8718242
14387314, 0xEEEE, 4603, 0002, 1.18462, 4.8423743
14390440, 0xEEEE, 4604, 0001, 0.78652, 4.8542763
14393565, 0xEEEE, 4605, 0001, 0.78813, 4.8548867
14396689, 0xEEEE, 4606, 0000, 0.39165, 4.8628214
14399814, 0xEEEE, 4607, 0000, 0.39326, 4.8753338
14402947, 0xEEEE, 4608, 0000, 0.01128, 4.8451209
14406081, 0xEEEE, 4609, 0000, 0.01209, 4.8551156
14409200, 0xEEEE, 4610, 0001, 0.01048, 4.8484779
14412333, 0xEEEE, 4611, 0001, 0.01128, 4.8664073
14415452, 0xEEEE, 4612, 0002, 0.39004, 4.8755627
14418577, 0xEEEE, 4613, 0002, 0.39245, 4.8519112
14421701, 0xEEEE, 4614, 0003, 0.78894, 4.8595407
14424814, 0xEEEE, 4615, 0003, 0.84051, 4.8396277
14427973, 0xEEEE, 4616, 0004, 1.18381, 4.8561837
14431070, 0xEEEE, 4617, 0004, 1.57465, 4.8733501
14434189, 0xEEEE, 4618, 0005, 1.57868, 4.8533608
14437314, 0xEEEE, 4619, 0005, 1.58110, 4.8646525
14440440, 0xEEEE, 4620, 0006, 1.97436, 4.8417639
14443565, 0xEEEE, 4621, 0006, 1.97114, 4.8661784
14446693, 0xEEEE, 4622, 0007, 2.36842, 4.8725872
14449823, 0xEEEE, 4623, 0007, 2.41678, 4.8576333
14452948, 0xEEEE, 4624, 0007, 2.55861, 4.8727398
14456079, 0xEEEE, 4625, 0007, 2.55216, 4.8467231
14459208, 0xEEEE, 4626, 0006, 2.55216, 4.8593118
14462324, 0xEEEE, 4627, 0006, 2.55216, 4.8703746
14465449, 0xEEEE, 4628, 0005, 2.36842, 4.8548867
14468565, 0xEEEE, 4629, 0005, 2.38535, 4.8715953
14471697, 0xEEEE, 4630, 0004, 1.97516, 4.8441291
14474814, 0xEEEE, 4631, 0004, 1.57868, 4.8619059
14477939, 0xEEEE, 4632, 0003, 1.54806, 4.8597696
14481070, 0xEEEE, 4633, 0003, 1.57868, 4.8538186
14484189, 0xEEEE, 4634, 0002, 1.18381, 4.8770123
14487314, 0xEEEE, 4635, 0002, 1.18381, 4.8422217
14490448, 0xEEEE, 4636, 0001, 0.78249, 4.8612192
14493576, 0xEEEE, 4637, 0001, 0.78894, 4.8605325
14496701, 0xEEEE, 4638, 0000, 0.39326, 4.8609140
14499826, 0xEEEE, 4639, 0000, 0.01128, 4.8771649
14502951, 0xEEEE, 4640, 0000, 0.01209, 4.8557259
14506080, 0xEEEE, 4641, 0000, 0.01209, 4.8606088
14509201, 0xEEEE, 4642, 0001, 0.01128, 4.8557259
14512314, 0xEEEE, 4643, 0001, 0.01128, 4.8552682
14515440, 0xEEEE, 4644, 0002, 0.39245, 4.8757916
14518576, 0xEEEE, 4645, 0002, 0.39245, 4.8454261
14521689, 0xEEEE, 4646, 0003, 0.78813, 4.8663310
14524814, 0xEEEE, 4647, 0003, 1.17817, 4.8416114
14527961, 0xEEEE, 4648, 0004, 1.18220, 4.8543526
14531070, 0xEEEE, 4649, 0004, 1.17656, 4.8725109
14534189, 0xEEEE, 4650, 0005, 1.57949, 4.8509194
14537323, 0xEEEE, 4651, 0005, 1.57788, 4.8676280
14540448, 0xEEEE, 4652, 0006, 1.97194, 4.8477913
14543582, 0xEEEE, 4653, 0006, 1.97436, 4.8576333
14546699, 0xEEEE, 4654, 0007, 2.36762, 4.8715953
14549823, 0xEEEE, 4655, 0007, 2.56828, 4.8562600
14552948, 0xEEEE, 4656, 0007, 2.54652, 4.8695354
14556087, 0xEEEE, 4657, 0007, 2.55136, 4.8471046
14559189, 0xEEEE, 4658, 0006, 2.55216, 4.8506142
14562314, 0xEEEE, 4659, 0006, 2.55055, 4.8661784
14565440, 0xEEEE, 4660, 0005, 2.36762, 4.8551156
14568565, 0xEEEE, 4661, 0005, 2.40952, 4.8719005
14571689, 0xEEEE, 4662, 0004, 1.97436, 4.8381781
14574814, 0xEEEE, 4663, 0004, 1.57868, 4.8495460
14577939, 0xEEEE, 4664, 0003, 1.57949, 4.8603037
14581081, 0xEEEE, 4665, 0003, 1.57868, 4.8633555
14584200, 0xEEEE, 4666, 0002, 1.19993, 4.8776989
14587325, 0xEEEE, 4667, 0002, 1.18220, 4.8450446
14590451, 0xEEEE, 4668, 0001, 0.79377, 4.8558785
14593576, 0xEEEE, 4669, 0001, 0.78894, 4.8575570
14596702, 0xEEEE, 4670, 0000, 0.38601, 4.8635843
14599826, 0xEEEE, 4671, 0000, 0.09751, 4.8769360
14602962, 0xEEEE, 4672, 0000, 0.01289, 4.8476387
14606070, 0xEEEE, 4673, 0000, 0.01128, 4.8531319
14609189, 0xEEEE, 4674, 0001, 0.01128, 4.8530556
14612314, 0xEEEE, 4675, 0001, 0.01209, 4.8601511
14615440, 0xEEEE, 4676, 0002, 0.38359, 4.8769360
14618565, 0xEEEE, 4677, 0002, 0.39245, 4.8491646
14621689, 0xEEEE, 4678, 0003, 0.78652, 4.8640421
14624820, 0xEEEE, 4679, 0003, 0.79216, 4.8451972
14627970, 0xEEEE, 4680, 0004, 1.18220, 4.8489357
14631078, 0xEEEE, 4681, 0004, 1.19832, 4.8731975
14634199, 0xEEEE, 4682, 0005, 1.57949, 4.8458076
14637323, 0xEEEE, 4683, 0005, 1.57868, 4.8643473
14640457, 0xEEEE, 4684, 0006, 1.96952, 4.8400092
14643574, 0xEEEE, 4685, 0006, 2.36762, 4.8508431
14646690, 0xEEEE, 4686, 0007, 2.36681, 4.8755627
14649814, 0xEEEE, 4687, 0007, 2.42081, 4.8556497
14652939, 0xEEEE, 4688, 0007, 2.53282, 4.8631266
14656070, 0xEEEE, 4689, 0007, 2.54813, 4.8411536
14659189, 0xEEEE, 4690, 0006, 2.55297, 4.8506142
14662314, 0xEEEE, 4691, 0006, 2.55136, 4.8653391
14665442, 0xEEEE, 4692, 0005, 2.36762, 4.8519112
14668572, 0xEEEE, 4693, 0005, 1.94212, 4.8679332
14671701, 0xEEEE, 4694, 0004, 1.98161, 4.8499275
14674825, 0xEEEE, 4695, 0004, 1.97436, 4.8585489
14677951, 0xEEEE, 4696, 0003, 1.57949, 4.8592355
14681082, 0xEEEE, 4697, 0003, 1.58029, 4.8638895
14684201, 0xEEEE, 4698, 0002, 1.18300, 4.8754101
14687336, 0xEEEE, 4699, 0002, 1.17817, 4.8451209
14690440, 0xEEEE, 4700, 0001, 0.78813, 4.8469520
14693565, 0xEEEE, 4701, 0001, 0.39326, 4.8572519
14696689, 0xEEEE, 4702, 0000, 0.41663, 4.8512245
14699814, 0xEEEE, 4703, 0000, 0.39326, 4.8780041
14702939, 0xEEEE, 4704, 0000, 0.01128, 4.8453498
14706070, 0xEEEE, 4705, 0000, 0.01209, 4.8511482
14709189, 0xEEEE, 4706, 0001, 0.01128, 4.8461128
14712316, 0xEEEE, 4707, 0001, 0.01128, 4.8639658
14715448, 0xEEEE, 4708, 0002, 0.42147, 4.8751812
14718574, 0xEEEE, 4709, 0002, 0.78813, 4.8466468
14721699, 0xEEEE, 4710, 0003, 0.79458, 4.8566415
14724830, 0xEEEE, 4711, 0003, 0.79700, 4.8424506
14727970, 0xEEEE, 4712, 0004, 1.18300, 4.8644999
14731078, 0xEEEE, 4713, 0004, 1.18462, 4.8711376
14734189, 0xEEEE, 4714, 0005, 1.57788, 4.8566415
14737314, 0xEEEE, 4715, 0005, 1.57949, 4.8601511
14740440, 0xEEEE, 4716, 0006, 1.95824, 4.8435187
14743565, 0xEEEE, 4717, 0006, 2.36681, 4.8463416
14746689, 0xEEEE, 4718, 0007, 2.36681, 4.8642710
14749814, 0xEEEE, 4719, 0007, 2.36762, 4.8605325
14752940, 0xEEEE, 4720, 0007, 2.54974, 4.8673991
14756070, 0xEEEE, 4721, 0007, 2.53846, 4.8477150
14759200, 0xEEEE, 4722, 0006, 2.55216, 4.8563363
14762325, 0xEEEE, 4723, 0006, 2.55216, 4.8653391
14765451, 0xEEEE, 4724, 0005, 2.36681, 4.8506905
14768577, 0xEEEE, 4725, 0005, 2.36762, 4.8717479
14771712, 0xEEEE, 4726, 0004, 1.99612, 4.8415351
14774826, 0xEEEE, 4727, 0004, 1.97275, 4.8519875
14777950, 0xEEEE, 4728, 0003, 1.57788, 4.8589303
14781070, 0xEEEE, 4729, 0003, 1.57223, 4.8557259
14784198, 0xEEEE, 4730, 0002, 1.18300, 4.8735027
14787314, 0xEEEE, 4731, 0002, 0.78652, 4.8403143
14790440, 0xEEEE, 4732, 0001, 0.78894, 4.8625162
14793565, 0xEEEE, 4733, 0001, 0.78974, 4.8574044
14796689, 0xEEEE, 4734, 0000, 0.39165, 4.8643473
14799814, 0xEEEE, 4735, 0000, 0.39326, 4.8777752
14802948, 0xEEEE, 4736, 0000, 0.01209, 4.8512245
14806078, 0xEEEE, 4737, 0000, 0.01209, 4.8545815
14809202, 0xEEEE, 4738, 0001, 0.01128, 4.8483253
14812323, 0xEEEE, 4739, 0001, 0.39165, 4.8625925
14815449, 0xEEEE, 4740, 0002, 0.39165, 4.8745708
14818574, 0xEEEE, 4741, 0002, 0.39165, 4.8529030
14821699, 0xEEEE, 4742, 0003, 0.80908, 4.8684672
14824814, 0xEEEE, 4743, 0003, 0.78894, 4.8436713
14827961, 0xEEEE, 4744, 0004, 1.18542, 4.8523690
14831081, 0xEEEE, 4745, 0004, 1.18220, 4.8715953
14834189, 0xEEEE, 4746, 0005, 1.57788, 4.8703746
14837314, 0xEEEE, 4747, 0005, 1.97355, 4.8619821
14840440, 0xEEEE, 4748, 0006, 1.99934, 4.8321508
14843565, 0xEEEE, 4749, 0006, 1.97355, 4.8624399
14846698, 0xEEEE, 4750, 0007, 2.36762, 4.8649577
14849826, 0xEEEE, 4751, 0007, 2.36762, 4.8538949
14852950, 0xEEEE, 4752, 0007, 2.55377, 4.8700694
14856089, 0xEEEE, 4753, 0007, 2.59890, 4.8465705
14859201, 0xEEEE, 4754, 0006, 2.55780, 4.8616770
14862326, 0xEEEE, 4755, 0006, 2.36842, 4.8652628
14865451, 0xEEEE, 4756, 0005, 2.36681, 4.8593881
14868584, 0xEEEE, 4757, 0005, 2.36762, 4.8703746
14871689, 0xEEEE, 4758, 0004, 1.97436, 4.8390936
14874814, 0xEEEE, 4759, 0004, 1.97436, 4.8598459
14877940, 0xEEEE, 4760, 0003, 1.57868, 4.8551156
14881070, 0xEEEE, 4761, 0003, 1.53678, 4.8709850
14884189, 0xEEEE, 4762, 0002, 1.18381, 4.8702220
14887314, 0xEEEE, 4763, 0002, 0.78168, 4.8469520
14890445, 0xEEEE, 4764, 0001, 0.78894, 4.8652628
14893574, 0xEEEE, 4765, 0001, 0.78733, 4.8521401
14896699, 0xEEEE, 4766, 0000, 0.39971, 4.8566415
14899824, 0xEEEE, 4767, 0000, 0.39245, 4.8695354
14902948, 0xEEEE, 4768, 0000, 0.01209, 4.8504616
14906078, 0xEEEE, 4769, 0000, 0.01209, 4.8640421
14909198, 0xEEEE, 4770, 0001, 0.01128, 4.8429084
14912314, 0xEEEE, 4771, 0001, 0.36908, 4.8573281
14915450, 0xEEEE, 4772, 0002, 0.39245, 4.8661784
14918565, 0xEEEE, 4773, 0002, 0.39326, 4.8373388
14921689, 0xEEEE, 4774, 0003, 0.78491, 4.8654917
14924814, 0xEEEE, 4775, 0003, 0.78894, 4.8456550
14927961, 0xEEEE, 4776, 0004, 1.18300, 4.8626688
14931070, 0xEEEE, 4777, 0004, 1.18300, 4.8638895
14934194, 0xEEEE, 4778, 0005, 1.57304, 4.8580148
14937325, 0xEEEE, 4779, 0005, 1.57868, 4.8636606
14940457, 0xEEEE, 4780, 0006, 1.97355, 4.8419928
14943576, 0xEEEE, 4781, 0006, 1.97919, 4.8668650
14946702, 0xEEEE, 4782, 0007, 2.36762, 4.8616770
14949826, 0xEEEE, 4783, 0007, 2.36681, 4.8605325
14952959, 0xEEEE, 4784, 0007, 2.55216, 4.8658732
14956081, 0xEEEE, 4785, 0007, 2.55538, 4.8392462
14959189, 0xEEEE, 4786, 0006, 2.53121, 4.8610666
14962314, 0xEEEE, 4787, 0006, 2.54813, 4.8628214
14965440, 0xEEEE, 4788, 0005, 2.36681, 4.8696117
14968565, 0xEEEE, 4789, 0005, 2.36601, 4.8692302
14971689, 0xEEEE, 4790, 0004, 1.96630, 4.8467231
14974814, 0xEEEE, 4791, 0004, 1.97114, 4.8567941
14977939, 0xEEEE, 4792, 0003, 1.57868, 4.8463416
14981078, 0xEEEE, 4793, 0003, 1.17495, 4.8580148
14984198, 0xEEEE, 4794, 0002, 1.18462, 4.8652628
14987323, 0xEEEE, 4795, 0002, 1.17736, 4.8404669
14990449, 0xEEEE, 4796, 0001, 0.78974, 4.8640421
14993574, 0xEEEE, 4797, 0001, 0.78088, 4.8551156
14996699, 0xEEEE, 4798, 0000, 0.44000, 4.8612955
14999834, 0xEEEE, 4799, 0000, 0.39084, 4.8657206
15002939, 0xEEEE, 4800, 0000, 0.01128, 4.8399329
15006070, 0xEEEE, 4801, 0000, 0.01209, 4.8628977
15009189, 0xEEEE, 4802, 0001, 0.01128, 4.8407721
15012314, 0xEEEE, 4803, 0001, 0.01209, 4.8536660
15015440, 0xEEEE, 4804, 0002, 0.39326, 4.8637369
15018565, 0xEEEE, 4805, 0002, 0.39165, 4.8532082
15021689, 0xEEEE, 4806, 0003, 0.78007, 4.8635080
15024825, 0xEEEE, 4807, 0003, 0.78813, 4.8421454
15027972, 0xEEEE, 4808, 0004, 1.17575, 4.8696880
15031081, 0xEEEE, 4809, 0004, 1.57868, 4.8632792
15034201, 0xEEEE, 4810, 0005, 1.60447, 4.8603037
15037334, 0xEEEE, 4811, 0005, 1.57868, 4.8630503
15040452, 0xEEEE, 4812, 0006, 1.97355, 4.8392462
15043576, 0xEEEE, 4813, 0006, 1.98242, 4.8628977
15046689, 0xEEEE, 4814, 0007, 2.36923, 4.8576333
15049814, 0xEEEE, 4815, 0007, 2.36762, 4.8558785
15052939, 0xEEEE, 4816, 0007, 2.55216, 4.8647288
15056070, 0xEEEE, 4817, 0007, 2.55297, 4.8448157
15059189, 0xEEEE, 4818, 0006, 2.60293, 4.8560311
15062314, 0xEEEE, 4819, 0006, 2.55780, 4.8525216
15065443, 0xEEEE, 4820, 0005, 2.36762, 4.8670176
15068572, 0xEEEE, 4821, 0005, 2.36681, 4.8690776
15071699, 0xEEEE, 4822, 0004, 1.97436, 4.8422980
15074822, 0xEEEE, 4823, 0004, 1.99773, 4.8610666
15077949, 0xEEEE, 4824, 0003, 1.57707, 4.8448157
15081079, 0xEEEE, 4825, 0003, 1.61092, 4.8655680
15084208, 0xEEEE, 4826, 0002, 1.18059, 4.8667124
15087323, 0xEEEE, 4827, 0002, 1.22410, 4.8432136
15090440, 0xEEEE, 4828, 0001, 0.78894, 4.8659495
15093565, 0xEEEE, 4829, 0001, 0.77766, 4.8453498
15096689, 0xEEEE, 4830, 0000, 0.39245, 4.8698405
15099814, 0xEEEE, 4831, 0000, 0.01128, 4.8654154
15102939, 0xEEEE, 4832, 0000, 0.01128, 4.8532845
15106069, 0xEEEE, 4833, 0000, 0.01209, 4.8641947
15109189, 0xEEEE, 4834, 0001, 0.01128, 4.8292515
15112321, 0xEEEE, 4835, 0001, 0.01128, 4.8760967
15115451, 0xEEEE, 4836, 0002, 0.39326, 4.8729686
15118576, 0xEEEE, 4837, 0002, 0.39326, 4.8572519
15121708, 0xEEEE, 4838, 0003, 0.83729, 4.8632029
15124826, 0xEEEE, 4839, 0003, 1.18381, 4.8352789
15127973, 0xEEEE, 4840, 0004, 1.16044, 4.8634318
15131081, 0xEEEE, 4841, 0004, 1.18300, 4.8608377
15134189, 0xEEEE, 4842, 0005, 1.57949, 4.8602274
15137314, 0xEEEE, 4843, 0005, 1.57626, 4.8630503
15140440, 0xEEEE, 4844, 0006, 1.97355, 4.8339055
15143565, 0xEEEE, 4845, 0006, 2.00176, 4.8674754
15146689, 0xEEEE, 4846, 0007, 2.36681, 4.8587778
15149814, 0xEEEE, 4847, 0007, 2.55216, 4.8535897
15152939, 0xEEEE, 4848, 0007, 2.55136, 4.8654154
15156072, 0xEEEE, 4849, 0007, 2.55136, 4.8363470
15159197, 0xEEEE, 4850, 0006, 2.55216, 4.8631266
15162323, 0xEEEE, 4851, 0006, 2.53604, 4.8554971
15165449, 0xEEEE, 4852, 0005, 2.36762, 4.8562600
15168584, 0xEEEE, 4853, 0005, 2.36842, 4.8662547
15171699, 0xEEEE, 4854, 0004, 1.97355, 4.8457313
15174823, 0xEEEE, 4855, 0004, 1.57223, 4.8617533
15177939, 0xEEEE, 4856, 0003, 1.57788, 4.8454261
15181078, 0xEEEE, 4857, 0003, 1.57788, 4.8569467
15184189, 0xEEEE, 4858, 0002, 1.18220, 4.8645762
15187314, 0xEEEE, 4859, 0002, 1.18462, 4.8384833
15190440, 0xEEEE, 4860, 0001, 0.78733, 4.8590829
15193565, 0xEEEE, 4861, 0001, 0.78894, 4.8480201
15196689, 0xEEEE, 4862, 0000, 0.39165, 4.8741131
15199816, 0xEEEE, 4863, 0000, 0.01128, 4.8696117
15202950, 0xEEEE, 4864, 0000, 0.01209, 4.8546578
15206081, 0xEEEE, 4865, 0000, 0.01128, 4.8641947
15209200, 0xEEEE, 4866, 0001, 0.01128, 4.8404669
15212326, 0xEEEE, 4867, 0001, 0.01128, 4.8651102
15215452, 0xEEEE, 4868, 0002, 0.39245, 4.8599985
15218576, 0xEEEE, 4869, 0002, 0.36586, 4.8559548
15221701, 0xEEEE, 4870, 0003, 0.78813, 4.8639658
15224814, 0xEEEE, 4871, 0003, 1.17656, 4.8416114
15227983, 0xEEEE, 4872, 0004, 1.18381, 4.8627451
15231070, 0xEEEE, 4873, 0004, 1.18300, 4.8595407
15234189, 0xEEEE, 4874, 0005, 1.58110, 4.8599985
15237314, 0xEEEE, 4875, 0005, 1.57465, 4.8633555
15240440, 0xEEEE, 4876, 0006, 1.97355, 4.8419928
15243565, 0xEEEE, 4877, 0006, 1.97355, 4.8664073
15246699, 0xEEEE, 4878, 0007, 2.37084, 4.8535897
15249823, 0xEEEE, 4879, 0007, 2.37004, 4.8602274
15252954, 0xEEEE, 4880, 0007, 2.55136, 4.8667124
15256079, 0xEEEE, 4881, 0007, 2.55297, 4.8458076
15259198, 0xEEEE, 4882, 0006, 2.55055, 4.8656443
15262323, 0xEEEE, 4883, 0006, 2.55136, 4.8550393
15265456, 0xEEEE, 4884, 0005, 2.35795, 4.8664073
15268565, 0xEEEE, 4885, 0005, 1.97436, 4.8648051
15271689, 0xEEEE, 4886, 0004, 1.97436, 4.8513771
15274814, 0xEEEE, 4887, 0004, 1.93004, 4.8582437
15277939, 0xEEEE, 4888, 0003, 1.58190, 4.8516060
15281070, 0xEEEE, 4889, 0003, 1.57949, 4.8705272
15284189, 0xEEEE, 4890, 0002, 1.18623, 4.8636606
15287314, 0xEEEE, 4891, 0002, 1.18462, 4.8392462
15290450, 0xEEEE, 4892, 0001, 0.78652, 4.8616770
15293576, 0xEEEE, 4893, 0001, 0.41260, 4.8460365
15296701, 0xEEEE, 4894, 0000, 0.39326, 4.8667887
15299826, 0xEEEE, 4895, 0000, 0.39004, 4.8618296
15302951, 0xEEEE, 4896, 0000, 0.01128, 4.8542763
15306081, 0xEEEE, 4897, 0000, 0.01209, 4.8637369
15309200, 0xEEEE, 4898, 0001, 0.01128, 4.8417639
15312337, 0xEEEE, 4899, 0001, 0.01289, 4.8695354
15315440, 0xEEEE, 4900, 0002, 0.39165, 4.8630503
15318565, 0xEEEE, 4901, 0002, 0.78491, 4.8566415
15321689, 0xEEEE, 4902, 0003, 0.78974, 4.8631266
15324814, 0xEEEE, 4903, 0003, 0.78974, 4.8436713
15327961, 0xEEEE, 4904, 0004, 1.17011, 4.8662547
15331070, 0xEEEE, 4905, 0004, 1.18462, 4.8660258
15334194, 0xEEEE, 4906, 0005, 1.57707, 4.8574044
15337323, 0xEEEE, 4907, 0005, 1.56659, 4.8645762
15340449, 0xEEEE, 4908, 0006, 1.97355, 4.8370336
15343574, 0xEEEE, 4909, 0006, 2.36681, 4.8705272
15346699, 0xEEEE, 4910, 0007, 2.37971, 4.8564126
15349831, 0xEEEE, 4911, 0007, 2.36440, 4.8641947
15352948, 0xEEEE, 4912, 0007, 2.55377, 4.8650340
15356069, 0xEEEE, 4913, 0007, 2.55216, 4.8387121
15359189, 0xEEEE, 4914, 0006, 2.55297, 4.8655680
15362314, 0xEEEE, 4915, 0006, 2.55216, 4.8471046
15365440, 0xEEEE, 4916, 0005, 2.38212, 4.8724346
15368565, 0xEEEE, 4917, 0005, 1.97033, 4.8619821
15371689, 0xEEEE, 4918, 0004, 1.97436, 4.8385595
15374814, 0xEEEE, 4919, 0004, 1.97355, 4.8634318
15377944, 0xEEEE, 4920, 0003, 1.58029, 4.8425269
15381081, 0xEEEE, 4921, 0003, 1.57868, 4.8702220
15384201, 0xEEEE, 4922, 0002, 1.18945, 4.8623636
15387326, 0xEEEE, 4923, 0002, 1.18381, 4.8483253
15390452, 0xEEEE, 4924, 0001, 0.78733, 4.8612192
15393576, 0xEEEE, 4925, 0001, 0.78894, 4.8419165
15396712, 0xEEEE, 4926, 0000, 0.39487, 4.8750286
15399814, 0xEEEE, 4927, 0000, 0.38601, 4.8677043
15402939, 0xEEEE, 4928, 0000, 0.01128, 4.8493935
15406070, 0xEEEE, 4929, 0000, 0.01209, 4.8650340
15409189, 0xEEEE, 4930, 0001, 0.01209, 4.8373388
15412314, 0xEEEE, 4931, 0001, 0.39326, 4.8690776
15415440, 0xEEEE, 4932, 0002, 0.39568, 4.8628977
15418565, 0xEEEE, 4933, 0002, 0.38198, 4.8590829
15421690, 0xEEEE, 4934, 0003, 0.78813, 4.8585489
15424823, 0xEEEE, 4935, 0003, 0.78652, 4.8393225
15427969, 0xEEEE, 4936, 0004, 1.18220, 4.8712902
15431078, 0xEEEE, 4937, 0004, 1.18542, 4.8559548
15434206, 0xEEEE, 4938, 0005, 1.57868, 4.8633555
15437324, 0xEEEE, 4939, 0005, 1.97758, 4.8596933
15440449, 0xEEEE, 4940, 0006, 1.97275, 4.8351263
15443565, 0xEEEE, 4941, 0006, 1.97436, 4.8706798
15446689, 0xEEEE, 4942, 0007, 2.42000, 4.8574807
15449814, 0xEEEE, 4943, 0007, 2.37487, 4.8758679
15452939, 0xEEEE, 4944, 0007, 2.55216, 4.8601511
15456070, 0xEEEE, 4945, 0007, 2.55216, 4.8394751
15459189, 0xEEEE, 4946, 0006, 2.55216, 4.8650340
15462314, 0xEEEE, 4947, 0006, 2.36762, 4.8587778
15465448, 0xEEEE, 4948, 0005, 2.41919, 4.8757916
15468576, 0xEEEE, 4949, 0005, 2.37326, 4.8624399
15471700, 0xEEEE, 4950, 0004, 1.97355, 4.8487068
15474825, 0xEEEE, 4951, 0004, 1.97355, 4.8604562
15477951, 0xEEEE, 4952, 0003, 1.57304, 4.8468757
15481091, 0xEEEE, 4953, 0003, 1.57788, 4.8642710
15484201, 0xEEEE, 4954, 0002, 1.19993, 4.8565652
15487325, 0xEEEE, 4955, 0002, 0.78894, 4.8518349
15490439, 0xEEEE, 4956, 0001, 0.81150, 4.8593118
15493573, 0xEEEE, 4957, 0001, 0.78813, 4.8446632
15496689, 0xEEEE, 4958, 0000, 0.39245, 4.8704509
15499814, 0xEEEE, 4959, 0000, 0.37553, 4.8637369
15502940, 0xEEEE, 4960, 0000, 0.01128, 4.8521401
15506070, 0xEEEE, 4961, 0000, 0.01128, 4.8613718
15509189, 0xEEEE, 4962, 0001, 0.01128, 4.8417639
15512323, 0xEEEE, 4963, 0001, 0.39407, 4.8719005
15515449, 0xEEEE, 4964, 0002, 0.38681, 4.8632792
15518576, 0xEEEE, 4965, 0002, 0.37392, 4.8532082
15521699, 0xEEEE, 4966, 0003, 0.78813, 4.8619821
15524823, 0xEEEE, 4967, 0003, 0.77927, 4.8435950
15527970, 0xEEEE, 4968, 0004, 1.18381, 4.8667887
15531079, 0xEEEE, 4969, 0004, 1.20879, 4.8570230
15534189, 0xEEEE, 4970, 0005, 1.57788, 4.8668650
15537314, 0xEEEE, 4971, 0005, 1.96147, 4.8562600
15540440, 0xEEEE, 4972, 0006, 1.97597, 4.8378729
15543565, 0xEEEE, 4973, 0006, 1.97436, 4.8645762
15546689, 0xEEEE, 4974, 0007, 2.41516, 4.8561837
15549814, 0xEEEE, 4975, 0007, 2.34586, 4.8674754
15552939, 0xEEEE, 4976, 0007, 2.55700, 4.8628214
15556077, 0xEEEE, 4977, 0007, 2.55297, 4.8435950
15559200, 0xEEEE, 4978, 0006, 2.55055, 4.8668650
15562325, 0xEEEE, 4979, 0006, 2.55216, 4.8423743
15565459, 0xEEEE, 4980, 0005, 2.36762, 4.8652628
15568576, 0xEEEE, 4981, 0005, 2.38132, 4.8607614
15571702, 0xEEEE, 4982, 0004, 1.97275, 4.8354314
15574826, 0xEEEE, 4983, 0004, 1.97275, 4.8564889
15577959, 0xEEEE, 4984, 0003, 1.59319, 4.8471046
15581069, 0xEEEE, 4985, 0003, 1.18542, 4.8725872
15584189, 0xEEEE, 4986, 0002, 1.18381, 4.8626688
15587314, 0xEEEE, 4987, 0002, 1.18300, 4.8497749
15590440, 0xEEEE, 4988, 0001, 0.78813, 4.8573281
15593565, 0xEEEE, 4989, 0001, 0.78733, 4.8351263
15596689, 0xEEEE, 4990, 0000, 0.39245, 4.8747997
15599818, 0xEEEE, 4991, 0000, 0.39245, 4.8687724
15602948, 0xEEEE, 4992, 0000, 0.01128, 4.8529793
15606078, 0xEEEE, 4993, 0000, 0.01209, 4.8617533
15609199, 0xEEEE, 4994, 0001, 0.01128, 4.8385595
15612324, 0xEEEE, 4995, 0001, 0.01209, 4.8690776
15615448, 0xEEEE, 4996, 0002, 0.35055, 4.8619821
15618574, 0xEEEE, 4997, 0002, 0.39245, 4.8599985
15621690, 0xEEEE, 4998, 0003, 0.78894, 4.8610666
15624825, 0xEEEE, 4999, 0003, 0.83648, 4.8406195
15627960, 0xEEEE, 5000, 0004, 1.18381, 4.8741894
15631070, 0xEEEE, 5001, 0004, 1.58352, 4.8610666
15634189, 0xEEEE, 5002, 0005, 1.57868, 4.8593881
15637314, 0xEEEE, 5003, 0005, 1.56498, 4.8587778
15640440, 0xEEEE, 5004, 0006, 1.96711, 4.8374914
15643569, 0xEEEE, 5005, 0006, 1.97355, 4.8677806
15646701, 0xEEEE, 5006, 0007, 2.36601, 4.8651102
15649825, 0xEEEE, 5007, 0007, 2.41114, 4.8645762
15652950, 0xEEEE, 5008, 0007, 2.55941, 4.8601511
15656081, 0xEEEE, 5009, 0007, 2.55216, 4.8437476
15659201, 0xEEEE, 5010, 0006, 2.55297, 4.8649577
15662334, 0xEEEE, 5011, 0006, 2.55216, 4.8546578
15665440, 0xEEEE, 5012, 0005, 2.36681, 4.8632029
15668565, 0xEEEE, 5013, 0005, 2.32571, 4.8585489
15671689, 0xEEEE, 5014, 0004, 1.97355, 4.8388647
15674814, 0xEEEE, 5015, 0004, 1.97355, 4.8640421
15677939, 0xEEEE, 5016, 0003, 1.62945, 4.8566415
15681070, 0xEEEE, 5017, 0003, 1.18542, 4.8707561
15684189, 0xEEEE, 5018, 0002, 1.18220, 4.8610666
15687314, 0xEEEE, 5019, 0002, 1.18381, 4.8480964
15690449, 0xEEEE, 5020, 0001, 0.77766, 4.8595407
15693573, 0xEEEE, 5021, 0001, 0.78813, 4.8548867
15696699, 0xEEEE, 5022, 0000, 0.39487, 4.8630503
15699824, 0xEEEE, 5023, 0000, 0.39245, 4.8609140
15702948, 0xEEEE, 5024, 0000, 0.01209, 4.8564889
15706078, 0xEEEE, 5025, 0000, 0.01209, 4.8632792
15709209, 0xEEEE, 5026, 0001, 0.01048, 4.8431373
15712314, 0xEEEE, 5027, 0001, 0.01209, 4.8713664
15715440, 0xEEEE, 5028, 0002, 0.39729, 4.8609903
15718565, 0xEEEE, 5029, 0002, 0.39245, 4.8586252
15721689, 0xEEEE, 5030, 0003, 0.78813, 4.8600748
15724814, 0xEEEE, 5031, 0003, 1.18220, 4.8350500
15727961, 0xEEEE, 5032, 0004, 1.18462, 4.8631266
15731070, 0xEEEE, 5033, 0004, 1.19267, 4.8572519
15734200, 0xEEEE, 5034, 0005, 1.57626, 4.8609140
15737325, 0xEEEE, 5035, 0005, 1.58029, 4.8600748
15740451, 0xEEEE, 5036, 0006, 1.97516, 4.8339055
15743576, 0xEEEE, 5037, 0006, 1.97194, 4.8667887
15746710, 0xEEEE, 5038, 0007, 2.36842, 4.8584726
15749826, 0xEEEE, 5039, 0007, 2.60051, 4.8658732
15752951, 0xEEEE, 5040, 0007, 2.55216, 4.8635843
15756070, 0xEEEE, 5041, 0007, 2.55136, 4.8467231
15759189, 0xEEEE, 5042, 0006, 2.55136, 4.8622873
15762314, 0xEEEE, 5043, 0006, 2.55216, 4.8581674
15765440, 0xEEEE, 5044, 0005, 2.36842, 4.8770886
15768565, 0xEEEE, 5045, 0005, 2.36681, 4.8617533
15771689, 0xEEEE, 5046, 0004, 1.97033, 4.8503853
15774814, 0xEEEE, 5047, 0004, 1.57868, 4.8586252
15777945, 0xEEEE, 5048, 0003, 1.57868, 4.8528267
15781078, 0xEEEE, 5049, 0003, 1.57868, 4.8739605
15784198, 0xEEEE, 5050, 0002, 1.18381, 4.8644999
15787323, 0xEEEE, 5051, 0002, 1.18059, 4.8333715
15790449, 0xEEEE, 5052, 0001, 0.76396, 4.8660258
15793584, 0xEEEE, 5053, 0001, 0.79055, 4.8503853
15796699, 0xEEEE, 5054, 0000, 0.40132, 4.8574807
15799814, 0xEEEE, 5055, 0000, 0.01370, 4.8673991
15802939, 0xEEEE, 5056, 0000, 0.01128, 4.8432136
15806078, 0xEEEE, 5057, 0000, 0.01128, 4.8642710
15809189, 0xEEEE, 5058, 0001, 0.01128, 4.8439765
15812314, 0xEEEE, 5059, 0001, 0.01209, 4.8747234
15815440, 0xEEEE, 5060, 0002, 0.39326, 4.8664073
15818565, 0xEEEE, 5061, 0002, 0.39407, 4.8570993
15821696, 0xEEEE, 5062, 0003, 0.78894, 4.8608377
15824825, 0xEEEE, 5063, 0003, 1.16125, 4.8386358
15827972, 0xEEEE, 5064, 0004, 1.18220, 4.8594644
15831089, 0xEEEE, 5065, 0004, 1.21927, 4.8567941
15834201, 0xEEEE, 5066, 0005, 1.57868, 4.8612192
15837326, 0xEEEE, 5067, 0005, 1.57868, 4.8590829
15840451, 0xEEEE, 5068, 0006, 1.96630, 4.8414588
15843564, 0xEEEE, 5069, 0006, 1.97355, 4.8699931
15846689, 0xEEEE, 5070, 0007, 2.36762, 4.8599985
15849814, 0xEEEE, 5071, 0007, 2.55216, 4.8681621
15852939, 0xEEEE, 5072, 0007, 2.51993, 4.8639658
15856070, 0xEEEE, 5073, 0007, 2.54571, 4.8439002
15859189, 0xEEEE, 5074, 0006, 2.55297, 4.8654154
15862314, 0xEEEE, 5075, 0006, 2.55136, 4.8610666
15865445, 0xEEEE, 5076, 0005, 2.36762, 4.8683909
15868574, 0xEEEE, 5077, 0005, 2.36842, 4.8619059
15871699, 0xEEEE, 5078, 0004, 1.98242, 4.8410773
15874824, 0xEEEE, 5079, 0004, 1.97275, 4.8641184
15877958, 0xEEEE, 5080, 0003, 1.57868, 4.8562600
15881078, 0xEEEE, 5081, 0003, 1.57868, 4.8654154
15884198, 0xEEEE, 5082, 0002, 1.18542, 4.8616007
15887314, 0xEEEE, 5083, 0002, 1.17817, 4.8532845
15890449, 0xEEEE, 5084, 0001, 0.78813, 4.8618296
15893565, 0xEEEE, 5085, 0001, 0.39245, 4.8557259
15896689, 0xEEEE, 5086, 0000, 0.36183, 4.8692302
15899814, 0xEEEE, 5087, 0000, 0.39407, 4.8632029
15902939, 0xEEEE, 5088, 0000, 0.01209, 4.8508431
15906070, 0xEEEE, 5089, 0000, 0.01209, 4.8625162
15909190, 0xEEEE, 5090, 0001, 0.01128, 4.8351263
15912325, 0xEEEE, 5091, 0001, 0.01128, 4.8703746
15915451, 0xEEEE, 5092, 0002, 0.36828, 4.8562600
15918576, 0xEEEE, 5093, 0002, 0.78813, 4.8628977
15921702, 0xEEEE, 5094, 0003, 0.78894, 4.8611429
15924826, 0xEEEE, 5095, 0003, 0.79055, 4.8326085
15927973, 0xEEEE, 5096, 0004, 1.18300, 4.8731975
15931081, 0xEEEE, 5097, 0004, 1.18300, 4.8613718
15934189, 0xEEEE, 5098, 0005, 1.57707, 4.8622110
15937325, 0xEEEE, 5099, 0005, 1.57949, 4.8642710
15940440, 0xEEEE, 5100, 0006, 1.96952, 4.8348211
15943565, 0xEEEE, 5101, 0006, 2.36923, 4.8707561
15946689, 0xEEEE, 5102, 0007, 2.36762, 4.8603799
15949814, 0xEEEE, 5103, 0007, 2.36842, 4.8696117
15952939, 0xEEEE, 5104, 0007, 2.55216, 4.8644999
15956078, 0xEEEE, 5105, 0007, 2.53685, 4.8332189
15959198, 0xEEEE, 5106, 0006, 2.55055, 4.8663310
15962328, 0xEEEE, 5107, 0006, 2.55136, 4.8577096
15965449, 0xEEEE, 5108, 0005, 2.36842, 4.8617533
15968573, 0xEEEE, 5109, 0005, 1.97436, 4.8621347
15971699, 0xEEEE, 5110, 0004, 1.98725, 4.8461128
15974831, 0xEEEE, 5111, 0004, 1.97355, 4.8635843
15977939, 0xEEEE, 5112, 0003, 1.57868, 4.8558022
15981070, 0xEEEE, 5113, 0003, 1.58271, 4.8741131
15984189, 0xEEEE, 5114, 0002, 1.18220, 4.8664073
15987314, 0xEEEE, 5115, 0002, 1.18059, 4.8587778
15990440, 0xEEEE, 5116, 0001, 0.78894, 4.8603037
15993565, 0xEEEE, 5117, 0001, 0.39165, 4.8482490
15996689, 0xEEEE, 5118, 0000, 0.39568, 4.8702983
15999823, 0xEEEE, 5119, 0000, 0.39326, 4.8649577
16002951, 0xEEEE, 5120, 0000, 0.01209, 4.8522164
16006081, 0xEEEE, 5121, 0000, 0.01209, 4.8646525
16009201, 0xEEEE, 5122, 0001, 0.01128, 4.8474098
16012326, 0xEEEE, 5123, 0001, 0.01209, 4.8622110
16015451, 0xEEEE, 5124, 0002, 0.39326, 4.8605325
16018576, 0xEEEE, 5125, 0002, 0.62777, 4.8550393
16021713, 0xEEEE, 5126, 0003, 0.80103, 4.8607614
16024814, 0xEEEE, 5127, 0003, 0.78813, 4.8431373
16027961, 0xEEEE, 5128, 0004, 1.18381, 4.8683909
16031070, 0xEEEE, 5129, 0004, 1.18300, 4.8604562
16034189, 0xEEEE, 5130, 0005, 1.57868, 4.8542763
16037314, 0xEEEE, 5131, 0005, 1.57868, 4.8593881
16040440, 0xEEEE, 5132, 0006, 1.94374, 4.8364233
16043569, 0xEEEE, 5133, 0006, 1.97275, 4.8702983
16046699, 0xEEEE, 5134, 0007, 2.36681, 4.8536660
16049823, 0xEEEE, 5135, 0007, 2.36762, 4.8638132
16052949, 0xEEEE, 5136, 0007, 2.51751, 4.8635080
16056079, 0xEEEE, 5137, 0007, 2.53282, 4.8501564
16059206, 0xEEEE, 5138, 0006, 2.55538, 4.8656443
16062323, 0xEEEE, 5139, 0006, 2.36762, 4.8606088
16065440, 0xEEEE, 5140, 0005, 2.36762, 4.8574807
16068565, 0xEEEE, 5141, 0005, 2.36681, 4.8599222
16071689, 0xEEEE, 5142, 0004, 1.99289, 4.8439002
16074814, 0xEEEE, 5143, 0004, 1.97516, 4.8617533
16077939, 0xEEEE, 5144, 0003, 1.57788, 4.8501564
16081070, 0xEEEE, 5145, 0003, 1.56418, 4.8645762
16084189, 0xEEEE, 5146, 0002, 1.18381, 4.8640421
16087318, 0xEEEE, 5147, 0002, 0.78652, 4.8461891
16090451, 0xEEEE, 5148, 0001, 0.78813, 4.8603799
16093576, 0xEEEE, 5149, 0001, 0.78733, 4.8438239
16096701, 0xEEEE, 5150, 0000, 0.39326, 4.8734264
16099826, 0xEEEE, 5151, 0000, 0.39245, 4.8658732
16102951, 0xEEEE, 5152, 0000, 0.01209, 4.8460365
16106091, 0xEEEE, 5153, 0000, 0.01128, 4.8652628
16109189, 0xEEEE, 5154, 0001, 0.01209, 4.8484779
16112314, 0xEEEE, 5155, 0001, 0.39084, 4.8783856
16115440, 0xEEEE, 5156, 0002, 0.39245, 4.8570230
16118565, 0xEEEE, 5157, 0002, 0.39326, 4.8543526
16121689, 0xEEEE, 5158, 0003, 0.78733, 4.8608377
16124814, 0xEEEE, 5159, 0003, 0.78894, 4.8395514
16127961, 0xEEEE, 5160, 0004, 1.18623, 4.8672465
16131070, 0xEEEE, 5161, 0004, 1.18381, 4.8545052
16134198, 0xEEEE, 5162, 0005, 1.57707, 4.8668650
16137323, 0xEEEE, 5163, 0005, 1.97436, 4.8635843
16140448, 0xEEEE, 5164, 0006, 1.90586, 4.8357366
16143581, 0xEEEE, 5165, 0006, 1.97275, 4.8699168
16146699, 0xEEEE, 5166, 0007, 2.36762, 4.8662547
16149823, 0xEEEE, 5167, 0007, 2.36762, 4.8693065
16152948, 0xEEEE, 5168, 0007, 2.55216, 4.8625925
16156070, 0xEEEE, 5169, 0007, 2.59084, 4.8375677
16159189, 0xEEEE, 5170, 0006, 2.55216, 4.8685435
16162314, 0xEEEE, 5171, 0006, 2.36762, 4.8471809
16165440, 0xEEEE, 5172, 0005, 2.36762, 4.8717479
16168565, 0xEEEE, 5173, 0005, 2.36681, 4.8593881
16171689, 0xEEEE, 5174, 0004, 1.99128, 4.8526741
16174814, 0xEEEE, 5175, 0004, 1.97436, 4.8587778
16177950, 0xEEEE, 5176, 0003, 1.57868, 4.8568704
16181081, 0xEEEE, 5177, 0003, 1.53678, 4.8629740
16184200, 0xEEEE, 5178, 0002, 1.18220, 4.8573281
16187326, 0xEEEE, 5179, 0002, 1.17736, 4.8451209
16190462, 0xEEEE, 5180, 0001, 0.78894, 4.8618296
16193577, 0xEEEE, 5181, 0001, 0.78491, 4.8480201
16196701, 0xEEEE, 5182, 0000, 0.39245, 4.8727398
16199814, 0xEEEE, 5183, 0000, 0.39326, 4.8588540
16202948, 0xEEEE, 5184, 0000, 0.01209, 4.8558022
16206070, 0xEEEE, 5185, 0000, 0.01289, 4.8616770
16209189, 0xEEEE, 5186, 0001, 0.01128, 4.8447395
16212314, 0xEEEE, 5187, 0001, 0.01209, 4.8751812
16215440, 0xEEEE, 5188, 0002, 0.39245, 4.8602274
16218565, 0xEEEE, 5189, 0002, 0.39245, 4.8506142
16221696, 0xEEEE, 5190, 0003, 0.79136, 4.8603799
16224823, 0xEEEE, 5191, 0003, 0.78733, 4.8378729
16227970, 0xEEEE, 5192, 0004, 1.18300, 4.8740368
16231079, 0xEEEE, 5193, 0004, 1.55128, 4.8526741
16234198, 0xEEEE, 5194, 0005, 1.57223, 4.8635080
16237324, 0xEEEE, 5195, 0005, 1.57788, 4.8589303
16240448, 0xEEEE, 5196, 0006, 1.97355, 4.8340581
16243565, 0xEEEE, 5197, 0006, 1.97033, 4.8685435
16246689, 0xEEEE, 5198, 0007, 2.36681, 4.8576333
16249814, 0xEEEE, 5199, 0007, 2.36681, 4.8603799
16252940, 0xEEEE, 5200, 0007, 2.55216, 4.8602274
16256070, 0xEEEE, 5201, 0007, 2.53524, 4.8364233
16259189, 0xEEEE, 5202, 0006, 2.56103, 4.8638132
16262314, 0xEEEE, 5203, 0006, 2.55216, 4.8494697
16265448, 0xEEEE, 5204, 0005, 2.36681, 4.8787671
16268576, 0xEEEE, 5205, 0005, 2.36762, 4.8613718
16271701, 0xEEEE, 5206, 0004, 1.95824, 4.8457313
16274834, 0xEEEE, 5207, 0004, 1.96952, 4.8620584
16277951, 0xEEEE, 5208, 0003, 1.57788, 4.8426795
16281081, 0xEEEE, 5209, 0003, 1.18703, 4.8711376
16284201, 0xEEEE, 5210, 0002, 1.18300, 4.8549630
16287334, 0xEEEE, 5211, 0002, 1.17495, 4.8422217
16290440, 0xEEEE, 5212, 0001, 0.78813, 4.8577096
16293565, 0xEEEE, 5213, 0001, 0.79055, 4.8377966
16296689, 0xEEEE, 5214, 0000, 0.38440, 4.8745708
16299814, 0xEEEE, 5215, 0000, 0.39245, 4.8609140
16302939, 0xEEEE, 5216, 0000, 0.01209, 4.8587778
16306070, 0xEEEE, 5217, 0000, 0.01209, 4.8630503
16309191, 0xEEEE, 5218, 0001, 0.01128, 4.8377966
16312323, 0xEEEE, 5219, 0001, 0.01128, 4.8776226
16315449, 0xEEEE, 5220, 0002, 0.40051, 4.8621347
16318574, 0xEEEE, 5221, 0002, 0.39165, 4.8554971
16321699, 0xEEEE, 5222, 0003, 0.78330, 4.8593881
16324823, 0xEEEE, 5223, 0003, 0.78894, 4.8415351
16327970, 0xEEEE, 5224, 0004, 1.18381, 4.8692302
16331078, 0xEEEE, 5225, 0004, 1.55612, 4.8608377
16334201, 0xEEEE, 5226, 0005, 1.58835, 4.8612192
16337314, 0xEEEE, 5227, 0005, 1.57788, 4.8599985
16340440, 0xEEEE, 5228, 0006, 1.94615, 4.8451209
16343565, 0xEEEE, 5229, 0006, 1.96872, 4.8709850
16346689, 0xEEEE, 5230, 0007, 2.36681, 4.8571756
16349814, 0xEEEE, 5231, 0007, 2.36681, 4.8616007
16352940, 0xEEEE, 5232, 0007, 2.55216, 4.8554971
16356081, 0xEEEE, 5233, 0007, 2.57311, 4.8494697
16359200, 0xEEEE, 5234, 0006, 2.55216, 4.8652628
16362325, 0xEEEE, 5235, 0006, 2.55136, 4.8470283
16365452, 0xEEEE, 5236, 0005, 2.36762, 4.8823529
16368577, 0xEEEE, 5237, 0005, 2.36762, 4.8615244
16371710, 0xEEEE, 5238, 0004, 1.97275, 4.8398566
16374814, 0xEEEE, 5239, 0004, 1.58029, 4.8613718
16377939, 0xEEEE, 5240, 0003, 1.58029, 4.8494697
16381070, 0xEEEE, 5241, 0003, 1.58755, 4.8637369
16384189, 0xEEEE, 5242, 0002, 1.18220, 4.8590066
16387314, 0xEEEE, 5243, 0002, 1.19348, 4.8444343
16390440, 0xEEEE, 5244, 0001, 0.78894, 4.8577859
16393565, 0xEEEE, 5245, 0001, 0.78249, 4.8466468
16396689, 0xEEEE, 5246, 0000, 0.41905, 4.8822004
16399823, 0xEEEE, 5247, 0000, 0.01209, 4.8598459
16402948, 0xEEEE, 5248, 0000, 0.01128, 4.8556497
16406078, 0xEEEE, 5249, 0000, 0.01128, 4.8599222
16409198, 0xEEEE, 5250, 0001, 0.01209, 4.8471809
16412323, 0xEEEE, 5251, 0001, 0.01128, 4.8690013
16415449, 0xEEEE, 5252, 0002, 0.38520, 4.8648051
16418584, 0xEEEE, 5253, 0002, 0.39326, 4.8525978
16421689, 0xEEEE, 5254, 0003, 0.78974, 4.8571756
16424814, 0xEEEE, 5255, 0003, 1.18220, 4.8454261
16427961, 0xEEEE, 5256, 0004, 1.17897, 4.8749523
16431070, 0xEEEE, 5257, 0004, 1.18381, 4.8554971
16434189, 0xEEEE, 5258, 0005, 1.57868, 4.8689250
16437314, 0xEEEE, 5259, 0005, 1.57868, 4.8600748
16440445, 0xEEEE, 5260, 0006, 1.95341, 4.8474861
16443574, 0xEEEE, 5261, 0006, 1.96952, 4.8730449
16446701, 0xEEEE, 5262, 0007, 2.36762, 4.8559548
16449826, 0xEEEE, 5263, 0007, 2.55136, 4.8706798
16452950, 0xEEEE, 5264, 0007, 2.55136, 4.8642710
16456088, 0xEEEE, 5265, 0007, 2.53201, 4.8416114
16459201, 0xEEEE, 5266, 0006, 2.55619, 4.8626688
16462326, 0xEEEE, 5267, 0006, 2.55136, 4.8587778
16465440, 0xEEEE, 5268, 0005, 2.36762, 4.8706798
16468564, 0xEEEE, 5269, 0005, 2.36842, 4.8568704
16471689, 0xEEEE, 5270, 0004, 1.99853, 4.8390936
16474814, 0xEEEE, 5271, 0004, 1.57949, 4.8590066
16477939, 0xEEEE, 5272, 0003, 1.57788, 4.8405432
16481069, 0xEEEE, 5273, 0003, 1.57546, 4.8757916
16484189, 0xEEEE, 5274, 0002, 1.18381, 4.8606088
16487319, 0xEEEE, 5275, 0002, 1.16366, 4.8501564
16490448, 0xEEEE, 5276, 0001, 0.78813, 4.8585489
16493573, 0xEEEE, 5277, 0001, 0.79538, 4.8513008
16496699, 0xEEEE, 5278, 0000, 0.37795, 4.8752575
16499824, 0xEEEE, 5279, 0000, 0.39245, 4.8593881
16502959, 0xEEEE, 5280, 0000, 0.01128, 4.8556497
16506079, 0xEEEE, 5281, 0000, 0.01128, 4.8606088
16509189, 0xEEEE, 5282, 0001, 0.01128, 4.8495460
16512314, 0xEEEE, 5283, 0001, 0.01209, 4.8700694
16515448, 0xEEEE, 5284, 0002, 0.33766, 4.8563363
16518565, 0xEEEE, 5285, 0002, 0.78813, 4.8615244
16521689, 0xEEEE, 5286, 0003, 0.79458, 4.8577096
16524814, 0xEEEE, 5287, 0003, 0.78894, 4.8458076
16527961, 0xEEEE, 5288, 0004, 1.18703, 4.8673991
16531074, 0xEEEE, 5289, 0004, 1.18381, 4.8529030
16534201, 0xEEEE, 5290, 0005, 1.57788, 4.8632029
16537325, 0xEEEE, 5291, 0005, 1.57949, 4.8603799
16540458, 0xEEEE, 5292, 0006, 1.98725, 4.8363470
16543577, 0xEEEE, 5293, 0006, 2.36681, 4.8684672
16546701, 0xEEEE, 5294, 0007, 2.36681, 4.8506142
16549826, 0xEEEE, 5295, 0007, 2.36762, 4.8701457
16552939, 0xEEEE, 5296, 0007, 2.55297, 4.8545052
16556070, 0xEEEE, 5297, 0007, 2.52154, 4.8413062
16559189, 0xEEEE, 5298, 0006, 2.55377, 4.8653391
16562314, 0xEEEE, 5299, 0006, 2.55055, 4.8609140
16565440, 0xEEEE, 5300, 0005, 2.36681, 4.8739605
16568565, 0xEEEE, 5301, 0005, 1.97275, 4.8542000
16571689, 0xEEEE, 5302, 0004, 1.97919, 4.8520638
16574814, 0xEEEE, 5303, 0004, 1.97597, 4.8606088
16577948, 0xEEEE, 5304, 0003, 1.57868, 4.8430610
16581078, 0xEEEE, 5305, 0003, 1.56901, 4.8779278
16584198, 0xEEEE, 5306, 0002, 1.18381, 4.8574807
16587333, 0xEEEE, 5307, 0002, 1.21927, 4.8522164
16590449, 0xEEEE, 5308, 0001, 0.78894, 4.8589303
16593574, 0xEEEE, 5309, 0001, 0.39245, 4.8468757
16596690, 0xEEEE, 5310, 0000, 0.39245, 4.8769360
16599823, 0xEEEE, 5311, 0000, 0.39245, 4.8625925
16602939, 0xEEEE, 5312, 0000, 0.01128, 4.8633555
16606070, 0xEEEE, 5313, 0000, 0.01128, 4.8589303
16609189, 0xEEEE, 5314, 0001, 0.01128, 4.8348211
16612314, 0xEEEE, 5315, 0001, 0.01209, 4.8748760
16615440, 0xEEEE, 5316, 0002, 0.39245, 4.8567941
16618566, 0xEEEE, 5317, 0002, 0.78813, 4.8593118
16621701, 0xEEEE, 5318, 0003, 0.80828, 4.8551156
16624826, 0xEEEE, 5319, 0003, 0.78894, 4.8345922
16627972, 0xEEEE, 5320, 0004, 1.18381, 4.8740368
16631081, 0xEEEE, 5321, 0004, 1.18300, 4.8622110
16634201, 0xEEEE, 5322, 0005, 1.57949, 4.8641184
16637326, 0xEEEE, 5323, 0005, 1.57949, 4.8580148
16640451, 0xEEEE, 5324, 0006, 2.02190, 4.8422217
16643565, 0xEEEE, 5325, 0006, 2.37648, 4.8722820
16646700, 0xEEEE, 5326, 0007, 2.36601, 4.8659495
16649814, 0xEEEE, 5327, 0007, 2.36762, 4.8734264
16652939, 0xEEEE, 5328, 0007, 2.55297, 4.8548104
16656070, 0xEEEE, 5329, 0007, 2.55055, 4.8480964
16659189, 0xEEEE, 5330, 0006, 2.56264, 4.8652628
16662314, 0xEEEE, 5331, 0006, 2.54813, 4.8570993
16665448, 0xEEEE, 5332, 0005, 2.36762, 4.8764782
16668573, 0xEEEE, 5333, 0005, 2.36762, 4.8609903
16671702, 0xEEEE, 5334, 0004, 1.97678, 4.8503090
16674824, 0xEEEE, 5335, 0004, 1.97516, 4.8606088
16677948, 0xEEEE, 5336, 0003, 1.57949, 4.8551156
16681078, 0xEEEE, 5337, 0003, 1.55048, 4.8741894
16684206, 0xEEEE, 5338, 0002, 1.18300, 4.8501564
16687314, 0xEEEE, 5339, 0002, 0.78410, 4.8532845
16690440, 0xEEEE, 5340, 0001, 0.78894, 4.8522164
16693565, 0xEEEE, 5341, 0001, 0.78974, 4.8523690
16696689, 0xEEEE, 5342, 0000, 0.39245, 4.8749523
16699814, 0xEEEE, 5343, 0000, 0.39165, 4.8530556
16702939, 0xEEEE, 5344, 0000, 0.01128, 4.8548104
16706069, 0xEEEE, 5345, 0000, 0.01209, 4.8536660
16709197, 0xEEEE, 5346, 0001, 0.01128, 4.8438239
16712325, 0xEEEE, 5347, 0001, 0.39407, 4.8780804
16715451, 0xEEEE, 5348, 0002, 0.39326, 4.8522927
16718576, 0xEEEE, 5349, 0002, 0.39245, 4.8675517
16721701, 0xEEEE, 5350, 0003, 0.76718, 4.8558785
16724826, 0xEEEE, 5351, 0003, 0.78733, 4.8455024
16727972, 0xEEEE, 5352, 0004, 1.18542, 4.8699168
16731091, 0xEEEE, 5353, 0004, 1.18381, 4.8521401
16734189, 0xEEEE, 5354, 0005, 1.57304, 4.8740368
16737314, 0xEEEE, 5355, 0005, 1.97516, 4.8548104
16740440, 0xEEEE, 5356, 0006, 1.97436, 4.8371862
16743565, 0xEEEE, 5357, 0006, 1.97678, 4.8707561
16746689, 0xEEEE, 5358, 0007, 2.36681, 4.8599222
16749814, 0xEEEE, 5359, 0007, 2.36681, 4.8764782
16752942, 0xEEEE, 5360, 0007, 2.55377, 4.8493172
16756078, 0xEEEE, 5361, 0007, 2.51106, 4.8399329
16759197, 0xEEEE, 5362, 0006, 2.55136, 4.8673228
16762324, 0xEEEE, 5363, 0006, 2.36842, 4.8538186
16765449, 0xEEEE, 5364, 0005, 2.36762, 4.8789960
16768582, 0xEEEE, 5365, 0005, 2.36842, 4.8542000
16771699, 0xEEEE, 5366, 0004, 1.97355, 4.8438239
16774814, 0xEEEE, 5367, 0004, 1.97275, 4.8582437
16777939, 0xEEEE, 5368, 0003, 1.57868, 4.8520638
16781070, 0xEEEE, 5369, 0003, 1.58916, 4.8690013
16784189, 0xEEEE, 5370, 0002, 1.18300, 4.8614481
16787314, 0xEEEE, 5371, 0002, 0.78652, 4.8359655
16790440, 0xEEEE, 5372, 0001, 0.78813, 4.8566415
16793565, 0xEEEE, 5373, 0001, 0.78652, 4.8380255
16796692, 0xEEEE, 5374, 0000, 0.39407, 4.8831922
16799825, 0xEEEE, 5375, 0000, 0.39165, 4.8584726
16802950, 0xEEEE, 5376, 0000, 0.01128, 4.8597696
16806081, 0xEEEE, 5377, 0000, 0.01209, 4.8616770
16809201, 0xEEEE, 5378, 0001, 0.01128, 4.8425269
16812326, 0xEEEE, 5379, 0001, 0.01128, 4.8724346
16815462, 0xEEEE, 5380, 0002, 0.39245, 4.8583200
16818565, 0xEEEE, 5381, 0002, 0.39165, 4.8658732
16821689, 0xEEEE, 5382, 0003, 0.79055, 4.8540475
16824814, 0xEEEE, 5383, 0003, 0.78813, 4.8506142
16827969, 0xEEEE, 5384, 0004, 1.18381, 4.8736553
16831070, 0xEEEE, 5385, 0004, 1.62220, 4.8628977
16834189, 0xEEEE, 5386, 0005, 1.57304, 4.8628977
16837314, 0xEEEE, 5387, 0005, 1.57949, 4.8526741
16840445, 0xEEEE, 5388, 0006, 1.97355, 4.8416876
16843573, 0xEEEE, 5389, 0006, 1.97355, 4.8702983
16846699, 0xEEEE, 5390, 0007, 2.36681, 4.8579385
16849823, 0xEEEE, 5391, 0007, 2.36681, 4.8727398
16852956, 0xEEEE, 5392, 0007, 2.55297, 4.8591592
16856079, 0xEEEE, 5393, 0007, 2.53685, 4.8583963
16859198, 0xEEEE, 5394, 0006, 2.54491, 4.8650340
16862323, 0xEEEE, 5395, 0006, 2.55297, 4.8556497
16865439, 0xEEEE, 5396, 0005, 2.36601, 4.8795300
16868565, 0xEEEE, 5397, 0005, 2.36762, 4.8568704
16871689, 0xEEEE, 5398, 0004, 1.99048, 4.8507668
16874814, 0xEEEE, 5399, 0004, 1.97597, 4.8587015
16877939, 0xEEEE, 5400, 0003, 1.57949, 4.8444343
16881070, 0xEEEE, 5401, 0003, 1.18703, 4.8732738
16884189, 0xEEEE, 5402, 0002, 1.18300, 4.8529030
16887325, 0xEEEE, 5403, 0002, 1.18623, 4.8584726
16890451, 0xEEEE, 5404, 0001, 0.78733, 4.8561074
16893576, 0xEEEE, 5405, 0001, 0.79216, 4.8473335
16896701, 0xEEEE, 5406, 0000, 0.39004, 4.8691539
16899837, 0xEEEE, 5407, 0000, 0.39326, 4.8570230
16902951, 0xEEEE, 5408, 0000, 0.01209, 4.8487831
16906081, 0xEEEE, 5409, 0000, 0.01128, 4.8576333
16909189, 0xEEEE, 5410, 0001, 0.01128, 4.8491646
16912323, 0xEEEE, 5411, 0001, 0.01128, 4.8789960
16915440, 0xEEEE, 5412, 0002, 0.37634, 4.8699931
16918565, 0xEEEE, 5413, 0002, 0.39245, 4.8704509
16921689, 0xEEEE, 5414, 0003, 0.78652, 4.8618296
16924814, 0xEEEE, 5415, 0003, 0.78894, 4.8469520
16927961, 0xEEEE, 5416, 0004, 1.18139, 4.8674754
16931075, 0xEEEE, 5417, 0004, 1.61897, 4.8610666
16934198, 0xEEEE, 5418, 0005, 1.57626, 4.8580148
16937323, 0xEEEE, 5419, 0005, 1.57949, 4.8488594
16940449, 0xEEEE, 5420, 0006, 1.97355, 4.8400092
16943574, 0xEEEE, 5421, 0006, 1.97275, 4.8704509
16946699, 0xEEEE, 5422, 0007, 2.36681, 4.8549630
16949823, 0xEEEE, 5423, 0007, 2.36681, 4.8582437
16952939, 0xEEEE, 5424, 0007, 2.55377, 4.8551919
16956069, 0xEEEE, 5425, 0007, 2.56264, 4.8461891
16959189, 0xEEEE, 5426, 0006, 2.55216, 4.8623636
16962314, 0xEEEE, 5427, 0006, 2.55297, 4.8533608
16965440, 0xEEEE, 5428, 0005, 2.36681, 4.8771649
16968565, 0xEEEE, 5429, 0005, 2.36681, 4.8585489
16971689, 0xEEEE, 5430, 0004, 1.95905, 4.8454261
16974819, 0xEEEE, 5431, 0004, 1.97597, 4.8616770
16977950, 0xEEEE, 5432, 0003, 1.57949, 4.8502327
16981081, 0xEEEE, 5433, 0003, 1.58110, 4.8747997
16984209, 0xEEEE, 5434, 0002, 1.18220, 4.8567941
16987327, 0xEEEE, 5435, 0002, 1.18059, 4.8474861
16990451, 0xEEEE, 5436, 0001, 0.78652, 4.8578622
16993576, 0xEEEE, 5437, 0001, 0.78733, 4.8431373
16996710, 0xEEEE, 5438, 0000, 0.41824, 4.8783093
16999814, 0xEEEE, 5439, 0000, 0.01128, 4.8590066
17002939, 0xEEEE, 5440, 0000, 0.01128, 4.8513008
17006070, 0xEEEE, 5441, 0000, 0.01128, 4.8623636
17009189, 0xEEEE, 5442, 0001, 0.01128, 4.8444343
17012314, 0xEEEE, 5443, 0001, 0.01209, 4.8709087
17015440, 0xEEEE, 5444, 0002, 0.42952, 4.8619821
17018566, 0xEEEE, 5445, 0002, 0.39165, 4.8571756
17021698, 0xEEEE, 5446, 0003, 0.79136, 4.8582437
17024823, 0xEEEE, 5447, 0003, 1.23538, 4.8383307
17027969, 0xEEEE, 5448, 0004, 1.18462, 4.8734264
17031079, 0xEEEE, 5449, 0004, 1.18300, 4.8526741
17034198, 0xEEEE, 5450, 0005, 1.58352, 4.8558785
17037323, 0xEEEE, 5451, 0005, 1.57949, 4.8577096
17040440, 0xEEEE, 5452, 0006, 1.99773, 4.8419928
17043576, 0xEEEE, 5453, 0006, 1.96872, 4.8710613
17046689, 0xEEEE, 5454, 0007, 2.36681, 4.8584726
17049814, 0xEEEE, 5455, 0007, 2.55216, 4.8647288
17052939, 0xEEEE, 5456, 0007, 2.55216, 4.8630503
17056070, 0xEEEE, 5457, 0007, 2.56586, 4.8480964
17059189, 0xEEEE, 5458, 0006, 2.55619, 4.8644236
17062315, 0xEEEE, 5459, 0006, 2.54974, 4.8488594
17065451, 0xEEEE, 5460, 0005, 2.36762, 4.8623636
17068576, 0xEEEE, 5461, 0005, 2.36762, 4.8537423
17071701, 0xEEEE, 5462, 0004, 1.95744, 4.8476387
17074826, 0xEEEE, 5463, 0004, 1.57868, 4.8617533
17077951, 0xEEEE, 5464, 0003, 1.57868, 4.8551156
17081089, 0xEEEE, 5465, 0003, 1.59158, 4.8767834
17084200, 0xEEEE, 5466, 0002, 1.18462, 4.8620584
17087314, 0xEEEE, 5467, 0002, 1.15963, 4.8602274
17090440, 0xEEEE, 5468, 0001, 0.78813, 4.8593881
17093564, 0xEEEE, 5469, 0001, 0.77766, 4.8462654
17096689, 0xEEEE, 5470, 0000, 0.43194, 4.8751812
17099814, 0xEEEE, 5471, 0000, 0.01128, 4.8603799
17102939, 0xEEEE, 5472, 0000, 0.01128, 4.8643473
17106070, 0xEEEE, 5473, 0000, 0.01128, 4.8570230
17109198, 0xEEEE, 5474, 0001, 0.01128, 4.8358129
17112323, 0xEEEE, 5475, 0001, 0.01128, 4.8760967
17115449, 0xEEEE, 5476, 0002, 0.39326, 4.8551919
17118574, 0xEEEE, 5477, 0002, 0.39004, 4.8646525
17121698, 0xEEEE, 5478, 0003, 0.77363, 4.8564126
17124824, 0xEEEE, 5479, 0003, 0.78894, 4.8467994
17127981, 0xEEEE, 5480, 0004, 1.17897, 4.8749523
17131070, 0xEEEE, 5481, 0004, 1.18300, 4.8529793
17134189, 0xEEEE, 5482, 0005, 1.57868, 4.8628977
17137314, 0xEEEE, 5483, 0005, 1.57868, 4.8517586
17140440, 0xEEEE, 5484, 0006, 2.02352, 4.8468757
17143565, 0xEEEE, 5485, 0006, 2.36601, 4.8678569
17146689, 0xEEEE, 5486, 0007, 2.36601, 4.8567941
17149814, 0xEEEE, 5487, 0007, 2.36762, 4.8679332
17152947, 0xEEEE, 5488, 0007, 2.55216, 4.8544289
17156081, 0xEEEE, 5489, 0007, 2.52396, 4.8463416
17159200, 0xEEEE, 5490, 0006, 2.54652, 4.8657969
17162326, 0xEEEE, 5491, 0006, 2.55055, 4.8583200
17165460, 0xEEEE, 5492, 0005, 2.36923, 4.8760204
17168576, 0xEEEE, 5493, 0005, 1.97275, 4.8546578
17171701, 0xEEEE, 5494, 0004, 2.02674, 4.8575570
17174814, 0xEEEE, 5495, 0004, 1.97275, 4.8606851
17177939, 0xEEEE, 5496, 0003, 1.57868, 4.8421454
17181070, 0xEEEE, 5497, 0003, 1.58352, 4.8722820
17184189, 0xEEEE, 5498, 0002, 1.18462, 4.8574807
17187314, 0xEEEE, 5499, 0002, 1.20799, 4.8510719
17190440, 0xEEEE, 5500, 0001, 0.78813, 4.8527504
17193565, 0xEEEE, 5501, 0001, 0.39245, 4.8490883
17196693, 0xEEEE, 5502, 0000, 0.39245, 4.8683909
17199823, 0xEEEE, 5503, 0000, 0.39004, 4.8580148
17202948, 0xEEEE, 5504, 0000, 0.01128, 4.8625925
17206078, 0xEEEE, 5505, 0000, 0.01128, 4.8607614
17209199, 0xEEEE, 5506, 0001, 0.01128, 4.8480964
17212334, 0xEEEE, 5507, 0001, 0.01209, 4.8723583
17215449, 0xEEEE, 5508, 0002, 0.39165, 4.8593118
17218565, 0xEEEE, 5509, 0002, 0.78813, 4.8661021
17221689, 0xEEEE, 5510, 0003, 0.79055, 4.8572519
17224823, 0xEEEE, 5511, 0003, 0.78813, 4.8378729
17227961, 0xEEEE, 5512, 0004, 1.18462, 4.8715190
17231070, 0xEEEE, 5513, 0004, 1.18381, 4.8578622
17234189, 0xEEEE, 5514, 0005, 1.57626, 4.8685435
17237314, 0xEEEE, 5515, 0005, 1.57868, 4.8533608
17240448, 0xEEEE, 5516, 0006, 1.93487, 4.8417639
17243576, 0xEEEE, 5517, 0006, 2.36520, 4.8712902
17246701, 0xEEEE, 5518, 0007, 2.36762, 4.8507668
17249833, 0xEEEE, 5519, 0007, 2.36762, 4.8686961
17252951, 0xEEEE, 5520, 0007, 2.58278, 4.8587778
17256081, 0xEEEE, 5521, 0007, 2.54249, 4.8484016
17259201, 0xEEEE, 5522, 0006, 2.55619, 4.8625162
17262314, 0xEEEE, 5523, 0006, 2.55055, 4.8545815
17265440, 0xEEEE, 5524, 0005, 2.36762, 4.8738842
17268565, 0xEEEE, 5525, 0005, 1.97355, 4.8540475
17271689, 0xEEEE, 5526, 0004, 2.02593, 4.8531319
17274814, 0xEEEE, 5527, 0004, 1.97275, 4.8634318
17277939, 0xEEEE, 5528, 0003, 1.57868, 4.8477150
17281070, 0xEEEE, 5529, 0003, 1.58110, 4.8763256
17284189, 0xEEEE, 5530, 0002, 1.18300, 4.8583200
17287323, 0xEEEE, 5531, 0002, 1.15480, 4.8487831
17290448, 0xEEEE, 5532, 0001, 0.78894, 4.8596170
17293574, 0xEEEE, 5533, 0001, 0.78813, 4.8469520
17296709, 0xEEEE, 5534, 0000, 0.39165, 4.8756390
17299823, 0xEEEE, 5535, 0000, 0.39245, 4.8583200
17302948, 0xEEEE, 5536, 0000, 0.01289, 4.8469520
17306079, 0xEEEE, 5537, 0000, 0.01128, 4.8610666
17309198, 0xEEEE, 5538, 0001, 0.01209, 4.8377966
17312314, 0xEEEE, 5539, 0001, 0.39407, 4.8793774
17315440, 0xEEEE, 5540, 0002, 0.39245, 4.8559548
17318565, 0xEEEE, 5541, 0002, 0.39245, 4.8660258
17321689, 0xEEEE, 5542, 0003, 0.75993, 4.8543526
17324814, 0xEEEE, 5543, 0003, 0.78813, 4.8473335
17327961, 0xEEEE, 5544, 0004, 1.18220, 4.8713664
17331081, 0xEEEE, 5545, 0004, 1.18300, 4.8558022
17334200, 0xEEEE, 5546, 0005, 1.58190, 4.8515297
17337325, 0xEEEE, 5547, 0005, 1.97355, 4.8532082
17340451, 0xEEEE, 5548, 0006, 2.02593, 4.8286412
17343577, 0xEEEE, 5549, 0006, 1.97436, 4.8700694
17346701, 0xEEEE, 5550, 0007, 2.36762, 4.8558785
17349826, 0xEEEE, 5551, 0007, 2.36681, 4.8825055
17352939, 0xEEEE, 5552, 0007, 2.55216, 4.8627451
17356080, 0xEEEE, 5553, 0007, 2.55377, 4.8481727
17359189, 0xEEEE, 5554, 0006, 2.55780, 4.8657969
17362314, 0xEEEE, 5555, 0006, 2.36681, 4.8535897
17365440, 0xEEEE, 5556, 0005, 2.36681, 4.8703746
17368565, 0xEEEE, 5557, 0005, 2.36681, 4.8508431
17371689, 0xEEEE, 5558, 0004, 2.00337, 4.8538186
17374820, 0xEEEE, 5559, 0004, 1.97516, 4.8596933
17377948, 0xEEEE, 5560, 0003, 1.57868, 4.8509194
17381081, 0xEEEE, 5561, 0003, 1.59319, 4.8755627
17384199, 0xEEEE, 5562, 0002, 1.18462, 4.8591592
17387324, 0xEEEE, 5563, 0002, 0.79055, 4.8557259
17390449, 0xEEEE, 5564, 0001, 0.78813, 4.8566415
17393582, 0xEEEE, 5565, 0001, 0.78974, 4.8475624
17396690, 0xEEEE, 5566, 0000, 0.38440, 4.8809033
17399814, 0xEEEE, 5567, 0000, 0.39084, 4.8583200
17402939, 0xEEEE, 5568, 0000, 0.01128, 4.8564126
17406070, 0xEEEE, 5569, 0000, 0.01128, 4.8600748
17409189, 0xEEEE, 5570, 0001, 0.01209, 4.8556497
17412314, 0xEEEE, 5571, 0001, 0.39084, 4.8736553
17415442, 0xEEEE, 5572, 0002, 0.39245, 4.8486305
17418572, 0xEEEE, 5573, 0002, 0.39245, 4.8673991
17421701, 0xEEEE, 5574, 0003, 0.78652, 4.8596933
17424825, 0xEEEE, 5575, 0003, 0.78894, 4.8464942
17427972, 0xEEEE, 5576, 0004, 1.18381, 4.8692302
17431082, 0xEEEE, 5577, 0004, 1.18300, 4.8490883
17434202, 0xEEEE, 5578, 0005, 1.57626, 4.8654917
17437326, 0xEEEE, 5579, 0005, 1.61575, 4.8495460
17440462, 0xEEEE, 5580, 0006, 1.99370, 4.8531319
17443565, 0xEEEE, 5581, 0006, 1.97597, 4.8623636
17446689, 0xEEEE, 5582, 0007, 2.36762, 4.8520638
17449814, 0xEEEE, 5583, 0007, 2.36842, 4.8732738
17452939, 0xEEEE, 5584, 0007, 2.55136, 4.8503090
17456070, 0xEEEE, 5585, 0007, 2.54813, 4.8504616
17459189, 0xEEEE, 5586, 0006, 2.54813, 4.8641184
17462316, 0xEEEE, 5587, 0006, 2.55055, 4.8494697
17465448, 0xEEEE, 5588, 0005, 2.36923, 4.8736553
17468574, 0xEEEE, 5589, 0005, 2.36601, 4.8506142
17471699, 0xEEEE, 5590, 0004, 1.95824, 4.8487831
17474824, 0xEEEE, 5591, 0004, 1.97516, 4.8588540
17477956, 0xEEEE, 5592, 0003, 1.57868, 4.8495460
17481079, 0xEEEE, 5593, 0003, 1.18381, 4.8787671
17484189, 0xEEEE, 5594, 0002, 1.18381, 4.8546578
17487314, 0xEEEE, 5595, 0002, 1.18623, 4.8564889
17490440, 0xEEEE, 5596, 0001, 0.78894, 4.8552682
17493565, 0xEEEE, 5597, 0001, 0.78733, 4.8447395
17496690, 0xEEEE, 5598, 0000, 0.39245, 4.8752575
17499814, 0xEEEE, 5599, 0000, 0.39245, 4.8657969
17502940, 0xEEEE, 5600, 0000, 0.01128, 4.8504616
17506070, 0xEEEE, 5601, 0000, 0.01128, 4.8569467
17509200, 0xEEEE, 5602, 0001, 0.01128, 4.8421454
17512325, 0xEEEE, 5603, 0001, 0.01128, 4.8793774
17515451, 0xEEEE, 5604, 0002, 0.39245, 4.8655680
17518577, 0xEEEE, 5605, 0002, 0.39326, 4.8701457
17521701, 0xEEEE, 5606, 0003, 0.79136, 4.8564126
17524837, 0xEEEE, 5607, 0003, 0.78813, 4.8515297
17527972, 0xEEEE, 5608, 0004, 1.18139, 4.8714427
17531070, 0xEEEE, 5609, 0004, 1.55370, 4.8608377
17534189, 0xEEEE, 5610, 0005, 1.58110, 4.8619821
17537314, 0xEEEE, 5611, 0005, 1.57868, 4.8532082
17540440, 0xEEEE, 5612, 0006, 1.98000, 4.8453498
17543565, 0xEEEE, 5613, 0006, 1.97114, 4.8719768
17546689, 0xEEEE, 5614, 0007, 2.36601, 4.8536660
17549814, 0xEEEE, 5615, 0007, 2.36762, 4.8731975
17552948, 0xEEEE, 5616, 0007, 2.60051, 4.8508431
17556078, 0xEEEE, 5617, 0007, 2.54007, 4.8493172
17559198, 0xEEEE, 5618, 0006, 2.54894, 4.8623636
17562331, 0xEEEE, 5619, 0006, 2.55136, 4.8469520
17565449, 0xEEEE, 5620, 0005, 2.36601, 4.8633555
17568574, 0xEEEE, 5621, 0005, 2.36681, 4.8522927
17571698, 0xEEEE, 5622, 0004, 1.96147, 4.8513771
17574814, 0xEEEE, 5623, 0004, 1.97114, 4.8587778
17577939, 0xEEEE, 5624, 0003, 1.57707, 4.8529030
17581070, 0xEEEE, 5625, 0003, 1.17978, 4.8707561
17584189, 0xEEEE, 5626, 0002, 1.18139, 4.8567178
17587314, 0xEEEE, 5627, 0002, 1.17817, 4.8576333
17590440, 0xEEEE, 5628, 0001, 0.79216, 4.8570993
17593565, 0xEEEE, 5629, 0001, 0.78974, 4.8382544
17596699, 0xEEEE, 5630, 0000, 0.40374, 4.8783093
17599825, 0xEEEE, 5631, 0000, 0.39245, 4.8566415
17602950, 0xEEEE, 5632, 0000, 0.01128, 4.8469520
17606081, 0xEEEE, 5633, 0000, 0.01128, 4.8556497
17609210, 0xEEEE, 5634, 0001, 0.01128, 4.8450446
17612326, 0xEEEE, 5635, 0001, 0.01128, 4.8751812
17615451, 0xEEEE, 5636, 0002, 0.38842, 4.8564889
17618565, 0xEEEE, 5637, 0002, 0.39326, 4.8631266
17621697, 0xEEEE, 5638, 0003, 0.79136, 4.8586252
17624814, 0xEEEE, 5639, 0003, 1.20960, 4.8457313
17627961, 0xEEEE, 5640, 0004, 1.18220, 4.8721294
17631070, 0xEEEE, 5641, 0004, 1.22249, 4.8516823
17634189, 0xEEEE, 5642, 0005, 1.57304, 4.8641184
17637314, 0xEEEE, 5643, 0005, 1.57868, 4.8527504
17640445, 0xEEEE, 5644, 0006, 1.98081, 4.8394751
17643573, 0xEEEE, 5645, 0006, 1.97194, 4.8736553
17646698, 0xEEEE, 5646, 0007, 2.36842, 4.8580911
17649823, 0xEEEE, 5647, 0007, 2.55055, 4.8682383
17652948, 0xEEEE, 5648, 0007, 2.54330, 4.8584726
17656079, 0xEEEE, 5649, 0007, 2.54974, 4.8519112
17659198, 0xEEEE, 5650, 0006, 2.54652, 4.8650340
17662314, 0xEEEE, 5651, 0006, 2.55136, 4.8580911
17665440, 0xEEEE, 5652, 0005, 2.36762, 4.8747997
17668576, 0xEEEE, 5653, 0005, 2.36681, 4.8591592
17671689, 0xEEEE, 5654, 0004, 1.95824, 4.8403143
17674814, 0xEEEE, 5655, 0004, 1.57788, 4.8594644
17677939, 0xEEEE, 5656, 0003, 1.57949, 4.8534371
17681070, 0xEEEE, 5657, 0003, 1.58190, 4.8783856
17684194, 0xEEEE, 5658, 0002, 1.18220, 4.8522927
17687325, 0xEEEE, 5659, 0002, 1.17495, 4.8500801
17690451, 0xEEEE, 5660, 0001, 0.78894, 4.8574044
17693584, 0xEEEE, 5661, 0001, 0.79216, 4.8506142
17696702, 0xEEEE, 5662, 0000, 0.39165, 4.8716716
17699826, 0xEEEE, 5663, 0000, 0.01209, 4.8556497
17702951, 0xEEEE, 5664, 0000, 0.01209, 4.8467231
17706090, 0xEEEE, 5665, 0000, 0.01128, 4.8576333
17709189, 0xEEEE, 5666, 0001, 0.01128, 4.8414588
17712314, 0xEEEE, 5667, 0001, 0.01128, 4.8807507
17715440, 0xEEEE, 5668, 0002, 0.41582, 4.8590829
17718564, 0xEEEE, 5669, 0002, 0.39326, 4.8711376
17721689, 0xEEEE, 5670, 0003, 0.78491, 4.8535134
17724814, 0xEEEE, 5671, 0003, 1.17414, 4.8499275
17727961, 0xEEEE, 5672, 0004, 1.18623, 4.8725109
17731078, 0xEEEE, 5673, 0004, 1.18462, 4.8609903
17734198, 0xEEEE, 5674, 0005, 1.57788, 4.8618296
17737323, 0xEEEE, 5675, 0005, 1.57868, 4.8567178
17740449, 0xEEEE, 5676, 0006, 1.98967, 4.8297856
17743574, 0xEEEE, 5677, 0006, 1.97436, 4.8709087
17746699, 0xEEEE, 5678, 0007, 2.36681, 4.8563363
17749814, 0xEEEE, 5679, 0007, 2.56344, 4.8724346
17752951, 0xEEEE, 5680, 0007, 2.55216, 4.8549630
17756070, 0xEEEE, 5681, 0007, 2.55297, 4.8455787
17759189, 0xEEEE, 5682, 0006, 2.55458, 4.8655680
17762314, 0xEEEE, 5683, 0006, 2.55216, 4.8570230
17765440, 0xEEEE, 5684, 0005, 2.36762, 4.8673991
17768565, 0xEEEE, 5685, 0005, 2.36762, 4.8522164
17771689, 0xEEEE, 5686, 0004, 1.96066, 4.8384833
17774825, 0xEEEE, 5687, 0004, 1.97355, 4.8609140
17777950, 0xEEEE, 5688, 0003, 1.57949, 4.8525216
17781081, 0xEEEE, 5689, 0003, 1.57626, 4.8770123
17784201, 0xEEEE, 5690, 0002, 1.18381, 4.8564126
17787326, 0xEEEE, 5691, 0002, 1.19590, 4.8493172
17790459, 0xEEEE, 5692, 0001, 0.78813, 4.8594644
17793576, 0xEEEE, 5693, 0001, 0.39165, 4.8591592
17796689, 0xEEEE, 5694, 0000, 0.42469, 4.8701457
17799814, 0xEEEE, 5695, 0000, 0.39165, 4.8496223
17802939, 0xEEEE, 5696, 0000, 0.01128, 4.8645762
17806070, 0xEEEE, 5697, 0000, 0.01128, 4.8599222
17809189, 0xEEEE, 5698, 0001, 0.01128, 4.8385595
17812314, 0xEEEE, 5699, 0001, 0.01209, 4.8794537
17815443, 0xEEEE, 5700, 0002, 0.38520, 4.8504616
17818572, 0xEEEE, 5701, 0002, 0.78813, 4.8667887
17821699, 0xEEEE, 5702, 0003, 0.79458, 4.8548867
17824823, 0xEEEE, 5703, 0003, 0.83487, 4.8348211
17827969, 0xEEEE, 5704, 0004, 1.18220, 4.8694591
17831079, 0xEEEE, 5705, 0004, 1.18462, 4.8527504
17834199, 0xEEEE, 5706, 0005, 1.58029, 4.8584726
17837334, 0xEEEE, 5707, 0005, 1.57868, 4.8500038
17840440, 0xEEEE, 5708, 0006, 1.96711, 4.8378729
17843565, 0xEEEE, 5709, 0006, 2.36762, 4.8725872
17846689, 0xEEEE, 5710, 0007, 2.36681, 4.8625162
17849814, 0xEEEE, 5711, 0007, 2.36762, 4.8633555
17852939, 0xEEEE, 5712, 0007, 2.55458, 4.8574044
17856069, 0xEEEE, 5713, 0007, 2.54168, 4.8391699
17859189, 0xEEEE, 5714, 0006, 2.55136, 4.8645762
17862321, 0xEEEE, 5715, 0006, 2.55216, 4.8565652
17865451, 0xEEEE, 5716, 0005, 2.36681, 4.8713664
17868576, 0xEEEE, 5717, 0005, 1.97758, 4.8530556
17871701, 0xEEEE, 5718, 0004, 1.98081, 4.8484016
17874833, 0xEEEE, 5719, 0004, 1.97436, 4.8600748
17877952, 0xEEEE, 5720, 0003, 1.56256, 4.8551919
17881081, 0xEEEE, 5721, 0003, 1.57707, 4.8691539
17884189, 0xEEEE, 5722, 0002, 1.18381, 4.8582437
17887314, 0xEEEE, 5723, 0002, 1.18623, 4.8529030
17890440, 0xEEEE, 5724, 0001, 0.78894, 4.8574044
17893565, 0xEEEE, 5725, 0001, 0.39245, 4.8366522
17896689, 0xEEEE, 5726, 0000, 0.43033, 4.8737316
17899814, 0xEEEE, 5727, 0000, 0.39245, 4.8550393
17902939, 0xEEEE, 5728, 0000, 0.01128, 4.8509194
17906072, 0xEEEE, 5729, 0000, 0.01209, 4.8574807
17909198, 0xEEEE, 5730, 0001, 0.01128, 4.8445106
17912323, 0xEEEE, 5731, 0001, 0.01128, 4.8812085
17915448, 0xEEEE, 5732, 0002, 0.43436, 4.8638132
17918574, 0xEEEE, 5733, 0002, 0.39245, 4.8509194
17921709, 0xEEEE, 5734, 0003, 0.78330, 4.8598459
17924823, 0xEEEE, 5735, 0003, 0.78894, 4.8413062
17927970, 0xEEEE, 5736, 0004, 1.18462, 4.8695354
17931070, 0xEEEE, 5737, 0004, 1.18300, 4.8613718
17934198, 0xEEEE, 5738, 0005, 1.57707, 4.8582437
17937314, 0xEEEE, 5739, 0005, 1.97275, 4.8577096
17940439, 0xEEEE, 5740, 0006, 1.95905, 4.8523690
17943565, 0xEEEE, 5741, 0006, 1.97355, 4.8634318
17946689, 0xEEEE, 5742, 0007, 2.36923, 4.8609140
17949817, 0xEEEE, 5743, 0007, 2.36681, 4.8718242
17952950, 0xEEEE, 5744, 0007, 2.54733, 4.8550393
17956081, 0xEEEE, 5745, 0007, 2.56183, 4.8452735
17959207, 0xEEEE, 5746, 0006, 2.55297, 4.8664073
17962326, 0xEEEE, 5747, 0006, 2.36762, 4.8631266
17965452, 0xEEEE, 5748, 0005, 2.36681, 4.8695354
17968576, 0xEEEE, 5749, 0005, 2.37487, 4.8523690
17971689, 0xEEEE, 5750, 0004, 1.98806, 4.8575570
17974814, 0xEEEE, 5751, 0004, 1.97436, 4.8606851
17977939, 0xEEEE, 5752, 0003, 1.53194, 4.8489357
17981070, 0xEEEE, 5753, 0003, 1.58352, 4.8880751
17984189, 0xEEEE, 5754, 0002, 1.18300, 4.8599985
17987314, 0xEEEE, 5755, 0002, 0.78733, 4.8554971
17990440, 0xEEEE, 5756, 0001, 0.78813, 4.8596170
17993565, 0xEEEE, 5757, 0001, 0.78813, 4.8464179
17996699, 0xEEEE, 5758, 0000, 0.44403, 4.8787671
17999822, 0xEEEE, 5759, 0000, 0.39245, 4.8521401
18002948, 0xEEEE, 5760, 0000, 0.01209, 4.8638895
18006088, 0xEEEE, 5761, 0000, 0.01209, 4.8546578
18009198, 0xEEEE, 5762, 0001, 0.01531, 4.8385595
18012323, 0xEEEE, 5763, 0001, 0.39326, 4.8766308
18015449, 0xEEEE, 5764, 0002, 0.41341, 4.8591592
18018574, 0xEEEE, 5765, 0002, 0.39245, 4.8650340
18021689, 0xEEEE, 5766, 0003, 0.78813, 4.8573281
18024814, 0xEEEE, 5767, 0003, 0.79619, 4.8419165
18027961, 0xEEEE, 5768, 0004, 1.18300, 4.8717479
18031070, 0xEEEE, 5769, 0004, 1.18381, 4.8574044
18034189, 0xEEEE, 5770, 0005, 1.57949, 4.8619059
18037314, 0xEEEE, 5771, 0005, 1.93165, 4.8525978
18040451, 0xEEEE, 5772, 0006, 1.96952, 4.8442817
18043576, 0xEEEE, 5773, 0006, 1.97355, 4.8690776
18046701, 0xEEEE, 5774, 0007, 2.36762, 4.8586252
18049826, 0xEEEE, 5775, 0007, 2.36681, 4.8705272
18052951, 0xEEEE, 5776, 0007, 2.56505, 4.8548104
18056081, 0xEEEE, 5777, 0007, 2.55861, 4.8448157
18059200, 0xEEEE, 5778, 0006, 2.55216, 4.8653391
18062314, 0xEEEE, 5779, 0006, 2.37890, 4.8534371
18065451, 0xEEEE, 5780, 0005, 2.36762, 4.8712902
18068565, 0xEEEE, 5781, 0005, 2.33377, 4.8574044
18071689, 0xEEEE, 5782, 0004, 1.97114, 4.8442054
18074814, 0xEEEE, 5783, 0004, 1.97275, 4.8616770
18077939, 0xEEEE, 5784, 0003, 1.56579, 4.8467231
18081069, 0xEEEE, 5785, 0003, 1.58110, 4.8690013
18084195, 0xEEEE, 5786, 0002, 1.18381, 4.8551919
18087323, 0xEEEE, 5787, 0002, 1.18542, 4.8542763
18090456, 0xEEEE, 5788, 0001, 0.78894, 4.8599222
18093574, 0xEEEE, 5789, 0001, 0.78733, 4.8432136
18096699, 0xEEEE, 5790, 0000, 0.39004, 4.8750286
18099823, 0xEEEE, 5791, 0000, 0.39326, 4.8567941
18102956, 0xEEEE, 5792, 0000, 0.01128, 4.8519112
18106070, 0xEEEE, 5793, 0000, 0.01209, 4.8584726
18109189, 0xEEEE, 5794, 0001, 0.01128, 4.8423743
18112314, 0xEEEE, 5795, 0001, 0.01128, 4.8729686
18115440, 0xEEEE, 5796, 0002, 0.35538, 4.8525978
18118565, 0xEEEE, 5797, 0002, 0.39245, 4.8555734
18121689, 0xEEEE, 5798, 0003, 0.78733, 4.8540475
18124814, 0xEEEE, 5799, 0003, 0.78733, 4.8459602
18127965, 0xEEEE, 5800, 0004, 1.18381, 4.8736553
18131081, 0xEEEE, 5801, 0004, 1.57062, 4.8570993
18134201, 0xEEEE, 5802, 0005, 1.58029, 4.8735027
18137326, 0xEEEE, 5803, 0005, 1.51824, 4.8534371
18140451, 0xEEEE, 5804, 0006, 1.96388, 4.8478676
18143576, 0xEEEE, 5805, 0006, 1.97275, 4.8699168
18146701, 0xEEEE, 5806, 0007, 2.36681, 4.8551156
18149836, 0xEEEE, 5807, 0007, 2.36842, 4.8694591
18152939, 0xEEEE, 5808, 0007, 2.54168, 4.8564126
18156070, 0xEEEE, 5809, 0007, 2.55377, 4.8468757
18159189, 0xEEEE, 5810, 0006, 2.55216, 4.8643473
18162314, 0xEEEE, 5811, 0006, 2.55377, 4.8590829
18165440, 0xEEEE, 5812, 0005, 2.36762, 4.8719005
18168565, 0xEEEE, 5813, 0005, 2.34264, 4.8516823
18171690, 0xEEEE, 5814, 0004, 1.97355, 4.8568704
18174823, 0xEEEE, 5815, 0004, 1.97355, 4.8577859
18177948, 0xEEEE, 5816, 0003, 1.55853, 4.8494697
18181078, 0xEEEE, 5817, 0003, 1.18381, 4.8691539
18184199, 0xEEEE, 5818, 0002, 1.18462, 4.8583963
18187331, 0xEEEE, 5819, 0002, 1.18300, 4.8484016
18190449, 0xEEEE, 5820, 0001, 0.77846, 4.8570993
18193565, 0xEEEE, 5821, 0001, 0.78813, 4.8537423
18196689, 0xEEEE, 5822, 0000, 0.39165, 4.8722820
18199814, 0xEEEE, 5823, 0000, 0.39326, 4.8577096
18202939, 0xEEEE, 5824, 0000, 0.01128, 4.8575570
18206070, 0xEEEE, 5825, 0000, 0.01128, 4.8551919
18209189, 0xEEEE, 5826, 0001, 0.01128, 4.8552682
18212314, 0xEEEE, 5827, 0001, 0.01128, 4.8780804
18215447, 0xEEEE, 5828, 0002, 0.39165, 4.8652628
18218576, 0xEEEE, 5829, 0002, 0.39326, 4.8491646
18221701, 0xEEEE, 5830, 0003, 0.78894, 4.8567941
18224826, 0xEEEE, 5831, 0003, 0.84051, 4.8381018
18227972, 0xEEEE, 5832, 0004, 1.18300, 4.8698405
18231081, 0xEEEE, 5833, 0004, 1.17897, 4.8572519
18234211, 0xEEEE, 5834, 0005, 1.57868, 4.8500801
18237325, 0xEEEE, 5835, 0005, 1.61172, 4.8550393
18240439, 0xEEEE, 5836, 0006, 1.97275, 4.8371099
18243565, 0xEEEE, 5837, 0006, 1.97355, 4.8696880
18246689, 0xEEEE, 5838, 0007, 2.36842, 4.8541238
18249814, 0xEEEE, 5839, 0007, 2.56505, 4.8622873
18252939, 0xEEEE, 5840, 0007, 2.55297, 4.8477913
18256070, 0xEEEE, 5841, 0007, 2.55297, 4.8480964
18259189, 0xEEEE, 5842, 0006, 2.55297, 4.8673991
18262323, 0xEEEE, 5843, 0006, 2.55297, 4.8523690
18265448, 0xEEEE, 5844, 0005, 2.34908, 4.8702983
18268573, 0xEEEE, 5845, 0005, 2.36198, 4.8519112
18271705, 0xEEEE, 5846, 0004, 1.97355, 4.8419928
18274823, 0xEEEE, 5847, 0004, 1.57868, 4.8596170
18277949, 0xEEEE, 5848, 0003, 1.57868, 4.8518349
18281079, 0xEEEE, 5849, 0003, 1.57949, 4.8711376
18284189, 0xEEEE, 5850, 0002, 1.18300, 4.8596170
18287314, 0xEEEE, 5851, 0002, 1.18220, 4.8393988
18290440, 0xEEEE, 5852, 0001, 0.78249, 4.8603037
18293565, 0xEEEE, 5853, 0001, 0.78813, 4.8464942
18296689, 0xEEEE, 5854, 0000, 0.39326, 4.8661021
18299814, 0xEEEE, 5855, 0000, 0.01209, 4.8590066
18302939, 0xEEEE, 5856, 0000, 0.01209, 4.8615244
18306077, 0xEEEE, 5857, 0000, 0.01209, 4.8564126
18309201, 0xEEEE, 5858, 0001, 0.01209, 4.8493172
18312325, 0xEEEE, 5859, 0001, 0.01128, 4.8732738
18315451, 0xEEEE, 5860, 0002, 0.39407, 4.8544289
18318585, 0xEEEE, 5861, 0002, 0.39326, 4.8599985
18321702, 0xEEEE, 5862, 0003, 0.78733, 4.8534371
18324826, 0xEEEE, 5863, 0003, 1.18059, 4.8461128
18327973, 0xEEEE, 5864, 0004, 1.18220, 4.8737316
18331078, 0xEEEE, 5865, 0004, 1.18462, 4.8580148
18334189, 0xEEEE, 5866, 0005, 1.57868, 4.8569467
18337314, 0xEEEE, 5867, 0005, 1.54322, 4.8557259
18340440, 0xEEEE, 5868, 0006, 1.97275, 4.8301671
18343564, 0xEEEE, 5869, 0006, 1.97275, 4.8673991
18346689, 0xEEEE, 5870, 0007, 2.36762, 4.8503090
18349818, 0xEEEE, 5871, 0007, 2.56103, 4.8746471
18352948, 0xEEEE, 5872, 0007, 2.54894, 4.8511482
18356078, 0xEEEE, 5873, 0007, 2.55216, 4.8384070
18359199, 0xEEEE, 5874, 0006, 2.55216, 4.8674754
18362324, 0xEEEE, 5875, 0006, 2.55297, 4.8609903
18365449, 0xEEEE, 5876, 0005, 2.42161, 4.8674754
18368574, 0xEEEE, 5877, 0005, 2.34989, 4.8551919
18371690, 0xEEEE, 5878, 0004, 1.97194, 4.8532845
18374814, 0xEEEE, 5879, 0004, 1.57868, 4.8603037
18377950, 0xEEEE, 5880, 0003, 1.55934, 4.8465705
18381070, 0xEEEE, 5881, 0003, 1.57868, 4.8810559
18384189, 0xEEEE, 5882, 0002, 1.19429, 4.8530556
18387314, 0xEEEE, 5883, 0002, 1.18220, 4.8525216
18390440, 0xEEEE, 5884, 0001, 0.79377, 4.8598459
18393569, 0xEEEE, 5885, 0001, 0.78894, 4.8493172
18396701, 0xEEEE, 5886, 0000, 0.39004, 4.8719768
18399825, 0xEEEE, 5887, 0000, 0.39729, 4.8639658
18402959, 0xEEEE, 5888, 0000, 0.01370, 4.8581674
18406081, 0xEEEE, 5889, 0000, 0.01128, 4.8605325
18409201, 0xEEEE, 5890, 0001, 0.01128, 4.8550393
18412326, 0xEEEE, 5891, 0001, 0.01209, 4.8728923
18415459, 0xEEEE, 5892, 0002, 0.39165, 4.8677043
18418565, 0xEEEE, 5893, 0002, 0.78410, 4.8505379
18421689, 0xEEEE, 5894, 0003, 0.78974, 4.8600748
18424814, 0xEEEE, 5895, 0003, 0.78974, 4.8413825
18427961, 0xEEEE, 5896, 0004, 1.18381, 4.8677806
18431070, 0xEEEE, 5897, 0004, 1.18784, 4.8633555
18434189, 0xEEEE, 5898, 0005, 1.57868, 4.8638132
18437314, 0xEEEE, 5899, 0005, 1.53839, 4.8587015
18440449, 0xEEEE, 5900, 0006, 1.97275, 4.8500801
18443573, 0xEEEE, 5901, 0006, 2.36762, 4.8639658
18446699, 0xEEEE, 5902, 0007, 2.36842, 4.8566415
18449824, 0xEEEE, 5903, 0007, 2.37487, 4.8701457
18452948, 0xEEEE, 5904, 0007, 2.54813, 4.8604562
18456078, 0xEEEE, 5905, 0007, 2.55377, 4.8516060
18459198, 0xEEEE, 5906, 0006, 2.55297, 4.8615244
18462325, 0xEEEE, 5907, 0006, 2.55216, 4.8558022
18465440, 0xEEEE, 5908, 0005, 2.38938, 4.8628214
18468565, 0xEEEE, 5909, 0005, 1.97114, 4.8564126
18471689, 0xEEEE, 5910, 0004, 1.97355, 4.8531319
18474815, 0xEEEE, 5911, 0004, 1.97355, 4.8628977
18477939, 0xEEEE, 5912, 0003, 1.58029, 4.8438239
18481070, 0xEEEE, 5913, 0003, 1.57707, 4.8616007
18484200, 0xEEEE, 5914, 0002, 1.18542, 4.8586252
18487325, 0xEEEE, 5915, 0002, 1.18300, 4.8374151
18490451, 0xEEEE, 5916, 0001, 0.80022, 4.8611429
18493576, 0xEEEE, 5917, 0001, 0.39245, 4.8531319
18496701, 0xEEEE, 5918, 0000, 0.38923, 4.8715953
18499834, 0xEEEE, 5919, 0000, 0.39729, 4.8580911
18502951, 0xEEEE, 5920, 0000, 0.01128, 4.8496986
18506070, 0xEEEE, 5921, 0000, 0.01209, 4.8576333
18509189, 0xEEEE, 5922, 0001, 0.01209, 4.8480201
18512314, 0xEEEE, 5923, 0001, 0.01128, 4.8757153
18515440, 0xEEEE, 5924, 0002, 0.38923, 4.8590829
18518565, 0xEEEE, 5925, 0002, 0.80586, 4.8590066
18521689, 0xEEEE, 5926, 0003, 0.78894, 4.8609903
18524814, 0xEEEE, 5927, 0003, 0.78894, 4.8353552
18527967, 0xEEEE, 5928, 0004, 1.18300, 4.8732738
18531078, 0xEEEE, 5929, 0004, 1.17333, 4.8636606
18534198, 0xEEEE, 5930, 0005, 1.57949, 4.8527504
18537323, 0xEEEE, 5931, 0005, 1.59641, 4.8606851
18540449, 0xEEEE, 5932, 0006, 1.97436, 4.8432136
18543574, 0xEEEE, 5933, 0006, 1.97275, 4.8636606
18546710, 0xEEEE, 5934, 0007, 2.36842, 4.8554208
18549814, 0xEEEE, 5935, 0007, 2.37165, 4.8739605
18552939, 0xEEEE, 5936, 0007, 2.55377, 4.8580911
18556070, 0xEEEE, 5937, 0007, 2.55297, 4.8413062
18559189, 0xEEEE, 5938, 0006, 2.55216, 4.8661784
18562314, 0xEEEE, 5939, 0006, 2.36681, 4.8521401
18565440, 0xEEEE, 5940, 0005, 2.36762, 4.8628977
18568565, 0xEEEE, 5941, 0005, 2.36762, 4.8605325
18571695, 0xEEEE, 5942, 0004, 1.97678, 4.8328374
18574825, 0xEEEE, 5943, 0004, 1.97436, 4.8622110
18577950, 0xEEEE, 5944, 0003, 1.57546, 4.8456550
18581081, 0xEEEE, 5945, 0003, 1.57868, 4.8731212
18584209, 0xEEEE, 5946, 0002, 1.15399, 4.8584726
18587326, 0xEEEE, 5947, 0002, 0.78894, 4.8455787
18590451, 0xEEEE, 5948, 0001, 0.75751, 4.8536660
18593565, 0xEEEE, 5949, 0001, 0.78813, 4.8432136
18596689, 0xEEEE, 5950, 0000, 0.38842, 4.8726635
18599814, 0xEEEE, 5951, 0000, 0.36344, 4.8683909
18602939, 0xEEEE, 5952, 0000, 0.01128, 4.8422980
18606070, 0xEEEE, 5953, 0000, 0.01209, 4.8606088
18609189, 0xEEEE, 5954, 0001, 0.01128, 4.8459602
18612314, 0xEEEE, 5955, 0001, 0.39245, 4.8717479
18615445, 0xEEEE, 5956, 0002, 0.38359, 4.8635843
18618573, 0xEEEE, 5957, 0002, 0.42952, 4.8668650
18621699, 0xEEEE, 5958, 0003, 0.78733, 4.8587778
18624824, 0xEEEE, 5959, 0003, 0.80103, 4.8369574
18627969, 0xEEEE, 5960, 0004, 1.18462, 4.8735027
18631090, 0xEEEE, 5961, 0004, 1.17736, 4.8599985
18634198, 0xEEEE, 5962, 0005, 1.57949, 4.8618296
18637314, 0xEEEE, 5963, 0005, 1.98242, 4.8590829
18640440, 0xEEEE, 5964, 0006, 1.97516, 4.8321508
18643573, 0xEEEE, 5965, 0006, 1.97355, 4.8717479
18646689, 0xEEEE, 5966, 0007, 2.41275, 4.8590066
18649814, 0xEEEE, 5967, 0007, 2.37971, 4.8696880
18652939, 0xEEEE, 5968, 0007, 2.55538, 4.8648051
18656070, 0xEEEE, 5969, 0007, 2.55216, 4.8353552
18659191, 0xEEEE, 5970, 0006, 2.55377, 4.8687724
18662325, 0xEEEE, 5971, 0006, 2.36762, 4.8520638
18665451, 0xEEEE, 5972, 0005, 2.36842, 4.8649577
18668581, 0xEEEE, 5973, 0005, 2.38051, 4.8599985
18671702, 0xEEEE, 5974, 0004, 1.97436, 4.8510719
18674826, 0xEEEE, 5975, 0004, 1.97516, 4.8624399
18677951, 0xEEEE, 5976, 0003, 1.58271, 4.8493935
18681081, 0xEEEE, 5977, 0003, 1.57788, 4.8684672
18684189, 0xEEEE, 5978, 0002, 1.17978, 4.8659495
18687314, 0xEEEE, 5979, 0002, 0.78813, 4.8477913
18690440, 0xEEEE, 5980, 0001, 0.83729, 4.8655680
18693565, 0xEEEE, 5981, 0001, 0.78813, 4.8545815
18696689, 0xEEEE, 5982, 0000, 0.39245, 4.8583200
18699814, 0xEEEE, 5983, 0000, 0.44564, 4.8649577
18702939, 0xEEEE, 5984, 0000, 0.01209, 4.8474098
18706078, 0xEEEE, 5985, 0000, 0.01128, 4.8574044
18709198, 0xEEEE, 5986, 0001, 0.01048, 4.8380255
18712323, 0xEEEE, 5987, 0001, 0.01128, 4.8863203
18715458, 0xEEEE, 5988, 0002, 0.38359, 4.8655680
18718574, 0xEEEE, 5989, 0002, 0.35458, 4.8522164
18721699, 0xEEEE, 5990, 0003, 0.78813, 4.8583963
18724823, 0xEEEE, 5991, 0003, 0.76879, 4.8294804
18727978, 0xEEEE, 5992, 0004, 1.18381, 4.8661784
18731070, 0xEEEE, 5993, 0004, 1.57788, 4.8600748
18734189, 0xEEEE, 5994, 0005, 1.57868, 4.8522164
18737314, 0xEEEE, 5995, 0005, 1.56418, 4.8631266
18740440, 0xEEEE, 5996, 0006, 1.97516, 4.8381781
18743565, 0xEEEE, 5997, 0006, 1.97355, 4.8715953
18746689, 0xEEEE, 5998, 0007, 2.41436, 4.8633555
18749823, 0xEEEE, 5999, 0007, 2.38212, 4.8666361
18752951, 0xEEEE, 6000, 0007, 2.55297, 4.8664073
18756081, 0xEEEE, 6001, 0007, 2.55297, 4.8288701
18759200, 0xEEEE, 6002, 0006, 2.55216, 4.8693065
18762325, 0xEEEE, 6003, 0006, 2.55136, 4.8656443
18765452, 0xEEEE, 6004, 0005, 2.36681, 4.8711376
18768576, 0xEEEE, 6005, 0005, 2.37568, 4.8634318
18771690, 0xEEEE, 6006, 0004, 1.97355, 4.8439002
18774825, 0xEEEE, 6007, 0004, 1.97436, 4.8661021
18777939, 0xEEEE, 6008, 0003, 1.56498, 4.8499275
18781070, 0xEEEE, 6009, 0003, 1.18462, 4.8699931
18784189, 0xEEEE, 6010, 0002, 1.21121, 4.8641184
18787314, 0xEEEE, 6011, 0002, 1.18300, 4.8383307
18790440, 0xEEEE, 6012, 0001, 0.83245, 4.8606088
18793569, 0xEEEE, 6013, 0001, 0.78894, 4.8451209
18796699, 0xEEEE, 6014, 0000, 0.39245, 4.8715953
18799823, 0xEEEE, 6015, 0000, 0.39245, 4.8690013
18802949, 0xEEEE, 6016, 0000, 0.01128, 4.8416876
18806079, 0xEEEE, 6017, 0000, 0.01209, 4.8629740
18809199, 0xEEEE, 6018, 0001, 0.01209, 4.8451972
18812331, 0xEEEE, 6019, 0001, 0.01209, 4.8683909
18815440, 0xEEEE, 6020, 0002, 0.39326, 4.8661021
18818565, 0xEEEE, 6021, 0002, 0.39245, 4.8487831
18821689, 0xEEEE, 6022, 0003, 0.78733, 4.8628977
18824814, 0xEEEE, 6023, 0003, 0.77282, 4.8478676
18827961, 0xEEEE, 6024, 0004, 1.18381, 4.8638132
18831070, 0xEEEE, 6025, 0004, 1.57626, 4.8600748
18834189, 0xEEEE, 6026, 0005, 1.57788, 4.8599985
18837319, 0xEEEE, 6027, 0005, 1.55692, 4.8641947
18840451, 0xEEEE, 6028, 0006, 1.97355, 4.8462654
18843576, 0xEEEE, 6029, 0006, 1.97516, 4.8718242
18846701, 0xEEEE, 6030, 0007, 2.39985, 4.8643473
18849826, 0xEEEE, 6031, 0007, 2.34667, 4.8599222
18852951, 0xEEEE, 6032, 0007, 2.55216, 4.8647288
18856081, 0xEEEE, 6033, 0007, 2.55297, 4.8487831
18859211, 0xEEEE, 6034, 0006, 2.55297, 4.8532845
18862314, 0xEEEE, 6035, 0006, 2.55297, 4.8533608
18865440, 0xEEEE, 6036, 0005, 2.34667, 4.8586252
18868565, 0xEEEE, 6037, 0005, 2.36923, 4.8612192
18871689, 0xEEEE, 6038, 0004, 1.97355, 4.8481727
18874814, 0xEEEE, 6039, 0004, 1.97436, 4.8619059
18877939, 0xEEEE, 6040, 0003, 1.57626, 4.8511482
18881070, 0xEEEE, 6041, 0003, 1.57788, 4.8697642
18884198, 0xEEEE, 6042, 0002, 1.19912, 4.8562600
18887323, 0xEEEE, 6043, 0002, 1.18462, 4.8499275
18890449, 0xEEEE, 6044, 0001, 0.78974, 4.8628977
18893574, 0xEEEE, 6045, 0001, 0.78894, 4.8507668
18896707, 0xEEEE, 6046, 0000, 0.39084, 4.8770886
18899823, 0xEEEE, 6047, 0000, 0.01209, 4.8690776
18902948, 0xEEEE, 6048, 0000, 0.01370, 4.8521401
18906070, 0xEEEE, 6049, 0000, 0.01209, 4.8609140
18909189, 0xEEEE, 6050, 0001, 0.01128, 4.8390936
18912314, 0xEEEE, 6051, 0001, 0.01128, 4.8632029
18915440, 0xEEEE, 6052, 0002, 0.39165, 4.8644999
18918565, 0xEEEE, 6053, 0002, 0.39245, 4.8566415
18921689, 0xEEEE, 6054, 0003, 0.78813, 4.8628977
18924814, 0xEEEE, 6055, 0003, 1.18542, 4.8422980
18927972, 0xEEEE, 6056, 0004, 1.18300, 4.8638132
18931081, 0xEEEE, 6057, 0004, 1.18220, 4.8654154
18934200, 0xEEEE, 6058, 0005, 1.57868, 4.8638132
18937326, 0xEEEE, 6059, 0005, 1.56579, 4.8640421
18940451, 0xEEEE, 6060, 0006, 1.97436, 4.8430610
18943587, 0xEEEE, 6061, 0006, 1.97516, 4.8668650
18946701, 0xEEEE, 6062, 0007, 2.34747, 4.8542763
18949814, 0xEEEE, 6063, 0007, 2.55538, 4.8660258
18952939, 0xEEEE, 6064, 0007, 2.55055, 4.8622110
18956078, 0xEEEE, 6065, 0007, 2.55216, 4.8321508
18959189, 0xEEEE, 6066, 0006, 2.55216, 4.8579385
18962314, 0xEEEE, 6067, 0006, 2.55377, 4.8550393
18965440, 0xEEEE, 6068, 0005, 2.36359, 4.8641947
18968564, 0xEEEE, 6069, 0005, 2.36440, 4.8603799
18971696, 0xEEEE, 6070, 0004, 1.97355, 4.8481727
18974823, 0xEEEE, 6071, 0004, 1.57868, 4.8654154
18977948, 0xEEEE, 6072, 0003, 1.58674, 4.8554208
18981085, 0xEEEE, 6073, 0003, 1.57788, 4.8667124
18984198, 0xEEEE, 6074, 0002, 1.18059, 4.8635843
18987323, 0xEEEE, 6075, 0002, 1.18381, 4.8445869
18990448, 0xEEEE, 6076, 0001, 0.78974, 4.8639658
18993565, 0xEEEE, 6077, 0001, 0.78894, 4.8462654
18996690, 0xEEEE, 6078, 0000, 0.39245, 4.8681621
18999814, 0xEEEE, 6079, 0000, 0.01209, 4.8640421
19002939, 0xEEEE, 6080, 0000, 0.01128, 4.8580148
19006070, 0xEEEE, 6081, 0000, 0.01128, 4.8592355
19009189, 0xEEEE, 6082, 0001, 0.01209, 4.8393988
19012314, 0xEEEE, 6083, 0001, 0.01370, 4.8774701
19015447, 0xEEEE, 6084, 0002, 0.39165, 4.8661021
19018576, 0xEEEE, 6085, 0002, 0.39245, 4.8465705
19021701, 0xEEEE, 6086, 0003, 0.78813, 4.8631266
19024826, 0xEEEE, 6087, 0003, 0.78652, 4.8410010
19027981, 0xEEEE, 6088, 0004, 1.18300, 4.8809033
19031082, 0xEEEE, 6089, 0004, 1.18220, 4.8621347
19034201, 0xEEEE, 6090, 0005, 1.57868, 4.8500038
19037314, 0xEEEE, 6091, 0005, 1.59158, 4.8612955
19040448, 0xEEEE, 6092, 0006, 1.97436, 4.8403143
19043565, 0xEEEE, 6093, 0006, 2.36842, 4.8662547
19046689, 0xEEEE, 6094, 0007, 2.36842, 4.8640421
19049814, 0xEEEE, 6095, 0007, 2.36601, 4.8631266
19052939, 0xEEEE, 6096, 0007, 2.55377, 4.8649577
19056070, 0xEEEE, 6097, 0007, 2.55297, 4.8429847
19059191, 0xEEEE, 6098, 0006, 2.55136, 4.8647288
19062323, 0xEEEE, 6099, 0006, 2.55216, 4.8596933
19065453, 0xEEEE, 6100, 0005, 2.37890, 4.8606088
19068574, 0xEEEE, 6101, 0005, 1.97516, 4.8633555
19071699, 0xEEEE, 6102, 0004, 1.97436, 4.8416876
19074823, 0xEEEE, 6103, 0004, 2.02674, 4.8628214
19077948, 0xEEEE, 6104, 0003, 1.57788, 4.8575570
19081079, 0xEEEE, 6105, 0003, 1.57949, 4.8562600
19084189, 0xEEEE, 6106, 0002, 1.18220, 4.8603799
19087325, 0xEEEE, 6107, 0002, 1.18462, 4.8416876
19090440, 0xEEEE, 6108, 0001, 0.78813, 4.8619821
19093565, 0xEEEE, 6109, 0001, 0.39004, 4.8472572
19096689, 0xEEEE, 6110, 0000, 0.39245, 4.8679332
19099814, 0xEEEE, 6111, 0000, 0.39084, 4.8608377
19102940, 0xEEEE, 6112, 0000, 0.01209, 4.8599985
19106081, 0xEEEE, 6113, 0000, 0.01128, 4.8606851
19109200, 0xEEEE, 6114, 0001, 0.01209, 4.8442817
19112334, 0xEEEE, 6115, 0001, 0.01128, 4.8738079
19115452, 0xEEEE, 6116, 0002, 0.39326, 4.8635843
19118576, 0xEEEE, 6117, 0002, 0.79136, 4.8503853
19121701, 0xEEEE, 6118, 0003, 0.78813, 4.8641184
19124834, 0xEEEE, 6119, 0003, 0.78813, 4.8328374
19127972, 0xEEEE, 6120, 0004, 1.17897, 4.8606851
19131070, 0xEEEE, 6121, 0004, 1.18300, 4.8603037
19134189, 0xEEEE, 6122, 0005, 1.57626, 4.8516060
19137314, 0xEEEE, 6123, 0005, 1.56982, 4.8610666
19140440, 0xEEEE, 6124, 0006, 1.97516, 4.8355840
19143565, 0xEEEE, 6125, 0006, 2.29267, 4.8644236
19146689, 0xEEEE, 6126, 0007, 2.38293, 4.8620584
19149823, 0xEEEE, 6127, 0007, 2.36923, 4.8604562
19152948, 0xEEEE, 6128, 0007, 2.55136, 4.8619821
19156078, 0xEEEE, 6129, 0007, 2.55216, 4.8423743
19159198, 0xEEEE, 6130, 0006, 2.55216, 4.8619821
19162323, 0xEEEE, 6131, 0006, 2.55216, 4.8608377
19165449, 0xEEEE, 6132, 0005, 2.36762, 4.8657206
19168574, 0xEEEE, 6133, 0005, 2.03560, 4.8680095
19171709, 0xEEEE, 6134, 0004, 1.97194, 4.8479438
19174814, 0xEEEE, 6135, 0004, 1.89941, 4.8611429
19177939, 0xEEEE, 6136, 0003, 1.57788, 4.8552682
19181070, 0xEEEE, 6137, 0003, 1.57788, 4.8695354
19184189, 0xEEEE, 6138, 0002, 1.18139, 4.8635080
19187314, 0xEEEE, 6139, 0002, 1.18462, 4.8506142
19190445, 0xEEEE, 6140, 0001, 0.78491, 4.8616007
19193575, 0xEEEE, 6141, 0001, 0.77121, 4.8555734
19196700, 0xEEEE, 6142, 0000, 0.39326, 4.8673228
19199825, 0xEEEE, 6143, 0000, 0.39648, 4.8699168
19202951, 0xEEEE, 6144, 0000, 0.01128, 4.8458839
19206082, 0xEEEE, 6145, 0000, 0.01128, 4.8610666
19209209, 0xEEEE, 6146, 0001, 0.01128, 4.8513008
19212326, 0xEEEE, 6147, 0001, 0.41018, 4.8667124
19215440, 0xEEEE, 6148, 0002, 0.39326, 4.8626688
19218565, 0xEEEE, 6149, 0002, 0.39568, 4.8577096
19221689, 0xEEEE, 6150, 0003, 0.78894, 4.8629740
19224814, 0xEEEE, 6151, 0003, 0.78894, 4.8412299
19227961, 0xEEEE, 6152, 0004, 1.20557, 4.8642710
19231069, 0xEEEE, 6153, 0004, 1.18462, 4.8696880
19234189, 0xEEEE, 6154, 0005, 1.57788, 4.8503090
19237319, 0xEEEE, 6155, 0005, 1.97355, 4.8596170
19240448, 0xEEEE, 6156, 0006, 1.97355, 4.8414588
19243574, 0xEEEE, 6157, 0006, 1.92198, 4.8725109
19246699, 0xEEEE, 6158, 0007, 2.35956, 4.8596933
19249824, 0xEEEE, 6159, 0007, 2.36520, 4.8658732
19252949, 0xEEEE, 6160, 0007, 2.55136, 4.8631266
19256090, 0xEEEE, 6161, 0007, 2.55297, 4.8410773
19259189, 0xEEEE, 6162, 0006, 2.55055, 4.8587778
19262314, 0xEEEE, 6163, 0006, 2.35150, 4.8509957
19265440, 0xEEEE, 6164, 0005, 2.36278, 4.8624399
19268565, 0xEEEE, 6165, 0005, 2.36681, 4.8628977
19271689, 0xEEEE, 6166, 0004, 1.97355, 4.8441291
19274814, 0xEEEE, 6167, 0004, 1.96066, 4.8606851
19277939, 0xEEEE, 6168, 0003, 1.57788, 4.8452735
19281074, 0xEEEE, 6169, 0003, 1.57868, 4.8675517
19284200, 0xEEEE, 6170, 0002, 1.18059, 4.8629740
19287326, 0xEEEE, 6171, 0002, 0.78894, 4.8506905
19290452, 0xEEEE, 6172, 0001, 0.79297, 4.8639658
19293584, 0xEEEE, 6173, 0001, 0.75429, 4.8422980
19296701, 0xEEEE, 6174, 0000, 0.39245, 4.8757153
19299826, 0xEEEE, 6175, 0000, 0.39568, 4.8644999
19302939, 0xEEEE, 6176, 0000, 0.01128, 4.8404669
19306070, 0xEEEE, 6177, 0000, 0.01128, 4.8555734
19309189, 0xEEEE, 6178, 0001, 0.01209, 4.8426032
19312314, 0xEEEE, 6179, 0001, 0.32799, 4.8799878
19315440, 0xEEEE, 6180, 0002, 0.39165, 4.8598459
19318565, 0xEEEE, 6181, 0002, 0.39648, 4.8529030
19321689, 0xEEEE, 6182, 0003, 0.80022, 4.8603799
19324814, 0xEEEE, 6183, 0003, 0.78974, 4.8316167
19327969, 0xEEEE, 6184, 0004, 1.16044, 4.8781567
19331078, 0xEEEE, 6185, 0004, 1.18300, 4.8691539
19334198, 0xEEEE, 6186, 0005, 1.57949, 4.8541238
19337323, 0xEEEE, 6187, 0005, 1.57868, 4.8587015
19340460, 0xEEEE, 6188, 0006, 1.97355, 4.8352789
19343574, 0xEEEE, 6189, 0006, 2.01788, 4.8658732
19346690, 0xEEEE, 6190, 0007, 2.36601, 4.8632792
19349814, 0xEEEE, 6191, 0007, 2.36762, 4.8539712
19352947, 0xEEEE, 6192, 0007, 2.55216, 4.8603799
19356070, 0xEEEE, 6193, 0007, 2.55216, 4.8356603
19359189, 0xEEEE, 6194, 0006, 2.55136, 4.8697642
19362314, 0xEEEE, 6195, 0006, 2.57714, 4.8522164
19365440, 0xEEEE, 6196, 0005, 2.35956, 4.8708324
19368566, 0xEEEE, 6197, 0005, 2.36681, 4.8646525
19371701, 0xEEEE, 6198, 0004, 1.97436, 4.8416876
19374826, 0xEEEE, 6199, 0004, 1.97839, 4.8637369
19377954, 0xEEEE, 6200, 0003, 1.57949, 4.8531319
19381081, 0xEEEE, 6201, 0003, 1.11370, 4.8667124
19384201, 0xEEEE, 6202, 0002, 1.18703, 4.8632029
19387326, 0xEEEE, 6203, 0002, 1.18300, 4.8444343
19390451, 0xEEEE, 6204, 0001, 0.79297, 4.8582437
19393565, 0xEEEE, 6205, 0001, 0.75912, 4.8471809
19396689, 0xEEEE, 6206, 0000, 0.39165, 4.8667887
19399814, 0xEEEE, 6207, 0000, 0.38923, 4.8654154
19402939, 0xEEEE, 6208, 0000, 0.01209, 4.8511482
19406070, 0xEEEE, 6209, 0000, 0.01128, 4.8602274
19409189, 0xEEEE, 6210, 0001, 0.01128, 4.8454261
19412314, 0xEEEE, 6211, 0001, 0.01128, 4.8722057
19415448, 0xEEEE, 6212, 0002, 0.39245, 4.8552682
19418574, 0xEEEE, 6213, 0002, 0.39890, 4.8377966
19421699, 0xEEEE, 6214, 0003, 0.79780, 4.8595407
19424833, 0xEEEE, 6215, 0003, 0.78813, 4.8508431
19427970, 0xEEEE, 6216, 0004, 1.15480, 4.8585489
19431079, 0xEEEE, 6217, 0004, 1.57868, 4.8608377
19434198, 0xEEEE, 6218, 0005, 1.57949, 4.8562600
19437331, 0xEEEE, 6219, 0005, 1.57868, 4.8599985
19440440, 0xEEEE, 6220, 0006, 1.97275, 4.8542000
19443565, 0xEEEE, 6221, 0006, 1.99370, 4.8603037
19446689, 0xEEEE, 6222, 0007, 2.36440, 4.8556497
19449814, 0xEEEE, 6223, 0007, 2.36842, 4.8610666
19452939, 0xEEEE, 6224, 0007, 2.55297, 4.8632792
19456069, 0xEEEE, 6225, 0007, 2.55216, 4.8439002
19459197, 0xEEEE, 6226, 0006, 2.55216, 4.8710613
19462325, 0xEEEE, 6227, 0006, 2.56908, 4.8585489
19465451, 0xEEEE, 6228, 0005, 2.36923, 4.8563363
19468576, 0xEEEE, 6229, 0005, 2.36842, 4.8529793
19471701, 0xEEEE, 6230, 0004, 1.97275, 4.8490883
19474826, 0xEEEE, 6231, 0004, 2.01626, 4.8679332
19477951, 0xEEEE, 6232, 0003, 1.57868, 4.8583200
19481070, 0xEEEE, 6233, 0003, 1.18300, 4.8775463
19484200, 0xEEEE, 6234, 0002, 1.18059, 4.8537423
19487314, 0xEEEE, 6235, 0002, 1.18300, 4.8390173
19490440, 0xEEEE, 6236, 0001, 0.78813, 4.8619821
19493565, 0xEEEE, 6237, 0001, 0.80667, 4.8533608
19496689, 0xEEEE, 6238, 0000, 0.39245, 4.8738079
19499814, 0xEEEE, 6239, 0000, 0.39729, 4.8594644
19502942, 0xEEEE, 6240, 0000, 0.01209, 4.8487068
19506078, 0xEEEE, 6241, 0000, 0.01128, 4.8587778
19509198, 0xEEEE, 6242, 0001, 0.01128, 4.8484016
19512324, 0xEEEE, 6243, 0001, 0.01128, 4.8679332
19515449, 0xEEEE, 6244, 0002, 0.39165, 4.8567178
19518574, 0xEEEE, 6245, 0002, 0.40132, 4.8429084
19521707, 0xEEEE, 6246, 0003, 0.83810, 4.8635080
19524814, 0xEEEE, 6247, 0003, 1.18300, 4.8374914
19527970, 0xEEEE, 6248, 0004, 1.19590, 4.8685435
19531070, 0xEEEE, 6249, 0004, 1.18462, 4.8593881
19534189, 0xEEEE, 6250, 0005, 1.57788, 4.8635080
19537314, 0xEEEE, 6251, 0005, 1.57788, 4.8603799
19540440, 0xEEEE, 6252, 0006, 1.97355, 4.8423743
19543565, 0xEEEE, 6253, 0006, 1.97355, 4.8720531
19546693, 0xEEEE, 6254, 0007, 2.37004, 4.8581674
19549825, 0xEEEE, 6255, 0007, 2.55216, 4.8715190
19552950, 0xEEEE, 6256, 0007, 2.55216, 4.8615244
19556081, 0xEEEE, 6257, 0007, 2.55216, 4.8344396
19559201, 0xEEEE, 6258, 0006, 2.55619, 4.8647288
19562326, 0xEEEE, 6259, 0006, 2.53846, 4.8606088
19565452, 0xEEEE, 6260, 0005, 2.36520, 4.8715953
19568587, 0xEEEE, 6261, 0005, 2.36762, 4.8611429
19571689, 0xEEEE, 6262, 0004, 1.97355, 4.8545815
19574814, 0xEEEE, 6263, 0004, 1.57465, 4.8657969
19577939, 0xEEEE, 6264, 0003, 1.57868, 4.8529030
19581070, 0xEEEE, 6265, 0003, 1.63026, 4.8677043
19584189, 0xEEEE, 6266, 0002, 1.18623, 4.8595407
19587314, 0xEEEE, 6267, 0002, 1.18300, 4.8454261
19590445, 0xEEEE, 6268, 0001, 0.78813, 4.8603037
19593574, 0xEEEE, 6269, 0001, 0.71963, 4.8446632
19596699, 0xEEEE, 6270, 0000, 0.39165, 4.8765545
19599822, 0xEEEE, 6271, 0000, 0.01128, 4.8600748
19602948, 0xEEEE, 6272, 0000, 0.01128, 4.8516060
19606086, 0xEEEE, 6273, 0000, 0.01209, 4.8615244
19609198, 0xEEEE, 6274, 0001, 0.01128, 4.8506142
19612323, 0xEEEE, 6275, 0001, 0.01209, 4.8707561
19615440, 0xEEEE, 6276, 0002, 0.39245, 4.8615244
19618565, 0xEEEE, 6277, 0002, 0.39084, 4.8413825
19621689, 0xEEEE, 6278, 0003, 0.81956, 4.8607614
19624814, 0xEEEE, 6279, 0003, 1.18220, 4.8484016
19627961, 0xEEEE, 6280, 0004, 1.22007, 4.8677806
19631070, 0xEEEE, 6281, 0004, 1.18300, 4.8557259
19634189, 0xEEEE, 6282, 0005, 1.56982, 4.8609140
19637325, 0xEEEE, 6283, 0005, 1.57868, 4.8570993
19640451, 0xEEEE, 6284, 0006, 1.97355, 4.8419165
19643576, 0xEEEE, 6285, 0006, 1.95985, 4.8735027
19646701, 0xEEEE, 6286, 0007, 2.36440, 4.8564889
19649826, 0xEEEE, 6287, 0007, 2.36681, 4.8725872
19652961, 0xEEEE, 6288, 0007, 2.55297, 4.8564126
19656081, 0xEEEE, 6289, 0007, 2.55216, 4.8416114
19659189, 0xEEEE, 6290, 0006, 2.53927, 4.8651865
19662314, 0xEEEE, 6291, 0006, 2.56505, 4.8498512
19665440, 0xEEEE, 6292, 0005, 2.36520, 4.8702983
19668565, 0xEEEE, 6293, 0005, 1.97275, 4.8638132
19671689, 0xEEEE, 6294, 0004, 1.97355, 4.8563363
19674814, 0xEEEE, 6295, 0004, 1.97919, 4.8611429
19677939, 0xEEEE, 6296, 0003, 1.58029, 4.8429084
19681076, 0xEEEE, 6297, 0003, 1.52630, 4.8661021
19684197, 0xEEEE, 6298, 0002, 1.18381, 4.8548104
19687323, 0xEEEE, 6299, 0002, 1.18381, 4.8535897
19690456, 0xEEEE, 6300, 0001, 0.78733, 4.8599985
19693574, 0xEEEE, 6301, 0001, 0.39326, 4.8402380
19696699, 0xEEEE, 6302, 0000, 0.39326, 4.8862440
19699823, 0xEEEE, 6303, 0000, 0.39245, 4.8584726
19702939, 0xEEEE, 6304, 0000, 0.01128, 4.8593881
19706070, 0xEEEE, 6305, 0000, 0.01370, 4.8569467
19709189, 0xEEEE, 6306, 0001, 0.01209, 4.8484016
19712314, 0xEEEE, 6307, 0001, 0.01209, 4.8717479
19715440, 0xEEEE, 6308, 0002, 0.39245, 4.8570993
19718565, 0xEEEE, 6309, 0002, 0.78894, 4.8636606
19721689, 0xEEEE, 6310, 0003, 0.82037, 4.8567941
19724819, 0xEEEE, 6311, 0003, 0.78974, 4.8359655
19727972, 0xEEEE, 6312, 0004, 1.17172, 4.8741131
19731081, 0xEEEE, 6313, 0004, 1.18381, 4.8553445
19734201, 0xEEEE, 6314, 0005, 1.58835, 4.8618296
19737335, 0xEEEE, 6315, 0005, 1.57949, 4.8544289
19740451, 0xEEEE, 6316, 0006, 1.97275, 4.8329137
19743576, 0xEEEE, 6317, 0006, 2.36923, 4.8661021
19746690, 0xEEEE, 6318, 0007, 2.36762, 4.8535897
19749823, 0xEEEE, 6319, 0007, 2.36762, 4.8735790
19752939, 0xEEEE, 6320, 0007, 2.55216, 4.8583963
19756070, 0xEEEE, 6321, 0007, 2.55136, 4.8259709
19759189, 0xEEEE, 6322, 0006, 2.53121, 4.8696117
19762314, 0xEEEE, 6323, 0006, 2.54974, 4.8576333
19765440, 0xEEEE, 6324, 0005, 2.36923, 4.8677806
19768566, 0xEEEE, 6325, 0005, 1.97355, 4.8568704
19771699, 0xEEEE, 6326, 0004, 1.97436, 4.8621347
19774823, 0xEEEE, 6327, 0004, 1.97919, 4.8611429
19777949, 0xEEEE, 6328, 0003, 1.57868, 4.8511482
19781079, 0xEEEE, 6329, 0003, 1.60527, 4.8642710
19784199, 0xEEEE, 6330, 0002, 1.18220, 4.8576333
19787323, 0xEEEE, 6331, 0002, 1.18381, 4.8461891
19790440, 0xEEEE, 6332, 0001, 0.78894, 4.8574044
19793565, 0xEEEE, 6333, 0001, 0.39407, 4.8520638
19796700, 0xEEEE, 6334, 0000, 0.39245, 4.8659495
19799814, 0xEEEE, 6335, 0000, 0.39245, 4.8680095
19802939, 0xEEEE, 6336, 0000, 0.01128, 4.8640421
19806070, 0xEEEE, 6337, 0000, 0.01128, 4.8603799
19809189, 0xEEEE, 6338, 0001, 0.01128, 4.8463416
19812315, 0xEEEE, 6339, 0001, 0.01128, 4.8731212
19815451, 0xEEEE, 6340, 0002, 0.39326, 4.8599985
19818576, 0xEEEE, 6341, 0002, 0.39245, 4.8422980
19821709, 0xEEEE, 6342, 0003, 0.78894, 4.8650340
19824826, 0xEEEE, 6343, 0003, 0.78813, 4.8489357
19827972, 0xEEEE, 6344, 0004, 1.18623, 4.8667887
19831081, 0xEEEE, 6345, 0004, 1.18220, 4.8690013
19834209, 0xEEEE, 6346, 0005, 1.57546, 4.8652628
19837314, 0xEEEE, 6347, 0005, 1.97355, 4.8601511
19840440, 0xEEEE, 6348, 0006, 1.97355, 4.8458076
19843565, 0xEEEE, 6349, 0006, 1.97678, 4.8699168
19846689, 0xEEEE, 6350, 0007, 2.36601, 4.8603037
19849814, 0xEEEE, 6351, 0007, 2.36762, 4.8744182
19852939, 0xEEEE, 6352, 0007, 2.55216, 4.8570230
19856070, 0xEEEE, 6353, 0007, 2.55216, 4.8396277
19859198, 0xEEEE, 6354, 0006, 2.54088, 4.8671702
19862323, 0xEEEE, 6355, 0006, 2.36923, 4.8641184
19865448, 0xEEEE, 6356, 0005, 2.36681, 4.8636606
19868574, 0xEEEE, 6357, 0005, 2.36762, 4.8621347
19871698, 0xEEEE, 6358, 0004, 1.97275, 4.8318456
19874823, 0xEEEE, 6359, 0004, 1.97839, 4.8615244
19877949, 0xEEEE, 6360, 0003, 1.57788, 4.8507668
19881089, 0xEEEE, 6361, 0003, 1.62462, 4.8636606
19884189, 0xEEEE, 6362, 0002, 1.18220, 4.8584726
19887314, 0xEEEE, 6363, 0002, 0.77927, 4.8495460
19890440, 0xEEEE, 6364, 0001, 0.78813, 4.8615244
19893565, 0xEEEE, 6365, 0001, 0.78733, 4.8439765
19896689, 0xEEEE, 6366, 0000, 0.39165, 4.8668650
19899814, 0xEEEE, 6367, 0000, 0.39245, 4.8590829
19902947, 0xEEEE, 6368, 0000, 0.01128, 4.8604562
19906081, 0xEEEE, 6369, 0000, 0.01128, 4.8627451
19909201, 0xEEEE, 6370, 0001, 0.01209, 4.8482490
19912326, 0xEEEE, 6371, 0001, 0.38681, 4.8779278
19915451, 0xEEEE, 6372, 0002, 0.39326, 4.8638895
19918584, 0xEEEE, 6373, 0002, 0.39165, 4.8555734
19921701, 0xEEEE, 6374, 0003, 0.78410, 4.8613718
19924814, 0xEEEE, 6375, 0003, 0.78894, 4.8390936
19927972, 0xEEEE, 6376, 0004, 1.18059, 4.8630503
19931070, 0xEEEE, 6377, 0004, 1.18462, 4.8598459
19934189, 0xEEEE, 6378, 0005, 1.58190, 4.8564889
19937314, 0xEEEE, 6379, 0005, 1.97355, 4.8570230
19940440, 0xEEEE, 6380, 0006, 1.97194, 4.8428321
19943565, 0xEEEE, 6381, 0006, 1.97114, 4.8707561
19946693, 0xEEEE, 6382, 0007, 2.36762, 4.8558785
19949823, 0xEEEE, 6383, 0007, 2.36681, 4.8693065
19952948, 0xEEEE, 6384, 0007, 2.55216, 4.8580911
19956078, 0xEEEE, 6385, 0007, 2.50542, 4.8376440
19959199, 0xEEEE, 6386, 0006, 2.54168, 4.8640421
19962324, 0xEEEE, 6387, 0006, 2.55297, 4.8551919
19965459, 0xEEEE, 6388, 0005, 2.36762, 4.8643473
19968565, 0xEEEE, 6389, 0005, 2.36681, 4.8569467
19971689, 0xEEEE, 6390, 0004, 1.95824, 4.8587015
19974814, 0xEEEE, 6391, 0004, 1.97355, 4.8554971
19977939, 0xEEEE, 6392, 0003, 1.57868, 4.8567178
19981070, 0xEEEE, 6393, 0003, 1.17897, 4.8687724
19984189, 0xEEEE, 6394, 0002, 1.18300, 4.8548104
19987314, 0xEEEE, 6395, 0002, 1.17736, 4.8450446
19990447, 0xEEEE, 6396, 0001, 0.78813, 4.8617533
19993576, 0xEEEE, 6397, 0001, 0.78571, 4.8402380
19996701, 0xEEEE, 6398, 0000, 0.37956, 4.8741894
19999826, 0xEEEE, 6399, 0000, 0.39326, 4.8644236
20002958, 0xEEEE, 6400, 0000, 0.01128, 4.8477913
20006081, 0xEEEE, 6401, 0000, 0.01289, 4.8602274
20009201, 0xEEEE, 6402, 0001, 0.01209, 4.8507668
20012314, 0xEEEE, 6403, 0001, 0.01128, 4.8619821
20015440, 0xEEEE, 6404, 0002, 0.39245, 4.8579385
20018565, 0xEEEE, 6405, 0002, 0.39245, 4.8451972
20021689, 0xEEEE, 6406, 0003, 0.79136, 4.8619821
20024814, 0xEEEE, 6407, 0003, 0.78894, 4.8336004
20027961, 0xEEEE, 6408, 0004, 1.18220, 4.8797589
20031070, 0xEEEE, 6409, 0004, 1.50696, 4.8695354
20034189, 0xEEEE, 6410, 0005, 1.58190, 4.8529030
20037323, 0xEEEE, 6411, 0005, 1.57949, 4.8613718
20040448, 0xEEEE, 6412, 0006, 1.97275, 4.8445106
20043574, 0xEEEE, 6413, 0006, 1.97597, 4.8637369
20046699, 0xEEEE, 6414, 0007, 2.36681, 4.8576333
20049834, 0xEEEE, 6415, 0007, 2.36681, 4.8696117
20052948, 0xEEEE, 6416, 0007, 2.55136, 4.8628977
20056079, 0xEEEE, 6417, 0007, 2.54894, 4.8407721
20059189, 0xEEEE, 6418, 0006, 2.55619, 4.8606088
20062323, 0xEEEE, 6419, 0006, 2.55297, 4.8565652
20065440, 0xEEEE, 6420, 0005, 2.36681, 4.8670176
20068565, 0xEEEE, 6421, 0005, 2.36762, 4.8621347
20071689, 0xEEEE, 6422, 0004, 1.98242, 4.8413062
20074814, 0xEEEE, 6423, 0004, 1.97194, 4.8620584
20077939, 0xEEEE, 6424, 0003, 1.57868, 4.8522927
20081081, 0xEEEE, 6425, 0003, 1.18703, 4.8657969
20084200, 0xEEEE, 6426, 0002, 1.18300, 4.8648051
20087328, 0xEEEE, 6427, 0002, 1.17897, 4.8404669
20090451, 0xEEEE, 6428, 0001, 0.82681, 4.8632792
20093576, 0xEEEE, 6429, 0001, 0.78571, 4.8474098
20096702, 0xEEEE, 6430, 0000, 0.40454, 4.8735790
20099826, 0xEEEE, 6431, 0000, 0.39245, 4.8664073
20102939, 0xEEEE, 6432, 0000, 0.01128, 4.8499275
20106069, 0xEEEE, 6433, 0000, 0.01128, 4.8608377
20109189, 0xEEEE, 6434, 0001, 0.01128, 4.8507668
20112314, 0xEEEE, 6435, 0001, 0.01209, 4.8712902
20115440, 0xEEEE, 6436, 0002, 0.38198, 4.8667124
20118565, 0xEEEE, 6437, 0002, 0.39245, 4.8439765
20121689, 0xEEEE, 6438, 0003, 0.78974, 4.8615244
20124821, 0xEEEE, 6439, 0003, 0.78894, 4.8399329
20127970, 0xEEEE, 6440, 0004, 1.18059, 4.8644999
20131078, 0xEEEE, 6441, 0004, 1.17817, 4.8615244
20134207, 0xEEEE, 6442, 0005, 1.58110, 4.8584726
20137324, 0xEEEE, 6443, 0005, 1.57868, 4.8604562
20140449, 0xEEEE, 6444, 0006, 1.96549, 4.8423743
20143574, 0xEEEE, 6445, 0006, 1.97597, 4.8719005
20146706, 0xEEEE, 6446, 0007, 2.36681, 4.8693828
20149814, 0xEEEE, 6447, 0007, 2.55297, 4.8590066
20152939, 0xEEEE, 6448, 0007, 2.53363, 4.8558785
20156070, 0xEEEE, 6449, 0007, 2.55458, 4.8464179
20159189, 0xEEEE, 6450, 0006, 2.55136, 4.8651102
20162314, 0xEEEE, 6451, 0006, 2.55297, 4.8590066
20165442, 0xEEEE, 6452, 0005, 2.36762, 4.8586252
20168572, 0xEEEE, 6453, 0005, 2.36681, 4.8603037
20171701, 0xEEEE, 6454, 0004, 1.97678, 4.8394751
20174825, 0xEEEE, 6455, 0004, 1.57868, 4.8625925
20177951, 0xEEEE, 6456, 0003, 1.57788, 4.8505379
20181082, 0xEEEE, 6457, 0003, 1.57949, 4.8650340
20184201, 0xEEEE, 6458, 0002, 1.18381, 4.8560311
20187326, 0xEEEE, 6459, 0002, 1.18542, 4.8577096
20190440, 0xEEEE, 6460, 0001, 0.82278, 4.8563363
20193576, 0xEEEE, 6461, 0001, 0.78974, 4.8428321
20196689, 0xEEEE, 6462, 0000, 0.38601, 4.8674754
20199814, 0xEEEE, 6463, 0000, 0.01451, 4.8627451
20202939, 0xEEEE, 6464, 0000, 0.01209, 4.8446632
20206070, 0xEEEE, 6465, 0000, 0.01128, 4.8616770
20209189, 0xEEEE, 6466, 0001, 0.01128, 4.8604562
20212316, 0xEEEE, 6467, 0001, 0.01128, 4.8760967
20215449, 0xEEEE, 6468, 0002, 0.39326, 4.8624399
20218573, 0xEEEE, 6469, 0002, 0.39245, 4.8411536
20221699, 0xEEEE, 6470, 0003, 0.78813, 4.8620584
20224824, 0xEEEE, 6471, 0003, 1.19509, 4.8411536
20227970, 0xEEEE, 6472, 0004, 1.18220, 4.8715953
20231087, 0xEEEE, 6473, 0004, 1.18945, 4.8553445
20234189, 0xEEEE, 6474, 0005, 1.57868, 4.8583200
20237314, 0xEEEE, 6475, 0005, 1.57707, 4.8564889
20240440, 0xEEEE, 6476, 0006, 1.97839, 4.8361181
20243565, 0xEEEE, 6477, 0006, 1.97516, 4.8647288
20246689, 0xEEEE, 6478, 0007, 2.36681, 4.8553445
20249814, 0xEEEE, 6479, 0007, 2.50945, 4.8638132
20252940, 0xEEEE, 6480, 0007, 2.56908, 4.8569467
20256071, 0xEEEE, 6481, 0007, 2.55055, 4.8376440
20259200, 0xEEEE, 6482, 0006, 2.55216, 4.8744945
20262325, 0xEEEE, 6483, 0006, 2.55216, 4.8603799
20265451, 0xEEEE, 6484, 0005, 2.36681, 4.8574044
20268577, 0xEEEE, 6485, 0005, 2.37890, 4.8591592
20271702, 0xEEEE, 6486, 0004, 1.96952, 4.8409247
20274826, 0xEEEE, 6487, 0004, 1.97275, 4.8642710
20277961, 0xEEEE, 6488, 0003, 1.57788, 4.8549630
20281070, 0xEEEE, 6489, 0003, 1.57626, 4.8683146
20284189, 0xEEEE, 6490, 0002, 1.21282, 4.8625925
20287314, 0xEEEE, 6491, 0002, 1.18300, 4.8350500
20290440, 0xEEEE, 6492, 0001, 0.77443, 4.8604562
20293565, 0xEEEE, 6493, 0001, 0.78894, 4.8527504
20296689, 0xEEEE, 6494, 0000, 0.38923, 4.8696880
20299814, 0xEEEE, 6495, 0000, 0.41663, 4.8619059
20302947, 0xEEEE, 6496, 0000, 0.01209, 4.8474098
20306078, 0xEEEE, 6497, 0000, 0.01128, 4.8582437
20309198, 0xEEEE, 6498, 0001, 0.01531, 4.8464179
20312323, 0xEEEE, 6499, 0001, 0.01128, 4.8739605
20315457, 0xEEEE, 6500, 0002, 0.38359, 4.8681621
20318574, 0xEEEE, 6501, 0002, 0.76396, 4.8499275
20321699, 0xEEEE, 6502, 0003, 0.78813, 4.8612192
20324814, 0xEEEE, 6503, 0003, 0.78330, 4.8432898
20327961, 0xEEEE, 6504, 0004, 1.18300, 4.8732738
20331070, 0xEEEE, 6505, 0004, 1.19670, 4.8613718
20334189, 0xEEEE, 6506, 0005, 1.58029, 4.8568704
20337314, 0xEEEE, 6507, 0005, 1.57868, 4.8588540
20340440, 0xEEEE, 6508, 0006, 1.97678, 4.8394751
20343565, 0xEEEE, 6509, 0006, 2.36762, 4.8735027
20346699, 0xEEEE, 6510, 0007, 2.36681, 4.8578622
20349825, 0xEEEE, 6511, 0007, 2.39260, 4.8616770
20352950, 0xEEEE, 6512, 0007, 2.55136, 4.8569467
20356081, 0xEEEE, 6513, 0007, 2.55136, 4.8384070
20359200, 0xEEEE, 6514, 0006, 2.55216, 4.8686198
20362336, 0xEEEE, 6515, 0006, 2.55216, 4.8580911
20365451, 0xEEEE, 6516, 0005, 2.36762, 4.8750286
20368565, 0xEEEE, 6517, 0005, 1.98161, 4.8624399
20371689, 0xEEEE, 6518, 0004, 1.97194, 4.8400855
20374814, 0xEEEE, 6519, 0004, 1.97355, 4.8587778
20377939, 0xEEEE, 6520, 0003, 1.58432, 4.8490883
20381070, 0xEEEE, 6521, 0003, 1.57626, 4.8783856
20384189, 0xEEEE, 6522, 0002, 1.15883, 4.8609903
20387314, 0xEEEE, 6523, 0002, 1.18059, 4.8426795
20390445, 0xEEEE, 6524, 0001, 0.81473, 4.8581674
20393573, 0xEEEE, 6525, 0001, 0.39165, 4.8433661
20396699, 0xEEEE, 6526, 0000, 0.38842, 4.8796826
20399830, 0xEEEE, 6527, 0000, 0.40938, 4.8677806
20402949, 0xEEEE, 6528, 0000, 0.01209, 4.8524453
20406078, 0xEEEE, 6529, 0000, 0.01209, 4.8630503
20409198, 0xEEEE, 6530, 0001, 0.01128, 4.8477150
20412314, 0xEEEE, 6531, 0001, 0.01128, 4.8712902
20415440, 0xEEEE, 6532, 0002, 0.39810, 4.8633555
20418565, 0xEEEE, 6533, 0002, 0.76879, 4.8583963
20421689, 0xEEEE, 6534, 0003, 0.78733, 4.8617533
20424814, 0xEEEE, 6535, 0003, 0.78652, 4.8424506
20427961, 0xEEEE, 6536, 0004, 1.18381, 4.8729686
20431070, 0xEEEE, 6537, 0004, 1.18542, 4.8628977
20434194, 0xEEEE, 6538, 0005, 1.57868, 4.8584726
20437326, 0xEEEE, 6539, 0005, 1.51663, 4.8593118
20440451, 0xEEEE, 6540, 0006, 1.97516, 4.8381018
20443576, 0xEEEE, 6541, 0006, 1.97275, 4.8730449
20446710, 0xEEEE, 6542, 0007, 2.36762, 4.8628977
20449826, 0xEEEE, 6543, 0007, 2.36278, 4.8697642
20452951, 0xEEEE, 6544, 0007, 2.55055, 4.8575570
20456081, 0xEEEE, 6545, 0007, 2.55136, 4.8365759
20459198, 0xEEEE, 6546, 0006, 2.55216, 4.8642710
20462314, 0xEEEE, 6547, 0006, 2.36681, 4.8519875
20465440, 0xEEEE, 6548, 0005, 2.39179, 4.8697642
20468565, 0xEEEE, 6549, 0005, 2.36440, 4.8614481
20471689, 0xEEEE, 6550, 0004, 1.97436, 4.8514534
20474814, 0xEEEE, 6551, 0004, 1.97275, 4.8559548
20477939, 0xEEEE, 6552, 0003, 1.57546, 4.8500038
20481078, 0xEEEE, 6553, 0003, 1.57788, 4.8619059
20484198, 0xEEEE, 6554, 0002, 1.19993, 4.8567941
20487323, 0xEEEE, 6555, 0002, 0.78813, 4.8471046
20490449, 0xEEEE, 6556, 0001, 0.79216, 4.8628977
20493574, 0xEEEE, 6557, 0001, 0.78733, 4.8536660
20496699, 0xEEEE, 6558, 0000, 0.38842, 4.8773938
20499814, 0xEEEE, 6559, 0000, 0.37956, 4.8655680
20502939, 0xEEEE, 6560, 0000, 0.01128, 4.8477150
20506080, 0xEEEE, 6561, 0000, 0.01128, 4.8593118
20509189, 0xEEEE, 6562, 0001, 0.01209, 4.8421454
20512314, 0xEEEE, 6563, 0001, 0.39084, 4.8725872
20515440, 0xEEEE, 6564, 0002, 0.39326, 4.8614481
20518565, 0xEEEE, 6565, 0002, 0.38037, 4.8553445
20521689, 0xEEEE, 6566, 0003, 0.78813, 4.8593118
20524826, 0xEEEE, 6567, 0003, 0.79216, 4.8395514
20527972, 0xEEEE, 6568, 0004, 1.18381, 4.8645762
20531086, 0xEEEE, 6569, 0004, 1.18381, 4.8569467
20534201, 0xEEEE, 6570, 0005, 1.57868, 4.8621347
20537326, 0xEEEE, 6571, 0005, 1.97114, 4.8599222
20540451, 0xEEEE, 6572, 0006, 1.97355, 4.8351263
20543585, 0xEEEE, 6573, 0006, 1.97355, 4.8688487
20546690, 0xEEEE, 6574, 0007, 2.35553, 4.8558785
20549814, 0xEEEE, 6575, 0007, 2.36520, 4.8650340
20552940, 0xEEEE, 6576, 0007, 2.55136, 4.8641947
20556070, 0xEEEE, 6577, 0007, 2.55136, 4.8345159
20559189, 0xEEEE, 6578, 0006, 2.55216, 4.8607614
20562314, 0xEEEE, 6579, 0006, 2.39260, 4.8560311
20565443, 0xEEEE, 6580, 0005, 2.36681, 4.8578622
20568572, 0xEEEE, 6581, 0005, 2.36681, 4.8622110
20571699, 0xEEEE, 6582, 0004, 1.97275, 4.8352026
20574823, 0xEEEE, 6583, 0004, 1.97436, 4.8640421
20577949, 0xEEEE, 6584, 0003, 1.57626, 4.8580911
20581079, 0xEEEE, 6585, 0003, 1.57949, 4.8698405
20584199, 0xEEEE, 6586, 0002, 1.19026, 4.8578622
20587323, 0xEEEE, 6587, 0002, 0.90740, 4.8535897
20590460, 0xEEEE, 6588, 0001, 0.79458, 4.8606851
20593565, 0xEEEE, 6589, 0001, 0.78974, 4.8464942
20596689, 0xEEEE, 6590, 0000, 0.39245, 4.8637369
20599814, 0xEEEE, 6591, 0000, 0.40132, 4.8616007
20602939, 0xEEEE, 6592, 0000, 0.01128, 4.8517586
20606070, 0xEEEE, 6593, 0000, 0.01128, 4.8596933
20609189, 0xEEEE, 6594, 0001, 0.01128, 4.8422980
20612322, 0xEEEE, 6595, 0001, 0.01209, 4.8722057
20615451, 0xEEEE, 6596, 0002, 0.39245, 4.8651102
20618576, 0xEEEE, 6597, 0002, 0.39487, 4.8493172
20621701, 0xEEEE, 6598, 0003, 0.71883, 4.8635843
20624826, 0xEEEE, 6599, 0003, 0.78652, 4.8390936
20627979, 0xEEEE, 6600, 0004, 1.14513, 4.8632792
20631081, 0xEEEE, 6601, 0004, 1.57707, 4.8626688
20634189, 0xEEEE, 6602, 0005, 1.57788, 4.8664073
20637314, 0xEEEE, 6603, 0005, 1.57868, 4.8641947
20640440, 0xEEEE, 6604, 0006, 1.97355, 4.8303960
20643565, 0xEEEE, 6605, 0006, 1.91714, 4.8706798
20646689, 0xEEEE, 6606, 0007, 2.36923, 4.8715953
20649814, 0xEEEE, 6607, 0007, 2.36520, 4.8664836
20652939, 0xEEEE, 6608, 0007, 2.55136, 4.8599222
20656072, 0xEEEE, 6609, 0007, 2.55297, 4.8405432
20659198, 0xEEEE, 6610, 0006, 2.55136, 4.8598459
20662323, 0xEEEE, 6611, 0006, 2.57875, 4.8582437
20665448, 0xEEEE, 6612, 0005, 2.37487, 4.8577859
20668574, 0xEEEE, 6613, 0005, 2.36601, 4.8616770
20671699, 0xEEEE, 6614, 0004, 1.97355, 4.8422217
20674834, 0xEEEE, 6615, 0004, 2.01304, 4.8609140
20677939, 0xEEEE, 6616, 0003, 1.57788, 4.8624399
20681070, 0xEEEE, 6617, 0003, 1.20476, 4.8579385
20684189, 0xEEEE, 6618, 0002, 1.18220, 4.8638132
20687314, 0xEEEE, 6619, 0002, 1.18300, 4.8351263
20690440, 0xEEEE, 6620, 0001, 0.78894, 4.8623636
20693565, 0xEEEE, 6621, 0001, 0.76315, 4.8494697
20696689, 0xEEEE, 6622, 0000, 0.39326, 4.8726635
20699817, 0xEEEE, 6623, 0000, 0.39568, 4.8615244
20702950, 0xEEEE, 6624, 0000, 0.01209, 4.8439765
20706081, 0xEEEE, 6625, 0000, 0.01128, 4.8591592
20709200, 0xEEEE, 6626, 0001, 0.01209, 4.8495460
20712333, 0xEEEE, 6627, 0001, 0.01128, 4.8602274
20715451, 0xEEEE, 6628, 0002, 0.39245, 4.8667887
20718576, 0xEEEE, 6629, 0002, 0.39407, 4.8518349
20721690, 0xEEEE, 6630, 0003, 0.81392, 4.8586252
20724814, 0xEEEE, 6631, 0003, 0.78894, 4.8324559
20727961, 0xEEEE, 6632, 0004, 1.16286, 4.8747234
20731070, 0xEEEE, 6633, 0004, 1.57707, 4.8680095
20734189, 0xEEEE, 6634, 0005, 1.57062, 4.8554971
20737314, 0xEEEE, 6635, 0005, 1.57788, 4.8639658
20740440, 0xEEEE, 6636, 0006, 1.97275, 4.8454261
20743565, 0xEEEE, 6637, 0006, 1.95824, 4.8650340
20746699, 0xEEEE, 6638, 0007, 2.36520, 4.8612955
20749822, 0xEEEE, 6639, 0007, 2.36681, 4.8574044
20752948, 0xEEEE, 6640, 0007, 2.55216, 4.8638895
20756078, 0xEEEE, 6641, 0007, 2.55216, 4.8420691
20759209, 0xEEEE, 6642, 0006, 2.54410, 4.8706798
20762323, 0xEEEE, 6643, 0006, 2.55297, 4.8547341
20765449, 0xEEEE, 6644, 0005, 2.36601, 4.8606851
20768565, 0xEEEE, 6645, 0005, 2.36842, 4.8614481
20771698, 0xEEEE, 6646, 0004, 1.97275, 4.8329900
20774814, 0xEEEE, 6647, 0004, 1.58190, 4.8651865
20777939, 0xEEEE, 6648, 0003, 1.57949, 4.8571756
20781070, 0xEEEE, 6649, 0003, 1.60286, 4.8667887
20784189, 0xEEEE, 6650, 0002, 1.18220, 4.8625162
20787314, 0xEEEE, 6651, 0002, 1.14190, 4.8419928
20790451, 0xEEEE, 6652, 0001, 0.78813, 4.8652628
20793576, 0xEEEE, 6653, 0001, 0.76718, 4.8476387
20796703, 0xEEEE, 6654, 0000, 0.39245, 4.8609140
20799826, 0xEEEE, 6655, 0000, 0.01128, 4.8651865
20802950, 0xEEEE, 6656, 0000, 0.01209, 4.8516060
20806081, 0xEEEE, 6657, 0000, 0.01451, 4.8594644
20809201, 0xEEEE, 6658, 0001, 0.01128, 4.8448157
20812314, 0xEEEE, 6659, 0001, 0.01128, 4.8787671
20815440, 0xEEEE, 6660, 0002, 0.39165, 4.8667887
20818565, 0xEEEE, 6661, 0002, 0.39165, 4.8452735
20821689, 0xEEEE, 6662, 0003, 0.78168, 4.8622110
20824814, 0xEEEE, 6663, 0003, 1.18300, 4.8455024
20827961, 0xEEEE, 6664, 0004, 1.18462, 4.8634318
20831069, 0xEEEE, 6665, 0004, 1.18462, 4.8675517
20834195, 0xEEEE, 6666, 0005, 1.59560, 4.8576333
20837323, 0xEEEE, 6667, 0005, 1.57949, 4.8607614
20840448, 0xEEEE, 6668, 0006, 2.02190, 4.8381781
20843583, 0xEEEE, 6669, 0006, 1.96872, 4.8621347
20846699, 0xEEEE, 6670, 0007, 2.36601, 4.8597696
20849823, 0xEEEE, 6671, 0007, 2.55297, 4.8596933
20852948, 0xEEEE, 6672, 0007, 2.55216, 4.8670939
20856086, 0xEEEE, 6673, 0007, 2.55136, 4.8418402
20859189, 0xEEEE, 6674, 0006, 2.54974, 4.8673228
20862314, 0xEEEE, 6675, 0006, 2.55458, 4.8582437
20865440, 0xEEEE, 6676, 0005, 2.36681, 4.8677043
20868565, 0xEEEE, 6677, 0005, 2.36923, 4.8655680
20871689, 0xEEEE, 6678, 0004, 1.94212, 4.8465705
20874814, 0xEEEE, 6679, 0004, 1.57546, 4.8623636
20877944, 0xEEEE, 6680, 0003, 1.57949, 4.8580911
20881081, 0xEEEE, 6681, 0003, 1.56740, 4.8593118
20884200, 0xEEEE, 6682, 0002, 1.18220, 4.8657206
20887326, 0xEEEE, 6683, 0002, 1.18220, 4.8551919
20890452, 0xEEEE, 6684, 0001, 0.78894, 4.8522164
20893576, 0xEEEE, 6685, 0001, 0.79136, 4.8496223
20896702, 0xEEEE, 6686, 0000, 0.38842, 4.8678569
20899814, 0xEEEE, 6687, 0000, 0.01773, 4.8689250
20902950, 0xEEEE, 6688, 0000, 0.01128, 4.8439765
20906070, 0xEEEE, 6689, 0000, 0.01128, 4.8625925
20909189, 0xEEEE, 6690, 0001, 0.01209, 4.8506142
20912314, 0xEEEE, 6691, 0001, 0.01128, 4.8845655
20915440, 0xEEEE, 6692, 0002, 0.32799, 4.8644236
20918565, 0xEEEE, 6693, 0002, 0.39407, 4.8639658
20921690, 0xEEEE, 6694, 0003, 0.79700, 4.8663310
20924824, 0xEEEE, 6695, 0003, 0.78813, 4.8436713
20927969, 0xEEEE, 6696, 0004, 1.17897, 4.8688487
20931078, 0xEEEE, 6697, 0004, 1.18381, 4.8677806
20934199, 0xEEEE, 6698, 0005, 1.57707, 4.8607614
20937323, 0xEEEE, 6699, 0005, 1.57868, 4.8657969
20940458, 0xEEEE, 6700, 0006, 1.95502, 4.8369574
20943565, 0xEEEE, 6701, 0006, 2.36762, 4.8566415
20946689, 0xEEEE, 6702, 0007, 2.36762, 4.8618296
20949814, 0xEEEE, 6703, 0007, 2.36762, 4.8734264
20952939, 0xEEEE, 6704, 0007, 2.56103, 4.8649577
20956070, 0xEEEE, 6705, 0007, 2.56264, 4.8364233
20959189, 0xEEEE, 6706, 0006, 2.55055, 4.8674754
20962314, 0xEEEE, 6707, 0006, 2.55136, 4.8628214
20965448, 0xEEEE, 6708, 0005, 2.36762, 4.8564889
20968576, 0xEEEE, 6709, 0005, 1.97275, 4.8664073
20971701, 0xEEEE, 6710, 0004, 1.96791, 4.8448920
20974826, 0xEEEE, 6711, 0004, 1.97436, 4.8619059
20977951, 0xEEEE, 6712, 0003, 1.57868, 4.8577096
20981082, 0xEEEE, 6713, 0003, 1.57949, 4.8658732
20984201, 0xEEEE, 6714, 0002, 1.18300, 4.8675517
20987337, 0xEEEE, 6715, 0002, 1.17897, 4.8459602
20990440, 0xEEEE, 6716, 0001, 0.78813, 4.8628214
20993565, 0xEEEE, 6717, 0001, 0.39245, 4.8546578
20996689, 0xEEEE, 6718, 0000, 0.40293, 4.8619059
20999814, 0xEEEE, 6719, 0000, 0.39326, 4.8656443
21002939, 0xEEEE, 6720, 0000, 0.01209, 4.8474861
21006070, 0xEEEE, 6721, 0000, 0.01209, 4.8590066
21009189, 0xEEEE, 6722, 0001, 0.01128, 4.8439765
21012323, 0xEEEE, 6723, 0001, 0.01128, 4.8749523
21015448, 0xEEEE, 6724, 0002, 0.37392, 4.8628977
21018574, 0xEEEE, 6725, 0002, 0.78733, 4.8454261
21021699, 0xEEEE, 6726, 0003, 0.78894, 4.8664073
21024831, 0xEEEE, 6727, 0003, 0.79941, 4.8393988
21027971, 0xEEEE, 6728, 0004, 1.18300, 4.8657969
21031079, 0xEEEE, 6729, 0004, 1.16205, 4.8572519
21034189, 0xEEEE, 6730, 0005, 1.57868, 4.8612955
21037314, 0xEEEE, 6731, 0005, 1.57868, 4.8625925
21040440, 0xEEEE, 6732, 0006, 1.98000, 4.8306249
21043565, 0xEEEE, 6733, 0006, 2.36762, 4.8698405
21046689, 0xEEEE, 6734, 0007, 2.36681, 4.8598459
21049814, 0xEEEE, 6735, 0007, 2.33136, 4.8535134
21052939, 0xEEEE, 6736, 0007, 2.55700, 4.8656443
21056077, 0xEEEE, 6737, 0007, 2.54894, 4.8439002
21059201, 0xEEEE, 6738, 0006, 2.55216, 4.8654917
21062325, 0xEEEE, 6739, 0006, 2.55297, 4.8611429
21065451, 0xEEEE, 6740, 0005, 2.36923, 4.8697642
21068577, 0xEEEE, 6741, 0005, 2.39179, 4.8677043
21071711, 0xEEEE, 6742, 0004, 1.97758, 4.8521401
21074826, 0xEEEE, 6743, 0004, 1.97275, 4.8691539
21077939, 0xEEEE, 6744, 0003, 1.59560, 4.8594644
21081070, 0xEEEE, 6745, 0003, 1.58029, 4.8587778
21084189, 0xEEEE, 6746, 0002, 1.15641, 4.8636606
21087314, 0xEEEE, 6747, 0002, 0.78813, 4.8378729
21090440, 0xEEEE, 6748, 0001, 0.80908, 4.8606088
21093565, 0xEEEE, 6749, 0001, 0.78733, 4.8535134
21096689, 0xEEEE, 6750, 0000, 0.40212, 4.8592355
21099818, 0xEEEE, 6751, 0000, 0.39729, 4.8677043
21102948, 0xEEEE, 6752, 0000, 0.01289, 4.8513008
21106078, 0xEEEE, 6753, 0000, 0.01128, 4.8624399
21109205, 0xEEEE, 6754, 0001, 0.01048, 4.8467231
21112324, 0xEEEE, 6755, 0001, 0.39165, 4.8732738
21115449, 0xEEEE, 6756, 0002, 0.40454, 4.8679332
21118574, 0xEEEE, 6757, 0002, 0.40454, 4.8587778
21121689, 0xEEEE, 6758, 0003, 0.78813, 4.8663310
21124814, 0xEEEE, 6759, 0003, 0.80344, 4.8371862
21127961, 0xEEEE, 6760, 0004, 1.18220, 4.8509957
21131070, 0xEEEE, 6761, 0004, 1.19429, 4.8689250
21134189, 0xEEEE, 6762, 0005, 1.57868, 4.8477150
21137314, 0xEEEE, 6763, 0005, 1.99209, 4.8628977
21140440, 0xEEEE, 6764, 0006, 1.97678, 4.8335241
21143569, 0xEEEE, 6765, 0006, 1.97275, 4.8637369
21146700, 0xEEEE, 6766, 0007, 2.36762, 4.8606088
21149825, 0xEEEE, 6767, 0007, 2.36440, 4.8671702
21152951, 0xEEEE, 6768, 0007, 2.54813, 4.8662547
21156090, 0xEEEE, 6769, 0007, 2.55297, 4.8434424
21159201, 0xEEEE, 6770, 0006, 2.55216, 4.8654917
21162326, 0xEEEE, 6771, 0006, 2.36842, 4.8578622
21165440, 0xEEEE, 6772, 0005, 2.36842, 4.8592355
21168574, 0xEEEE, 6773, 0005, 2.36440, 4.8695354
21171689, 0xEEEE, 6774, 0004, 1.97355, 4.8458839
21174814, 0xEEEE, 6775, 0004, 1.97436, 4.8615244
21177939, 0xEEEE, 6776, 0003, 1.58674, 4.8596170
21181070, 0xEEEE, 6777, 0003, 1.57868, 4.8619059
21184189, 0xEEEE, 6778, 0002, 1.19993, 4.8686198
21187314, 0xEEEE, 6779, 0002, 0.78813, 4.8480201
21190449, 0xEEEE, 6780, 0001, 0.82198, 4.8555734
21193574, 0xEEEE, 6781, 0001, 0.78894, 4.8551156
21196699, 0xEEEE, 6782, 0000, 0.39245, 4.8605325
21199824, 0xEEEE, 6783, 0000, 0.38520, 4.8719768
21202948, 0xEEEE, 6784, 0000, 0.01128, 4.8437476
21206078, 0xEEEE, 6785, 0000, 0.01289, 4.8555734
21209197, 0xEEEE, 6786, 0001, 0.01209, 4.8471809
21212314, 0xEEEE, 6787, 0001, 0.45853, 4.8638132
21215450, 0xEEEE, 6788, 0002, 0.38601, 4.8624399
21218565, 0xEEEE, 6789, 0002, 0.38117, 4.8502327
21221689, 0xEEEE, 6790, 0003, 0.78813, 4.8602274
21224814, 0xEEEE, 6791, 0003, 0.78974, 4.8466468
21227961, 0xEEEE, 6792, 0004, 1.18381, 4.8600748
21231070, 0xEEEE, 6793, 0004, 1.17736, 4.8658732
21234200, 0xEEEE, 6794, 0005, 1.57949, 4.8558022
21237325, 0xEEEE, 6795, 0005, 1.57223, 4.8649577
21240458, 0xEEEE, 6796, 0006, 1.97275, 4.8423743
21243576, 0xEEEE, 6797, 0006, 1.97275, 4.8733501
21246701, 0xEEEE, 6798, 0007, 2.38212, 4.8666361
21249826, 0xEEEE, 6799, 0007, 2.37729, 4.8586252
21252959, 0xEEEE, 6800, 0007, 2.55297, 4.8664836
21256070, 0xEEEE, 6801, 0007, 2.55216, 4.8372625
21259189, 0xEEEE, 6802, 0006, 2.55216, 4.8616007
21262314, 0xEEEE, 6803, 0006, 2.55297, 4.8612192
21265440, 0xEEEE, 6804, 0005, 2.34103, 4.8770123
21268565, 0xEEEE, 6805, 0005, 2.36440, 4.8676280
21271689, 0xEEEE, 6806, 0004, 1.97355, 4.8387121
21274814, 0xEEEE, 6807, 0004, 1.97355, 4.8591592
21277946, 0xEEEE, 6808, 0003, 1.57788, 4.8564126
21281078, 0xEEEE, 6809, 0003, 1.18381, 4.8668650
21284197, 0xEEEE, 6810, 0002, 1.17011, 4.8658732
21287323, 0xEEEE, 6811, 0002, 1.18381, 4.8431373
21290448, 0xEEEE, 6812, 0001, 0.80667, 4.8575570
21293574, 0xEEEE, 6813, 0001, 0.78894, 4.8511482
21296699, 0xEEEE, 6814, 0000, 0.39326, 4.8677806
21299834, 0xEEEE, 6815, 0000, 0.39326, 4.8706798
21302939, 0xEEEE, 6816, 0000, 0.01128, 4.8547341
21306070, 0xEEEE, 6817, 0000, 0.01128, 4.8625925
21309189, 0xEEEE, 6818, 0001, 0.01209, 4.8477150
21312314, 0xEEEE, 6819, 0001, 0.01128, 4.8721294
21315440, 0xEEEE, 6820, 0002, 0.39648, 4.8672465
21318565, 0xEEEE, 6821, 0002, 0.38842, 4.8432898
21321696, 0xEEEE, 6822, 0003, 0.78974, 4.8570230
21324825, 0xEEEE, 6823, 0003, 0.79136, 4.8378729
21327972, 0xEEEE, 6824, 0004, 1.18381, 4.8675517
21331081, 0xEEEE, 6825, 0004, 1.57788, 4.8662547
21334201, 0xEEEE, 6826, 0005, 1.57788, 4.8674754
21337334, 0xEEEE, 6827, 0005, 1.57788, 4.8692302
21340451, 0xEEEE, 6828, 0006, 1.97355, 4.8405432
21343565, 0xEEEE, 6829, 0006, 1.97194, 4.8635843
21346689, 0xEEEE, 6830, 0007, 2.36440, 4.8644236
21349814, 0xEEEE, 6831, 0007, 2.36762, 4.8526741
21352939, 0xEEEE, 6832, 0007, 2.55297, 4.8650340
21356070, 0xEEEE, 6833, 0007, 2.55216, 4.8421454
21359189, 0xEEEE, 6834, 0006, 2.55216, 4.8587778
21362314, 0xEEEE, 6835, 0006, 2.57795, 4.8598459
21365445, 0xEEEE, 6836, 0005, 2.37084, 4.8590829
21368573, 0xEEEE, 6837, 0005, 2.36601, 4.8664836
21371699, 0xEEEE, 6838, 0004, 1.97355, 4.8458839
21374824, 0xEEEE, 6839, 0004, 1.98161, 4.8646525
21377949, 0xEEEE, 6840, 0003, 1.57707, 4.8640421
21381078, 0xEEEE, 6841, 0003, 1.59883, 4.8581674
21384209, 0xEEEE, 6842, 0002, 1.18462, 4.8671702
21387314, 0xEEEE, 6843, 0002, 1.18300, 4.8458076
21390440, 0xEEEE, 6844, 0001, 0.78813, 4.8646525
21393565, 0xEEEE, 6845, 0001, 0.79297, 4.8546578
21396689, 0xEEEE, 6846, 0000, 0.39326, 4.8668650
21399814, 0xEEEE, 6847, 0000, 0.01128, 4.8696880
21402939, 0xEEEE, 6848, 0000, 0.01128, 4.8447395
21406070, 0xEEEE, 6849, 0000, 0.01209, 4.8568704
21409191, 0xEEEE, 6850, 0001, 0.01128, 4.8472572
21412325, 0xEEEE, 6851, 0001, 0.01128, 4.8735027
21415451, 0xEEEE, 6852, 0002, 0.39245, 4.8690776
21418576, 0xEEEE, 6853, 0002, 0.39326, 4.8414588
21421709, 0xEEEE, 6854, 0003, 0.77443, 4.8657206
21424826, 0xEEEE, 6855, 0003, 1.18462, 4.8429084
21427973, 0xEEEE, 6856, 0004, 1.16689, 4.8602274
21431081, 0xEEEE, 6857, 0004, 1.18300, 4.8667887
21434189, 0xEEEE, 6858, 0005, 1.54081, 4.8520638
21437314, 0xEEEE, 6859, 0005, 1.57707, 4.8597696
21440440, 0xEEEE, 6860, 0006, 1.97355, 4.8403906
21443565, 0xEEEE, 6861, 0006, 1.97919, 4.8628977
21446689, 0xEEEE, 6862, 0007, 2.36842, 4.8609903
21449814, 0xEEEE, 6863, 0007, 2.55297, 4.8535134
21452939, 0xEEEE, 6864, 0007, 2.55297, 4.8678569
21456078, 0xEEEE, 6865, 0007, 2.55297, 4.8339818
21459198, 0xEEEE, 6866, 0006, 2.54410, 4.8627451
21462323, 0xEEEE, 6867, 0006, 2.55297, 4.8662547
21465449, 0xEEEE, 6868, 0005, 2.36762, 4.8728923
21468585, 0xEEEE, 6869, 0005, 2.36762, 4.8688487
21471699, 0xEEEE, 6870, 0004, 1.97436, 4.8382544
21474823, 0xEEEE, 6871, 0004, 1.58190, 4.8499275
21477939, 0xEEEE, 6872, 0003, 1.57868, 4.8567178
21481077, 0xEEEE, 6873, 0003, 1.54967, 4.8650340
21484189, 0xEEEE, 6874, 0002, 1.18300, 4.8695354
21487314, 0xEEEE, 6875, 0002, 1.10886, 4.8492409
21490440, 0xEEEE, 6876, 0001, 0.78813, 4.8560311
21493565, 0xEEEE, 6877, 0001, 0.80908, 4.8536660
21496689, 0xEEEE, 6878, 0000, 0.39165, 4.8649577
21499823, 0xEEEE, 6879, 0000, 0.01209, 4.8667124
21502950, 0xEEEE, 6880, 0000, 0.01209, 4.8422217
21506082, 0xEEEE, 6881, 0000, 0.01370, 4.8629740
21509201, 0xEEEE, 6882, 0001, 0.01128, 4.8406195
21512325, 0xEEEE, 6883, 0001, 0.01209, 4.8712902
21515452, 0xEEEE, 6884, 0002, 0.39245, 4.8695354
21518576, 0xEEEE, 6885, 0002, 0.39084, 4.8408484
21521690, 0xEEEE, 6886, 0003, 0.79780, 4.8654917
21524814, 0xEEEE, 6887, 0003, 1.18703, 4.8489357
21527983, 0xEEEE, 6888, 0004, 1.19106, 4.8665599
21531070, 0xEEEE, 6889, 0004, 1.18300, 4.8663310
21534189, 0xEEEE, 6890, 0005, 1.57788, 4.8508431
21537314, 0xEEEE, 6891, 0005, 1.57868, 4.8664073
21540440, 0xEEEE, 6892, 0006, 1.95985, 4.8452735
21543570, 0xEEEE, 6893, 0006, 1.97919, 4.8535897
21546699, 0xEEEE, 6894, 0007, 2.36601, 4.8637369
21549823, 0xEEEE, 6895, 0007, 2.36762, 4.8627451
21552958, 0xEEEE, 6896, 0007, 2.55297, 4.8640421
21556079, 0xEEEE, 6897, 0007, 2.54652, 4.8326085
21559199, 0xEEEE, 6898, 0006, 2.55136, 4.8670176
21562323, 0xEEEE, 6899, 0006, 2.55297, 4.8622873
21565457, 0xEEEE, 6900, 0005, 2.36842, 4.8683146
21568565, 0xEEEE, 6901, 0005, 1.97436, 4.8686961
21571689, 0xEEEE, 6902, 0004, 1.93084, 4.8352026
21574814, 0xEEEE, 6903, 0004, 1.97597, 4.8494697
21577939, 0xEEEE, 6904, 0003, 1.57868, 4.8570230
21581070, 0xEEEE, 6905, 0003, 1.57143, 4.8661784
21584189, 0xEEEE, 6906, 0002, 1.18381, 4.8693065
21587319, 0xEEEE, 6907, 0002, 1.20315, 4.8377203
21590451, 0xEEEE, 6908, 0001, 0.78733, 4.8609140
21593576, 0xEEEE, 6909, 0001, 0.39326, 4.8661784
21596701, 0xEEEE, 6910, 0000, 0.41099, 4.8611429
21599826, 0xEEEE, 6911, 0000, 0.39326, 4.8741131
21602951, 0xEEEE, 6912, 0000, 0.01128, 4.8410773
21606081, 0xEEEE, 6913, 0000, 0.01128, 4.8643473
21609189, 0xEEEE, 6914, 0001, 0.01128, 4.8503090
21612326, 0xEEEE, 6915, 0001, 0.01209, 4.8686961
21615440, 0xEEEE, 6916, 0002, 0.33524, 4.8674754
21618565, 0xEEEE, 6917, 0002, 0.78813, 4.8389410
21621689, 0xEEEE, 6918, 0003, 0.79619, 4.8680858
21624814, 0xEEEE, 6919, 0003, 0.78733, 4.8413062
21627961, 0xEEEE, 6920, 0004, 1.18300, 4.8631266
21631070, 0xEEEE, 6921, 0004, 1.18220, 4.8710613
21634198, 0xEEEE, 6922, 0005, 1.58029, 4.8440528
21637323, 0xEEEE, 6923, 0005, 1.57788, 4.8635843
21640448, 0xEEEE, 6924, 0006, 1.98000, 4.8327611
21643574, 0xEEEE, 6925, 0006, 2.36681, 4.8603799
21646699, 0xEEEE, 6926, 0007, 2.36762, 4.8654154
21649832, 0xEEEE, 6927, 0007, 2.36923, 4.8494697
21652939, 0xEEEE, 6928, 0007, 2.56103, 4.8672465
21656070, 0xEEEE, 6929, 0007, 2.54168, 4.8446632
21659189, 0xEEEE, 6930, 0006, 2.55216, 4.8643473
21662314, 0xEEEE, 6931, 0006, 2.55297, 4.8635080
21665440, 0xEEEE, 6932, 0005, 2.36762, 4.8546578
21668565, 0xEEEE, 6933, 0005, 1.98806, 4.8709087
21671689, 0xEEEE, 6934, 0004, 1.98242, 4.8370336
21674814, 0xEEEE, 6935, 0004, 1.97436, 4.8649577
21677951, 0xEEEE, 6936, 0003, 1.53678, 4.8603037
21681081, 0xEEEE, 6937, 0003, 1.58190, 4.8596170
21684200, 0xEEEE, 6938, 0002, 1.18381, 4.8699168
21687326, 0xEEEE, 6939, 0002, 1.18703, 4.8390936
21690451, 0xEEEE, 6940, 0001, 0.78894, 4.8578622
21693577, 0xEEEE, 6941, 0001, 0.78894, 4.8555734
21696712, 0xEEEE, 6942, 0000, 0.36989, 4.8592355
21699814, 0xEEEE, 6943, 0000, 0.39245, 4.8725872
21702939, 0xEEEE, 6944, 0000, 0.01128, 4.8313878
21706069, 0xEEEE, 6945, 0000, 0.01128, 4.8633555
21709189, 0xEEEE, 6946, 0001, 0.01128, 4.8511482
21712314, 0xEEEE, 6947, 0001, 0.39326, 4.8597696
21715440, 0xEEEE, 6948, 0002, 0.39568, 4.8676280
21718565, 0xEEEE, 6949, 0002, 0.39326, 4.8434424
21721697, 0xEEEE, 6950, 0003, 0.78733, 4.8619821
21724823, 0xEEEE, 6951, 0003, 0.77201, 4.8409247
21727970, 0xEEEE, 6952, 0004, 1.18381, 4.8757916
21731079, 0xEEEE, 6953, 0004, 1.10886, 4.8702220
21734206, 0xEEEE, 6954, 0005, 1.57788, 4.8464179
21737324, 0xEEEE, 6955, 0005, 1.93326, 4.8628214
21740448, 0xEEEE, 6956, 0006, 1.96630, 4.8360418
21743565, 0xEEEE, 6957, 0006, 1.97355, 4.8682383
21746689, 0xEEEE, 6958, 0007, 2.36842, 4.8661021
21749814, 0xEEEE, 6959, 0007, 2.40388, 4.8562600
21752939, 0xEEEE, 6960, 0007, 2.54410, 4.8653391
21756070, 0xEEEE, 6961, 0007, 2.55136, 4.8344396
21759189, 0xEEEE, 6962, 0006, 2.55136, 4.8720531
21762314, 0xEEEE, 6963, 0006, 2.36681, 4.8635080
21765448, 0xEEEE, 6964, 0005, 2.36762, 4.8595407
21768576, 0xEEEE, 6965, 0005, 2.37165, 4.8677043
21771700, 0xEEEE, 6966, 0004, 1.96872, 4.8428321
21774825, 0xEEEE, 6967, 0004, 1.97194, 4.8675517
21777951, 0xEEEE, 6968, 0003, 1.57304, 4.8602274
21781092, 0xEEEE, 6969, 0003, 1.58029, 4.8654917
21784201, 0xEEEE, 6970, 0002, 1.23136, 4.8648051
21787314, 0xEEEE, 6971, 0002, 0.78733, 4.8480201
21790440, 0xEEEE, 6972, 0001, 0.83165, 4.8467231
21793573, 0xEEEE, 6973, 0001, 0.78974, 4.8549630
21796689, 0xEEEE, 6974, 0000, 0.39326, 4.8602274
21799814, 0xEEEE, 6975, 0000, 0.34813, 4.8657206
21802939, 0xEEEE, 6976, 0000, 0.01209, 4.8458839
21806070, 0xEEEE, 6977, 0000, 0.01128, 4.8606851
21809192, 0xEEEE, 6978, 0001, 0.01128, 4.8449683
21812323, 0xEEEE, 6979, 0001, 0.39326, 4.8578622
21815449, 0xEEEE, 6980, 0002, 0.37714, 4.8657206
21818580, 0xEEEE, 6981, 0002, 0.32799, 4.8545815
21821699, 0xEEEE, 6982, 0003, 0.78813, 4.8641184
21824823, 0xEEEE, 6983, 0003, 0.80344, 4.8406958
21827970, 0xEEEE, 6984, 0004, 1.18381, 4.8670939
21831079, 0xEEEE, 6985, 0004, 1.17978, 4.8665599
21834189, 0xEEEE, 6986, 0005, 1.57868, 4.8515297
21837314, 0xEEEE, 6987, 0005, 1.96872, 4.8652628
21840440, 0xEEEE, 6988, 0006, 1.97033, 4.8477150
21843565, 0xEEEE, 6989, 0006, 1.97355, 4.8612192
21846689, 0xEEEE, 6990, 0007, 2.41275, 4.8627451
21849814, 0xEEEE, 6991, 0007, 2.38454, 4.8606851
21852941, 0xEEEE, 6992, 0007, 2.55216, 4.8648814
21856081, 0xEEEE, 6993, 0007, 2.55055, 4.8358129
21859200, 0xEEEE, 6994, 0006, 2.55297, 4.8626688
21862325, 0xEEEE, 6995, 0006, 2.55216, 4.8632029
21865460, 0xEEEE, 6996, 0005, 2.36681, 4.8599985
21868577, 0xEEEE, 6997, 0005, 2.36359, 4.8674754
21871701, 0xEEEE, 6998, 0004, 1.97275, 4.8455024
21874814, 0xEEEE, 6999, 0004, 1.97355, 4.8585489
21877948, 0xEEEE, 7000, 0003, 1.57223, 4.8599222
21881070, 0xEEEE, 7001, 0003, 1.18381, 4.8651865
21884189, 0xEEEE, 7002, 0002, 1.22007, 4.8725109
21887314, 0xEEEE, 7003, 0002, 1.18300, 4.8432898
21890440, 0xEEEE, 7004, 0001, 0.75912, 4.8510719
21893565, 0xEEEE, 7005, 0001, 0.78813, 4.8531319
21896689, 0xEEEE, 7006, 0000, 0.39245, 4.8558785
21899823, 0xEEEE, 7007, 0000, 0.37553, 4.8707561
21902947, 0xEEEE, 7008, 0000, 0.01370, 4.8393988
21906078, 0xEEEE, 7009, 0000, 0.01128, 4.8594644
21909199, 0xEEEE, 7010, 0001, 0.01128, 4.8533608
21912323, 0xEEEE, 7011, 0001, 0.01128, 4.8614481
21915449, 0xEEEE, 7012, 0002, 0.39487, 4.8746471
21918574, 0xEEEE, 7013, 0002, 0.39971, 4.8442817
21921689, 0xEEEE, 7014, 0003, 0.78894, 4.8589303
21924825, 0xEEEE, 7015, 0003, 0.79055, 4.8447395
21927961, 0xEEEE, 7016, 0004, 1.18462, 4.8510719
21931070, 0xEEEE, 7017, 0004, 1.58110, 4.8746471
21934189, 0xEEEE, 7018, 0005, 1.57868, 4.8506142
21937314, 0xEEEE, 7019, 0005, 1.57868, 4.8603037
21940445, 0xEEEE, 7020, 0006, 1.97436, 4.8418402
21943576, 0xEEEE, 7021, 0006, 1.97355, 4.8513008
21946701, 0xEEEE, 7022, 0007, 2.35311, 4.8714427
21949829, 0xEEEE, 7023, 0007, 2.37245, 4.8522927
21952951, 0xEEEE, 7024, 0007, 2.55136, 4.8624399
21956082, 0xEEEE, 7025, 0007, 2.55297, 4.8445106
21959201, 0xEEEE, 7026, 0006, 2.55216, 4.8496986
21962334, 0xEEEE, 7027, 0006, 2.48447, 4.8684672
21965440, 0xEEEE, 7028, 0005, 2.37245, 4.8540475
21968565, 0xEEEE, 7029, 0005, 2.36601, 4.8721294
21971689, 0xEEEE, 7030, 0004, 1.97436, 4.8491646
21974814, 0xEEEE, 7031, 0004, 1.97436, 4.8464942
21977939, 0xEEEE, 7032, 0003, 1.58029, 4.8616007
21981070, 0xEEEE, 7033, 0003, 1.18542, 4.8574807
21984189, 0xEEEE, 7034, 0002, 1.17333, 4.8709850
21987319, 0xEEEE, 7035, 0002, 1.18300, 4.8351263
21990448, 0xEEEE, 7036, 0001, 0.78813, 4.8593881
21993574, 0xEEEE, 7037, 0001, 0.78813, 4.8568704
21996699, 0xEEEE, 7038, 0000, 0.39326, 4.8562600
21999824, 0xEEEE, 7039, 0000, 0.39245, 4.8741894
22002949, 0xEEEE, 7040, 0000, 0.01128, 4.8351263
22006078, 0xEEEE, 7041, 0000, 0.01128, 4.8583963
22009209, 0xEEEE, 7042, 0001, 0.01128, 4.8498512
22012314, 0xEEEE, 7043, 0001, 0.01128, 4.8606088
22015440, 0xEEEE, 7044, 0002, 0.39245, 4.8693065
22018565, 0xEEEE, 7045, 0002, 0.39648, 4.8500801
22021689, 0xEEEE, 7046, 0003, 0.78813, 4.8602274
22024814, 0xEEEE, 7047, 0003, 0.78733, 4.8406195
22027961, 0xEEEE, 7048, 0004, 1.14190, 4.8572519
22031074, 0xEEEE, 7049, 0004, 1.18220, 4.8693065
22034200, 0xEEEE, 7050, 0005, 1.57949, 4.8600748
22037325, 0xEEEE, 7051, 0005, 1.57868, 4.8598459
22040452, 0xEEEE, 7052, 0006, 1.97275, 4.8375677
22043577, 0xEEEE, 7053, 0006, 2.02029, 4.8699931
22046709, 0xEEEE, 7054, 0007, 2.36923, 4.8686198
22049826, 0xEEEE, 7055, 0007, 2.55377, 4.8496986
22052939, 0xEEEE, 7056, 0007, 2.55216, 4.8687724
22056070, 0xEEEE, 7057, 0007, 2.55297, 4.8393225
22059189, 0xEEEE, 7058, 0006, 2.55216, 4.8666361
22062314, 0xEEEE, 7059, 0006, 2.57150, 4.8618296
22065440, 0xEEEE, 7060, 0005, 2.36520, 4.8600748
22068565, 0xEEEE, 7061, 0005, 2.36681, 4.8700694
22071689, 0xEEEE, 7062, 0004, 1.97355, 4.8477913
22074814, 0xEEEE, 7063, 0004, 1.57143, 4.8500801
22077948, 0xEEEE, 7064, 0003, 1.57949, 4.8596933
22081078, 0xEEEE, 7065, 0003, 1.57868, 4.8586252
22084198, 0xEEEE, 7066, 0002, 1.18542, 4.8696880
22087324, 0xEEEE, 7067, 0002, 1.18381, 4.8373388
22090449, 0xEEEE, 7068, 0001, 0.78974, 4.8556497
22093584, 0xEEEE, 7069, 0001, 0.80022, 4.8532082
22096690, 0xEEEE, 7070, 0000, 0.39245, 4.8635843
22099814, 0xEEEE, 7071, 0000, 0.01128, 4.8725872
22102939, 0xEEEE, 7072, 0000, 0.01209, 4.8440528
22106070, 0xEEEE, 7073, 0000, 0.01209, 4.8646525
22109189, 0xEEEE, 7074, 0001, 0.01209, 4.8554971
22112314, 0xEEEE, 7075, 0001, 0.01209, 4.8622110
22115440, 0xEEEE, 7076, 0002, 0.39165, 4.8762493
22118565, 0xEEEE, 7077, 0002, 0.39245, 4.8466468
22121701, 0xEEEE, 7078, 0003, 0.76718, 4.8636606
22124825, 0xEEEE, 7079, 0003, 1.18381, 4.8433661
22127972, 0xEEEE, 7080, 0004, 1.20234, 4.8740368
22131089, 0xEEEE, 7081, 0004, 1.18462, 4.8710613
22134201, 0xEEEE, 7082, 0005, 1.57385, 4.8530556
22137326, 0xEEEE, 7083, 0005, 1.58029, 4.8609903
22140451, 0xEEEE, 7084, 0006, 1.97355, 4.8396277
22143564, 0xEEEE, 7085, 0006, 1.98725, 4.8600748
22146689, 0xEEEE, 7086, 0007, 2.36681, 4.8610666
22149814, 0xEEEE, 7087, 0007, 2.55297, 4.8609140
22152939, 0xEEEE, 7088, 0007, 2.55216, 4.8665599
22156070, 0xEEEE, 7089, 0007, 2.51429, 4.8457313
22159189, 0xEEEE, 7090, 0006, 2.54249, 4.8577096
22162314, 0xEEEE, 7091, 0006, 2.55377, 4.8641947
22165449, 0xEEEE, 7092, 0005, 2.36681, 4.8656443
22168573, 0xEEEE, 7093, 0005, 2.36762, 4.8697642
22171699, 0xEEEE, 7094, 0004, 1.90586, 4.8374151
22174824, 0xEEEE, 7095, 0004, 1.97597, 4.8614481
22177959, 0xEEEE, 7096, 0003, 1.58029, 4.8593881
22181078, 0xEEEE, 7097, 0003, 1.56095, 4.8620584
22184198, 0xEEEE, 7098, 0002, 1.18462, 4.8686198
22187314, 0xEEEE, 7099, 0002, 1.21685, 4.8453498
22190448, 0xEEEE, 7100, 0001, 0.78813, 4.8651865
22193565, 0xEEEE, 7101, 0001, 0.39245, 4.8580911
22196689, 0xEEEE, 7102, 0000, 0.39245, 4.8607614
22199814, 0xEEEE, 7103, 0000, 0.39326, 4.8699931
22202939, 0xEEEE, 7104, 0000, 0.01209, 4.8363470
22206070, 0xEEEE, 7105, 0000, 0.01128, 4.8667887
22209197, 0xEEEE, 7106, 0001, 0.01209, 4.8501564
22212326, 0xEEEE, 7107, 0001, 0.01128, 4.8600748
22215455, 0xEEEE, 7108, 0002, 0.39326, 4.8737316
22218576, 0xEEEE, 7109, 0002, 0.78813, 4.8487831
22221701, 0xEEEE, 7110, 0003, 0.79941, 4.8663310
22224826, 0xEEEE, 7111, 0003, 0.78813, 4.8416876
22227972, 0xEEEE, 7112, 0004, 1.18864, 4.8692302
22231070, 0xEEEE, 7113, 0004, 1.18381, 4.8719005
22234189, 0xEEEE, 7114, 0005, 1.57949, 4.8519112
22237314, 0xEEEE, 7115, 0005, 1.57949, 4.8641184
22240440, 0xEEEE, 7116, 0006, 1.95179, 4.8395514
22243565, 0xEEEE, 7117, 0006, 2.36762, 4.8670939
22246689, 0xEEEE, 7118, 0007, 2.36762, 4.8663310
22249814, 0xEEEE, 7119, 0007, 2.36842, 4.8574807
22252943, 0xEEEE, 7120, 0007, 2.55136, 4.8677806
22256078, 0xEEEE, 7121, 0007, 2.53766, 4.8431373
22259198, 0xEEEE, 7122, 0006, 2.54974, 4.8635080
22262333, 0xEEEE, 7123, 0006, 2.55297, 4.8618296
22265449, 0xEEEE, 7124, 0005, 2.36681, 4.8577859
22268574, 0xEEEE, 7125, 0005, 1.97355, 4.8688487
22271699, 0xEEEE, 7126, 0004, 1.98886, 4.8368811
22274831, 0xEEEE, 7127, 0004, 1.97436, 4.8670176
22277939, 0xEEEE, 7128, 0003, 1.61092, 4.8678569
22281070, 0xEEEE, 7129, 0003, 1.58593, 4.8583963
22284189, 0xEEEE, 7130, 0002, 1.18381, 4.8715190
22287314, 0xEEEE, 7131, 0002, 1.19670, 4.8406958
22290440, 0xEEEE, 7132, 0001, 0.78894, 4.8472572
22293565, 0xEEEE, 7133, 0001, 0.39245, 4.8571756
22296693, 0xEEEE, 7134, 0000, 0.40777, 4.8610666
22299825, 0xEEEE, 7135, 0000, 0.39165, 4.8716716
22302950, 0xEEEE, 7136, 0000, 0.01128, 4.8418402
22306081, 0xEEEE, 7137, 0000, 0.01209, 4.8645762
22309201, 0xEEEE, 7138, 0001, 0.01128, 4.8548867
22312325, 0xEEEE, 7139, 0001, 0.01128, 4.8652628
22315451, 0xEEEE, 7140, 0002, 0.36667, 4.8757916
22318565, 0xEEEE, 7141, 0002, 0.76960, 4.8461128
22321701, 0xEEEE, 7142, 0003, 0.78571, 4.8612192
22324814, 0xEEEE, 7143, 0003, 0.82117, 4.8403906
22327961, 0xEEEE, 7144, 0004, 1.18300, 4.8616007
22331070, 0xEEEE, 7145, 0004, 1.23458, 4.8657206
22334189, 0xEEEE, 7146, 0005, 1.57868, 4.8535897
22337314, 0xEEEE, 7147, 0005, 1.57788, 4.8630503
22340445, 0xEEEE, 7148, 0006, 1.97678, 4.8419928
22343574, 0xEEEE, 7149, 0006, 1.97436, 4.8636606
22346699, 0xEEEE, 7150, 0007, 2.36762, 4.8672465
22349822, 0xEEEE, 7151, 0007, 2.41919, 4.8556497
22352948, 0xEEEE, 7152, 0007, 2.54733, 4.8636606
22356079, 0xEEEE, 7153, 0007, 2.55136, 4.8451209
22359206, 0xEEEE, 7154, 0006, 2.55055, 4.8526741
22362323, 0xEEEE, 7155, 0006, 2.36762, 4.8613718
22365440, 0xEEEE, 7156, 0005, 2.36842, 4.8480201
22368565, 0xEEEE, 7157, 0005, 2.33780, 4.8673228
22371689, 0xEEEE, 7158, 0004, 1.97033, 4.8376440
22374814, 0xEEEE, 7159, 0004, 1.97436, 4.8686961
22377940, 0xEEEE, 7160, 0003, 1.58190, 4.8668650
22381070, 0xEEEE, 7161, 0003, 1.57788, 4.8621347
22384189, 0xEEEE, 7162, 0002, 1.22652, 4.8690776
22387325, 0xEEEE, 7163, 0002, 0.78894, 4.8502327
22390451, 0xEEEE, 7164, 0001, 0.74703, 4.8593118
22393576, 0xEEEE, 7165, 0001, 0.78813, 4.8519112
22396701, 0xEEEE, 7166, 0000, 0.37714, 4.8614481
22399825, 0xEEEE, 7167, 0000, 0.36505, 4.8745708
22402951, 0xEEEE, 7168, 0000, 0.01128, 4.8381781
22406092, 0xEEEE, 7169, 0000, 0.01128, 4.8597696
22409189, 0xEEEE, 7170, 0001, 0.01128, 4.8512245
22412314, 0xEEEE, 7171, 0001, 0.39245, 4.8811322
22415440, 0xEEEE, 7172, 0002, 0.40212, 4.8728923
22418565, 0xEEEE, 7173, 0002, 0.40777, 4.8448920
22421689, 0xEEEE, 7174, 0003, 0.79055, 4.8583963
22424814, 0xEEEE, 7175, 0003, 0.77363, 4.8410010
22427961, 0xEEEE, 7176, 0004, 1.18381, 4.8718242
22431076, 0xEEEE, 7177, 0004, 1.19348, 4.8708324
22434197, 0xEEEE, 7178, 0005, 1.57868, 4.8527504
22437323, 0xEEEE, 7179, 0005, 1.96308, 4.8630503
22440449, 0xEEEE, 7180, 0006, 1.97678, 4.8397803
22443582, 0xEEEE, 7181, 0006, 1.97436, 4.8639658
22446699, 0xEEEE, 7182, 0007, 2.32894, 4.8649577
22449823, 0xEEEE, 7183, 0007, 2.36440, 4.8540475
22452939, 0xEEEE, 7184, 0007, 2.55377, 4.8680095
22456070, 0xEEEE, 7185, 0007, 2.55136, 4.8450446
22459189, 0xEEEE, 7186, 0006, 2.55297, 4.8612955
22462314, 0xEEEE, 7187, 0006, 2.36923, 4.8641184
22465440, 0xEEEE, 7188, 0005, 2.42161, 4.8563363
22468565, 0xEEEE, 7189, 0005, 2.36923, 4.8692302
22471689, 0xEEEE, 7190, 0004, 1.97436, 4.8411536
22474819, 0xEEEE, 7191, 0004, 1.97355, 4.8633555
22477950, 0xEEEE, 7192, 0003, 1.58029, 4.8620584
22481081, 0xEEEE, 7193, 0003, 1.57949, 4.8585489
22484201, 0xEEEE, 7194, 0002, 1.17495, 4.8716716
22487326, 0xEEEE, 7195, 0002, 1.18381, 4.8468757
22490462, 0xEEEE, 7196, 0001, 0.77604, 4.8585489
22493576, 0xEEEE, 7197, 0001, 0.78894, 4.8529793
22496690, 0xEEEE, 7198, 0000, 0.39165, 4.8505379
22499814, 0xEEEE, 7199, 0000, 0.38117, 4.8706035
22502948, 0xEEEE, 7200, 0000, 0.01289, 4.8421454
22506070, 0xEEEE, 7201, 0000, 0.01128, 4.8582437
22509189, 0xEEEE, 7202, 0001, 0.01128, 4.8508431
22512314, 0xEEEE, 7203, 0001, 0.01209, 4.8682383
22515440, 0xEEEE, 7204, 0002, 0.39648, 4.8712902
22518567, 0xEEEE, 7205, 0002, 0.38278, 4.8499275
22521698, 0xEEEE, 7206, 0003, 0.78733, 4.8682383
22524823, 0xEEEE, 7207, 0003, 0.79136, 4.8512245
22527976, 0xEEEE, 7208, 0004, 1.23780, 4.8546578
22531079, 0xEEEE, 7209, 0004, 1.57868, 4.8704509
22534198, 0xEEEE, 7210, 0005, 1.57868, 4.8562600
22537323, 0xEEEE, 7211, 0005, 1.57707, 4.8619821
22540440, 0xEEEE, 7212, 0006, 1.97355, 4.8471809
22543565, 0xEEEE, 7213, 0006, 1.97355, 4.8603037
22546689, 0xEEEE, 7214, 0007, 2.37165, 4.8689250
22549814, 0xEEEE, 7215, 0007, 2.36520, 4.8522164
22552939, 0xEEEE, 7216, 0007, 2.55377, 4.8650340
22556070, 0xEEEE, 7217, 0007, 2.55216, 4.8410010
22559189, 0xEEEE, 7218, 0006, 2.55297, 4.8530556
22562315, 0xEEEE, 7219, 0006, 2.54974, 4.8630503
22565451, 0xEEEE, 7220, 0005, 2.35714, 4.8519875
22568576, 0xEEEE, 7221, 0005, 2.36681, 4.8670939
22571701, 0xEEEE, 7222, 0004, 1.97436, 4.8495460
22574835, 0xEEEE, 7223, 0004, 1.90344, 4.8600748
22577951, 0xEEEE, 7224, 0003, 1.58029, 4.8625162
22581081, 0xEEEE, 7225, 0003, 1.18381, 4.8580911
22584200, 0xEEEE, 7226, 0002, 1.18059, 4.8698405
22587323, 0xEEEE, 7227, 0002, 1.18381, 4.8451209
22590440, 0xEEEE, 7228, 0001, 0.78894, 4.8593881
22593565, 0xEEEE, 7229, 0001, 0.83568, 4.8567178
22596689, 0xEEEE, 7230, 0000, 0.39245, 4.8683909
22599814, 0xEEEE, 7231, 0000, 0.38842, 4.8696880
22602939, 0xEEEE, 7232, 0000, 0.01289, 4.8489357
22606069, 0xEEEE, 7233, 0000, 0.01209, 4.8567178
22609198, 0xEEEE, 7234, 0001, 0.01209, 4.8451209
22612323, 0xEEEE, 7235, 0001, 0.01128, 4.8725109
22615448, 0xEEEE, 7236, 0002, 0.39165, 4.8752575
22618574, 0xEEEE, 7237, 0002, 0.39487, 4.8478676
22621699, 0xEEEE, 7238, 0003, 0.77201, 4.8645762
22624824, 0xEEEE, 7239, 0003, 0.78813, 4.8408484
22627971, 0xEEEE, 7240, 0004, 1.16286, 4.8578622
22631070, 0xEEEE, 7241, 0004, 1.58513, 4.8622873
22634200, 0xEEEE, 7242, 0005, 1.51824, 4.8545052
22637314, 0xEEEE, 7243, 0005, 1.57949, 4.8638132
22640440, 0xEEEE, 7244, 0006, 1.97355, 4.8378729
22643565, 0xEEEE, 7245, 0006, 1.98403, 4.8597696
22646689, 0xEEEE, 7246, 0007, 2.36842, 4.8644236
22649814, 0xEEEE, 7247, 0007, 2.36762, 4.8621347
22652947, 0xEEEE, 7248, 0007, 2.55216, 4.8680095
22656081, 0xEEEE, 7249, 0007, 2.55297, 4.8439002
22659204, 0xEEEE, 7250, 0006, 2.54733, 4.8606851
22662326, 0xEEEE, 7251, 0006, 2.56103, 4.8654154
22665451, 0xEEEE, 7252, 0005, 2.36923, 4.8583200
22668577, 0xEEEE, 7253, 0005, 2.36762, 4.8628214
22671710, 0xEEEE, 7254, 0004, 1.97355, 4.8519112
22674814, 0xEEEE, 7255, 0004, 1.57546, 4.8519112
22677939, 0xEEEE, 7256, 0003, 1.57949, 4.8545052
22681070, 0xEEEE, 7257, 0003, 1.55692, 4.8602274
22684189, 0xEEEE, 7258, 0002, 1.18139, 4.8700694
22687314, 0xEEEE, 7259, 0002, 1.23055, 4.8468757
22690440, 0xEEEE, 7260, 0001, 0.78974, 4.8581674
22693565, 0xEEEE, 7261, 0001, 0.80667, 4.8575570
22696693, 0xEEEE, 7262, 0000, 0.39326, 4.8666361
22699823, 0xEEEE, 7263, 0000, 0.01209, 4.8721294
22702948, 0xEEEE, 7264, 0000, 0.01209, 4.8496223
22706078, 0xEEEE, 7265, 0000, 0.01451, 4.8472572
22709199, 0xEEEE, 7266, 0001, 0.01209, 4.8467994
22712324, 0xEEEE, 7267, 0001, 0.01128, 4.8626688
22715449, 0xEEEE, 7268, 0002, 0.39245, 4.8739605
22718585, 0xEEEE, 7269, 0002, 0.39487, 4.8570230
22721689, 0xEEEE, 7270, 0003, 0.77685, 4.8629740
22724814, 0xEEEE, 7271, 0003, 1.18300, 4.8451972
22727961, 0xEEEE, 7272, 0004, 1.17736, 4.8548867
22731070, 0xEEEE, 7273, 0004, 1.18381, 4.8715953
22734189, 0xEEEE, 7274, 0005, 1.59319, 4.8513008
22737314, 0xEEEE, 7275, 0005, 1.57868, 4.8555734
22740448, 0xEEEE, 7276, 0006, 1.99612, 4.8400855
22743576, 0xEEEE, 7277, 0006, 1.96952, 4.8608377
22746701, 0xEEEE, 7278, 0007, 2.36842, 4.8726635
22749826, 0xEEEE, 7279, 0007, 2.55297, 4.8536660
22752951, 0xEEEE, 7280, 0007, 2.55297, 4.8676280
22756089, 0xEEEE, 7281, 0007, 2.56344, 4.8388647
22759201, 0xEEEE, 7282, 0006, 2.55216, 4.8518349
22762314, 0xEEEE, 7283, 0006, 2.55136, 4.8666361
22765440, 0xEEEE, 7284, 0005, 2.36842, 4.8531319
22768564, 0xEEEE, 7285, 0005, 2.36762, 4.8699168
22771689, 0xEEEE, 7286, 0004, 1.97839, 4.8451209
22774814, 0xEEEE, 7287, 0004, 1.58029, 4.8506142
22777939, 0xEEEE, 7288, 0003, 1.57949, 4.8664073
22781070, 0xEEEE, 7289, 0003, 1.58432, 4.8609903
22784189, 0xEEEE, 7290, 0002, 1.18381, 4.8686961
22787323, 0xEEEE, 7291, 0002, 1.19590, 4.8393225
22790449, 0xEEEE, 7292, 0001, 0.78813, 4.8478676
22793573, 0xEEEE, 7293, 0001, 0.79700, 4.8570993
22796699, 0xEEEE, 7294, 0000, 0.42791, 4.8641947
22799823, 0xEEEE, 7295, 0000, 0.39245, 4.8698405
22802959, 0xEEEE, 7296, 0000, 0.01128, 4.8435187
22806079, 0xEEEE, 7297, 0000, 0.01289, 4.8525978
22809189, 0xEEEE, 7298, 0001, 0.01209, 4.8573281
22812314, 0xEEEE, 7299, 0001, 0.01128, 4.8659495
22815440, 0xEEEE, 7300, 0002, 0.35458, 4.8773938
22818565, 0xEEEE, 7301, 0002, 0.78894, 4.8472572
22821689, 0xEEEE, 7302, 0003, 0.78249, 4.8609903
22824814, 0xEEEE, 7303, 0003, 0.78491, 4.8481727
22827961, 0xEEEE, 7304, 0004, 1.18220, 4.8631266
22831081, 0xEEEE, 7305, 0004, 1.18542, 4.8748760
22834200, 0xEEEE, 7306, 0005, 1.58029, 4.8530556
22837325, 0xEEEE, 7307, 0005, 1.57868, 4.8670176
22840458, 0xEEEE, 7308, 0006, 1.97114, 4.8415351
22843576, 0xEEEE, 7309, 0006, 2.36762, 4.8650340
22846702, 0xEEEE, 7310, 0007, 2.36762, 4.8725109
22849826, 0xEEEE, 7311, 0007, 2.36842, 4.8525978
22852939, 0xEEEE, 7312, 0007, 2.58359, 4.8658732
22856069, 0xEEEE, 7313, 0007, 2.55941, 4.8438239
22859189, 0xEEEE, 7314, 0006, 2.55297, 4.8572519
22862314, 0xEEEE, 7315, 0006, 2.55136, 4.8699168
22865440, 0xEEEE, 7316, 0005, 2.36681, 4.8516060
22868565, 0xEEEE, 7317, 0005, 2.00256, 4.8680858
22871689, 0xEEEE, 7318, 0004, 1.96711, 4.8384070
22874821, 0xEEEE, 7319, 0004, 1.97436, 4.8434424
22877948, 0xEEEE, 7320, 0003, 1.57949, 4.8640421
22881078, 0xEEEE, 7321, 0003, 1.57546, 4.8561074
22884198, 0xEEEE, 7322, 0002, 1.23216, 4.8701457
22887334, 0xEEEE, 7323, 0002, 1.18220, 4.8512245
22890449, 0xEEEE, 7324, 0001, 0.80022, 4.8516823
22893573, 0xEEEE, 7325, 0001, 0.39245, 4.8596933
22896690, 0xEEEE, 7326, 0000, 0.38842, 4.8588540
22899822, 0xEEEE, 7327, 0000, 0.44484, 4.8752575
22902939, 0xEEEE, 7328, 0000, 0.01209, 4.8430610
22906070, 0xEEEE, 7329, 0000, 0.01209, 4.8461128
22909189, 0xEEEE, 7330, 0001, 0.01451, 4.8605325
22912314, 0xEEEE, 7331, 0001, 0.01209, 4.8510719
22915442, 0xEEEE, 7332, 0002, 0.40293, 4.8764782
22918573, 0xEEEE, 7333, 0002, 0.74703, 4.8523690
22921701, 0xEEEE, 7334, 0003, 0.78974, 4.8585489
22924825, 0xEEEE, 7335, 0003, 0.77363, 4.8490120
22927972, 0xEEEE, 7336, 0004, 1.18381, 4.8532082
22931082, 0xEEEE, 7337, 0004, 1.16689, 4.8770886
22934201, 0xEEEE, 7338, 0005, 1.57868, 4.8490883
22937326, 0xEEEE, 7339, 0005, 1.57949, 4.8663310
22940440, 0xEEEE, 7340, 0006, 1.97678, 4.8445106
22943565, 0xEEEE, 7341, 0006, 2.36278, 4.8574044
22946700, 0xEEEE, 7342, 0007, 2.36842, 4.8728923
22949814, 0xEEEE, 7343, 0007, 2.34667, 4.8438239
22952939, 0xEEEE, 7344, 0007, 2.54894, 4.8699931
22956070, 0xEEEE, 7345, 0007, 2.55216, 4.8445106
22959189, 0xEEEE, 7346, 0006, 2.55216, 4.8503090
22962316, 0xEEEE, 7347, 0006, 2.55297, 4.8714427
22965449, 0xEEEE, 7348, 0005, 2.36842, 4.8638895
22968573, 0xEEEE, 7349, 0005, 2.36923, 4.8677806
22971708, 0xEEEE, 7350, 0004, 1.97275, 4.8423743
22974824, 0xEEEE, 7351, 0004, 1.97436, 4.8416114
22977948, 0xEEEE, 7352, 0003, 1.58432, 4.8690013
22981079, 0xEEEE, 7353, 0003, 1.57949, 4.8618296
22984205, 0xEEEE, 7354, 0002, 1.17253, 4.8755627
22987314, 0xEEEE, 7355, 0002, 0.78813, 4.8445106
22990440, 0xEEEE, 7356, 0001, 0.79538, 4.8474861
22993565, 0xEEEE, 7357, 0001, 0.78894, 4.8596933
22996689, 0xEEEE, 7358, 0000, 0.39487, 4.8657969
22999814, 0xEEEE, 7359, 0000, 0.37392, 4.8764782
23002940, 0xEEEE, 7360, 0000, 0.01209, 4.8509957
23006071, 0xEEEE, 7361, 0000, 0.01209, 4.8429847
23009200, 0xEEEE, 7362, 0001, 0.01209, 4.8591592
23012325, 0xEEEE, 7363, 0001, 0.39245, 4.8570993
23015451, 0xEEEE, 7364, 0002, 0.39245, 4.8744182
23018577, 0xEEEE, 7365, 0002, 0.40132, 4.8440528
23021701, 0xEEEE, 7366, 0003, 0.78894, 4.8525216
23024826, 0xEEEE, 7367, 0003, 0.78894, 4.8496223
23027972, 0xEEEE, 7368, 0004, 1.18381, 4.8616770
23031092, 0xEEEE, 7369, 0004, 1.18542, 4.8768597
23034189, 0xEEEE, 7370, 0005, 1.57949, 4.8532082
23037314, 0xEEEE, 7371, 0005, 1.97919, 4.8561837
23040440, 0xEEEE, 7372, 0006, 1.97355, 4.8407721
23043565, 0xEEEE, 7373, 0006, 1.97355, 4.8559548
23046689, 0xEEEE, 7374, 0007, 2.41758, 4.8760967
23049814, 0xEEEE, 7375, 0007, 2.36198, 4.8484016
23052948, 0xEEEE, 7376, 0007, 2.55216, 4.8668650
23056078, 0xEEEE, 7377, 0007, 2.55297, 4.8397040
23059198, 0xEEEE, 7378, 0006, 2.55297, 4.8509194
23062323, 0xEEEE, 7379, 0006, 2.36762, 4.8693828
23065449, 0xEEEE, 7380, 0005, 2.36037, 4.8616007
23068582, 0xEEEE, 7381, 0005, 2.36440, 4.8616007
23071699, 0xEEEE, 7382, 0004, 1.97355, 4.8413825
23074814, 0xEEEE, 7383, 0004, 1.97355, 4.8357366
23077939, 0xEEEE, 7384, 0003, 1.58029, 4.8663310
23081069, 0xEEEE, 7385, 0003, 1.57868, 4.8529030
23084189, 0xEEEE, 7386, 0002, 1.19267, 4.8686961
23087314, 0xEEEE, 7387, 0002, 0.78974, 4.8477913
23090440, 0xEEEE, 7388, 0001, 0.79297, 4.8560311
23093565, 0xEEEE, 7389, 0001, 0.80747, 4.8564889
23096699, 0xEEEE, 7390, 0000, 0.39245, 4.8546578
23099825, 0xEEEE, 7391, 0000, 0.39004, 4.8743420
23102950, 0xEEEE, 7392, 0000, 0.01128, 4.8429084
23106081, 0xEEEE, 7393, 0000, 0.01128, 4.8502327
23109201, 0xEEEE, 7394, 0001, 0.01128, 4.8544289
23112326, 0xEEEE, 7395, 0001, 0.01289, 4.8628214
23115462, 0xEEEE, 7396, 0002, 0.39165, 4.8752575
23118565, 0xEEEE, 7397, 0002, 0.39004, 4.8406958
23121689, 0xEEEE, 7398, 0003, 0.78652, 4.8641184
23124814, 0xEEEE, 7399, 0003, 0.78652, 4.8532082
23127969, 0xEEEE, 7400, 0004, 1.18381, 4.8633555
23131070, 0xEEEE, 7401, 0004, 1.57788, 4.8753338
23134189, 0xEEEE, 7402, 0005, 1.57949, 4.8451209
23137314, 0xEEEE, 7403, 0005, 1.57707, 4.8589303
23140445, 0xEEEE, 7404, 0006, 1.97355, 4.8400092
23143574, 0xEEEE, 7405, 0006, 1.97355, 4.8600748
23146699, 0xEEEE, 7406, 0007, 2.37407, 4.8738079
23149824, 0xEEEE, 7407, 0007, 2.36681, 4.8667887
23152956, 0xEEEE, 7408, 0007, 2.55216, 4.8653391
23156079, 0xEEEE, 7409, 0007, 2.55216, 4.8384070
23159198, 0xEEEE, 7410, 0006, 2.55216, 4.8590066
23162314, 0xEEEE, 7411, 0006, 2.56747, 4.8710613
23165440, 0xEEEE, 7412, 0005, 2.37084, 4.8473335
23168565, 0xEEEE, 7413, 0005, 2.36681, 4.8677806
23171689, 0xEEEE, 7414, 0004, 1.97436, 4.8461891
23174814, 0xEEEE, 7415, 0004, 1.90425, 4.8511482
23177939, 0xEEEE, 7416, 0003, 1.57868, 4.8702983
23181070, 0xEEEE, 7417, 0003, 1.19590, 4.8559548
23184194, 0xEEEE, 7418, 0002, 1.18220, 4.8720531
23187325, 0xEEEE, 7419, 0002, 1.18300, 4.8393988
23190451, 0xEEEE, 7420, 0001, 0.78571, 4.8486305
23193577, 0xEEEE, 7421, 0001, 0.75751, 4.8571756
23196702, 0xEEEE, 7422, 0000, 0.39245, 4.8518349
23199836, 0xEEEE, 7423, 0000, 0.38842, 4.8744182
23202951, 0xEEEE, 7424, 0000, 0.01209, 4.8399329
23206081, 0xEEEE, 7425, 0000, 0.01209, 4.8603037
23209189, 0xEEEE, 7426, 0001, 0.01128, 4.8537423
23212323, 0xEEEE, 7427, 0001, 0.01128, 4.8506905
23215440, 0xEEEE, 7428, 0002, 0.39326, 4.8765545
23218565, 0xEEEE, 7429, 0002, 0.39004, 4.8503090
23221689, 0xEEEE, 7430, 0003, 0.79780, 4.8575570
23224814, 0xEEEE, 7431, 0003, 0.78813, 4.8502327
23227961, 0xEEEE, 7432, 0004, 1.17736, 4.8561837
23231078, 0xEEEE, 7433, 0004, 1.57868, 4.8763256
23234198, 0xEEEE, 7434, 0005, 1.56982, 4.8617533
23237330, 0xEEEE, 7435, 0005, 1.58029, 4.8638132
23240449, 0xEEEE, 7436, 0006, 1.97355, 4.8473335
23243574, 0xEEEE, 7437, 0006, 1.94535, 4.8518349
23246699, 0xEEEE, 7438, 0007, 2.36601, 4.8727398
23249814, 0xEEEE, 7439, 0007, 2.36762, 4.8529030
23252940, 0xEEEE, 7440, 0007, 2.55216, 4.8728923
23256070, 0xEEEE, 7441, 0007, 2.55297, 4.8410010
23259189, 0xEEEE, 7442, 0006, 2.60374, 4.8598459
23262314, 0xEEEE, 7443, 0006, 2.56103, 4.8744182
23265440, 0xEEEE, 7444, 0005, 2.36601, 4.8548867
23268565, 0xEEEE, 7445, 0005, 2.36762, 4.8668650
23271690, 0xEEEE, 7446, 0004, 1.97436, 4.8448157
23274825, 0xEEEE, 7447, 0004, 1.97597, 4.8657206
23277951, 0xEEEE, 7448, 0003, 1.57949, 4.8713664
23281081, 0xEEEE, 7449, 0003, 1.57465, 4.8522927
23284209, 0xEEEE, 7450, 0002, 1.18542, 4.8725872
23287326, 0xEEEE, 7451, 0002, 1.18623, 4.8487068
23290451, 0xEEEE, 7452, 0001, 0.78813, 4.8544289
23293576, 0xEEEE, 7453, 0001, 0.78652, 4.8618296
23296698, 0xEEEE, 7454, 0000, 0.39245, 4.8664073
23299814, 0xEEEE, 7455, 0000, 0.01048, 4.8682383
23302939, 0xEEEE, 7456, 0000, 0.01209, 4.8455787
23306070, 0xEEEE, 7457, 0000, 0.01209, 4.8549630
23309189, 0xEEEE, 7458, 0001, 0.01209, 4.8598459
23312314, 0xEEEE, 7459, 0001, 0.01128, 4.8608377
23315443, 0xEEEE, 7460, 0002, 0.39245, 4.8742657
23318573, 0xEEEE, 7461, 0002, 0.39326, 4.8405432
23321698, 0xEEEE, 7462, 0003, 0.80667, 4.8571756
23324823, 0xEEEE, 7463, 0003, 1.18300, 4.8542000
23327970, 0xEEEE, 7464, 0004, 1.18703, 4.8514534
23331079, 0xEEEE, 7465, 0004, 1.18462, 4.8758679
23334199, 0xEEEE, 7466, 0005, 1.54806, 4.8481727
23337323, 0xEEEE, 7467, 0005, 1.58190, 4.8626688
23340440, 0xEEEE, 7468, 0006, 1.94857, 4.8423743
23343576, 0xEEEE, 7469, 0006, 1.98645, 4.8567941
23346689, 0xEEEE, 7470, 0007, 2.36681, 4.8735790
23349814, 0xEEEE, 7471, 0007, 2.55297, 4.8484779
23352939, 0xEEEE, 7472, 0007, 2.55297, 4.8664836
23356070, 0xEEEE, 7473, 0007, 2.59084, 4.8405432
23359189, 0xEEEE, 7474, 0006, 2.57150, 4.8631266
23362322, 0xEEEE, 7475, 0006, 2.55055, 4.8732738
23365451, 0xEEEE, 7476, 0005, 2.36842, 4.8527504
23368578, 0xEEEE, 7477, 0005, 2.36842, 4.8657206
23371701, 0xEEEE, 7478, 0004, 2.02674, 4.8475624
23374826, 0xEEEE, 7479, 0004, 1.57949, 4.8462654
23377951, 0xEEEE, 7480, 0003, 1.57949, 4.8690776
23381090, 0xEEEE, 7481, 0003, 1.58271, 4.8572519
23384189, 0xEEEE, 7482, 0002, 1.18300, 4.8681621
23387314, 0xEEEE, 7483, 0002, 1.19912, 4.8456550
23390440, 0xEEEE, 7484, 0001, 0.78813, 4.8488594
23393564, 0xEEEE, 7485, 0001, 0.78088, 4.8611429
23396689, 0xEEEE, 7486, 0000, 0.40374, 4.8648051
23399814, 0xEEEE, 7487, 0000, 0.01128, 4.8749523
23402939, 0xEEEE, 7488, 0000, 0.01209, 4.8419928
23406072, 0xEEEE, 7489, 0000, 0.01128, 4.8644236
23409198, 0xEEEE, 7490, 0001, 0.01209, 4.8587015
23412323, 0xEEEE, 7491, 0001, 0.01128, 4.8564126
23415449, 0xEEEE, 7492, 0002, 0.43355, 4.8743420
23418574, 0xEEEE, 7493, 0002, 0.39084, 4.8474098
23421699, 0xEEEE, 7494, 0003, 0.78168, 4.8619059
23424824, 0xEEEE, 7495, 0003, 0.73172, 4.8451209
23427980, 0xEEEE, 7496, 0004, 1.18381, 4.8643473
23431070, 0xEEEE, 7497, 0004, 1.18381, 4.8753338
23434189, 0xEEEE, 7498, 0005, 1.57949, 4.8434424
23437314, 0xEEEE, 7499, 0005, 1.57868, 4.8673228
23440440, 0xEEEE, 7500, 0006, 1.96147, 4.8488594
23443565, 0xEEEE, 7501, 0006, 1.97355, 4.8572519
23446689, 0xEEEE, 7502, 0007, 2.36762, 4.8719768
23449816, 0xEEEE, 7503, 0007, 2.36601, 4.8606851
23452950, 0xEEEE, 7504, 0007, 2.55297, 4.8659495
23456081, 0xEEEE, 7505, 0007, 2.55377, 4.8409247
23459200, 0xEEEE, 7506, 0006, 2.55136, 4.8524453
23462326, 0xEEEE, 7507, 0006, 2.55216, 4.8741894
23465460, 0xEEEE, 7508, 0005, 2.36762, 4.8598459
23468576, 0xEEEE, 7509, 0005, 1.97436, 4.8624399
23471690, 0xEEEE, 7510, 0004, 1.99209, 4.8435950
23474814, 0xEEEE, 7511, 0004, 1.97436, 4.8545052
23477939, 0xEEEE, 7512, 0003, 1.57949, 4.8683146
23481070, 0xEEEE, 7513, 0003, 1.58352, 4.8567178
23484189, 0xEEEE, 7514, 0002, 1.18381, 4.8718242
23487314, 0xEEEE, 7515, 0002, 1.19670, 4.8391699
23490440, 0xEEEE, 7516, 0001, 0.78813, 4.8521401
23493565, 0xEEEE, 7517, 0001, 0.39326, 4.8696880
23496699, 0xEEEE, 7518, 0000, 0.41179, 4.8518349
23499823, 0xEEEE, 7519, 0000, 0.39165, 4.8747997
23502948, 0xEEEE, 7520, 0000, 0.01128, 4.8447395
23506079, 0xEEEE, 7521, 0000, 0.01128, 4.8506142
23509198, 0xEEEE, 7522, 0001, 0.01128, 4.8576333
23512334, 0xEEEE, 7523, 0001, 0.01128, 4.8535134
23515448, 0xEEEE, 7524, 0002, 0.38681, 4.8779278
23518565, 0xEEEE, 7525, 0002, 0.78733, 4.8494697
23521689, 0xEEEE, 7526, 0003, 0.79216, 4.8670176
23524814, 0xEEEE, 7527, 0003, 0.77121, 4.8443580
23527961, 0xEEEE, 7528, 0004, 1.18300, 4.8580148
23531069, 0xEEEE, 7529, 0004, 1.23700, 4.8763256
23534189, 0xEEEE, 7530, 0005, 1.57949, 4.8487831
23537314, 0xEEEE, 7531, 0005, 1.58029, 4.8606088
23540451, 0xEEEE, 7532, 0006, 1.97758, 4.8461128
23543576, 0xEEEE, 7533, 0006, 2.36842, 4.8525216
23546701, 0xEEEE, 7534, 0007, 2.36842, 4.8744182
23549833, 0xEEEE, 7535, 0007, 2.31685, 4.8509957
23552951, 0xEEEE, 7536, 0007, 2.54491, 4.8644999
23556081, 0xEEEE, 7537, 0007, 2.55619, 4.8448920
23559201, 0xEEEE, 7538, 0006, 2.55297, 4.8639658
23562314, 0xEEEE, 7539, 0006, 2.55297, 4.8725872
23565440, 0xEEEE, 7540, 0005, 2.36762, 4.8526741
23568565, 0xEEEE, 7541, 0005, 1.94696, 4.8621347
23571689, 0xEEEE, 7542, 0004, 1.97839, 4.8427558
23574814, 0xEEEE, 7543, 0004, 1.97355, 4.8574044
23577939, 0xEEEE, 7544, 0003, 1.59641, 4.8690776
23581070, 0xEEEE, 7545, 0003, 1.57707, 4.8542000
23584196, 0xEEEE, 7546, 0002, 1.18300, 4.8722057
23587322, 0xEEEE, 7547, 0002, 1.18623, 4.8490883
23590448, 0xEEEE, 7548, 0001, 0.76396, 4.8444343
23593574, 0xEEEE, 7549, 0001, 0.78894, 4.8546578
23596709, 0xEEEE, 7550, 0000, 0.38117, 4.8577859
23599823, 0xEEEE, 7551, 0000, 0.39971, 4.8751812
23602948, 0xEEEE, 7552, 0000, 0.01128, 4.8415351
23606070, 0xEEEE, 7553, 0000, 0.01128, 4.8537423
23609198, 0xEEEE, 7554, 0001, 0.01128, 4.8580911
23612314, 0xEEEE, 7555, 0001, 0.39245, 4.8524453
23615440, 0xEEEE, 7556, 0002, 0.38440, 4.8775463
23618565, 0xEEEE, 7557, 0002, 0.41179, 4.8551919
23621689, 0xEEEE, 7558, 0003, 0.78974, 4.8474098
23624814, 0xEEEE, 7559, 0003, 0.80022, 4.8464179
23627966, 0xEEEE, 7560, 0004, 1.18381, 4.8682383
23631081, 0xEEEE, 7561, 0004, 1.20637, 4.8788434
23634200, 0xEEEE, 7562, 0005, 1.57949, 4.8644236
23637326, 0xEEEE, 7563, 0005, 1.96308, 4.8639658
23640452, 0xEEEE, 7564, 0006, 1.97678, 4.8472572
23643577, 0xEEEE, 7565, 0006, 1.97436, 4.8525978
23646701, 0xEEEE, 7566, 0007, 2.36762, 4.8728923
23649814, 0xEEEE, 7567, 0007, 2.34747, 4.8652628
23652939, 0xEEEE, 7568, 0007, 2.54894, 4.8600748
23656081, 0xEEEE, 7569, 0007, 2.55297, 4.8377966
23659189, 0xEEEE, 7570, 0006, 2.55297, 4.8405432
23662314, 0xEEEE, 7571, 0006, 2.36762, 4.8699168
23665440, 0xEEEE, 7572, 0005, 2.36762, 4.8461891
23668565, 0xEEEE, 7573, 0005, 2.36117, 4.8694591
23671690, 0xEEEE, 7574, 0004, 1.97516, 4.8429847
23674823, 0xEEEE, 7575, 0004, 1.97436, 4.8553445
23677948, 0xEEEE, 7576, 0003, 1.57223, 4.8654154
23681088, 0xEEEE, 7577, 0003, 1.57707, 4.8604562
23684199, 0xEEEE, 7578, 0002, 1.20315, 4.8713664
23687323, 0xEEEE, 7579, 0002, 0.79055, 4.8470283
23690449, 0xEEEE, 7580, 0001, 0.80667, 4.8558022
23693581, 0xEEEE, 7581, 0001, 0.78894, 4.8579385
23696689, 0xEEEE, 7582, 0000, 0.39407, 4.8519112
23699814, 0xEEEE, 7583, 0000, 0.37956, 4.8760967
23702939, 0xEEEE, 7584, 0000, 0.01128, 4.8451972
23706070, 0xEEEE, 7585, 0000, 0.01128, 4.8609903
23709189, 0xEEEE, 7586, 0001, 0.01128, 4.8556497
23712314, 0xEEEE, 7587, 0001, 0.39165, 4.8609903
23715448, 0xEEEE, 7588, 0002, 0.38762, 4.8778515
23718576, 0xEEEE, 7589, 0002, 0.40293, 4.8456550
23721701, 0xEEEE, 7590, 0003, 0.78894, 4.8654154
23724825, 0xEEEE, 7591, 0003, 0.78491, 4.8545052
23727972, 0xEEEE, 7592, 0004, 1.18381, 4.8598459
23731082, 0xEEEE, 7593, 0004, 1.17656, 4.8760967
23734201, 0xEEEE, 7594, 0005, 1.57868, 4.8571756
23737325, 0xEEEE, 7595, 0005, 1.95099, 4.8536660
23740462, 0xEEEE, 7596, 0006, 1.97436, 4.8406958
23743565, 0xEEEE, 7597, 0006, 1.97355, 4.8597696
23746689, 0xEEEE, 7598, 0007, 2.35311, 4.8747234
23749814, 0xEEEE, 7599, 0007, 2.37004, 4.8462654
23752940, 0xEEEE, 7600, 0007, 2.55377, 4.8636606
23756070, 0xEEEE, 7601, 0007, 2.55136, 4.8442054
23759189, 0xEEEE, 7602, 0006, 2.55216, 4.8577096
23762323, 0xEEEE, 7603, 0006, 2.49333, 4.8712902
23765448, 0xEEEE, 7604, 0005, 2.36117, 4.8559548
23768574, 0xEEEE, 7605, 0005, 2.37004, 4.8715190
23771699, 0xEEEE, 7606, 0004, 1.97355, 4.8410010
23774823, 0xEEEE, 7607, 0004, 1.97355, 4.8638895
23777957, 0xEEEE, 7608, 0003, 1.57868, 4.8667124
23781079, 0xEEEE, 7609, 0003, 1.18381, 4.8651102
23784189, 0xEEEE, 7610, 0002, 1.17978, 4.8680858
23787314, 0xEEEE, 7611, 0002, 1.18542, 4.8390936
23790440, 0xEEEE, 7612, 0001, 0.77927, 4.8500038
23793565, 0xEEEE, 7613, 0001, 0.78813, 4.8619059
23796689, 0xEEEE, 7614, 0000, 0.39326, 4.8544289
23799814, 0xEEEE, 7615, 0000, 0.39326, 4.8728161
23802939, 0xEEEE, 7616, 0000, 0.01128, 4.8358129
23806077, 0xEEEE, 7617, 0000, 0.01128, 4.8538949
23809200, 0xEEEE, 7618, 0001, 0.01209, 4.8612192
23812325, 0xEEEE, 7619, 0001, 0.01451, 4.8495460
