sync, uptime, seq, step, SWPMON, adc
0xEEEE, 001416, 0000, 0000, 0.01209, 0.0000000
0xEEEE, 003913, 0001, 0000, 0.01128, 3.9398032
0xEEEE, 007070, 0002, 0001, 0.01209, 2.2997635
0xEEEE, 010162, 0003, 0001, 0.01209, 2.5856413
0xEEEE, 013286, 0004, 0002, 0.36505, 2.8329900
0xEEEE, 016420, 0005, 0002, 0.36586, 3.0720989
0xEEEE, 019537, 0006, 0003, 0.78733, 3.2507820
0xEEEE, 022669, 0007, 0003, 1.18139, 3.4357977
0xEEEE, 025786, 0008, 0004, 1.18542, 3.5862516
0xEEEE, 028920, 0009, 0004, 1.18139, 3.7264820
0xEEEE, 032036, 0010, 0005, 1.58110, 3.8630503
0xEEEE, 035151, 0011, 0005, 1.57626, 3.9715419
0xEEEE, 038276, 0012, 0006, 1.97194, 4.0536355
0xEEEE, 041401, 0013, 0006, 1.97033, 4.1432822
0xEEEE, 044526, 0014, 0007, 2.34425, 4.2241550
0xEEEE, 047660, 0015, 0007, 2.54894, 4.2903792
0xEEEE, 050782, 0016, 0007, 2.54733, 4.3566033
0xEEEE, 053914, 0017, 0007, 2.54813, 4.4077211
0xEEEE, 057044, 0018, 0006, 2.59084, 4.4464790
0xEEEE, 060163, 0019, 0006, 2.54733, 4.4879072
0xEEEE, 063289, 0020, 0005, 2.36440, 4.5401694
0xEEEE, 066414, 0021, 0005, 2.36117, 4.5622187
0xEEEE, 069538, 0022, 0004, 1.97033, 4.5909056
0xEEEE, 072671, 0023, 0004, 1.59641, 4.6155489
0xEEEE, 075809, 0024, 0003, 1.57546, 4.6485847
0xEEEE, 078911, 0025, 0003, 1.57707, 4.6655222
0xEEEE, 082043, 0026, 0002, 1.18059, 4.6829175
0xEEEE, 085162, 0027, 0002, 1.17817, 4.7078660
0xEEEE, 088287, 0028, 0001, 0.78733, 4.7169451
0xEEEE, 091411, 0029, 0001, 0.78733, 4.7174792
0xEEEE, 094526, 0030, 0000, 0.39084, 4.7418936
0xEEEE, 097659, 0031, 0000, 0.39407, 4.7522698
0xEEEE, 100778, 0032, 0000, 0.01209, 4.7613489
0xEEEE, 103902, 0033, 0000, 0.01128, 4.7603571
0xEEEE, 107054, 0034, 0001, 0.01209, 4.7763027
0xEEEE, 110153, 0035, 0001, 0.01209, 4.7757687
0xEEEE, 113285, 0036, 0002, 0.39165, 4.7833219
0xEEEE, 116401, 0037, 0002, 0.78813, 4.8014801
0xEEEE, 119537, 0038, 0003, 0.78733, 4.8054475
0xEEEE, 122670, 0039, 0003, 0.79458, 4.7956054
0xEEEE, 125790, 0040, 0004, 1.11934, 4.7982757
0xEEEE, 128914, 0041, 0004, 1.18300, 4.8142214
0xEEEE, 132046, 0042, 0005, 1.61817, 4.8176547
0xEEEE, 135163, 0043, 0005, 1.57626, 4.8094148
0xEEEE, 138276, 0044, 0006, 1.99451, 4.8141451
0xEEEE, 141411, 0045, 0006, 2.36359, 4.8226902
0xEEEE, 144536, 0046, 0007, 2.36359, 4.8170443
0xEEEE, 147668, 0047, 0007, 2.34828, 4.8236820
0xEEEE, 150787, 0048, 0007, 2.54894, 4.8345922
0xEEEE, 153912, 0049, 0007, 2.54813, 4.8228428
0xEEEE, 157045, 0050, 0006, 2.54894, 4.8233005
0xEEEE, 160172, 0051, 0006, 2.54813, 4.8283360
0xEEEE, 163277, 0052, 0005, 2.36278, 4.8355077
0xEEEE, 166402, 0053, 0005, 1.97194, 4.8293278
0xEEEE, 169526, 0054, 0004, 1.97516, 4.8221561
0xEEEE, 172659, 0055, 0004, 1.97275, 4.8338293
0xEEEE, 175777, 0056, 0003, 1.59802, 4.8412299
0xEEEE, 178902, 0057, 0003, 1.57707, 4.8300908
0xEEEE, 182035, 0058, 0002, 1.17897, 4.8405432
0xEEEE, 185160, 0059, 0002, 1.17414, 4.8457313
0xEEEE, 188289, 0060, 0001, 0.78733, 4.8278782
0xEEEE, 191413, 0061, 0001, 0.39326, 4.8254368
0xEEEE, 194538, 0062, 0000, 0.39407, 4.8403906
0xEEEE, 197678, 0063, 0000, 0.37311, 4.8433661
0xEEEE, 200788, 0064, 0000, 0.01209, 4.8437476
0xEEEE, 203913, 0065, 0000, 0.01209, 4.8339055
0xEEEE, 207072, 0066, 0001, 0.01128, 4.8415351
0xEEEE, 210162, 0067, 0001, 0.01128, 4.8351263
0xEEEE, 213286, 0068, 0002, 0.39245, 4.8361944
0xEEEE, 216411, 0069, 0002, 0.78733, 4.8475624
0xEEEE, 219536, 0070, 0003, 0.79136, 4.8477150
0xEEEE, 222669, 0071, 0003, 0.83648, 4.8392462
0xEEEE, 225786, 0072, 0004, 1.18220, 4.8381018
0xEEEE, 228902, 0073, 0004, 1.18300, 4.8448157
0xEEEE, 232036, 0074, 0005, 1.57788, 4.8439765
0xEEEE, 235151, 0075, 0005, 1.57788, 4.8393225
0xEEEE, 238276, 0076, 0006, 1.97194, 4.8447395
0xEEEE, 241401, 0077, 0006, 1.96066, 4.8452735
0xEEEE, 244537, 0078, 0007, 2.36520, 4.8421454
0xEEEE, 247659, 0079, 0007, 2.36359, 4.8411536
0xEEEE, 250784, 0080, 0007, 2.48205, 4.8501564
0xEEEE, 253913, 0081, 0007, 2.54894, 4.8458839
0xEEEE, 257053, 0082, 0006, 2.54894, 4.8364996
0xEEEE, 260163, 0083, 0006, 2.36440, 4.8408484
0xEEEE, 263289, 0084, 0005, 2.36842, 4.8485542
0xEEEE, 266413, 0085, 0005, 2.36440, 4.8467994
0xEEEE, 269538, 0086, 0004, 1.99370, 4.8464942
0xEEEE, 272673, 0087, 0004, 1.97033, 4.8435950
0xEEEE, 275787, 0088, 0003, 1.57707, 4.8428321
0xEEEE, 278912, 0089, 0003, 1.57788, 4.8413825
0xEEEE, 282048, 0090, 0002, 1.23055, 4.8384070
0xEEEE, 285162, 0091, 0002, 0.78733, 4.8520638
0xEEEE, 288286, 0092, 0001, 0.78571, 4.8448157
0xEEEE, 291411, 0093, 0001, 0.78410, 4.8416876
0xEEEE, 294527, 0094, 0000, 0.36264, 4.8425269
0xEEEE, 297659, 0095, 0000, 0.39165, 4.8506142
0xEEEE, 300777, 0096, 0000, 0.01209, 4.8443580
0xEEEE, 303902, 0097, 0000, 0.01209, 4.8392462
0xEEEE, 307054, 0098, 0001, 0.01370, 4.8487831
0xEEEE, 310153, 0099, 0001, 0.39326, 4.8485542
0xEEEE, 313278, 0100, 0002, 0.39004, 4.8474098
0xEEEE, 316403, 0101, 0002, 0.40293, 4.8496986
0xEEEE, 319537, 0102, 0003, 0.76960, 4.8532082
0xEEEE, 322670, 0103, 0003, 0.78733, 4.8545052
0xEEEE, 325788, 0104, 0004, 1.18381, 4.8422217
0xEEEE, 328922, 0105, 0004, 1.18139, 4.8542763
0xEEEE, 332047, 0106, 0005, 1.57626, 4.8538186
0xEEEE, 335163, 0107, 0005, 1.98161, 4.8552682
0xEEEE, 338276, 0108, 0006, 1.97114, 4.8456550
0xEEEE, 341430, 0109, 0006, 1.92601, 4.8466468
0xEEEE, 344536, 0110, 0007, 2.38132, 4.8491646
0xEEEE, 347668, 0111, 0007, 2.36359, 4.8422980
0xEEEE, 350787, 0112, 0007, 2.54894, 4.8480964
0xEEEE, 353912, 0113, 0007, 2.54733, 4.8463416
0xEEEE, 357045, 0114, 0006, 2.54894, 4.8411536
0xEEEE, 360152, 0115, 0006, 2.36440, 4.8424506
0xEEEE, 363277, 0116, 0005, 2.34586, 4.8529030
0xEEEE, 366401, 0117, 0005, 2.36842, 4.8509194
0xEEEE, 369526, 0118, 0004, 1.97355, 4.8419928
0xEEEE, 372659, 0119, 0004, 1.97597, 4.8422217
0xEEEE, 375778, 0120, 0003, 1.57546, 4.8511482
0xEEEE, 378902, 0121, 0003, 1.57868, 4.8463416
0xEEEE, 382036, 0122, 0002, 1.18059, 4.8454261
0xEEEE, 385163, 0123, 0002, 0.78007, 4.8526741
0xEEEE, 388298, 0124, 0001, 0.79297, 4.8509194
0xEEEE, 391413, 0125, 0001, 0.78813, 4.8384070
0xEEEE, 394539, 0126, 0000, 0.39165, 4.8409247
0xEEEE, 397671, 0127, 0000, 0.39165, 4.8569467
0xEEEE, 400788, 0128, 0000, 0.01209, 4.8516060
0xEEEE, 403913, 0129, 0000, 0.01209, 4.8387121
0xEEEE, 407074, 0130, 0001, 0.01209, 4.8461128
0xEEEE, 410162, 0131, 0001, 0.01209, 4.8518349
0xEEEE, 413289, 0132, 0002, 0.40857, 4.8461128
0xEEEE, 416411, 0133, 0002, 0.41905, 4.8455787
0xEEEE, 419536, 0134, 0003, 0.78733, 4.8523690
0xEEEE, 422669, 0135, 0003, 0.78733, 4.8482490
0xEEEE, 425795, 0136, 0004, 1.17897, 4.8488594
0xEEEE, 428902, 0137, 0004, 1.57707, 4.8487068
0xEEEE, 432036, 0138, 0005, 1.57707, 4.8579385
0xEEEE, 435151, 0139, 0005, 1.57626, 4.8441291
0xEEEE, 438278, 0140, 0006, 1.97114, 4.8392462
0xEEEE, 441402, 0141, 0006, 1.97114, 4.8460365
0xEEEE, 444527, 0142, 0007, 2.36440, 4.8503090
0xEEEE, 447659, 0143, 0007, 2.36278, 4.8406195
0xEEEE, 450785, 0144, 0007, 2.54894, 4.8439002
0xEEEE, 453913, 0145, 0007, 2.55055, 4.8545815
0xEEEE, 457044, 0146, 0006, 2.55458, 4.8446632
0xEEEE, 460163, 0147, 0006, 2.55297, 4.8387121
0xEEEE, 463289, 0148, 0005, 2.36520, 4.8480964
0xEEEE, 466413, 0149, 0005, 2.37165, 4.8559548
0xEEEE, 469538, 0150, 0004, 1.97436, 4.8440528
0xEEEE, 472686, 0151, 0004, 1.95260, 4.8378729
0xEEEE, 475786, 0152, 0003, 1.57868, 4.8468757
0xEEEE, 478911, 0153, 0003, 1.18220, 4.8566415
0xEEEE, 482043, 0154, 0002, 1.18220, 4.8541238
0xEEEE, 485162, 0155, 0002, 1.19993, 4.8466468
0xEEEE, 488286, 0156, 0001, 0.78813, 4.8542763
0xEEEE, 491411, 0157, 0001, 0.78894, 4.8461128
0xEEEE, 494526, 0158, 0000, 0.39326, 4.8387121
0xEEEE, 497659, 0159, 0000, 0.39084, 4.8450446
0xEEEE, 500778, 0160, 0000, 0.01289, 4.8564889
0xEEEE, 503902, 0161, 0000, 0.01209, 4.8397803
0xEEEE, 507054, 0162, 0001, 0.01209, 4.8386358
0xEEEE, 510161, 0163, 0001, 0.01128, 4.8513008
0xEEEE, 513276, 0164, 0002, 0.39245, 4.8516823
0xEEEE, 516405, 0165, 0002, 0.39245, 4.8440528
0xEEEE, 519538, 0166, 0003, 0.78491, 4.8469520
0xEEEE, 522670, 0167, 0003, 0.78894, 4.8536660
0xEEEE, 525789, 0168, 0004, 1.18139, 4.8448920
0xEEEE, 528914, 0169, 0004, 1.57788, 4.8430610
0xEEEE, 532046, 0170, 0005, 1.57788, 4.8515297
0xEEEE, 535163, 0171, 0005, 1.57707, 4.8594644
0xEEEE, 538277, 0172, 0006, 1.91634, 4.8433661
0xEEEE, 541411, 0173, 0006, 1.97194, 4.8385595
0xEEEE, 544536, 0174, 0007, 2.36359, 4.8499275
0xEEEE, 547668, 0175, 0007, 2.36601, 4.8522164
0xEEEE, 550787, 0176, 0007, 2.54974, 4.8500801
0xEEEE, 553912, 0177, 0007, 2.55055, 4.8515297
0xEEEE, 557053, 0178, 0006, 2.54007, 4.8541238
0xEEEE, 560152, 0179, 0006, 2.54410, 4.8449683
0xEEEE, 563278, 0180, 0005, 2.36681, 4.8408484
0xEEEE, 566401, 0181, 0005, 2.33216, 4.8548867
0xEEEE, 569526, 0182, 0004, 1.96872, 4.8538186
0xEEEE, 572659, 0183, 0004, 1.57788, 4.8440528
0xEEEE, 575777, 0184, 0003, 1.57385, 4.8515297
0xEEEE, 578902, 0185, 0003, 1.57788, 4.8564889
0xEEEE, 582036, 0186, 0002, 1.18139, 4.8482490
0xEEEE, 585163, 0187, 0002, 1.17253, 4.8471046
0xEEEE, 588288, 0188, 0001, 0.78733, 4.8473335
0xEEEE, 591413, 0189, 0001, 0.78813, 4.8536660
0xEEEE, 594546, 0190, 0000, 0.39004, 4.8484779
0xEEEE, 597671, 0191, 0000, 0.01209, 4.8477913
0xEEEE, 600788, 0192, 0000, 0.01209, 4.8574807
0xEEEE, 603913, 0193, 0000, 0.01209, 4.8444343
0xEEEE, 607075, 0194, 0001, 0.01128, 4.8451972
0xEEEE, 610162, 0195, 0001, 0.01128, 4.8532082
0xEEEE, 613286, 0196, 0002, 0.39245, 4.8529793
0xEEEE, 616412, 0197, 0002, 0.39245, 4.8530556
0xEEEE, 619536, 0198, 0003, 0.78733, 4.8448920
0xEEEE, 622669, 0199, 0003, 1.16769, 4.8530556
0xEEEE, 625787, 0200, 0004, 1.18300, 4.8532082
0xEEEE, 628901, 0201, 0004, 1.18059, 4.8476387
0xEEEE, 632036, 0202, 0005, 1.58674, 4.8454261
0xEEEE, 635151, 0203, 0005, 1.57707, 4.8532845
0xEEEE, 638277, 0204, 0006, 1.97194, 4.8571756
0xEEEE, 641412, 0205, 0006, 1.97194, 4.8364233
0xEEEE, 644527, 0206, 0007, 2.36520, 4.8442817
0xEEEE, 647659, 0207, 0007, 2.54894, 4.8580148
0xEEEE, 650787, 0208, 0007, 2.54894, 4.8541238
0xEEEE, 653922, 0209, 0007, 2.55055, 4.8461128
0xEEEE, 657044, 0210, 0006, 2.54974, 4.8531319
0xEEEE, 660163, 0211, 0006, 2.55055, 4.8523690
0xEEEE, 663289, 0212, 0005, 2.36520, 4.8429084
0xEEEE, 666413, 0213, 0005, 2.32168, 4.8451209
0xEEEE, 669538, 0214, 0004, 1.96388, 4.8570993
0xEEEE, 672676, 0215, 0004, 1.57707, 4.8522164
0xEEEE, 675786, 0216, 0003, 1.57707, 4.8377203
0xEEEE, 678911, 0217, 0003, 1.57788, 4.8493935
0xEEEE, 682043, 0218, 0002, 1.18300, 4.8564889
0xEEEE, 685161, 0219, 0002, 1.15480, 4.8437476
0xEEEE, 688287, 0220, 0001, 0.78652, 4.8455787
0xEEEE, 691410, 0221, 0001, 0.78813, 4.8465705
0xEEEE, 694527, 0222, 0000, 0.39810, 4.8506905
0xEEEE, 697659, 0223, 0000, 0.01048, 4.8509194
0xEEEE, 700777, 0224, 0000, 0.01209, 4.8469520
0xEEEE, 703902, 0225, 0000, 0.01209, 4.8557259
0xEEEE, 707054, 0226, 0001, 0.01289, 4.8527504
0xEEEE, 710153, 0227, 0001, 0.01209, 4.8439765
0xEEEE, 713276, 0228, 0002, 0.39245, 4.8509957
0xEEEE, 716407, 0229, 0002, 0.39165, 4.8559548
0xEEEE, 719538, 0230, 0003, 0.78652, 4.8507668
0xEEEE, 722670, 0231, 0003, 0.75026, 4.8385595
0xEEEE, 725797, 0232, 0004, 1.18300, 4.8532845
0xEEEE, 728914, 0233, 0004, 1.18220, 4.8542763
0xEEEE, 732046, 0234, 0005, 1.57868, 4.8463416
0xEEEE, 735163, 0235, 0005, 1.57788, 4.8572519
0xEEEE, 738299, 0236, 0006, 1.97194, 4.8568704
0xEEEE, 741411, 0237, 0006, 2.35956, 4.8513771
0xEEEE, 744536, 0238, 0007, 2.36601, 4.8487068
0xEEEE, 747668, 0239, 0007, 2.36440, 4.8555734
0xEEEE, 750787, 0240, 0007, 2.55055, 4.8631266
0xEEEE, 753912, 0241, 0007, 2.54894, 4.8422980
0xEEEE, 757045, 0242, 0006, 2.55216, 4.8455787
0xEEEE, 760151, 0243, 0006, 2.55700, 4.8541238
0xEEEE, 763276, 0244, 0005, 2.36359, 4.8541238
0xEEEE, 766401, 0245, 0005, 1.97275, 4.8539712
0xEEEE, 769526, 0246, 0004, 1.97194, 4.8485542
0xEEEE, 772659, 0247, 0004, 1.97114, 4.8570230
0xEEEE, 775777, 0248, 0003, 1.58432, 4.8477150
0xEEEE, 778902, 0249, 0003, 1.57788, 4.8451209
0xEEEE, 782038, 0250, 0002, 1.17817, 4.8617533
0xEEEE, 785173, 0251, 0002, 1.18381, 4.8492409
0xEEEE, 788288, 0252, 0001, 0.78894, 4.8461128
0xEEEE, 791413, 0253, 0001, 0.38923, 4.8419928
0xEEEE, 794539, 0254, 0000, 0.39245, 4.8551156
0xEEEE, 797672, 0255, 0000, 0.37231, 4.8578622
0xEEEE, 800788, 0256, 0000, 0.01209, 4.8465705
0xEEEE, 803902, 0257, 0000, 0.01209, 4.8454261
0xEEEE, 807075, 0258, 0001, 0.01209, 4.8512245
0xEEEE, 810162, 0259, 0001, 0.01209, 4.8458076
0xEEEE, 813287, 0260, 0002, 0.39245, 4.8447395
0xEEEE, 816412, 0261, 0002, 0.78652, 4.8606851
0xEEEE, 819537, 0262, 0003, 0.79538, 4.8596170
0xEEEE, 822677, 0263, 0003, 0.78813, 4.8397803
0xEEEE, 825786, 0264, 0004, 1.18381, 4.8424506
0xEEEE, 828902, 0265, 0004, 1.18220, 4.8561837
0xEEEE, 832036, 0266, 0005, 1.57788, 4.8542000
0xEEEE, 835152, 0267, 0005, 1.57788, 4.8522927
0xEEEE, 838277, 0268, 0006, 1.97194, 4.8536660
0xEEEE, 841401, 0269, 0006, 2.37810, 4.8510719
0xEEEE, 844526, 0270, 0007, 2.36520, 4.8576333
0xEEEE, 847659, 0271, 0007, 2.36601, 4.8398566
0xEEEE, 850788, 0272, 0007, 2.48286, 4.8567178
0xEEEE, 853913, 0273, 0007, 2.55055, 4.8590829
0xEEEE, 857044, 0274, 0006, 2.55055, 4.8457313
0xEEEE, 860163, 0275, 0006, 2.55700, 4.8484779
0xEEEE, 863288, 0276, 0005, 2.36923, 4.8551156
0xEEEE, 866413, 0277, 0005, 2.36520, 4.8582437
0xEEEE, 869549, 0278, 0004, 1.98886, 4.8440528
0xEEEE, 872678, 0279, 0004, 1.97275, 4.8513771
0xEEEE, 875787, 0280, 0003, 1.57707, 4.8567178
0xEEEE, 878911, 0281, 0003, 1.57788, 4.8525216
0xEEEE, 882043, 0282, 0002, 1.16447, 4.8509957
0xEEEE, 885161, 0283, 0002, 0.78733, 4.8548104
0xEEEE, 888286, 0284, 0001, 0.78813, 4.8542763
0xEEEE, 891411, 0285, 0001, 0.79297, 4.8467994
0xEEEE, 894527, 0286, 0000, 0.38198, 4.8464942
0xEEEE, 897659, 0287, 0000, 0.39245, 4.8600748
0xEEEE, 900777, 0288, 0000, 0.01128, 4.8608377
0xEEEE, 903902, 0289, 0000, 0.01209, 4.8438239
0xEEEE, 907062, 0290, 0001, 0.01128, 4.8479438
0xEEEE, 910153, 0291, 0001, 0.39245, 4.8578622
0xEEEE, 913276, 0292, 0002, 0.39245, 4.8541238
0xEEEE, 916408, 0293, 0002, 0.39004, 4.8526741
0xEEEE, 919538, 0294, 0003, 0.78652, 4.8558022
0xEEEE, 922670, 0295, 0003, 0.78733, 4.8549630
0xEEEE, 925789, 0296, 0004, 1.18381, 4.8459602
0xEEEE, 928914, 0297, 0004, 1.18703, 4.8458076
0xEEEE, 932046, 0298, 0005, 1.57788, 4.8562600
0xEEEE, 935163, 0299, 0005, 1.98322, 4.8536660
0xEEEE, 938281, 0300, 0006, 1.97114, 4.8575570
0xEEEE, 941411, 0301, 0006, 1.95744, 4.8514534
0xEEEE, 944536, 0302, 0007, 2.36520, 4.8565652
0xEEEE, 947668, 0303, 0007, 2.36520, 4.8519112
0xEEEE, 950787, 0304, 0007, 2.58762, 4.8515297
0xEEEE, 953922, 0305, 0007, 2.54974, 4.8574807
0xEEEE, 957044, 0306, 0006, 2.54974, 4.8515297
0xEEEE, 960151, 0307, 0006, 2.36520, 4.8420691
0xEEEE, 963276, 0308, 0005, 2.36359, 4.8438239
0xEEEE, 966401, 0309, 0005, 2.36601, 4.8614481
0xEEEE, 969526, 0310, 0004, 1.97275, 4.8567941
0xEEEE, 972659, 0311, 0004, 1.97275, 4.8416876
0xEEEE, 975777, 0312, 0003, 1.57707, 4.8458839
0xEEEE, 978902, 0313, 0003, 1.57788, 4.8566415
0xEEEE, 982037, 0314, 0002, 1.19670, 4.8492409
0xEEEE, 985163, 0315, 0002, 0.78813, 4.8475624
0xEEEE, 988288, 0316, 0001, 0.78894, 4.8522927
0xEEEE, 991420, 0317, 0001, 0.79619, 4.8479438
0xEEEE, 994539, 0318, 0000, 0.35861, 4.8471809
0xEEEE, 997671, 0319, 0000, 0.39407, 4.8542000
0xEEEE, 1000789, 0320, 0000, 0.01209, 4.8615244
0xEEEE, 1003902, 0321, 0000, 0.01209, 4.8487068
0xEEEE, 1007074, 0322, 0001, 0.01209, 4.8521401
0xEEEE, 1010162, 0323, 0001, 0.41824, 4.8491646
0xEEEE, 1013286, 0324, 0002, 0.39245, 4.8566415
0xEEEE, 1016412, 0325, 0002, 0.39165, 4.8590829
0xEEEE, 1019537, 0326, 0003, 0.81392, 4.8500801
0xEEEE, 1022668, 0327, 0003, 0.78894, 4.8534371
0xEEEE, 1025777, 0328, 0004, 1.18059, 4.8551919
0xEEEE, 1028902, 0329, 0004, 1.17817, 4.8516060
0xEEEE, 1032035, 0330, 0005, 1.57707, 4.8510719
0xEEEE, 1035152, 0331, 0005, 1.57062, 4.8612955
0xEEEE, 1038287, 0332, 0006, 1.97194, 4.8446632
0xEEEE, 1041401, 0333, 0006, 1.96952, 4.8351263
0xEEEE, 1044526, 0334, 0007, 2.36359, 4.8531319
0xEEEE, 1047659, 0335, 0007, 2.30637, 4.8561074
0xEEEE, 1050797, 0336, 0007, 2.53201, 4.8489357
0xEEEE, 1053913, 0337, 0007, 2.56022, 4.8462654
0xEEEE, 1057044, 0338, 0006, 2.54974, 4.8523690
0xEEEE, 1060164, 0339, 0006, 2.54974, 4.8506142
0xEEEE, 1063289, 0340, 0005, 2.36601, 4.8451972
0xEEEE, 1066412, 0341, 0005, 2.36681, 4.8484779
0xEEEE, 1069538, 0342, 0004, 1.97275, 4.8567178
0xEEEE, 1072679, 0343, 0004, 1.97033, 4.8546578
0xEEEE, 1075786, 0344, 0003, 1.57626, 4.8480964
0xEEEE, 1078911, 0345, 0003, 1.18462, 4.8524453
0xEEEE, 1082043, 0346, 0002, 1.18542, 4.8590066
0xEEEE, 1085162, 0347, 0002, 1.18300, 4.8525978
0xEEEE, 1088285, 0348, 0001, 0.78733, 4.8409247
0xEEEE, 1091411, 0349, 0001, 0.78491, 4.8517586
0xEEEE, 1094527, 0350, 0000, 0.38842, 4.8545052
0xEEEE, 1097670, 0351, 0000, 0.35700, 4.8472572
0xEEEE, 1100776, 0352, 0000, 0.01209, 4.8574044
0xEEEE, 1103902, 0353, 0000, 0.01128, 4.8564889
0xEEEE, 1107054, 0354, 0001, 0.01209, 4.8503090
0xEEEE, 1110153, 0355, 0001, 0.01209, 4.8448920
0xEEEE, 1113276, 0356, 0002, 0.39245, 4.8551919
0xEEEE, 1116410, 0357, 0002, 0.39245, 4.8586252
0xEEEE, 1119538, 0358, 0003, 0.80989, 4.8512245
0xEEEE, 1122672, 0359, 0003, 0.78733, 4.8434424
0xEEEE, 1125789, 0360, 0004, 1.18381, 4.8545815
0xEEEE, 1128913, 0361, 0004, 1.57062, 4.8603037
0xEEEE, 1132047, 0362, 0005, 1.57788, 4.8413062
0xEEEE, 1135172, 0363, 0005, 1.57465, 4.8532082
0xEEEE, 1138282, 0364, 0006, 1.97275, 4.8572519
0xEEEE, 1141411, 0365, 0006, 1.97678, 4.8474098
0xEEEE, 1144536, 0366, 0007, 2.36359, 4.8438239
0xEEEE, 1147669, 0367, 0007, 2.34586, 4.8536660
0xEEEE, 1150787, 0368, 0007, 2.53604, 4.8606088
0xEEEE, 1153911, 0369, 0007, 2.54330, 4.8496986
0xEEEE, 1157045, 0370, 0006, 2.54974, 4.8488594
0xEEEE, 1160152, 0371, 0006, 2.55055, 4.8556497
0xEEEE, 1163276, 0372, 0005, 2.34505, 4.8512245
0xEEEE, 1166401, 0373, 0005, 2.36440, 4.8462654
0xEEEE, 1169526, 0374, 0004, 1.97194, 4.8519112
0xEEEE, 1172660, 0375, 0004, 1.97194, 4.8549630
0xEEEE, 1175777, 0376, 0003, 1.57788, 4.8487831
0xEEEE, 1178902, 0377, 0003, 1.53275, 4.8469520
0xEEEE, 1182049, 0378, 0002, 1.16769, 4.8545052
0xEEEE, 1185163, 0379, 0002, 1.18220, 4.8550393
0xEEEE, 1188289, 0380, 0001, 0.78652, 4.8408484
0xEEEE, 1191413, 0381, 0001, 0.78491, 4.8378729
0xEEEE, 1194539, 0382, 0000, 0.37795, 4.8567178
0xEEEE, 1197671, 0383, 0000, 0.01209, 4.8529793
0xEEEE, 1200789, 0384, 0000, 0.01451, 4.8502327
0xEEEE, 1203904, 0385, 0000, 0.01209, 4.8509957
0xEEEE, 1207074, 0386, 0001, 0.01209, 4.8567941
0xEEEE, 1210162, 0387, 0001, 0.01209, 4.8548104
0xEEEE, 1213286, 0388, 0002, 0.39165, 4.8480964
0xEEEE, 1216412, 0389, 0002, 0.39407, 4.8612192
0xEEEE, 1219544, 0390, 0003, 0.79861, 4.8645762
0xEEEE, 1222669, 0391, 0003, 1.18139, 4.8470283
0xEEEE, 1225777, 0392, 0004, 1.18300, 4.8493935
0xEEEE, 1228902, 0393, 0004, 1.17414, 4.8567178
0xEEEE, 1232035, 0394, 0005, 1.51905, 4.8493172
0xEEEE, 1235151, 0395, 0005, 1.57788, 4.8496223
0xEEEE, 1238276, 0396, 0006, 1.97194, 4.8500038
0xEEEE, 1241401, 0397, 0006, 1.97275, 4.8550393
0xEEEE, 1244526, 0398, 0007, 2.36601, 4.8445106
0xEEEE, 1247660, 0399, 0007, 2.54974, 4.8511482
0xEEEE, 1250789, 0400, 0007, 2.54974, 4.8561074
0xEEEE, 1253914, 0401, 0007, 2.55055, 4.8536660
0xEEEE, 1257044, 0402, 0006, 2.56264, 4.8446632
0xEEEE, 1260164, 0403, 0006, 2.53121, 4.8499275
0xEEEE, 1263289, 0404, 0005, 2.36601, 4.8575570
0xEEEE, 1266424, 0405, 0005, 2.36520, 4.8554208
0xEEEE, 1269526, 0406, 0004, 1.97758, 4.8485542
0xEEEE, 1272679, 0407, 0004, 1.57626, 4.8504616
0xEEEE, 1275787, 0408, 0003, 1.58190, 4.8524453
0xEEEE, 1278920, 0409, 0003, 1.57626, 4.8490120
0xEEEE, 1282042, 0410, 0002, 1.19429, 4.8430610
0xEEEE, 1285162, 0411, 0002, 1.18300, 4.8572519
0xEEEE, 1288285, 0412, 0001, 0.78733, 4.8542763
0xEEEE, 1291402, 0413, 0001, 0.78733, 4.8410010
0xEEEE, 1294526, 0414, 0000, 0.39568, 4.8496223
0xEEEE, 1297659, 0415, 0000, 0.01289, 4.8596933
0xEEEE, 1300777, 0416, 0000, 0.01128, 4.8529793
0xEEEE, 1303911, 0417, 0000, 0.01209, 4.8399329
0xEEEE, 1307054, 0418, 0001, 0.01209, 4.8473335
0xEEEE, 1310153, 0419, 0001, 0.01128, 4.8549630
0xEEEE, 1313278, 0420, 0002, 0.39165, 4.8509194
0xEEEE, 1316413, 0421, 0002, 0.39245, 4.8476387
0xEEEE, 1319538, 0422, 0003, 0.78974, 4.8542000
0xEEEE, 1322670, 0423, 0003, 1.20799, 4.8530556
0xEEEE, 1325788, 0424, 0004, 1.18220, 4.8429084
0xEEEE, 1328914, 0425, 0004, 1.18300, 4.8481727
0xEEEE, 1332047, 0426, 0005, 1.57626, 4.8597696
0xEEEE, 1335163, 0427, 0005, 1.57465, 4.8543526
0xEEEE, 1338283, 0428, 0006, 1.97194, 4.8474098
0xEEEE, 1341411, 0429, 0006, 1.96952, 4.8513771
0xEEEE, 1344536, 0430, 0007, 2.36440, 4.8487831
0xEEEE, 1347668, 0431, 0007, 2.36440, 4.8471046
0xEEEE, 1350796, 0432, 0007, 2.54813, 4.8432898
0xEEEE, 1353911, 0433, 0007, 2.54894, 4.8547341
0xEEEE, 1357045, 0434, 0006, 2.54733, 4.8527504
0xEEEE, 1360151, 0435, 0006, 2.55297, 4.8488594
0xEEEE, 1363285, 0436, 0005, 2.36601, 4.8479438
0xEEEE, 1366401, 0437, 0005, 1.97033, 4.8592355
0xEEEE, 1369526, 0438, 0004, 1.97033, 4.8535134
0xEEEE, 1372659, 0439, 0004, 1.97275, 4.8442054
0xEEEE, 1375779, 0440, 0003, 1.57868, 4.8538949
0xEEEE, 1378902, 0441, 0003, 1.57626, 4.8568704
0xEEEE, 1382040, 0442, 0002, 1.18542, 4.8549630
0xEEEE, 1385163, 0443, 0002, 1.18381, 4.8444343
0xEEEE, 1388288, 0444, 0001, 0.78733, 4.8572519
0xEEEE, 1391413, 0445, 0001, 0.39245, 4.8562600
0xEEEE, 1394539, 0446, 0000, 0.39326, 4.8524453
0xEEEE, 1397671, 0447, 0000, 0.40132, 4.8442054
0xEEEE, 1400789, 0448, 0000, 0.01128, 4.8609903
0xEEEE, 1403905, 0449, 0000, 0.01209, 4.8451209
0xEEEE, 1407073, 0450, 0001, 0.01209, 4.8476387
0xEEEE, 1410172, 0451, 0001, 0.01209, 4.8455787
0xEEEE, 1413286, 0452, 0002, 0.39245, 4.8584726
0xEEEE, 1416412, 0453, 0002, 0.78813, 4.8569467
0xEEEE, 1419536, 0454, 0003, 0.79055, 4.8574044
0xEEEE, 1422668, 0455, 0003, 0.79538, 4.8487068
0xEEEE, 1425777, 0456, 0004, 1.18220, 4.8471809
0xEEEE, 1428902, 0457, 0004, 1.18220, 4.8440528
0xEEEE, 1432036, 0458, 0005, 1.62703, 4.8496223
0xEEEE, 1435162, 0459, 0005, 1.57626, 4.8614481
0xEEEE, 1438278, 0460, 0006, 1.99128, 4.8542000
0xEEEE, 1441401, 0461, 0006, 2.36681, 4.8432136
0xEEEE, 1444526, 0462, 0007, 2.36440, 4.8514534
0xEEEE, 1447671, 0463, 0007, 2.38615, 4.8603799
0xEEEE, 1450788, 0464, 0007, 2.55377, 4.8556497
0xEEEE, 1453913, 0465, 0007, 2.54894, 4.8473335
0xEEEE, 1457045, 0466, 0006, 2.54813, 4.8511482
0xEEEE, 1460164, 0467, 0006, 2.54974, 4.8519875
0xEEEE, 1463289, 0468, 0005, 2.36520, 4.8580911
0xEEEE, 1466413, 0469, 0005, 1.97194, 4.8531319
0xEEEE, 1469526, 0470, 0004, 1.97275, 4.8604562
0xEEEE, 1472679, 0471, 0004, 1.97114, 4.8543526
0xEEEE, 1475787, 0472, 0003, 1.57385, 4.8467994
0xEEEE, 1478911, 0473, 0003, 1.57788, 4.8529793
0xEEEE, 1482043, 0474, 0002, 1.18220, 4.8624399
0xEEEE, 1485162, 0475, 0002, 1.16850, 4.8598459
0xEEEE, 1488285, 0476, 0001, 0.78652, 4.8466468
0xEEEE, 1491402, 0477, 0001, 0.39971, 4.8526741
0xEEEE, 1494537, 0478, 0000, 0.39004, 4.8564889
0xEEEE, 1497660, 0479, 0000, 0.38520, 4.8541238
0xEEEE, 1500778, 0480, 0000, 0.01209, 4.8481727
0xEEEE, 1503902, 0481, 0000, 0.01370, 4.8592355
0xEEEE, 1507054, 0482, 0001, 0.01128, 4.8532082
0xEEEE, 1510153, 0483, 0001, 0.01209, 4.8474861
0xEEEE, 1513276, 0484, 0002, 0.39245, 4.8501564
0xEEEE, 1516413, 0485, 0002, 0.39245, 4.8628214
0xEEEE, 1519538, 0486, 0003, 0.78652, 4.8603037
0xEEEE, 1522670, 0487, 0003, 0.79619, 4.8416876
0xEEEE, 1525790, 0488, 0004, 1.18300, 4.8485542
0xEEEE, 1528914, 0489, 0004, 1.18139, 4.8526741
0xEEEE, 1532053, 0490, 0005, 1.57062, 4.8554208
0xEEEE, 1535162, 0491, 0005, 1.97275, 4.8476387
0xEEEE, 1538286, 0492, 0006, 1.97436, 4.8565652
0xEEEE, 1541411, 0493, 0006, 1.97275, 4.8490883
0xEEEE, 1544536, 0494, 0007, 2.36681, 4.8509957
0xEEEE, 1547668, 0495, 0007, 2.36037, 4.8501564
0xEEEE, 1550787, 0496, 0007, 2.55136, 4.8640421
0xEEEE, 1553911, 0497, 0007, 2.54894, 4.8531319
0xEEEE, 1557044, 0498, 0006, 2.53524, 4.8480964
0xEEEE, 1560151, 0499, 0006, 2.38374, 4.8548104
0xEEEE, 1563278, 0500, 0005, 2.36601, 4.8557259
0xEEEE, 1566402, 0501, 0005, 2.36440, 4.8484779
0xEEEE, 1569527, 0502, 0004, 1.97033, 4.8519112
0xEEEE, 1572659, 0503, 0004, 1.97114, 4.8561074
0xEEEE, 1575777, 0504, 0003, 1.56821, 4.8484016
0xEEEE, 1578913, 0505, 0003, 1.57707, 4.8400092
0xEEEE, 1582041, 0506, 0002, 1.18139, 4.8570230
0xEEEE, 1585163, 0507, 0002, 0.75187, 4.8570993
0xEEEE, 1588287, 0508, 0001, 0.78733, 4.8535897
0xEEEE, 1591413, 0509, 0001, 0.78813, 4.8413062
0xEEEE, 1594539, 0510, 0000, 0.39407, 4.8568704
0xEEEE, 1597671, 0511, 0000, 0.39245, 4.8587778
0xEEEE, 1600789, 0512, 0000, 0.01370, 4.8574044
0xEEEE, 1603907, 0513, 0000, 0.01128, 4.8472572
0xEEEE, 1607073, 0514, 0001, 0.01289, 4.8556497
0xEEEE, 1610162, 0515, 0001, 0.35700, 4.8511482
0xEEEE, 1613286, 0516, 0002, 0.39165, 4.8548104
0xEEEE, 1616420, 0517, 0002, 0.39165, 4.8516060
0xEEEE, 1619536, 0518, 0003, 0.78652, 4.8615244
0xEEEE, 1622668, 0519, 0003, 0.78974, 4.8508431
0xEEEE, 1625778, 0520, 0004, 1.18220, 4.8395514
0xEEEE, 1628902, 0521, 0004, 1.18220, 4.8593881
0xEEEE, 1632035, 0522, 0005, 1.57949, 4.8593118
0xEEEE, 1635151, 0523, 0005, 1.96952, 4.8469520
0xEEEE, 1638276, 0524, 0006, 1.97355, 4.8479438
0xEEEE, 1641401, 0525, 0006, 1.97114, 4.8566415
0xEEEE, 1644526, 0526, 0007, 2.36440, 4.8522164
0xEEEE, 1647664, 0527, 0007, 2.36681, 4.8480201
0xEEEE, 1650788, 0528, 0007, 2.54894, 4.8545815
0xEEEE, 1653913, 0529, 0007, 2.52315, 4.8569467
0xEEEE, 1657045, 0530, 0006, 2.53766, 4.8501564
0xEEEE, 1660164, 0531, 0006, 2.55619, 4.8477913
0xEEEE, 1663298, 0532, 0005, 2.36520, 4.8542000
0xEEEE, 1666413, 0533, 0005, 2.38293, 4.8582437
0xEEEE, 1669527, 0534, 0004, 1.97194, 4.8490883
0xEEEE, 1672668, 0535, 0004, 1.97114, 4.8454261
0xEEEE, 1675794, 0536, 0003, 1.57868, 4.8529030
0xEEEE, 1678912, 0537, 0003, 1.18220, 4.8502327
0xEEEE, 1682043, 0538, 0002, 1.18300, 4.8522164
0xEEEE, 1685161, 0539, 0002, 1.17817, 4.8510719
0xEEEE, 1688287, 0540, 0001, 0.83487, 4.8619821
0xEEEE, 1691401, 0541, 0001, 0.78813, 4.8451209
0xEEEE, 1694526, 0542, 0000, 0.39245, 4.8420691
0xEEEE, 1697659, 0543, 0000, 0.39165, 4.8580911
0xEEEE, 1700784, 0544, 0000, 0.01209, 4.8596933
0xEEEE, 1703902, 0545, 0000, 0.01209, 4.8507668
0xEEEE, 1707054, 0546, 0001, 0.01128, 4.8450446
0xEEEE, 1710153, 0547, 0001, 0.01209, 4.8578622
0xEEEE, 1713277, 0548, 0002, 0.42549, 4.8577096
0xEEEE, 1716413, 0549, 0002, 0.39165, 4.8491646
0xEEEE, 1719538, 0550, 0003, 0.78733, 4.8545815
0xEEEE, 1722681, 0551, 0003, 0.78652, 4.8543526
0xEEEE, 1725790, 0552, 0004, 1.20073, 4.8478676
0xEEEE, 1728914, 0553, 0004, 1.57707, 4.8451972
0xEEEE, 1732047, 0554, 0005, 1.57788, 4.8561837
0xEEEE, 1735152, 0555, 0005, 1.57788, 4.8587015
0xEEEE, 1738286, 0556, 0006, 1.97033, 4.8479438
0xEEEE, 1741411, 0557, 0006, 1.97114, 4.8502327
0xEEEE, 1744536, 0558, 0007, 2.32813, 4.8574044
0xEEEE, 1747677, 0559, 0007, 2.36440, 4.8613718
0xEEEE, 1750788, 0560, 0007, 2.54813, 4.8493935
0xEEEE, 1753911, 0561, 0007, 2.54894, 4.8551919
0xEEEE, 1757045, 0562, 0006, 2.54813, 4.8545052
0xEEEE, 1760160, 0563, 0006, 2.54894, 4.8563363
0xEEEE, 1763277, 0564, 0005, 2.36601, 4.8541238
0xEEEE, 1766402, 0565, 0005, 2.36440, 4.8599985
0xEEEE, 1769526, 0566, 0004, 1.97275, 4.8584726
0xEEEE, 1772659, 0567, 0004, 1.95744, 4.8439765
0xEEEE, 1775777, 0568, 0003, 1.57788, 4.8459602
0xEEEE, 1778902, 0569, 0003, 1.11531, 4.8555734
0xEEEE, 1782042, 0570, 0002, 1.18139, 4.8630503
0xEEEE, 1785163, 0571, 0002, 1.18542, 4.8472572
0xEEEE, 1788288, 0572, 0001, 0.82117, 4.8475624
0xEEEE, 1791413, 0573, 0001, 0.78733, 4.8577096
0xEEEE, 1794539, 0574, 0000, 0.39245, 4.8561837
0xEEEE, 1797671, 0575, 0000, 0.39165, 4.8506905
0xEEEE, 1800788, 0576, 0000, 0.01209, 4.8578622
0xEEEE, 1803909, 0577, 0000, 0.01209, 4.8541238
0xEEEE, 1807084, 0578, 0001, 0.01128, 4.8493935
0xEEEE, 1810162, 0579, 0001, 0.01209, 4.8425269
0xEEEE, 1813287, 0580, 0002, 0.40857, 4.8581674
0xEEEE, 1816412, 0581, 0002, 0.42469, 4.8493172
0xEEEE, 1819536, 0582, 0003, 0.78733, 4.8493935
0xEEEE, 1822668, 0583, 0003, 0.78733, 4.8516823
0xEEEE, 1825777, 0584, 0004, 1.18381, 4.8574044
0xEEEE, 1828902, 0585, 0004, 1.18220, 4.8522164
0xEEEE, 1832037, 0586, 0005, 1.57707, 4.8514534
0xEEEE, 1835152, 0587, 0005, 1.54484, 4.8594644
0xEEEE, 1838276, 0588, 0006, 1.97355, 4.8563363
0xEEEE, 1841401, 0589, 0006, 2.00015, 4.8596170
0xEEEE, 1844536, 0590, 0007, 2.36842, 4.8433661
0xEEEE, 1847665, 0591, 0007, 2.54733, 4.8603037
0xEEEE, 1850789, 0592, 0007, 2.54894, 4.8592355
0xEEEE, 1853913, 0593, 0007, 2.58198, 4.8477150
0xEEEE, 1857045, 0594, 0006, 2.54733, 4.8506142
0xEEEE, 1860163, 0595, 0006, 2.54894, 4.8548867
0xEEEE, 1863288, 0596, 0005, 2.36601, 4.8490883
0xEEEE, 1866413, 0597, 0005, 2.36601, 4.8452735
0xEEEE, 1869530, 0598, 0004, 1.97114, 4.8543526
0xEEEE, 1872668, 0599, 0004, 1.57385, 4.8602274
0xEEEE, 1875788, 0600, 0003, 1.57788, 4.8440528
0xEEEE, 1878912, 0601, 0003, 1.56901, 4.8468757
0xEEEE, 1882043, 0602, 0002, 1.17495, 4.8594644
0xEEEE, 1885161, 0603, 0002, 1.18300, 4.8572519
0xEEEE, 1888286, 0604, 0001, 0.79297, 4.8426795
0xEEEE, 1891421, 0605, 0001, 0.77524, 4.8422217
0xEEEE, 1894526, 0606, 0000, 0.39245, 4.8557259
0xEEEE, 1897659, 0607, 0000, 0.01209, 4.8554208
0xEEEE, 1900777, 0608, 0000, 0.01128, 4.8500801
0xEEEE, 1903901, 0609, 0000, 0.01209, 4.8510719
0xEEEE, 1907054, 0610, 0001, 0.01209, 4.8529793
0xEEEE, 1910153, 0611, 0001, 0.01209, 4.8494697
0xEEEE, 1913280, 0612, 0002, 0.39326, 4.8533608
0xEEEE, 1916413, 0613, 0002, 0.39729, 4.8581674
0xEEEE, 1919538, 0614, 0003, 0.83487, 4.8587778
0xEEEE, 1922670, 0615, 0003, 1.18139, 4.8432898
0xEEEE, 1925789, 0616, 0004, 1.18139, 4.8450446
0xEEEE, 1928922, 0617, 0004, 1.19993, 4.8585489
0xEEEE, 1932048, 0618, 0005, 1.57707, 4.8496223
0xEEEE, 1935152, 0619, 0005, 1.57868, 4.8383307
0xEEEE, 1938287, 0620, 0006, 1.97033, 4.8506142
0xEEEE, 1941411, 0621, 0006, 1.97516, 4.8562600
0xEEEE, 1944536, 0622, 0007, 2.36520, 4.8406958
0xEEEE, 1947668, 0623, 0007, 2.54974, 4.8446632
0xEEEE, 1950788, 0624, 0007, 2.55216, 4.8551919
0xEEEE, 1953910, 0625, 0007, 2.54894, 4.8561837
0xEEEE, 1957045, 0626, 0006, 2.54894, 4.8476387
0xEEEE, 1960152, 0627, 0006, 2.49414, 4.8425269
0xEEEE, 1963277, 0628, 0005, 2.36117, 4.8584726
0xEEEE, 1966401, 0629, 0005, 2.36440, 4.8561837
0xEEEE, 1969526, 0630, 0004, 1.93407, 4.8556497
0xEEEE, 1972659, 0631, 0004, 1.96872, 4.8509957
0xEEEE, 1975788, 0632, 0003, 1.57062, 4.8573281
0xEEEE, 1978902, 0633, 0003, 1.57465, 4.8523690
0xEEEE, 1982044, 0634, 0002, 1.21121, 4.8449683
0xEEEE, 1985163, 0635, 0002, 1.18139, 4.8560311
0xEEEE, 1988296, 0636, 0001, 0.78733, 4.8601511
0xEEEE, 1991414, 0637, 0001, 0.39568, 4.8449683
0xEEEE, 1994539, 0638, 0000, 0.40051, 4.8476387
0xEEEE, 1997671, 0639, 0000, 0.43758, 4.8570230
0xEEEE, 2000790, 0640, 0000, 0.01128, 4.8551156
0xEEEE, 2003911, 0641, 0000, 0.01209, 4.8533608
0xEEEE, 2007074, 0642, 0001, 0.01209, 4.8523690
0xEEEE, 2010162, 0643, 0001, 0.01128, 4.8590829
0xEEEE, 2013293, 0644, 0002, 0.39165, 4.8548867
0xEEEE, 2016411, 0645, 0002, 0.78410, 4.8498512
0xEEEE, 2019535, 0646, 0003, 0.78974, 4.8540475
0xEEEE, 2022668, 0647, 0003, 0.78813, 4.8570993
0xEEEE, 2025777, 0648, 0004, 1.18220, 4.8437476
0xEEEE, 2028901, 0649, 0004, 1.18220, 4.8444343
0xEEEE, 2032036, 0650, 0005, 1.57707, 4.8590066
0xEEEE, 2035151, 0651, 0005, 1.57788, 4.8572519
0xEEEE, 2038276, 0652, 0006, 1.97194, 4.8540475
0xEEEE, 2041401, 0653, 0006, 2.37568, 4.8463416
0xEEEE, 2044527, 0654, 0007, 2.36520, 4.8594644
0xEEEE, 2047667, 0655, 0007, 2.36520, 4.8528267
0xEEEE, 2050788, 0656, 0007, 2.54974, 4.8548867
0xEEEE, 2053913, 0657, 0007, 2.54974, 4.8517586
0xEEEE, 2057045, 0658, 0006, 2.54974, 4.8558785
0xEEEE, 2060172, 0659, 0006, 2.55538, 4.8551919
0xEEEE, 2063289, 0660, 0005, 2.36440, 4.8488594
0xEEEE, 2066413, 0661, 0005, 1.97194, 4.8615244
0xEEEE, 2069531, 0662, 0004, 1.98081, 4.8656443
0xEEEE, 2072688, 0663, 0004, 1.97275, 4.8451209
0xEEEE, 2075787, 0664, 0003, 1.58996, 4.8443580
0xEEEE, 2078912, 0665, 0003, 1.57707, 4.8567178
0xEEEE, 2082042, 0666, 0002, 1.18784, 4.8548104
0xEEEE, 2085161, 0667, 0002, 1.20879, 4.8542763
0xEEEE, 2088286, 0668, 0001, 0.78813, 4.8523690
0xEEEE, 2091401, 0669, 0001, 0.39407, 4.8548867
0xEEEE, 2094526, 0670, 0000, 0.39084, 4.8540475
0xEEEE, 2097659, 0671, 0000, 0.40777, 4.8512245
0xEEEE, 2100777, 0672, 0000, 0.01209, 4.8574044
0xEEEE, 2103902, 0673, 0000, 0.01209, 4.8551919
0xEEEE, 2107054, 0674, 0001, 0.01209, 4.8451972
0xEEEE, 2110153, 0675, 0001, 0.01128, 4.8469520
0xEEEE, 2113281, 0676, 0002, 0.39326, 4.8577096
0xEEEE, 2116413, 0677, 0002, 0.78894, 4.8547341
0xEEEE, 2119548, 0678, 0003, 0.78813, 4.8464179
0xEEEE, 2122670, 0679, 0003, 0.80344, 4.8495460
0xEEEE, 2125790, 0680, 0004, 1.18220, 4.8533608
0xEEEE, 2128914, 0681, 0004, 1.18220, 4.8512245
0xEEEE, 2132047, 0682, 0005, 1.53919, 4.8455787
0xEEEE, 2135153, 0683, 0005, 1.57788, 4.8527504
0xEEEE, 2138286, 0684, 0006, 1.98645, 4.8575570
0xEEEE, 2141411, 0685, 0006, 1.97114, 4.8459602
0xEEEE, 2144545, 0686, 0007, 2.37407, 4.8450446
0xEEEE, 2147668, 0687, 0007, 2.37568, 4.8587778
0xEEEE, 2150787, 0688, 0007, 2.54491, 4.8536660
0xEEEE, 2153911, 0689, 0007, 2.54894, 4.8490120
0xEEEE, 2157053, 0690, 0006, 2.57956, 4.8496986
0xEEEE, 2160152, 0691, 0006, 2.35875, 4.8549630
0xEEEE, 2163277, 0692, 0005, 2.36520, 4.8516060
0xEEEE, 2166401, 0693, 0005, 2.36440, 4.8525978
0xEEEE, 2169526, 0694, 0004, 1.97114, 4.8521401
0xEEEE, 2172659, 0695, 0004, 1.97194, 4.8599985
0xEEEE, 2175777, 0696, 0003, 1.57385, 4.8549630
0xEEEE, 2178903, 0697, 0003, 1.57626, 4.8465705
0xEEEE, 2182044, 0698, 0002, 1.18059, 4.8569467
0xEEEE, 2185163, 0699, 0002, 0.78894, 4.8564889
0xEEEE, 2188289, 0700, 0001, 0.78894, 4.8479438
0xEEEE, 2191413, 0701, 0001, 0.78813, 4.8529030
0xEEEE, 2194539, 0702, 0000, 0.39326, 4.8592355
0xEEEE, 2197671, 0703, 0000, 0.38923, 4.8554971
0xEEEE, 2200788, 0704, 0000, 0.01370, 4.8435187
0xEEEE, 2203933, 0705, 0000, 0.01209, 4.8560311
0xEEEE, 2207074, 0706, 0001, 0.01209, 4.8523690
0xEEEE, 2210162, 0707, 0001, 0.37473, 4.8486305
0xEEEE, 2213287, 0708, 0002, 0.43597, 4.8434424
0xEEEE, 2216411, 0709, 0002, 0.39326, 4.8564889
0xEEEE, 2219535, 0710, 0003, 0.78813, 4.8611429
0xEEEE, 2222668, 0711, 0003, 0.78813, 4.8403906
0xEEEE, 2225777, 0712, 0004, 1.15883, 4.8464942
0xEEEE, 2228902, 0713, 0004, 1.18139, 4.8583963
0xEEEE, 2232036, 0714, 0005, 1.58029, 4.8588540
0xEEEE, 2235151, 0715, 0005, 1.97114, 4.8450446
0xEEEE, 2238276, 0716, 0006, 1.96952, 4.8483253
0xEEEE, 2241411, 0717, 0006, 1.97114, 4.8587778
0xEEEE, 2244527, 0718, 0007, 2.36440, 4.8475624
0xEEEE, 2247668, 0719, 0007, 2.36601, 4.8458839
0xEEEE, 2250789, 0720, 0007, 2.55055, 4.8610666
0xEEEE, 2253913, 0721, 0007, 2.56505, 4.8583200
0xEEEE, 2257044, 0722, 0006, 2.54571, 4.8501564
0xEEEE, 2260163, 0723, 0006, 2.36520, 4.8517586
0xEEEE, 2263288, 0724, 0005, 2.36601, 4.8596170
0xEEEE, 2266413, 0725, 0005, 2.35311, 4.8519112
0xEEEE, 2269532, 0726, 0004, 1.97275, 4.8535897
0xEEEE, 2272668, 0727, 0004, 1.96066, 4.8457313
0xEEEE, 2275786, 0728, 0003, 1.57868, 4.8564889
0xEEEE, 2278912, 0729, 0003, 1.56982, 4.8513008
0xEEEE, 2282042, 0730, 0002, 1.18220, 4.8566415
0xEEEE, 2285161, 0731, 0002, 1.18139, 4.8551156
0xEEEE, 2288297, 0732, 0001, 0.79780, 4.8563363
0xEEEE, 2291401, 0733, 0001, 0.78813, 4.8516823
0xEEEE, 2294527, 0734, 0000, 0.39245, 4.8436713
0xEEEE, 2297659, 0735, 0000, 0.39245, 4.8587778
0xEEEE, 2300777, 0736, 0000, 0.01209, 4.8605325
0xEEEE, 2303902, 0737, 0000, 0.01209, 4.8457313
0xEEEE, 2307054, 0738, 0001, 0.01370, 4.8489357
0xEEEE, 2310153, 0739, 0001, 0.01209, 4.8543526
0xEEEE, 2313283, 0740, 0002, 0.40051, 4.8596933
0xEEEE, 2316413, 0741, 0002, 0.36505, 4.8481727
0xEEEE, 2319538, 0742, 0003, 0.78894, 4.8536660
0xEEEE, 2322670, 0743, 0003, 0.78813, 4.8570993
0xEEEE, 2325796, 0744, 0004, 1.18059, 4.8509957
0xEEEE, 2328913, 0745, 0004, 1.57788, 4.8431373
0xEEEE, 2332046, 0746, 0005, 1.57626, 4.8595407
0xEEEE, 2335154, 0747, 0005, 1.55048, 4.8619821
0xEEEE, 2338286, 0748, 0006, 1.97114, 4.8432898
0xEEEE, 2341411, 0749, 0006, 1.92440, 4.8449683
0xEEEE, 2344536, 0750, 0007, 2.35875, 4.8549630
0xEEEE, 2347668, 0751, 0007, 2.36440, 4.8566415
0xEEEE, 2350787, 0752, 0007, 2.55055, 4.8523690
0xEEEE, 2353911, 0753, 0007, 2.59810, 4.8527504
0xEEEE, 2357044, 0754, 0006, 2.54974, 4.8514534
0xEEEE, 2360151, 0755, 0006, 2.54894, 4.8542000
0xEEEE, 2363276, 0756, 0005, 2.36278, 4.8461128
0xEEEE, 2366402, 0757, 0005, 2.36359, 4.8545052
0xEEEE, 2369527, 0758, 0004, 1.97114, 4.8548104
0xEEEE, 2372670, 0759, 0004, 1.97033, 4.8461891
0xEEEE, 2375778, 0760, 0003, 1.57626, 4.8505379
0xEEEE, 2378905, 0761, 0003, 1.18300, 4.8562600
0xEEEE, 2382044, 0762, 0002, 1.18703, 4.8582437
0xEEEE, 2385171, 0763, 0002, 1.18300, 4.8553445
0xEEEE, 2388288, 0764, 0001, 0.78571, 4.8525216
0xEEEE, 2391414, 0765, 0001, 0.80425, 4.8539712
0xEEEE, 2394538, 0766, 0000, 0.39326, 4.8561837
0xEEEE, 2397671, 0767, 0000, 0.39165, 4.8524453
0xEEEE, 2400777, 0768, 0000, 0.01128, 4.8557259
0xEEEE, 2403911, 0769, 0000, 0.01128, 4.8562600
0xEEEE, 2407075, 0770, 0001, 0.01209, 4.8451209
0xEEEE, 2410168, 0771, 0001, 0.01209, 4.8515297
0xEEEE, 2413287, 0772, 0002, 0.39004, 4.8596933
0xEEEE, 2416411, 0773, 0002, 0.39084, 4.8590829
0xEEEE, 2419535, 0774, 0003, 0.72286, 4.8448920
0xEEEE, 2422669, 0775, 0003, 0.78733, 4.8532082
0xEEEE, 2425777, 0776, 0004, 1.18139, 4.8559548
0xEEEE, 2428902, 0777, 0004, 1.61333, 4.8471046
0xEEEE, 2432046, 0778, 0005, 1.57626, 4.8554208
0xEEEE, 2435151, 0779, 0005, 1.57385, 4.8553445
0xEEEE, 2438278, 0780, 0006, 1.97114, 4.8570993
0xEEEE, 2441402, 0781, 0006, 1.97194, 4.8486305
0xEEEE, 2444526, 0782, 0007, 2.36601, 4.8550393
0xEEEE, 2447670, 0783, 0007, 2.39824, 4.8570230
0xEEEE, 2450788, 0784, 0007, 2.55216, 4.8546578
0xEEEE, 2453913, 0785, 0007, 2.54491, 4.8501564
0xEEEE, 2457052, 0786, 0006, 2.55055, 4.8493935
0xEEEE, 2460164, 0787, 0006, 2.55055, 4.8562600
0xEEEE, 2463287, 0788, 0005, 2.38374, 4.8516823
0xEEEE, 2466413, 0789, 0005, 2.36440, 4.8493172
0xEEEE, 2469554, 0790, 0004, 1.97114, 4.8606088
0xEEEE, 2472668, 0791, 0004, 1.58190, 4.8587015
0xEEEE, 2475786, 0792, 0003, 1.54322, 4.8481727
0xEEEE, 2478911, 0793, 0003, 1.57546, 4.8492409
0xEEEE, 2482044, 0794, 0002, 1.17495, 4.8590829
0xEEEE, 2485160, 0795, 0002, 1.18220, 4.8549630
0xEEEE, 2488286, 0796, 0001, 0.78733, 4.8531319
0xEEEE, 2491401, 0797, 0001, 0.79055, 4.8497749
0xEEEE, 2494526, 0798, 0000, 0.39326, 4.8580911
0xEEEE, 2497660, 0799, 0000, 0.01209, 4.8588540
0xEEEE, 2500778, 0800, 0000, 0.01289, 4.8484779
0xEEEE, 2503901, 0801, 0000, 0.01128, 4.8534371
0xEEEE, 2507054, 0802, 0001, 0.01209, 4.8554971
0xEEEE, 2510153, 0803, 0001, 0.01451, 4.8503090
0xEEEE, 2513284, 0804, 0002, 0.39326, 4.8395514
0xEEEE, 2516423, 0805, 0002, 0.39165, 4.8542763
0xEEEE, 2519538, 0806, 0003, 0.78813, 4.8641947
0xEEEE, 2522670, 0807, 0003, 1.18220, 4.8501564
0xEEEE, 2525789, 0808, 0004, 1.18220, 4.8559548
0xEEEE, 2528913, 0809, 0004, 1.17817, 4.8590066
0xEEEE, 2532046, 0810, 0005, 1.59077, 4.8590829
0xEEEE, 2535156, 0811, 0005, 1.57788, 4.8434424
0xEEEE, 2538286, 0812, 0006, 1.97114, 4.8535897
0xEEEE, 2541411, 0813, 0006, 1.97194, 4.8559548
0xEEEE, 2544536, 0814, 0007, 2.36520, 4.8528267
0xEEEE, 2547669, 0815, 0007, 2.54974, 4.8525978
0xEEEE, 2550787, 0816, 0007, 2.55055, 4.8561074
0xEEEE, 2553919, 0817, 0007, 2.54813, 4.8573281
0xEEEE, 2557045, 0818, 0006, 2.54974, 4.8422217
0xEEEE, 2560151, 0819, 0006, 2.55055, 4.8488594
0xEEEE, 2563278, 0820, 0005, 2.36359, 4.8581674
0xEEEE, 2566402, 0821, 0005, 2.36520, 4.8657206
0xEEEE, 2569526, 0822, 0004, 1.96469, 4.8465705
0xEEEE, 2572659, 0823, 0004, 1.57546, 4.8458839
0xEEEE, 2575777, 0824, 0003, 1.57304, 4.8577096
0xEEEE, 2578907, 0825, 0003, 1.57788, 4.8535134
0xEEEE, 2582044, 0826, 0002, 1.19026, 4.8517586
0xEEEE, 2585163, 0827, 0002, 1.14513, 4.8583200
0xEEEE, 2588288, 0828, 0001, 0.78813, 4.8600748
0xEEEE, 2591414, 0829, 0001, 0.78813, 4.8561837
0xEEEE, 2594538, 0830, 0000, 0.39004, 4.8479438
0xEEEE, 2597671, 0831, 0000, 0.40374, 4.8587778
0xEEEE, 2600801, 0832, 0000, 0.01128, 4.8636606
0xEEEE, 2603911, 0833, 0000, 0.01209, 4.8559548
0xEEEE, 2607075, 0834, 0001, 0.01128, 4.8444343
0xEEEE, 2610162, 0835, 0001, 0.01209, 4.8552682
0xEEEE, 2613287, 0836, 0002, 0.39245, 4.8535134
0xEEEE, 2616412, 0837, 0002, 0.78894, 4.8477150
0xEEEE, 2619536, 0838, 0003, 0.78813, 4.8613718
0xEEEE, 2622668, 0839, 0003, 0.79458, 4.8528267
0xEEEE, 2625778, 0840, 0004, 1.18864, 4.8481727
0xEEEE, 2628902, 0841, 0004, 1.18220, 4.8482490
0xEEEE, 2632035, 0842, 0005, 1.59883, 4.8609140
0xEEEE, 2635152, 0843, 0005, 1.57707, 4.8651102
0xEEEE, 2638285, 0844, 0006, 1.98564, 4.8471809
0xEEEE, 2641401, 0845, 0006, 2.36278, 4.8438239
0xEEEE, 2644527, 0846, 0007, 2.32410, 4.8542763
0xEEEE, 2647670, 0847, 0007, 2.36681, 4.8544289
0xEEEE, 2650788, 0848, 0007, 2.54974, 4.8531319
0xEEEE, 2653913, 0849, 0007, 2.55055, 4.8471809
0xEEEE, 2657044, 0850, 0006, 2.49978, 4.8577096
0xEEEE, 2660164, 0851, 0006, 2.54974, 4.8503853
0xEEEE, 2663288, 0852, 0005, 2.36681, 4.8473335
0xEEEE, 2666402, 0853, 0005, 1.97194, 4.8538186
0xEEEE, 2669536, 0854, 0004, 1.97194, 4.8564889
0xEEEE, 2672668, 0855, 0004, 1.97114, 4.8507668
0xEEEE, 2675786, 0856, 0003, 1.57868, 4.8457313
0xEEEE, 2678912, 0857, 0003, 1.60286, 4.8571756
0xEEEE, 2682045, 0858, 0002, 1.18300, 4.8564126
0xEEEE, 2685172, 0859, 0002, 1.18220, 4.8493935
0xEEEE, 2688287, 0860, 0001, 0.83568, 4.8499275
0xEEEE, 2691402, 0861, 0001, 0.39165, 4.8587015
0xEEEE, 2694527, 0862, 0000, 0.39245, 4.8496986
0xEEEE, 2697668, 0863, 0000, 0.39084, 4.8517586
0xEEEE, 2700777, 0864, 0000, 0.01451, 4.8561074
0xEEEE, 2703902, 0865, 0000, 0.01209, 4.8651102
0xEEEE, 2707054, 0866, 0001, 0.01209, 4.8452735
0xEEEE, 2710153, 0867, 0001, 0.01209, 4.8464942
0xEEEE, 2713285, 0868, 0002, 0.37634, 4.8604562
0xEEEE, 2716413, 0869, 0002, 0.78733, 4.8603799
0xEEEE, 2719538, 0870, 0003, 0.78813, 4.8467994
0xEEEE, 2722678, 0871, 0003, 0.78813, 4.8495460
0xEEEE, 2725789, 0872, 0004, 1.19590, 4.8542763
0xEEEE, 2728913, 0873, 0004, 1.18300, 4.8487068
0xEEEE, 2732046, 0874, 0005, 1.57546, 4.8519112
0xEEEE, 2735158, 0875, 0005, 1.59238, 4.8538949
0xEEEE, 2738286, 0876, 0006, 1.97114, 4.8606851
0xEEEE, 2741411, 0877, 0006, 2.36278, 4.8555734
0xEEEE, 2744536, 0878, 0007, 2.36601, 4.8469520
0xEEEE, 2747670, 0879, 0007, 2.36440, 4.8587778
0xEEEE, 2750788, 0880, 0007, 2.54894, 4.8599985
0xEEEE, 2753911, 0881, 0007, 2.54330, 4.8475624
0xEEEE, 2757045, 0882, 0006, 2.55055, 4.8435950
0xEEEE, 2760151, 0883, 0006, 2.54894, 4.8554971
0xEEEE, 2763276, 0884, 0005, 2.39018, 4.8551156
0xEEEE, 2766401, 0885, 0005, 2.37245, 4.8493172
0xEEEE, 2769537, 0886, 0004, 1.97114, 4.8558785
0xEEEE, 2772659, 0887, 0004, 1.97436, 4.8606088
0xEEEE, 2775777, 0888, 0003, 1.57626, 4.8534371
0xEEEE, 2778908, 0889, 0003, 1.57465, 4.8522164
0xEEEE, 2782052, 0890, 0002, 1.18220, 4.8578622
0xEEEE, 2785163, 0891, 0002, 0.78652, 4.8690776
0xEEEE, 2788288, 0892, 0001, 0.79297, 4.8581674
0xEEEE, 2791414, 0893, 0001, 0.76476, 4.8486305
0xEEEE, 2794538, 0894, 0000, 0.39165, 4.8561837
0xEEEE, 2797670, 0895, 0000, 0.39326, 4.8619821
0xEEEE, 2800780, 0896, 0000, 0.01209, 4.8520638
0xEEEE, 2803911, 0897, 0000, 0.01209, 4.8467994
0xEEEE, 2807074, 0898, 0001, 0.01289, 4.8591592
0xEEEE, 2810162, 0899, 0001, 0.39245, 4.8535897
0xEEEE, 2813286, 0900, 0002, 0.39245, 4.8511482
0xEEEE, 2816412, 0901, 0002, 0.39729, 4.8539712
0xEEEE, 2819536, 0902, 0003, 0.80425, 4.8587778
0xEEEE, 2822669, 0903, 0003, 0.78733, 4.8400092
0xEEEE, 2825777, 0904, 0004, 1.18462, 4.8439002
0xEEEE, 2828913, 0905, 0004, 1.17656, 4.8551919
0xEEEE, 2832035, 0906, 0005, 1.57788, 4.8622110
0xEEEE, 2835151, 0907, 0005, 1.96388, 4.8496223
0xEEEE, 2838276, 0908, 0006, 1.97114, 4.8468757
0xEEEE, 2841401, 0909, 0006, 1.97114, 4.8574044
0xEEEE, 2844528, 0910, 0007, 2.36520, 4.8518349
0xEEEE, 2847670, 0911, 0007, 2.41033, 4.8501564
0xEEEE, 2850789, 0912, 0007, 2.52557, 4.8515297
0xEEEE, 2853922, 0913, 0007, 2.55055, 4.8599222
0xEEEE, 2857044, 0914, 0006, 2.54894, 4.8512245
0xEEEE, 2860164, 0915, 0006, 2.36440, 4.8420691
0xEEEE, 2863287, 0916, 0005, 2.36762, 4.8549630
0xEEEE, 2866422, 0917, 0005, 2.36440, 4.8509194
0xEEEE, 2869536, 0918, 0004, 1.97114, 4.8500801
0xEEEE, 2872669, 0919, 0004, 1.97194, 4.8447395
0xEEEE, 2875787, 0920, 0003, 1.57707, 4.8527504
0xEEEE, 2878912, 0921, 0003, 1.57626, 4.8638895
0xEEEE, 2882044, 0922, 0002, 1.17253, 4.8493935
0xEEEE, 2885160, 0923, 0002, 0.78652, 4.8522164
0xEEEE, 2888277, 0924, 0001, 0.78813, 4.8587778
0xEEEE, 2891402, 0925, 0001, 0.78733, 4.8515297
0xEEEE, 2894527, 0926, 0000, 0.37875, 4.8472572
0xEEEE, 2897659, 0927, 0000, 0.38601, 4.8568704
0xEEEE, 2900777, 0928, 0000, 0.01128, 4.8650340
0xEEEE, 2903902, 0929, 0000, 0.01451, 4.8515297
0xEEEE, 2907054, 0930, 0001, 0.01209, 4.8475624
0xEEEE, 2910153, 0931, 0001, 0.18374, 4.8533608
0xEEEE, 2913298, 0932, 0002, 0.39245, 4.8603799
0xEEEE, 2916413, 0933, 0002, 0.39326, 4.8501564
0xEEEE, 2919538, 0934, 0003, 0.79216, 4.8536660
0xEEEE, 2922670, 0935, 0003, 0.78410, 4.8551156
0xEEEE, 2925789, 0936, 0004, 1.18220, 4.8517586
0xEEEE, 2928913, 0937, 0004, 1.18300, 4.8506905
0xEEEE, 2932046, 0938, 0005, 1.57304, 4.8545815
0xEEEE, 2935158, 0939, 0005, 1.57949, 4.8641184
0xEEEE, 2938287, 0940, 0006, 1.95744, 4.8530556
0xEEEE, 2941411, 0941, 0006, 1.97033, 4.8434424
0xEEEE, 2944536, 0942, 0007, 2.36520, 4.8542763
0xEEEE, 2947669, 0943, 0007, 2.37084, 4.8586252
0xEEEE, 2950796, 0944, 0007, 2.55055, 4.8616770
0xEEEE, 2953911, 0945, 0007, 2.55055, 4.8518349
0xEEEE, 2957036, 0946, 0006, 2.57392, 4.8560311
0xEEEE, 2960151, 0947, 0006, 2.56586, 4.8542763
0xEEEE, 2963276, 0948, 0005, 2.36601, 4.8574044
0xEEEE, 2966401, 0949, 0005, 2.36440, 4.8551156
0xEEEE, 2969527, 0950, 0004, 1.97758, 4.8593881
0xEEEE, 2972659, 0951, 0004, 1.97114, 4.8501564
0xEEEE, 2975777, 0952, 0003, 1.58271, 4.8508431
0xEEEE, 2978910, 0953, 0003, 1.18139, 4.8481727
0xEEEE, 2982044, 0954, 0002, 1.18220, 4.8572519
0xEEEE, 2985163, 0955, 0002, 1.20557, 4.8493172
0xEEEE, 2988288, 0956, 0001, 0.78813, 4.8503090
0xEEEE, 2991413, 0957, 0001, 0.78894, 4.8532845
0xEEEE, 2994538, 0958, 0000, 0.39004, 4.8540475
0xEEEE, 2997682, 0959, 0000, 0.39004, 4.8448920
0xEEEE, 3000783, 0960, 0000, 0.01209, 4.8541238
0xEEEE, 3003912, 0961, 0000, 0.01209, 4.8606088
0xEEEE, 3007074, 0962, 0001, 0.01128, 4.8464179
0xEEEE, 3010162, 0963, 0001, 0.01128, 4.8468757
0xEEEE, 3013287, 0964, 0002, 0.39245, 4.8487068
0xEEEE, 3016411, 0965, 0002, 0.39326, 4.8670176
0xEEEE, 3019536, 0966, 0003, 0.78733, 4.8535897
0xEEEE, 3022668, 0967, 0003, 0.78813, 4.8515297
0xEEEE, 3025777, 0968, 0004, 1.20154, 4.8523690
0xEEEE, 3028902, 0969, 0004, 1.57707, 4.8574807
0xEEEE, 3032036, 0970, 0005, 1.57788, 4.8508431
0xEEEE, 3035160, 0971, 0005, 1.57788, 4.8532845
0xEEEE, 3038276, 0972, 0006, 1.97919, 4.8558022
0xEEEE, 3041401, 0973, 0006, 1.97194, 4.8517586
0xEEEE, 3044529, 0974, 0007, 2.35795, 4.8472572
0xEEEE, 3047670, 0975, 0007, 2.36440, 4.8593881
0xEEEE, 3050788, 0976, 0007, 2.54894, 4.8616770
0xEEEE, 3053914, 0977, 0007, 2.54974, 4.8560311
0xEEEE, 3057045, 0978, 0006, 2.54813, 4.8425269
0xEEEE, 3060163, 0979, 0006, 2.54974, 4.8506905
0xEEEE, 3063289, 0980, 0005, 2.36601, 4.8565652
0xEEEE, 3066402, 0981, 0005, 2.36923, 4.8593881
0xEEEE, 3069536, 0982, 0004, 1.97194, 4.8434424
0xEEEE, 3072668, 0983, 0004, 1.96308, 4.8539712
0xEEEE, 3075787, 0984, 0003, 1.57707, 4.8549630
0xEEEE, 3078912, 0985, 0003, 1.60689, 4.8487068
0xEEEE, 3082053, 0986, 0002, 1.18300, 4.8542000
0xEEEE, 3085161, 0987, 0002, 1.18059, 4.8612955
0xEEEE, 3088277, 0988, 0001, 0.79619, 4.8589303
0xEEEE, 3091401, 0989, 0001, 0.78813, 4.8467231
0xEEEE, 3094536, 0990, 0000, 0.39165, 4.8471809
0xEEEE, 3097660, 0991, 0000, 0.01209, 4.8633555
0xEEEE, 3100777, 0992, 0000, 0.01209, 4.8574044
0xEEEE, 3103902, 0993, 0000, 0.01370, 4.8496986
0xEEEE, 3107054, 0994, 0001, 0.01209, 4.8494697
0xEEEE, 3110153, 0995, 0001, 0.01128, 4.8582437
0xEEEE, 3113288, 0996, 0002, 0.38842, 4.8477150
0xEEEE, 3116413, 0997, 0002, 0.40857, 4.8609140
0xEEEE, 3119542, 0998, 0003, 0.78894, 4.8616007
0xEEEE, 3122670, 0999, 0003, 1.18139, 4.8526741
0xEEEE, 3125790, 1000, 0004, 1.18300, 4.8465705
0xEEEE, 3128913, 1001, 0004, 1.16286, 4.8488594
0xEEEE, 3132047, 1002, 0005, 1.57707, 4.8633555
0xEEEE, 3135161, 1003, 0005, 1.56982, 4.8610666
0xEEEE, 3138286, 1004, 0006, 1.97194, 4.8456550
0xEEEE, 3141422, 1005, 0006, 1.96630, 4.8523690
0xEEEE, 3144537, 1006, 0007, 2.36520, 4.8601511
0xEEEE, 3147669, 1007, 0007, 2.54974, 4.8473335
0xEEEE, 3150786, 1008, 0007, 2.54249, 4.8573281
0xEEEE, 3153911, 1009, 0007, 2.55055, 4.8570230
0xEEEE, 3157036, 1010, 0006, 2.54894, 4.8517586
0xEEEE, 3160151, 1011, 0006, 2.54894, 4.8415351
0xEEEE, 3163277, 1012, 0005, 2.37810, 4.8586252
0xEEEE, 3166412, 1013, 0005, 2.36520, 4.8583200
0xEEEE, 3169527, 1014, 0004, 1.97114, 4.8570993
0xEEEE, 3172659, 1015, 0004, 1.57143, 4.8512245
0xEEEE, 3175776, 1016, 0003, 1.61414, 4.8442054
0xEEEE, 3178921, 1017, 0003, 1.57465, 4.8592355
0xEEEE, 3182045, 1018, 0002, 1.15238, 4.8622110
0xEEEE, 3185163, 1019, 0002, 1.18220, 4.8483253
0xEEEE, 3188289, 1020, 0001, 0.78733, 4.8509957
0xEEEE, 3191414, 1021, 0001, 0.78491, 4.8596170
0xEEEE, 3194538, 1022, 0000, 0.37231, 4.8360418
0xEEEE, 3197670, 1023, 0000, 0.01209, 4.8529030
0xEEEE, 3200783, 1024, 0000, 0.01128, 4.8566415
0xEEEE, 3203911, 1025, 0000, 0.01209, 4.8576333
0xEEEE, 3207074, 1026, 0001, 0.01209, 4.8529793
0xEEEE, 3210162, 1027, 0001, 0.01128, 4.8458839
0xEEEE, 3213286, 1028, 0002, 0.39326, 4.8616007
0xEEEE, 3216411, 1029, 0002, 0.39084, 4.8561837
0xEEEE, 3219535, 1030, 0003, 0.78007, 4.8515297
0xEEEE, 3222668, 1031, 0003, 1.15722, 4.8496986
0xEEEE, 3225788, 1032, 0004, 1.18381, 4.8598459
0xEEEE, 3228902, 1033, 0004, 1.18462, 4.8519112
0xEEEE, 3232036, 1034, 0005, 1.57707, 4.8482490
0xEEEE, 3235151, 1035, 0005, 1.57707, 4.8599222
0xEEEE, 3238276, 1036, 0006, 1.95824, 4.8549630
0xEEEE, 3241401, 1037, 0006, 1.97114, 4.8514534
0xEEEE, 3244531, 1038, 0007, 2.36601, 4.8422217
0xEEEE, 3247670, 1039, 0007, 2.33377, 4.8602274
0xEEEE, 3250789, 1040, 0007, 2.54974, 4.8634318
0xEEEE, 3253914, 1041, 0007, 2.54894, 4.8490883
0xEEEE, 3257045, 1042, 0006, 2.55055, 4.8552682
0xEEEE, 3260163, 1043, 0006, 2.54813, 4.8580911
0xEEEE, 3263297, 1044, 0005, 2.36520, 4.8570993
0xEEEE, 3266403, 1045, 0005, 1.97275, 4.8525216
0xEEEE, 3269536, 1046, 0004, 1.97275, 4.8603037
0xEEEE, 3272668, 1047, 0004, 1.97114, 4.8582437
0xEEEE, 3275787, 1048, 0003, 1.57949, 4.8380255
0xEEEE, 3278912, 1049, 0003, 1.57788, 4.8476387
0xEEEE, 3282045, 1050, 0002, 1.18381, 4.8601511
0xEEEE, 3285161, 1051, 0002, 1.17817, 4.8544289
0xEEEE, 3288277, 1052, 0001, 0.78813, 4.8513771
0xEEEE, 3291401, 1053, 0001, 0.39326, 4.8493935
0xEEEE, 3294527, 1054, 0000, 0.39407, 4.8587778
0xEEEE, 3297659, 1055, 0000, 0.39165, 4.8504616
0xEEEE, 3300777, 1056, 0000, 0.01128, 4.8500801
0xEEEE, 3303902, 1057, 0000, 0.01289, 4.8550393
0xEEEE, 3307055, 1058, 0001, 0.01209, 4.8600748
0xEEEE, 3310165, 1059, 0001, 0.01209, 4.8467231
0xEEEE, 3313289, 1060, 0002, 0.40454, 4.8477913
0xEEEE, 3316413, 1061, 0002, 0.78733, 4.8614481
0xEEEE, 3319538, 1062, 0003, 0.78813, 4.8541238
0xEEEE, 3322670, 1063, 0003, 0.78813, 4.8436713
0xEEEE, 3325790, 1064, 0004, 1.14835, 4.8467231
0xEEEE, 3328913, 1065, 0004, 1.18220, 4.8554208
0xEEEE, 3332047, 1066, 0005, 1.57062, 4.8603799
0xEEEE, 3335161, 1067, 0005, 1.54967, 4.8542000
0xEEEE, 3338286, 1068, 0006, 1.97114, 4.8506142
0xEEEE, 3341411, 1069, 0006, 2.36520, 4.8548867
0xEEEE, 3344537, 1070, 0007, 2.37004, 4.8500038
0xEEEE, 3347676, 1071, 0007, 2.36601, 4.8439002
0xEEEE, 3350786, 1072, 0007, 2.54974, 4.8566415
0xEEEE, 3353911, 1073, 0007, 2.53766, 4.8563363
0xEEEE, 3357035, 1074, 0006, 2.55216, 4.8495460
0xEEEE, 3360151, 1075, 0006, 2.54974, 4.8468757
0xEEEE, 3363276, 1076, 0005, 2.36440, 4.8594644
0xEEEE, 3366402, 1077, 0005, 1.97275, 4.8567941
0xEEEE, 3369527, 1078, 0004, 1.97194, 4.8533608
0xEEEE, 3372659, 1079, 0004, 1.98886, 4.8535134
0xEEEE, 3375778, 1080, 0003, 1.57707, 4.8535897
0xEEEE, 3378913, 1081, 0003, 1.57385, 4.8550393
0xEEEE, 3382044, 1082, 0002, 1.18220, 4.8444343
0xEEEE, 3385163, 1083, 0002, 1.18139, 4.8558785
0xEEEE, 3388288, 1084, 0001, 0.78168, 4.8634318
0xEEEE, 3391414, 1085, 0001, 0.80828, 4.8488594
0xEEEE, 3394549, 1086, 0000, 0.39245, 4.8522927
0xEEEE, 3397671, 1087, 0000, 0.39245, 4.8593881
0xEEEE, 3400785, 1088, 0000, 0.01209, 4.8641947
0xEEEE, 3403911, 1089, 0000, 0.01209, 4.8516823
0xEEEE, 3407083, 1090, 0001, 0.01209, 4.8426032
0xEEEE, 3410162, 1091, 0001, 0.39326, 4.8596933
0xEEEE, 3413286, 1092, 0002, 0.38842, 4.8580911
0xEEEE, 3416411, 1093, 0002, 0.38278, 4.8457313
0xEEEE, 3419536, 1094, 0003, 0.82198, 4.8566415
0xEEEE, 3422659, 1095, 0003, 0.78733, 4.8610666
0xEEEE, 3425777, 1096, 0004, 1.18139, 4.8545052
0xEEEE, 3428902, 1097, 0004, 1.17333, 4.8480201
0xEEEE, 3432042, 1098, 0005, 1.57707, 4.8533608
0xEEEE, 3435151, 1099, 0005, 1.95663, 4.8626688
0xEEEE, 3438278, 1100, 0006, 1.97033, 4.8500801
0xEEEE, 3441401, 1101, 0006, 1.97033, 4.8483253
0xEEEE, 3444533, 1102, 0007, 2.36601, 4.8520638
0xEEEE, 3447670, 1103, 0007, 2.36601, 4.8640421
0xEEEE, 3450788, 1104, 0007, 2.57714, 4.8546578
0xEEEE, 3453914, 1105, 0007, 2.54974, 4.8557259
0xEEEE, 3457044, 1106, 0006, 2.54974, 4.8596170
0xEEEE, 3460163, 1107, 0006, 2.36520, 4.8558785
0xEEEE, 3463288, 1108, 0005, 2.36440, 4.8465705
0xEEEE, 3466405, 1109, 0005, 2.36440, 4.8507668
0xEEEE, 3469536, 1110, 0004, 1.96469, 4.8574044
0xEEEE, 3472668, 1111, 0004, 1.97114, 4.8522164
0xEEEE, 3475787, 1112, 0003, 1.57788, 4.8529793
0xEEEE, 3478921, 1113, 0003, 1.57707, 4.8580148
0xEEEE, 3482045, 1114, 0002, 1.17817, 4.8555734
0xEEEE, 3485161, 1115, 0002, 0.78813, 4.8500038
0xEEEE, 3488276, 1116, 0001, 0.78733, 4.8456550
0xEEEE, 3491410, 1117, 0001, 0.78652, 4.8558785
0xEEEE, 3494526, 1118, 0000, 0.39729, 4.8557259
0xEEEE, 3497659, 1119, 0000, 0.41341, 4.8445106
0xEEEE, 3500778, 1120, 0000, 0.01209, 4.8549630
0xEEEE, 3503902, 1121, 0000, 0.01451, 4.8571756
0xEEEE, 3507054, 1122, 0001, 0.01209, 4.8561837
0xEEEE, 3510156, 1123, 0001, 0.39326, 4.8491646
0xEEEE, 3513288, 1124, 0002, 0.39326, 4.8567178
0xEEEE, 3516413, 1125, 0002, 0.39326, 4.8630503
0xEEEE, 3519538, 1126, 0003, 0.78652, 4.8503090
0xEEEE, 3522670, 1127, 0003, 0.78491, 4.8473335
0xEEEE, 3525789, 1128, 0004, 1.18139, 4.8561837
0xEEEE, 3528913, 1129, 0004, 1.18220, 4.8518349
0xEEEE, 3532047, 1130, 0005, 1.55128, 4.8575570
0xEEEE, 3535161, 1131, 0005, 1.97516, 4.8538186
0xEEEE, 3538296, 1132, 0006, 1.97033, 4.8609140
0xEEEE, 3541411, 1133, 0006, 1.97355, 4.8528267
0xEEEE, 3544537, 1134, 0007, 2.36520, 4.8462654
0xEEEE, 3547669, 1135, 0007, 2.36117, 4.8614481
0xEEEE, 3550786, 1136, 0007, 2.54813, 4.8640421
0xEEEE, 3553902, 1137, 0007, 2.48205, 4.8532082
0xEEEE, 3557036, 1138, 0006, 2.52960, 4.8422217
0xEEEE, 3560152, 1139, 0006, 2.54007, 4.8558785
0xEEEE, 3563285, 1140, 0005, 2.36520, 4.8607614
0xEEEE, 3566401, 1141, 0005, 2.37487, 4.8486305
0xEEEE, 3569526, 1142, 0004, 1.97678, 4.8542000
0xEEEE, 3572659, 1143, 0004, 1.97194, 4.8570230
0xEEEE, 3575787, 1144, 0003, 1.57868, 4.8471809
0xEEEE, 3578913, 1145, 0003, 1.18139, 4.8453498
0xEEEE, 3582044, 1146, 0002, 1.18300, 4.8561837
0xEEEE, 3585163, 1147, 0002, 1.18462, 4.8586252
0xEEEE, 3588289, 1148, 0001, 0.75348, 4.8451209
0xEEEE, 3591413, 1149, 0001, 0.78894, 4.8451972
0xEEEE, 3594538, 1150, 0000, 0.39245, 4.8548104
0xEEEE, 3597671, 1151, 0000, 0.39326, 4.8538186
0xEEEE, 3600787, 1152, 0000, 0.01209, 4.8494697
0xEEEE, 3603911, 1153, 0000, 0.01209, 4.8479438
0xEEEE, 3607063, 1154, 0001, 0.01209, 4.8546578
0xEEEE, 3610162, 1155, 0001, 0.01209, 4.8576333
0xEEEE, 3613286, 1156, 0002, 0.39729, 4.8537423
0xEEEE, 3616410, 1157, 0002, 0.39165, 4.8513008
0xEEEE, 3619536, 1158, 0003, 0.78733, 4.8609140
0xEEEE, 3622679, 1159, 0003, 0.78733, 4.8509194
0xEEEE, 3625778, 1160, 0004, 1.16930, 4.8609140
0xEEEE, 3628902, 1161, 0004, 1.57788, 4.8576333
0xEEEE, 3632036, 1162, 0005, 1.57788, 4.8682383
0xEEEE, 3635151, 1163, 0005, 1.57707, 4.8521401
0xEEEE, 3638276, 1164, 0006, 1.97355, 4.8478676
0xEEEE, 3641401, 1165, 0006, 1.97355, 4.8544289
0xEEEE, 3644534, 1166, 0007, 2.36037, 4.8533608
0xEEEE, 3647670, 1167, 0007, 2.36601, 4.8537423
0xEEEE, 3650788, 1168, 0007, 2.54974, 4.8534371
0xEEEE, 3653914, 1169, 0007, 2.49011, 4.8597696
0xEEEE, 3657045, 1170, 0006, 2.55055, 4.8471046
0xEEEE, 3660172, 1171, 0006, 2.54974, 4.8386358
0xEEEE, 3663288, 1172, 0005, 2.36520, 4.8561837
0xEEEE, 3666406, 1173, 0005, 2.36520, 4.8619059
0xEEEE, 3669536, 1174, 0004, 1.97275, 4.8532845
0xEEEE, 3672668, 1175, 0004, 1.97194, 4.8444343
0xEEEE, 3675787, 1176, 0003, 1.57788, 4.8527504
0xEEEE, 3678912, 1177, 0003, 1.19509, 4.8572519
0xEEEE, 3682045, 1178, 0002, 1.18300, 4.8455024
0xEEEE, 3685161, 1179, 0002, 1.18300, 4.8467994
0xEEEE, 3688278, 1180, 0001, 0.79538, 4.8596933
0xEEEE, 3691402, 1181, 0001, 0.79619, 4.8518349
0xEEEE, 3694526, 1182, 0000, 0.39326, 4.8442054
0xEEEE, 3697660, 1183, 0000, 0.39165, 4.8553445
0xEEEE, 3700777, 1184, 0000, 0.01128, 4.8622873
0xEEEE, 3703902, 1185, 0000, 0.01128, 4.8505379
0xEEEE, 3707064, 1186, 0001, 0.01209, 4.8510719
0xEEEE, 3710158, 1187, 0001, 0.01209, 4.8514534
0xEEEE, 3713287, 1188, 0002, 0.38842, 4.8580911
0xEEEE, 3716413, 1189, 0002, 0.38762, 4.8590829
0xEEEE, 3719538, 1190, 0003, 0.79055, 4.8503853
0xEEEE, 3722670, 1191, 0003, 1.18381, 4.8554971
0xEEEE, 3725790, 1192, 0004, 1.18381, 4.8505379
0xEEEE, 3728913, 1193, 0004, 1.19267, 4.8522164
0xEEEE, 3732049, 1194, 0005, 1.57788, 4.8528267
0xEEEE, 3735161, 1195, 0005, 1.58352, 4.8638132
0xEEEE, 3738286, 1196, 0006, 1.97194, 4.8519875
0xEEEE, 3741411, 1197, 0006, 1.97275, 4.8477913
0xEEEE, 3744543, 1198, 0007, 2.36520, 4.8496986
0xEEEE, 3747669, 1199, 0007, 2.54974, 4.8628214
0xEEEE, 3750787, 1200, 0007, 2.55700, 4.8551919
0xEEEE, 3753902, 1201, 0007, 2.55377, 4.8489357
0xEEEE, 3757035, 1202, 0006, 2.54974, 4.8554208
0xEEEE, 3760152, 1203, 0006, 2.59487, 4.8522164
0xEEEE, 3763276, 1204, 0005, 2.35231, 4.8418402
0xEEEE, 3766401, 1205, 0005, 2.36681, 4.8542763
0xEEEE, 3769527, 1206, 0004, 2.02110, 4.8593881
0xEEEE, 3772659, 1207, 0004, 1.58029, 4.8605325
0xEEEE, 3775778, 1208, 0003, 1.55128, 4.8500801
0xEEEE, 3778913, 1209, 0003, 1.57707, 4.8499275
0xEEEE, 3782045, 1210, 0002, 1.18784, 4.8599222
0xEEEE, 3785163, 1211, 0002, 1.18139, 4.8480201
0xEEEE, 3788289, 1212, 0001, 0.78733, 4.8519875
0xEEEE, 3791424, 1213, 0001, 0.78974, 4.8477913
0xEEEE, 3794537, 1214, 0000, 0.39084, 4.8558022
0xEEEE, 3797671, 1215, 0000, 0.01370, 4.8481727
0xEEEE, 3800786, 1216, 0000, 0.01209, 4.8492409
0xEEEE, 3803919, 1217, 0000, 0.01209, 4.8599985
0xEEEE, 3807063, 1218, 0001, 0.01451, 4.8570993
0xEEEE, 3810161, 1219, 0001, 0.01128, 4.8561837
0xEEEE, 3813287, 1220, 0002, 0.39165, 4.8538949
0xEEEE, 3816410, 1221, 0002, 0.39245, 4.8619059
0xEEEE, 3819535, 1222, 0003, 0.78894, 4.8541238
0xEEEE, 3822659, 1223, 0003, 1.17495, 4.8422217
0xEEEE, 3825777, 1224, 0004, 1.18300, 4.8474861
0xEEEE, 3828905, 1225, 0004, 1.18381, 4.8590829
0xEEEE, 3832035, 1226, 0005, 1.58674, 4.8577859
0xEEEE, 3835152, 1227, 0005, 1.57707, 4.8525978
0xEEEE, 3838276, 1228, 0006, 2.00256, 4.8583200
0xEEEE, 3841402, 1229, 0006, 1.97194, 4.8525216
0xEEEE, 3844538, 1230, 0007, 2.36520, 4.8522164
0xEEEE, 3847670, 1231, 0007, 2.56989, 4.8467231
0xEEEE, 3850799, 1232, 0007, 2.54974, 4.8629740
0xEEEE, 3853913, 1233, 0007, 2.55055, 4.8597696
0xEEEE, 3857046, 1234, 0006, 2.54974, 4.8455024
0xEEEE, 3860163, 1235, 0006, 2.55216, 4.8480201
0xEEEE, 3863288, 1236, 0005, 2.36520, 4.8611429
0xEEEE, 3866409, 1237, 0005, 2.37004, 4.8582437
0xEEEE, 3869536, 1238, 0004, 1.97436, 4.8469520
0xEEEE, 3872668, 1239, 0004, 1.97275, 4.8542000
0xEEEE, 3875797, 1240, 0003, 1.57707, 4.8538186
0xEEEE, 3878912, 1241, 0003, 1.57707, 4.8477150
0xEEEE, 3882045, 1242, 0002, 1.18381, 4.8461128
0xEEEE, 3885161, 1243, 0002, 1.18220, 4.8625925
0xEEEE, 3888294, 1244, 0001, 0.83487, 4.8570230
0xEEEE, 3891401, 1245, 0001, 0.39245, 4.8458839
0xEEEE, 3894526, 1246, 0000, 0.39245, 4.8421454
0xEEEE, 3897659, 1247, 0000, 0.39326, 4.8639658
0xEEEE, 3900778, 1248, 0000, 0.01209, 4.8651102
0xEEEE, 3903902, 1249, 0000, 0.01128, 4.8464942
0xEEEE, 3907054, 1250, 0001, 0.01128, 4.8550393
0xEEEE, 3910159, 1251, 0001, 0.01209, 4.8600748
0xEEEE, 3913288, 1252, 0002, 0.40615, 4.8482490
0xEEEE, 3916413, 1253, 0002, 0.78652, 4.8496986
0xEEEE, 3919538, 1254, 0003, 0.78733, 4.8599985
0xEEEE, 3922671, 1255, 0003, 0.78652, 4.8577096
0xEEEE, 3925789, 1256, 0004, 1.18139, 4.8438239
0xEEEE, 3928913, 1257, 0004, 1.18300, 4.8446632
0xEEEE, 3932048, 1258, 0005, 1.57707, 4.8625162
0xEEEE, 3935182, 1259, 0005, 1.57385, 4.8570993
0xEEEE, 3938287, 1260, 0006, 1.97114, 4.8415351
0xEEEE, 3941411, 1261, 0006, 2.36520, 4.8544289
0xEEEE, 3944537, 1262, 0007, 2.36762, 4.8596933
0xEEEE, 3947669, 1263, 0007, 2.36681, 4.8516060
0xEEEE, 3950786, 1264, 0007, 2.57231, 4.8504616
0xEEEE, 3953902, 1265, 0007, 2.54007, 4.8574807
0xEEEE, 3957035, 1266, 0006, 2.55136, 4.8597696
0xEEEE, 3960152, 1267, 0006, 2.54974, 4.8492409
0xEEEE, 3963276, 1268, 0005, 2.39744, 4.8491646
0xEEEE, 3966402, 1269, 0005, 1.96872, 4.8609903
0xEEEE, 3969527, 1270, 0004, 1.97114, 4.8590829
0xEEEE, 3972668, 1271, 0004, 1.96469, 4.8432898
0xEEEE, 3975781, 1272, 0003, 1.57868, 4.8445106
0xEEEE, 3978913, 1273, 0003, 1.57465, 4.8616007
0xEEEE, 3982044, 1274, 0002, 1.18220, 4.8535897
0xEEEE, 3985163, 1275, 0002, 1.18220, 4.8469520
0xEEEE, 3988289, 1276, 0001, 0.78974, 4.8559548
0xEEEE, 3991414, 1277, 0001, 0.37392, 4.8582437
0xEEEE, 3994538, 1278, 0000, 0.37070, 4.8427558
0xEEEE, 3997671, 1279, 0000, 0.39245, 4.8450446
0xEEEE, 4000787, 1280, 0000, 0.01209, 4.8585489
0xEEEE, 4003912, 1281, 0000, 0.01209, 4.8575570
0xEEEE, 4007063, 1282, 0001, 0.01289, 4.8406195
0xEEEE, 4010162, 1283, 0001, 0.01289, 4.8484779
0xEEEE, 4013287, 1284, 0002, 0.39084, 4.8582437
0xEEEE, 4016410, 1285, 0002, 0.38923, 4.8599985
0xEEEE, 4019547, 1286, 0003, 0.79377, 4.8578622
0xEEEE, 4022659, 1287, 0003, 0.78733, 4.8525978
0xEEEE, 4025777, 1288, 0004, 1.18220, 4.8581674
0xEEEE, 4028902, 1289, 0004, 1.18542, 4.8469520
0xEEEE, 4032036, 1290, 0005, 1.57949, 4.8455787
0xEEEE, 4035151, 1291, 0005, 1.57868, 4.8576333
0xEEEE, 4038277, 1292, 0006, 1.98967, 4.8570993
0xEEEE, 4041402, 1293, 0006, 1.97114, 4.8374914
0xEEEE, 4044537, 1294, 0007, 2.36601, 4.8499275
0xEEEE, 4047670, 1295, 0007, 2.38938, 4.8564889
0xEEEE, 4050788, 1296, 0007, 2.54168, 4.8548104
0xEEEE, 4053914, 1297, 0007, 2.55055, 4.8574044
0xEEEE, 4057053, 1298, 0006, 2.54974, 4.8483253
0xEEEE, 4060162, 1299, 0006, 2.32249, 4.8562600
0xEEEE, 4063289, 1300, 0005, 2.36681, 4.8521401
0xEEEE, 4066411, 1301, 0005, 2.36762, 4.8506142
0xEEEE, 4069536, 1302, 0004, 1.97033, 4.8536660
0xEEEE, 4072668, 1303, 0004, 1.97194, 4.8620584
0xEEEE, 4075787, 1304, 0003, 1.56337, 4.8531319
0xEEEE, 4078911, 1305, 0003, 1.57788, 4.8449683
0xEEEE, 4082045, 1306, 0002, 1.18381, 4.8601511
0xEEEE, 4085161, 1307, 0002, 0.76154, 4.8600748
0xEEEE, 4088276, 1308, 0001, 0.78813, 4.8474098
0xEEEE, 4091401, 1309, 0001, 0.78813, 4.8471809
0xEEEE, 4094526, 1310, 0000, 0.39407, 4.8572519
0xEEEE, 4097659, 1311, 0000, 0.38923, 4.8619059
0xEEEE, 4100777, 1312, 0000, 0.01370, 4.8528267
0xEEEE, 4103913, 1313, 0000, 0.01128, 4.8554971
0xEEEE, 4107054, 1314, 0001, 0.01209, 4.8552682
0xEEEE, 4110161, 1315, 0001, 0.38520, 4.8521401
0xEEEE, 4113287, 1316, 0002, 0.39245, 4.8462654
0xEEEE, 4116421, 1317, 0002, 0.39245, 4.8543526
0xEEEE, 4119538, 1318, 0003, 0.78894, 4.8570993
0xEEEE, 4122672, 1319, 0003, 0.79136, 4.8485542
0xEEEE, 4125790, 1320, 0004, 1.19429, 4.8429847
0xEEEE, 4128913, 1321, 0004, 1.18220, 4.8561837
0xEEEE, 4132050, 1322, 0005, 1.58271, 4.8596933
0xEEEE, 4135161, 1323, 0005, 1.97194, 4.8484016
0xEEEE, 4138286, 1324, 0006, 1.96952, 4.8543526
0xEEEE, 4141417, 1325, 0006, 1.97275, 4.8559548
0xEEEE, 4144536, 1326, 0007, 2.36601, 4.8573281
0xEEEE, 4147668, 1327, 0007, 2.36440, 4.8451972
0xEEEE, 4150786, 1328, 0007, 2.54974, 4.8506142
0xEEEE, 4153902, 1329, 0007, 2.54249, 4.8619059
0xEEEE, 4157036, 1330, 0006, 2.55136, 4.8558022
0xEEEE, 4160151, 1331, 0006, 2.36440, 4.8388647
0xEEEE, 4163277, 1332, 0005, 2.32733, 4.8548104
0xEEEE, 4166401, 1333, 0005, 2.36037, 4.8624399
0xEEEE, 4169527, 1334, 0004, 1.97194, 4.8495460
0xEEEE, 4172659, 1335, 0004, 1.97436, 4.8484016
0xEEEE, 4175782, 1336, 0003, 1.57949, 4.8560311
0xEEEE, 4178913, 1337, 0003, 1.58110, 4.8584726
0xEEEE, 4182045, 1338, 0002, 1.18220, 4.8511482
0xEEEE, 4185163, 1339, 0002, 1.18381, 4.8529793
0xEEEE, 4188298, 1340, 0001, 0.78733, 4.8593118
0xEEEE, 4191414, 1341, 0001, 0.76396, 4.8574044
0xEEEE, 4194538, 1342, 0000, 0.39245, 4.8440528
0xEEEE, 4197671, 1343, 0000, 0.39165, 4.8492409
0xEEEE, 4200806, 1344, 0000, 0.01128, 4.8651102
0xEEEE, 4203911, 1345, 0000, 0.01128, 4.8503090
0xEEEE, 4207063, 1346, 0001, 0.01128, 4.8450446
0xEEEE, 4210161, 1347, 0001, 0.01209, 4.8508431
0xEEEE, 4213287, 1348, 0002, 0.39165, 4.8583200
0xEEEE, 4216411, 1349, 0002, 0.39648, 4.8537423
0xEEEE, 4219526, 1350, 0003, 0.83487, 4.8620584
0xEEEE, 4222659, 1351, 0003, 0.78652, 4.8595407
0xEEEE, 4225776, 1352, 0004, 1.18300, 4.8531319
0xEEEE, 4228902, 1353, 0004, 1.59238, 4.8558022
0xEEEE, 4232036, 1354, 0005, 1.57707, 4.8557259
0xEEEE, 4235152, 1355, 0005, 1.58190, 4.8631266
0xEEEE, 4238277, 1356, 0006, 1.97114, 4.8570993
0xEEEE, 4241402, 1357, 0006, 1.97194, 4.8476387
0xEEEE, 4244538, 1358, 0007, 2.36601, 4.8541238
0xEEEE, 4247681, 1359, 0007, 2.38696, 4.8609903
0xEEEE, 4250789, 1360, 0007, 2.55780, 4.8531319
0xEEEE, 4253914, 1361, 0007, 2.54813, 4.8501564
0xEEEE, 4257047, 1362, 0006, 2.55055, 4.8562600
0xEEEE, 4260162, 1363, 0006, 2.60051, 4.8592355
0xEEEE, 4263277, 1364, 0005, 2.36601, 4.8464942
0xEEEE, 4266411, 1365, 0005, 2.36601, 4.8525978
0xEEEE, 4269536, 1366, 0004, 1.99128, 4.8599222
0xEEEE, 4272674, 1367, 0004, 1.97194, 4.8568704
0xEEEE, 4275787, 1368, 0003, 1.56256, 4.8480964
0xEEEE, 4278911, 1369, 0003, 1.18300, 4.8551156
0xEEEE, 4282045, 1370, 0002, 1.18220, 4.8609140
0xEEEE, 4285169, 1371, 0002, 1.14593, 4.8521401
0xEEEE, 4288276, 1372, 0001, 0.78733, 4.8471046
0xEEEE, 4291402, 1373, 0001, 0.78733, 4.8520638
0xEEEE, 4294527, 1374, 0000, 0.39326, 4.8585489
0xEEEE, 4297659, 1375, 0000, 0.38762, 4.8510719
0xEEEE, 4300777, 1376, 0000, 0.01128, 4.8489357
0xEEEE, 4303902, 1377, 0000, 0.01209, 4.8616770
0xEEEE, 4307054, 1378, 0001, 0.01209, 4.8562600
0xEEEE, 4310163, 1379, 0001, 0.01209, 4.8431373
0xEEEE, 4313289, 1380, 0002, 0.39245, 4.8447395
0xEEEE, 4316413, 1381, 0002, 0.39326, 4.8632029
0xEEEE, 4319538, 1382, 0003, 0.78813, 4.8564889
0xEEEE, 4322671, 1383, 0003, 0.78894, 4.8427558
0xEEEE, 4325789, 1384, 0004, 1.20154, 4.8506142
0xEEEE, 4328913, 1385, 0004, 1.46505, 4.8568704
0xEEEE, 4332061, 1386, 0005, 1.57465, 4.8529030
0xEEEE, 4335161, 1387, 0005, 1.57626, 4.8516823
0xEEEE, 4338286, 1388, 0006, 1.98645, 4.8577096
0xEEEE, 4341411, 1389, 0006, 1.97114, 4.8579385
0xEEEE, 4344537, 1390, 0007, 2.37004, 4.8448157
0xEEEE, 4347670, 1391, 0007, 2.56344, 4.8516823
0xEEEE, 4350786, 1392, 0007, 2.54974, 4.8610666
0xEEEE, 4353902, 1393, 0007, 2.54974, 4.8492409
0xEEEE, 4357035, 1394, 0006, 2.54813, 4.8435950
0xEEEE, 4360151, 1395, 0006, 2.55136, 4.8464179
0xEEEE, 4363276, 1396, 0005, 2.36520, 4.8599222
0xEEEE, 4366401, 1397, 0005, 2.36520, 4.8548104
0xEEEE, 4369535, 1398, 0004, 1.97114, 4.8521401
0xEEEE, 4372659, 1399, 0004, 1.57788, 4.8561837
0xEEEE, 4375784, 1400, 0003, 1.57707, 4.8523690
0xEEEE, 4378914, 1401, 0003, 1.60850, 4.8555734
0xEEEE, 4382044, 1402, 0002, 1.18220, 4.8580911
0xEEEE, 4385163, 1403, 0002, 1.18381, 4.8610666
0xEEEE, 4388289, 1404, 0001, 0.80505, 4.8538949
0xEEEE, 4391413, 1405, 0001, 0.82117, 4.8433661
0xEEEE, 4394538, 1406, 0000, 0.39245, 4.8494697
0xEEEE, 4397673, 1407, 0000, 0.01209, 4.8624399
0xEEEE, 4400786, 1408, 0000, 0.01209, 4.8608377
0xEEEE, 4403911, 1409, 0000, 0.01128, 4.8554971
0xEEEE, 4407063, 1410, 0001, 0.01128, 4.8555734
0xEEEE, 4410161, 1411, 0001, 0.01128, 4.8564126
0xEEEE, 4413286, 1412, 0002, 0.38762, 4.8617533
0xEEEE, 4416422, 1413, 0002, 0.38762, 4.8551156
0xEEEE, 4419527, 1414, 0003, 0.83326, 4.8532082
0xEEEE, 4422659, 1415, 0003, 1.18220, 4.8558785
0xEEEE, 4425777, 1416, 0004, 1.18462, 4.8423743
0xEEEE, 4428902, 1417, 0004, 1.16527, 4.8561074
0xEEEE, 4432035, 1418, 0005, 1.57707, 4.8661784
0xEEEE, 4435152, 1419, 0005, 1.57949, 4.8642710
0xEEEE, 4438278, 1420, 0006, 1.97033, 4.8451209
0xEEEE, 4441404, 1421, 0006, 1.97114, 4.8445106
0xEEEE, 4444537, 1422, 0007, 2.36520, 4.8572519
0xEEEE, 4447670, 1423, 0007, 2.55055, 4.8523690
0xEEEE, 4450788, 1424, 0007, 2.54491, 4.8500801
0xEEEE, 4453920, 1425, 0007, 2.55458, 4.8604562
0xEEEE, 4457047, 1426, 0006, 2.54894, 4.8612192
0xEEEE, 4460163, 1427, 0006, 2.59810, 4.8484016
0xEEEE, 4463277, 1428, 0005, 2.37648, 4.8424506
0xEEEE, 4466411, 1429, 0005, 2.36601, 4.8576333
0xEEEE, 4469536, 1430, 0004, 1.95018, 4.8583200
0xEEEE, 4472668, 1431, 0004, 1.57626, 4.8420691
0xEEEE, 4475787, 1432, 0003, 1.60044, 4.8467994
0xEEEE, 4478911, 1433, 0003, 1.57868, 4.8565652
0xEEEE, 4482045, 1434, 0002, 1.15560, 4.8577096
0xEEEE, 4485151, 1435, 0002, 1.18300, 4.8505379
0xEEEE, 4488276, 1436, 0001, 0.78733, 4.8559548
0xEEEE, 4491402, 1437, 0001, 0.78733, 4.8590829
0xEEEE, 4494527, 1438, 0000, 0.38520, 4.8533608
0xEEEE, 4497660, 1439, 0000, 0.42066, 4.8442817
0xEEEE, 4500789, 1440, 0000, 0.01209, 4.8571756
0xEEEE, 4503902, 1441, 0000, 0.01209, 4.8611429
0xEEEE, 4507054, 1442, 0001, 0.01209, 4.8459602
0xEEEE, 4510164, 1443, 0001, 0.01209, 4.8450446
0xEEEE, 4513296, 1444, 0002, 0.39165, 4.8579385
0xEEEE, 4516413, 1445, 0002, 0.78894, 4.8612192
0xEEEE, 4519539, 1446, 0003, 0.78894, 4.8493172
0xEEEE, 4522671, 1447, 0003, 0.76960, 4.8484779
0xEEEE, 4525788, 1448, 0004, 1.18220, 4.8557259
0xEEEE, 4528913, 1449, 0004, 1.18300, 4.8535897
0xEEEE, 4532054, 1450, 0005, 1.52308, 4.8489357
0xEEEE, 4535161, 1451, 0005, 1.57707, 4.8582437
0xEEEE, 4538288, 1452, 0006, 1.94535, 4.8617533
0xEEEE, 4541411, 1453, 0006, 2.36601, 4.8445869
0xEEEE, 4544536, 1454, 0007, 2.38857, 4.8446632
0xEEEE, 4547669, 1455, 0007, 2.38132, 4.8569467
0xEEEE, 4550786, 1456, 0007, 2.54894, 4.8603799
0xEEEE, 4553901, 1457, 0007, 2.54974, 4.8490120
0xEEEE, 4557036, 1458, 0006, 2.55055, 4.8483253
0xEEEE, 4560151, 1459, 0006, 2.55136, 4.8564889
0xEEEE, 4563278, 1460, 0005, 2.36601, 4.8553445
0xEEEE, 4566401, 1461, 0005, 1.97194, 4.8502327
0xEEEE, 4569526, 1462, 0004, 1.97275, 4.8519112
0xEEEE, 4572659, 1463, 0004, 1.97275, 4.8605325
0xEEEE, 4575785, 1464, 0003, 1.57626, 4.8532845
0xEEEE, 4578913, 1465, 0003, 1.51421, 4.8483253
0xEEEE, 4582044, 1466, 0002, 1.18220, 4.8554208
0xEEEE, 4585171, 1467, 0002, 1.18381, 4.8567941
0xEEEE, 4588288, 1468, 0001, 0.83648, 4.8649577
0xEEEE, 4591413, 1469, 0001, 0.39165, 4.8513008
0xEEEE, 4594538, 1470, 0000, 0.39165, 4.8574807
0xEEEE, 4597684, 1471, 0000, 0.39326, 4.8607614
0xEEEE, 4600786, 1472, 0000, 0.01370, 4.8548104
0xEEEE, 4603912, 1473, 0000, 0.01209, 4.8502327
0xEEEE, 4607063, 1474, 0001, 0.01209, 4.8598459
0xEEEE, 4610161, 1475, 0001, 0.01209, 4.8509194
0xEEEE, 4613286, 1476, 0002, 0.39004, 4.8476387
0xEEEE, 4616411, 1477, 0002, 0.78813, 4.8512245
0xEEEE, 4619526, 1478, 0003, 0.78894, 4.8647288
0xEEEE, 4622659, 1479, 0003, 0.78652, 4.8488594
0xEEEE, 4625778, 1480, 0004, 1.20557, 4.8487831
0xEEEE, 4628902, 1481, 0004, 1.18300, 4.8568704
0xEEEE, 4632036, 1482, 0005, 1.57949, 4.8616770
0xEEEE, 4635151, 1483, 0005, 1.60044, 4.8511482
0xEEEE, 4638276, 1484, 0006, 1.97114, 4.8502327
0xEEEE, 4641405, 1485, 0006, 2.36359, 4.8584726
0xEEEE, 4644549, 1486, 0007, 2.36601, 4.8580911
0xEEEE, 4647670, 1487, 0007, 2.36681, 4.8504616
0xEEEE, 4650789, 1488, 0007, 2.54894, 4.8619059
0xEEEE, 4653914, 1489, 0007, 2.55055, 4.8627451
0xEEEE, 4657046, 1490, 0006, 2.54652, 4.8521401
0xEEEE, 4660163, 1491, 0006, 2.55055, 4.8464179
0xEEEE, 4663277, 1492, 0005, 2.32894, 4.8563363
0xEEEE, 4666411, 1493, 0005, 2.35956, 4.8619821
0xEEEE, 4669536, 1494, 0004, 1.97355, 4.8505379
0xEEEE, 4672668, 1495, 0004, 1.96952, 4.8432136
0xEEEE, 4675787, 1496, 0003, 1.57868, 4.8598459
0xEEEE, 4678912, 1497, 0003, 1.58110, 4.8596933
0xEEEE, 4682051, 1498, 0002, 1.18220, 4.8559548
0xEEEE, 4685151, 1499, 0002, 0.78652, 4.8509194
0xEEEE, 4688278, 1500, 0001, 0.79136, 4.8588540
0xEEEE, 4691401, 1501, 0001, 0.82117, 4.8589303
0xEEEE, 4694526, 1502, 0000, 0.39245, 4.8466468
0xEEEE, 4697659, 1503, 0000, 0.39245, 4.8508431
0xEEEE, 4700777, 1504, 0000, 0.01209, 4.8609903
0xEEEE, 4703902, 1505, 0000, 0.01209, 4.8530556
0xEEEE, 4707054, 1506, 0001, 0.01289, 4.8458076
0xEEEE, 4710164, 1507, 0001, 0.39326, 4.8522164
0xEEEE, 4713288, 1508, 0002, 0.39165, 4.8596170
0xEEEE, 4716413, 1509, 0002, 0.39890, 4.8534371
0xEEEE, 4719539, 1510, 0003, 0.80183, 4.8507668
0xEEEE, 4722671, 1511, 0003, 0.78894, 4.8585489
0xEEEE, 4725788, 1512, 0004, 1.18381, 4.8542763
0xEEEE, 4728924, 1513, 0004, 1.18300, 4.8439002
0xEEEE, 4732054, 1514, 0005, 1.57868, 4.8522164
0xEEEE, 4735161, 1515, 0005, 1.96388, 4.8647288
0xEEEE, 4738286, 1516, 0006, 1.97194, 4.8551919
0xEEEE, 4741412, 1517, 0006, 1.98322, 4.8516823
0xEEEE, 4744536, 1518, 0007, 2.36359, 4.8493172
0xEEEE, 4747669, 1519, 0007, 2.36762, 4.8635843
0xEEEE, 4750787, 1520, 0007, 2.52315, 4.8497749
0xEEEE, 4753902, 1521, 0007, 2.54974, 4.8506905
0xEEEE, 4757035, 1522, 0006, 2.55055, 4.8545052
0xEEEE, 4760151, 1523, 0006, 2.36520, 4.8565652
0xEEEE, 4763276, 1524, 0005, 2.36601, 4.8493172
0xEEEE, 4766410, 1525, 0005, 2.36601, 4.8555734
0xEEEE, 4769527, 1526, 0004, 1.97275, 4.8616770
0xEEEE, 4772659, 1527, 0004, 1.97275, 4.8548104
0xEEEE, 4775787, 1528, 0003, 1.57868, 4.8396277
0xEEEE, 4778913, 1529, 0003, 1.57868, 4.8493172
0xEEEE, 4782044, 1530, 0002, 1.18059, 4.8628977
0xEEEE, 4785163, 1531, 0002, 0.78733, 4.8584726
0xEEEE, 4788288, 1532, 0001, 0.78813, 4.8453498
0xEEEE, 4791413, 1533, 0001, 0.78813, 4.8500038
0xEEEE, 4794538, 1534, 0000, 0.39084, 4.8595407
0xEEEE, 4797676, 1535, 0000, 0.38681, 4.8448157
0xEEEE, 4800787, 1536, 0000, 0.01451, 4.8555734
0xEEEE, 4803912, 1537, 0000, 0.01128, 4.8588540
0xEEEE, 4807063, 1538, 0001, 0.01209, 4.8563363
0xEEEE, 4810161, 1539, 0001, 0.01209, 4.8503090
0xEEEE, 4813298, 1540, 0002, 0.39165, 4.8540475
0xEEEE, 4816410, 1541, 0002, 0.39326, 4.8635843
0xEEEE, 4819526, 1542, 0003, 0.78733, 4.8662547
0xEEEE, 4822659, 1543, 0003, 0.78330, 4.8561837
0xEEEE, 4825777, 1544, 0004, 1.18220, 4.8467994
0xEEEE, 4828902, 1545, 0004, 1.57868, 4.8593881
0xEEEE, 4832035, 1546, 0005, 1.58352, 4.8605325
0xEEEE, 4835151, 1547, 0005, 1.57788, 4.8483253
0xEEEE, 4838276, 1548, 0006, 1.97597, 4.8582437
0xEEEE, 4841407, 1549, 0006, 1.97194, 4.8615244
0xEEEE, 4844538, 1550, 0007, 2.36601, 4.8464942
0xEEEE, 4847670, 1551, 0007, 2.36681, 4.8511482
0xEEEE, 4850796, 1552, 0007, 2.55055, 4.8612955
0xEEEE, 4853914, 1553, 0007, 2.54974, 4.8583200
0xEEEE, 4857046, 1554, 0006, 2.54571, 4.8467994
0xEEEE, 4860163, 1555, 0006, 2.54894, 4.8480201
0xEEEE, 4863279, 1556, 0005, 2.32894, 4.8597696
0xEEEE, 4866411, 1557, 0005, 2.37407, 4.8549630
0xEEEE, 4869536, 1558, 0004, 1.97355, 4.8440528
0xEEEE, 4872679, 1559, 0004, 1.98725, 4.8585489
0xEEEE, 4875787, 1560, 0003, 1.57626, 4.8561074
0xEEEE, 4878912, 1561, 0003, 1.21604, 4.8464942
0xEEEE, 4882044, 1562, 0002, 1.18300, 4.8503090
0xEEEE, 4885152, 1563, 0002, 1.18139, 4.8618296
0xEEEE, 4888276, 1564, 0001, 0.78168, 4.8476387
0xEEEE, 4891401, 1565, 0001, 0.75429, 4.8525978
0xEEEE, 4894526, 1566, 0000, 0.39326, 4.8466468
0xEEEE, 4897670, 1567, 0000, 0.39165, 4.8586252
0xEEEE, 4900777, 1568, 0000, 0.01209, 4.8562600
0xEEEE, 4903902, 1569, 0000, 0.01451, 4.8495460
0xEEEE, 4907056, 1570, 0001, 0.01128, 4.8576333
0xEEEE, 4910172, 1571, 0001, 0.01128, 4.8539712
0xEEEE, 4913288, 1572, 0002, 0.39004, 4.8522164
0xEEEE, 4916413, 1573, 0002, 0.38681, 4.8514534
0xEEEE, 4919539, 1574, 0003, 0.83004, 4.8573281
0xEEEE, 4922671, 1575, 0003, 0.78813, 4.8584726
0xEEEE, 4925788, 1576, 0004, 1.18220, 4.8472572
0xEEEE, 4928902, 1577, 0004, 1.60044, 4.8487068
0xEEEE, 4932054, 1578, 0005, 1.57788, 4.8606088
0xEEEE, 4935162, 1579, 0005, 1.58110, 4.8564889
0xEEEE, 4938287, 1580, 0006, 1.97194, 4.8452735
0xEEEE, 4941412, 1581, 0006, 1.97194, 4.8492409
0xEEEE, 4944537, 1582, 0007, 2.36520, 4.8561837
0xEEEE, 4947669, 1583, 0007, 2.36278, 4.8549630
0xEEEE, 4950777, 1584, 0007, 2.55861, 4.8508431
0xEEEE, 4953902, 1585, 0007, 2.54733, 4.8547341
0xEEEE, 4957046, 1586, 0006, 2.54894, 4.8599222
0xEEEE, 4960151, 1587, 0006, 2.57231, 4.8487068
0xEEEE, 4963277, 1588, 0005, 2.35150, 4.8484016
0xEEEE, 4966402, 1589, 0005, 2.36520, 4.8592355
0xEEEE, 4969527, 1590, 0004, 1.93729, 4.8638895
0xEEEE, 4972659, 1591, 0004, 1.97275, 4.8452735
0xEEEE, 4975788, 1592, 0003, 1.56015, 4.8557259
0xEEEE, 4978913, 1593, 0003, 1.57707, 4.8587015
0xEEEE, 4982047, 1594, 0002, 1.18381, 4.8580148
0xEEEE, 4985164, 1595, 0002, 1.18139, 4.8524453
0xEEEE, 4988289, 1596, 0001, 0.78652, 4.8507668
0xEEEE, 4991413, 1597, 0001, 0.78733, 4.8575570
0xEEEE, 4994547, 1598, 0000, 0.39648, 4.8554971
0xEEEE, 4997678, 1599, 0000, 0.01451, 4.8478676
0xEEEE, 5000787, 1600, 0000, 0.01128, 4.8570230
0xEEEE, 5003911, 1601, 0000, 0.01209, 4.8616007
0xEEEE, 5007063, 1602, 0001, 0.01128, 4.8497749
0xEEEE, 5010162, 1603, 0001, 0.01128, 4.8476387
0xEEEE, 5013286, 1604, 0002, 0.39326, 4.8608377
0xEEEE, 5016410, 1605, 0002, 0.39326, 4.8537423
0xEEEE, 5019527, 1606, 0003, 0.78733, 4.8579385
0xEEEE, 5022659, 1607, 0003, 1.17414, 4.8529030
0xEEEE, 5025777, 1608, 0004, 1.18220, 4.8564889
0xEEEE, 5028901, 1609, 0004, 1.18139, 4.8474861
0xEEEE, 5032036, 1610, 0005, 1.57062, 4.8429084
0xEEEE, 5035151, 1611, 0005, 1.57788, 4.8627451
0xEEEE, 5038277, 1612, 0006, 1.94615, 4.8599985
0xEEEE, 5041420, 1613, 0006, 1.97275, 4.8512245
0xEEEE, 5044538, 1614, 0007, 2.41114, 4.8466468
0xEEEE, 5047670, 1615, 0007, 2.56667, 4.8558785
0xEEEE, 5050789, 1616, 0007, 2.54974, 4.8593118
0xEEEE, 5053914, 1617, 0007, 2.55055, 4.8538186
0xEEEE, 5057046, 1618, 0006, 2.55055, 4.8541238
0xEEEE, 5060163, 1619, 0006, 2.54894, 4.8580911
0xEEEE, 5063282, 1620, 0005, 2.36681, 4.8506905
0xEEEE, 5066411, 1621, 0005, 2.36117, 4.8522164
0xEEEE, 5069536, 1622, 0004, 1.97114, 4.8509957
0xEEEE, 5072668, 1623, 0004, 1.57707, 4.8608377
0xEEEE, 5075787, 1624, 0003, 1.57707, 4.8470283
0xEEEE, 5078920, 1625, 0003, 1.56901, 4.8411536
0xEEEE, 5082045, 1626, 0002, 1.18220, 4.8561074
0xEEEE, 5085151, 1627, 0002, 1.18300, 4.8613718
0xEEEE, 5088276, 1628, 0001, 0.76718, 4.8597696
0xEEEE, 5091401, 1629, 0001, 0.78652, 4.8460365
0xEEEE, 5094526, 1630, 0000, 0.39245, 4.8571756
0xEEEE, 5097660, 1631, 0000, 0.01209, 4.8608377
0xEEEE, 5100777, 1632, 0000, 0.01128, 4.8514534
0xEEEE, 5103902, 1633, 0000, 0.01209, 4.8528267
0xEEEE, 5107057, 1634, 0001, 0.01128, 4.8591592
0xEEEE, 5110164, 1635, 0001, 0.01209, 4.8516823
0xEEEE, 5113288, 1636, 0002, 0.39407, 4.8483253
0xEEEE, 5116413, 1637, 0002, 0.38681, 4.8558785
0xEEEE, 5119539, 1638, 0003, 0.78974, 4.8633555
0xEEEE, 5122671, 1639, 0003, 0.78813, 4.8663310
0xEEEE, 5125800, 1640, 0004, 1.18220, 4.8467994
0xEEEE, 5128902, 1641, 0004, 1.16205, 4.8566415
0xEEEE, 5132054, 1642, 0005, 1.57788, 4.8575570
0xEEEE, 5135161, 1643, 0005, 1.57143, 4.8525216
0xEEEE, 5138286, 1644, 0006, 1.97194, 4.8531319
0xEEEE, 5141412, 1645, 0006, 2.36601, 4.8549630
0xEEEE, 5144536, 1646, 0007, 2.36601, 4.8537423
0xEEEE, 5147668, 1647, 0007, 2.36359, 4.8489357
0xEEEE, 5150777, 1648, 0007, 2.54491, 4.8508431
0xEEEE, 5153902, 1649, 0007, 2.54813, 4.8612192
0xEEEE, 5157035, 1650, 0006, 2.55216, 4.8530556
0xEEEE, 5160151, 1651, 0006, 2.52476, 4.8437476
0xEEEE, 5163285, 1652, 0005, 2.36037, 4.8518349
0xEEEE, 5166402, 1653, 0005, 1.97033, 4.8608377
0xEEEE, 5169526, 1654, 0004, 1.97436, 4.8542763
0xEEEE, 5172659, 1655, 0004, 1.96952, 4.8507668
0xEEEE, 5175788, 1656, 0003, 1.59399, 4.8538186
0xEEEE, 5178913, 1657, 0003, 1.57707, 4.8551156
0xEEEE, 5182044, 1658, 0002, 1.20879, 4.8598459
0xEEEE, 5185164, 1659, 0002, 1.18300, 4.8535897
0xEEEE, 5188289, 1660, 0001, 0.78813, 4.8614481
0xEEEE, 5191413, 1661, 0001, 0.39648, 4.8582437
0xEEEE, 5194538, 1662, 0000, 0.38681, 4.8487068
0xEEEE, 5197679, 1663, 0000, 0.40374, 4.8545815
0xEEEE, 5200786, 1664, 0000, 0.01209, 4.8647288
0xEEEE, 5203911, 1665, 0000, 0.01209, 4.8561837
0xEEEE, 5207063, 1666, 0001, 0.01128, 4.8447395
0xEEEE, 5210172, 1667, 0001, 0.01209, 4.8572519
0xEEEE, 5213285, 1668, 0002, 0.39407, 4.8614481
0xEEEE, 5216411, 1669, 0002, 0.78813, 4.8576333
0xEEEE, 5219527, 1670, 0003, 0.78733, 4.8520638
0xEEEE, 5222668, 1671, 0003, 0.76073, 4.8583963
0xEEEE, 5225777, 1672, 0004, 1.18300, 4.8578622
0xEEEE, 5228902, 1673, 0004, 1.18381, 4.8507668
0xEEEE, 5232036, 1674, 0005, 1.51905, 4.8513771
0xEEEE, 5235151, 1675, 0005, 1.57707, 4.8628977
0xEEEE, 5238276, 1676, 0006, 1.99934, 4.8575570
0xEEEE, 5241410, 1677, 0006, 2.36762, 4.8525978
0xEEEE, 5244538, 1678, 0007, 2.39099, 4.8488594
0xEEEE, 5247671, 1679, 0007, 2.37245, 4.8599985
0xEEEE, 5250789, 1680, 0007, 2.54813, 4.8557259
0xEEEE, 5253914, 1681, 0007, 2.54894, 4.8485542
0xEEEE, 5257047, 1682, 0006, 2.55055, 4.8595407
0xEEEE, 5260163, 1683, 0006, 2.55136, 4.8620584
0xEEEE, 5263282, 1684, 0005, 2.36681, 4.8445869
0xEEEE, 5266411, 1685, 0005, 1.96952, 4.8576333
0xEEEE, 5269546, 1686, 0004, 1.97275, 4.8624399
0xEEEE, 5272668, 1687, 0004, 1.97114, 4.8586252
0xEEEE, 5275787, 1688, 0003, 1.58271, 4.8493172
0xEEEE, 5278911, 1689, 0003, 1.58190, 4.8570230
0xEEEE, 5282045, 1690, 0002, 1.18300, 4.8611429
0xEEEE, 5285151, 1691, 0002, 1.17817, 4.8534371
0xEEEE, 5288276, 1692, 0001, 0.80667, 4.8410773
0xEEEE, 5291401, 1693, 0001, 0.78813, 4.8525216
0xEEEE, 5294537, 1694, 0000, 0.39326, 4.8586252
0xEEEE, 5297660, 1695, 0000, 0.39245, 4.8500038
0xEEEE, 5300777, 1696, 0000, 0.01209, 4.8570993
0xEEEE, 5303902, 1697, 0000, 0.01128, 4.8604562
0xEEEE, 5307067, 1698, 0001, 0.01209, 4.8583200
0xEEEE, 5310164, 1699, 0001, 0.39890, 4.8432898
0xEEEE, 5313288, 1700, 0002, 0.40293, 4.8519112
0xEEEE, 5316413, 1701, 0002, 0.39245, 4.8647288
0xEEEE, 5319539, 1702, 0003, 0.78733, 4.8564889
0xEEEE, 5322671, 1703, 0003, 0.78733, 4.8496986
0xEEEE, 5325788, 1704, 0004, 1.19832, 4.8555734
0xEEEE, 5328905, 1705, 0004, 1.19267, 4.8587778
0xEEEE, 5332042, 1706, 0005, 1.57788, 4.8585489
0xEEEE, 5335161, 1707, 0005, 1.97194, 4.8516823
0xEEEE, 5338286, 1708, 0006, 1.97275, 4.8590066
0xEEEE, 5341412, 1709, 0006, 1.97194, 4.8561837
0xEEEE, 5344537, 1710, 0007, 2.36520, 4.8506142
0xEEEE, 5347668, 1711, 0007, 2.36520, 4.8503090
0xEEEE, 5350777, 1712, 0007, 2.55055, 4.8592355
0xEEEE, 5353912, 1713, 0007, 2.55216, 4.8644236
0xEEEE, 5357036, 1714, 0006, 2.54894, 4.8509194
0xEEEE, 5360152, 1715, 0006, 2.36601, 4.8500801
0xEEEE, 5363277, 1716, 0005, 2.38051, 4.8601511
0xEEEE, 5366401, 1717, 0005, 2.36359, 4.8552682
0xEEEE, 5369527, 1718, 0004, 2.00418, 4.8542763
0xEEEE, 5372661, 1719, 0004, 1.97436, 4.8512245
0xEEEE, 5375789, 1720, 0003, 1.57788, 4.8592355
0xEEEE, 5378913, 1721, 0003, 1.57868, 4.8593881
0xEEEE, 5382045, 1722, 0002, 1.19509, 4.8524453
0xEEEE, 5385164, 1723, 0002, 0.78894, 4.8623636
0xEEEE, 5388289, 1724, 0001, 0.78974, 4.8554971
0xEEEE, 5391422, 1725, 0001, 0.78088, 4.8478676
0xEEEE, 5394526, 1726, 0000, 0.39245, 4.8436713
0xEEEE, 5397680, 1727, 0000, 0.39165, 4.8593118
0xEEEE, 5400786, 1728, 0000, 0.01128, 4.8517586
0xEEEE, 5403911, 1729, 0000, 0.01209, 4.8408484
0xEEEE, 5407063, 1730, 0001, 0.01128, 4.8509957
0xEEEE, 5410162, 1731, 0001, 0.39487, 4.8560311
0xEEEE, 5413285, 1732, 0002, 0.39326, 4.8581674
0xEEEE, 5416402, 1733, 0002, 0.39487, 4.8584726
0xEEEE, 5419527, 1734, 0003, 0.79216, 4.8585489
0xEEEE, 5422659, 1735, 0003, 0.78733, 4.8616007
0xEEEE, 5425777, 1736, 0004, 1.18300, 4.8582437
0xEEEE, 5428902, 1737, 0004, 1.18462, 4.8476387
0xEEEE, 5432036, 1738, 0005, 1.57788, 4.8574044
0xEEEE, 5435151, 1739, 0005, 1.57465, 4.8589303
0xEEEE, 5438288, 1740, 0006, 1.97194, 4.8509957
0xEEEE, 5441413, 1741, 0006, 1.97194, 4.8453498
0xEEEE, 5444538, 1742, 0007, 2.36762, 4.8578622
0xEEEE, 5447670, 1743, 0007, 2.34344, 4.8588540
0xEEEE, 5450789, 1744, 0007, 2.56022, 4.8468757
0xEEEE, 5453914, 1745, 0007, 2.55055, 4.8516060
0xEEEE, 5457047, 1746, 0006, 2.55055, 4.8587778
0xEEEE, 5460162, 1747, 0006, 2.56586, 4.8445106
0xEEEE, 5463284, 1748, 0005, 2.36520, 4.8479438
0xEEEE, 5466411, 1749, 0005, 2.36520, 4.8590829
0xEEEE, 5469536, 1750, 0004, 1.95421, 4.8567178
0xEEEE, 5472668, 1751, 0004, 1.97275, 4.8512245
0xEEEE, 5475795, 1752, 0003, 1.56015, 4.8447395
0xEEEE, 5478911, 1753, 0003, 1.18381, 4.8590829
0xEEEE, 5482045, 1754, 0002, 1.18703, 4.8618296
0xEEEE, 5485152, 1755, 0002, 1.18381, 4.8572519
0xEEEE, 5488276, 1756, 0001, 0.78813, 4.8519875
0xEEEE, 5491401, 1757, 0001, 0.78974, 4.8599985
0xEEEE, 5494526, 1758, 0000, 0.39568, 4.8491646
0xEEEE, 5497659, 1759, 0000, 0.40051, 4.8468757
0xEEEE, 5500778, 1760, 0000, 0.01128, 4.8548104
0xEEEE, 5503902, 1761, 0000, 0.01209, 4.8622873
0xEEEE, 5507060, 1762, 0001, 0.01209, 4.8430610
0xEEEE, 5510164, 1763, 0001, 0.01209, 4.8393225
0xEEEE, 5513288, 1764, 0002, 0.39165, 4.8554208
0xEEEE, 5516413, 1765, 0002, 0.39326, 4.8623636
0xEEEE, 5519539, 1766, 0003, 0.78733, 4.8544289
0xEEEE, 5522682, 1767, 0003, 0.79055, 4.8478676
0xEEEE, 5525789, 1768, 0004, 1.20476, 4.8610666
0xEEEE, 5528906, 1769, 0004, 1.57788, 4.8511482
0xEEEE, 5532042, 1770, 0005, 1.57868, 4.8517586
0xEEEE, 5535169, 1771, 0005, 1.57868, 4.8564889
0xEEEE, 5538286, 1772, 0006, 1.97678, 4.8604562
0xEEEE, 5541412, 1773, 0006, 1.97114, 4.8472572
0xEEEE, 5544536, 1774, 0007, 2.38857, 4.8423743
0xEEEE, 5547668, 1775, 0007, 2.36601, 4.8563363
0xEEEE, 5550777, 1776, 0007, 2.54894, 4.8635843
0xEEEE, 5553902, 1777, 0007, 2.55055, 4.8543526
0xEEEE, 5557035, 1778, 0006, 2.55216, 4.8467994
0xEEEE, 5560160, 1779, 0006, 2.55055, 4.8554971
0xEEEE, 5563278, 1780, 0005, 2.36681, 4.8533608
0xEEEE, 5566401, 1781, 0005, 2.37165, 4.8575570
0xEEEE, 5569526, 1782, 0004, 1.97194, 4.8523690
0xEEEE, 5572662, 1783, 0004, 1.97194, 4.8596170
0xEEEE, 5575788, 1784, 0003, 1.57788, 4.8496223
0xEEEE, 5578913, 1785, 0003, 1.15077, 4.8439765
0xEEEE, 5582055, 1786, 0002, 1.18300, 4.8600748
0xEEEE, 5585164, 1787, 0002, 1.18542, 4.8610666
0xEEEE, 5588289, 1788, 0001, 0.77524, 4.8541238
0xEEEE, 5591413, 1789, 0001, 0.75509, 4.8454261
0xEEEE, 5594526, 1790, 0000, 0.39245, 4.8538949
0xEEEE, 5597679, 1791, 0000, 0.39245, 4.8635843
0xEEEE, 5600786, 1792, 0000, 0.01209, 4.8457313
0xEEEE, 5603912, 1793, 0000, 0.01289, 4.8491646
0xEEEE, 5607073, 1794, 0001, 0.01209, 4.8580148
0xEEEE, 5610162, 1795, 0001, 0.01209, 4.8474098
0xEEEE, 5613285, 1796, 0002, 0.39487, 4.8485542
0xEEEE, 5616402, 1797, 0002, 0.40212, 4.8510719
0xEEEE, 5619535, 1798, 0003, 0.79297, 4.8606851
0xEEEE, 5622660, 1799, 0003, 1.18139, 4.8551919
0xEEEE, 5625778, 1800, 0004, 1.18139, 4.8513771
0xEEEE, 5628901, 1801, 0004, 1.18864, 4.8557259
0xEEEE, 5632035, 1802, 0005, 1.57788, 4.8592355
0xEEEE, 5635152, 1803, 0005, 1.58190, 4.8502327
0xEEEE, 5638277, 1804, 0006, 1.97275, 4.8536660
0xEEEE, 5641413, 1805, 0006, 1.98081, 4.8540475
0xEEEE, 5644538, 1806, 0007, 2.36601, 4.8616007
0xEEEE, 5647670, 1807, 0007, 2.54974, 4.8398566
0xEEEE, 5650790, 1808, 0007, 2.54813, 4.8483253
0xEEEE, 5653913, 1809, 0007, 2.55216, 4.8605325
0xEEEE, 5657046, 1810, 0006, 2.55055, 4.8490883
0xEEEE, 5660163, 1811, 0006, 2.54974, 4.8491646
0xEEEE, 5663286, 1812, 0005, 2.35956, 4.8521401
0xEEEE, 5666421, 1813, 0005, 2.36681, 4.8599222
0xEEEE, 5669536, 1814, 0004, 2.01626, 4.8528267
0xEEEE, 5672668, 1815, 0004, 1.57868, 4.8467994
0xEEEE, 5675787, 1816, 0003, 1.60930, 4.8540475
0xEEEE, 5678911, 1817, 0003, 1.57868, 4.8581674
0xEEEE, 5682045, 1818, 0002, 1.18542, 4.8495460
0xEEEE, 5685151, 1819, 0002, 1.18300, 4.8455024
0xEEEE, 5688278, 1820, 0001, 0.79055, 4.8597696
0xEEEE, 5691405, 1821, 0001, 0.78813, 4.8614481
0xEEEE, 5694526, 1822, 0000, 0.39487, 4.8493935
0xEEEE, 5697659, 1823, 0000, 0.01209, 4.8524453
0xEEEE, 5700777, 1824, 0000, 0.01128, 4.8625925
0xEEEE, 5703911, 1825, 0000, 0.01128, 4.8587015
0xEEEE, 5707062, 1826, 0001, 0.01128, 4.8557259
0xEEEE, 5710164, 1827, 0001, 0.01128, 4.8486305
0xEEEE, 5713287, 1828, 0002, 0.39326, 4.8585489
0xEEEE, 5716413, 1829, 0002, 0.39245, 4.8529030
0xEEEE, 5719538, 1830, 0003, 0.78974, 4.8441291
0xEEEE, 5722672, 1831, 0003, 1.15641, 4.8556497
0xEEEE, 5725789, 1832, 0004, 1.18220, 4.8553445
0xEEEE, 5728907, 1833, 0004, 1.18381, 4.8509194
0xEEEE, 5732042, 1834, 0005, 1.57788, 4.8518349
0xEEEE, 5735161, 1835, 0005, 1.57788, 4.8613718
0xEEEE, 5738286, 1836, 0006, 1.93648, 4.8566415
0xEEEE, 5741411, 1837, 0006, 1.97194, 4.8494697
0xEEEE, 5744536, 1838, 0007, 2.36601, 4.8520638
0xEEEE, 5747668, 1839, 0007, 2.49172, 4.8608377
0xEEEE, 5750799, 1840, 0007, 2.55055, 4.8535134
0xEEEE, 5753902, 1841, 0007, 2.55136, 4.8555734
0xEEEE, 5757036, 1842, 0006, 2.55055, 4.8558785
0xEEEE, 5760151, 1843, 0006, 2.55216, 4.8580911
0xEEEE, 5763276, 1844, 0005, 2.36601, 4.8466468
0xEEEE, 5766401, 1845, 0005, 2.37245, 4.8480964
0xEEEE, 5769526, 1846, 0004, 1.97275, 4.8622873
0xEEEE, 5772664, 1847, 0004, 1.97275, 4.8636606
0xEEEE, 5775788, 1848, 0003, 1.57788, 4.8560311
0xEEEE, 5778913, 1849, 0003, 1.52952, 4.8461128
0xEEEE, 5782045, 1850, 0002, 1.18381, 4.8603037
0xEEEE, 5785164, 1851, 0002, 1.18220, 4.8547341
0xEEEE, 5788297, 1852, 0001, 0.83487, 4.8513008
0xEEEE, 5791413, 1853, 0001, 0.39245, 4.8493935
0xEEEE, 5794528, 1854, 0000, 0.39165, 4.8583200
0xEEEE, 5797668, 1855, 0000, 0.39165, 4.8582437
0xEEEE, 5800787, 1856, 0000, 0.01209, 4.8475624
0xEEEE, 5803912, 1857, 0000, 0.01048, 4.8551156
0xEEEE, 5807063, 1858, 0001, 0.01209, 4.8567941
0xEEEE, 5810162, 1859, 0001, 0.01128, 4.8532845
0xEEEE, 5813287, 1860, 0002, 0.39084, 4.8423743
0xEEEE, 5816402, 1861, 0002, 0.72608, 4.8609903
0xEEEE, 5819526, 1862, 0003, 0.78894, 4.8668650
0xEEEE, 5822659, 1863, 0003, 0.78733, 4.8470283
0xEEEE, 5825777, 1864, 0004, 1.18542, 4.8484016
0xEEEE, 5828901, 1865, 0004, 1.18381, 4.8588540
0xEEEE, 5832036, 1866, 0005, 1.57949, 4.8564126
0xEEEE, 5835163, 1867, 0005, 1.56740, 4.8543526
0xEEEE, 5838278, 1868, 0006, 1.97355, 4.8553445
0xEEEE, 5841413, 1869, 0006, 2.36520, 4.8578622
0xEEEE, 5844538, 1870, 0007, 2.36440, 4.8403143
0xEEEE, 5847679, 1871, 0007, 2.36601, 4.8453498
0xEEEE, 5850789, 1872, 0007, 2.54974, 4.8591592
0xEEEE, 5853914, 1873, 0007, 2.55538, 4.8649577
0xEEEE, 5857047, 1874, 0006, 2.54974, 4.8471809
0xEEEE, 5860151, 1875, 0006, 2.55377, 4.8467231
0xEEEE, 5863286, 1876, 0005, 2.37487, 4.8606088
0xEEEE, 5866411, 1877, 0005, 1.97678, 4.8614481
0xEEEE, 5869536, 1878, 0004, 2.00901, 4.8431373
0xEEEE, 5872675, 1879, 0004, 1.96711, 4.8537423
0xEEEE, 5875788, 1880, 0003, 1.57788, 4.8584726
0xEEEE, 5878911, 1881, 0003, 1.57707, 4.8467231
0xEEEE, 5882045, 1882, 0002, 1.16527, 4.8530556
0xEEEE, 5885151, 1883, 0002, 1.18381, 4.8589303
0xEEEE, 5888276, 1884, 0001, 0.78733, 4.8581674
0xEEEE, 5891401, 1885, 0001, 0.38520, 4.8406958
0xEEEE, 5894527, 1886, 0000, 0.39245, 4.8436713
0xEEEE, 5897659, 1887, 0000, 0.40696, 4.8611429
0xEEEE, 5900777, 1888, 0000, 0.01209, 4.8614481
0xEEEE, 5903902, 1889, 0000, 0.01128, 4.8506142
0xEEEE, 5907064, 1890, 0001, 0.01128, 4.8526741
0xEEEE, 5910164, 1891, 0001, 0.01209, 4.8610666
0xEEEE, 5913288, 1892, 0002, 0.39165, 4.8566415
0xEEEE, 5916413, 1893, 0002, 0.39245, 4.8567178
0xEEEE, 5919549, 1894, 0003, 0.79055, 4.8577096
0xEEEE, 5922670, 1895, 0003, 0.80828, 4.8587015
0xEEEE, 5925789, 1896, 0004, 1.18220, 4.8490120
0xEEEE, 5928909, 1897, 0004, 1.18300, 4.8481727
0xEEEE, 5932063, 1898, 0005, 1.61978, 4.8582437
0xEEEE, 5935161, 1899, 0005, 1.96952, 4.8603037
0xEEEE, 5938287, 1900, 0006, 1.98161, 4.8556497
0xEEEE, 5941412, 1901, 0006, 1.97275, 4.8502327
0xEEEE, 5944536, 1902, 0007, 2.40952, 4.8603037
0xEEEE, 5947668, 1903, 0007, 2.37648, 4.8496223
0xEEEE, 5950777, 1904, 0007, 2.54571, 4.8545815
0xEEEE, 5953902, 1905, 0007, 2.54974, 4.8573281
0xEEEE, 5957036, 1906, 0006, 2.55377, 4.8599985
0xEEEE, 5960152, 1907, 0006, 2.33780, 4.8533608
0xEEEE, 5963276, 1908, 0005, 2.36601, 4.8420691
0xEEEE, 5966401, 1909, 0005, 2.36681, 4.8589303
0xEEEE, 5969527, 1910, 0004, 1.97355, 4.8577096
0xEEEE, 5972666, 1911, 0004, 1.97355, 4.8381018
0xEEEE, 5975788, 1912, 0003, 1.58674, 4.8455024
0xEEEE, 5978924, 1913, 0003, 1.57868, 4.8573281
0xEEEE, 5982045, 1914, 0002, 1.18300, 4.8632029
0xEEEE, 5985164, 1915, 0002, 0.78007, 4.8494697
0xEEEE, 5988288, 1916, 0001, 0.79216, 4.8521401
0xEEEE, 5991413, 1917, 0001, 0.78733, 4.8599222
0xEEEE, 5994530, 1918, 0000, 0.39326, 4.8524453
0xEEEE, 5997668, 1919, 0000, 0.39165, 4.8496223
0xEEEE, 6000787, 1920, 0000, 0.01128, 4.8553445
0xEEEE, 6003921, 1921, 0000, 0.01209, 4.8600748
0xEEEE, 6007063, 1922, 0001, 0.01209, 4.8524453
0xEEEE, 6010162, 1923, 0001, 0.38037, 4.8524453
0xEEEE, 6013286, 1924, 0002, 0.39729, 4.8593118
0xEEEE, 6016419, 1925, 0002, 0.39245, 4.8591592
0xEEEE, 6019527, 1926, 0003, 0.78894, 4.8513008
0xEEEE, 6022659, 1927, 0003, 0.78652, 4.8511482
0xEEEE, 6025777, 1928, 0004, 1.19429, 4.8594644
0xEEEE, 6028902, 1929, 0004, 1.18220, 4.8551919
0xEEEE, 6032035, 1930, 0005, 1.57546, 4.8558022
0xEEEE, 6035152, 1931, 0005, 1.97194, 4.8526741
0xEEEE, 6038280, 1932, 0006, 1.97194, 4.8637369
0xEEEE, 6041412, 1933, 0006, 1.97114, 4.8483253
0xEEEE, 6044538, 1934, 0007, 2.38696, 4.8484779
0xEEEE, 6047670, 1935, 0007, 2.36601, 4.8536660
0xEEEE, 6050789, 1936, 0007, 2.54974, 4.8644236
0xEEEE, 6053914, 1937, 0007, 2.55136, 4.8512245
0xEEEE, 6057046, 1938, 0006, 2.55216, 4.8503090
0xEEEE, 6060152, 1939, 0006, 2.36440, 4.8568704
0xEEEE, 6063309, 1940, 0005, 2.35231, 4.8589303
0xEEEE, 6066411, 1941, 0005, 2.36681, 4.8543526
0xEEEE, 6069536, 1942, 0004, 1.97194, 4.8515297
0xEEEE, 6072668, 1943, 0004, 1.96791, 4.8598459
0xEEEE, 6075787, 1944, 0003, 1.57868, 4.8546578
0xEEEE, 6078911, 1945, 0003, 1.57788, 4.8470283
0xEEEE, 6082045, 1946, 0002, 1.11451, 4.8480964
0xEEEE, 6085151, 1947, 0002, 1.18300, 4.8622873
0xEEEE, 6088277, 1948, 0001, 0.78733, 4.8548104
0xEEEE, 6091402, 1949, 0001, 0.78894, 4.8424506
0xEEEE, 6094526, 1950, 0000, 0.39326, 4.8596933
0xEEEE, 6097659, 1951, 0000, 0.39245, 4.8626688
0xEEEE, 6100786, 1952, 0000, 0.01209, 4.8506142
0xEEEE, 6103902, 1953, 0000, 0.01209, 4.8487068
0xEEEE, 6107064, 1954, 0001, 0.01209, 4.8557259
0xEEEE, 6110164, 1955, 0001, 0.01209, 4.8525216
0xEEEE, 6113288, 1956, 0002, 0.39245, 4.8435950
0xEEEE, 6116414, 1957, 0002, 0.38923, 4.8514534
0xEEEE, 6119538, 1958, 0003, 0.80344, 4.8644236
0xEEEE, 6122671, 1959, 0003, 0.82601, 4.8548867
0xEEEE, 6125790, 1960, 0004, 1.18381, 4.8484016
0xEEEE, 6128911, 1961, 0004, 1.58835, 4.8508431
0xEEEE, 6132043, 1962, 0005, 1.57868, 4.8641184
0xEEEE, 6135161, 1963, 0005, 1.57949, 4.8619059
0xEEEE, 6138286, 1964, 0006, 2.00659, 4.8502327
0xEEEE, 6141411, 1965, 0006, 1.97516, 4.8534371
0xEEEE, 6144535, 1966, 0007, 2.36681, 4.8562600
0xEEEE, 6147680, 1967, 0007, 2.35473, 4.8492409
0xEEEE, 6150777, 1968, 0007, 2.55055, 4.8573281
0xEEEE, 6153902, 1969, 0007, 2.55216, 4.8605325
0xEEEE, 6157036, 1970, 0006, 2.55297, 4.8550393
0xEEEE, 6160151, 1971, 0006, 2.55538, 4.8449683
0xEEEE, 6163276, 1972, 0005, 2.37245, 4.8503090
0xEEEE, 6166401, 1973, 0005, 2.36601, 4.8594644
0xEEEE, 6169526, 1974, 0004, 1.98564, 4.8586252
0xEEEE, 6172667, 1975, 0004, 1.97275, 4.8498512
0xEEEE, 6175789, 1976, 0003, 1.56982, 4.8479438
0xEEEE, 6178913, 1977, 0003, 1.18300, 4.8583963
0xEEEE, 6182045, 1978, 0002, 1.18139, 4.8515297
0xEEEE, 6185172, 1979, 0002, 1.14755, 4.8474861
0xEEEE, 6188289, 1980, 0001, 0.78813, 4.8580148
0xEEEE, 6191413, 1981, 0001, 0.78894, 4.8587015
0xEEEE, 6194531, 1982, 0000, 0.39407, 4.8484016
0xEEEE, 6197668, 1983, 0000, 0.39729, 4.8444343
0xEEEE, 6200786, 1984, 0000, 0.01209, 4.8625162
0xEEEE, 6203912, 1985, 0000, 0.01209, 4.8534371
0xEEEE, 6207074, 1986, 0001, 0.01209, 4.8433661
0xEEEE, 6210162, 1987, 0001, 0.01209, 4.8441291
0xEEEE, 6213286, 1988, 0002, 0.39326, 4.8574807
0xEEEE, 6216401, 1989, 0002, 0.39407, 4.8570230
0xEEEE, 6219527, 1990, 0003, 0.78894, 4.8610666
0xEEEE, 6222659, 1991, 0003, 0.78974, 4.8548104
0xEEEE, 6225777, 1992, 0004, 1.21766, 4.8552682
0xEEEE, 6228902, 1993, 0004, 1.18220, 4.8542763
0xEEEE, 6232044, 1994, 0005, 1.58190, 4.8500801
0xEEEE, 6235152, 1995, 0005, 1.57788, 4.8634318
0xEEEE, 6238281, 1996, 0006, 1.98645, 4.8568704
0xEEEE, 6241412, 1997, 0006, 1.97275, 4.8496223
0xEEEE, 6244546, 1998, 0007, 2.36601, 4.8442817
0xEEEE, 6247670, 1999, 0007, 2.53604, 4.8596170
0xEEEE, 6250789, 2000, 0007, 2.55055, 4.8603799
0xEEEE, 6253914, 2001, 0007, 2.55055, 4.8503090
0xEEEE, 6257046, 2002, 0006, 2.54733, 4.8505379
0xEEEE, 6260153, 2003, 0006, 2.55216, 4.8596933
0xEEEE, 6263286, 2004, 0005, 2.36440, 4.8516823
0xEEEE, 6266411, 2005, 0005, 2.37729, 4.8505379
0xEEEE, 6269542, 2006, 0004, 1.97114, 4.8603799
0xEEEE, 6272668, 2007, 0004, 1.57868, 4.8627451
0xEEEE, 6275787, 2008, 0003, 1.57788, 4.8476387
0xEEEE, 6278911, 2009, 0003, 1.60608, 4.8432136
0xEEEE, 6282045, 2010, 0002, 1.18300, 4.8592355
0xEEEE, 6285151, 2011, 0002, 1.18059, 4.8583200
0xEEEE, 6288277, 2012, 0001, 0.80103, 4.8466468
0xEEEE, 6291402, 2013, 0001, 0.78813, 4.8487831
0xEEEE, 6294526, 2014, 0000, 0.39326, 4.8580911
0xEEEE, 6297659, 2015, 0000, 0.01209, 4.8498512
0xEEEE, 6300777, 2016, 0000, 0.01209, 4.8447395
0xEEEE, 6303904, 2017, 0000, 0.01289, 4.8556497
0xEEEE, 6307064, 2018, 0001, 0.01209, 4.8581674
0xEEEE, 6310164, 2019, 0001, 0.01209, 4.8471809
0xEEEE, 6313289, 2020, 0002, 0.40454, 4.8530556
0xEEEE, 6316422, 2021, 0002, 0.39487, 4.8577096
0xEEEE, 6319539, 2022, 0003, 0.78733, 4.8611429
0xEEEE, 6322671, 2023, 0003, 1.18381, 4.8439765
0xEEEE, 6325777, 2024, 0004, 1.18542, 4.8483253
0xEEEE, 6328931, 2025, 0004, 1.22330, 4.8614481
0xEEEE, 6332043, 2026, 0005, 1.57626, 4.8599222
0xEEEE, 6335161, 2027, 0005, 1.58674, 4.8514534
0xEEEE, 6338287, 2028, 0006, 1.97194, 4.8526741
0xEEEE, 6341411, 2029, 0006, 1.97033, 4.8586252
0xEEEE, 6344535, 2030, 0007, 2.36601, 4.8451972
0xEEEE, 6347668, 2031, 0007, 2.55055, 4.8481727
0xEEEE, 6350777, 2032, 0007, 2.56103, 4.8594644
0xEEEE, 6353901, 2033, 0007, 2.54652, 4.8542000
0xEEEE, 6357035, 2034, 0006, 2.55055, 4.8502327
0xEEEE, 6360152, 2035, 0006, 2.55297, 4.8481727
0xEEEE, 6363276, 2036, 0005, 2.35070, 4.8617533
0xEEEE, 6366401, 2037, 0005, 2.36601, 4.8607614
0xEEEE, 6369527, 2038, 0004, 1.97114, 4.8575570
0xEEEE, 6372669, 2039, 0004, 1.56982, 4.8490120
0xEEEE, 6375800, 2040, 0003, 1.56337, 4.8593881
0xEEEE, 6378913, 2041, 0003, 1.57707, 4.8476387
0xEEEE, 6382045, 2042, 0002, 1.20234, 4.8513008
0xEEEE, 6385164, 2043, 0002, 1.18220, 4.8545815
0xEEEE, 6388287, 2044, 0001, 0.78813, 4.8596933
0xEEEE, 6391413, 2045, 0001, 0.78894, 4.8540475
0xEEEE, 6394533, 2046, 0000, 0.38359, 4.8470283
0xEEEE, 6397668, 2047, 0000, 0.37553, 4.8577859
0xEEEE, 6400790, 2048, 0000, 0.01209, 4.8616770
0xEEEE, 6403911, 2049, 0000, 0.01209, 4.8503090
0xEEEE, 6407063, 2050, 0001, 0.01209, 4.8508431
0xEEEE, 6410162, 2051, 0001, 0.01209, 4.8534371
0xEEEE, 6413294, 2052, 0002, 0.39165, 4.8530556
0xEEEE, 6416401, 2053, 0002, 0.78733, 4.8564889
0xEEEE, 6419526, 2054, 0003, 0.79055, 4.8532082
0xEEEE, 6422659, 2055, 0003, 0.80908, 4.8593118
0xEEEE, 6425778, 2056, 0004, 1.18300, 4.8551156
0xEEEE, 6428902, 2057, 0004, 1.18381, 4.8478676
0xEEEE, 6432036, 2058, 0005, 1.57143, 4.8563363
0xEEEE, 6435151, 2059, 0005, 1.57788, 4.8615244
0xEEEE, 6438284, 2060, 0006, 1.97194, 4.8567178
0xEEEE, 6441412, 2061, 0006, 2.36440, 4.8448920
0xEEEE, 6444538, 2062, 0007, 2.39824, 4.8567178
0xEEEE, 6447670, 2063, 0007, 2.37890, 4.8583200
0xEEEE, 6450789, 2064, 0007, 2.55055, 4.8486305
0xEEEE, 6453913, 2065, 0007, 2.55055, 4.8473335
0xEEEE, 6457046, 2066, 0006, 2.54974, 4.8566415
0xEEEE, 6460176, 2067, 0006, 2.55136, 4.8546578
0xEEEE, 6463286, 2068, 0005, 2.36520, 4.8487068
0xEEEE, 6466411, 2069, 0005, 1.97194, 4.8546578
0xEEEE, 6469536, 2070, 0004, 1.97275, 4.8648814
0xEEEE, 6472668, 2071, 0004, 1.97194, 4.8568704
0xEEEE, 6475787, 2072, 0003, 1.58513, 4.8432136
0xEEEE, 6478911, 2073, 0003, 1.57788, 4.8589303
0xEEEE, 6482045, 2074, 0002, 1.18220, 4.8609140
0xEEEE, 6485152, 2075, 0002, 1.18703, 4.8519112
0xEEEE, 6488277, 2076, 0001, 0.79055, 4.8561837
0xEEEE, 6491401, 2077, 0001, 0.39326, 4.8557259
0xEEEE, 6494527, 2078, 0000, 0.39245, 4.8532845
0xEEEE, 6497668, 2079, 0000, 0.39245, 4.8508431
0xEEEE, 6500778, 2080, 0000, 0.01370, 4.8533608
0xEEEE, 6503905, 2081, 0000, 0.01128, 4.8622110
0xEEEE, 6507065, 2082, 0001, 0.01209, 4.8534371
0xEEEE, 6510164, 2083, 0001, 0.01209, 4.8479438
0xEEEE, 6513288, 2084, 0002, 0.39326, 4.8534371
0xEEEE, 6516414, 2085, 0002, 0.78813, 4.8575570
0xEEEE, 6519539, 2086, 0003, 0.78894, 4.8510719
0xEEEE, 6522670, 2087, 0003, 0.78652, 4.8471046
0xEEEE, 6525777, 2088, 0004, 1.18059, 4.8529793
0xEEEE, 6528911, 2089, 0004, 1.22249, 4.8565652
0xEEEE, 6532043, 2090, 0005, 1.57707, 4.8591592
0xEEEE, 6535161, 2091, 0005, 1.56901, 4.8500801
0xEEEE, 6538287, 2092, 0006, 1.97355, 4.8582437
0xEEEE, 6541411, 2093, 0006, 1.97194, 4.8546578
0xEEEE, 6544547, 2094, 0007, 2.36681, 4.8491646
0xEEEE, 6547669, 2095, 0007, 2.36520, 4.8503090
0xEEEE, 6550777, 2096, 0007, 2.54974, 4.8612192
0xEEEE, 6553902, 2097, 0007, 2.54894, 4.8606088
0xEEEE, 6557044, 2098, 0006, 2.55055, 4.8478676
0xEEEE, 6560151, 2099, 0006, 2.36601, 4.8454261
0xEEEE, 6563278, 2100, 0005, 2.35553, 4.8628214
0xEEEE, 6566402, 2101, 0005, 2.36601, 4.8548867
0xEEEE, 6569527, 2102, 0004, 2.00337, 4.8558022
0xEEEE, 6572670, 2103, 0004, 1.97436, 4.8593881
0xEEEE, 6575788, 2104, 0003, 1.57788, 4.8565652
0xEEEE, 6578913, 2105, 0003, 1.57626, 4.8582437
0xEEEE, 6582051, 2106, 0002, 1.16125, 4.8567178
0xEEEE, 6585164, 2107, 0002, 0.78813, 4.8652628
0xEEEE, 6588287, 2108, 0001, 0.78894, 4.8599985
0xEEEE, 6591413, 2109, 0001, 0.78491, 4.8346685
0xEEEE, 6594536, 2110, 0000, 0.40777, 4.8453498
0xEEEE, 6597668, 2111, 0000, 0.33443, 4.8624399
0xEEEE, 6600787, 2112, 0000, 0.01209, 4.8541238
0xEEEE, 6603911, 2113, 0000, 0.01209, 4.8506905
0xEEEE, 6607062, 2114, 0001, 0.01209, 4.8520638
0xEEEE, 6610162, 2115, 0001, 0.39245, 4.8579385
0xEEEE, 6613286, 2116, 0002, 0.39245, 4.8564889
0xEEEE, 6616401, 2117, 0002, 0.39245, 4.8494697
0xEEEE, 6619526, 2118, 0003, 0.78733, 4.8585489
0xEEEE, 6622659, 2119, 0003, 0.79216, 4.8644236
0xEEEE, 6625778, 2120, 0004, 1.18300, 4.8479438
0xEEEE, 6628912, 2121, 0004, 1.18381, 4.8471046
0xEEEE, 6632036, 2122, 0005, 1.54645, 4.8601511
0xEEEE, 6635151, 2123, 0005, 1.97033, 4.8613718
0xEEEE, 6638285, 2124, 0006, 1.97275, 4.8590066
0xEEEE, 6641421, 2125, 0006, 1.97194, 4.8525978
0xEEEE, 6644538, 2126, 0007, 2.36601, 4.8573281
0xEEEE, 6647670, 2127, 0007, 2.36520, 4.8545052
0xEEEE, 6650789, 2128, 0007, 2.55055, 4.8521401
0xEEEE, 6653913, 2129, 0007, 2.55136, 4.8560311
0xEEEE, 6657047, 2130, 0006, 2.60051, 4.8580911
0xEEEE, 6660156, 2131, 0006, 2.36923, 4.8515297
0xEEEE, 6663286, 2132, 0005, 2.36520, 4.8422980
0xEEEE, 6666411, 2133, 0005, 2.36681, 4.8604562
0xEEEE, 6669536, 2134, 0004, 1.96952, 4.8584726
0xEEEE, 6672669, 2135, 0004, 1.97114, 4.8403906
0xEEEE, 6675787, 2136, 0003, 1.57223, 4.8488594
0xEEEE, 6678911, 2137, 0003, 1.53839, 4.8594644
0xEEEE, 6682044, 2138, 0002, 1.18059, 4.8616770
0xEEEE, 6685152, 2139, 0002, 0.77282, 4.8501564
0xEEEE, 6688278, 2140, 0001, 0.79861, 4.8527504
0xEEEE, 6691402, 2141, 0001, 0.78733, 4.8570230
0xEEEE, 6694526, 2142, 0000, 0.39326, 4.8503090
0xEEEE, 6697659, 2143, 0000, 0.39407, 4.8469520
0xEEEE, 6700777, 2144, 0000, 0.01209, 4.8575570
0xEEEE, 6703906, 2145, 0000, 0.01209, 4.8616770
0xEEEE, 6707065, 2146, 0001, 0.01209, 4.8513771
0xEEEE, 6710164, 2147, 0001, 0.01128, 4.8483253
0xEEEE, 6713296, 2148, 0002, 0.41018, 4.8545052
0xEEEE, 6716414, 2149, 0002, 0.39245, 4.8646525
0xEEEE, 6719539, 2150, 0003, 0.78733, 4.8496986
0xEEEE, 6722670, 2151, 0003, 0.78733, 4.8479438
0xEEEE, 6725799, 2152, 0004, 1.19348, 4.8582437
0xEEEE, 6728912, 2153, 0004, 1.57788, 4.8569467
0xEEEE, 6732043, 2154, 0005, 1.57868, 4.8520638
0xEEEE, 6735161, 2155, 0005, 1.57788, 4.8596933
0xEEEE, 6738287, 2156, 0006, 1.97275, 4.8593118
0xEEEE, 6741412, 2157, 0006, 1.97194, 4.8554971
0xEEEE, 6744536, 2158, 0007, 2.37165, 4.8520638
0xEEEE, 6747668, 2159, 0007, 2.36681, 4.8589303
0xEEEE, 6750778, 2160, 0007, 2.54974, 4.8603037
0xEEEE, 6753902, 2161, 0007, 2.55055, 4.8582437
0xEEEE, 6757036, 2162, 0006, 2.54974, 4.8448920
0xEEEE, 6760151, 2163, 0006, 2.55055, 4.8557259
0xEEEE, 6763277, 2164, 0005, 2.36117, 4.8570230
0xEEEE, 6766402, 2165, 0005, 2.36520, 4.8532082
0xEEEE, 6769527, 2166, 0004, 1.97355, 4.8548867
0xEEEE, 6772681, 2167, 0004, 1.96952, 4.8612192
0xEEEE, 6775788, 2168, 0003, 1.57788, 4.8484779
0xEEEE, 6778913, 2169, 0003, 1.17253, 4.8432136
0xEEEE, 6782044, 2170, 0002, 1.14835, 4.8551156
0xEEEE, 6785164, 2171, 0002, 1.18220, 4.8580911
0xEEEE, 6788288, 2172, 0001, 0.78733, 4.8564126
0xEEEE, 6791401, 2173, 0001, 0.77524, 4.8464179
0xEEEE, 6794536, 2174, 0000, 0.33443, 4.8548867
0xEEEE, 6797669, 2175, 0000, 0.39245, 4.8573281
0xEEEE, 6800786, 2176, 0000, 0.01289, 4.8510719
0xEEEE, 6803912, 2177, 0000, 0.01128, 4.8518349
0xEEEE, 6807063, 2178, 0001, 0.01209, 4.8593881
0xEEEE, 6810170, 2179, 0001, 0.01128, 4.8516823
0xEEEE, 6813287, 2180, 0002, 0.39245, 4.8487068
0xEEEE, 6816402, 2181, 0002, 0.39487, 4.8515297
0xEEEE, 6819527, 2182, 0003, 0.79377, 4.8638895
0xEEEE, 6822659, 2183, 0003, 0.78330, 4.8426032
0xEEEE, 6825777, 2184, 0004, 1.18381, 4.8530556
0xEEEE, 6828902, 2185, 0004, 1.57868, 4.8548104
0xEEEE, 6832035, 2186, 0005, 1.56176, 4.8596933
0xEEEE, 6835151, 2187, 0005, 1.57868, 4.8521401
0xEEEE, 6838286, 2188, 0006, 1.97194, 4.8513771
0xEEEE, 6841413, 2189, 0006, 1.97194, 4.8561837
0xEEEE, 6844538, 2190, 0007, 2.36601, 4.8582437
0xEEEE, 6847670, 2191, 0007, 2.37165, 4.8628214
0xEEEE, 6850789, 2192, 0007, 2.55136, 4.8532082
0xEEEE, 6853913, 2193, 0007, 2.54974, 4.8605325
0xEEEE, 6857055, 2194, 0006, 2.52396, 4.8580911
0xEEEE, 6860158, 2195, 0006, 2.54410, 4.8455787
0xEEEE, 6863286, 2196, 0005, 2.36842, 4.8480964
0xEEEE, 6866411, 2197, 0005, 2.35392, 4.8602274
0xEEEE, 6869536, 2198, 0004, 1.96630, 4.8619821
0xEEEE, 6872669, 2199, 0004, 1.57788, 4.8514534
0xEEEE, 6875788, 2200, 0003, 1.57949, 4.8554208
0xEEEE, 6878911, 2201, 0003, 1.57788, 4.8613718
0xEEEE, 6882045, 2202, 0002, 1.18300, 4.8508431
0xEEEE, 6885152, 2203, 0002, 1.19429, 4.8515297
0xEEEE, 6888276, 2204, 0001, 0.78813, 4.8596933
0xEEEE, 6891401, 2205, 0001, 0.78894, 4.8554208
0xEEEE, 6894535, 2206, 0000, 0.39165, 4.8480964
0xEEEE, 6897659, 2207, 0000, 0.01209, 4.8493172
0xEEEE, 6900777, 2208, 0000, 0.01128, 4.8610666
0xEEEE, 6903909, 2209, 0000, 0.01209, 4.8528267
0xEEEE, 6907064, 2210, 0001, 0.01370, 4.8483253
0xEEEE, 6910164, 2211, 0001, 0.01209, 4.8518349
0xEEEE, 6913288, 2212, 0002, 0.39648, 4.8595407
0xEEEE, 6916414, 2213, 0002, 0.39245, 4.8532845
0xEEEE, 6919538, 2214, 0003, 0.78813, 4.8516823
0xEEEE, 6922670, 2215, 0003, 1.18059, 4.8609140
0xEEEE, 6925780, 2216, 0004, 1.19348, 4.8549630
0xEEEE, 6928911, 2217, 0004, 1.18220, 4.8458076
0xEEEE, 6932043, 2218, 0005, 1.57868, 4.8564126
0xEEEE, 6935161, 2219, 0005, 1.52549, 4.8629740
0xEEEE, 6938287, 2220, 0006, 1.97436, 4.8651865
0xEEEE, 6941421, 2221, 0006, 1.94857, 4.8500801
0xEEEE, 6944536, 2222, 0007, 2.35634, 4.8511482
0xEEEE, 6947668, 2223, 0007, 2.54894, 4.8588540
0xEEEE, 6950777, 2224, 0007, 2.55136, 4.8574044
0xEEEE, 6953910, 2225, 0007, 2.57231, 4.8510719
0xEEEE, 6957036, 2226, 0006, 2.55538, 4.8532082
0xEEEE, 6960152, 2227, 0006, 2.55055, 4.8578622
0xEEEE, 6963277, 2228, 0005, 2.36681, 4.8494697
0xEEEE, 6966401, 2229, 0005, 2.36520, 4.8512245
0xEEEE, 6969528, 2230, 0004, 1.97194, 4.8622110
0xEEEE, 6972670, 2231, 0004, 1.55289, 4.8591592
0xEEEE, 6975788, 2232, 0003, 1.57868, 4.8442817
0xEEEE, 6978920, 2233, 0003, 1.58593, 4.8467994
0xEEEE, 6982045, 2234, 0002, 1.18300, 4.8628214
0xEEEE, 6985163, 2235, 0002, 1.18220, 4.8561074
0xEEEE, 6988288, 2236, 0001, 0.78249, 4.8463416
0xEEEE, 6991402, 2237, 0001, 0.80586, 4.8553445
0xEEEE, 6994536, 2238, 0000, 0.39245, 4.8573281
0xEEEE, 6997669, 2239, 0000, 0.01128, 4.8566415
0xEEEE, 7000798, 2240, 0000, 0.01209, 4.8516823
0xEEEE, 7003912, 2241, 0000, 0.01209, 4.8545052
0xEEEE, 7007063, 2242, 0001, 0.01209, 4.8635843
0xEEEE, 7010161, 2243, 0001, 0.01128, 4.8529030
0xEEEE, 7013277, 2244, 0002, 0.39084, 4.8532845
0xEEEE, 7016402, 2245, 0002, 0.38842, 4.8635080
0xEEEE, 7019527, 2246, 0003, 0.78249, 4.8535134
0xEEEE, 7022659, 2247, 0003, 0.78894, 4.8581674
0xEEEE, 7025788, 2248, 0004, 1.18381, 4.8520638
0xEEEE, 7028902, 2249, 0004, 1.19187, 4.8577096
0xEEEE, 7032036, 2250, 0005, 1.57707, 4.8538949
0xEEEE, 7035151, 2251, 0005, 1.57788, 4.8512245
0xEEEE, 7038297, 2252, 0006, 1.97355, 4.8578622
0xEEEE, 7041413, 2253, 0006, 2.35795, 4.8564889
0xEEEE, 7044538, 2254, 0007, 2.36601, 4.8593881
0xEEEE, 7047670, 2255, 0007, 2.36681, 4.8415351
0xEEEE, 7050789, 2256, 0007, 2.54894, 4.8588540
0xEEEE, 7053913, 2257, 0007, 2.55136, 4.8611429
0xEEEE, 7057047, 2258, 0006, 2.55136, 4.8503090
0xEEEE, 7060159, 2259, 0006, 2.56344, 4.8543526
0xEEEE, 7063287, 2260, 0005, 2.36520, 4.8614481
0xEEEE, 7066411, 2261, 0005, 1.97275, 4.8590066
0xEEEE, 7069536, 2262, 0004, 1.98403, 4.8525216
0xEEEE, 7072669, 2263, 0004, 1.97355, 4.8554971
0xEEEE, 7075787, 2264, 0003, 1.57062, 4.8566415
0xEEEE, 7078911, 2265, 0003, 1.57868, 4.8442817
0xEEEE, 7082035, 2266, 0002, 1.18542, 4.8529793
0xEEEE, 7085162, 2267, 0002, 1.17172, 4.8607614
0xEEEE, 7088276, 2268, 0001, 0.78813, 4.8608377
0xEEEE, 7091401, 2269, 0001, 0.39165, 4.8498512
0xEEEE, 7094526, 2270, 0000, 0.39084, 4.8419928
0xEEEE, 7097660, 2271, 0000, 0.39487, 4.8575570
0xEEEE, 7100777, 2272, 0000, 0.01209, 4.8570993
0xEEEE, 7103910, 2273, 0000, 0.01209, 4.8516823
0xEEEE, 7107064, 2274, 0001, 0.01209, 4.8539712
0xEEEE, 7110165, 2275, 0001, 0.01209, 4.8551919
0xEEEE, 7113288, 2276, 0002, 0.39245, 4.8567941
0xEEEE, 7116414, 2277, 0002, 0.78813, 4.8541238
0xEEEE, 7119538, 2278, 0003, 0.78733, 4.8519112
0xEEEE, 7122679, 2279, 0003, 0.79055, 4.8496986
0xEEEE, 7125783, 2280, 0004, 1.18220, 4.8463416
0xEEEE, 7128912, 2281, 0004, 1.18300, 4.8457313
0xEEEE, 7132043, 2282, 0005, 1.55853, 4.8575570
0xEEEE, 7135161, 2283, 0005, 1.57868, 4.8637369
0xEEEE, 7138286, 2284, 0006, 1.96630, 4.8488594
0xEEEE, 7141411, 2285, 0006, 2.36601, 4.8491646
0xEEEE, 7144536, 2286, 0007, 2.36198, 4.8545815
0xEEEE, 7147668, 2287, 0007, 2.36923, 4.8595407
0xEEEE, 7150777, 2288, 0007, 2.55216, 4.8575570
0xEEEE, 7153902, 2289, 0007, 2.59245, 4.8554208
0xEEEE, 7157035, 2290, 0006, 2.56908, 4.8593118
0xEEEE, 7160152, 2291, 0006, 2.55136, 4.8495460
0xEEEE, 7163277, 2292, 0005, 2.36601, 4.8488594
0xEEEE, 7166401, 2293, 0005, 2.38535, 4.8541238
0xEEEE, 7169541, 2294, 0004, 1.97275, 4.8606851
0xEEEE, 7172670, 2295, 0004, 1.99853, 4.8503853
0xEEEE, 7175788, 2296, 0003, 1.57707, 4.8464179
0xEEEE, 7178914, 2297, 0003, 1.58352, 4.8554971
0xEEEE, 7182044, 2298, 0002, 1.18381, 4.8628977
0xEEEE, 7185163, 2299, 0002, 0.79136, 4.8512245
0xEEEE, 7188289, 2300, 0001, 0.79619, 4.8522927
0xEEEE, 7191402, 2301, 0001, 0.78813, 4.8548867
0xEEEE, 7194536, 2302, 0000, 0.39165, 4.8574807
0xEEEE, 7197668, 2303, 0000, 0.39407, 4.8509194
0xEEEE, 7200787, 2304, 0000, 0.01209, 4.8607614
0xEEEE, 7203912, 2305, 0000, 0.01209, 4.8628977
0xEEEE, 7207070, 2306, 0001, 0.01209, 4.8599222
0xEEEE, 7210162, 2307, 0001, 0.39165, 4.8426032
0xEEEE, 7213277, 2308, 0002, 0.38923, 4.8508431
0xEEEE, 7216401, 2309, 0002, 0.38198, 4.8659495
0xEEEE, 7219526, 2310, 0003, 0.76960, 4.8591592
0xEEEE, 7222659, 2311, 0003, 0.78894, 4.8454261
0xEEEE, 7225777, 2312, 0004, 1.18220, 4.8523690
0xEEEE, 7228902, 2313, 0004, 1.18462, 4.8552682
0xEEEE, 7232035, 2314, 0005, 1.57788, 4.8530556
0xEEEE, 7235151, 2315, 0005, 1.97275, 4.8522164
0xEEEE, 7238288, 2316, 0006, 1.97355, 4.8595407
0xEEEE, 7241413, 2317, 0006, 1.98161, 4.8542000
0xEEEE, 7244538, 2318, 0007, 2.36601, 4.8503090
0xEEEE, 7247670, 2319, 0007, 2.38051, 4.8499275
0xEEEE, 7250790, 2320, 0007, 2.54571, 4.8618296
0xEEEE, 7253924, 2321, 0007, 2.55055, 4.8522927
0xEEEE, 7257047, 2322, 0006, 2.55136, 4.8516823
0xEEEE, 7260161, 2323, 0006, 2.36601, 4.8503853
0xEEEE, 7263286, 2324, 0005, 2.36681, 4.8540475
0xEEEE, 7266419, 2325, 0005, 2.36681, 4.8503090
0xEEEE, 7269537, 2326, 0004, 1.97436, 4.8503090
0xEEEE, 7272670, 2327, 0004, 1.97355, 4.8583963
0xEEEE, 7275786, 2328, 0003, 1.55209, 4.8524453
0xEEEE, 7278911, 2329, 0003, 1.57707, 4.8471809
0xEEEE, 7282036, 2330, 0002, 1.18784, 4.8549630
0xEEEE, 7285151, 2331, 0002, 0.78813, 4.8619821
0xEEEE, 7288276, 2332, 0001, 0.78733, 4.8558022
0xEEEE, 7291410, 2333, 0001, 0.78894, 4.8505379
0xEEEE, 7294526, 2334, 0000, 0.39004, 4.8480201
0xEEEE, 7297660, 2335, 0000, 0.39648, 4.8606851
0xEEEE, 7300777, 2336, 0000, 0.01370, 4.8554208
0xEEEE, 7303911, 2337, 0000, 0.01128, 4.8516060
0xEEEE, 7307064, 2338, 0001, 0.01209, 4.8528267
0xEEEE, 7310164, 2339, 0001, 0.37634, 4.8550393
0xEEEE, 7313289, 2340, 0002, 0.42308, 4.8456550
0xEEEE, 7316413, 2341, 0002, 0.39245, 4.8475624
0xEEEE, 7319538, 2342, 0003, 0.78733, 4.8633555
0xEEEE, 7322670, 2343, 0003, 0.79055, 4.8583963
0xEEEE, 7325783, 2344, 0004, 1.22088, 4.8496986
0xEEEE, 7328912, 2345, 0004, 1.18300, 4.8474861
0xEEEE, 7332043, 2346, 0005, 1.57707, 4.8596933
0xEEEE, 7335161, 2347, 0005, 1.57788, 4.8641947
0xEEEE, 7338296, 2348, 0006, 1.97516, 4.8561837
0xEEEE, 7341411, 2349, 0006, 1.97275, 4.8502327
0xEEEE, 7344535, 2350, 0007, 2.31766, 4.8519112
0xEEEE, 7347668, 2351, 0007, 2.36681, 4.8421454
0xEEEE, 7350785, 2352, 0007, 2.55136, 4.8411536
0xEEEE, 7353902, 2353, 0007, 2.55136, 4.8570993
0xEEEE, 7357035, 2354, 0006, 2.54974, 4.8619821
0xEEEE, 7360151, 2355, 0006, 2.54974, 4.8570230
0xEEEE, 7363276, 2356, 0005, 2.39099, 4.8529030
0xEEEE, 7366401, 2357, 0005, 2.36681, 4.8619059
0xEEEE, 7369531, 2358, 0004, 1.97194, 4.8593881
0xEEEE, 7372670, 2359, 0004, 1.98081, 4.8540475
0xEEEE, 7375789, 2360, 0003, 1.57868, 4.8506142
0xEEEE, 7378914, 2361, 0003, 1.18139, 4.8580911
0xEEEE, 7382045, 2362, 0002, 1.18300, 4.8519875
0xEEEE, 7385163, 2363, 0002, 1.18220, 4.8521401
0xEEEE, 7388288, 2364, 0001, 0.78410, 4.8561074
0xEEEE, 7391404, 2365, 0001, 0.81795, 4.8534371
0xEEEE, 7394536, 2366, 0000, 0.39326, 4.8419165
0xEEEE, 7397679, 2367, 0000, 0.39245, 4.8516060
0xEEEE, 7400787, 2368, 0000, 0.01209, 4.8590066
0xEEEE, 7403912, 2369, 0000, 0.01289, 4.8619821
0xEEEE, 7407064, 2370, 0001, 0.01209, 4.8531319
0xEEEE, 7410162, 2371, 0001, 0.01209, 4.8508431
0xEEEE, 7413276, 2372, 0002, 0.39165, 4.8567178
0xEEEE, 7416401, 2373, 0002, 0.38923, 4.8556497
0xEEEE, 7419526, 2374, 0003, 0.81150, 4.8487831
0xEEEE, 7422670, 2375, 0003, 0.78813, 4.8471046
0xEEEE, 7425777, 2376, 0004, 1.18220, 4.8590829
0xEEEE, 7428902, 2377, 0004, 1.56982, 4.8558022
0xEEEE, 7432036, 2378, 0005, 1.57868, 4.8531319
0xEEEE, 7435163, 2379, 0005, 1.58110, 4.8619821
0xEEEE, 7438289, 2380, 0006, 1.97355, 4.8593881
0xEEEE, 7441413, 2381, 0006, 1.97114, 4.8592355
0xEEEE, 7444538, 2382, 0007, 2.36601, 4.8493935
0xEEEE, 7447670, 2383, 0007, 2.35875, 4.8573281
0xEEEE, 7450789, 2384, 0007, 2.55538, 4.8566415
0xEEEE, 7453913, 2385, 0007, 2.55136, 4.8490120
0xEEEE, 7457047, 2386, 0006, 2.59890, 4.8494697
0xEEEE, 7460161, 2387, 0006, 2.52396, 4.8571756
0xEEEE, 7463286, 2388, 0005, 2.37004, 4.8428321
0xEEEE, 7466411, 2389, 0005, 2.36681, 4.8558022
0xEEEE, 7469537, 2390, 0004, 1.98161, 4.8622110
0xEEEE, 7472669, 2391, 0004, 1.97355, 4.8600748
0xEEEE, 7475786, 2392, 0003, 1.57626, 4.8584726
0xEEEE, 7478902, 2393, 0003, 1.20154, 4.8417639
0xEEEE, 7482055, 2394, 0002, 1.18300, 4.8576333
0xEEEE, 7485152, 2395, 0002, 1.19429, 4.8642710
0xEEEE, 7488276, 2396, 0001, 0.78813, 4.8532845
0xEEEE, 7491401, 2397, 0001, 0.78733, 4.8448920
0xEEEE, 7494526, 2398, 0000, 0.39568, 4.8571756
0xEEEE, 7497659, 2399, 0000, 0.39568, 4.8569467
0xEEEE, 7500778, 2400, 0000, 0.01209, 4.8574807
0xEEEE, 7503913, 2401, 0000, 0.01209, 4.8525216
0xEEEE, 7507064, 2402, 0001, 0.01209, 4.8618296
0xEEEE, 7510163, 2403, 0001, 0.01209, 4.8518349
0xEEEE, 7513288, 2404, 0002, 0.39326, 4.8508431
0xEEEE, 7516413, 2405, 0002, 0.39245, 4.8545815
0xEEEE, 7519548, 2406, 0003, 0.78571, 4.8625162
0xEEEE, 7522671, 2407, 0003, 1.18945, 4.8548867
0xEEEE, 7525785, 2408, 0004, 1.20637, 4.8438239
0xEEEE, 7528911, 2409, 0004, 1.18300, 4.8539712
0xEEEE, 7532043, 2410, 0005, 1.57788, 4.8646525
0xEEEE, 7535161, 2411, 0005, 1.57788, 4.8532845
0xEEEE, 7538286, 2412, 0006, 1.97758, 4.8498512
0xEEEE, 7541411, 2413, 0006, 1.97355, 4.8577096
0xEEEE, 7544536, 2414, 0007, 2.34344, 4.8500801
0xEEEE, 7547659, 2415, 0007, 2.54894, 4.8467231
0xEEEE, 7550777, 2416, 0007, 2.55055, 4.8494697
0xEEEE, 7553902, 2417, 0007, 2.55055, 4.8620584
0xEEEE, 7557035, 2418, 0006, 2.55055, 4.8577096
0xEEEE, 7560151, 2419, 0006, 2.55216, 4.8429847
0xEEEE, 7563278, 2420, 0005, 2.36681, 4.8476387
0xEEEE, 7566413, 2421, 0005, 2.36681, 4.8642710
0xEEEE, 7569533, 2422, 0004, 1.97194, 4.8570993
0xEEEE, 7572670, 2423, 0004, 1.51744, 4.8528267
0xEEEE, 7575788, 2424, 0003, 1.57788, 4.8516823
0xEEEE, 7578914, 2425, 0003, 1.58996, 4.8567941
0xEEEE, 7582044, 2426, 0002, 1.18139, 4.8487831
0xEEEE, 7585163, 2427, 0002, 1.18462, 4.8543526
0xEEEE, 7588288, 2428, 0001, 0.78571, 4.8570993
0xEEEE, 7591406, 2429, 0001, 0.81150, 4.8573281
0xEEEE, 7594536, 2430, 0000, 0.39165, 4.8480201
0xEEEE, 7597668, 2431, 0000, 0.01209, 4.8553445
0xEEEE, 7600787, 2432, 0000, 0.01209, 4.8627451
0xEEEE, 7603918, 2433, 0000, 0.01209, 4.8605325
0xEEEE, 7607064, 2434, 0001, 0.01209, 4.8477913
0xEEEE, 7610161, 2435, 0001, 0.01209, 4.8554971
0xEEEE, 7613276, 2436, 0002, 0.39407, 4.8580148
0xEEEE, 7616402, 2437, 0002, 0.38842, 4.8538186
0xEEEE, 7619526, 2438, 0003, 0.76396, 4.8523690
0xEEEE, 7622659, 2439, 0003, 1.18300, 4.8561074
0xEEEE, 7625778, 2440, 0004, 1.18381, 4.8613718
0xEEEE, 7628902, 2441, 0004, 1.19267, 4.8496223
0xEEEE, 7632035, 2442, 0005, 1.57868, 4.8457313
0xEEEE, 7635155, 2443, 0005, 1.58029, 4.8604562
0xEEEE, 7638288, 2444, 0006, 1.97355, 4.8643473
0xEEEE, 7641413, 2445, 0006, 1.97275, 4.8421454
0xEEEE, 7644538, 2446, 0007, 2.36681, 4.8506142
0xEEEE, 7647670, 2447, 0007, 2.36601, 4.8612192
0xEEEE, 7650799, 2448, 0007, 2.55136, 4.8586252
0xEEEE, 7653913, 2449, 0007, 2.55136, 4.8489357
0xEEEE, 7657047, 2450, 0006, 2.55136, 4.8491646
0xEEEE, 7660161, 2451, 0006, 2.54088, 4.8541238
0xEEEE, 7663294, 2452, 0005, 2.36842, 4.8506905
0xEEEE, 7666411, 2453, 0005, 1.97194, 4.8468757
0xEEEE, 7669537, 2454, 0004, 1.96308, 4.8580911
0xEEEE, 7672669, 2455, 0004, 1.97275, 4.8596933
0xEEEE, 7675786, 2456, 0003, 1.57304, 4.8488594
0xEEEE, 7678902, 2457, 0003, 1.57788, 4.8451972
0xEEEE, 7682036, 2458, 0002, 1.18059, 4.8603799
0xEEEE, 7685152, 2459, 0002, 1.16608, 4.8538186
0xEEEE, 7688284, 2460, 0001, 0.78813, 4.8490883
0xEEEE, 7691402, 2461, 0001, 0.39245, 4.8499275
0xEEEE, 7694527, 2462, 0000, 0.39568, 4.8579385
0xEEEE, 7697659, 2463, 0000, 0.38601, 4.8584726
0xEEEE, 7700778, 2464, 0000, 0.01209, 4.8517586
0xEEEE, 7703913, 2465, 0000, 0.01128, 4.8510719
0xEEEE, 7707064, 2466, 0001, 0.01209, 4.8521401
0xEEEE, 7710174, 2467, 0001, 0.01209, 4.8476387
0xEEEE, 7713289, 2468, 0002, 0.39165, 4.8487068
0xEEEE, 7716413, 2469, 0002, 0.78813, 4.8533608
0xEEEE, 7719538, 2470, 0003, 0.78733, 4.8626688
0xEEEE, 7722671, 2471, 0003, 0.78894, 4.8502327
0xEEEE, 7725786, 2472, 0004, 1.21604, 4.8532082
0xEEEE, 7728911, 2473, 0004, 1.18139, 4.8568704
0xEEEE, 7732043, 2474, 0005, 1.58029, 4.8545815
0xEEEE, 7735170, 2475, 0005, 1.57788, 4.8502327
0xEEEE, 7738287, 2476, 0006, 1.96308, 4.8551156
0xEEEE, 7741410, 2477, 0006, 2.36520, 4.8554971
0xEEEE, 7744535, 2478, 0007, 2.34989, 4.8554971
0xEEEE, 7747676, 2479, 0007, 2.36278, 4.8556497
0xEEEE, 7750778, 2480, 0007, 2.54974, 4.8565652
0xEEEE, 7753902, 2481, 0007, 2.58359, 4.8607614
0xEEEE, 7757036, 2482, 0006, 2.54733, 4.8535134
0xEEEE, 7760151, 2483, 0006, 2.55136, 4.8444343
0xEEEE, 7763276, 2484, 0005, 2.36681, 4.8583200
0xEEEE, 7766401, 2485, 0005, 2.01385, 4.8619059
0xEEEE, 7769534, 2486, 0004, 1.97355, 4.8574044
0xEEEE, 7772670, 2487, 0004, 1.97275, 4.8497749
0xEEEE, 7775788, 2488, 0003, 1.57707, 4.8567178
0xEEEE, 7778914, 2489, 0003, 1.56498, 4.8559548
0xEEEE, 7782044, 2490, 0002, 1.18300, 4.8554971
0xEEEE, 7785163, 2491, 0002, 1.18381, 4.8568704
0xEEEE, 7788288, 2492, 0001, 0.79297, 4.8617533
0xEEEE, 7791407, 2493, 0001, 0.40293, 4.8593881
0xEEEE, 7794546, 2494, 0000, 0.39245, 4.8416876
0xEEEE, 7797668, 2495, 0000, 0.39245, 4.8507668
0xEEEE, 7800787, 2496, 0000, 0.01209, 4.8674754
0xEEEE, 7803912, 2497, 0000, 0.01209, 4.8511482
0xEEEE, 7807064, 2498, 0001, 0.01128, 4.8525978
0xEEEE, 7810162, 2499, 0001, 0.01451, 4.8538949
0xEEEE, 7813278, 2500, 0002, 0.39810, 4.8530556
0xEEEE, 7816401, 2501, 0002, 0.37311, 4.8499275
0xEEEE, 7819527, 2502, 0003, 0.83245, 4.8494697
0xEEEE, 7822659, 2503, 0003, 0.78733, 4.8566415
0xEEEE, 7825777, 2504, 0004, 1.18542, 4.8532845
0xEEEE, 7828902, 2505, 0004, 1.19348, 4.8517586
0xEEEE, 7832042, 2506, 0005, 1.57868, 4.8573281
0xEEEE, 7835157, 2507, 0005, 2.00337, 4.8607614
0xEEEE, 7838288, 2508, 0006, 1.97355, 4.8534371
0xEEEE, 7841413, 2509, 0006, 1.97678, 4.8501564
0xEEEE, 7844538, 2510, 0007, 2.36681, 4.8519875
0xEEEE, 7847670, 2511, 0007, 2.36601, 4.8640421
0xEEEE, 7850790, 2512, 0007, 2.58601, 4.8490883
0xEEEE, 7853913, 2513, 0007, 2.55216, 4.8500038
0xEEEE, 7857049, 2514, 0006, 2.55216, 4.8561074
0xEEEE, 7860161, 2515, 0006, 2.36601, 4.8587015
0xEEEE, 7863286, 2516, 0005, 2.36842, 4.8488594
0xEEEE, 7866411, 2517, 0005, 2.36762, 4.8509194
0xEEEE, 7869537, 2518, 0004, 1.97436, 4.8602274
0xEEEE, 7872669, 2519, 0004, 1.97275, 4.8554208
0xEEEE, 7875787, 2520, 0003, 1.57868, 4.8494697
0xEEEE, 7878922, 2521, 0003, 1.57707, 4.8494697
0xEEEE, 7882036, 2522, 0002, 1.16930, 4.8561837
0xEEEE, 7885152, 2523, 0002, 0.78733, 4.8534371
0xEEEE, 7888277, 2524, 0001, 0.78813, 4.8474861
0xEEEE, 7891402, 2525, 0001, 0.78974, 4.8538949
0xEEEE, 7894527, 2526, 0000, 0.39648, 4.8581674
0xEEEE, 7897659, 2527, 0000, 0.39971, 4.8557259
0xEEEE, 7900779, 2528, 0000, 0.01209, 4.8494697
0xEEEE, 7903913, 2529, 0000, 0.01451, 4.8604562
0xEEEE, 7907064, 2530, 0001, 0.01209, 4.8599222
0xEEEE, 7910164, 2531, 0001, 0.39326, 4.8519112
0xEEEE, 7913289, 2532, 0002, 0.39326, 4.8487831
0xEEEE, 7916422, 2533, 0002, 0.39084, 4.8599222
0xEEEE, 7919538, 2534, 0003, 0.78894, 4.8598459
0xEEEE, 7922671, 2535, 0003, 0.79780, 4.8521401
0xEEEE, 7925786, 2536, 0004, 1.18300, 4.8509957
0xEEEE, 7928911, 2537, 0004, 1.18220, 4.8583200
0xEEEE, 7932043, 2538, 0005, 1.58674, 4.8575570
0xEEEE, 7935162, 2539, 0005, 1.97275, 4.8622873
0xEEEE, 7938287, 2540, 0006, 1.96549, 4.8568704
0xEEEE, 7941410, 2541, 0006, 1.97194, 4.8580911
0xEEEE, 7944527, 2542, 0007, 2.36601, 4.8480964
0xEEEE, 7947659, 2543, 0007, 2.36440, 4.8463416
0xEEEE, 7950777, 2544, 0007, 2.55055, 4.8635843
0xEEEE, 7953902, 2545, 0007, 2.52637, 4.8576333
0xEEEE, 7957035, 2546, 0006, 2.55861, 4.8513771
0xEEEE, 7960152, 2547, 0006, 2.55458, 4.8445106
0xEEEE, 7963288, 2548, 0005, 2.36601, 4.8626688
0xEEEE, 7966401, 2549, 0005, 2.34667, 4.8545815
0xEEEE, 7969538, 2550, 0004, 1.97355, 4.8526741
0xEEEE, 7972670, 2551, 0004, 1.99451, 4.8506142
0xEEEE, 7975797, 2552, 0003, 1.57868, 4.8600748
0xEEEE, 7978913, 2553, 0003, 1.20476, 4.8549630
0xEEEE, 7982046, 2554, 0002, 1.18381, 4.8501564
0xEEEE, 7985162, 2555, 0002, 1.18462, 4.8621347
0xEEEE, 7988287, 2556, 0001, 0.78168, 4.8628214
0xEEEE, 7991409, 2557, 0001, 0.78813, 4.8465705
0xEEEE, 7994536, 2558, 0000, 0.39245, 4.8429084
0xEEEE, 7997668, 2559, 0000, 0.39245, 4.8584726
0xEEEE, 8000794, 2560, 0000, 0.01128, 4.8664073
0xEEEE, 8003911, 2561, 0000, 0.01209, 4.8489357
0xEEEE, 8007063, 2562, 0001, 0.01209, 4.8545052
0xEEEE, 8010162, 2563, 0001, 0.01209, 4.8591592
0xEEEE, 8013276, 2564, 0002, 0.39648, 4.8498512
0xEEEE, 8016401, 2565, 0002, 0.38440, 4.8458839
0xEEEE, 8019526, 2566, 0003, 0.78733, 4.8603037
0xEEEE, 8022659, 2567, 0003, 0.78733, 4.8603037
0xEEEE, 8025777, 2568, 0004, 1.18139, 4.8488594
0xEEEE, 8028902, 2569, 0004, 1.62542, 4.8483253
0xEEEE, 8032036, 2570, 0005, 1.57788, 4.8596170
0xEEEE, 8035158, 2571, 0005, 1.59480, 4.8586252
0xEEEE, 8038288, 2572, 0006, 1.97355, 4.8493935
0xEEEE, 8041413, 2573, 0006, 1.97839, 4.8422980
0xEEEE, 8044538, 2574, 0007, 2.36923, 4.8577096
0xEEEE, 8047679, 2575, 0007, 2.36520, 4.8616007
0xEEEE, 8050789, 2576, 0007, 2.54088, 4.8595407
0xEEEE, 8053913, 2577, 0007, 2.54571, 4.8559548
0xEEEE, 8057049, 2578, 0006, 2.55136, 4.8593118
0xEEEE, 8060169, 2579, 0006, 2.55055, 4.8535134
0xEEEE, 8063287, 2580, 0005, 2.36359, 4.8435950
0xEEEE, 8066411, 2581, 0005, 2.36601, 4.8524453
0xEEEE, 8069537, 2582, 0004, 1.97194, 4.8624399
0xEEEE, 8072668, 2583, 0004, 1.97355, 4.8487068
0xEEEE, 8075786, 2584, 0003, 1.61736, 4.8494697
0xEEEE, 8078902, 2585, 0003, 1.18300, 4.8549630
0xEEEE, 8082036, 2586, 0002, 1.17897, 4.8612192
0xEEEE, 8085152, 2587, 0002, 1.18300, 4.8544289
0xEEEE, 8088277, 2588, 0001, 0.78894, 4.8521401
0xEEEE, 8091401, 2589, 0001, 0.78733, 4.8596933
0xEEEE, 8094526, 2590, 0000, 0.39971, 4.8535134
0xEEEE, 8097659, 2591, 0000, 0.38440, 4.8502327
0xEEEE, 8100781, 2592, 0000, 0.01209, 4.8601511
0xEEEE, 8103913, 2593, 0000, 0.01209, 4.8625162
0xEEEE, 8107075, 2594, 0001, 0.01128, 4.8535134
0xEEEE, 8110164, 2595, 0001, 0.01289, 4.8493172
0xEEEE, 8113289, 2596, 0002, 0.39326, 4.8525216
0xEEEE, 8116414, 2597, 0002, 0.39245, 4.8663310
0xEEEE, 8119538, 2598, 0003, 0.78894, 4.8514534
0xEEEE, 8122670, 2599, 0003, 0.78410, 4.8468757
0xEEEE, 8125787, 2600, 0004, 1.18381, 4.8547341
0xEEEE, 8128912, 2601, 0004, 1.18139, 4.8607614
0xEEEE, 8132049, 2602, 0005, 1.58513, 4.8527504
0xEEEE, 8135162, 2603, 0005, 1.57788, 4.8567941
0xEEEE, 8138287, 2604, 0006, 1.94857, 4.8599222
0xEEEE, 8141410, 2605, 0006, 1.97355, 4.8561837
0xEEEE, 8144544, 2606, 0007, 2.36601, 4.8493172
0xEEEE, 8147660, 2607, 0007, 2.57231, 4.8544289
0xEEEE, 8150777, 2608, 0007, 2.55055, 4.8626688
0xEEEE, 8153902, 2609, 0007, 2.54974, 4.8537423
0xEEEE, 8157035, 2610, 0006, 2.54813, 4.8442054
0xEEEE, 8160151, 2611, 0006, 2.54974, 4.8546578
0xEEEE, 8163276, 2612, 0005, 2.36762, 4.8637369
0xEEEE, 8166401, 2613, 0005, 2.37407, 4.8527504
0xEEEE, 8169538, 2614, 0004, 1.97275, 4.8489357
0xEEEE, 8172670, 2615, 0004, 1.57868, 4.8592355
0xEEEE, 8175788, 2616, 0003, 1.57788, 4.8607614
0xEEEE, 8178914, 2617, 0003, 1.57788, 4.8476387
0xEEEE, 8182046, 2618, 0002, 1.18300, 4.8511482
0xEEEE, 8185162, 2619, 0002, 1.18703, 4.8630503
0xEEEE, 8188289, 2620, 0001, 0.82359, 4.8540475
0xEEEE, 8191432, 2621, 0001, 0.78894, 4.8408484
0xEEEE, 8194536, 2622, 0000, 0.39245, 4.8517586
0xEEEE, 8197668, 2623, 0000, 0.01209, 4.8555734
0xEEEE, 8200787, 2624, 0000, 0.01209, 4.8520638
0xEEEE, 8203912, 2625, 0000, 0.01209, 4.8580148
0xEEEE, 8207063, 2626, 0001, 0.01209, 4.8565652
0xEEEE, 8210162, 2627, 0001, 0.01209, 4.8583963
0xEEEE, 8213276, 2628, 0002, 0.39971, 4.8553445
0xEEEE, 8216401, 2629, 0002, 0.40938, 4.8523690
0xEEEE, 8219526, 2630, 0003, 0.78733, 4.8601511
0xEEEE, 8222660, 2631, 0003, 1.18220, 4.8541238
0xEEEE, 8225777, 2632, 0004, 1.18381, 4.8489357
0xEEEE, 8228911, 2633, 0004, 1.19106, 4.8484779
0xEEEE, 8232036, 2634, 0005, 1.57868, 4.8601511
0xEEEE, 8235160, 2635, 0005, 1.58271, 4.8531319
0xEEEE, 8238288, 2636, 0006, 1.97355, 4.8543526
0xEEEE, 8241413, 2637, 0006, 1.98242, 4.8574807
0xEEEE, 8244538, 2638, 0007, 2.36520, 4.8567941
0xEEEE, 8247671, 2639, 0007, 2.54974, 4.8502327
0xEEEE, 8250790, 2640, 0007, 2.55055, 4.8481727
0xEEEE, 8253913, 2641, 0007, 2.55136, 4.8592355
0xEEEE, 8257050, 2642, 0006, 2.55055, 4.8625162
0xEEEE, 8260161, 2643, 0006, 2.55055, 4.8544289
0xEEEE, 8263286, 2644, 0005, 2.38374, 4.8534371
0xEEEE, 8266411, 2645, 0005, 2.36762, 4.8588540
0xEEEE, 8269536, 2646, 0004, 1.98403, 4.8599222
0xEEEE, 8272669, 2647, 0004, 1.97597, 4.8519112
0xEEEE, 8275798, 2648, 0003, 1.54484, 4.8517586
0xEEEE, 8278902, 2649, 0003, 1.58110, 4.8603799
0xEEEE, 8282035, 2650, 0002, 1.21201, 4.8602274
0xEEEE, 8285152, 2651, 0002, 1.18300, 4.8543526
0xEEEE, 8288276, 2652, 0001, 0.78894, 4.8564126
0xEEEE, 8291401, 2653, 0001, 0.39165, 4.8599985
0xEEEE, 8294527, 2654, 0000, 0.38278, 4.8444343
0xEEEE, 8297659, 2655, 0000, 0.35538, 4.8453498
0xEEEE, 8300781, 2656, 0000, 0.01209, 4.8591592
0xEEEE, 8303913, 2657, 0000, 0.01209, 4.8629740
0xEEEE, 8307065, 2658, 0001, 0.01209, 4.8475624
0xEEEE, 8310164, 2659, 0001, 0.01128, 4.8513008
0xEEEE, 8313297, 2660, 0002, 0.39245, 4.8564889
0xEEEE, 8316413, 2661, 0002, 0.78813, 4.8554971
0xEEEE, 8319538, 2662, 0003, 0.79136, 4.8580911
0xEEEE, 8322672, 2663, 0003, 0.76476, 4.8548867
0xEEEE, 8325786, 2664, 0004, 1.18300, 4.8582437
0xEEEE, 8328911, 2665, 0004, 1.18139, 4.8464942
0xEEEE, 8332043, 2666, 0005, 1.62220, 4.8503853
0xEEEE, 8335162, 2667, 0005, 1.57788, 4.8609140
0xEEEE, 8338286, 2668, 0006, 1.95905, 4.8641184
0xEEEE, 8341411, 2669, 0006, 2.36762, 4.8454261
0xEEEE, 8344526, 2670, 0007, 2.36762, 4.8527504
0xEEEE, 8347659, 2671, 0007, 2.34747, 4.8570993
0xEEEE, 8350777, 2672, 0007, 2.54974, 4.8604562
0xEEEE, 8353902, 2673, 0007, 2.55055, 4.8448157
0xEEEE, 8357035, 2674, 0006, 2.55055, 4.8566415
0xEEEE, 8360162, 2675, 0006, 2.55216, 4.8580148
0xEEEE, 8363276, 2676, 0005, 2.36681, 4.8510719
0xEEEE, 8366402, 2677, 0005, 1.97275, 4.8522164
0xEEEE, 8369538, 2678, 0004, 1.97355, 4.8573281
0xEEEE, 8372680, 2679, 0004, 1.97275, 4.8577096
0xEEEE, 8375789, 2680, 0003, 1.57707, 4.8487831
0xEEEE, 8378914, 2681, 0003, 1.61172, 4.8488594
0xEEEE, 8382047, 2682, 0002, 1.18462, 4.8624399
0xEEEE, 8385162, 2683, 0002, 1.17978, 4.8635843
0xEEEE, 8388276, 2684, 0001, 0.83729, 4.8521401
0xEEEE, 8391411, 2685, 0001, 0.39245, 4.8520638
0xEEEE, 8394536, 2686, 0000, 0.39326, 4.8598459
0xEEEE, 8397673, 2687, 0000, 0.39326, 4.8542000
0xEEEE, 8400787, 2688, 0000, 0.01289, 4.8480964
0xEEEE, 8403911, 2689, 0000, 0.01289, 4.8541238
0xEEEE, 8407063, 2690, 0001, 0.01128, 4.8596170
0xEEEE, 8410161, 2691, 0001, 0.01128, 4.8543526
0xEEEE, 8413276, 2692, 0002, 0.37795, 4.8471809
0xEEEE, 8416402, 2693, 0002, 0.71883, 4.8575570
0xEEEE, 8419527, 2694, 0003, 0.78813, 4.8593881
0xEEEE, 8422659, 2695, 0003, 0.78813, 4.8517586
0xEEEE, 8425777, 2696, 0004, 1.17092, 4.8489357
0xEEEE, 8428902, 2697, 0004, 1.11853, 4.8551156
0xEEEE, 8432036, 2698, 0005, 1.57788, 4.8607614
0xEEEE, 8435163, 2699, 0005, 1.56982, 4.8554208
0xEEEE, 8438289, 2700, 0006, 1.97275, 4.8464179
0xEEEE, 8441413, 2701, 0006, 1.97194, 4.8577096
0xEEEE, 8444547, 2702, 0007, 2.36520, 4.8516060
0xEEEE, 8447672, 2703, 0007, 2.36681, 4.8513008
0xEEEE, 8450789, 2704, 0007, 2.55055, 4.8483253
0xEEEE, 8453913, 2705, 0007, 2.54974, 4.8579385
0xEEEE, 8457059, 2706, 0006, 2.55136, 4.8492409
0xEEEE, 8460161, 2707, 0006, 2.36681, 4.8479438
0xEEEE, 8463286, 2708, 0005, 2.35956, 4.8538186
0xEEEE, 8466411, 2709, 0005, 2.36923, 4.8522164
0xEEEE, 8469537, 2710, 0004, 1.98000, 4.8545052
0xEEEE, 8472670, 2711, 0004, 1.97114, 4.8455024
0xEEEE, 8475786, 2712, 0003, 1.57868, 4.8561074
0xEEEE, 8478902, 2713, 0003, 1.57868, 4.8552682
0xEEEE, 8482035, 2714, 0002, 1.18542, 4.8480964
0xEEEE, 8485151, 2715, 0002, 0.78974, 4.8527504
0xEEEE, 8488276, 2716, 0001, 0.78894, 4.8627451
0xEEEE, 8491401, 2717, 0001, 0.78652, 4.8590829
0xEEEE, 8494527, 2718, 0000, 0.37956, 4.8454261
0xEEEE, 8497659, 2719, 0000, 0.34571, 4.8564889
0xEEEE, 8500785, 2720, 0000, 0.01209, 4.8649577
0xEEEE, 8503924, 2721, 0000, 0.01209, 4.8610666
0xEEEE, 8507064, 2722, 0001, 0.01209, 4.8506142
0xEEEE, 8510164, 2723, 0001, 0.39326, 4.8554208
0xEEEE, 8513288, 2724, 0002, 0.39245, 4.8625162
0xEEEE, 8516413, 2725, 0002, 0.39568, 4.8561837
0xEEEE, 8519538, 2726, 0003, 0.79216, 4.8542763
0xEEEE, 8522673, 2727, 0003, 0.76960, 4.8604562
0xEEEE, 8525786, 2728, 0004, 1.18300, 4.8542000
0xEEEE, 8528911, 2729, 0004, 1.18220, 4.8435187
0xEEEE, 8532043, 2730, 0005, 1.57868, 4.8482490
0xEEEE, 8535162, 2731, 0005, 1.97275, 4.8606088
0xEEEE, 8538286, 2732, 0006, 1.97597, 4.8552682
0xEEEE, 8541419, 2733, 0006, 1.97436, 4.8487068
0xEEEE, 8544526, 2734, 0007, 2.36681, 4.8527504
0xEEEE, 8547659, 2735, 0007, 2.35311, 4.8606088
0xEEEE, 8550777, 2736, 0007, 2.54733, 4.8535897
0xEEEE, 8553902, 2737, 0007, 2.55055, 4.8490883
0xEEEE, 8557036, 2738, 0006, 2.55136, 4.8589303
0xEEEE, 8560152, 2739, 0006, 2.39744, 4.8595407
0xEEEE, 8563278, 2740, 0005, 2.36681, 4.8513771
0xEEEE, 8566404, 2741, 0005, 2.36681, 4.8517586
0xEEEE, 8569537, 2742, 0004, 1.98886, 4.8625162
0xEEEE, 8572670, 2743, 0004, 1.97275, 4.8590829
0xEEEE, 8575789, 2744, 0003, 1.57223, 4.8506142
0xEEEE, 8578914, 2745, 0003, 1.61414, 4.8477913
0xEEEE, 8582047, 2746, 0002, 1.18220, 4.8619821
0xEEEE, 8585163, 2747, 0002, 1.16527, 4.8529793
0xEEEE, 8588299, 2748, 0001, 0.78813, 4.8490883
0xEEEE, 8591411, 2749, 0001, 0.78894, 4.8517586
0xEEEE, 8594536, 2750, 0000, 0.39326, 4.8591592
0xEEEE, 8597668, 2751, 0000, 0.39407, 4.8519875
0xEEEE, 8600787, 2752, 0000, 0.01128, 4.8529793
0xEEEE, 8603912, 2753, 0000, 0.01128, 4.8599985
0xEEEE, 8607064, 2754, 0001, 0.01209, 4.8573281
0xEEEE, 8610153, 2755, 0001, 0.01128, 4.8548867
0xEEEE, 8613276, 2756, 0002, 0.42711, 4.8461891
0xEEEE, 8616402, 2757, 0002, 0.39245, 4.8616007
0xEEEE, 8619527, 2758, 0003, 0.78894, 4.8569467
0xEEEE, 8622659, 2759, 0003, 0.78974, 4.8492409
0xEEEE, 8625787, 2760, 0004, 1.18139, 4.8534371
0xEEEE, 8628902, 2761, 0004, 1.57788, 4.8581674
0xEEEE, 8632035, 2762, 0005, 1.57868, 4.8516823
0xEEEE, 8635163, 2763, 0005, 1.57788, 4.8441291
0xEEEE, 8638288, 2764, 0006, 1.97275, 4.8540475
0xEEEE, 8641413, 2765, 0006, 1.97436, 4.8612192
0xEEEE, 8644539, 2766, 0007, 2.37084, 4.8469520
0xEEEE, 8647672, 2767, 0007, 2.36681, 4.8432898
0xEEEE, 8650788, 2768, 0007, 2.55055, 4.8632029
0xEEEE, 8653913, 2769, 0007, 2.59971, 4.8624399
0xEEEE, 8657054, 2770, 0006, 2.55055, 4.8493935
0xEEEE, 8660161, 2771, 0006, 2.55136, 4.8514534
0xEEEE, 8663286, 2772, 0005, 2.37326, 4.8561074
0xEEEE, 8666411, 2773, 0005, 2.36762, 4.8625162
0xEEEE, 8669536, 2774, 0004, 1.97194, 4.8599985
0xEEEE, 8672680, 2775, 0004, 1.97275, 4.8484779
0xEEEE, 8675786, 2776, 0003, 1.57949, 4.8612955
0xEEEE, 8678902, 2777, 0003, 1.17736, 4.8541238
0xEEEE, 8682036, 2778, 0002, 1.15238, 4.8458076
0xEEEE, 8685151, 2779, 0002, 1.18220, 4.8621347
0xEEEE, 8688278, 2780, 0001, 0.78733, 4.8596933
0xEEEE, 8691401, 2781, 0001, 0.79700, 4.8550393
0xEEEE, 8694526, 2782, 0000, 0.36183, 4.8445106
0xEEEE, 8697660, 2783, 0000, 0.39245, 4.8573281
0xEEEE, 8700786, 2784, 0000, 0.01209, 4.8551919
0xEEEE, 8703913, 2785, 0000, 0.01209, 4.8554208
0xEEEE, 8707064, 2786, 0001, 0.01209, 4.8508431
0xEEEE, 8710171, 2787, 0001, 0.01209, 4.8575570
0xEEEE, 8713288, 2788, 0002, 0.39245, 4.8512245
0xEEEE, 8716413, 2789, 0002, 0.39326, 4.8514534
0xEEEE, 8719538, 2790, 0003, 0.78894, 4.8609140
0xEEEE, 8722675, 2791, 0003, 0.76476, 4.8606088
0xEEEE, 8725786, 2792, 0004, 1.18300, 4.8450446
0xEEEE, 8728912, 2793, 0004, 1.57788, 4.8494697
0xEEEE, 8732054, 2794, 0005, 1.60447, 4.8605325
0xEEEE, 8735162, 2795, 0005, 1.57868, 4.8651865
0xEEEE, 8738286, 2796, 0006, 1.97275, 4.8439765
0xEEEE, 8741411, 2797, 0006, 1.97436, 4.8483253
0xEEEE, 8744526, 2798, 0007, 2.36681, 4.8558022
0xEEEE, 8747660, 2799, 0007, 2.36440, 4.8543526
0xEEEE, 8750778, 2800, 0007, 2.55136, 4.8512245
0xEEEE, 8753902, 2801, 0007, 2.55055, 4.8527504
0xEEEE, 8757044, 2802, 0006, 2.56747, 4.8601511
0xEEEE, 8760152, 2803, 0006, 2.55538, 4.8471809
0xEEEE, 8763277, 2804, 0005, 2.36842, 4.8469520
0xEEEE, 8766406, 2805, 0005, 2.36359, 4.8586252
0xEEEE, 8769547, 2806, 0004, 1.97355, 4.8667887
0xEEEE, 8772670, 2807, 0004, 1.57868, 4.8464942
0xEEEE, 8775789, 2808, 0003, 1.58029, 4.8500801
0xEEEE, 8778914, 2809, 0003, 1.57788, 4.8571756
0xEEEE, 8782046, 2810, 0002, 1.18381, 4.8581674
0xEEEE, 8785163, 2811, 0002, 1.18139, 4.8484779
0xEEEE, 8788278, 2812, 0001, 0.78733, 4.8528267
0xEEEE, 8791411, 2813, 0001, 0.78813, 4.8621347
0xEEEE, 8794536, 2814, 0000, 0.39326, 4.8506905
0xEEEE, 8797668, 2815, 0000, 0.01209, 4.8431373
0xEEEE, 8800787, 2816, 0000, 0.01209, 4.8587778
0xEEEE, 8803912, 2817, 0000, 0.01209, 4.8612192
0xEEEE, 8807064, 2818, 0001, 0.01128, 4.8515297
0xEEEE, 8810153, 2819, 0001, 0.01128, 4.8446632
0xEEEE, 8813278, 2820, 0002, 0.40212, 4.8538949
0xEEEE, 8816412, 2821, 0002, 0.41824, 4.8606851
0xEEEE, 8819526, 2822, 0003, 0.78733, 4.8512245
0xEEEE, 8822659, 2823, 0003, 1.18381, 4.8460365
0xEEEE, 8825777, 2824, 0004, 1.18462, 4.8606088
0xEEEE, 8828902, 2825, 0004, 1.18220, 4.8451209
0xEEEE, 8832036, 2826, 0005, 1.57788, 4.8471046
0xEEEE, 8835163, 2827, 0005, 1.59560, 4.8503853
0xEEEE, 8838288, 2828, 0006, 1.97355, 4.8619059
0xEEEE, 8841420, 2829, 0006, 1.98564, 4.8458076
0xEEEE, 8844539, 2830, 0007, 2.36762, 4.8427558
0xEEEE, 8847672, 2831, 0007, 2.55055, 4.8515297
0xEEEE, 8850788, 2832, 0007, 2.55780, 4.8644236
0xEEEE, 8853922, 2833, 0007, 2.55538, 4.8583200
0xEEEE, 8857054, 2834, 0006, 2.55377, 4.8468757
0xEEEE, 8860161, 2835, 0006, 2.55136, 4.8551919
0xEEEE, 8863286, 2836, 0005, 2.38293, 4.8545815
0xEEEE, 8866412, 2837, 0005, 2.36681, 4.8509194
0xEEEE, 8869536, 2838, 0004, 2.00256, 4.8518349
0xEEEE, 8872669, 2839, 0004, 1.57546, 4.8593118
0xEEEE, 8875788, 2840, 0003, 1.59480, 4.8487831
0xEEEE, 8878901, 2841, 0003, 1.57626, 4.8496986
0xEEEE, 8882036, 2842, 0002, 1.20879, 4.8594644
0xEEEE, 8885151, 2843, 0002, 1.18300, 4.8592355
0xEEEE, 8888276, 2844, 0001, 0.78894, 4.8535897
0xEEEE, 8891401, 2845, 0001, 0.78974, 4.8429084
0xEEEE, 8894527, 2846, 0000, 0.39729, 4.8546578
0xEEEE, 8897660, 2847, 0000, 0.07736, 4.8575570
0xEEEE, 8900799, 2848, 0000, 0.01209, 4.8484779
0xEEEE, 8903914, 2849, 0000, 0.01209, 4.8517586
0xEEEE, 8907064, 2850, 0001, 0.01209, 4.8587778
0xEEEE, 8910164, 2851, 0001, 0.01209, 4.8533608
0xEEEE, 8913289, 2852, 0002, 0.39165, 4.8406958
0xEEEE, 8916413, 2853, 0002, 0.39407, 4.8524453
0xEEEE, 8919538, 2854, 0003, 0.79055, 4.8609140
0xEEEE, 8922677, 2855, 0003, 0.80425, 4.8568704
0xEEEE, 8925787, 2856, 0004, 1.19106, 4.8432136
0xEEEE, 8928911, 2857, 0004, 1.18381, 4.8513771
0xEEEE, 8932043, 2858, 0005, 1.58835, 4.8638132
0xEEEE, 8935162, 2859, 0005, 1.57788, 4.8598459
0xEEEE, 8938295, 2860, 0006, 1.98081, 4.8534371
0xEEEE, 8941411, 2861, 0006, 2.36440, 4.8549630
0xEEEE, 8944526, 2862, 0007, 2.35070, 4.8488594
0xEEEE, 8947659, 2863, 0007, 2.37084, 4.8541238
0xEEEE, 8950777, 2864, 0007, 2.54974, 4.8533608
0xEEEE, 8953902, 2865, 0007, 2.55055, 4.8652628
0xEEEE, 8957036, 2866, 0006, 2.56505, 4.8574044
0xEEEE, 8960151, 2867, 0006, 2.55136, 4.8471809
0xEEEE, 8963276, 2868, 0005, 2.36601, 4.8514534
0xEEEE, 8966407, 2869, 0005, 1.97275, 4.8639658
0xEEEE, 8969538, 2870, 0004, 1.97275, 4.8604562
0xEEEE, 8972670, 2871, 0004, 1.97194, 4.8516060
0xEEEE, 8975789, 2872, 0003, 1.57868, 4.8545052
0xEEEE, 8978914, 2873, 0003, 1.59480, 4.8587778
0xEEEE, 8982047, 2874, 0002, 1.18300, 4.8460365
0xEEEE, 8985175, 2875, 0002, 1.18381, 4.8589303
0xEEEE, 8988280, 2876, 0001, 0.80344, 4.8618296
0xEEEE, 8991411, 2877, 0001, 0.39245, 4.8574807
0xEEEE, 8994536, 2878, 0000, 0.39245, 4.8493172
0xEEEE, 8997677, 2879, 0000, 0.39326, 4.8547341
0xEEEE, 9000787, 2880, 0000, 0.01128, 4.8638895
0xEEEE, 9003912, 2881, 0000, 0.01209, 4.8682383
0xEEEE, 9007065, 2882, 0001, 0.01209, 4.8500801
0xEEEE, 9010153, 2883, 0001, 0.01209, 4.8551156
0xEEEE, 9013276, 2884, 0002, 0.38520, 4.8619059
0xEEEE, 9016401, 2885, 0002, 0.79458, 4.8547341
0xEEEE, 9019527, 2886, 0003, 0.80103, 4.8542763
0xEEEE, 9022667, 2887, 0003, 0.78652, 4.8567178
0xEEEE, 9025777, 2888, 0004, 1.17978, 4.8592355
0xEEEE, 9028902, 2889, 0004, 1.17333, 4.8423743
0xEEEE, 9032036, 2890, 0005, 1.57868, 4.8507668
0xEEEE, 9035163, 2891, 0005, 1.58110, 4.8612192
0xEEEE, 9038288, 2892, 0006, 1.97275, 4.8599985
0xEEEE, 9041413, 2893, 0006, 2.39744, 4.8485542
0xEEEE, 9044539, 2894, 0007, 2.36601, 4.8493172
0xEEEE, 9047671, 2895, 0007, 2.36601, 4.8593881
0xEEEE, 9050788, 2896, 0007, 2.55136, 4.8503853
0xEEEE, 9053902, 2897, 0007, 2.55297, 4.8493172
0xEEEE, 9057054, 2898, 0006, 2.54974, 4.8530556
0xEEEE, 9060161, 2899, 0006, 2.55700, 4.8551156
0xEEEE, 9063287, 2900, 0005, 2.36681, 4.8542763
0xEEEE, 9066412, 2901, 0005, 2.36762, 4.8513771
0xEEEE, 9069547, 2902, 0004, 1.96469, 4.8618296
0xEEEE, 9072668, 2903, 0004, 1.97275, 4.8573281
0xEEEE, 9075777, 2904, 0003, 1.61897, 4.8400855
0xEEEE, 9078902, 2905, 0003, 1.57868, 4.8477913
0xEEEE, 9082044, 2906, 0002, 1.18139, 4.8642710
0xEEEE, 9085151, 2907, 0002, 0.78733, 4.8525978
0xEEEE, 9088276, 2908, 0001, 0.78813, 4.8480201
0xEEEE, 9091401, 2909, 0001, 0.78733, 4.8542763
0xEEEE, 9094526, 2910, 0000, 0.39568, 4.8545815
0xEEEE, 9097659, 2911, 0000, 0.38359, 4.8471809
0xEEEE, 9100788, 2912, 0000, 0.01128, 4.8529793
0xEEEE, 9103913, 2913, 0000, 0.01209, 4.8574807
0xEEEE, 9107068, 2914, 0001, 0.01128, 4.8545815
0xEEEE, 9110164, 2915, 0001, 0.39245, 4.8448157
0xEEEE, 9113289, 2916, 0002, 0.39165, 4.8471046
0xEEEE, 9116412, 2917, 0002, 0.39245, 4.8580911
0xEEEE, 9119538, 2918, 0003, 0.78733, 4.8658732
0xEEEE, 9122680, 2919, 0003, 0.78652, 4.8570993
0xEEEE, 9125787, 2920, 0004, 1.18220, 4.8510719
0xEEEE, 9128922, 2921, 0004, 1.18220, 4.8579385
0xEEEE, 9132043, 2922, 0005, 1.57223, 4.8652628
0xEEEE, 9135162, 2923, 0005, 1.97275, 4.8554208
0xEEEE, 9138285, 2924, 0006, 1.96952, 4.8561837
0xEEEE, 9141411, 2925, 0006, 1.97194, 4.8588540
0xEEEE, 9144526, 2926, 0007, 2.36117, 4.8582437
0xEEEE, 9147659, 2927, 0007, 2.36681, 4.8435950
0xEEEE, 9150777, 2928, 0007, 2.55216, 4.8617533
0xEEEE, 9153913, 2929, 0007, 2.55941, 4.8551156
0xEEEE, 9157036, 2930, 0006, 2.55216, 4.8505379
0xEEEE, 9160151, 2931, 0006, 2.36762, 4.8474861
0xEEEE, 9163277, 2932, 0005, 2.39824, 4.8596933
0xEEEE, 9166418, 2933, 0005, 2.37810, 4.8590829
0xEEEE, 9169538, 2934, 0004, 1.97275, 4.8528267
0xEEEE, 9172670, 2935, 0004, 1.96308, 4.8537423
0xEEEE, 9175788, 2936, 0003, 1.57868, 4.8577859
0xEEEE, 9178913, 2937, 0003, 1.57707, 4.8568704
0xEEEE, 9182047, 2938, 0002, 1.18300, 4.8515297
0xEEEE, 9185163, 2939, 0002, 0.78733, 4.8563363
0xEEEE, 9188283, 2940, 0001, 0.78410, 4.8605325
0xEEEE, 9191411, 2941, 0001, 0.75106, 4.8437476
0xEEEE, 9194536, 2942, 0000, 0.39245, 4.8490120
0xEEEE, 9197668, 2943, 0000, 0.39326, 4.8567178
0xEEEE, 9200788, 2944, 0000, 0.01209, 4.8607614
0xEEEE, 9203911, 2945, 0000, 0.01209, 4.8491646
0xEEEE, 9207065, 2946, 0001, 0.01128, 4.8570993
0xEEEE, 9210153, 2947, 0001, 0.39245, 4.8584726
0xEEEE, 9213287, 2948, 0002, 0.39084, 4.8586252
0xEEEE, 9216401, 2949, 0002, 0.39487, 4.8542763
0xEEEE, 9219527, 2950, 0003, 0.79619, 4.8557259
0xEEEE, 9222659, 2951, 0003, 0.78894, 4.8633555
0xEEEE, 9225777, 2952, 0004, 1.18300, 4.8477913
0xEEEE, 9228902, 2953, 0004, 1.18220, 4.8496986
0xEEEE, 9232037, 2954, 0005, 1.57626, 4.8542000
0xEEEE, 9235163, 2955, 0005, 1.57465, 4.8582437
0xEEEE, 9238288, 2956, 0006, 1.95421, 4.8480201
0xEEEE, 9241413, 2957, 0006, 1.97275, 4.8437476
0xEEEE, 9244539, 2958, 0007, 2.36520, 4.8606088
0xEEEE, 9247671, 2959, 0007, 2.36440, 4.8496986
0xEEEE, 9250798, 2960, 0007, 2.55377, 4.8554208
0xEEEE, 9253903, 2961, 0007, 2.55055, 4.8614481
0xEEEE, 9257054, 2962, 0006, 2.59004, 4.8603799
0xEEEE, 9260161, 2963, 0006, 2.54974, 4.8486305
0xEEEE, 9263286, 2964, 0005, 2.36681, 4.8503853
0xEEEE, 9266412, 2965, 0005, 2.36681, 4.8559548
0xEEEE, 9269536, 2966, 0004, 1.96066, 4.8631266
0xEEEE, 9272668, 2967, 0004, 1.97275, 4.8593881
0xEEEE, 9275777, 2968, 0003, 1.58190, 4.8439002
0xEEEE, 9278902, 2969, 0003, 1.18220, 4.8548104
0xEEEE, 9282036, 2970, 0002, 1.18220, 4.8580911
0xEEEE, 9285151, 2971, 0002, 1.19670, 4.8532845
0xEEEE, 9288277, 2972, 0001, 0.78733, 4.8535897
0xEEEE, 9291402, 2973, 0001, 0.78733, 4.8586252
0xEEEE, 9294527, 2974, 0000, 0.39245, 4.8537423
0xEEEE, 9297671, 2975, 0000, 0.39326, 4.8498512
0xEEEE, 9300788, 2976, 0000, 0.01209, 4.8548867
0xEEEE, 9303913, 2977, 0000, 0.01209, 4.8622873
0xEEEE, 9307064, 2978, 0001, 0.01209, 4.8558022
0xEEEE, 9310164, 2979, 0001, 0.01209, 4.8527504
0xEEEE, 9313289, 2980, 0002, 0.41099, 4.8506905
0xEEEE, 9316413, 2981, 0002, 0.39245, 4.8622110
0xEEEE, 9319527, 2982, 0003, 0.78733, 4.8542000
0xEEEE, 9322679, 2983, 0003, 0.78571, 4.8468757
0xEEEE, 9325786, 2984, 0004, 1.16608, 4.8526741
0xEEEE, 9328911, 2985, 0004, 1.57868, 4.8515297
0xEEEE, 9332042, 2986, 0005, 1.57788, 4.8510719
0xEEEE, 9335170, 2987, 0005, 1.57949, 4.8509194
0xEEEE, 9338285, 2988, 0006, 1.96872, 4.8602274
0xEEEE, 9341410, 2989, 0006, 1.97275, 4.8551156
0xEEEE, 9344526, 2990, 0007, 2.37326, 4.8516823
0xEEEE, 9347660, 2991, 0007, 2.36601, 4.8535134
0xEEEE, 9350777, 2992, 0007, 2.55055, 4.8599985
0xEEEE, 9353902, 2993, 0007, 2.55458, 4.8516060
0xEEEE, 9357035, 2994, 0006, 2.54974, 4.8419928
0xEEEE, 9360152, 2995, 0006, 2.54974, 4.8522927
0xEEEE, 9363276, 2996, 0005, 2.36601, 4.8582437
0xEEEE, 9366410, 2997, 0005, 2.36681, 4.8529030
0xEEEE, 9369538, 2998, 0004, 1.97355, 4.8513008
0xEEEE, 9372670, 2999, 0004, 1.97114, 4.8604562
0xEEEE, 9375790, 3000, 0003, 1.57868, 4.8551156
0xEEEE, 9378914, 3001, 0003, 1.58029, 4.8477150
0xEEEE, 9382055, 3002, 0002, 1.19267, 4.8532845
0xEEEE, 9385163, 3003, 0002, 1.18381, 4.8626688
0xEEEE, 9388282, 3004, 0001, 0.78733, 4.8532082
0xEEEE, 9391411, 3005, 0001, 0.79377, 4.8468757
0xEEEE, 9394544, 3006, 0000, 0.38117, 4.8526741
0xEEEE, 9397668, 3007, 0000, 0.01209, 4.8593881
0xEEEE, 9400787, 3008, 0000, 0.01209, 4.8560311
0xEEEE, 9403911, 3009, 0000, 0.01209, 4.8544289
0xEEEE, 9407065, 3010, 0001, 0.01209, 4.8617533
0xEEEE, 9410153, 3011, 0001, 0.01209, 4.8583963
0xEEEE, 9413276, 3012, 0002, 0.39245, 4.8560311
0xEEEE, 9416401, 3013, 0002, 0.39326, 4.8532082
0xEEEE, 9419535, 3014, 0003, 0.77846, 4.8616770
0xEEEE, 9422659, 3015, 0003, 1.18300, 4.8541238
0xEEEE, 9425777, 3016, 0004, 1.18220, 4.8455024
0xEEEE, 9428902, 3017, 0004, 1.18220, 4.8533608
0xEEEE, 9432039, 3018, 0005, 1.55209, 4.8594644
0xEEEE, 9435163, 3019, 0005, 1.57868, 4.8593118
0xEEEE, 9438289, 3020, 0006, 1.97194, 4.8493172
0xEEEE, 9441413, 3021, 0006, 1.97355, 4.8509194
0xEEEE, 9444539, 3022, 0007, 2.36601, 4.8539712
0xEEEE, 9447671, 3023, 0007, 2.54974, 4.8564889
0xEEEE, 9450788, 3024, 0007, 2.55136, 4.8554208
0xEEEE, 9453904, 3025, 0007, 2.55055, 4.8625925
0xEEEE, 9457042, 3026, 0006, 2.55619, 4.8577096
0xEEEE, 9460161, 3027, 0006, 2.55458, 4.8448920
0xEEEE, 9463286, 3028, 0005, 2.36681, 4.8509194
0xEEEE, 9466421, 3029, 0005, 2.33941, 4.8590066
0xEEEE, 9469537, 3030, 0004, 1.97436, 4.8598459
0xEEEE, 9472669, 3031, 0004, 1.57707, 4.8486305
0xEEEE, 9475777, 3032, 0003, 1.57868, 4.8490120
0xEEEE, 9478910, 3033, 0003, 1.57868, 4.8583200
0xEEEE, 9482035, 3034, 0002, 1.18381, 4.8551919
0xEEEE, 9485151, 3035, 0002, 1.18945, 4.8500801
0xEEEE, 9488276, 3036, 0001, 0.79941, 4.8545052
0xEEEE, 9491402, 3037, 0001, 0.78894, 4.8578622
0xEEEE, 9494527, 3038, 0000, 0.39326, 4.8519875
0xEEEE, 9497661, 3039, 0000, 0.01209, 4.8445869
0xEEEE, 9500789, 3040, 0000, 0.01209, 4.8522927
0xEEEE, 9503913, 3041, 0000, 0.01370, 4.8641184
0xEEEE, 9507065, 3042, 0001, 0.01209, 4.8518349
0xEEEE, 9510164, 3043, 0001, 0.01209, 4.8469520
0xEEEE, 9513289, 3044, 0002, 0.39729, 4.8596170
0xEEEE, 9516413, 3045, 0002, 0.39568, 4.8583963
0xEEEE, 9519526, 3046, 0003, 0.78813, 4.8574807
0xEEEE, 9522679, 3047, 0003, 1.17656, 4.8531319
0xEEEE, 9525797, 3048, 0004, 1.18703, 4.8597696
0xEEEE, 9528911, 3049, 0004, 1.22249, 4.8533608
0xEEEE, 9532043, 3050, 0005, 1.57707, 4.8480201
0xEEEE, 9535162, 3051, 0005, 1.56901, 4.8502327
0xEEEE, 9538285, 3052, 0006, 1.97355, 4.8604562
0xEEEE, 9541401, 3053, 0006, 1.97597, 4.8548867
0xEEEE, 9544527, 3054, 0007, 2.36601, 4.8455787
0xEEEE, 9547659, 3055, 0007, 2.36601, 4.8576333
0xEEEE, 9550783, 3056, 0007, 2.55941, 4.8639658
0xEEEE, 9553902, 3057, 0007, 2.54733, 4.8525216
0xEEEE, 9557036, 3058, 0006, 2.54974, 4.8549630
0xEEEE, 9560151, 3059, 0006, 2.48366, 4.8544289
0xEEEE, 9563286, 3060, 0005, 2.37890, 4.8587015
0xEEEE, 9566413, 3061, 0005, 1.97033, 4.8473335
0xEEEE, 9569538, 3062, 0004, 2.01385, 4.8519875
0xEEEE, 9572670, 3063, 0004, 1.97436, 4.8613718
0xEEEE, 9575789, 3064, 0003, 1.57707, 4.8595407
0xEEEE, 9578914, 3065, 0003, 1.57707, 4.8461128
0xEEEE, 9582047, 3066, 0002, 1.18864, 4.8587015
0xEEEE, 9585163, 3067, 0002, 1.18300, 4.8647288
0xEEEE, 9588284, 3068, 0001, 0.78733, 4.8565652
0xEEEE, 9591411, 3069, 0001, 0.39084, 4.8452735
0xEEEE, 9594536, 3070, 0000, 0.39004, 4.8540475
0xEEEE, 9597668, 3071, 0000, 0.39084, 4.8645762
0xEEEE, 9600787, 3072, 0000, 0.01209, 4.8535897
0xEEEE, 9603912, 3073, 0000, 0.01209, 4.8503090
0xEEEE, 9607064, 3074, 0001, 0.01128, 4.8583963
0xEEEE, 9610172, 3075, 0001, 0.01209, 4.8516060
0xEEEE, 9613276, 3076, 0002, 0.39165, 4.8488594
0xEEEE, 9616401, 3077, 0002, 0.78813, 4.8581674
0xEEEE, 9619526, 3078, 0003, 0.78813, 4.8608377
0xEEEE, 9622659, 3079, 0003, 0.79377, 4.8532082
0xEEEE, 9625779, 3080, 0004, 1.18300, 4.8434424
0xEEEE, 9628902, 3081, 0004, 1.18300, 4.8538186
0xEEEE, 9632040, 3082, 0005, 1.59641, 4.8554208
0xEEEE, 9635163, 3083, 0005, 1.57868, 4.8516060
0xEEEE, 9638288, 3084, 0006, 1.95985, 4.8511482
0xEEEE, 9641413, 3085, 0006, 2.36762, 4.8577096
0xEEEE, 9644539, 3086, 0007, 2.39905, 4.8596933
0xEEEE, 9647680, 3087, 0007, 2.37165, 4.8550393
0xEEEE, 9650789, 3088, 0007, 2.55055, 4.8535897
0xEEEE, 9653906, 3089, 0007, 2.55136, 4.8612955
0xEEEE, 9657043, 3090, 0006, 2.51670, 4.8542000
0xEEEE, 9660161, 3091, 0006, 2.55136, 4.8513771
0xEEEE, 9663286, 3092, 0005, 2.36601, 4.8538186
0xEEEE, 9666412, 3093, 0005, 1.97194, 4.8630503
0xEEEE, 9669536, 3094, 0004, 1.97355, 4.8551919
0xEEEE, 9672668, 3095, 0004, 1.97275, 4.8455024
0xEEEE, 9675777, 3096, 0003, 1.57868, 4.8537423
0xEEEE, 9678902, 3097, 0003, 1.56256, 4.8586252
0xEEEE, 9682036, 3098, 0002, 1.18381, 4.8492409
0xEEEE, 9685151, 3099, 0002, 1.18059, 4.8543526
0xEEEE, 9688278, 3100, 0001, 0.80103, 4.8561837
0xEEEE, 9691401, 3101, 0001, 0.78974, 4.8611429
0xEEEE, 9694538, 3102, 0000, 0.39245, 4.8522164
0xEEEE, 9697662, 3103, 0000, 0.39326, 4.8457313
0xEEEE, 9700788, 3104, 0000, 0.01209, 4.8587015
0xEEEE, 9703913, 3105, 0000, 0.01209, 4.8714427
0xEEEE, 9707074, 3106, 0001, 0.01209, 4.8497749
0xEEEE, 9710164, 3107, 0001, 0.38842, 4.8472572
0xEEEE, 9713289, 3108, 0002, 0.39568, 4.8603799
0xEEEE, 9716413, 3109, 0002, 0.41018, 4.8637369
0xEEEE, 9719527, 3110, 0003, 0.83245, 4.8475624
0xEEEE, 9722679, 3111, 0003, 0.78733, 4.8547341
0xEEEE, 9725786, 3112, 0004, 1.18300, 4.8595407
0xEEEE, 9728912, 3113, 0004, 1.19267, 4.8503853
0xEEEE, 9732049, 3114, 0005, 1.57788, 4.8494697
0xEEEE, 9735162, 3115, 0005, 1.97758, 4.8595407
0xEEEE, 9738286, 3116, 0006, 1.97194, 4.8623636
0xEEEE, 9741402, 3117, 0006, 1.98725, 4.8441291
0xEEEE, 9744527, 3118, 0007, 2.36601, 4.8419928
0xEEEE, 9747660, 3119, 0007, 2.36681, 4.8585489
0xEEEE, 9750778, 3120, 0007, 2.53846, 4.8601511
0xEEEE, 9753901, 3121, 0007, 2.55216, 4.8487831
0xEEEE, 9757035, 3122, 0006, 2.55055, 4.8507668
0xEEEE, 9760151, 3123, 0006, 2.36762, 4.8603799
0xEEEE, 9763277, 3124, 0005, 2.36601, 4.8503090
0xEEEE, 9766413, 3125, 0005, 2.36681, 4.8508431
0xEEEE, 9769538, 3126, 0004, 1.97114, 4.8624399
0xEEEE, 9772670, 3127, 0004, 1.97355, 4.8620584
0xEEEE, 9775790, 3128, 0003, 1.60769, 4.8524453
0xEEEE, 9778924, 3129, 0003, 1.57788, 4.8500801
0xEEEE, 9782047, 3130, 0002, 1.17978, 4.8569467
0xEEEE, 9785163, 3131, 0002, 0.78894, 4.8543526
0xEEEE, 9788286, 3132, 0001, 0.78733, 4.8569467
0xEEEE, 9791419, 3133, 0001, 0.78813, 4.8516823
0xEEEE, 9794536, 3134, 0000, 0.39407, 4.8562600
0xEEEE, 9797668, 3135, 0000, 0.38923, 4.8491646
0xEEEE, 9800787, 3136, 0000, 0.01128, 4.8483253
0xEEEE, 9803911, 3137, 0000, 0.01128, 4.8577859
0xEEEE, 9807064, 3138, 0001, 0.01209, 4.8603799
0xEEEE, 9810153, 3139, 0001, 0.39245, 4.8506142
0xEEEE, 9813278, 3140, 0002, 0.39165, 4.8541238
0xEEEE, 9816404, 3141, 0002, 0.39084, 4.8556497
0xEEEE, 9819526, 3142, 0003, 0.78894, 4.8648814
0xEEEE, 9822660, 3143, 0003, 0.79136, 4.8535897
0xEEEE, 9825777, 3144, 0004, 1.18300, 4.8400092
0xEEEE, 9828902, 3145, 0004, 1.18220, 4.8548104
0xEEEE, 9832042, 3146, 0005, 1.57707, 4.8590829
0xEEEE, 9835163, 3147, 0005, 1.97516, 4.8536660
0xEEEE, 9838298, 3148, 0006, 1.97114, 4.8538186
0xEEEE, 9841413, 3149, 0006, 1.97275, 4.8593881
0xEEEE, 9844539, 3150, 0007, 2.36601, 4.8537423
0xEEEE, 9847671, 3151, 0007, 2.36601, 4.8503090
0xEEEE, 9850788, 3152, 0007, 2.55136, 4.8541238
0xEEEE, 9853908, 3153, 0007, 2.55377, 4.8616007
0xEEEE, 9857042, 3154, 0006, 2.55055, 4.8500801
0xEEEE, 9860161, 3155, 0006, 2.55136, 4.8384833
0xEEEE, 9863295, 3156, 0005, 2.37487, 4.8558785
0xEEEE, 9866411, 3157, 0005, 2.36359, 4.8651102
0xEEEE, 9869536, 3158, 0004, 1.97355, 4.8538186
0xEEEE, 9872668, 3159, 0004, 1.96549, 4.8516823
0xEEEE, 9875796, 3160, 0003, 1.57788, 4.8544289
0xEEEE, 9878902, 3161, 0003, 1.16689, 4.8550393
0xEEEE, 9882036, 3162, 0002, 1.18220, 4.8500038
0xEEEE, 9885152, 3163, 0002, 1.18381, 4.8536660
0xEEEE, 9888277, 3164, 0001, 0.79136, 4.8653391
0xEEEE, 9891401, 3165, 0001, 0.79861, 4.8564889
0xEEEE, 9894526, 3166, 0000, 0.39245, 4.8447395
0xEEEE, 9897664, 3167, 0000, 0.39245, 4.8605325
0xEEEE, 9900789, 3168, 0000, 0.01209, 4.8603799
0xEEEE, 9903913, 3169, 0000, 0.01209, 4.8489357
0xEEEE, 9907065, 3170, 0001, 0.01209, 4.8469520
0xEEEE, 9910164, 3171, 0001, 0.01209, 4.8534371
0xEEEE, 9913288, 3172, 0002, 0.39245, 4.8611429
0xEEEE, 9916413, 3173, 0002, 0.39487, 4.8481727
0xEEEE, 9919528, 3174, 0003, 0.76234, 4.8577096
0xEEEE, 9922690, 3175, 0003, 0.78813, 4.8577096
0xEEEE, 9925786, 3176, 0004, 1.18381, 4.8600748
0xEEEE, 9928912, 3177, 0004, 1.58755, 4.8370336
0xEEEE, 9932043, 3178, 0005, 1.57788, 4.8512245
0xEEEE, 9935162, 3179, 0005, 1.57626, 4.8622873
0xEEEE, 9938287, 3180, 0006, 1.95663, 4.8624399
0xEEEE, 9941401, 3181, 0006, 1.97275, 4.8374151
0xEEEE, 9944526, 3182, 0007, 2.36681, 4.8477150
0xEEEE, 9947659, 3183, 0007, 2.36601, 4.8618296
0xEEEE, 9950777, 3184, 0007, 2.54733, 4.8594644
0xEEEE, 9953901, 3185, 0007, 2.55216, 4.8563363
0xEEEE, 9957035, 3186, 0006, 2.58198, 4.8573281
0xEEEE, 9960161, 3187, 0006, 2.57311, 4.8560311
0xEEEE, 9963278, 3188, 0005, 2.37326, 4.8484779
0xEEEE, 9966413, 3189, 0005, 2.36762, 4.8558022
0xEEEE, 9969538, 3190, 0004, 1.96066, 4.8638132
0xEEEE, 9972670, 3191, 0004, 1.97275, 4.8567178
0xEEEE, 9975789, 3192, 0003, 1.58352, 4.8497749
0xEEEE, 9978914, 3193, 0003, 1.18381, 4.8533608
0xEEEE, 9982047, 3194, 0002, 1.18300, 4.8602274
0xEEEE, 9985151, 3195, 0002, 1.18059, 4.8589303
0xEEEE, 9988286, 3196, 0001, 0.78813, 4.8483253
0xEEEE, 9991411, 3197, 0001, 0.78974, 4.8542763
0xEEEE, 9994536, 3198, 0000, 0.39245, 4.8573281
0xEEEE, 9997669, 3199, 0000, 0.39245, 4.8460365
0xEEEE, 10000788, 3200, 0000, 0.01128, 4.8458839
0xEEEE, 10003911, 3201, 0000, 0.01209, 4.8591592
0xEEEE, 10007075, 3202, 0001, 0.01209, 4.8577096
0xEEEE, 10010153, 3203, 0001, 0.01209, 4.8448157
0xEEEE, 10013276, 3204, 0002, 0.40938, 4.8477150
0xEEEE, 10016401, 3205, 0002, 0.39245, 4.8658732
0xEEEE, 10019527, 3206, 0003, 0.78733, 4.8623636
0xEEEE, 10022659, 3207, 0003, 1.18542, 4.8529793
0xEEEE, 10025777, 3208, 0004, 1.18300, 4.8538186
0xEEEE, 10028902, 3209, 0004, 1.18300, 4.8585489
0xEEEE, 10032044, 3210, 0005, 1.57949, 4.8546578
0xEEEE, 10035163, 3211, 0005, 1.57707, 4.8628214
0xEEEE, 10038288, 3212, 0006, 1.97194, 4.8581674
0xEEEE, 10041413, 3213, 0006, 2.00015, 4.8543526
0xEEEE, 10044547, 3214, 0007, 2.37084, 4.8477150
0xEEEE, 10047671, 3215, 0007, 2.55297, 4.8500038
0xEEEE, 10050789, 3216, 0007, 2.55136, 4.8617533
0xEEEE, 10053909, 3217, 0007, 2.58037, 4.8605325
0xEEEE, 10057043, 3218, 0006, 2.55055, 4.8496986
0xEEEE, 10060161, 3219, 0006, 2.55136, 4.8502327
0xEEEE, 10063287, 3220, 0005, 2.36520, 4.8581674
0xEEEE, 10066411, 3221, 0005, 2.36681, 4.8628977
0xEEEE, 10069536, 3222, 0004, 1.97355, 4.8492409
0xEEEE, 10072668, 3223, 0004, 1.60044, 4.8535897
0xEEEE, 10075777, 3224, 0003, 1.57788, 4.8604562
0xEEEE, 10078902, 3225, 0003, 1.58352, 4.8506905
0xEEEE, 10082035, 3226, 0002, 1.20960, 4.8496223
0xEEEE, 10085151, 3227, 0002, 1.18300, 4.8615244
0xEEEE, 10088277, 3228, 0001, 0.79136, 4.8630503
0xEEEE, 10091413, 3229, 0001, 0.78491, 4.8566415
0xEEEE, 10094526, 3230, 0000, 0.40454, 4.8487831
0xEEEE, 10097666, 3231, 0000, 0.01209, 4.8596170
0xEEEE, 10100788, 3232, 0000, 0.01451, 4.8551919
0xEEEE, 10103922, 3233, 0000, 0.01209, 4.8543526
0xEEEE, 10107065, 3234, 0001, 0.01209, 4.8573281
0xEEEE, 10110163, 3235, 0001, 0.01209, 4.8595407
0xEEEE, 10113288, 3236, 0002, 0.39326, 4.8524453
0xEEEE, 10116413, 3237, 0002, 0.39407, 4.8520638
0xEEEE, 10119530, 3238, 0003, 0.79861, 4.8562600
0xEEEE, 10122668, 3239, 0003, 1.18462, 4.8609140
0xEEEE, 10125787, 3240, 0004, 1.18381, 4.8553445
0xEEEE, 10128918, 3241, 0004, 1.18623, 4.8435950
0xEEEE, 10132043, 3242, 0005, 1.57868, 4.8557259
0xEEEE, 10135161, 3243, 0005, 1.57788, 4.8624399
0xEEEE, 10138286, 3244, 0006, 1.97275, 4.8474861
0xEEEE, 10141401, 3245, 0006, 1.97194, 4.8495460
0xEEEE, 10144526, 3246, 0007, 2.36681, 4.8574044
0xEEEE, 10147659, 3247, 0007, 2.56586, 4.8559548
0xEEEE, 10150777, 3248, 0007, 2.55136, 4.8502327
0xEEEE, 10153901, 3249, 0007, 2.55055, 4.8530556
0xEEEE, 10157035, 3250, 0006, 2.55136, 4.8612192
0xEEEE, 10160151, 3251, 0006, 2.54813, 4.8495460
0xEEEE, 10163280, 3252, 0005, 2.36601, 4.8476387
0xEEEE, 10166413, 3253, 0005, 2.37971, 4.8570993
0xEEEE, 10169538, 3254, 0004, 1.97114, 4.8651865
0xEEEE, 10172670, 3255, 0004, 1.97194, 4.8592355
0xEEEE, 10175798, 3256, 0003, 1.57868, 4.8480201
0xEEEE, 10178914, 3257, 0003, 1.57868, 4.8548867
0xEEEE, 10182047, 3258, 0002, 1.18462, 4.8628214
0xEEEE, 10185151, 3259, 0002, 1.18784, 4.8542763
0xEEEE, 10188306, 3260, 0001, 0.78894, 4.8511482
0xEEEE, 10191411, 3261, 0001, 0.39084, 4.8564126
0xEEEE, 10194536, 3262, 0000, 0.39326, 4.8519112
0xEEEE, 10197669, 3263, 0000, 0.39165, 4.8461128
0xEEEE, 10200787, 3264, 0000, 0.01209, 4.8521401
0xEEEE, 10203911, 3265, 0000, 0.01128, 4.8618296
0xEEEE, 10207063, 3266, 0001, 0.01209, 4.8535134
0xEEEE, 10210153, 3267, 0001, 0.01209, 4.8403143
0xEEEE, 10213277, 3268, 0002, 0.41502, 4.8528267
0xEEEE, 10216402, 3269, 0002, 0.78813, 4.8576333
0xEEEE, 10219527, 3270, 0003, 0.78894, 4.8549630
0xEEEE, 10222659, 3271, 0003, 0.78974, 4.8529793
0xEEEE, 10225777, 3272, 0004, 1.18462, 4.8574044
0xEEEE, 10228903, 3273, 0004, 1.18300, 4.8561074
0xEEEE, 10232044, 3274, 0005, 1.57949, 4.8490883
0xEEEE, 10235173, 3275, 0005, 1.58110, 4.8499275
0xEEEE, 10238287, 3276, 0006, 1.97355, 4.8622110
0xEEEE, 10241414, 3277, 0006, 2.36601, 4.8567941
0xEEEE, 10244538, 3278, 0007, 2.36842, 4.8477913
0xEEEE, 10247671, 3279, 0007, 2.36601, 4.8533608
0xEEEE, 10250790, 3280, 0007, 2.55458, 4.8619821
0xEEEE, 10253911, 3281, 0007, 2.54813, 4.8529793
0xEEEE, 10257043, 3282, 0006, 2.55136, 4.8488594
0xEEEE, 10260167, 3283, 0006, 2.59890, 4.8566415
0xEEEE, 10263287, 3284, 0005, 2.35875, 4.8587778
0xEEEE, 10266411, 3285, 0005, 1.96872, 4.8497749
0xEEEE, 10269535, 3286, 0004, 1.96227, 4.8477150
0xEEEE, 10272677, 3287, 0004, 1.97758, 4.8591592
0xEEEE, 10275777, 3288, 0003, 1.57788, 4.8587015
0xEEEE, 10278902, 3289, 0003, 1.57949, 4.8503853
0xEEEE, 10282036, 3290, 0002, 1.21363, 4.8534371
0xEEEE, 10285151, 3291, 0002, 1.18381, 4.8627451
0xEEEE, 10288276, 3292, 0001, 0.78813, 4.8509957
0xEEEE, 10291401, 3293, 0001, 0.38842, 4.8468757
0xEEEE, 10294526, 3294, 0000, 0.37956, 4.8511482
0xEEEE, 10297668, 3295, 0000, 0.37956, 4.8603799
0xEEEE, 10300788, 3296, 0000, 0.01209, 4.8517586
0xEEEE, 10303913, 3297, 0000, 0.01209, 4.8506142
0xEEEE, 10307065, 3298, 0001, 0.01128, 4.8544289
0xEEEE, 10310164, 3299, 0001, 0.01128, 4.8577096
0xEEEE, 10313289, 3300, 0002, 0.39245, 4.8470283
0xEEEE, 10316413, 3301, 0002, 0.63905, 4.8496986
0xEEEE, 10319554, 3302, 0003, 0.78652, 4.8625162
0xEEEE, 10322668, 3303, 0003, 0.76154, 4.8522927
0xEEEE, 10325786, 3304, 0004, 1.18300, 4.8419928
0xEEEE, 10328912, 3305, 0004, 1.18220, 4.8496223
0xEEEE, 10332042, 3306, 0005, 1.58835, 4.8611429
0xEEEE, 10335161, 3307, 0005, 1.97275, 4.8635080
0xEEEE, 10338286, 3308, 0006, 1.98564, 4.8596170
0xEEEE, 10341401, 3309, 0006, 1.97194, 4.8500038
0xEEEE, 10344526, 3310, 0007, 2.35795, 4.8553445
0xEEEE, 10347659, 3311, 0007, 2.35956, 4.8527504
0xEEEE, 10350777, 3312, 0007, 2.54733, 4.8551919
0xEEEE, 10353902, 3313, 0007, 2.55136, 4.8621347
0xEEEE, 10357042, 3314, 0006, 2.59971, 4.8551919
0xEEEE, 10360151, 3315, 0006, 2.34908, 4.8448157
0xEEEE, 10363282, 3316, 0005, 2.36601, 4.8500801
0xEEEE, 10366413, 3317, 0005, 2.36681, 4.8646525
0xEEEE, 10369537, 3318, 0004, 1.97275, 4.8630503
0xEEEE, 10372670, 3319, 0004, 1.97355, 4.8423743
0xEEEE, 10375789, 3320, 0003, 1.57949, 4.8527504
0xEEEE, 10378914, 3321, 0003, 1.54000, 4.8598459
0xEEEE, 10382046, 3322, 0002, 1.18300, 4.8480201
0xEEEE, 10385153, 3323, 0002, 0.77927, 4.8523690
0xEEEE, 10388286, 3324, 0001, 0.82198, 4.8568704
0xEEEE, 10391411, 3325, 0001, 0.78894, 4.8615244
0xEEEE, 10394536, 3326, 0000, 0.39245, 4.8506905
0xEEEE, 10397668, 3327, 0000, 0.39245, 4.8542763
0xEEEE, 10400787, 3328, 0000, 0.01128, 4.8615244
0xEEEE, 10403922, 3329, 0000, 0.01209, 4.8574807
0xEEEE, 10407064, 3330, 0001, 0.01209, 4.8481727
0xEEEE, 10410153, 3331, 0001, 0.39165, 4.8497749
0xEEEE, 10413277, 3332, 0002, 0.39729, 4.8552682
0xEEEE, 10416402, 3333, 0002, 0.36425, 4.8506905
0xEEEE, 10419526, 3334, 0003, 0.78733, 4.8458839
0xEEEE, 10422659, 3335, 0003, 0.78813, 4.8518349
0xEEEE, 10425777, 3336, 0004, 1.18864, 4.8618296
0xEEEE, 10428903, 3337, 0004, 1.15963, 4.8519875
0xEEEE, 10432044, 3338, 0005, 1.57868, 4.8500038
0xEEEE, 10435163, 3339, 0005, 1.93568, 4.8583200
0xEEEE, 10438289, 3340, 0006, 1.97355, 4.8614481
0xEEEE, 10441421, 3341, 0006, 2.01707, 4.8557259
0xEEEE, 10444538, 3342, 0007, 2.36762, 4.8498512
0xEEEE, 10447670, 3343, 0007, 2.36601, 4.8558022
0xEEEE, 10450777, 3344, 0007, 2.54894, 4.8589303
0xEEEE, 10453911, 3345, 0007, 2.55216, 4.8545815
0xEEEE, 10457043, 3346, 0006, 2.55136, 4.8544289
0xEEEE, 10460161, 3347, 0006, 2.36520, 4.8587015
0xEEEE, 10463287, 3348, 0005, 2.36117, 4.8546578
0xEEEE, 10466412, 3349, 0005, 2.36601, 4.8489357
0xEEEE, 10469535, 3350, 0004, 1.97436, 4.8572519
0xEEEE, 10472669, 3351, 0004, 1.97355, 4.8647288
0xEEEE, 10475777, 3352, 0003, 1.57868, 4.8548104
0xEEEE, 10478902, 3353, 0003, 1.57707, 4.8521401
0xEEEE, 10482035, 3354, 0002, 1.19509, 4.8538949
0xEEEE, 10485151, 3355, 0002, 1.18381, 4.8603037
0xEEEE, 10488287, 3356, 0001, 0.78813, 4.8513771
0xEEEE, 10491401, 3357, 0001, 0.78813, 4.8499275
0xEEEE, 10494526, 3358, 0000, 0.40293, 4.8539712
0xEEEE, 10497670, 3359, 0000, 0.40051, 4.8607614
0xEEEE, 10500798, 3360, 0000, 0.01209, 4.8500038
0xEEEE, 10503913, 3361, 0000, 0.01209, 4.8563363
0xEEEE, 10507064, 3362, 0001, 0.01209, 4.8613718
0xEEEE, 10510164, 3363, 0001, 0.01209, 4.8545815
0xEEEE, 10513287, 3364, 0002, 0.39245, 4.8504616
0xEEEE, 10516413, 3365, 0002, 0.39245, 4.8561074
0xEEEE, 10519533, 3366, 0003, 0.79055, 4.8667124
0xEEEE, 10522668, 3367, 0003, 0.79619, 4.8548104
0xEEEE, 10525789, 3368, 0004, 1.18220, 4.8511482
0xEEEE, 10528911, 3369, 0004, 1.57949, 4.8555734
0xEEEE, 10532043, 3370, 0005, 1.58835, 4.8630503
0xEEEE, 10535161, 3371, 0005, 1.57707, 4.8535134
0xEEEE, 10538286, 3372, 0006, 1.97839, 4.8539712
0xEEEE, 10541401, 3373, 0006, 1.97275, 4.8551919
0xEEEE, 10544526, 3374, 0007, 2.36601, 4.8582437
0xEEEE, 10547670, 3375, 0007, 2.36762, 4.8460365
0xEEEE, 10550777, 3376, 0007, 2.55216, 4.8496223
0xEEEE, 10553901, 3377, 0007, 2.55055, 4.8587778
0xEEEE, 10557035, 3378, 0006, 2.55619, 4.8554208
0xEEEE, 10560152, 3379, 0006, 2.55216, 4.8494697
0xEEEE, 10563284, 3380, 0005, 2.36681, 4.8497749
0xEEEE, 10566413, 3381, 0005, 2.34828, 4.8608377
0xEEEE, 10569538, 3382, 0004, 1.97194, 4.8586252
0xEEEE, 10572679, 3383, 0004, 1.97516, 4.8543526
0xEEEE, 10575790, 3384, 0003, 1.57626, 4.8557259
0xEEEE, 10578914, 3385, 0003, 1.18220, 4.8516823
0xEEEE, 10582047, 3386, 0002, 1.18381, 4.8496986
0xEEEE, 10585175, 3387, 0002, 1.18462, 4.8529793
0xEEEE, 10588286, 3388, 0001, 0.76960, 4.8620584
0xEEEE, 10591411, 3389, 0001, 0.78894, 4.8552682
0xEEEE, 10594536, 3390, 0000, 0.39245, 4.8514534
0xEEEE, 10597668, 3391, 0000, 0.39326, 4.8541238
0xEEEE, 10600787, 3392, 0000, 0.01209, 4.8645762
0xEEEE, 10603911, 3393, 0000, 0.01209, 4.8558785
0xEEEE, 10607064, 3394, 0001, 0.01128, 4.8439765
0xEEEE, 10610153, 3395, 0001, 0.01209, 4.8526741
0xEEEE, 10613277, 3396, 0002, 0.38923, 4.8611429
0xEEEE, 10616402, 3397, 0002, 0.37714, 4.8599222
0xEEEE, 10619526, 3398, 0003, 0.78813, 4.8516060
0xEEEE, 10622659, 3399, 0003, 0.78894, 4.8577859
0xEEEE, 10625778, 3400, 0004, 1.18462, 4.8590829
0xEEEE, 10628906, 3401, 0004, 1.51663, 4.8482490
0xEEEE, 10632055, 3402, 0005, 1.57788, 4.8464942
0xEEEE, 10635163, 3403, 0005, 1.57949, 4.8636606
0xEEEE, 10638288, 3404, 0006, 1.97275, 4.8632792
0xEEEE, 10641414, 3405, 0006, 1.97275, 4.8501564
0xEEEE, 10644539, 3406, 0007, 2.36440, 4.8442817
0xEEEE, 10647671, 3407, 0007, 2.55136, 4.8548867
0xEEEE, 10650778, 3408, 0007, 2.53766, 4.8525978
0xEEEE, 10653911, 3409, 0007, 2.55136, 4.8498512
0xEEEE, 10657043, 3410, 0006, 2.55216, 4.8501564
0xEEEE, 10660161, 3411, 0006, 2.59004, 4.8587015
0xEEEE, 10663287, 3412, 0005, 2.37245, 4.8466468
0xEEEE, 10666412, 3413, 0005, 2.36762, 4.8482490
0xEEEE, 10669545, 3414, 0004, 1.93568, 4.8606088
0xEEEE, 10672669, 3415, 0004, 1.58029, 4.8594644
0xEEEE, 10675777, 3416, 0003, 1.59802, 4.8538949
0xEEEE, 10678902, 3417, 0003, 1.57707, 4.8463416
0xEEEE, 10682036, 3418, 0002, 1.18542, 4.8622873
0xEEEE, 10685151, 3419, 0002, 1.18220, 4.8604562
0xEEEE, 10688278, 3420, 0001, 0.78894, 4.8496986
0xEEEE, 10691401, 3421, 0001, 0.78894, 4.8542763
0xEEEE, 10694526, 3422, 0000, 0.39648, 4.8597696
0xEEEE, 10697670, 3423, 0000, 0.01209, 4.8561837
0xEEEE, 10700788, 3424, 0000, 0.01209, 4.8555734
0xEEEE, 10703913, 3425, 0000, 0.01209, 4.8625925
0xEEEE, 10707064, 3426, 0001, 0.01209, 4.8614481
0xEEEE, 10710164, 3427, 0001, 0.01209, 4.8550393
0xEEEE, 10713287, 3428, 0002, 0.39245, 4.8414588
0xEEEE, 10716424, 3429, 0002, 0.39326, 4.8582437
0xEEEE, 10719536, 3430, 0003, 0.78733, 4.8622873
0xEEEE, 10722668, 3431, 0003, 1.18784, 4.8509957
0xEEEE, 10725787, 3432, 0004, 1.17817, 4.8525978
0xEEEE, 10728911, 3433, 0004, 1.18220, 4.8559548
0xEEEE, 10732045, 3434, 0005, 1.59641, 4.8621347
0xEEEE, 10735160, 3435, 0005, 1.57868, 4.8459602
0xEEEE, 10738285, 3436, 0006, 1.98484, 4.8564889
0xEEEE, 10741401, 3437, 0006, 1.97355, 4.8549630
0xEEEE, 10744526, 3438, 0007, 2.34264, 4.8494697
0xEEEE, 10747659, 3439, 0007, 2.55377, 4.8448920
0xEEEE, 10750778, 3440, 0007, 2.55136, 4.8540475
0xEEEE, 10753911, 3441, 0007, 2.55055, 4.8644236
0xEEEE, 10757036, 3442, 0006, 2.53282, 4.8489357
0xEEEE, 10760151, 3443, 0006, 2.55216, 4.8496986
0xEEEE, 10763285, 3444, 0005, 2.36601, 4.8599985
0xEEEE, 10766412, 3445, 0005, 2.36520, 4.8587015
0xEEEE, 10769538, 3446, 0004, 1.97194, 4.8482490
0xEEEE, 10772670, 3447, 0004, 1.60850, 4.8490883
0xEEEE, 10775789, 3448, 0003, 1.57707, 4.8585489
0xEEEE, 10778913, 3449, 0003, 1.57143, 4.8547341
0xEEEE, 10782046, 3450, 0002, 1.18300, 4.8561074
0xEEEE, 10785156, 3451, 0002, 1.18462, 4.8520638
0xEEEE, 10788286, 3452, 0001, 0.79780, 4.8632792
0xEEEE, 10791411, 3453, 0001, 0.80344, 4.8498512
0xEEEE, 10794536, 3454, 0000, 0.39326, 4.8470283
0xEEEE, 10797669, 3455, 0000, 0.39245, 4.8564889
0xEEEE, 10800798, 3456, 0000, 0.01209, 4.8619821
0xEEEE, 10803911, 3457, 0000, 0.01209, 4.8571756
0xEEEE, 10807065, 3458, 0001, 0.01209, 4.8461891
0xEEEE, 10810153, 3459, 0001, 0.01209, 4.8570993
0xEEEE, 10813278, 3460, 0002, 0.39407, 4.8545052
0xEEEE, 10816402, 3461, 0002, 0.78974, 4.8477913
0xEEEE, 10819526, 3462, 0003, 0.76234, 4.8601511
0xEEEE, 10822659, 3463, 0003, 0.78813, 4.8609140
0xEEEE, 10825777, 3464, 0004, 1.18381, 4.8553445
0xEEEE, 10828907, 3465, 0004, 1.18945, 4.8468757
0xEEEE, 10832044, 3466, 0005, 1.57788, 4.8535134
0xEEEE, 10835163, 3467, 0005, 1.57626, 4.8643473
0xEEEE, 10838295, 3468, 0006, 1.97355, 4.8596933
0xEEEE, 10841414, 3469, 0006, 2.35553, 4.8490120
0xEEEE, 10844538, 3470, 0007, 2.36601, 4.8543526
0xEEEE, 10847671, 3471, 0007, 2.36520, 4.8597696
0xEEEE, 10850779, 3472, 0007, 2.55136, 4.8603037
0xEEEE, 10853912, 3473, 0007, 2.55136, 4.8493172
0xEEEE, 10857043, 3474, 0006, 2.55136, 4.8628977
0xEEEE, 10860161, 3475, 0006, 2.55055, 4.8532845
0xEEEE, 10863287, 3476, 0005, 2.36601, 4.8484016
0xEEEE, 10866412, 3477, 0005, 1.97194, 4.8493935
0xEEEE, 10869536, 3478, 0004, 1.97436, 4.8625925
0xEEEE, 10872668, 3479, 0004, 1.97275, 4.8608377
0xEEEE, 10875778, 3480, 0003, 1.57626, 4.8452735
0xEEEE, 10878902, 3481, 0003, 1.57788, 4.8542763
0xEEEE, 10882036, 3482, 0002, 1.18462, 4.8649577
0xEEEE, 10885162, 3483, 0002, 1.19267, 4.8543526
0xEEEE, 10888276, 3484, 0001, 0.78813, 4.8468757
0xEEEE, 10891401, 3485, 0001, 0.39326, 4.8561837
0xEEEE, 10894527, 3486, 0000, 0.39245, 4.8562600
0xEEEE, 10897680, 3487, 0000, 0.39245, 4.8443580
0xEEEE, 10900788, 3488, 0000, 0.01209, 4.8515297
0xEEEE, 10903913, 3489, 0000, 0.01128, 4.8599985
0xEEEE, 10907064, 3490, 0001, 0.01128, 4.8554971
0xEEEE, 10910165, 3491, 0001, 0.01209, 4.8472572
0xEEEE, 10913287, 3492, 0002, 0.34733, 4.8507668
0xEEEE, 10916401, 3493, 0002, 0.78894, 4.8622110
0xEEEE, 10919536, 3494, 0003, 0.78894, 4.8625925
0xEEEE, 10922668, 3495, 0003, 0.78974, 4.8590066
0xEEEE, 10925786, 3496, 0004, 1.22652, 4.8496986
0xEEEE, 10928912, 3497, 0004, 1.18381, 4.8535897
0xEEEE, 10932044, 3498, 0005, 1.57385, 4.8560311
0xEEEE, 10935160, 3499, 0005, 1.61817, 4.8558785
0xEEEE, 10938287, 3500, 0006, 1.97114, 4.8613718
0xEEEE, 10941402, 3501, 0006, 2.37165, 4.8594644
0xEEEE, 10944537, 3502, 0007, 2.36923, 4.8477913
0xEEEE, 10947659, 3503, 0007, 2.36520, 4.8466468
0xEEEE, 10950777, 3504, 0007, 2.55216, 4.8619821
0xEEEE, 10953902, 3505, 0007, 2.55297, 4.8570993
0xEEEE, 10957035, 3506, 0006, 2.54894, 4.8466468
0xEEEE, 10960151, 3507, 0006, 2.55136, 4.8469520
0xEEEE, 10963286, 3508, 0005, 2.39179, 4.8606851
0xEEEE, 10966413, 3509, 0005, 2.36198, 4.8619821
0xEEEE, 10969541, 3510, 0004, 1.97194, 4.8519112
0xEEEE, 10972670, 3511, 0004, 1.98967, 4.8545052
0xEEEE, 10975789, 3512, 0003, 1.57788, 4.8545815
0xEEEE, 10978913, 3513, 0003, 1.58029, 4.8511482
0xEEEE, 10982053, 3514, 0002, 1.18381, 4.8480201
0xEEEE, 10985158, 3515, 0002, 0.78733, 4.8609140
0xEEEE, 10988286, 3516, 0001, 0.79216, 4.8588540
0xEEEE, 10991411, 3517, 0001, 0.80344, 4.8504616
0xEEEE, 10994536, 3518, 0000, 0.32960, 4.8519875
0xEEEE, 10997669, 3519, 0000, 0.39165, 4.8606088
0xEEEE, 11000787, 3520, 0000, 0.01209, 4.8565652
0xEEEE, 11003911, 3521, 0000, 0.01209, 4.8478676
0xEEEE, 11007063, 3522, 0001, 0.01128, 4.8538186
0xEEEE, 11010153, 3523, 0001, 0.39245, 4.8590829
0xEEEE, 11013277, 3524, 0002, 0.39245, 4.8519112
0xEEEE, 11016401, 3525, 0002, 0.39245, 4.8480964
0xEEEE, 11019526, 3526, 0003, 0.79136, 4.8582437
0xEEEE, 11022659, 3527, 0003, 0.83487, 4.8603799
0xEEEE, 11025777, 3528, 0004, 1.18300, 4.8474861
0xEEEE, 11028920, 3529, 0004, 1.18462, 4.8447395
0xEEEE, 11032044, 3530, 0005, 1.57788, 4.8570993
0xEEEE, 11035163, 3531, 0005, 1.97033, 4.8609903
0xEEEE, 11038288, 3532, 0006, 1.94132, 4.8489357
0xEEEE, 11041414, 3533, 0006, 1.97275, 4.8508431
0xEEEE, 11044538, 3534, 0007, 2.36520, 4.8586252
0xEEEE, 11047670, 3535, 0007, 2.36198, 4.8552682
0xEEEE, 11050781, 3536, 0007, 2.55458, 4.8580148
0xEEEE, 11053911, 3537, 0007, 2.55055, 4.8558785
0xEEEE, 11057043, 3538, 0006, 2.55055, 4.8609140
0xEEEE, 11060161, 3539, 0006, 2.34344, 4.8419928
0xEEEE, 11063287, 3540, 0005, 2.36601, 4.8393988
0xEEEE, 11066419, 3541, 0005, 2.36520, 4.8574807
0xEEEE, 11069536, 3542, 0004, 1.95985, 4.8639658
0xEEEE, 11072668, 3543, 0004, 1.97194, 4.8494697
0xEEEE, 11075777, 3544, 0003, 1.58352, 4.8444343
0xEEEE, 11078902, 3545, 0003, 1.57788, 4.8563363
0xEEEE, 11082035, 3546, 0002, 1.18381, 4.8616770
0xEEEE, 11085151, 3547, 0002, 0.76879, 4.8485542
0xEEEE, 11088276, 3548, 0001, 0.74462, 4.8497749
0xEEEE, 11091402, 3549, 0001, 0.78813, 4.8622873
0xEEEE, 11094529, 3550, 0000, 0.39326, 4.8523690
0xEEEE, 11097670, 3551, 0000, 0.39245, 4.8522164
0xEEEE, 11100788, 3552, 0000, 0.01209, 4.8581674
0xEEEE, 11103914, 3553, 0000, 0.01128, 4.8644236
0xEEEE, 11107064, 3554, 0001, 0.01209, 4.8527504
0xEEEE, 11110164, 3555, 0001, 0.01128, 4.8519875
0xEEEE, 11113299, 3556, 0002, 0.40212, 4.8592355
0xEEEE, 11116402, 3557, 0002, 0.39165, 4.8590066
0xEEEE, 11119536, 3558, 0003, 0.78813, 4.8554208
0xEEEE, 11122668, 3559, 0003, 0.78813, 4.8532845
0xEEEE, 11125796, 3560, 0004, 1.17333, 4.8558785
0xEEEE, 11128912, 3561, 0004, 1.57868, 4.8546578
0xEEEE, 11132044, 3562, 0005, 1.57788, 4.8482490
0xEEEE, 11135160, 3563, 0005, 1.59480, 4.8575570
0xEEEE, 11138277, 3564, 0006, 1.97194, 4.8629740
0xEEEE, 11141401, 3565, 0006, 2.00498, 4.8530556
0xEEEE, 11144527, 3566, 0007, 2.37165, 4.8488594
0xEEEE, 11147659, 3567, 0007, 2.36601, 4.8582437
0xEEEE, 11150786, 3568, 0007, 2.55055, 4.8563363
0xEEEE, 11153902, 3569, 0007, 2.59326, 4.8616770
0xEEEE, 11157036, 3570, 0006, 2.55216, 4.8410010
0xEEEE, 11160151, 3571, 0006, 2.55055, 4.8552682
0xEEEE, 11163288, 3572, 0005, 2.36923, 4.8572519
0xEEEE, 11166413, 3573, 0005, 2.36681, 4.8539712
0xEEEE, 11169538, 3574, 0004, 1.97275, 4.8574807
0xEEEE, 11172670, 3575, 0004, 1.97355, 4.8632792
0xEEEE, 11175789, 3576, 0003, 1.57788, 4.8599985
0xEEEE, 11178913, 3577, 0003, 1.18623, 4.8416876
0xEEEE, 11182047, 3578, 0002, 1.19832, 4.8520638
0xEEEE, 11185161, 3579, 0002, 1.18139, 4.8624399
0xEEEE, 11188287, 3580, 0001, 0.78894, 4.8442054
0xEEEE, 11191411, 3581, 0001, 0.79216, 4.8433661
0xEEEE, 11194536, 3582, 0000, 0.37795, 4.8503090
0xEEEE, 11197678, 3583, 0000, 0.42630, 4.8603799
0xEEEE, 11200786, 3584, 0000, 0.01209, 4.8493172
0xEEEE, 11203911, 3585, 0000, 0.01209, 4.8517586
0xEEEE, 11207063, 3586, 0001, 0.01209, 4.8578622
0xEEEE, 11210161, 3587, 0001, 0.01209, 4.8572519
0xEEEE, 11213276, 3588, 0002, 0.39165, 4.8442054
0xEEEE, 11216401, 3589, 0002, 0.39165, 4.8477913
0xEEEE, 11219526, 3590, 0003, 0.78652, 4.8634318
0xEEEE, 11222659, 3591, 0003, 0.78652, 4.8611429
0xEEEE, 11225777, 3592, 0004, 1.18220, 4.8417639
0xEEEE, 11228911, 3593, 0004, 1.57868, 4.8513008
0xEEEE, 11232044, 3594, 0005, 1.58593, 4.8590829
0xEEEE, 11235163, 3595, 0005, 1.57707, 4.8629740
0xEEEE, 11238288, 3596, 0006, 1.91231, 4.8545815
0xEEEE, 11241413, 3597, 0006, 1.97355, 4.8558022
0xEEEE, 11244538, 3598, 0007, 2.36681, 4.8558785
0xEEEE, 11247670, 3599, 0007, 2.36601, 4.8477913
0xEEEE, 11250783, 3600, 0007, 2.55055, 4.8558785
0xEEEE, 11253911, 3601, 0007, 2.55055, 4.8594644
0xEEEE, 11257053, 3602, 0006, 2.55297, 4.8620584
0xEEEE, 11260161, 3603, 0006, 2.55055, 4.8429847
0xEEEE, 11263286, 3604, 0005, 2.36601, 4.8469520
0xEEEE, 11266411, 3605, 0005, 2.36601, 4.8616007
0xEEEE, 11269536, 3606, 0004, 1.97275, 4.8576333
0xEEEE, 11272668, 3607, 0004, 1.95421, 4.8587015
0xEEEE, 11275777, 3608, 0003, 1.57868, 4.8543526
0xEEEE, 11278902, 3609, 0003, 1.59077, 4.8572519
0xEEEE, 11282044, 3610, 0002, 1.18300, 4.8556497
0xEEEE, 11285151, 3611, 0002, 1.18139, 4.8527504
0xEEEE, 11288277, 3612, 0001, 0.78894, 4.8575570
0xEEEE, 11291402, 3613, 0001, 0.78894, 4.8639658
0xEEEE, 11294540, 3614, 0000, 0.39245, 4.8455787
0xEEEE, 11297670, 3615, 0000, 0.01209, 4.8453498
0xEEEE, 11300788, 3616, 0000, 0.01209, 4.8636606
0xEEEE, 11303914, 3617, 0000, 0.01289, 4.8607614
0xEEEE, 11307064, 3618, 0001, 0.01209, 4.8523690
0xEEEE, 11310164, 3619, 0001, 0.01209, 4.8476387
0xEEEE, 11313289, 3620, 0002, 0.39487, 4.8614481
0xEEEE, 11316403, 3621, 0002, 0.38278, 4.8581674
0xEEEE, 11319536, 3622, 0003, 0.78974, 4.8513771
0xEEEE, 11322668, 3623, 0003, 1.18300, 4.8619059
0xEEEE, 11325787, 3624, 0004, 1.18139, 4.8587015
0xEEEE, 11328912, 3625, 0004, 1.14755, 4.8482490
0xEEEE, 11332044, 3626, 0005, 1.57788, 4.8558785
0xEEEE, 11335161, 3627, 0005, 1.58513, 4.8613718
0xEEEE, 11338277, 3628, 0006, 1.97275, 4.8629740
0xEEEE, 11341412, 3629, 0006, 1.97516, 4.8429847
0xEEEE, 11344527, 3630, 0007, 2.36520, 4.8500038
0xEEEE, 11347659, 3631, 0007, 2.55216, 4.8606851
0xEEEE, 11350777, 3632, 0007, 2.55780, 4.8576333
0xEEEE, 11353902, 3633, 0007, 2.55055, 4.8494697
0xEEEE, 11357036, 3634, 0006, 2.54974, 4.8566415
0xEEEE, 11360152, 3635, 0006, 2.58601, 4.8588540
0xEEEE, 11363288, 3636, 0005, 2.36037, 4.8534371
0xEEEE, 11366413, 3637, 0005, 2.36762, 4.8479438
0xEEEE, 11369538, 3638, 0004, 1.97919, 4.8614481
0xEEEE, 11372670, 3639, 0004, 1.57707, 4.8600748
0xEEEE, 11375790, 3640, 0003, 1.58835, 4.8460365
0xEEEE, 11378922, 3641, 0003, 1.57788, 4.8451209
0xEEEE, 11382047, 3642, 0002, 1.18945, 4.8599222
0xEEEE, 11385161, 3643, 0002, 1.18300, 4.8628214
0xEEEE, 11388286, 3644, 0001, 0.78813, 4.8487831
0xEEEE, 11391411, 3645, 0001, 0.78652, 4.8597696
0xEEEE, 11394537, 3646, 0000, 0.38923, 4.8566415
0xEEEE, 11397669, 3647, 0000, 0.01128, 4.8545052
0xEEEE, 11400786, 3648, 0000, 0.01209, 4.8513771
0xEEEE, 11403911, 3649, 0000, 0.01209, 4.8554971
0xEEEE, 11407063, 3650, 0001, 0.01209, 4.8634318
0xEEEE, 11410153, 3651, 0001, 0.01128, 4.8461128
0xEEEE, 11413276, 3652, 0002, 0.39245, 4.8493172
0xEEEE, 11416401, 3653, 0002, 0.39165, 4.8583200
0xEEEE, 11419527, 3654, 0003, 0.78813, 4.8595407
0xEEEE, 11422659, 3655, 0003, 0.79297, 4.8496986
0xEEEE, 11425789, 3656, 0004, 1.17092, 4.8467231
0xEEEE, 11428912, 3657, 0004, 1.18220, 4.8587015
0xEEEE, 11432045, 3658, 0005, 1.58996, 4.8603799
0xEEEE, 11435163, 3659, 0005, 1.57788, 4.8465705
0xEEEE, 11438289, 3660, 0006, 1.97033, 4.8517586
0xEEEE, 11441414, 3661, 0006, 2.36601, 4.8593118
0xEEEE, 11444538, 3662, 0007, 2.35634, 4.8483253
0xEEEE, 11447670, 3663, 0007, 2.36681, 4.8419165
0xEEEE, 11450784, 3664, 0007, 2.58440, 4.8583200
0xEEEE, 11453911, 3665, 0007, 2.57070, 4.8651865
0xEEEE, 11457043, 3666, 0006, 2.54249, 4.8558785
0xEEEE, 11460161, 3667, 0006, 2.54974, 4.8567178
0xEEEE, 11463295, 3668, 0005, 2.36681, 4.8566415
0xEEEE, 11466411, 3669, 0005, 1.98403, 4.8592355
0xEEEE, 11469535, 3670, 0004, 1.97436, 4.8477913
0xEEEE, 11472659, 3671, 0004, 1.97355, 4.8539712
0xEEEE, 11475777, 3672, 0003, 1.57949, 4.8599985
0xEEEE, 11478901, 3673, 0003, 1.57707, 4.8503090
0xEEEE, 11482035, 3674, 0002, 1.18381, 4.8509957
0xEEEE, 11485152, 3675, 0002, 1.18220, 4.8515297
0xEEEE, 11488277, 3676, 0001, 0.79055, 4.8625162
0xEEEE, 11491401, 3677, 0001, 0.36828, 4.8488594
0xEEEE, 11494532, 3678, 0000, 0.35619, 4.8432898
0xEEEE, 11497670, 3679, 0000, 0.39407, 4.8564126
0xEEEE, 11500789, 3680, 0000, 0.01128, 4.8642710
0xEEEE, 11503914, 3681, 0000, 0.01209, 4.8547341
0xEEEE, 11507065, 3682, 0001, 0.01209, 4.8502327
0xEEEE, 11510173, 3683, 0001, 0.01128, 4.8574044
0xEEEE, 11513288, 3684, 0002, 0.39165, 4.8554208
0xEEEE, 11516404, 3685, 0002, 0.79055, 4.8493172
0xEEEE, 11519536, 3686, 0003, 0.78813, 4.8567941
0xEEEE, 11522677, 3687, 0003, 0.78894, 4.8618296
0xEEEE, 11525787, 3688, 0004, 1.18381, 4.8541238
0xEEEE, 11528912, 3689, 0004, 1.18542, 4.8455787
0xEEEE, 11532044, 3690, 0005, 1.57788, 4.8568704
0xEEEE, 11535161, 3691, 0005, 1.57788, 4.8579385
0xEEEE, 11538277, 3692, 0006, 1.97275, 4.8537423
0xEEEE, 11541402, 3693, 0006, 2.36762, 4.8460365
0xEEEE, 11544526, 3694, 0007, 2.36601, 4.8561837
0xEEEE, 11547668, 3695, 0007, 2.38374, 4.8557259
0xEEEE, 11550777, 3696, 0007, 2.54894, 4.8523690
0xEEEE, 11553902, 3697, 0007, 2.54974, 4.8555734
0xEEEE, 11557036, 3698, 0006, 2.54974, 4.8615244
0xEEEE, 11560154, 3699, 0006, 2.55216, 4.8515297
0xEEEE, 11563289, 3700, 0005, 2.36762, 4.8534371
0xEEEE, 11566413, 3701, 0005, 1.97355, 4.8621347
0xEEEE, 11569549, 3702, 0004, 1.97355, 4.8626688
0xEEEE, 11572670, 3703, 0004, 1.97275, 4.8596170
0xEEEE, 11575790, 3704, 0003, 1.58190, 4.8461128
0xEEEE, 11578913, 3705, 0003, 1.57707, 4.8577859
0xEEEE, 11582047, 3706, 0002, 1.18220, 4.8603037
0xEEEE, 11585161, 3707, 0002, 1.17817, 4.8607614
0xEEEE, 11588286, 3708, 0001, 0.82923, 4.8509957
0xEEEE, 11591411, 3709, 0001, 0.78894, 4.8594644
0xEEEE, 11594546, 3710, 0000, 0.39245, 4.8499275
0xEEEE, 11597669, 3711, 0000, 0.39245, 4.8497749
0xEEEE, 11600786, 3712, 0000, 0.01128, 4.8574044
0xEEEE, 11603902, 3713, 0000, 0.01209, 4.8654154
0xEEEE, 11607072, 3714, 0001, 0.01209, 4.8567941
0xEEEE, 11610153, 3715, 0001, 0.40293, 4.8437476
0xEEEE, 11613276, 3716, 0002, 0.38278, 4.8519875
0xEEEE, 11616401, 3717, 0002, 0.39245, 4.8570230
0xEEEE, 11619526, 3718, 0003, 0.78894, 4.8462654
0xEEEE, 11622659, 3719, 0003, 0.78813, 4.8497749
0xEEEE, 11625778, 3720, 0004, 1.18542, 4.8541238
0xEEEE, 11628913, 3721, 0004, 1.18220, 4.8592355
0xEEEE, 11632044, 3722, 0005, 1.57868, 4.8554971
0xEEEE, 11635163, 3723, 0005, 1.97355, 4.8560311
0xEEEE, 11638289, 3724, 0006, 1.97275, 4.8605325
0xEEEE, 11641414, 3725, 0006, 1.97275, 4.8511482
0xEEEE, 11644538, 3726, 0007, 2.36601, 4.8400092
0xEEEE, 11647671, 3727, 0007, 2.36601, 4.8485542
0xEEEE, 11650785, 3728, 0007, 2.55136, 4.8588540
0xEEEE, 11653922, 3729, 0007, 2.55297, 4.8532845
0xEEEE, 11657042, 3730, 0006, 2.55136, 4.8450446
0xEEEE, 11660161, 3731, 0006, 2.36601, 4.8506905
0xEEEE, 11663286, 3732, 0005, 2.36762, 4.8570230
0xEEEE, 11666410, 3733, 0005, 2.36681, 4.8535134
0xEEEE, 11669536, 3734, 0004, 1.98484, 4.8549630
0xEEEE, 11672659, 3735, 0004, 1.97114, 4.8596170
0xEEEE, 11675777, 3736, 0003, 1.57868, 4.8532845
0xEEEE, 11678904, 3737, 0003, 1.57788, 4.8413062
0xEEEE, 11682036, 3738, 0002, 1.16930, 4.8480201
0xEEEE, 11685152, 3739, 0002, 0.78894, 4.8613718
0xEEEE, 11688278, 3740, 0001, 0.78813, 4.8609903
0xEEEE, 11691411, 3741, 0001, 0.78491, 4.8483253
0xEEEE, 11694533, 3742, 0000, 0.38359, 4.8484779
0xEEEE, 11697670, 3743, 0000, 0.38681, 4.8579385
0xEEEE, 11700788, 3744, 0000, 0.01209, 4.8564126
0xEEEE, 11703913, 3745, 0000, 0.01128, 4.8508431
0xEEEE, 11707065, 3746, 0001, 0.01209, 4.8591592
0xEEEE, 11710164, 3747, 0001, 0.39245, 4.8542000
0xEEEE, 11713288, 3748, 0002, 0.39326, 4.8545052
0xEEEE, 11716406, 3749, 0002, 0.39165, 4.8525216
0xEEEE, 11719536, 3750, 0003, 0.78894, 4.8625162
0xEEEE, 11722668, 3751, 0003, 0.78571, 4.8586252
0xEEEE, 11725787, 3752, 0004, 1.18220, 4.8441291
0xEEEE, 11728913, 3753, 0004, 1.18220, 4.8503853
0xEEEE, 11732044, 3754, 0005, 1.58513, 4.8619821
0xEEEE, 11735161, 3755, 0005, 1.62542, 4.8609903
0xEEEE, 11738298, 3756, 0006, 1.97033, 4.8510719
0xEEEE, 11741401, 3757, 0006, 1.97194, 4.8525216
0xEEEE, 11744526, 3758, 0007, 2.36681, 4.8574807
0xEEEE, 11747659, 3759, 0007, 2.36601, 4.8529030
0xEEEE, 11750778, 3760, 0007, 2.54974, 4.8502327
0xEEEE, 11753902, 3761, 0007, 2.56505, 4.8599222
0xEEEE, 11757036, 3762, 0006, 2.55055, 4.8583200
0xEEEE, 11760156, 3763, 0006, 2.55216, 4.8406195
0xEEEE, 11763288, 3764, 0005, 2.40711, 4.8419928
0xEEEE, 11766413, 3765, 0005, 2.37648, 4.8596933
0xEEEE, 11769538, 3766, 0004, 1.97194, 4.8606088
0xEEEE, 11772670, 3767, 0004, 1.98967, 4.8548104
0xEEEE, 11775797, 3768, 0003, 1.57868, 4.8503090
0xEEEE, 11778913, 3769, 0003, 1.19106, 4.8585489
0xEEEE, 11782047, 3770, 0002, 1.18220, 4.8555734
0xEEEE, 11785161, 3771, 0002, 1.18220, 4.8550393
0xEEEE, 11788286, 3772, 0001, 0.78894, 4.8611429
0xEEEE, 11791411, 3773, 0001, 0.79297, 4.8584726
0xEEEE, 11794537, 3774, 0000, 0.39245, 4.8516823
0xEEEE, 11797669, 3775, 0000, 0.39326, 4.8503853
0xEEEE, 11800786, 3776, 0000, 0.01209, 4.8575570
0xEEEE, 11803902, 3777, 0000, 0.01451, 4.8578622
0xEEEE, 11807063, 3778, 0001, 0.01128, 4.8514534
0xEEEE, 11810153, 3779, 0001, 0.01209, 4.8422980
0xEEEE, 11813278, 3780, 0002, 0.39084, 4.8610666
0xEEEE, 11816402, 3781, 0002, 0.38762, 4.8598459
0xEEEE, 11819527, 3782, 0003, 0.74703, 4.8567178
0xEEEE, 11822670, 3783, 0003, 0.78894, 4.8522927
0xEEEE, 11825778, 3784, 0004, 1.18381, 4.8587778
0xEEEE, 11828913, 3785, 0004, 1.56015, 4.8490883
0xEEEE, 11832044, 3786, 0005, 1.57788, 4.8484016
0xEEEE, 11835171, 3787, 0005, 1.57626, 4.8649577
0xEEEE, 11838289, 3788, 0006, 1.97275, 4.8650340
0xEEEE, 11841414, 3789, 0006, 1.97516, 4.8522164
0xEEEE, 11844537, 3790, 0007, 2.36681, 4.8464179
0xEEEE, 11847671, 3791, 0007, 2.37568, 4.8584726
0xEEEE, 11850787, 3792, 0007, 2.55458, 4.8668650
0xEEEE, 11853911, 3793, 0007, 2.54894, 4.8502327
0xEEEE, 11857043, 3794, 0006, 2.55619, 4.8489357
0xEEEE, 11860168, 3795, 0006, 2.55780, 4.8595407
0xEEEE, 11863286, 3796, 0005, 2.36440, 4.8491646
0xEEEE, 11866410, 3797, 0005, 2.36601, 4.8566415
0xEEEE, 11869535, 3798, 0004, 1.98242, 4.8519875
0xEEEE, 11872659, 3799, 0004, 1.97355, 4.8624399
0xEEEE, 11875779, 3800, 0003, 1.57223, 4.8468757
0xEEEE, 11878902, 3801, 0003, 1.18300, 4.8444343
0xEEEE, 11882036, 3802, 0002, 1.18300, 4.8554971
0xEEEE, 11885152, 3803, 0002, 1.17414, 4.8636606
0xEEEE, 11888276, 3804, 0001, 0.78813, 4.8568704
0xEEEE, 11891401, 3805, 0001, 0.78813, 4.8492409
0xEEEE, 11894535, 3806, 0000, 0.39165, 4.8551919
0xEEEE, 11897670, 3807, 0000, 0.39487, 4.8602274
0xEEEE, 11900788, 3808, 0000, 0.01209, 4.8530556
0xEEEE, 11903913, 3809, 0000, 0.01209, 4.8580148
0xEEEE, 11907073, 3810, 0001, 0.01209, 4.8594644
0xEEEE, 11910164, 3811, 0001, 0.01209, 4.8506142
0xEEEE, 11913288, 3812, 0002, 0.41502, 4.8513771
0xEEEE, 11916407, 3813, 0002, 0.39326, 4.8554208
0xEEEE, 11919544, 3814, 0003, 0.78813, 4.8596170
0xEEEE, 11922668, 3815, 0003, 1.18462, 4.8540475
0xEEEE, 11925787, 3816, 0004, 1.18300, 4.8440528
0xEEEE, 11928912, 3817, 0004, 1.18220, 4.8533608
0xEEEE, 11932045, 3818, 0005, 1.57788, 4.8532845
0xEEEE, 11935161, 3819, 0005, 1.55853, 4.8545052
0xEEEE, 11938278, 3820, 0006, 1.97275, 4.8500801
0xEEEE, 11941401, 3821, 0006, 1.96872, 4.8560311
0xEEEE, 11944526, 3822, 0007, 2.36117, 4.8528267
0xEEEE, 11947659, 3823, 0007, 2.55297, 4.8478676
0xEEEE, 11950778, 3824, 0007, 2.60051, 4.8536660
0xEEEE, 11953902, 3825, 0007, 2.55538, 4.8603037
0xEEEE, 11957036, 3826, 0006, 2.55216, 4.8517586
0xEEEE, 11960157, 3827, 0006, 2.54974, 4.8488594
0xEEEE, 11963288, 3828, 0005, 2.30476, 4.8509957
0xEEEE, 11966423, 3829, 0005, 2.36681, 4.8621347
0xEEEE, 11969538, 3830, 0004, 1.97355, 4.8509194
0xEEEE, 11972670, 3831, 0004, 1.57707, 4.8531319
0xEEEE, 11975789, 3832, 0003, 1.57707, 4.8580148
0xEEEE, 11978913, 3833, 0003, 1.58029, 4.8565652
0xEEEE, 11982047, 3834, 0002, 1.17333, 4.8503090
0xEEEE, 11985161, 3835, 0002, 1.18220, 4.8558022
0xEEEE, 11988286, 3836, 0001, 0.78733, 4.8639658
0xEEEE, 11991421, 3837, 0001, 0.78894, 4.8545815
0xEEEE, 11994537, 3838, 0000, 0.38359, 4.8451209
0xEEEE, 11997669, 3839, 0000, 0.01370, 4.8590066
0xEEEE, 12000787, 3840, 0000, 0.01209, 4.8630503
0xEEEE, 12003920, 3841, 0000, 0.01209, 4.8602274
0xEEEE, 12007062, 3842, 0001, 0.01370, 4.8471809
0xEEEE, 12010153, 3843, 0001, 0.01209, 4.8533608
0xEEEE, 12013277, 3844, 0002, 0.39245, 4.8552682
0xEEEE, 12016402, 3845, 0002, 0.39245, 4.8518349
0xEEEE, 12019526, 3846, 0003, 0.79055, 4.8554971
0xEEEE, 12022659, 3847, 0003, 1.18462, 4.8636606
0xEEEE, 12025780, 3848, 0004, 1.18059, 4.8558785
0xEEEE, 12028913, 3849, 0004, 1.18220, 4.8480964
0xEEEE, 12032044, 3850, 0005, 1.54000, 4.8505379
0xEEEE, 12035163, 3851, 0005, 1.57868, 4.8635080
0xEEEE, 12038289, 3852, 0006, 1.98886, 4.8505379
0xEEEE, 12041413, 3853, 0006, 1.97275, 4.8484016
0xEEEE, 12044538, 3854, 0007, 2.40308, 4.8540475
0xEEEE, 12047671, 3855, 0007, 2.56505, 4.8607614
0xEEEE, 12050808, 3856, 0007, 2.55136, 4.8480964
0xEEEE, 12053911, 3857, 0007, 2.55055, 4.8506905
0xEEEE, 12057043, 3858, 0006, 2.51832, 4.8562600
0xEEEE, 12060161, 3859, 0006, 2.55055, 4.8550393
0xEEEE, 12063287, 3860, 0005, 2.36601, 4.8419165
0xEEEE, 12066410, 3861, 0005, 2.36842, 4.8512245
0xEEEE, 12069526, 3862, 0004, 1.97275, 4.8624399
0xEEEE, 12072659, 3863, 0004, 1.97275, 4.8525978
0xEEEE, 12075777, 3864, 0003, 1.57707, 4.8506905
0xEEEE, 12078902, 3865, 0003, 1.59722, 4.8509194
0xEEEE, 12082035, 3866, 0002, 1.18381, 4.8628977
0xEEEE, 12085151, 3867, 0002, 1.18139, 4.8600748
0xEEEE, 12088286, 3868, 0001, 0.78249, 4.8484016
0xEEEE, 12091402, 3869, 0001, 0.39245, 4.8510719
0xEEEE, 12094538, 3870, 0000, 0.39245, 4.8521401
0xEEEE, 12097670, 3871, 0000, 0.39245, 4.8476387
0xEEEE, 12100788, 3872, 0000, 0.01209, 4.8554971
0xEEEE, 12103913, 3873, 0000, 0.01209, 4.8648051
0xEEEE, 12107065, 3874, 0001, 0.01209, 4.8595407
0xEEEE, 12110164, 3875, 0001, 0.01128, 4.8418402
0xEEEE, 12113288, 3876, 0002, 0.39004, 4.8451209
0xEEEE, 12116409, 3877, 0002, 0.79941, 4.8610666
0xEEEE, 12119536, 3878, 0003, 0.79136, 4.8571756
0xEEEE, 12122668, 3879, 0003, 0.78813, 4.8539712
0xEEEE, 12125788, 3880, 0004, 1.18300, 4.8545815
0xEEEE, 12128912, 3881, 0004, 1.19267, 4.8590066
0xEEEE, 12132045, 3882, 0005, 1.57868, 4.8593118
0xEEEE, 12135172, 3883, 0005, 1.57868, 4.8578622
0xEEEE, 12138276, 3884, 0006, 1.97275, 4.8560311
0xEEEE, 12141401, 3885, 0006, 2.33861, 4.8614481
0xEEEE, 12144527, 3886, 0007, 2.36601, 4.8535897
0xEEEE, 12147659, 3887, 0007, 2.36601, 4.8490120
0xEEEE, 12150777, 3888, 0007, 2.59890, 4.8620584
0xEEEE, 12153902, 3889, 0007, 2.55216, 4.8626688
0xEEEE, 12157035, 3890, 0006, 2.54974, 4.8533608
0xEEEE, 12160159, 3891, 0006, 2.54813, 4.8484016
0xEEEE, 12163288, 3892, 0005, 2.36842, 4.8590829
0xEEEE, 12166413, 3893, 0005, 1.97275, 4.8529793
0xEEEE, 12169538, 3894, 0004, 1.97597, 4.8479438
0xEEEE, 12172678, 3895, 0004, 1.97194, 4.8551156
0xEEEE, 12175789, 3896, 0003, 1.61253, 4.8575570
0xEEEE, 12178913, 3897, 0003, 1.57707, 4.8509957
0xEEEE, 12182049, 3898, 0002, 1.18542, 4.8509957
0xEEEE, 12185161, 3899, 0002, 1.16930, 4.8609140
0xEEEE, 12188287, 3900, 0001, 0.78813, 4.8625925
0xEEEE, 12191411, 3901, 0001, 0.39245, 4.8489357
0xEEEE, 12194537, 3902, 0000, 0.39245, 4.8451209
0xEEEE, 12197669, 3903, 0000, 0.39487, 4.8577096
0xEEEE, 12200786, 3904, 0000, 0.01209, 4.8518349
0xEEEE, 12203902, 3905, 0000, 0.01128, 4.8482490
0xEEEE, 12207063, 3906, 0001, 0.01128, 4.8474861
0xEEEE, 12210153, 3907, 0001, 0.01209, 4.8583963
0xEEEE, 12213276, 3908, 0002, 0.39729, 4.8464179
0xEEEE, 12216401, 3909, 0002, 0.39245, 4.8479438
0xEEEE, 12219537, 3910, 0003, 0.78813, 4.8561837
0xEEEE, 12222659, 3911, 0003, 0.78652, 4.8608377
0xEEEE, 12225781, 3912, 0004, 1.15480, 4.8425269
0xEEEE, 12228913, 3913, 0004, 1.18220, 4.8433661
0xEEEE, 12232053, 3914, 0005, 1.57707, 4.8570230
0xEEEE, 12235163, 3915, 0005, 1.97355, 4.8618296
0xEEEE, 12238289, 3916, 0006, 1.97436, 4.8564126
0xEEEE, 12241413, 3917, 0006, 1.97275, 4.8482490
0xEEEE, 12244538, 3918, 0007, 2.36520, 4.8581674
0xEEEE, 12247670, 3919, 0007, 2.36681, 4.8530556
0xEEEE, 12250787, 3920, 0007, 2.55136, 4.8525216
0xEEEE, 12253911, 3921, 0007, 2.54410, 4.8500038
0xEEEE, 12257048, 3922, 0006, 2.54894, 4.8612192
0xEEEE, 12260162, 3923, 0006, 2.36440, 4.8512245
0xEEEE, 12263287, 3924, 0005, 2.38696, 4.8448157
0xEEEE, 12266410, 3925, 0005, 2.37084, 4.8566415
0xEEEE, 12269527, 3926, 0004, 1.97355, 4.8621347
0xEEEE, 12272659, 3927, 0004, 1.97516, 4.8533608
0xEEEE, 12275778, 3928, 0003, 1.57949, 4.8471809
0xEEEE, 12278902, 3929, 0003, 1.57788, 4.8558785
0xEEEE, 12282036, 3930, 0002, 1.22410, 4.8557259
0xEEEE, 12285151, 3931, 0002, 0.78733, 4.8508431
0xEEEE, 12288276, 3932, 0001, 0.78813, 4.8506905
0xEEEE, 12291401, 3933, 0001, 0.77846, 4.8596170
0xEEEE, 12294538, 3934, 0000, 0.39245, 4.8532082
0xEEEE, 12297670, 3935, 0000, 0.42388, 4.8436713
0xEEEE, 12300788, 3936, 0000, 0.01128, 4.8553445
0xEEEE, 12303922, 3937, 0000, 0.01209, 4.8615244
0xEEEE, 12307065, 3938, 0001, 0.01209, 4.8525216
0xEEEE, 12310164, 3939, 0001, 0.39165, 4.8487068
0xEEEE, 12313289, 3940, 0002, 0.39245, 4.8546578
0xEEEE, 12316431, 3941, 0002, 0.39165, 4.8625925
0xEEEE, 12319536, 3942, 0003, 0.78652, 4.8542763
0xEEEE, 12322668, 3943, 0003, 0.75993, 4.8563363
0xEEEE, 12325787, 3944, 0004, 1.18300, 4.8576333
0xEEEE, 12328912, 3945, 0004, 1.18139, 4.8577096
0xEEEE, 12332045, 3946, 0005, 1.60930, 4.8515297
0xEEEE, 12335161, 3947, 0005, 1.97355, 4.8535897
0xEEEE, 12338276, 3948, 0006, 1.96227, 4.8615244
0xEEEE, 12341401, 3949, 0006, 1.97355, 4.8516823
0xEEEE, 12344526, 3950, 0007, 2.36601, 4.8501564
0xEEEE, 12347659, 3951, 0007, 2.36440, 4.8531319
0xEEEE, 12350777, 3952, 0007, 2.55136, 4.8633555
0xEEEE, 12353902, 3953, 0007, 2.50864, 4.8511482
0xEEEE, 12357036, 3954, 0006, 2.57392, 4.8524453
0xEEEE, 12360160, 3955, 0006, 2.37084, 4.8561074
0xEEEE, 12363298, 3956, 0005, 2.36601, 4.8588540
0xEEEE, 12366412, 3957, 0005, 2.41597, 4.8525978
0xEEEE, 12369538, 3958, 0004, 1.97275, 4.8562600
0xEEEE, 12372672, 3959, 0004, 1.96388, 4.8619059
0xEEEE, 12375789, 3960, 0003, 1.57949, 4.8522164
0xEEEE, 12378913, 3961, 0003, 1.57949, 4.8460365
0xEEEE, 12382050, 3962, 0002, 1.18300, 4.8514534
0xEEEE, 12385161, 3963, 0002, 1.18220, 4.8625162
0xEEEE, 12388287, 3964, 0001, 0.79780, 4.8536660
0xEEEE, 12391411, 3965, 0001, 0.78813, 4.8488594
0xEEEE, 12394536, 3966, 0000, 0.39326, 4.8561074
0xEEEE, 12397668, 3967, 0000, 0.39245, 4.8593881
0xEEEE, 12400795, 3968, 0000, 0.01209, 4.8551919
0xEEEE, 12403902, 3969, 0000, 0.01209, 4.8469520
0xEEEE, 12407064, 3970, 0001, 0.01209, 4.8612955
0xEEEE, 12410153, 3971, 0001, 0.01128, 4.8564126
0xEEEE, 12413276, 3972, 0002, 0.39084, 4.8525216
0xEEEE, 12416401, 3973, 0002, 0.39810, 4.8483253
0xEEEE, 12419526, 3974, 0003, 0.78894, 4.8636606
0xEEEE, 12422659, 3975, 0003, 0.78974, 4.8605325
0xEEEE, 12425783, 3976, 0004, 1.18139, 4.8441291
0xEEEE, 12428913, 3977, 0004, 1.54886, 4.8510719
0xEEEE, 12432044, 3978, 0005, 1.57788, 4.8616770
0xEEEE, 12435163, 3979, 0005, 1.58755, 4.8577859
0xEEEE, 12438289, 3980, 0006, 1.97275, 4.8529793
0xEEEE, 12441413, 3981, 0006, 1.98081, 4.8557259
0xEEEE, 12444538, 3982, 0007, 2.36762, 4.8577096
0xEEEE, 12447684, 3983, 0007, 2.34989, 4.8533608
0xEEEE, 12450787, 3984, 0007, 2.55619, 4.8568704
0xEEEE, 12453911, 3985, 0007, 2.55297, 4.8621347
0xEEEE, 12457043, 3986, 0006, 2.55136, 4.8563363
0xEEEE, 12460162, 3987, 0006, 2.58359, 4.8426795
0xEEEE, 12463286, 3988, 0005, 2.37810, 4.8472572
0xEEEE, 12466411, 3989, 0005, 2.36601, 4.8619059
0xEEEE, 12469527, 3990, 0004, 1.96872, 4.8576333
0xEEEE, 12472659, 3991, 0004, 1.97275, 4.8504616
0xEEEE, 12475777, 3992, 0003, 1.56579, 4.8521401
0xEEEE, 12478902, 3993, 0003, 1.18300, 4.8581674
0xEEEE, 12482036, 3994, 0002, 1.18300, 4.8598459
0xEEEE, 12485160, 3995, 0002, 1.14432, 4.8526741
0xEEEE, 12488276, 3996, 0001, 0.78894, 4.8597696
0xEEEE, 12491403, 3997, 0001, 0.78894, 4.8519112
0xEEEE, 12494538, 3998, 0000, 0.39568, 4.8545815
0xEEEE, 12497671, 3999, 0000, 0.39165, 4.8558022
0xEEEE, 12500789, 4000, 0000, 0.01209, 4.8637369
0xEEEE, 12503914, 4001, 0000, 0.01209, 4.8599222
0xEEEE, 12507075, 4002, 0001, 0.01209, 4.8491646
0xEEEE, 12510164, 4003, 0001, 0.01289, 4.8526741
0xEEEE, 12513276, 4004, 0002, 0.39326, 4.8618296
0xEEEE, 12516411, 4005, 0002, 0.39245, 4.8574807
0xEEEE, 12519536, 4006, 0003, 0.78813, 4.8548104
0xEEEE, 12522668, 4007, 0003, 0.78974, 4.8541238
0xEEEE, 12525787, 4008, 0004, 1.17656, 4.8567941
0xEEEE, 12528912, 4009, 0004, 1.18220, 4.8484016
0xEEEE, 12532053, 4010, 0005, 1.57788, 4.8516060
0xEEEE, 12535151, 4011, 0005, 1.57868, 4.8598459
0xEEEE, 12538276, 4012, 0006, 1.97758, 4.8619821
0xEEEE, 12541401, 4013, 0006, 1.97275, 4.8520638
0xEEEE, 12544526, 4014, 0007, 2.37568, 4.8516060
0xEEEE, 12547659, 4015, 0007, 2.54733, 4.8639658
0xEEEE, 12550777, 4016, 0007, 2.54974, 4.8574044
0xEEEE, 12553902, 4017, 0007, 2.52315, 4.8530556
0xEEEE, 12557036, 4018, 0006, 2.55055, 4.8583200
0xEEEE, 12560163, 4019, 0006, 2.55216, 4.8548867
0xEEEE, 12563289, 4020, 0005, 2.36520, 4.8531319
0xEEEE, 12566413, 4021, 0005, 2.36601, 4.8552682
0xEEEE, 12569545, 4022, 0004, 1.97275, 4.8602274
0xEEEE, 12572671, 4023, 0004, 1.57707, 4.8620584
0xEEEE, 12575788, 4024, 0003, 1.57868, 4.8408484
0xEEEE, 12578913, 4025, 0003, 1.58432, 4.8569467
0xEEEE, 12582052, 4026, 0002, 1.15802, 4.8609903
0xEEEE, 12585161, 4027, 0002, 1.18300, 4.8643473
0xEEEE, 12588286, 4028, 0001, 0.78733, 4.8497749
0xEEEE, 12591411, 4029, 0001, 0.79619, 4.8502327
0xEEEE, 12594536, 4030, 0000, 0.35780, 4.8580148
0xEEEE, 12597669, 4031, 0000, 0.01128, 4.8545815
0xEEEE, 12600786, 4032, 0000, 0.01531, 4.8523690
0xEEEE, 12603901, 4033, 0000, 0.01128, 4.8583963
0xEEEE, 12607064, 4034, 0001, 0.01128, 4.8643473
0xEEEE, 12610153, 4035, 0001, 0.01370, 4.8553445
0xEEEE, 12613276, 4036, 0002, 0.39165, 4.8498512
0xEEEE, 12616412, 4037, 0002, 0.39084, 4.8596933
0xEEEE, 12619526, 4038, 0003, 0.78168, 4.8670176
0xEEEE, 12622659, 4039, 0003, 1.18300, 4.8490120
0xEEEE, 12625786, 4040, 0004, 1.18381, 4.8525978
0xEEEE, 12628921, 4041, 0004, 1.17978, 4.8593118
0xEEEE, 12632044, 4042, 0005, 1.57868, 4.8527504
0xEEEE, 12635163, 4043, 0005, 1.57788, 4.8474861
0xEEEE, 12638289, 4044, 0006, 1.97275, 4.8567941
0xEEEE, 12641413, 4045, 0006, 1.97355, 4.8585489
0xEEEE, 12644538, 4046, 0007, 2.36601, 4.8579385
0xEEEE, 12647673, 4047, 0007, 2.59568, 4.8390173
0xEEEE, 12650786, 4048, 0007, 2.55216, 4.8561837
0xEEEE, 12653911, 4049, 0007, 2.55136, 4.8603799
0xEEEE, 12657043, 4050, 0006, 2.55055, 4.8471809
0xEEEE, 12660162, 4051, 0006, 2.55216, 4.8469520
0xEEEE, 12663286, 4052, 0005, 2.36601, 4.8593118
0xEEEE, 12666411, 4053, 0005, 2.34667, 4.8573281
0xEEEE, 12669526, 4054, 0004, 1.97355, 4.8535897
0xEEEE, 12672659, 4055, 0004, 1.57949, 4.8552682
0xEEEE, 12675788, 4056, 0003, 1.57868, 4.8602274
0xEEEE, 12678902, 4057, 0003, 1.57788, 4.8558022
0xEEEE, 12682036, 4058, 0002, 1.18300, 4.8491646
0xEEEE, 12685152, 4059, 0002, 1.18864, 4.8567941
0xEEEE, 12688278, 4060, 0001, 0.77040, 4.8628977
0xEEEE, 12691405, 4061, 0001, 0.78894, 4.8519112
0xEEEE, 12694538, 4062, 0000, 0.39245, 4.8475624
0xEEEE, 12697670, 4063, 0000, 0.39326, 4.8530556
0xEEEE, 12700797, 4064, 0000, 0.01209, 4.8625925
0xEEEE, 12703914, 4065, 0000, 0.01128, 4.8612955
0xEEEE, 12707065, 4066, 0001, 0.01209, 4.8551156
0xEEEE, 12710164, 4067, 0001, 0.01209, 4.8579385
0xEEEE, 12713297, 4068, 0002, 0.38278, 4.8554208
0xEEEE, 12716411, 4069, 0002, 0.78330, 4.8477913
0xEEEE, 12719536, 4070, 0003, 0.78894, 4.8526741
0xEEEE, 12722668, 4071, 0003, 0.78894, 4.8641184
0xEEEE, 12725788, 4072, 0004, 1.18220, 4.8577096
0xEEEE, 12728912, 4073, 0004, 1.18623, 4.8390173
0xEEEE, 12732045, 4074, 0005, 1.57868, 4.8560311
0xEEEE, 12735151, 4075, 0005, 1.57062, 4.8626688
0xEEEE, 12738276, 4076, 0006, 1.97275, 4.8590066
0xEEEE, 12741402, 4077, 0006, 2.36520, 4.8519112
0xEEEE, 12744526, 4078, 0007, 2.36601, 4.8570230
0xEEEE, 12747659, 4079, 0007, 2.36601, 4.8537423
0xEEEE, 12750778, 4080, 0007, 2.54733, 4.8509194
0xEEEE, 12753902, 4081, 0007, 2.54974, 4.8529793
0xEEEE, 12757036, 4082, 0006, 2.55216, 4.8613718
0xEEEE, 12760173, 4083, 0006, 2.54491, 4.8529793
0xEEEE, 12763288, 4084, 0005, 2.35875, 4.8506905
0xEEEE, 12766413, 4085, 0005, 1.97355, 4.8524453
0xEEEE, 12769539, 4086, 0004, 1.95663, 4.8645762
0xEEEE, 12772672, 4087, 0004, 1.97275, 4.8522927
0xEEEE, 12775788, 4088, 0003, 1.58352, 4.8403143
0xEEEE, 12778913, 4089, 0003, 1.57788, 4.8496986
0xEEEE, 12782054, 4090, 0002, 1.17656, 4.8604562
0xEEEE, 12785161, 4091, 0002, 1.23216, 4.8485542
0xEEEE, 12788286, 4092, 0001, 0.78733, 4.8574044
0xEEEE, 12791411, 4093, 0001, 0.39084, 4.8565652
0xEEEE, 12794536, 4094, 0000, 0.38842, 4.8580148
0xEEEE, 12797677, 4095, 0000, 0.39165, 4.8447395
0xEEEE, 12800787, 4096, 0000, 0.01209, 4.8573281
0xEEEE, 12803902, 4097, 0000, 0.01209, 4.8660258
0xEEEE, 12807063, 4098, 0001, 0.01209, 4.8538949
0xEEEE, 12810153, 4099, 0001, 0.01209, 4.8544289
0xEEEE, 12813278, 4100, 0002, 0.39326, 4.8510719
0xEEEE, 12816401, 4101, 0002, 0.78813, 4.8609903
0xEEEE, 12819526, 4102, 0003, 0.78974, 4.8587015
0xEEEE, 12822659, 4103, 0003, 0.79055, 4.8459602
0xEEEE, 12825786, 4104, 0004, 1.11531, 4.8542000
0xEEEE, 12828913, 4105, 0004, 1.18300, 4.8533608
0xEEEE, 12832044, 4106, 0005, 1.57465, 4.8480964
0xEEEE, 12835163, 4107, 0005, 1.62703, 4.8529030
0xEEEE, 12838288, 4108, 0006, 1.97436, 4.8637369
0xEEEE, 12841413, 4109, 0006, 1.97275, 4.8566415
0xEEEE, 12844549, 4110, 0007, 2.36440, 4.8500038
0xEEEE, 12847676, 4111, 0007, 2.36601, 4.8484779
0xEEEE, 12850786, 4112, 0007, 2.55055, 4.8609903
0xEEEE, 12853911, 4113, 0007, 2.54007, 4.8605325
0xEEEE, 12857052, 4114, 0006, 2.54813, 4.8567178
0xEEEE, 12860162, 4115, 0006, 2.36681, 4.8497749
0xEEEE, 12863286, 4116, 0005, 2.33941, 4.8598459
0xEEEE, 12866411, 4117, 0005, 2.36037, 4.8509194
0xEEEE, 12869526, 4118, 0004, 1.97355, 4.8484016
0xEEEE, 12872659, 4119, 0004, 1.97275, 4.8607614
0xEEEE, 12875778, 4120, 0003, 1.57788, 4.8542000
0xEEEE, 12878902, 4121, 0003, 1.57546, 4.8501564
0xEEEE, 12882042, 4122, 0002, 1.20799, 4.8525216
0xEEEE, 12885152, 4123, 0002, 0.78652, 4.8625925
0xEEEE, 12888277, 4124, 0001, 0.78813, 4.8590066
0xEEEE, 12891406, 4125, 0001, 0.79861, 4.8558022
0xEEEE, 12894538, 4126, 0000, 0.41341, 4.8487831
0xEEEE, 12897670, 4127, 0000, 0.39165, 4.8570993
0xEEEE, 12900789, 4128, 0000, 0.01209, 4.8538186
0xEEEE, 12903914, 4129, 0000, 0.01209, 4.8610666
0xEEEE, 12907065, 4130, 0001, 0.01209, 4.8597696
0xEEEE, 12910164, 4131, 0001, 0.39245, 4.8562600
0xEEEE, 12913278, 4132, 0002, 0.39245, 4.8516823
0xEEEE, 12916411, 4133, 0002, 0.39326, 4.8515297
0xEEEE, 12919536, 4134, 0003, 0.79216, 4.8590066
0xEEEE, 12922668, 4135, 0003, 0.77443, 4.8573281
0xEEEE, 12925787, 4136, 0004, 1.18300, 4.8519112
0xEEEE, 12928922, 4137, 0004, 1.18220, 4.8467231
0xEEEE, 12932045, 4138, 0005, 1.62300, 4.8564126
0xEEEE, 12935151, 4139, 0005, 1.97194, 4.8545052
0xEEEE, 12938278, 4140, 0006, 1.95260, 4.8567941
0xEEEE, 12941410, 4141, 0006, 1.97436, 4.8498512
0xEEEE, 12944527, 4142, 0007, 2.36681, 4.8560311
0xEEEE, 12947659, 4143, 0007, 2.37487, 4.8471809
0xEEEE, 12950777, 4144, 0007, 2.54974, 4.8472572
0xEEEE, 12953902, 4145, 0007, 2.55136, 4.8588540
0xEEEE, 12957037, 4146, 0006, 2.58601, 4.8608377
0xEEEE, 12960163, 4147, 0006, 2.36359, 4.8479438
0xEEEE, 12963288, 4148, 0005, 2.36681, 4.8513008
0xEEEE, 12966418, 4149, 0005, 2.36681, 4.8614481
0xEEEE, 12969539, 4150, 0004, 1.97033, 4.8579385
0xEEEE, 12972672, 4151, 0004, 1.97275, 4.8528267
0xEEEE, 12975788, 4152, 0003, 1.57546, 4.8459602
0xEEEE, 12978902, 4153, 0003, 1.55531, 4.8564889
0xEEEE, 12982054, 4154, 0002, 1.18220, 4.8586252
0xEEEE, 12985161, 4155, 0002, 0.79538, 4.8573281
0xEEEE, 12988296, 4156, 0001, 0.78974, 4.8606851
0xEEEE, 12991412, 4157, 0001, 0.78894, 4.8598459
0xEEEE, 12994537, 4158, 0000, 0.39245, 4.8484779
0xEEEE, 12997669, 4159, 0000, 0.39245, 4.8468757
0xEEEE, 13000787, 4160, 0000, 0.01209, 4.8572519
0xEEEE, 13003902, 4161, 0000, 0.01209, 4.8648051
0xEEEE, 13007063, 4162, 0001, 0.01289, 4.8559548
0xEEEE, 13010153, 4163, 0001, 0.01209, 4.8496986
0xEEEE, 13013287, 4164, 0002, 0.38762, 4.8538949
0xEEEE, 13016401, 4165, 0002, 0.37473, 4.8570993
0xEEEE, 13019527, 4166, 0003, 0.78813, 4.8525216
0xEEEE, 13022659, 4167, 0003, 0.78894, 4.8587778
0xEEEE, 13025797, 4168, 0004, 1.18220, 4.8581674
0xEEEE, 13028913, 4169, 0004, 1.62542, 4.8555734
0xEEEE, 13032044, 4170, 0005, 1.57868, 4.8500801
0xEEEE, 13035163, 4171, 0005, 1.56418, 4.8581674
0xEEEE, 13038289, 4172, 0006, 1.97194, 4.8648051
0xEEEE, 13041412, 4173, 0006, 1.95905, 4.8589303
0xEEEE, 13044538, 4174, 0007, 2.36842, 4.8435187
0xEEEE, 13047677, 4175, 0007, 2.35714, 4.8555734
0xEEEE, 13050786, 4176, 0007, 2.54410, 4.8647288
0xEEEE, 13053911, 4177, 0007, 2.55458, 4.8541238
0xEEEE, 13057043, 4178, 0006, 2.55136, 4.8462654
0xEEEE, 13060162, 4179, 0006, 2.55055, 4.8586252
0xEEEE, 13063287, 4180, 0005, 2.36681, 4.8484016
0xEEEE, 13066411, 4181, 0005, 2.36601, 4.8482490
0xEEEE, 13069526, 4182, 0004, 1.91473, 4.8552682
0xEEEE, 13072670, 4183, 0004, 1.97436, 4.8636606
0xEEEE, 13075776, 4184, 0003, 1.60447, 4.8439002
0xEEEE, 13078902, 4185, 0003, 1.18381, 4.8517586
0xEEEE, 13082036, 4186, 0002, 1.18059, 4.8651865
0xEEEE, 13085152, 4187, 0002, 1.18300, 4.8665599
0xEEEE, 13088277, 4188, 0001, 0.78894, 4.8538949
0xEEEE, 13091408, 4189, 0001, 0.78813, 4.8496223
0xEEEE, 13094538, 4190, 0000, 0.39487, 4.8580148
0xEEEE, 13097671, 4191, 0000, 0.38520, 4.8582437
0xEEEE, 13100789, 4192, 0000, 0.01128, 4.8488594
0xEEEE, 13103914, 4193, 0000, 0.01128, 4.8580911
0xEEEE, 13107065, 4194, 0001, 0.01209, 4.8625162
0xEEEE, 13110172, 4195, 0001, 0.01128, 4.8577859
0xEEEE, 13113280, 4196, 0002, 0.39245, 4.8436713
0xEEEE, 13116411, 4197, 0002, 0.39245, 4.8482490
0xEEEE, 13119536, 4198, 0003, 0.78813, 4.8599985
0xEEEE, 13122668, 4199, 0003, 0.78974, 4.8491646
0xEEEE, 13125787, 4200, 0004, 1.14835, 4.8456550
0xEEEE, 13128912, 4201, 0004, 1.57868, 4.8545815
0xEEEE, 13132045, 4202, 0005, 1.58029, 4.8599985
0xEEEE, 13135152, 4203, 0005, 1.57707, 4.8629740
0xEEEE, 13138277, 4204, 0006, 1.97436, 4.8553445
0xEEEE, 13141402, 4205, 0006, 1.97355, 4.8604562
0xEEEE, 13144526, 4206, 0007, 2.34908, 4.8551919
0xEEEE, 13147659, 4207, 0007, 2.36681, 4.8493172
0xEEEE, 13150777, 4208, 0007, 2.55055, 4.8532845
0xEEEE, 13153902, 4209, 0007, 2.59165, 4.8575570
0xEEEE, 13157047, 4210, 0006, 2.55055, 4.8488594
0xEEEE, 13160163, 4211, 0006, 2.55055, 4.8423743
0xEEEE, 13163288, 4212, 0005, 2.36681, 4.8544289
0xEEEE, 13166413, 4213, 0005, 2.36520, 4.8560311
0xEEEE, 13169539, 4214, 0004, 1.97355, 4.8616007
0xEEEE, 13172672, 4215, 0004, 1.61011, 4.8542763
0xEEEE, 13175788, 4216, 0003, 1.57788, 4.8590066
0xEEEE, 13178902, 4217, 0003, 1.57143, 4.8537423
0xEEEE, 13182054, 4218, 0002, 1.19267, 4.8470283
0xEEEE, 13185161, 4219, 0002, 1.18300, 4.8556497
0xEEEE, 13188287, 4220, 0001, 0.78894, 4.8667887
0xEEEE, 13191412, 4221, 0001, 0.78974, 4.8525216
0xEEEE, 13194545, 4222, 0000, 0.35941, 4.8497749
0xEEEE, 13197669, 4223, 0000, 0.01209, 4.8519875
0xEEEE, 13200777, 4224, 0000, 0.01209, 4.8624399
0xEEEE, 13203902, 4225, 0000, 0.01209, 4.8517586
0xEEEE, 13207063, 4226, 0001, 0.01128, 4.8552682
0xEEEE, 13210153, 4227, 0001, 0.01370, 4.8554208
0xEEEE, 13213276, 4228, 0002, 0.39245, 4.8538949
0xEEEE, 13216401, 4229, 0002, 0.39245, 4.8426795
0xEEEE, 13219526, 4230, 0003, 0.78571, 4.8538186
0xEEEE, 13222659, 4231, 0003, 1.22007, 4.8611429
0xEEEE, 13225788, 4232, 0004, 1.18220, 4.8540475
0xEEEE, 13228913, 4233, 0004, 1.18139, 4.8502327
0xEEEE, 13232044, 4234, 0005, 1.56337, 4.8516060
0xEEEE, 13235164, 4235, 0005, 1.57788, 4.8630503
0xEEEE, 13238288, 4236, 0006, 2.00659, 4.8597696
0xEEEE, 13241424, 4237, 0006, 1.97355, 4.8538949
0xEEEE, 13244537, 4238, 0007, 2.36762, 4.8545815
0xEEEE, 13247680, 4239, 0007, 2.57231, 4.8587778
0xEEEE, 13250788, 4240, 0007, 2.55055, 4.8583963
0xEEEE, 13253920, 4241, 0007, 2.55055, 4.8477150
0xEEEE, 13257043, 4242, 0006, 2.55136, 4.8594644
0xEEEE, 13260161, 4243, 0006, 2.55136, 4.8599985
0xEEEE, 13263285, 4244, 0005, 2.36681, 4.8429847
0xEEEE, 13266410, 4245, 0005, 2.36359, 4.8519875
0xEEEE, 13269527, 4246, 0004, 1.97275, 4.8651102
0xEEEE, 13272659, 4247, 0004, 1.57868, 4.8601511
0xEEEE, 13275777, 4248, 0003, 1.57788, 4.8552682
0xEEEE, 13278911, 4249, 0003, 1.58271, 4.8525216
0xEEEE, 13282036, 4250, 0002, 1.18220, 4.8575570
0xEEEE, 13285152, 4251, 0002, 1.17978, 4.8619821
0xEEEE, 13288276, 4252, 0001, 0.75993, 4.8562600
0xEEEE, 13291409, 4253, 0001, 0.78733, 4.8580148
0xEEEE, 13294537, 4254, 0000, 0.39326, 4.8529030
0xEEEE, 13297670, 4255, 0000, 0.01209, 4.8468757
0xEEEE, 13300789, 4256, 0000, 0.01128, 4.8551919
0xEEEE, 13303914, 4257, 0000, 0.01209, 4.8624399
0xEEEE, 13307065, 4258, 0001, 0.01128, 4.8562600
0xEEEE, 13310164, 4259, 0001, 0.01209, 4.8573281
0xEEEE, 13313283, 4260, 0002, 0.38681, 4.8495460
0xEEEE, 13316411, 4261, 0002, 0.40777, 4.8622110
0xEEEE, 13319536, 4262, 0003, 0.78974, 4.8617533
0xEEEE, 13322668, 4263, 0003, 0.78813, 4.8480964
0xEEEE, 13325797, 4264, 0004, 1.18381, 4.8520638
0xEEEE, 13328911, 4265, 0004, 1.16205, 4.8570230
0xEEEE, 13332045, 4266, 0005, 1.57868, 4.8497749
0xEEEE, 13335152, 4267, 0005, 1.58271, 4.8490883
0xEEEE, 13338285, 4268, 0006, 1.97194, 4.8608377
0xEEEE, 13341402, 4269, 0006, 2.36762, 4.8554971
0xEEEE, 13344526, 4270, 0007, 2.36681, 4.8442054
0xEEEE, 13347659, 4271, 0007, 2.36681, 4.8515297
0xEEEE, 13350777, 4272, 0007, 2.54974, 4.8616007
0xEEEE, 13353902, 4273, 0007, 2.55055, 4.8586252
0xEEEE, 13357037, 4274, 0006, 2.54894, 4.8532845
0xEEEE, 13360163, 4275, 0006, 2.54813, 4.8515297
0xEEEE, 13363288, 4276, 0005, 2.36762, 4.8616007
0xEEEE, 13366413, 4277, 0005, 1.97275, 4.8536660
0xEEEE, 13369539, 4278, 0004, 1.98564, 4.8513008
0xEEEE, 13372671, 4279, 0004, 1.97194, 4.8661784
0xEEEE, 13375790, 4280, 0003, 1.56901, 4.8602274
0xEEEE, 13378904, 4281, 0003, 1.57788, 4.8430610
0xEEEE, 13382042, 4282, 0002, 1.17253, 4.8556497
0xEEEE, 13385171, 4283, 0002, 1.21363, 4.8648814
0xEEEE, 13388286, 4284, 0001, 0.78813, 4.8618296
0xEEEE, 13391412, 4285, 0001, 0.39487, 4.8418402
0xEEEE, 13394537, 4286, 0000, 0.39245, 4.8509194
0xEEEE, 13397669, 4287, 0000, 0.38198, 4.8606088
0xEEEE, 13400777, 4288, 0000, 0.01209, 4.8497749
0xEEEE, 13403902, 4289, 0000, 0.01209, 4.8496223
0xEEEE, 13407054, 4290, 0001, 0.01209, 4.8571756
0xEEEE, 13410161, 4291, 0001, 0.01209, 4.8586252
0xEEEE, 13413277, 4292, 0002, 0.39326, 4.8550393
0xEEEE, 13416401, 4293, 0002, 0.78733, 4.8483253
0xEEEE, 13419527, 4294, 0003, 0.78733, 4.8662547
0xEEEE, 13422669, 4295, 0003, 0.78571, 4.8554208
0xEEEE, 13425788, 4296, 0004, 1.18220, 4.8551919
0xEEEE, 13428913, 4297, 0004, 1.18139, 4.8479438
0xEEEE, 13432044, 4298, 0005, 1.57707, 4.8614481
0xEEEE, 13435164, 4299, 0005, 1.57868, 4.8538949
0xEEEE, 13438290, 4300, 0006, 1.97033, 4.8478676
0xEEEE, 13441412, 4301, 0006, 2.36681, 4.8585489
0xEEEE, 13444526, 4302, 0007, 2.37165, 4.8587778
0xEEEE, 13447680, 4303, 0007, 2.36601, 4.8485542
0xEEEE, 13450787, 4304, 0007, 2.55216, 4.8522927
0xEEEE, 13453911, 4305, 0007, 2.53443, 4.8603799
0xEEEE, 13457043, 4306, 0006, 2.55780, 4.8565652
0xEEEE, 13460161, 4307, 0006, 2.55055, 4.8486305
0xEEEE, 13463285, 4308, 0005, 2.41355, 4.8474861
0xEEEE, 13466410, 4309, 0005, 2.02513, 4.8592355
0xEEEE, 13469537, 4310, 0004, 1.97194, 4.8613718
0xEEEE, 13472659, 4311, 0004, 1.95905, 4.8598459
0xEEEE, 13475777, 4312, 0003, 1.57788, 4.8521401
0xEEEE, 13478902, 4313, 0003, 1.57868, 4.8580911
0xEEEE, 13482035, 4314, 0002, 1.18220, 4.8530556
0xEEEE, 13485151, 4315, 0002, 1.18220, 4.8478676
0xEEEE, 13488276, 4316, 0001, 0.78652, 4.8536660
0xEEEE, 13491411, 4317, 0001, 0.77766, 4.8571756
0xEEEE, 13494537, 4318, 0000, 0.35619, 4.8489357
0xEEEE, 13497670, 4319, 0000, 0.39165, 4.8459602
0xEEEE, 13500790, 4320, 0000, 0.01209, 4.8627451
0xEEEE, 13503914, 4321, 0000, 0.01209, 4.8616007
0xEEEE, 13507073, 4322, 0001, 0.01128, 4.8572519
0xEEEE, 13510164, 4323, 0001, 0.39245, 4.8465705
0xEEEE, 13513283, 4324, 0002, 0.39326, 4.8573281
0xEEEE, 13516411, 4325, 0002, 0.39084, 4.8550393
0xEEEE, 13519536, 4326, 0003, 0.79458, 4.8464179
0xEEEE, 13522668, 4327, 0003, 0.75106, 4.8520638
0xEEEE, 13525787, 4328, 0004, 1.18300, 4.8616770
0xEEEE, 13528911, 4329, 0004, 1.18462, 4.8531319
0xEEEE, 13532044, 4330, 0005, 1.57788, 4.8480964
0xEEEE, 13535152, 4331, 0005, 1.97516, 4.8561074
0xEEEE, 13538276, 4332, 0006, 1.96791, 4.8683146
0xEEEE, 13541401, 4333, 0006, 1.97436, 4.8485542
0xEEEE, 13544526, 4334, 0007, 2.38212, 4.8477150
0xEEEE, 13547659, 4335, 0007, 2.35714, 4.8573281
0xEEEE, 13550777, 4336, 0007, 2.54894, 4.8570230
0xEEEE, 13553913, 4337, 0007, 2.55055, 4.8500038
0xEEEE, 13557039, 4338, 0006, 2.60132, 4.8563363
0xEEEE, 13560163, 4339, 0006, 2.37810, 4.8580148
0xEEEE, 13563289, 4340, 0005, 2.36681, 4.8530556
0xEEEE, 13566413, 4341, 0005, 2.36520, 4.8484016
0xEEEE, 13569539, 4342, 0004, 1.97597, 4.8557259
0xEEEE, 13572671, 4343, 0004, 1.97194, 4.8601511
0xEEEE, 13575788, 4344, 0003, 1.58110, 4.8472572
0xEEEE, 13578905, 4345, 0003, 1.60769, 4.8410773
0xEEEE, 13582042, 4346, 0002, 1.18220, 4.8593118
0xEEEE, 13585161, 4347, 0002, 0.78330, 4.8613718
0xEEEE, 13588286, 4348, 0001, 0.76718, 4.8537423
0xEEEE, 13591418, 4349, 0001, 0.78813, 4.8569467
0xEEEE, 13594536, 4350, 0000, 0.39165, 4.8579385
0xEEEE, 13597668, 4351, 0000, 0.39326, 4.8507668
0xEEEE, 13600777, 4352, 0000, 0.01209, 4.8493935
0xEEEE, 13603902, 4353, 0000, 0.01209, 4.8625925
0xEEEE, 13607054, 4354, 0001, 0.01209, 4.8632792
0xEEEE, 13610153, 4355, 0001, 0.38681, 4.8429084
0xEEEE, 13613276, 4356, 0002, 0.38278, 4.8453498
0xEEEE, 13616402, 4357, 0002, 0.38117, 4.8542763
0xEEEE, 13619527, 4358, 0003, 0.78894, 4.8647288
0xEEEE, 13622661, 4359, 0003, 0.78813, 4.8564889
0xEEEE, 13625789, 4360, 0004, 1.18623, 4.8468757
0xEEEE, 13628913, 4361, 0004, 1.17414, 4.8540475
0xEEEE, 13632045, 4362, 0005, 1.57868, 4.8596933
0xEEEE, 13635164, 4363, 0005, 1.57465, 4.8451972
0xEEEE, 13638299, 4364, 0006, 1.97355, 4.8538949
0xEEEE, 13641413, 4365, 0006, 1.99451, 4.8613718
0xEEEE, 13644527, 4366, 0007, 2.36440, 4.8524453
0xEEEE, 13647679, 4367, 0007, 2.36762, 4.8446632
0xEEEE, 13650795, 4368, 0007, 2.53766, 4.8577096
0xEEEE, 13653911, 4369, 0007, 2.54249, 4.8632029
0xEEEE, 13657043, 4370, 0006, 2.55136, 4.8567178
0xEEEE, 13660161, 4371, 0006, 2.55055, 4.8480964
0xEEEE, 13663285, 4372, 0005, 2.36520, 4.8567178
0xEEEE, 13666401, 4373, 0005, 2.36681, 4.8593118
0xEEEE, 13669526, 4374, 0004, 2.00901, 4.8556497
0xEEEE, 13672659, 4375, 0004, 1.97355, 4.8547341
0xEEEE, 13675782, 4376, 0003, 1.55692, 4.8570993
0xEEEE, 13678902, 4377, 0003, 1.18300, 4.8576333
0xEEEE, 13682036, 4378, 0002, 1.18059, 4.8425269
0xEEEE, 13685151, 4379, 0002, 1.18300, 4.8529030
0xEEEE, 13688278, 4380, 0001, 0.78894, 4.8621347
0xEEEE, 13691413, 4381, 0001, 0.78813, 4.8599985
0xEEEE, 13694538, 4382, 0000, 0.39004, 4.8450446
0xEEEE, 13697680, 4383, 0000, 0.39487, 4.8509194
0xEEEE, 13700789, 4384, 0000, 0.01128, 4.8613718
0xEEEE, 13703914, 4385, 0000, 0.01209, 4.8507668
0xEEEE, 13707065, 4386, 0001, 0.01209, 4.8521401
0xEEEE, 13710164, 4387, 0001, 0.01128, 4.8540475
0xEEEE, 13713286, 4388, 0002, 0.39245, 4.8587015
0xEEEE, 13716411, 4389, 0002, 0.39326, 4.8525216
0xEEEE, 13719536, 4390, 0003, 0.78894, 4.8487831
0xEEEE, 13722678, 4391, 0003, 0.78571, 4.8629740
0xEEEE, 13725787, 4392, 0004, 1.14674, 4.8592355
0xEEEE, 13728911, 4393, 0004, 1.57788, 4.8470283
0xEEEE, 13732044, 4394, 0005, 1.57546, 4.8537423
0xEEEE, 13735161, 4395, 0005, 1.57868, 4.8652628
0xEEEE, 13738276, 4396, 0006, 1.98081, 4.8525216
0xEEEE, 13741401, 4397, 0006, 1.97194, 4.8462654
0xEEEE, 13744526, 4398, 0007, 2.35473, 4.8482490
0xEEEE, 13747659, 4399, 0007, 2.36601, 4.8575570
0xEEEE, 13750778, 4400, 0007, 2.55136, 4.8487068
0xEEEE, 13753902, 4401, 0007, 2.55055, 4.8458076
0xEEEE, 13757041, 4402, 0006, 2.55136, 4.8557259
0xEEEE, 13760163, 4403, 0006, 2.55055, 4.8549630
0xEEEE, 13763288, 4404, 0005, 2.36681, 4.8465705
0xEEEE, 13766413, 4405, 0005, 2.36440, 4.8522927
0xEEEE, 13769538, 4406, 0004, 1.97275, 4.8644236
0xEEEE, 13772671, 4407, 0004, 1.97355, 4.8622110
0xEEEE, 13775789, 4408, 0003, 1.57868, 4.8546578
0xEEEE, 13778907, 4409, 0003, 1.19106, 4.8501564
0xEEEE, 13782064, 4410, 0002, 1.16769, 4.8590066
0xEEEE, 13785161, 4411, 0002, 1.18220, 4.8524453
0xEEEE, 13788286, 4412, 0001, 0.79136, 4.8455024
0xEEEE, 13791411, 4413, 0001, 0.79136, 4.8588540
0xEEEE, 13794536, 4414, 0000, 0.35700, 4.8590066
0xEEEE, 13797668, 4415, 0000, 0.39326, 4.8494697
0xEEEE, 13800777, 4416, 0000, 0.01209, 4.8558785
0xEEEE, 13803902, 4417, 0000, 0.01209, 4.8608377
0xEEEE, 13807054, 4418, 0001, 0.01209, 4.8577859
0xEEEE, 13810153, 4419, 0001, 0.01128, 4.8454261
0xEEEE, 13813278, 4420, 0002, 0.39245, 4.8503853
0xEEEE, 13816401, 4421, 0002, 0.39245, 4.8607614
0xEEEE, 13819536, 4422, 0003, 0.78330, 4.8616007
0xEEEE, 13822663, 4423, 0003, 1.13223, 4.8491646
0xEEEE, 13825788, 4424, 0004, 1.18300, 4.8548867
0xEEEE, 13828913, 4425, 0004, 1.18139, 4.8590829
0xEEEE, 13832045, 4426, 0005, 1.56740, 4.8625162
0xEEEE, 13835164, 4427, 0005, 1.57788, 4.8510719
0xEEEE, 13838289, 4428, 0006, 1.97355, 4.8612955
0xEEEE, 13841413, 4429, 0006, 1.97275, 4.8579385
0xEEEE, 13844527, 4430, 0007, 2.36681, 4.8498512
0xEEEE, 13847679, 4431, 0007, 2.48205, 4.8477913
0xEEEE, 13850786, 4432, 0007, 2.55216, 4.8614481
0xEEEE, 13853912, 4433, 0007, 2.55216, 4.8590066
0xEEEE, 13857042, 4434, 0006, 2.54330, 4.8442817
0xEEEE, 13860162, 4435, 0006, 2.55055, 4.8496986
0xEEEE, 13863286, 4436, 0005, 2.36520, 4.8541238
0xEEEE, 13866422, 4437, 0005, 2.36037, 4.8569467
0xEEEE, 13869526, 4438, 0004, 1.97194, 4.8484016
0xEEEE, 13872659, 4439, 0004, 1.57868, 4.8600748
0xEEEE, 13875778, 4440, 0003, 1.57707, 4.8601511
0xEEEE, 13878901, 4441, 0003, 1.57707, 4.8507668
0xEEEE, 13882035, 4442, 0002, 1.18059, 4.8506142
0xEEEE, 13885151, 4443, 0002, 1.18703, 4.8582437
0xEEEE, 13888278, 4444, 0001, 0.78974, 4.8621347
0xEEEE, 13891412, 4445, 0001, 0.78813, 4.8366522
0xEEEE, 13894538, 4446, 0000, 0.39245, 4.8449683
0xEEEE, 13897670, 4447, 0000, 0.01209, 4.8625925
0xEEEE, 13900790, 4448, 0000, 0.01209, 4.8565652
0xEEEE, 13903923, 4449, 0000, 0.01209, 4.8522164
0xEEEE, 13907065, 4450, 0001, 0.01128, 4.8548867
0xEEEE, 13910164, 4451, 0001, 0.01209, 4.8561837
0xEEEE, 13913286, 4452, 0002, 0.40374, 4.8554971
0xEEEE, 13916411, 4453, 0002, 0.40051, 4.8509957
0xEEEE, 13919536, 4454, 0003, 0.78894, 4.8567178
0xEEEE, 13922668, 4455, 0003, 1.18381, 4.8570230
0xEEEE, 13925787, 4456, 0004, 1.18139, 4.8496986
0xEEEE, 13928910, 4457, 0004, 1.22410, 4.8461128
0xEEEE, 13932045, 4458, 0005, 1.57868, 4.8564889
0xEEEE, 13935151, 4459, 0005, 1.57788, 4.8589303
0xEEEE, 13938278, 4460, 0006, 1.97275, 4.8476387
0xEEEE, 13941402, 4461, 0006, 1.96952, 4.8526741
0xEEEE, 13944526, 4462, 0007, 2.36762, 4.8576333
0xEEEE, 13947660, 4463, 0007, 2.36601, 4.8537423
0xEEEE, 13950788, 4464, 0007, 2.54330, 4.8544289
0xEEEE, 13953902, 4465, 0007, 2.55297, 4.8577096
0xEEEE, 13957042, 4466, 0006, 2.55055, 4.8635080
0xEEEE, 13960163, 4467, 0006, 2.54249, 4.8504616
0xEEEE, 13963296, 4468, 0005, 2.36923, 4.8498512
0xEEEE, 13966413, 4469, 0005, 1.97275, 4.8587015
0xEEEE, 13969538, 4470, 0004, 1.97597, 4.8625162
0xEEEE, 13972671, 4471, 0004, 1.97114, 4.8534371
0xEEEE, 13975788, 4472, 0003, 1.57707, 4.8440528
0xEEEE, 13978907, 4473, 0003, 1.57868, 4.8585489
0xEEEE, 13982042, 4474, 0002, 1.17333, 4.8545052
0xEEEE, 13985161, 4475, 0002, 1.22491, 4.8559548
0xEEEE, 13988292, 4476, 0001, 0.78813, 4.8522164
0xEEEE, 13991411, 4477, 0001, 0.39084, 4.8619821
0xEEEE, 13994536, 4478, 0000, 0.39407, 4.8519112
0xEEEE, 13997668, 4479, 0000, 0.39729, 4.8487068
0xEEEE, 14000778, 4480, 0000, 0.01209, 4.8590829
0xEEEE, 14003901, 4481, 0000, 0.01209, 4.8632792
0xEEEE, 14007054, 4482, 0001, 0.01209, 4.8558785
0xEEEE, 14010153, 4483, 0001, 0.01209, 4.8470283
0xEEEE, 14013277, 4484, 0002, 0.39245, 4.8526741
0xEEEE, 14016401, 4485, 0002, 0.78813, 4.8554971
0xEEEE, 14019526, 4486, 0003, 0.78733, 4.8532845
0xEEEE, 14022665, 4487, 0003, 0.79136, 4.8525216
0xEEEE, 14025788, 4488, 0004, 1.17817, 4.8569467
0xEEEE, 14028913, 4489, 0004, 1.18220, 4.8491646
0xEEEE, 14032045, 4490, 0005, 1.58110, 4.8443580
0xEEEE, 14035172, 4491, 0005, 1.62542, 4.8549630
0xEEEE, 14038288, 4492, 0006, 1.97355, 4.8628214
0xEEEE, 14041413, 4493, 0006, 2.36601, 4.8651102
0xEEEE, 14044528, 4494, 0007, 2.36762, 4.8442054
0xEEEE, 14047689, 4495, 0007, 2.36681, 4.8567178
0xEEEE, 14050786, 4496, 0007, 2.55136, 4.8622110
0xEEEE, 14053912, 4497, 0007, 2.56022, 4.8488594
0xEEEE, 14057043, 4498, 0006, 2.54571, 4.8477913
0xEEEE, 14060162, 4499, 0006, 2.55136, 4.8546578
0xEEEE, 14063287, 4500, 0005, 2.33941, 4.8538949
0xEEEE, 14066402, 4501, 0005, 1.98322, 4.8504616
0xEEEE, 14069527, 4502, 0004, 1.97275, 4.8541238
0xEEEE, 14072659, 4503, 0004, 1.97114, 4.8634318
0xEEEE, 14075777, 4504, 0003, 1.57788, 4.8558022
0xEEEE, 14078902, 4505, 0003, 1.58110, 4.8458839
0xEEEE, 14082035, 4506, 0002, 1.18300, 4.8493935
0xEEEE, 14085151, 4507, 0002, 1.18381, 4.8645762
0xEEEE, 14088279, 4508, 0001, 0.78733, 4.8509957
0xEEEE, 14091413, 4509, 0001, 0.37150, 4.8487831
0xEEEE, 14094548, 4510, 0000, 0.42388, 4.8508431
0xEEEE, 14097670, 4511, 0000, 0.39245, 4.8562600
0xEEEE, 14100790, 4512, 0000, 0.01209, 4.8538949
0xEEEE, 14103914, 4513, 0000, 0.01289, 4.8523690
0xEEEE, 14107066, 4514, 0001, 0.01128, 4.8581674
0xEEEE, 14110153, 4515, 0001, 0.01209, 4.8597696
0xEEEE, 14113286, 4516, 0002, 0.39326, 4.8422217
0xEEEE, 14116411, 4517, 0002, 0.39245, 4.8479438
0xEEEE, 14119543, 4518, 0003, 0.78813, 4.8644236
0xEEEE, 14122669, 4519, 0003, 0.83326, 4.8510719
0xEEEE, 14125788, 4520, 0004, 1.18220, 4.8519875
0xEEEE, 14128911, 4521, 0004, 1.18381, 4.8525216
0xEEEE, 14132051, 4522, 0005, 1.57788, 4.8608377
0xEEEE, 14135151, 4523, 0005, 1.97355, 4.8522164
0xEEEE, 14138276, 4524, 0006, 2.00740, 4.8577096
0xEEEE, 14141401, 4525, 0006, 1.97516, 4.8583200
0xEEEE, 14144526, 4526, 0007, 2.38212, 4.8568704
0xEEEE, 14147659, 4527, 0007, 2.36681, 4.8481727
0xEEEE, 14150777, 4528, 0007, 2.55216, 4.8588540
0xEEEE, 14153902, 4529, 0007, 2.55136, 4.8661021
0xEEEE, 14157044, 4530, 0006, 2.49253, 4.8548104
0xEEEE, 14160163, 4531, 0006, 2.38938, 4.8507668
0xEEEE, 14163288, 4532, 0005, 2.36762, 4.8457313
0xEEEE, 14166413, 4533, 0005, 2.36762, 4.8615244
0xEEEE, 14169538, 4534, 0004, 1.97275, 4.8593881
0xEEEE, 14172671, 4535, 0004, 1.97355, 4.8487068
0xEEEE, 14175789, 4536, 0003, 1.57788, 4.8516060
0xEEEE, 14178932, 4537, 0003, 1.54806, 4.8587015
0xEEEE, 14182043, 4538, 0002, 1.18381, 4.8565652
0xEEEE, 14185161, 4539, 0002, 0.79538, 4.8541238
0xEEEE, 14188287, 4540, 0001, 0.81150, 4.8642710
0xEEEE, 14191412, 4541, 0001, 0.78733, 4.8574044
0xEEEE, 14194536, 4542, 0000, 0.39245, 4.8498512
0xEEEE, 14197668, 4543, 0000, 0.39245, 4.8516823
0xEEEE, 14200777, 4544, 0000, 0.01209, 4.8649577
0xEEEE, 14203902, 4545, 0000, 0.01128, 4.8543526
0xEEEE, 14207055, 4546, 0001, 0.01209, 4.8480201
0xEEEE, 14210153, 4547, 0001, 0.39084, 4.8544289
0xEEEE, 14213276, 4548, 0002, 0.39326, 4.8507668
0xEEEE, 14216411, 4549, 0002, 0.40857, 4.8585489
0xEEEE, 14219526, 4550, 0003, 0.78894, 4.8582437
0xEEEE, 14222666, 4551, 0003, 0.78813, 4.8581674
0xEEEE, 14225788, 4552, 0004, 1.18300, 4.8558022
0xEEEE, 14228913, 4553, 0004, 1.18059, 4.8464942
0xEEEE, 14232045, 4554, 0005, 1.57707, 4.8496223
0xEEEE, 14235164, 4555, 0005, 1.96227, 4.8615244
0xEEEE, 14238288, 4556, 0006, 1.97194, 4.8600748
0xEEEE, 14241413, 4557, 0006, 1.95824, 4.8487831
0xEEEE, 14244530, 4558, 0007, 2.36520, 4.8537423
0xEEEE, 14247668, 4559, 0007, 2.33538, 4.8595407
0xEEEE, 14250787, 4560, 0007, 2.56667, 4.8542000
0xEEEE, 14253912, 4561, 0007, 2.55055, 4.8500801
0xEEEE, 14257043, 4562, 0006, 2.55216, 4.8549630
0xEEEE, 14260161, 4563, 0006, 2.55136, 4.8577859
0xEEEE, 14263297, 4564, 0005, 2.36762, 4.8348974
0xEEEE, 14266402, 4565, 0005, 2.36681, 4.8494697
0xEEEE, 14269526, 4566, 0004, 1.99773, 4.8603037
0xEEEE, 14272659, 4567, 0004, 1.97355, 4.8606088
0xEEEE, 14275777, 4568, 0003, 1.59399, 4.8460365
0xEEEE, 14278901, 4569, 0003, 1.18220, 4.8545052
0xEEEE, 14282036, 4570, 0002, 1.18381, 4.8583200
0xEEEE, 14285151, 4571, 0002, 1.12015, 4.8561837
0xEEEE, 14288280, 4572, 0001, 0.78894, 4.8535134
0xEEEE, 14291413, 4573, 0001, 0.78813, 4.8503090
0xEEEE, 14294538, 4574, 0000, 0.39004, 4.8583963
0xEEEE, 14297670, 4575, 0000, 0.39165, 4.8493935
0xEEEE, 14300796, 4576, 0000, 0.01128, 4.8528267
0xEEEE, 14303914, 4577, 0000, 0.01209, 4.8590829
0xEEEE, 14307066, 4578, 0001, 0.01209, 4.8599222
0xEEEE, 14310153, 4579, 0001, 0.01128, 4.8437476
0xEEEE, 14313287, 4580, 0002, 0.42388, 4.8460365
0xEEEE, 14316411, 4581, 0002, 0.39165, 4.8603799
0xEEEE, 14319536, 4582, 0003, 0.78894, 4.8619821
0xEEEE, 14322668, 4583, 0003, 0.78894, 4.8641947
0xEEEE, 14325788, 4584, 0004, 1.16769, 4.8525978
0xEEEE, 14328911, 4585, 0004, 1.57788, 4.8571756
0xEEEE, 14332045, 4586, 0005, 1.57949, 4.8548104
0xEEEE, 14335151, 4587, 0005, 1.57788, 4.8532845
0xEEEE, 14338277, 4588, 0006, 1.97194, 4.8606088
0xEEEE, 14341402, 4589, 0006, 1.97275, 4.8623636
0xEEEE, 14344526, 4590, 0007, 2.36278, 4.8542763
0xEEEE, 14347670, 4591, 0007, 2.36601, 4.8515297
0xEEEE, 14350777, 4592, 0007, 2.55136, 4.8570230
0xEEEE, 14353903, 4593, 0007, 2.57634, 4.8601511
0xEEEE, 14357044, 4594, 0006, 2.55136, 4.8455787
0xEEEE, 14360171, 4595, 0006, 2.55136, 4.8465705
0xEEEE, 14363287, 4596, 0005, 2.36762, 4.8575570
0xEEEE, 14366414, 4597, 0005, 2.36762, 4.8545815
0xEEEE, 14369539, 4598, 0004, 1.97275, 4.8529793
0xEEEE, 14372671, 4599, 0004, 1.97194, 4.8579385
0xEEEE, 14375790, 4600, 0003, 1.57788, 4.8581674
0xEEEE, 14378912, 4601, 0003, 1.17978, 4.8469520
0xEEEE, 14382043, 4602, 0002, 1.17253, 4.8524453
0xEEEE, 14385164, 4603, 0002, 1.18220, 4.8596170
0xEEEE, 14388287, 4604, 0001, 0.78571, 4.8625162
0xEEEE, 14391411, 4605, 0001, 0.78571, 4.8493935
0xEEEE, 14394535, 4606, 0000, 0.40615, 4.8466468
0xEEEE, 14397668, 4607, 0000, 0.39407, 4.8575570
0xEEEE, 14400777, 4608, 0000, 0.01289, 4.8625162
0xEEEE, 14403902, 4609, 0000, 0.01209, 4.8507668
0xEEEE, 14407075, 4610, 0001, 0.01209, 4.8522164
0xEEEE, 14410153, 4611, 0001, 0.01370, 4.8601511
0xEEEE, 14413276, 4612, 0002, 0.39245, 4.8484016
0xEEEE, 14416401, 4613, 0002, 0.39245, 4.8525216
0xEEEE, 14419526, 4614, 0003, 0.78733, 4.8533608
0xEEEE, 14422667, 4615, 0003, 0.79055, 4.8635080
0xEEEE, 14425788, 4616, 0004, 1.18300, 4.8476387
0xEEEE, 14428913, 4617, 0004, 1.18300, 4.8466468
0xEEEE, 14432052, 4618, 0005, 1.57868, 4.8554208
0xEEEE, 14435164, 4619, 0005, 1.57868, 4.8586252
0xEEEE, 14438289, 4620, 0006, 1.90425, 4.8593118
0xEEEE, 14441413, 4621, 0006, 1.97355, 4.8528267
0xEEEE, 14444552, 4622, 0007, 2.36601, 4.8561837
0xEEEE, 14447669, 4623, 0007, 2.58520, 4.8590066
0xEEEE, 14450786, 4624, 0007, 2.55216, 4.8467994
0xEEEE, 14453912, 4625, 0007, 2.55136, 4.8623636
0xEEEE, 14457042, 4626, 0006, 2.54813, 4.8628977
0xEEEE, 14460161, 4627, 0006, 2.55216, 4.8581674
0xEEEE, 14463286, 4628, 0005, 2.36520, 4.8352026
0xEEEE, 14466402, 4629, 0005, 2.37729, 4.8534371
0xEEEE, 14469526, 4630, 0004, 1.97114, 4.8682383
0xEEEE, 14472659, 4631, 0004, 1.57788, 4.8632792
0xEEEE, 14475777, 4632, 0003, 1.57868, 4.8485542
0xEEEE, 14478902, 4633, 0003, 1.59963, 4.8564126
0xEEEE, 14482035, 4634, 0002, 1.18300, 4.8578622
0xEEEE, 14485151, 4635, 0002, 1.18381, 4.8522164
0xEEEE, 14488282, 4636, 0001, 0.78249, 4.8574807
0xEEEE, 14491424, 4637, 0001, 0.83648, 4.8629740
0xEEEE, 14494538, 4638, 0000, 0.39165, 4.8586252
0xEEEE, 14497670, 4639, 0000, 0.01209, 4.8479438
0xEEEE, 14500789, 4640, 0000, 0.01209, 4.8564126
0xEEEE, 14503913, 4641, 0000, 0.01128, 4.8626688
0xEEEE, 14507066, 4642, 0001, 0.01209, 4.8502327
0xEEEE, 14510155, 4643, 0001, 0.01209, 4.8450446
0xEEEE, 14513286, 4644, 0002, 0.38762, 4.8534371
0xEEEE, 14516411, 4645, 0002, 0.38520, 4.8573281
0xEEEE, 14519536, 4646, 0003, 0.76315, 4.8583200
0xEEEE, 14522668, 4647, 0003, 1.18381, 4.8511482
0xEEEE, 14525787, 4648, 0004, 1.18381, 4.8607614
0xEEEE, 14528920, 4649, 0004, 1.16689, 4.8548867
0xEEEE, 14532045, 4650, 0005, 1.57868, 4.8523690
0xEEEE, 14535151, 4651, 0005, 1.58190, 4.8541238
0xEEEE, 14538276, 4652, 0006, 1.97355, 4.8651102
0xEEEE, 14541401, 4653, 0006, 1.97355, 4.8539712
0xEEEE, 14544527, 4654, 0007, 2.36520, 4.8437476
0xEEEE, 14547660, 4655, 0007, 2.55055, 4.8505379
0xEEEE, 14550777, 4656, 0007, 2.54894, 4.8570993
0xEEEE, 14553904, 4657, 0007, 2.54894, 4.8526741
0xEEEE, 14557044, 4658, 0006, 2.55136, 4.8526741
0xEEEE, 14560163, 4659, 0006, 2.53846, 4.8548867
0xEEEE, 14563289, 4660, 0005, 2.36601, 4.8538186
0xEEEE, 14566414, 4661, 0005, 2.36681, 4.8531319
0xEEEE, 14569539, 4662, 0004, 1.97355, 4.8579385
0xEEEE, 14572671, 4663, 0004, 1.97355, 4.8624399
0xEEEE, 14575799, 4664, 0003, 1.57385, 4.8538949
0xEEEE, 14578911, 4665, 0003, 1.57788, 4.8504616
0xEEEE, 14582043, 4666, 0002, 1.18220, 4.8556497
0xEEEE, 14585161, 4667, 0002, 1.19590, 4.8622873
0xEEEE, 14588287, 4668, 0001, 0.78813, 4.8606851
0xEEEE, 14591411, 4669, 0001, 0.39326, 4.8471046
0xEEEE, 14594535, 4670, 0000, 0.39407, 4.8555734
0xEEEE, 14597668, 4671, 0000, 0.39245, 4.8558785
0xEEEE, 14600777, 4672, 0000, 0.01209, 4.8526741
0xEEEE, 14603902, 4673, 0000, 0.01289, 4.8568704
0xEEEE, 14607054, 4674, 0001, 0.01209, 4.8616770
0xEEEE, 14610153, 4675, 0001, 0.01209, 4.8554971
0xEEEE, 14613285, 4676, 0002, 0.36667, 4.8474098
0xEEEE, 14616401, 4677, 0002, 0.78813, 4.8507668
0xEEEE, 14619527, 4678, 0003, 0.78813, 4.8627451
0xEEEE, 14622670, 4679, 0003, 0.78813, 4.8560311
0xEEEE, 14625789, 4680, 0004, 1.18623, 4.8472572
0xEEEE, 14628913, 4681, 0004, 1.18300, 4.8448920
0xEEEE, 14632045, 4682, 0005, 1.57707, 4.8632029
0xEEEE, 14635163, 4683, 0005, 1.55692, 4.8589303
0xEEEE, 14638287, 4684, 0006, 1.97275, 4.8489357
0xEEEE, 14641413, 4685, 0006, 2.36681, 4.8568704
0xEEEE, 14644533, 4686, 0007, 2.36762, 4.8540475
0xEEEE, 14647668, 4687, 0007, 2.36681, 4.8504616
0xEEEE, 14650786, 4688, 0007, 2.54410, 4.8525216
0xEEEE, 14653911, 4689, 0007, 2.54813, 4.8630503
0xEEEE, 14657043, 4690, 0006, 2.55297, 4.8579385
0xEEEE, 14660172, 4691, 0006, 2.59971, 4.8510719
0xEEEE, 14663286, 4692, 0005, 2.38293, 4.8505379
0xEEEE, 14666402, 4693, 0005, 1.97355, 4.8603799
0xEEEE, 14669526, 4694, 0004, 1.91634, 4.8490120
0xEEEE, 14672668, 4695, 0004, 1.97597, 4.8554971
0xEEEE, 14675777, 4696, 0003, 1.57707, 4.8554208
0xEEEE, 14678901, 4697, 0003, 1.57707, 4.8543526
0xEEEE, 14682035, 4698, 0002, 1.15560, 4.8437476
0xEEEE, 14685152, 4699, 0002, 1.18220, 4.8564126
0xEEEE, 14688285, 4700, 0001, 0.78894, 4.8615244
0xEEEE, 14691413, 4701, 0001, 0.39890, 4.8598459
0xEEEE, 14694538, 4702, 0000, 0.38359, 4.8532082
0xEEEE, 14697678, 4703, 0000, 0.39729, 4.8503090
0xEEEE, 14700790, 4704, 0000, 0.01209, 4.8625162
0xEEEE, 14703914, 4705, 0000, 0.01209, 4.8630503
0xEEEE, 14707066, 4706, 0001, 0.01128, 4.8570230
0xEEEE, 14710157, 4707, 0001, 0.01209, 4.8501564
0xEEEE, 14713286, 4708, 0002, 0.39245, 4.8615244
0xEEEE, 14716411, 4709, 0002, 0.78974, 4.8559548
0xEEEE, 14719536, 4710, 0003, 0.79055, 4.8545052
0xEEEE, 14722668, 4711, 0003, 0.77604, 4.8606851
0xEEEE, 14725787, 4712, 0004, 1.18462, 4.8574044
0xEEEE, 14728911, 4713, 0004, 1.18381, 4.8458076
0xEEEE, 14732045, 4714, 0005, 1.60205, 4.8535897
0xEEEE, 14735152, 4715, 0005, 1.57707, 4.8644236
0xEEEE, 14738276, 4716, 0006, 1.96388, 4.8616770
0xEEEE, 14741402, 4717, 0006, 1.97194, 4.8507668
0xEEEE, 14744537, 4718, 0007, 2.35956, 4.8512245
0xEEEE, 14747659, 4719, 0007, 2.37004, 4.8570993
0xEEEE, 14750778, 4720, 0007, 2.55216, 4.8543526
0xEEEE, 14753906, 4721, 0007, 2.59245, 4.8504616
0xEEEE, 14757053, 4722, 0006, 2.53201, 4.8564126
0xEEEE, 14760163, 4723, 0006, 2.37487, 4.8525978
0xEEEE, 14763288, 4724, 0005, 2.36681, 4.8512245
0xEEEE, 14766414, 4725, 0005, 2.33619, 4.8514534
0xEEEE, 14769539, 4726, 0004, 1.97275, 4.8616007
0xEEEE, 14772671, 4727, 0004, 1.95824, 4.8576333
0xEEEE, 14775777, 4728, 0003, 1.57949, 4.8514534
0xEEEE, 14778911, 4729, 0003, 1.58996, 4.8527504
0xEEEE, 14782042, 4730, 0002, 1.18300, 4.8599985
0xEEEE, 14785161, 4731, 0002, 0.79136, 4.8603037
0xEEEE, 14788287, 4732, 0001, 0.78330, 4.8513771
0xEEEE, 14791412, 4733, 0001, 0.83407, 4.8516060
0xEEEE, 14794535, 4734, 0000, 0.39245, 4.8570230
0xEEEE, 14797669, 4735, 0000, 0.39245, 4.8555734
0xEEEE, 14800777, 4736, 0000, 0.01209, 4.8587778
0xEEEE, 14803913, 4737, 0000, 0.01209, 4.8589303
0xEEEE, 14807054, 4738, 0001, 0.01370, 4.8546578
0xEEEE, 14810153, 4739, 0001, 0.39326, 4.8532082
0xEEEE, 14813278, 4740, 0002, 0.39245, 4.8487068
0xEEEE, 14816401, 4741, 0002, 0.39407, 4.8603799
0xEEEE, 14819526, 4742, 0003, 0.80505, 4.8589303
0xEEEE, 14822670, 4743, 0003, 0.78813, 4.8517586
0xEEEE, 14825788, 4744, 0004, 1.18300, 4.8482490
0xEEEE, 14828920, 4745, 0004, 1.18300, 4.8605325
0xEEEE, 14832044, 4746, 0005, 1.57788, 4.8528267
0xEEEE, 14835163, 4747, 0005, 1.97839, 4.8444343
0xEEEE, 14838287, 4748, 0006, 2.00740, 4.8532082
0xEEEE, 14841422, 4749, 0006, 1.97355, 4.8654917
0xEEEE, 14844536, 4750, 0007, 2.36762, 4.8432136
0xEEEE, 14847669, 4751, 0007, 2.37245, 4.8476387
0xEEEE, 14850786, 4752, 0007, 2.55538, 4.8554208
0xEEEE, 14853912, 4753, 0007, 2.55055, 4.8641184
0xEEEE, 14857044, 4754, 0006, 2.55055, 4.8495460
0xEEEE, 14860160, 4755, 0006, 2.39502, 4.8465705
0xEEEE, 14863285, 4756, 0005, 2.36601, 4.8545815
0xEEEE, 14866401, 4757, 0005, 2.36601, 4.8562600
0xEEEE, 14869526, 4758, 0004, 1.98242, 4.8559548
0xEEEE, 14872659, 4759, 0004, 1.97275, 4.8599985
0xEEEE, 14875778, 4760, 0003, 1.57949, 4.8627451
0xEEEE, 14878902, 4761, 0003, 1.58190, 4.8513771
0xEEEE, 14882035, 4762, 0002, 1.18220, 4.8503090
0xEEEE, 14885152, 4763, 0002, 0.91626, 4.8598459
0xEEEE, 14888297, 4764, 0001, 0.83648, 4.8635080
0xEEEE, 14891413, 4765, 0001, 0.78813, 4.8524453
0xEEEE, 14894538, 4766, 0000, 0.39245, 4.8506142
0xEEEE, 14897670, 4767, 0000, 0.39245, 4.8580911
0xEEEE, 14900789, 4768, 0000, 0.01209, 4.8574044
0xEEEE, 14903913, 4769, 0000, 0.01209, 4.8522927
0xEEEE, 14907067, 4770, 0001, 0.01209, 4.8476387
0xEEEE, 14910158, 4771, 0001, 0.01209, 4.8558022
0xEEEE, 14913286, 4772, 0002, 0.37956, 4.8513008
0xEEEE, 14916411, 4773, 0002, 0.43919, 4.8501564
0xEEEE, 14919536, 4774, 0003, 0.78813, 4.8603799
0xEEEE, 14922669, 4775, 0003, 0.78813, 4.8589303
0xEEEE, 14925795, 4776, 0004, 1.18381, 4.8506142
0xEEEE, 14928911, 4777, 0004, 1.57788, 4.8503853
0xEEEE, 14932045, 4778, 0005, 1.57868, 4.8569467
0xEEEE, 14935151, 4779, 0005, 1.56176, 4.8628977
0xEEEE, 14938278, 4780, 0006, 1.97275, 4.8509957
0xEEEE, 14941402, 4781, 0006, 1.94857, 4.8535897
0xEEEE, 14944526, 4782, 0007, 2.36520, 4.8584726
0xEEEE, 14947659, 4783, 0007, 2.36601, 4.8525216
0xEEEE, 14950777, 4784, 0007, 2.51348, 4.8451209
0xEEEE, 14953907, 4785, 0007, 2.56505, 4.8521401
0xEEEE, 14957044, 4786, 0006, 2.55055, 4.8631266
0xEEEE, 14960163, 4787, 0006, 2.55136, 4.8490883
0xEEEE, 14963288, 4788, 0005, 2.36681, 4.8508431
0xEEEE, 14966414, 4789, 0005, 2.36681, 4.8550393
0xEEEE, 14969538, 4790, 0004, 1.97275, 4.8634318
0xEEEE, 14972681, 4791, 0004, 1.97194, 4.8563363
0xEEEE, 14975780, 4792, 0003, 1.60447, 4.8480964
0xEEEE, 14978911, 4793, 0003, 1.18381, 4.8564126
0xEEEE, 14982043, 4794, 0002, 1.18623, 4.8566415
0xEEEE, 14985161, 4795, 0002, 1.18381, 4.8530556
0xEEEE, 14988287, 4796, 0001, 0.78813, 4.8551156
0xEEEE, 14991411, 4797, 0001, 0.78894, 4.8616770
0xEEEE, 14994536, 4798, 0000, 0.40051, 4.8558022
0xEEEE, 14997668, 4799, 0000, 0.37795, 4.8448157
0xEEEE, 15000778, 4800, 0000, 0.01209, 4.8638895
0xEEEE, 15003902, 4801, 0000, 0.01209, 4.8630503
0xEEEE, 15007054, 4802, 0001, 0.01209, 4.8542763
0xEEEE, 15010161, 4803, 0001, 0.01209, 4.8454261
0xEEEE, 15013277, 4804, 0002, 0.39326, 4.8580148
0xEEEE, 15016401, 4805, 0002, 0.39245, 4.8553445
0xEEEE, 15019527, 4806, 0003, 0.78974, 4.8563363
0xEEEE, 15022670, 4807, 0003, 0.79055, 4.8501564
0xEEEE, 15025789, 4808, 0004, 1.18300, 4.8601511
0xEEEE, 15028913, 4809, 0004, 1.57788, 4.8582437
0xEEEE, 15032044, 4810, 0005, 1.58190, 4.8493172
0xEEEE, 15035163, 4811, 0005, 1.57788, 4.8559548
0xEEEE, 15038287, 4812, 0006, 1.95341, 4.8597696
0xEEEE, 15041402, 4813, 0006, 1.97275, 4.8483253
0xEEEE, 15044536, 4814, 0007, 2.32894, 4.8513008
0xEEEE, 15047668, 4815, 0007, 2.36601, 4.8528267
0xEEEE, 15050787, 4816, 0007, 2.55055, 4.8631266
0xEEEE, 15053912, 4817, 0007, 2.55136, 4.8525978
0xEEEE, 15057053, 4818, 0006, 2.55216, 4.8493935
0xEEEE, 15060160, 4819, 0006, 2.55136, 4.8519875
0xEEEE, 15063286, 4820, 0005, 2.36681, 4.8567941
0xEEEE, 15066402, 4821, 0005, 2.36520, 4.8544289
0xEEEE, 15069535, 4822, 0004, 1.97194, 4.8559548
0xEEEE, 15072659, 4823, 0004, 1.57788, 4.8632792
0xEEEE, 15075777, 4824, 0003, 1.57788, 4.8593881
0xEEEE, 15078902, 4825, 0003, 1.59480, 4.8422217
0xEEEE, 15082036, 4826, 0002, 1.18300, 4.8467231
0xEEEE, 15085151, 4827, 0002, 1.18220, 4.8645762
0xEEEE, 15088288, 4828, 0001, 0.78491, 4.8651102
0xEEEE, 15091413, 4829, 0001, 0.79941, 4.8447395
0xEEEE, 15094540, 4830, 0000, 0.39245, 4.8561837
0xEEEE, 15097670, 4831, 0000, 0.01209, 4.8615244
0xEEEE, 15100789, 4832, 0000, 0.01209, 4.8513771
0xEEEE, 15103913, 4833, 0000, 0.01209, 4.8577859
0xEEEE, 15107066, 4834, 0001, 0.01209, 4.8590829
0xEEEE, 15110159, 4835, 0001, 0.01209, 4.8554208
0xEEEE, 15113286, 4836, 0002, 0.39004, 4.8410773
0xEEEE, 15116421, 4837, 0002, 0.39326, 4.8444343
0xEEEE, 15119536, 4838, 0003, 0.79055, 4.8616770
0xEEEE, 15122669, 4839, 0003, 1.18139, 4.8643473
0xEEEE, 15125787, 4840, 0004, 1.18220, 4.8492409
0xEEEE, 15128911, 4841, 0004, 1.18300, 4.8516823
0xEEEE, 15132045, 4842, 0005, 1.54161, 4.8609140
0xEEEE, 15135152, 4843, 0005, 1.57707, 4.8605325
0xEEEE, 15138277, 4844, 0006, 1.97275, 4.8514534
0xEEEE, 15141412, 4845, 0006, 1.97355, 4.8574807
0xEEEE, 15144526, 4846, 0007, 2.36681, 4.8573281
0xEEEE, 15147659, 4847, 0007, 2.55055, 4.8502327
0xEEEE, 15150777, 4848, 0007, 2.55136, 4.8489357
0xEEEE, 15153919, 4849, 0007, 2.55055, 4.8638132
0xEEEE, 15157045, 4850, 0006, 2.55055, 4.8564126
0xEEEE, 15160163, 4851, 0006, 2.54733, 4.8516060
0xEEEE, 15163288, 4852, 0005, 2.36440, 4.8542763
0xEEEE, 15166414, 4853, 0005, 2.32733, 4.8642710
0xEEEE, 15169538, 4854, 0004, 1.96952, 4.8577096
0xEEEE, 15172670, 4855, 0004, 1.57788, 4.8540475
0xEEEE, 15175781, 4856, 0003, 1.57949, 4.8554971
0xEEEE, 15178911, 4857, 0003, 1.57788, 4.8561837
0xEEEE, 15182043, 4858, 0002, 1.18381, 4.8467231
0xEEEE, 15185161, 4859, 0002, 1.17978, 4.8512245
0xEEEE, 15188286, 4860, 0001, 0.73736, 4.8607614
0xEEEE, 15191411, 4861, 0001, 0.78813, 4.8660258
0xEEEE, 15194536, 4862, 0000, 0.39326, 4.8426795
0xEEEE, 15197668, 4863, 0000, 0.01773, 4.8448157
0xEEEE, 15200788, 4864, 0000, 0.01209, 4.8598459
0xEEEE, 15203902, 4865, 0000, 0.01128, 4.8548867
0xEEEE, 15207054, 4866, 0001, 0.01209, 4.8464942
0xEEEE, 15210153, 4867, 0001, 0.01209, 4.8496223
0xEEEE, 15213276, 4868, 0002, 0.38117, 4.8593118
0xEEEE, 15216402, 4869, 0002, 0.39084, 4.8544289
0xEEEE, 15219529, 4870, 0003, 0.78813, 4.8488594
0xEEEE, 15222670, 4871, 0003, 0.78894, 4.8585489
0xEEEE, 15225788, 4872, 0004, 1.18059, 4.8627451
0xEEEE, 15228914, 4873, 0004, 1.12982, 4.8440528
0xEEEE, 15232044, 4874, 0005, 1.57788, 4.8503853
0xEEEE, 15235164, 4875, 0005, 1.58432, 4.8642710
0xEEEE, 15238297, 4876, 0006, 1.97436, 4.8606851
0xEEEE, 15241401, 4877, 0006, 2.36520, 4.8517586
0xEEEE, 15244536, 4878, 0007, 2.36681, 4.8438239
0xEEEE, 15247668, 4879, 0007, 2.36681, 4.8609140
0xEEEE, 15250787, 4880, 0007, 2.55619, 4.8669413
0xEEEE, 15253912, 4881, 0007, 2.55216, 4.8413062
0xEEEE, 15257044, 4882, 0006, 2.55216, 4.8507668
0xEEEE, 15260160, 4883, 0006, 2.56747, 4.8582437
0xEEEE, 15263276, 4884, 0005, 2.37004, 4.8530556
0xEEEE, 15266401, 4885, 0005, 1.97355, 4.8470283
0xEEEE, 15269527, 4886, 0004, 1.98886, 4.8622110
0xEEEE, 15272659, 4887, 0004, 1.97194, 4.8619821
0xEEEE, 15275777, 4888, 0003, 1.58835, 4.8577859
0xEEEE, 15278902, 4889, 0003, 1.57868, 4.8522927
0xEEEE, 15282036, 4890, 0002, 1.18945, 4.8552682
0xEEEE, 15285163, 4891, 0002, 1.14835, 4.8609140
0xEEEE, 15288288, 4892, 0001, 0.78813, 4.8502327
0xEEEE, 15291413, 4893, 0001, 0.39487, 4.8516823
0xEEEE, 15294538, 4894, 0000, 0.39407, 4.8567941
0xEEEE, 15297670, 4895, 0000, 0.39810, 4.8560311
0xEEEE, 15300790, 4896, 0000, 0.01209, 4.8551156
0xEEEE, 15303913, 4897, 0000, 0.01370, 4.8539712
0xEEEE, 15307066, 4898, 0001, 0.01209, 4.8633555
0xEEEE, 15310162, 4899, 0001, 0.01209, 4.8496223
0xEEEE, 15313287, 4900, 0002, 0.33846, 4.8422980
0xEEEE, 15316411, 4901, 0002, 0.78813, 4.8566415
0xEEEE, 15319536, 4902, 0003, 0.78974, 4.8578622
0xEEEE, 15322676, 4903, 0003, 0.78974, 4.8532845
0xEEEE, 15325786, 4904, 0004, 1.23136, 4.8465705
0xEEEE, 15328912, 4905, 0004, 1.18220, 4.8594644
0xEEEE, 15332035, 4906, 0005, 1.57385, 4.8504616
0xEEEE, 15335152, 4907, 0005, 1.55451, 4.8550393
0xEEEE, 15338276, 4908, 0006, 1.97194, 4.8513771
0xEEEE, 15341401, 4909, 0006, 2.36762, 4.8617533
0xEEEE, 15344526, 4910, 0007, 2.36681, 4.8468757
0xEEEE, 15347659, 4911, 0007, 2.36601, 4.8416114
0xEEEE, 15350777, 4912, 0007, 2.55055, 4.8568704
0xEEEE, 15353911, 4913, 0007, 2.54330, 4.8626688
0xEEEE, 15357044, 4914, 0006, 2.55458, 4.8573281
0xEEEE, 15360163, 4915, 0006, 2.55136, 4.8511482
0xEEEE, 15363288, 4916, 0005, 2.33861, 4.8563363
0xEEEE, 15366413, 4917, 0005, 2.36198, 4.8594644
0xEEEE, 15369549, 4918, 0004, 1.97275, 4.8556497
0xEEEE, 15372670, 4919, 0004, 1.97275, 4.8546578
0xEEEE, 15375784, 4920, 0003, 1.57788, 4.8598459
0xEEEE, 15378911, 4921, 0003, 1.57868, 4.8551156
0xEEEE, 15382051, 4922, 0002, 1.21766, 4.8506905
0xEEEE, 15385161, 4923, 0002, 0.78813, 4.8545052
0xEEEE, 15388286, 4924, 0001, 0.78894, 4.8644999
0xEEEE, 15391411, 4925, 0001, 0.79216, 4.8541238
0xEEEE, 15394536, 4926, 0000, 0.39890, 4.8451209
0xEEEE, 15397668, 4927, 0000, 0.38762, 4.8519875
0xEEEE, 15400777, 4928, 0000, 0.01209, 4.8543526
0xEEEE, 15403902, 4929, 0000, 0.01209, 4.8510719
0xEEEE, 15407062, 4930, 0001, 0.01209, 4.8502327
0xEEEE, 15410153, 4931, 0001, 0.39165, 4.8576333
0xEEEE, 15413277, 4932, 0002, 0.39245, 4.8574044
0xEEEE, 15416402, 4933, 0002, 0.39326, 4.8551156
0xEEEE, 15419530, 4934, 0003, 0.78974, 4.8542000
0xEEEE, 15422670, 4935, 0003, 0.78974, 4.8648051
0xEEEE, 15425788, 4936, 0004, 1.18300, 4.8642710
0xEEEE, 15428914, 4937, 0004, 1.18220, 4.8474861
0xEEEE, 15432044, 4938, 0005, 1.57788, 4.8490883
0xEEEE, 15435163, 4939, 0005, 1.97275, 4.8661021
0xEEEE, 15438289, 4940, 0006, 1.96791, 4.8549630
0xEEEE, 15441403, 4941, 0006, 1.97275, 4.8531319
0xEEEE, 15444536, 4942, 0007, 2.37810, 4.8565652
0xEEEE, 15447668, 4943, 0007, 2.36842, 4.8611429
0xEEEE, 15450787, 4944, 0007, 2.55216, 4.8563363
0xEEEE, 15453921, 4945, 0007, 2.56505, 4.8558785
0xEEEE, 15457044, 4946, 0006, 2.54088, 4.8592355
0xEEEE, 15460161, 4947, 0006, 2.36923, 4.8551156
0xEEEE, 15463276, 4948, 0005, 2.36520, 4.8427558
0xEEEE, 15466410, 4949, 0005, 2.35150, 4.8495460
0xEEEE, 15469526, 4950, 0004, 1.97194, 4.8651102
0xEEEE, 15472659, 4951, 0004, 1.96952, 4.8615244
0xEEEE, 15475777, 4952, 0003, 1.57626, 4.8505379
0xEEEE, 15478902, 4953, 0003, 1.57949, 4.8542000
0xEEEE, 15482035, 4954, 0002, 1.18220, 4.8567178
0xEEEE, 15485152, 4955, 0002, 0.78974, 4.8507668
0xEEEE, 15488288, 4956, 0001, 0.79216, 4.8558785
0xEEEE, 15491413, 4957, 0001, 0.76879, 4.8574807
0xEEEE, 15494538, 4958, 0000, 0.39165, 4.8570993
0xEEEE, 15497670, 4959, 0000, 0.39165, 4.8512245
0xEEEE, 15500790, 4960, 0000, 0.01209, 4.8509957
0xEEEE, 15503913, 4961, 0000, 0.01209, 4.8637369
0xEEEE, 15507065, 4962, 0001, 0.01209, 4.8569467
0xEEEE, 15510162, 4963, 0001, 0.45048, 4.8456550
0xEEEE, 15513296, 4964, 0002, 0.39245, 4.8493172
0xEEEE, 15516411, 4965, 0002, 0.39084, 4.8635080
0xEEEE, 15519537, 4966, 0003, 0.80425, 4.8546578
0xEEEE, 15522669, 4967, 0003, 0.82359, 4.8528267
0xEEEE, 15525786, 4968, 0004, 1.18300, 4.8548867
0xEEEE, 15528911, 4969, 0004, 1.18381, 4.8560311
0xEEEE, 15532036, 4970, 0005, 1.59319, 4.8496986
0xEEEE, 15535151, 4971, 0005, 1.57868, 4.8516823
0xEEEE, 15538281, 4972, 0006, 1.98967, 4.8606088
0xEEEE, 15541401, 4973, 0006, 1.97275, 4.8612955
0xEEEE, 15544526, 4974, 0007, 2.36681, 4.8412299
0xEEEE, 15547659, 4975, 0007, 2.36601, 4.8504616
0xEEEE, 15550787, 4976, 0007, 2.54974, 4.8598459
0xEEEE, 15553912, 4977, 0007, 2.55055, 4.8570993
0xEEEE, 15557044, 4978, 0006, 2.57473, 4.8495460
0xEEEE, 15560163, 4979, 0006, 2.55377, 4.8564889
0xEEEE, 15563289, 4980, 0005, 2.36601, 4.8548867
0xEEEE, 15566414, 4981, 0005, 2.39018, 4.8530556
0xEEEE, 15569538, 4982, 0004, 1.97758, 4.8491646
0xEEEE, 15572670, 4983, 0004, 2.00982, 4.8587778
0xEEEE, 15575784, 4984, 0003, 1.57707, 4.8598459
0xEEEE, 15578911, 4985, 0003, 1.18381, 4.8452735
0xEEEE, 15582043, 4986, 0002, 1.18381, 4.8532082
0xEEEE, 15585161, 4987, 0002, 1.18059, 4.8633555
0xEEEE, 15588287, 4988, 0001, 0.80425, 4.8559548
0xEEEE, 15591411, 4989, 0001, 0.78813, 4.8440528
0xEEEE, 15594536, 4990, 0000, 0.39245, 4.8526741
0xEEEE, 15597679, 4991, 0000, 0.39165, 4.8609140
0xEEEE, 15600777, 4992, 0000, 0.01209, 4.8570230
0xEEEE, 15603902, 4993, 0000, 0.01209, 4.8559548
0xEEEE, 15607054, 4994, 0001, 0.01209, 4.8582437
0xEEEE, 15610153, 4995, 0001, 0.01209, 4.8596170
0xEEEE, 15613277, 4996, 0002, 0.39084, 4.8419928
0xEEEE, 15616401, 4997, 0002, 0.39648, 4.8491646
0xEEEE, 15619532, 4998, 0003, 0.78813, 4.8621347
0xEEEE, 15622670, 4999, 0003, 0.78894, 4.8583963
0xEEEE, 15625789, 5000, 0004, 1.18462, 4.8430610
0xEEEE, 15628914, 5001, 0004, 1.55128, 4.8520638
0xEEEE, 15632045, 5002, 0005, 1.57788, 4.8618296
0xEEEE, 15635171, 5003, 0005, 1.58432, 4.8521401
0xEEEE, 15638288, 5004, 0006, 1.97194, 4.8470283
0xEEEE, 15641405, 5005, 0006, 1.97758, 4.8591592
0xEEEE, 15644536, 5006, 0007, 2.36681, 4.8548867
0xEEEE, 15647668, 5007, 0007, 2.34989, 4.8534371
0xEEEE, 15650787, 5008, 0007, 2.55700, 4.8550393
0xEEEE, 15653912, 5009, 0007, 2.54974, 4.8606088
0xEEEE, 15657045, 5010, 0006, 2.55377, 4.8542763
0xEEEE, 15660161, 5011, 0006, 2.55136, 4.8474861
0xEEEE, 15663276, 5012, 0005, 2.36278, 4.8531319
0xEEEE, 15666401, 5013, 0005, 2.36762, 4.8624399
0xEEEE, 15669527, 5014, 0004, 1.95985, 4.8690013
0xEEEE, 15672659, 5015, 0004, 1.97275, 4.8511482
0xEEEE, 15675777, 5016, 0003, 1.57949, 4.8535897
0xEEEE, 15678902, 5017, 0003, 1.57868, 4.8599222
0xEEEE, 15682044, 5018, 0002, 1.18300, 4.8535897
0xEEEE, 15685154, 5019, 0002, 1.19348, 4.8529793
0xEEEE, 15688289, 5020, 0001, 0.78813, 4.8611429
0xEEEE, 15691413, 5021, 0001, 0.78894, 4.8585489
0xEEEE, 15694546, 5022, 0000, 0.39245, 4.8510719
0xEEEE, 15697670, 5023, 0000, 0.01128, 4.8490120
0xEEEE, 15700790, 5024, 0000, 0.01209, 4.8597696
0xEEEE, 15703913, 5025, 0000, 0.01209, 4.8583963
0xEEEE, 15707066, 5026, 0001, 0.01451, 4.8515297
0xEEEE, 15710162, 5027, 0001, 0.01209, 4.8505379
0xEEEE, 15713286, 5028, 0002, 0.34813, 4.8560311
0xEEEE, 15716411, 5029, 0002, 0.39326, 4.8487068
0xEEEE, 15719543, 5030, 0003, 0.78813, 4.8609903
0xEEEE, 15722669, 5031, 0003, 1.18542, 4.8577096
0xEEEE, 15725786, 5032, 0004, 1.17172, 4.8596170
0xEEEE, 15728902, 5033, 0004, 1.18381, 4.8525216
0xEEEE, 15732035, 5034, 0005, 1.57788, 4.8474098
0xEEEE, 15735152, 5035, 0005, 1.59560, 4.8590829
0xEEEE, 15738276, 5036, 0006, 1.97275, 4.8603037
0xEEEE, 15741401, 5037, 0006, 2.02029, 4.8570230
0xEEEE, 15744526, 5038, 0007, 2.37407, 4.8519875
0xEEEE, 15747659, 5039, 0007, 2.54974, 4.8558022
0xEEEE, 15750778, 5040, 0007, 2.59004, 4.8606851
0xEEEE, 15753913, 5041, 0007, 2.55216, 4.8576333
0xEEEE, 15757044, 5042, 0006, 2.55136, 4.8579385
0xEEEE, 15760163, 5043, 0006, 2.55216, 4.8612192
0xEEEE, 15763289, 5044, 0005, 2.36681, 4.8477150
0xEEEE, 15766424, 5045, 0005, 2.36681, 4.8475624
0xEEEE, 15769537, 5046, 0004, 1.97275, 4.8593118
0xEEEE, 15772671, 5047, 0004, 1.57304, 4.8682383
0xEEEE, 15775786, 5048, 0003, 1.57788, 4.8480201
0xEEEE, 15778920, 5049, 0003, 1.57868, 4.8484779
0xEEEE, 15782043, 5050, 0002, 1.18300, 4.8582437
0xEEEE, 15785161, 5051, 0002, 1.18381, 4.8569467
0xEEEE, 15788286, 5052, 0001, 0.78813, 4.8529030
0xEEEE, 15791410, 5053, 0001, 0.79136, 4.8484779
0xEEEE, 15794536, 5054, 0000, 0.40454, 4.8591592
0xEEEE, 15797659, 5055, 0000, 0.01531, 4.8561837
0xEEEE, 15800777, 5056, 0000, 0.01128, 4.8431373
0xEEEE, 15803903, 5057, 0000, 0.01209, 4.8567178
0xEEEE, 15807055, 5058, 0001, 0.01531, 4.8640421
0xEEEE, 15810153, 5059, 0001, 0.01209, 4.8616770
0xEEEE, 15813278, 5060, 0002, 0.39245, 4.8446632
0xEEEE, 15816401, 5061, 0002, 0.39245, 4.8589303
0xEEEE, 15819534, 5062, 0003, 0.78733, 4.8614481
0xEEEE, 15822670, 5063, 0003, 1.17011, 4.8602274
0xEEEE, 15825799, 5064, 0004, 1.18300, 4.8497749
0xEEEE, 15828914, 5065, 0004, 1.18220, 4.8585489
0xEEEE, 15832044, 5066, 0005, 1.62381, 4.8531319
0xEEEE, 15835163, 5067, 0005, 1.57707, 4.8537423
0xEEEE, 15838288, 5068, 0006, 1.97597, 4.8558022
0xEEEE, 15841407, 5069, 0006, 1.97194, 4.8614481
0xEEEE, 15844536, 5070, 0007, 2.38212, 4.8501564
0xEEEE, 15847668, 5071, 0007, 2.35392, 4.8441291
0xEEEE, 15850796, 5072, 0007, 2.55055, 4.8562600
0xEEEE, 15853912, 5073, 0007, 2.55055, 4.8648814
0xEEEE, 15857045, 5074, 0006, 2.59487, 4.8606851
0xEEEE, 15860161, 5075, 0006, 2.55136, 4.8474861
0xEEEE, 15863294, 5076, 0005, 2.36601, 4.8559548
0xEEEE, 15866402, 5077, 0005, 1.97355, 4.8603037
0xEEEE, 15869527, 5078, 0004, 1.97355, 4.8529030
0xEEEE, 15872659, 5079, 0004, 1.97355, 4.8557259
0xEEEE, 15875779, 5080, 0003, 1.57868, 4.8632792
0xEEEE, 15878902, 5081, 0003, 1.60286, 4.8511482
0xEEEE, 15882036, 5082, 0002, 1.18300, 4.8517586
0xEEEE, 15885155, 5083, 0002, 1.18139, 4.8609903
0xEEEE, 15888288, 5084, 0001, 0.80022, 4.8651865
0xEEEE, 15891413, 5085, 0001, 0.39326, 4.8480964
0xEEEE, 15894538, 5086, 0000, 0.39326, 4.8474861
0xEEEE, 15897671, 5087, 0000, 0.39245, 4.8511482
0xEEEE, 15900789, 5088, 0000, 0.01209, 4.8556497
0xEEEE, 15903913, 5089, 0000, 0.01209, 4.8601511
0xEEEE, 15907067, 5090, 0001, 0.01209, 4.8525978
0xEEEE, 15910183, 5091, 0001, 0.01209, 4.8574807
0xEEEE, 15913286, 5092, 0002, 0.39487, 4.8512245
0xEEEE, 15916411, 5093, 0002, 0.78974, 4.8474861
0xEEEE, 15919537, 5094, 0003, 0.77121, 4.8508431
0xEEEE, 15922669, 5095, 0003, 0.78894, 4.8626688
0xEEEE, 15925786, 5096, 0004, 1.18300, 4.8464942
0xEEEE, 15928902, 5097, 0004, 1.17414, 4.8445869
0xEEEE, 15932036, 5098, 0005, 1.57788, 4.8509194
0xEEEE, 15935152, 5099, 0005, 1.57465, 4.8608377
0xEEEE, 15938278, 5100, 0006, 1.97355, 4.8583200
0xEEEE, 15941402, 5101, 0006, 2.38857, 4.8468757
0xEEEE, 15944527, 5102, 0007, 2.36762, 4.8565652
0xEEEE, 15947668, 5103, 0007, 2.36762, 4.8536660
0xEEEE, 15950779, 5104, 0007, 2.48447, 4.8547341
0xEEEE, 15953913, 5105, 0007, 2.54974, 4.8540475
0xEEEE, 15957045, 5106, 0006, 2.55136, 4.8607614
0xEEEE, 15960163, 5107, 0006, 2.55700, 4.8510719
0xEEEE, 15963288, 5108, 0005, 2.36440, 4.8456550
0xEEEE, 15966414, 5109, 0005, 1.97436, 4.8533608
0xEEEE, 15969537, 5110, 0004, 1.97033, 4.8638895
0xEEEE, 15972671, 5111, 0004, 1.97275, 4.8502327
0xEEEE, 15975786, 5112, 0003, 1.61414, 4.8484016
0xEEEE, 15978912, 5113, 0003, 1.57788, 4.8554208
0xEEEE, 15982043, 5114, 0002, 1.18139, 4.8554971
0xEEEE, 15985162, 5115, 0002, 1.19832, 4.8527504
0xEEEE, 15988286, 5116, 0001, 0.78813, 4.8567941
0xEEEE, 15991410, 5117, 0001, 0.78974, 4.8597696
0xEEEE, 15994547, 5118, 0000, 0.39245, 4.8502327
0xEEEE, 15997659, 5119, 0000, 0.39004, 4.8437476
0xEEEE, 16000778, 5120, 0000, 0.01209, 4.8564126
0xEEEE, 16003902, 5121, 0000, 0.01209, 4.8623636
0xEEEE, 16007063, 5122, 0001, 0.01209, 4.8567941
0xEEEE, 16010153, 5123, 0001, 0.41099, 4.8496223
0xEEEE, 16013276, 5124, 0002, 0.42469, 4.8518349
0xEEEE, 16016401, 5125, 0002, 0.39326, 4.8611429
0xEEEE, 16019535, 5126, 0003, 0.78894, 4.8555734
0xEEEE, 16022670, 5127, 0003, 0.78974, 4.8513771
0xEEEE, 16025788, 5128, 0004, 1.16366, 4.8583200
0xEEEE, 16028913, 5129, 0004, 1.18300, 4.8568704
0xEEEE, 16032053, 5130, 0005, 1.57626, 4.8413825
0xEEEE, 16035163, 5131, 0005, 1.97275, 4.8530556
0xEEEE, 16038288, 5132, 0006, 1.97436, 4.8623636
0xEEEE, 16041408, 5133, 0006, 1.97194, 4.8619059
0xEEEE, 16044536, 5134, 0007, 2.36520, 4.8487068
0xEEEE, 16047668, 5135, 0007, 2.36601, 4.8597696
0xEEEE, 16050787, 5136, 0007, 2.55055, 4.8570230
0xEEEE, 16053912, 5137, 0007, 2.54652, 4.8519112
0xEEEE, 16057044, 5138, 0006, 2.55297, 4.8474861
0xEEEE, 16060160, 5139, 0006, 2.36762, 4.8541238
0xEEEE, 16063278, 5140, 0005, 2.35311, 4.8564889
0xEEEE, 16066401, 5141, 0005, 2.36923, 4.8546578
0xEEEE, 16069526, 5142, 0004, 1.97275, 4.8545052
0xEEEE, 16072659, 5143, 0004, 1.97436, 4.8625162
0xEEEE, 16075778, 5144, 0003, 1.57868, 4.8489357
0xEEEE, 16078912, 5145, 0003, 1.58029, 4.8468757
0xEEEE, 16082035, 5146, 0002, 1.15560, 4.8518349
0xEEEE, 16085157, 5147, 0002, 0.78974, 4.8607614
0xEEEE, 16088288, 5148, 0001, 0.78974, 4.8589303
0xEEEE, 16091421, 5149, 0001, 0.79941, 4.8461891
0xEEEE, 16094538, 5150, 0000, 0.36103, 4.8556497
0xEEEE, 16097670, 5151, 0000, 0.39326, 4.8578622
0xEEEE, 16100789, 5152, 0000, 0.01209, 4.8513008
0xEEEE, 16103913, 5153, 0000, 0.01209, 4.8521401
0xEEEE, 16107068, 5154, 0001, 0.01209, 4.8644236
0xEEEE, 16110162, 5155, 0001, 0.39245, 4.8638895
0xEEEE, 16113286, 5156, 0002, 0.39245, 4.8451972
0xEEEE, 16116418, 5157, 0002, 0.39326, 4.8523690
0xEEEE, 16119537, 5158, 0003, 0.79780, 4.8604562
0xEEEE, 16122669, 5159, 0003, 0.78652, 4.8586252
0xEEEE, 16125787, 5160, 0004, 1.18381, 4.8506905
0xEEEE, 16128902, 5161, 0004, 1.18381, 4.8494697
0xEEEE, 16132035, 5162, 0005, 1.55692, 4.8619821
0xEEEE, 16135151, 5163, 0005, 1.96952, 4.8554971
0xEEEE, 16138276, 5164, 0006, 1.95502, 4.8532845
0xEEEE, 16141402, 5165, 0006, 1.97275, 4.8552682
0xEEEE, 16144527, 5166, 0007, 2.36681, 4.8578622
0xEEEE, 16147659, 5167, 0007, 2.36762, 4.8493172
0xEEEE, 16150780, 5168, 0007, 2.54974, 4.8516060
0xEEEE, 16153913, 5169, 0007, 2.55055, 4.8618296
0xEEEE, 16157044, 5170, 0006, 2.53927, 4.8612955
0xEEEE, 16160163, 5171, 0006, 2.54168, 4.8493935
0xEEEE, 16163297, 5172, 0005, 2.36681, 4.8517586
0xEEEE, 16166413, 5173, 0005, 2.40872, 4.8609903
0xEEEE, 16169538, 5174, 0004, 1.97678, 4.8540475
0xEEEE, 16172671, 5175, 0004, 1.97275, 4.8512245
0xEEEE, 16175806, 5176, 0003, 1.57868, 4.8542763
0xEEEE, 16178911, 5177, 0003, 1.18300, 4.8542763
0xEEEE, 16182043, 5178, 0002, 1.18300, 4.8606851
0xEEEE, 16185162, 5179, 0002, 1.19106, 4.8497749
0xEEEE, 16188287, 5180, 0001, 0.81150, 4.8640421
0xEEEE, 16191410, 5181, 0001, 0.78894, 4.8575570
0xEEEE, 16194526, 5182, 0000, 0.39245, 4.8465705
0xEEEE, 16197659, 5183, 0000, 0.39165, 4.8519112
0xEEEE, 16200776, 5184, 0000, 0.01128, 4.8594644
0xEEEE, 16203902, 5185, 0000, 0.01128, 4.8522164
0xEEEE, 16207054, 5186, 0001, 0.01370, 4.8423743
0xEEEE, 16210153, 5187, 0001, 0.01209, 4.8505379
0xEEEE, 16213276, 5188, 0002, 0.39326, 4.8615244
0xEEEE, 16216401, 5189, 0002, 0.41502, 4.8523690
0xEEEE, 16219538, 5190, 0003, 0.78733, 4.8541238
0xEEEE, 16222682, 5191, 0003, 0.78813, 4.8569467
0xEEEE, 16225789, 5192, 0004, 1.18059, 4.8574044
0xEEEE, 16228913, 5193, 0004, 1.57788, 4.8496986
0xEEEE, 16232047, 5194, 0005, 1.57949, 4.8500801
0xEEEE, 16235162, 5195, 0005, 1.58190, 4.8632029
0xEEEE, 16238288, 5196, 0006, 1.97355, 4.8585489
0xEEEE, 16241409, 5197, 0006, 1.97355, 4.8586252
0xEEEE, 16244536, 5198, 0007, 2.36681, 4.8474098
0xEEEE, 16247672, 5199, 0007, 2.36681, 4.8587778
0xEEEE, 16250787, 5200, 0007, 2.56103, 4.8639658
0xEEEE, 16253912, 5201, 0007, 2.54168, 4.8467231
0xEEEE, 16257045, 5202, 0006, 2.55136, 4.8543526
0xEEEE, 16260169, 5203, 0006, 2.55055, 4.8592355
0xEEEE, 16263276, 5204, 0005, 2.38454, 4.8497749
0xEEEE, 16266401, 5205, 0005, 2.36601, 4.8503090
0xEEEE, 16269527, 5206, 0004, 1.90425, 4.8605325
0xEEEE, 16272659, 5207, 0004, 1.97194, 4.8594644
0xEEEE, 16275777, 5208, 0003, 1.59802, 4.8475624
0xEEEE, 16278902, 5209, 0003, 1.18381, 4.8496223
0xEEEE, 16282036, 5210, 0002, 1.18220, 4.8604562
0xEEEE, 16285160, 5211, 0002, 1.19993, 4.8574044
0xEEEE, 16288288, 5212, 0001, 0.78894, 4.8480964
0xEEEE, 16291413, 5213, 0001, 0.78813, 4.8534371
0xEEEE, 16294538, 5214, 0000, 0.39568, 4.8548867
0xEEEE, 16297672, 5215, 0000, 0.38923, 4.8476387
0xEEEE, 16300789, 5216, 0000, 0.01209, 4.8551919
0xEEEE, 16303913, 5217, 0000, 0.01209, 4.8609903
0xEEEE, 16307080, 5218, 0001, 0.01209, 4.8635080
0xEEEE, 16310162, 5219, 0001, 0.01209, 4.8513008
0xEEEE, 16313287, 5220, 0002, 0.39245, 4.8459602
0xEEEE, 16316411, 5221, 0002, 0.39245, 4.8583200
0xEEEE, 16319537, 5222, 0003, 0.78813, 4.8652628
0xEEEE, 16322669, 5223, 0003, 1.17978, 4.8520638
0xEEEE, 16325786, 5224, 0004, 1.20154, 4.8542763
0xEEEE, 16328902, 5225, 0004, 1.18300, 4.8596933
0xEEEE, 16332035, 5226, 0005, 1.57949, 4.8555734
0xEEEE, 16335152, 5227, 0005, 1.57788, 4.8531319
0xEEEE, 16338276, 5228, 0006, 1.97275, 4.8572519
0xEEEE, 16341402, 5229, 0006, 1.97275, 4.8603799
0xEEEE, 16344535, 5230, 0007, 2.35311, 4.8425269
0xEEEE, 16347660, 5231, 0007, 2.54813, 4.8479438
0xEEEE, 16350782, 5232, 0007, 2.55216, 4.8629740
0xEEEE, 16353913, 5233, 0007, 2.59729, 4.8608377
0xEEEE, 16357044, 5234, 0006, 2.55136, 4.8628977
0xEEEE, 16360163, 5235, 0006, 2.55055, 4.8496223
0xEEEE, 16363289, 5236, 0005, 2.36601, 4.8575570
0xEEEE, 16366413, 5237, 0005, 2.36601, 4.8635080
0xEEEE, 16369538, 5238, 0004, 1.97355, 4.8550393
0xEEEE, 16372671, 5239, 0004, 1.55048, 4.8604562
0xEEEE, 16375787, 5240, 0003, 1.57788, 4.8603037
0xEEEE, 16378911, 5241, 0003, 1.57385, 4.8525978
0xEEEE, 16382043, 5242, 0002, 1.17736, 4.8461891
0xEEEE, 16385162, 5243, 0002, 1.18300, 4.8551156
0xEEEE, 16388287, 5244, 0001, 0.78652, 4.8633555
0xEEEE, 16391422, 5245, 0001, 0.79458, 4.8532082
0xEEEE, 16394526, 5246, 0000, 0.39810, 4.8448920
0xEEEE, 16397659, 5247, 0000, 0.01209, 4.8541238
0xEEEE, 16400778, 5248, 0000, 0.01128, 4.8611429
0xEEEE, 16403902, 5249, 0000, 0.01209, 4.8564889
0xEEEE, 16407054, 5250, 0001, 0.01209, 4.8534371
0xEEEE, 16410153, 5251, 0001, 0.01209, 4.8608377
0xEEEE, 16413276, 5252, 0002, 0.39407, 4.8598459
0xEEEE, 16416401, 5253, 0002, 0.39326, 4.8427558
0xEEEE, 16419538, 5254, 0003, 0.78974, 4.8561074
0xEEEE, 16422670, 5255, 0003, 1.15480, 4.8608377
0xEEEE, 16425788, 5256, 0004, 1.18300, 4.8565652
0xEEEE, 16428921, 5257, 0004, 1.18300, 4.8439002
0xEEEE, 16432046, 5258, 0005, 1.58674, 4.8586252
0xEEEE, 16435162, 5259, 0005, 1.57868, 4.8611429
0xEEEE, 16438289, 5260, 0006, 2.00095, 4.8559548
0xEEEE, 16441411, 5261, 0006, 1.97275, 4.8540475
0xEEEE, 16444536, 5262, 0007, 2.36681, 4.8585489
0xEEEE, 16447668, 5263, 0007, 2.56505, 4.8503853
0xEEEE, 16450787, 5264, 0007, 2.55055, 4.8584726
0xEEEE, 16453912, 5265, 0007, 2.54974, 4.8557259
0xEEEE, 16457044, 5266, 0006, 2.57634, 4.8628214
0xEEEE, 16460160, 5267, 0006, 2.55136, 4.8537423
0xEEEE, 16463276, 5268, 0005, 2.36601, 4.8541238
0xEEEE, 16466402, 5269, 0005, 2.37165, 4.8576333
0xEEEE, 16469526, 5270, 0004, 1.97275, 4.8561837
0xEEEE, 16472659, 5271, 0004, 1.97436, 4.8603037
0xEEEE, 16475788, 5272, 0003, 1.57868, 4.8524453
0xEEEE, 16478902, 5273, 0003, 1.59560, 4.8573281
0xEEEE, 16482036, 5274, 0002, 1.18300, 4.8547341
0xEEEE, 16485161, 5275, 0002, 1.18139, 4.8484016
0xEEEE, 16488296, 5276, 0001, 0.77363, 4.8561837
0xEEEE, 16491413, 5277, 0001, 0.39326, 4.8612192
0xEEEE, 16494538, 5278, 0000, 0.39326, 4.8600748
0xEEEE, 16497671, 5279, 0000, 0.39245, 4.8449683
0xEEEE, 16500790, 5280, 0000, 0.01128, 4.8535897
0xEEEE, 16503913, 5281, 0000, 0.01209, 4.8638895
0xEEEE, 16507072, 5282, 0001, 0.01209, 4.8521401
0xEEEE, 16510162, 5283, 0001, 0.01209, 4.8525216
0xEEEE, 16513286, 5284, 0002, 0.38923, 4.8545052
0xEEEE, 16516411, 5285, 0002, 0.79458, 4.8634318
0xEEEE, 16519536, 5286, 0003, 0.79538, 4.8509957
0xEEEE, 16522670, 5287, 0003, 0.78894, 4.8504616
0xEEEE, 16525786, 5288, 0004, 1.18381, 4.8599985
0xEEEE, 16528902, 5289, 0004, 1.17817, 4.8545052
0xEEEE, 16532036, 5290, 0005, 1.57868, 4.8530556
0xEEEE, 16535151, 5291, 0005, 1.57949, 4.8537423
0xEEEE, 16538277, 5292, 0006, 1.97114, 4.8622110
0xEEEE, 16541402, 5293, 0006, 2.38212, 4.8542763
0xEEEE, 16544526, 5294, 0007, 2.36681, 4.8471046
0xEEEE, 16547660, 5295, 0007, 2.36762, 4.8526741
0xEEEE, 16550783, 5296, 0007, 2.54974, 4.8602274
0xEEEE, 16553913, 5297, 0007, 2.55136, 4.8608377
0xEEEE, 16557044, 5298, 0006, 2.55216, 4.8566415
0xEEEE, 16560171, 5299, 0006, 2.54733, 4.8562600
0xEEEE, 16563289, 5300, 0005, 2.36601, 4.8628977
0xEEEE, 16566414, 5301, 0005, 1.97355, 4.8548104
0xEEEE, 16569538, 5302, 0004, 1.97678, 4.8527504
0xEEEE, 16572681, 5303, 0004, 1.97194, 4.8619821
0xEEEE, 16575787, 5304, 0003, 1.61253, 4.8529030
0xEEEE, 16578911, 5305, 0003, 1.57949, 4.8467994
0xEEEE, 16582043, 5306, 0002, 1.18220, 4.8573281
0xEEEE, 16585162, 5307, 0002, 1.17897, 4.8607614
0xEEEE, 16588287, 5308, 0001, 0.78894, 4.8610666
0xEEEE, 16591411, 5309, 0001, 0.39326, 4.8462654
0xEEEE, 16594526, 5310, 0000, 0.39165, 4.8535897
0xEEEE, 16597659, 5311, 0000, 0.39407, 4.8579385
0xEEEE, 16600777, 5312, 0000, 0.01289, 4.8558785
0xEEEE, 16603902, 5313, 0000, 0.01128, 4.8552682
0xEEEE, 16607054, 5314, 0001, 0.01209, 4.8616770
0xEEEE, 16610153, 5315, 0001, 0.01209, 4.8580148
0xEEEE, 16613277, 5316, 0002, 0.42469, 4.8439765
0xEEEE, 16616403, 5317, 0002, 0.76718, 4.8502327
0xEEEE, 16619548, 5318, 0003, 0.79055, 4.8638132
0xEEEE, 16622670, 5319, 0003, 0.78813, 4.8500801
0xEEEE, 16625789, 5320, 0004, 1.19429, 4.8490883
0xEEEE, 16628914, 5321, 0004, 1.18220, 4.8501564
0xEEEE, 16632046, 5322, 0005, 1.57868, 4.8570230
0xEEEE, 16635162, 5323, 0005, 1.57788, 4.8588540
0xEEEE, 16638276, 5324, 0006, 1.97436, 4.8552682
0xEEEE, 16641411, 5325, 0006, 1.97194, 4.8622110
0xEEEE, 16644536, 5326, 0007, 2.36440, 4.8619821
0xEEEE, 16647668, 5327, 0007, 2.36681, 4.8470283
0xEEEE, 16650788, 5328, 0007, 2.55055, 4.8608377
0xEEEE, 16653912, 5329, 0007, 2.54813, 4.8655680
0xEEEE, 16657051, 5330, 0006, 2.55216, 4.8563363
0xEEEE, 16660151, 5331, 0006, 2.36681, 4.8474098
0xEEEE, 16663276, 5332, 0005, 2.35473, 4.8473335
0xEEEE, 16666401, 5333, 0005, 2.37004, 4.8599222
0xEEEE, 16669526, 5334, 0004, 1.93810, 4.8487831
0xEEEE, 16672659, 5335, 0004, 1.97114, 4.8519112
0xEEEE, 16675777, 5336, 0003, 1.57788, 4.8562600
0xEEEE, 16678902, 5337, 0003, 1.57707, 4.8603037
0xEEEE, 16682035, 5338, 0002, 1.15722, 4.8448920
0xEEEE, 16685163, 5339, 0002, 0.78894, 4.8496986
0xEEEE, 16688289, 5340, 0001, 0.78652, 4.8622110
0xEEEE, 16691413, 5341, 0001, 0.78330, 4.8587778
0xEEEE, 16694538, 5342, 0000, 0.39648, 4.8470283
0xEEEE, 16697672, 5343, 0000, 0.36344, 4.8489357
0xEEEE, 16700788, 5344, 0000, 0.01209, 4.8625925
0xEEEE, 16703924, 5345, 0000, 0.01209, 4.8588540
0xEEEE, 16707074, 5346, 0001, 0.01209, 4.8488594
0xEEEE, 16710162, 5347, 0001, 0.39245, 4.8477913
0xEEEE, 16713286, 5348, 0002, 0.39245, 4.8544289
0xEEEE, 16716411, 5349, 0002, 0.39245, 4.8526741
0xEEEE, 16719536, 5350, 0003, 0.78571, 4.8477913
0xEEEE, 16722669, 5351, 0003, 0.79941, 4.8616007
0xEEEE, 16725786, 5352, 0004, 1.18300, 4.8576333
0xEEEE, 16728902, 5353, 0004, 1.18300, 4.8499275
0xEEEE, 16732036, 5354, 0005, 1.58432, 4.8478676
0xEEEE, 16735152, 5355, 0005, 1.97275, 4.8592355
0xEEEE, 16738277, 5356, 0006, 1.97919, 4.8627451
0xEEEE, 16741410, 5357, 0006, 1.97355, 4.8516823
0xEEEE, 16744526, 5358, 0007, 2.36601, 4.8556497
0xEEEE, 16747659, 5359, 0007, 2.36923, 4.8584726
0xEEEE, 16750785, 5360, 0007, 2.55055, 4.8525216
0xEEEE, 16753913, 5361, 0007, 2.53685, 4.8484779
0xEEEE, 16757044, 5362, 0006, 2.54733, 4.8618296
0xEEEE, 16760163, 5363, 0006, 2.37004, 4.8594644
0xEEEE, 16763289, 5364, 0005, 2.36520, 4.8464179
0xEEEE, 16766413, 5365, 0005, 2.38454, 4.8510719
0xEEEE, 16769538, 5366, 0004, 1.97516, 4.8622110
0xEEEE, 16772674, 5367, 0004, 1.95824, 4.8600748
0xEEEE, 16775786, 5368, 0003, 1.57707, 4.8478676
0xEEEE, 16778912, 5369, 0003, 1.57385, 4.8468757
0xEEEE, 16782043, 5370, 0002, 1.18220, 4.8598459
0xEEEE, 16785162, 5371, 0002, 1.18300, 4.8558785
0xEEEE, 16788296, 5372, 0001, 0.79136, 4.8526741
0xEEEE, 16791411, 5373, 0001, 0.75348, 4.8552682
0xEEEE, 16794527, 5374, 0000, 0.39326, 4.8589303
0xEEEE, 16797659, 5375, 0000, 0.39245, 4.8503090
0xEEEE, 16800785, 5376, 0000, 0.01209, 4.8500038
0xEEEE, 16803902, 5377, 0000, 0.01451, 4.8633555
0xEEEE, 16807054, 5378, 0001, 0.01209, 4.8600748
0xEEEE, 16810153, 5379, 0001, 0.01209, 4.8442817
0xEEEE, 16813278, 5380, 0002, 0.39326, 4.8448157
0xEEEE, 16816405, 5381, 0002, 0.39487, 4.8628214
0xEEEE, 16819538, 5382, 0003, 0.80667, 4.8647288
0xEEEE, 16822670, 5383, 0003, 0.78894, 4.8513771
0xEEEE, 16825796, 5384, 0004, 1.18300, 4.8528267
0xEEEE, 16828914, 5385, 0004, 1.58593, 4.8571756
0xEEEE, 16832047, 5386, 0005, 1.57788, 4.8498512
0xEEEE, 16835163, 5387, 0005, 1.57707, 4.8451209
0xEEEE, 16838277, 5388, 0006, 1.99289, 4.8583200
0xEEEE, 16841411, 5389, 0006, 1.97436, 4.8591592
0xEEEE, 16844536, 5390, 0007, 2.36681, 4.8499275
0xEEEE, 16847679, 5391, 0007, 2.37165, 4.8481727
0xEEEE, 16850788, 5392, 0007, 2.55055, 4.8651102
0xEEEE, 16853912, 5393, 0007, 2.54974, 4.8598459
0xEEEE, 16857045, 5394, 0006, 2.54813, 4.8569467
0xEEEE, 16860151, 5395, 0006, 2.56022, 4.8538186
0xEEEE, 16863276, 5396, 0005, 2.36681, 4.8567178
0xEEEE, 16866402, 5397, 0005, 2.40549, 4.8517586
0xEEEE, 16869527, 5398, 0004, 1.97597, 4.8538186
0xEEEE, 16872670, 5399, 0004, 2.00256, 4.8596933
0xEEEE, 16875779, 5400, 0003, 1.57626, 4.8564126
0xEEEE, 16878902, 5401, 0003, 1.18220, 4.8541238
0xEEEE, 16882036, 5402, 0002, 1.18220, 4.8535134
0xEEEE, 16885172, 5403, 0002, 1.18703, 4.8599222
0xEEEE, 16888288, 5404, 0001, 0.76476, 4.8684672
0xEEEE, 16891413, 5405, 0001, 0.78813, 4.8516060
0xEEEE, 16894539, 5406, 0000, 0.39245, 4.8482490
0xEEEE, 16897671, 5407, 0000, 0.39245, 4.8554971
0xEEEE, 16900788, 5408, 0000, 0.01209, 4.8573281
0xEEEE, 16903913, 5409, 0000, 0.01209, 4.8458839
0xEEEE, 16907075, 5410, 0001, 0.01209, 4.8524453
0xEEEE, 16910162, 5411, 0001, 0.01209, 4.8603799
0xEEEE, 16913286, 5412, 0002, 0.39245, 4.8507668
0xEEEE, 16916412, 5413, 0002, 0.37956, 4.8427558
0xEEEE, 16919537, 5414, 0003, 0.78813, 4.8567941
0xEEEE, 16922669, 5415, 0003, 0.78813, 4.8578622
0xEEEE, 16925786, 5416, 0004, 1.18300, 4.8523690
0xEEEE, 16928902, 5417, 0004, 1.62059, 4.8467994
0xEEEE, 16932046, 5418, 0005, 1.57868, 4.8583200
0xEEEE, 16935152, 5419, 0005, 1.57546, 4.8664836
0xEEEE, 16938278, 5420, 0006, 1.97275, 4.8528267
0xEEEE, 16941401, 5421, 0006, 1.97758, 4.8589303
0xEEEE, 16944526, 5422, 0007, 2.36762, 4.8591592
0xEEEE, 16947659, 5423, 0007, 2.38857, 4.8554208
0xEEEE, 16950786, 5424, 0007, 2.55780, 4.8484779
0xEEEE, 16953913, 5425, 0007, 2.54974, 4.8542763
0xEEEE, 16957045, 5426, 0006, 2.55055, 4.8640421
0xEEEE, 16960163, 5427, 0006, 2.55458, 4.8534371
0xEEEE, 16963289, 5428, 0005, 2.36117, 4.8489357
0xEEEE, 16966413, 5429, 0005, 2.36601, 4.8592355
0xEEEE, 16969547, 5430, 0004, 1.95744, 4.8627451
0xEEEE, 16972675, 5431, 0004, 1.57949, 4.8557259
0xEEEE, 16975786, 5432, 0003, 1.59077, 4.8496223
0xEEEE, 16978911, 5433, 0003, 1.57868, 4.8576333
0xEEEE, 16982043, 5434, 0002, 1.18381, 4.8549630
0xEEEE, 16985161, 5435, 0002, 1.18945, 4.8595407
0xEEEE, 16988286, 5436, 0001, 0.78813, 4.8585489
0xEEEE, 16991411, 5437, 0001, 0.78813, 4.8644236
0xEEEE, 16994527, 5438, 0000, 0.39245, 4.8505379
0xEEEE, 16997659, 5439, 0000, 0.01128, 4.8476387
0xEEEE, 17000778, 5440, 0000, 0.01209, 4.8501564
0xEEEE, 17003901, 5441, 0000, 0.01209, 4.8630503
0xEEEE, 17007054, 5442, 0001, 0.01209, 4.8564126
0xEEEE, 17010153, 5443, 0001, 0.01209, 4.8480964
0xEEEE, 17013277, 5444, 0002, 0.39326, 4.8562600
0xEEEE, 17016418, 5445, 0002, 0.39326, 4.8582437
0xEEEE, 17019538, 5446, 0003, 0.78813, 4.8530556
0xEEEE, 17022670, 5447, 0003, 1.18059, 4.8515297
0xEEEE, 17025789, 5448, 0004, 1.19429, 4.8603037
0xEEEE, 17028914, 5449, 0004, 1.18300, 4.8553445
0xEEEE, 17032047, 5450, 0005, 1.57304, 4.8510719
0xEEEE, 17035163, 5451, 0005, 1.57788, 4.8567178
0xEEEE, 17038279, 5452, 0006, 1.97678, 4.8636606
0xEEEE, 17041411, 5453, 0006, 1.90505, 4.8582437
0xEEEE, 17044536, 5454, 0007, 2.36842, 4.8474861
0xEEEE, 17047668, 5455, 0007, 2.55216, 4.8496986
0xEEEE, 17050787, 5456, 0007, 2.49575, 4.8639658
0xEEEE, 17053920, 5457, 0007, 2.56103, 4.8546578
0xEEEE, 17057044, 5458, 0006, 2.54813, 4.8534371
0xEEEE, 17060151, 5459, 0006, 2.54974, 4.8603799
0xEEEE, 17063278, 5460, 0005, 2.41597, 4.8585489
0xEEEE, 17066401, 5461, 0005, 2.36681, 4.8564889
0xEEEE, 17069526, 5462, 0004, 1.97355, 4.8569467
0xEEEE, 17072659, 5463, 0004, 1.56740, 4.8638132
0xEEEE, 17075777, 5464, 0003, 1.57788, 4.8558022
0xEEEE, 17078902, 5465, 0003, 1.57626, 4.8478676
0xEEEE, 17082037, 5466, 0002, 1.19348, 4.8521401
0xEEEE, 17085163, 5467, 0002, 1.18300, 4.8603799
0xEEEE, 17088288, 5468, 0001, 0.78733, 4.8528267
0xEEEE, 17091413, 5469, 0001, 0.78894, 4.8484016
0xEEEE, 17094539, 5470, 0000, 0.38037, 4.8551156
0xEEEE, 17097671, 5471, 0000, 0.36183, 4.8552682
0xEEEE, 17100800, 5472, 0000, 0.01209, 4.8509194
0xEEEE, 17103902, 5473, 0000, 0.01209, 4.8482490
0xEEEE, 17107074, 5474, 0001, 0.01289, 4.8610666
0xEEEE, 17110162, 5475, 0001, 0.01209, 4.8556497
0xEEEE, 17113294, 5476, 0002, 0.39326, 4.8501564
0xEEEE, 17116412, 5477, 0002, 0.78813, 4.8490120
0xEEEE, 17119537, 5478, 0003, 0.78571, 4.8635080
0xEEEE, 17122669, 5479, 0003, 0.77846, 4.8619821
0xEEEE, 17125788, 5480, 0004, 1.18300, 4.8525216
0xEEEE, 17128902, 5481, 0004, 1.18381, 4.8544289
0xEEEE, 17132036, 5482, 0005, 1.60286, 4.8599985
0xEEEE, 17135151, 5483, 0005, 1.57788, 4.8561837
0xEEEE, 17138285, 5484, 0006, 1.96711, 4.8509194
0xEEEE, 17141401, 5485, 0006, 2.36681, 4.8593881
0xEEEE, 17144527, 5486, 0007, 2.38454, 4.8534371
0xEEEE, 17147659, 5487, 0007, 2.36440, 4.8465705
0xEEEE, 17150788, 5488, 0007, 2.54974, 4.8496223
0xEEEE, 17153913, 5489, 0007, 2.50864, 4.8594644
0xEEEE, 17157045, 5490, 0006, 2.55458, 4.8577096
0xEEEE, 17160163, 5491, 0006, 2.55216, 4.8513771
0xEEEE, 17163288, 5492, 0005, 2.36681, 4.8502327
0xEEEE, 17166412, 5493, 0005, 2.02432, 4.8615244
0xEEEE, 17169538, 5494, 0004, 1.97355, 4.8570993
0xEEEE, 17172677, 5495, 0004, 1.99773, 4.8601511
0xEEEE, 17175786, 5496, 0003, 1.57868, 4.8570993
0xEEEE, 17178911, 5497, 0003, 1.56982, 4.8540475
0xEEEE, 17182043, 5498, 0002, 1.18462, 4.8451972
0xEEEE, 17185171, 5499, 0002, 1.18300, 4.8518349
0xEEEE, 17188287, 5500, 0001, 0.79055, 4.8647288
0xEEEE, 17191411, 5501, 0001, 0.38117, 4.8590066
0xEEEE, 17194526, 5502, 0000, 0.39245, 4.8506905
0xEEEE, 17197668, 5503, 0000, 0.39326, 4.8490883
0xEEEE, 17200777, 5504, 0000, 0.01209, 4.8618296
0xEEEE, 17203902, 5505, 0000, 0.01128, 4.8556497
0xEEEE, 17207054, 5506, 0001, 0.01209, 4.8442817
0xEEEE, 17210153, 5507, 0001, 0.01128, 4.8558022
0xEEEE, 17213277, 5508, 0002, 0.39165, 4.8574044
0xEEEE, 17216408, 5509, 0002, 0.78733, 4.8448920
0xEEEE, 17219538, 5510, 0003, 0.79136, 4.8515297
0xEEEE, 17222670, 5511, 0003, 0.78813, 4.8603037
0xEEEE, 17225789, 5512, 0004, 1.18300, 4.8539712
0xEEEE, 17228915, 5513, 0004, 1.18059, 4.8444343
0xEEEE, 17232046, 5514, 0005, 1.57707, 4.8466468
0xEEEE, 17235163, 5515, 0005, 1.57949, 4.8614481
0xEEEE, 17238280, 5516, 0006, 1.97355, 4.8630503
0xEEEE, 17241411, 5517, 0006, 2.36278, 4.8563363
0xEEEE, 17244547, 5518, 0007, 2.36681, 4.8500038
0xEEEE, 17247668, 5519, 0007, 2.37810, 4.8585489
0xEEEE, 17250787, 5520, 0007, 2.54410, 4.8545815
0xEEEE, 17253911, 5521, 0007, 2.55055, 4.8556497
0xEEEE, 17257045, 5522, 0006, 2.55136, 4.8596933
0xEEEE, 17260151, 5523, 0006, 2.55055, 4.8577096
0xEEEE, 17263276, 5524, 0005, 2.36601, 4.8483253
0xEEEE, 17266401, 5525, 0005, 2.36601, 4.8550393
0xEEEE, 17269537, 5526, 0004, 1.97436, 4.8668650
0xEEEE, 17272659, 5527, 0004, 1.97355, 4.8636606
0xEEEE, 17275777, 5528, 0003, 1.58593, 4.8458076
0xEEEE, 17278902, 5529, 0003, 1.57949, 4.8496223
0xEEEE, 17282045, 5530, 0002, 1.18300, 4.8593118
0xEEEE, 17285163, 5531, 0002, 0.80989, 4.8529793
0xEEEE, 17288288, 5532, 0001, 0.79136, 4.8544289
0xEEEE, 17291413, 5533, 0001, 0.78813, 4.8552682
0xEEEE, 17294539, 5534, 0000, 0.39326, 4.8554971
0xEEEE, 17297671, 5535, 0000, 0.39326, 4.8583200
0xEEEE, 17300788, 5536, 0000, 0.01128, 4.8542763
0xEEEE, 17303903, 5537, 0000, 0.01209, 4.8646525
0xEEEE, 17307074, 5538, 0001, 0.01209, 4.8616770
0xEEEE, 17310162, 5539, 0001, 0.39004, 4.8440528
0xEEEE, 17313287, 5540, 0002, 0.40374, 4.8490120
0xEEEE, 17316412, 5541, 0002, 0.36828, 4.8587778
0xEEEE, 17319536, 5542, 0003, 0.78813, 4.8579385
0xEEEE, 17322668, 5543, 0003, 0.78894, 4.8451972
0xEEEE, 17325777, 5544, 0004, 1.18542, 4.8595407
0xEEEE, 17328913, 5545, 0004, 1.14513, 4.8605325
0xEEEE, 17332035, 5546, 0005, 1.57868, 4.8476387
0xEEEE, 17335151, 5547, 0005, 1.93568, 4.8519112
0xEEEE, 17338276, 5548, 0006, 1.97436, 4.8585489
0xEEEE, 17341401, 5549, 0006, 1.93648, 4.8592355
0xEEEE, 17344526, 5550, 0007, 2.36762, 4.8493935
0xEEEE, 17347659, 5551, 0007, 2.36681, 4.8472572
0xEEEE, 17350788, 5552, 0007, 2.58037, 4.8579385
0xEEEE, 17353913, 5553, 0007, 2.55136, 4.8603799
0xEEEE, 17357044, 5554, 0006, 2.55216, 4.8479438
0xEEEE, 17360164, 5555, 0006, 2.36681, 4.8500801
0xEEEE, 17363288, 5556, 0005, 2.36601, 4.8587015
0xEEEE, 17366422, 5557, 0005, 2.36520, 4.8516060
0xEEEE, 17369537, 5558, 0004, 1.97355, 4.8500038
0xEEEE, 17372679, 5559, 0004, 1.97194, 4.8618296
0xEEEE, 17375787, 5560, 0003, 1.57949, 4.8610666
0xEEEE, 17378911, 5561, 0003, 1.57868, 4.8491646
0xEEEE, 17382043, 5562, 0002, 1.18300, 4.8439002
0xEEEE, 17385162, 5563, 0002, 0.78894, 4.8574044
0xEEEE, 17388285, 5564, 0001, 0.78894, 4.8642710
0xEEEE, 17391410, 5565, 0001, 0.79136, 4.8582437
0xEEEE, 17394526, 5566, 0000, 0.38923, 4.8474098
0xEEEE, 17397659, 5567, 0000, 0.38681, 4.8583963
0xEEEE, 17400777, 5568, 0000, 0.01451, 4.8552682
0xEEEE, 17403902, 5569, 0000, 0.01209, 4.8546578
0xEEEE, 17407054, 5570, 0001, 0.01128, 4.8566415
0xEEEE, 17410153, 5571, 0001, 0.01451, 4.8590829
0xEEEE, 17413288, 5572, 0002, 0.39165, 4.8424506
0xEEEE, 17416410, 5573, 0002, 0.39165, 4.8480201
0xEEEE, 17419538, 5574, 0003, 0.78894, 4.8626688
0xEEEE, 17422670, 5575, 0003, 0.78571, 4.8609903
0xEEEE, 17425789, 5576, 0004, 1.14755, 4.8574044
0xEEEE, 17428914, 5577, 0004, 1.57868, 4.8510719
0xEEEE, 17432046, 5578, 0005, 1.57546, 4.8596933
0xEEEE, 17435163, 5579, 0005, 1.57707, 4.8616007
0xEEEE, 17438284, 5580, 0006, 1.97275, 4.8567941
0xEEEE, 17441411, 5581, 0006, 1.97275, 4.8599222
0xEEEE, 17444536, 5582, 0007, 2.36842, 4.8582437
0xEEEE, 17447668, 5583, 0007, 2.36681, 4.8529793
0xEEEE, 17450794, 5584, 0007, 2.55055, 4.8450446
0xEEEE, 17453911, 5585, 0007, 2.55136, 4.8580911
0xEEEE, 17457045, 5586, 0006, 2.55055, 4.8563363
0xEEEE, 17460152, 5587, 0006, 2.55136, 4.8558022
0xEEEE, 17463276, 5588, 0005, 2.36681, 4.8444343
0xEEEE, 17466402, 5589, 0005, 2.36842, 4.8597696
0xEEEE, 17469527, 5590, 0004, 1.97275, 4.8557259
0xEEEE, 17472659, 5591, 0004, 1.97275, 4.8547341
0xEEEE, 17475777, 5592, 0003, 1.57788, 4.8554208
0xEEEE, 17478902, 5593, 0003, 1.18300, 4.8622110
0xEEEE, 17482037, 5594, 0002, 1.19751, 4.8577096
0xEEEE, 17485163, 5595, 0002, 1.18300, 4.8499275
0xEEEE, 17488288, 5596, 0001, 0.78974, 4.8575570
0xEEEE, 17491413, 5597, 0001, 0.77846, 4.8640421
0xEEEE, 17494539, 5598, 0000, 0.40615, 4.8502327
0xEEEE, 17497681, 5599, 0000, 0.39165, 4.8467231
0xEEEE, 17500789, 5600, 0000, 0.01128, 4.8529793
0xEEEE, 17503904, 5601, 0000, 0.01209, 4.8624399
0xEEEE, 17507074, 5602, 0001, 0.01209, 4.8451972
0xEEEE, 17510170, 5603, 0001, 0.01209, 4.8427558
0xEEEE, 17513286, 5604, 0002, 0.39245, 4.8612192
0xEEEE, 17516412, 5605, 0002, 0.39165, 4.8608377
0xEEEE, 17519537, 5606, 0003, 0.78974, 4.8513008
0xEEEE, 17522669, 5607, 0003, 0.76799, 4.8521401
0xEEEE, 17525777, 5608, 0004, 1.18300, 4.8610666
0xEEEE, 17528902, 5609, 0004, 1.57707, 4.8477150
0xEEEE, 17532036, 5610, 0005, 1.59963, 4.8447395
0xEEEE, 17535159, 5611, 0005, 1.57868, 4.8551156
0xEEEE, 17538277, 5612, 0006, 1.97275, 4.8648814
0xEEEE, 17541401, 5613, 0006, 1.97275, 4.8507668
0xEEEE, 17544526, 5614, 0007, 2.36601, 4.8522164
0xEEEE, 17547660, 5615, 0007, 2.37004, 4.8577096
0xEEEE, 17550788, 5616, 0007, 2.55055, 4.8599985
0xEEEE, 17553914, 5617, 0007, 2.55055, 4.8511482
0xEEEE, 17557055, 5618, 0006, 2.55941, 4.8538186
0xEEEE, 17560164, 5619, 0006, 2.55458, 4.8604562
0xEEEE, 17563290, 5620, 0005, 2.36601, 4.8522927
0xEEEE, 17566413, 5621, 0005, 2.37487, 4.8525216
0xEEEE, 17569526, 5622, 0004, 1.97114, 4.8561837
0xEEEE, 17572680, 5623, 0004, 1.97678, 4.8604562
0xEEEE, 17575786, 5624, 0003, 1.57949, 4.8567178
0xEEEE, 17578912, 5625, 0003, 1.57949, 4.8432136
0xEEEE, 17582051, 5626, 0002, 1.18220, 4.8542000
0xEEEE, 17585162, 5627, 0002, 1.18462, 4.8626688
0xEEEE, 17588285, 5628, 0001, 0.82037, 4.8561074
0xEEEE, 17591410, 5629, 0001, 0.78894, 4.8464179
0xEEEE, 17594535, 5630, 0000, 0.39407, 4.8575570
0xEEEE, 17597660, 5631, 0000, 0.01128, 4.8525978
0xEEEE, 17600777, 5632, 0000, 0.01209, 4.8491646
0xEEEE, 17603902, 5633, 0000, 0.01209, 4.8571756
0xEEEE, 17607054, 5634, 0001, 0.01209, 4.8664836
0xEEEE, 17610153, 5635, 0001, 0.01128, 4.8529030
0xEEEE, 17613276, 5636, 0002, 0.39326, 4.8417639
0xEEEE, 17616411, 5637, 0002, 0.39729, 4.8518349
0xEEEE, 17619538, 5638, 0003, 0.80103, 4.8650340
0xEEEE, 17622670, 5639, 0003, 1.18300, 4.8551156
0xEEEE, 17625789, 5640, 0004, 1.18220, 4.8443580
0xEEEE, 17628914, 5641, 0004, 1.16286, 4.8545052
0xEEEE, 17632047, 5642, 0005, 1.57626, 4.8554208
0xEEEE, 17635163, 5643, 0005, 1.57626, 4.8548104
0xEEEE, 17638283, 5644, 0006, 1.97275, 4.8484779
0xEEEE, 17641421, 5645, 0006, 1.97275, 4.8635843
0xEEEE, 17644536, 5646, 0007, 2.36681, 4.8553445
0xEEEE, 17647668, 5647, 0007, 2.55055, 4.8548867
0xEEEE, 17650787, 5648, 0007, 2.55377, 4.8521401
0xEEEE, 17653911, 5649, 0007, 2.55055, 4.8610666
0xEEEE, 17657045, 5650, 0006, 2.56425, 4.8583200
0xEEEE, 17660151, 5651, 0006, 2.56747, 4.8442054
0xEEEE, 17663277, 5652, 0005, 2.36601, 4.8513771
0xEEEE, 17666403, 5653, 0005, 2.36601, 4.8563363
0xEEEE, 17669526, 5654, 0004, 1.97033, 4.8507668
0xEEEE, 17672659, 5655, 0004, 1.57788, 4.8557259
0xEEEE, 17675777, 5656, 0003, 1.57626, 4.8633555
0xEEEE, 17678911, 5657, 0003, 1.57868, 4.8577096
0xEEEE, 17682039, 5658, 0002, 1.17897, 4.8421454
0xEEEE, 17685163, 5659, 0002, 1.20073, 4.8521401
0xEEEE, 17688289, 5660, 0001, 0.78813, 4.8643473
0xEEEE, 17691413, 5661, 0001, 0.78894, 4.8528267
0xEEEE, 17694539, 5662, 0000, 0.39326, 4.8409247
0xEEEE, 17697671, 5663, 0000, 0.01209, 4.8519112
0xEEEE, 17700788, 5664, 0000, 0.01209, 4.8570993
0xEEEE, 17703904, 5665, 0000, 0.01209, 4.8535897
0xEEEE, 17707074, 5666, 0001, 0.01209, 4.8585489
0xEEEE, 17710162, 5667, 0001, 0.01209, 4.8609903
0xEEEE, 17713286, 5668, 0002, 0.32476, 4.8602274
0xEEEE, 17716412, 5669, 0002, 0.39245, 4.8520638
0xEEEE, 17719536, 5670, 0003, 0.78813, 4.8530556
0xEEEE, 17722668, 5671, 0003, 0.78974, 4.8627451
0xEEEE, 17725797, 5672, 0004, 1.17897, 4.8484779
0xEEEE, 17728902, 5673, 0004, 1.18220, 4.8447395
0xEEEE, 17732036, 5674, 0005, 1.58190, 4.8503853
0xEEEE, 17735151, 5675, 0005, 1.59319, 4.8601511
0xEEEE, 17738276, 5676, 0006, 1.97436, 4.8653391
0xEEEE, 17741401, 5677, 0006, 1.99128, 4.8509957
0xEEEE, 17744526, 5678, 0007, 2.37004, 4.8532082
0xEEEE, 17747662, 5679, 0007, 2.36681, 4.8565652
0xEEEE, 17750789, 5680, 0007, 2.52315, 4.8529793
0xEEEE, 17753913, 5681, 0007, 2.54410, 4.8526741
0xEEEE, 17757045, 5682, 0006, 2.55458, 4.8616007
0xEEEE, 17760164, 5683, 0006, 2.55055, 4.8578622
0xEEEE, 17763297, 5684, 0005, 2.39179, 4.8532082
0xEEEE, 17766413, 5685, 0005, 1.97114, 4.8522164
0xEEEE, 17769526, 5686, 0004, 1.97194, 4.8652628
0xEEEE, 17772679, 5687, 0004, 1.96549, 4.8631266
0xEEEE, 17775787, 5688, 0003, 1.61656, 4.8488594
0xEEEE, 17778912, 5689, 0003, 1.57788, 4.8545815
0xEEEE, 17782043, 5690, 0002, 1.22249, 4.8587778
0xEEEE, 17785162, 5691, 0002, 1.18220, 4.8632792
0xEEEE, 17788285, 5692, 0001, 0.78813, 4.8557259
0xEEEE, 17791401, 5693, 0001, 0.40051, 4.8632792
0xEEEE, 17794526, 5694, 0000, 0.38601, 4.8521401
0xEEEE, 17797659, 5695, 0000, 0.33524, 4.8439765
0xEEEE, 17800777, 5696, 0000, 0.01209, 4.8540475
0xEEEE, 17803902, 5697, 0000, 0.01128, 4.8651102
0xEEEE, 17807054, 5698, 0001, 0.01128, 4.8628977
0xEEEE, 17810163, 5699, 0001, 0.01209, 4.8454261
0xEEEE, 17813278, 5700, 0002, 0.39245, 4.8533608
0xEEEE, 17816413, 5701, 0002, 0.78974, 4.8612955
0xEEEE, 17819537, 5702, 0003, 0.78491, 4.8590066
0xEEEE, 17822678, 5703, 0003, 0.76315, 4.8493935
0xEEEE, 17825788, 5704, 0004, 1.18381, 4.8576333
0xEEEE, 17828914, 5705, 0004, 1.18300, 4.8559548
0xEEEE, 17832047, 5706, 0005, 1.53597, 4.8525978
0xEEEE, 17835163, 5707, 0005, 1.57707, 4.8516060
0xEEEE, 17838286, 5708, 0006, 1.94454, 4.8621347
0xEEEE, 17841411, 5709, 0006, 2.36762, 4.8600748
0xEEEE, 17844536, 5710, 0007, 2.38696, 4.8474861
0xEEEE, 17847675, 5711, 0007, 2.37487, 4.8543526
0xEEEE, 17850787, 5712, 0007, 2.54813, 4.8628214
0xEEEE, 17853911, 5713, 0007, 2.55055, 4.8593881
0xEEEE, 17857045, 5714, 0006, 2.51509, 4.8545052
0xEEEE, 17860152, 5715, 0006, 2.55136, 4.8545052
0xEEEE, 17863277, 5716, 0005, 2.36681, 4.8559548
0xEEEE, 17866402, 5717, 0005, 1.97355, 4.8520638
0xEEEE, 17869527, 5718, 0004, 1.97275, 4.8503090
0xEEEE, 17872659, 5719, 0004, 1.97355, 4.8609140
0xEEEE, 17875778, 5720, 0003, 1.58029, 4.8570993
0xEEEE, 17878902, 5721, 0003, 1.56982, 4.8408484
0xEEEE, 17882041, 5722, 0002, 1.18300, 4.8522164
0xEEEE, 17885163, 5723, 0002, 1.18381, 4.8619059
0xEEEE, 17888288, 5724, 0001, 0.78168, 4.8577096
0xEEEE, 17891413, 5725, 0001, 0.78813, 4.8509957
0xEEEE, 17894547, 5726, 0000, 0.39326, 4.8562600
0xEEEE, 17897671, 5727, 0000, 0.39245, 4.8574807
0xEEEE, 17900789, 5728, 0000, 0.01209, 4.8507668
0xEEEE, 17903907, 5729, 0000, 0.01209, 4.8490120
0xEEEE, 17907080, 5730, 0001, 0.01209, 4.8632029
0xEEEE, 17910162, 5731, 0001, 0.39407, 4.8598459
0xEEEE, 17913286, 5732, 0002, 0.39407, 4.8511482
0xEEEE, 17916412, 5733, 0002, 0.38440, 4.8476387
0xEEEE, 17919536, 5734, 0003, 0.76396, 4.8637369
0xEEEE, 17922668, 5735, 0003, 0.78813, 4.8563363
0xEEEE, 17925777, 5736, 0004, 1.18381, 4.8431373
0xEEEE, 17928902, 5737, 0004, 1.18462, 4.8524453
0xEEEE, 17932036, 5738, 0005, 1.57868, 4.8579385
0xEEEE, 17935151, 5739, 0005, 1.96388, 4.8561837
0xEEEE, 17938278, 5740, 0006, 1.97275, 4.8511482
0xEEEE, 17941402, 5741, 0006, 1.96952, 4.8551919
0xEEEE, 17944527, 5742, 0007, 2.36681, 4.8543526
0xEEEE, 17947663, 5743, 0007, 2.40872, 4.8471046
0xEEEE, 17950788, 5744, 0007, 2.56264, 4.8459602
0xEEEE, 17953923, 5745, 0007, 2.55136, 4.8612955
0xEEEE, 17957045, 5746, 0006, 2.55055, 4.8622873
0xEEEE, 17960164, 5747, 0006, 2.36601, 4.8513008
0xEEEE, 17963289, 5748, 0005, 2.36601, 4.8497749
0xEEEE, 17966413, 5749, 0005, 2.36601, 4.8589303
0xEEEE, 17969527, 5750, 0004, 1.97678, 4.8602274
0xEEEE, 17972680, 5751, 0004, 1.97275, 4.8539712
0xEEEE, 17975787, 5752, 0003, 1.57062, 4.8551156
0xEEEE, 17978921, 5753, 0003, 1.57788, 4.8593118
0xEEEE, 17982043, 5754, 0002, 1.18220, 4.8478676
0xEEEE, 17985162, 5755, 0002, 0.77524, 4.8518349
0xEEEE, 17988286, 5756, 0001, 0.78813, 4.8594644
0xEEEE, 17991419, 5757, 0001, 0.78813, 4.8533608
0xEEEE, 17994526, 5758, 0000, 0.39407, 4.8423743
0xEEEE, 17997659, 5759, 0000, 0.39084, 4.8509957
0xEEEE, 18000779, 5760, 0000, 0.01209, 4.8619059
0xEEEE, 18003902, 5761, 0000, 0.01209, 4.8606088
0xEEEE, 18007054, 5762, 0001, 0.01128, 4.8569467
0xEEEE, 18010153, 5763, 0001, 0.40293, 4.8526741
0xEEEE, 18013278, 5764, 0002, 0.37392, 4.8616770
0xEEEE, 18016412, 5765, 0002, 0.40454, 4.8552682
0xEEEE, 18019538, 5766, 0003, 0.78813, 4.8508431
0xEEEE, 18022670, 5767, 0003, 0.78813, 4.8590829
0xEEEE, 18025790, 5768, 0004, 1.18623, 4.8620584
0xEEEE, 18028915, 5769, 0004, 1.15883, 4.8499275
0xEEEE, 18032047, 5770, 0005, 1.57868, 4.8424506
0xEEEE, 18035151, 5771, 0005, 1.96066, 4.8613718
0xEEEE, 18038308, 5772, 0006, 1.97275, 4.8614481
0xEEEE, 18041411, 5773, 0006, 1.97033, 4.8529030
0xEEEE, 18044536, 5774, 0007, 2.36359, 4.8506142
0xEEEE, 18047668, 5775, 0007, 2.36601, 4.8596933
0xEEEE, 18050787, 5776, 0007, 2.55216, 4.8567178
0xEEEE, 18053911, 5777, 0007, 2.55055, 4.8445106
0xEEEE, 18057045, 5778, 0006, 2.55055, 4.8553445
0xEEEE, 18060152, 5779, 0006, 2.55055, 4.8619059
0xEEEE, 18063278, 5780, 0005, 2.36440, 4.8515297
0xEEEE, 18066402, 5781, 0005, 2.36681, 4.8513771
0xEEEE, 18069526, 5782, 0004, 1.97275, 4.8609903
0xEEEE, 18072659, 5783, 0004, 1.97355, 4.8641184
0xEEEE, 18075787, 5784, 0003, 1.62059, 4.8457313
0xEEEE, 18078902, 5785, 0003, 1.18381, 4.8471046
0xEEEE, 18082042, 5786, 0002, 1.18462, 4.8603037
0xEEEE, 18085163, 5787, 0002, 1.18220, 4.8547341
0xEEEE, 18088288, 5788, 0001, 0.78813, 4.8496223
0xEEEE, 18091413, 5789, 0001, 0.78813, 4.8548104
0xEEEE, 18094539, 5790, 0000, 0.39004, 4.8605325
0xEEEE, 18097672, 5791, 0000, 0.40132, 4.8587778
0xEEEE, 18100789, 5792, 0000, 0.01370, 4.8471046
0xEEEE, 18103908, 5793, 0000, 0.01209, 4.8622110
0xEEEE, 18107074, 5794, 0001, 0.01209, 4.8613718
0xEEEE, 18110162, 5795, 0001, 0.01209, 4.8520638
0xEEEE, 18113286, 5796, 0002, 0.39326, 4.8522927
0xEEEE, 18116412, 5797, 0002, 0.39407, 4.8602274
0xEEEE, 18119536, 5798, 0003, 0.78894, 4.8599222
0xEEEE, 18122679, 5799, 0003, 0.78491, 4.8601511
0xEEEE, 18125778, 5800, 0004, 1.11692, 4.8519875
0xEEEE, 18128902, 5801, 0004, 1.57868, 4.8590066
0xEEEE, 18132036, 5802, 0005, 1.57949, 4.8564126
0xEEEE, 18135151, 5803, 0005, 1.57868, 4.8581674
0xEEEE, 18138277, 5804, 0006, 1.95744, 4.8566415
0xEEEE, 18141402, 5805, 0006, 1.97355, 4.8632029
0xEEEE, 18144527, 5806, 0007, 2.36681, 4.8587778
0xEEEE, 18147666, 5807, 0007, 2.36601, 4.8490883
0xEEEE, 18150788, 5808, 0007, 2.55136, 4.8595407
0xEEEE, 18153913, 5809, 0007, 2.55055, 4.8656443
0xEEEE, 18157045, 5810, 0006, 2.55377, 4.8602274
0xEEEE, 18160171, 5811, 0006, 2.55216, 4.8577859
0xEEEE, 18163288, 5812, 0005, 2.36520, 4.8622873
0xEEEE, 18166412, 5813, 0005, 2.36923, 4.8554971
0xEEEE, 18169528, 5814, 0004, 1.97275, 4.8525978
0xEEEE, 18172668, 5815, 0004, 1.96388, 4.8622873
0xEEEE, 18175786, 5816, 0003, 1.57788, 4.8653391
0xEEEE, 18178912, 5817, 0003, 1.20637, 4.8495460
0xEEEE, 18182043, 5818, 0002, 1.18300, 4.8434424
0xEEEE, 18185161, 5819, 0002, 1.18300, 4.8603799
0xEEEE, 18188287, 5820, 0001, 0.79619, 4.8613718
0xEEEE, 18191401, 5821, 0001, 0.77927, 4.8501564
0xEEEE, 18194527, 5822, 0000, 0.39245, 4.8526741
0xEEEE, 18197660, 5823, 0000, 0.39245, 4.8601511
0xEEEE, 18200777, 5824, 0000, 0.01209, 4.8531319
0xEEEE, 18203902, 5825, 0000, 0.01128, 4.8566415
0xEEEE, 18207064, 5826, 0001, 0.01128, 4.8546578
0xEEEE, 18210153, 5827, 0001, 0.01209, 4.8596933
0xEEEE, 18213279, 5828, 0002, 0.39326, 4.8472572
0xEEEE, 18216413, 5829, 0002, 0.39245, 4.8565652
0xEEEE, 18219546, 5830, 0003, 0.80264, 4.8625925
0xEEEE, 18222670, 5831, 0003, 1.18300, 4.8625162
0xEEEE, 18225790, 5832, 0004, 1.18381, 4.8546578
0xEEEE, 18228914, 5833, 0004, 1.18059, 4.8480201
0xEEEE, 18232046, 5834, 0005, 1.52308, 4.8596933
0xEEEE, 18235151, 5835, 0005, 1.57788, 4.8557259
0xEEEE, 18238286, 5836, 0006, 1.97275, 4.8548104
0xEEEE, 18241411, 5837, 0006, 1.97275, 4.8500801
0xEEEE, 18244541, 5838, 0007, 2.36681, 4.8616007
0xEEEE, 18247668, 5839, 0007, 2.55055, 4.8526741
0xEEEE, 18250788, 5840, 0007, 2.55136, 4.8484016
0xEEEE, 18253911, 5841, 0007, 2.55297, 4.8553445
0xEEEE, 18257045, 5842, 0006, 2.54007, 4.8625925
0xEEEE, 18260151, 5843, 0006, 2.55619, 4.8495460
0xEEEE, 18263276, 5844, 0005, 2.36601, 4.8540475
0xEEEE, 18266401, 5845, 0005, 2.39744, 4.8582437
0xEEEE, 18269526, 5846, 0004, 1.97355, 4.8579385
0xEEEE, 18272659, 5847, 0004, 1.58029, 4.8496986
0xEEEE, 18275777, 5848, 0003, 1.57868, 4.8535134
0xEEEE, 18278902, 5849, 0003, 1.57788, 4.8570230
0xEEEE, 18282044, 5850, 0002, 1.18300, 4.8557259
0xEEEE, 18285163, 5851, 0002, 1.18220, 4.8496223
0xEEEE, 18288288, 5852, 0001, 0.78813, 4.8615244
0xEEEE, 18291421, 5853, 0001, 0.78813, 4.8658732
0xEEEE, 18294539, 5854, 0000, 0.39245, 4.8547341
0xEEEE, 18297671, 5855, 0000, 0.01128, 4.8413062
0xEEEE, 18300788, 5856, 0000, 0.01209, 4.8542000
0xEEEE, 18303932, 5857, 0000, 0.01209, 4.8670939
0xEEEE, 18307074, 5858, 0001, 0.01209, 4.8564889
0xEEEE, 18310162, 5859, 0001, 0.01128, 4.8461128
0xEEEE, 18313287, 5860, 0002, 0.37795, 4.8522164
0xEEEE, 18316411, 5861, 0002, 0.39810, 4.8596933
0xEEEE, 18319535, 5862, 0003, 0.78894, 4.8564126
0xEEEE, 18322668, 5863, 0003, 1.18300, 4.8513008
0xEEEE, 18325777, 5864, 0004, 1.18381, 4.8620584
0xEEEE, 18328901, 5865, 0004, 1.23216, 4.8587015
0xEEEE, 18332036, 5866, 0005, 1.57788, 4.8424506
0xEEEE, 18335152, 5867, 0005, 1.57788, 4.8551156
0xEEEE, 18338277, 5868, 0006, 1.97194, 4.8632792
0xEEEE, 18341402, 5869, 0006, 1.97758, 4.8616007
0xEEEE, 18344526, 5870, 0007, 2.36681, 4.8487831
0xEEEE, 18347667, 5871, 0007, 2.53927, 4.8535897
0xEEEE, 18350799, 5872, 0007, 2.55700, 4.8603799
0xEEEE, 18353914, 5873, 0007, 2.55297, 4.8561074
0xEEEE, 18357044, 5874, 0006, 2.55136, 4.8486305
0xEEEE, 18360164, 5875, 0006, 2.53121, 4.8587015
0xEEEE, 18363288, 5876, 0005, 2.36359, 4.8564889
0xEEEE, 18366413, 5877, 0005, 2.36681, 4.8509957
0xEEEE, 18369530, 5878, 0004, 1.96791, 4.8552682
0xEEEE, 18372668, 5879, 0004, 1.97275, 4.8668650
0xEEEE, 18375789, 5880, 0003, 1.58271, 4.8567178
0xEEEE, 18378911, 5881, 0003, 1.57788, 4.8438239
0xEEEE, 18382043, 5882, 0002, 1.18864, 4.8517586
0xEEEE, 18385161, 5883, 0002, 1.17092, 4.8574044
0xEEEE, 18388294, 5884, 0001, 0.78813, 4.8609140
0xEEEE, 18391401, 5885, 0001, 0.39326, 4.8525216
0xEEEE, 18394527, 5886, 0000, 0.39084, 4.8563363
0xEEEE, 18397659, 5887, 0000, 0.39084, 4.8551156
0xEEEE, 18400777, 5888, 0000, 0.01209, 4.8517586
0xEEEE, 18403901, 5889, 0000, 0.01209, 4.8544289
0xEEEE, 18407054, 5890, 0001, 0.01209, 4.8627451
0xEEEE, 18410153, 5891, 0001, 0.01209, 4.8538186
0xEEEE, 18413281, 5892, 0002, 0.39165, 4.8483253
0xEEEE, 18416413, 5893, 0002, 0.78894, 4.8516823
0xEEEE, 18419538, 5894, 0003, 0.78894, 4.8639658
0xEEEE, 18422670, 5895, 0003, 0.78894, 4.8659495
0xEEEE, 18425789, 5896, 0004, 1.18542, 4.8487068
0xEEEE, 18428914, 5897, 0004, 1.18381, 4.8568704
0xEEEE, 18432046, 5898, 0005, 1.58110, 4.8552682
0xEEEE, 18435174, 5899, 0005, 1.61817, 4.8515297
0xEEEE, 18438287, 5900, 0006, 1.97436, 4.8496223
0xEEEE, 18441411, 5901, 0006, 2.36681, 4.8607614
0xEEEE, 18444536, 5902, 0007, 2.37165, 4.8562600
0xEEEE, 18447668, 5903, 0007, 2.36601, 4.8490883
0xEEEE, 18450787, 5904, 0007, 2.55136, 4.8531319
0xEEEE, 18453911, 5905, 0007, 2.53846, 4.8639658
0xEEEE, 18457045, 5906, 0006, 2.54652, 4.8537423
0xEEEE, 18460152, 5907, 0006, 2.55055, 4.8539712
0xEEEE, 18463276, 5908, 0005, 2.32974, 4.8555734
0xEEEE, 18466402, 5909, 0005, 1.96227, 4.8605325
0xEEEE, 18469527, 5910, 0004, 1.97355, 4.8516060
0xEEEE, 18472668, 5911, 0004, 1.96549, 4.8509957
0xEEEE, 18475777, 5912, 0003, 1.57788, 4.8608377
0xEEEE, 18478903, 5913, 0003, 1.57707, 4.8552682
0xEEEE, 18482044, 5914, 0002, 1.18381, 4.8508431
0xEEEE, 18485163, 5915, 0002, 1.18220, 4.8525978
0xEEEE, 18488288, 5916, 0001, 0.78813, 4.8639658
0xEEEE, 18491414, 5917, 0001, 0.40615, 4.8549630
0xEEEE, 18494538, 5918, 0000, 0.39326, 4.8525216
0xEEEE, 18497671, 5919, 0000, 0.39326, 4.8554971
0xEEEE, 18500789, 5920, 0000, 0.01209, 4.8608377
0xEEEE, 18503911, 5921, 0000, 0.01209, 4.8535134
0xEEEE, 18507074, 5922, 0001, 0.01209, 4.8549630
0xEEEE, 18510162, 5923, 0001, 0.01209, 4.8614481
0xEEEE, 18513287, 5924, 0002, 0.39245, 4.8577859
0xEEEE, 18516411, 5925, 0002, 0.39245, 4.8484016
0xEEEE, 18519547, 5926, 0003, 0.78733, 4.8540475
0xEEEE, 18522668, 5927, 0003, 0.78410, 4.8671702
0xEEEE, 18525777, 5928, 0004, 1.18220, 4.8616007
0xEEEE, 18528902, 5929, 0004, 1.18381, 4.8451972
0xEEEE, 18532044, 5930, 0005, 1.57788, 4.8488594
0xEEEE, 18535152, 5931, 0005, 1.97033, 4.8603799
0xEEEE, 18538277, 5932, 0006, 1.99612, 4.8551919
0xEEEE, 18541401, 5933, 0006, 1.97114, 4.8505379
0xEEEE, 18544527, 5934, 0007, 2.34505, 4.8554208
0xEEEE, 18547668, 5935, 0007, 2.37084, 4.8553445
0xEEEE, 18550788, 5936, 0007, 2.55216, 4.8470283
0xEEEE, 18553913, 5937, 0007, 2.55216, 4.8513771
0xEEEE, 18557050, 5938, 0006, 2.53846, 4.8613718
0xEEEE, 18560163, 5939, 0006, 2.36037, 4.8586252
0xEEEE, 18563289, 5940, 0005, 2.36762, 4.8458839
0xEEEE, 18566413, 5941, 0005, 2.34103, 4.8464942
0xEEEE, 18569532, 5942, 0004, 1.97355, 4.8625925
0xEEEE, 18572668, 5943, 0004, 1.97275, 4.8598459
0xEEEE, 18575786, 5944, 0003, 1.57626, 4.8487831
0xEEEE, 18578912, 5945, 0003, 1.56256, 4.8456550
0xEEEE, 18582042, 5946, 0002, 1.18381, 4.8585489
0xEEEE, 18585161, 5947, 0002, 0.79538, 4.8516060
0xEEEE, 18588285, 5948, 0001, 0.78652, 4.8551156
0xEEEE, 18591402, 5949, 0001, 0.78813, 4.8574807
0xEEEE, 18594527, 5950, 0000, 0.39326, 4.8563363
0xEEEE, 18597659, 5951, 0000, 0.39326, 4.8477150
0xEEEE, 18600777, 5952, 0000, 0.01209, 4.8508431
0xEEEE, 18603912, 5953, 0000, 0.01209, 4.8643473
0xEEEE, 18607054, 5954, 0001, 0.01209, 4.8603037
0xEEEE, 18610153, 5955, 0001, 0.39326, 4.8509194
0xEEEE, 18613282, 5956, 0002, 0.39084, 4.8531319
0xEEEE, 18616422, 5957, 0002, 0.40535, 4.8600748
0xEEEE, 18619538, 5958, 0003, 0.78894, 4.8564126
0xEEEE, 18622670, 5959, 0003, 0.78894, 4.8461891
0xEEEE, 18625789, 5960, 0004, 1.18381, 4.8532845
0xEEEE, 18628913, 5961, 0004, 1.18703, 4.8600748
0xEEEE, 18632047, 5962, 0005, 1.57707, 4.8558022
0xEEEE, 18635154, 5963, 0005, 1.97355, 4.8469520
0xEEEE, 18638286, 5964, 0006, 1.97355, 4.8636606
0xEEEE, 18641411, 5965, 0006, 1.98000, 4.8588540
0xEEEE, 18644536, 5966, 0007, 2.36762, 4.8376440
0xEEEE, 18647668, 5967, 0007, 2.38293, 4.8532082
0xEEEE, 18650787, 5968, 0007, 2.53766, 4.8603799
0xEEEE, 18653911, 5969, 0007, 2.55055, 4.8625162
0xEEEE, 18657045, 5970, 0006, 2.55136, 4.8516060
0xEEEE, 18660151, 5971, 0006, 2.29751, 4.8556497
0xEEEE, 18663287, 5972, 0005, 2.36681, 4.8603037
0xEEEE, 18666401, 5973, 0005, 2.36601, 4.8548104
0xEEEE, 18669526, 5974, 0004, 1.97355, 4.8508431
0xEEEE, 18672659, 5975, 0004, 1.97275, 4.8542000
0xEEEE, 18675777, 5976, 0003, 1.58513, 4.8564126
0xEEEE, 18678904, 5977, 0003, 1.57788, 4.8519112
0xEEEE, 18682044, 5978, 0002, 1.18300, 4.8504616
0xEEEE, 18685163, 5979, 0002, 1.16850, 4.8585489
0xEEEE, 18688297, 5980, 0001, 0.78894, 4.8609903
0xEEEE, 18691414, 5981, 0001, 0.78813, 4.8497749
0xEEEE, 18694538, 5982, 0000, 0.39165, 4.8570230
0xEEEE, 18697671, 5983, 0000, 0.39326, 4.8564126
0xEEEE, 18700798, 5984, 0000, 0.01209, 4.8579385
0xEEEE, 18703912, 5985, 0000, 0.01209, 4.8513771
0xEEEE, 18707074, 5986, 0001, 0.01128, 4.8606088
0xEEEE, 18710162, 5987, 0001, 0.01209, 4.8616007
0xEEEE, 18713287, 5988, 0002, 0.37634, 4.8526741
0xEEEE, 18716412, 5989, 0002, 0.32315, 4.8493172
0xEEEE, 18719535, 5990, 0003, 0.78813, 4.8625925
0xEEEE, 18722669, 5991, 0003, 0.78894, 4.8630503
0xEEEE, 18725777, 5992, 0004, 1.17656, 4.8512245
0xEEEE, 18728902, 5993, 0004, 1.57949, 4.8451972
0xEEEE, 18732035, 5994, 0005, 1.57788, 4.8562600
0xEEEE, 18735151, 5995, 0005, 1.59480, 4.8559548
0xEEEE, 18738276, 5996, 0006, 1.97275, 4.8474861
0xEEEE, 18741401, 5997, 0006, 1.99612, 4.8509194
0xEEEE, 18744527, 5998, 0007, 2.36601, 4.8596170
0xEEEE, 18747681, 5999, 0007, 2.36520, 4.8550393
0xEEEE, 18750789, 6000, 0007, 2.53443, 4.8507668
0xEEEE, 18753913, 6001, 0007, 2.54491, 4.8609140
0xEEEE, 18757045, 6002, 0006, 2.55055, 4.8625162
0xEEEE, 18760163, 6003, 0006, 2.55136, 4.8498512
0xEEEE, 18763287, 6004, 0005, 2.36842, 4.8462654
0xEEEE, 18766413, 6005, 0005, 2.36681, 4.8587015
0xEEEE, 18769534, 6006, 0004, 1.90828, 4.8626688
0xEEEE, 18772668, 6007, 0004, 1.97355, 4.8587015
0xEEEE, 18775786, 6008, 0003, 1.55451, 4.8480964
0xEEEE, 18778911, 6009, 0003, 1.18300, 4.8580148
0xEEEE, 18782044, 6010, 0002, 1.18220, 4.8539712
0xEEEE, 18785170, 6011, 0002, 1.18300, 4.8492409
0xEEEE, 18788286, 6012, 0001, 0.78813, 4.8566415
0xEEEE, 18791402, 6013, 0001, 0.78733, 4.8639658
0xEEEE, 18794526, 6014, 0000, 0.39326, 4.8542000
0xEEEE, 18797660, 6015, 0000, 0.38762, 4.8483253
0xEEEE, 18800777, 6016, 0000, 0.01209, 4.8601511
0xEEEE, 18803902, 6017, 0000, 0.01128, 4.8631266
0xEEEE, 18807054, 6018, 0001, 0.01209, 4.8546578
0xEEEE, 18810153, 6019, 0001, 0.01209, 4.8516060
0xEEEE, 18813285, 6020, 0002, 0.35297, 4.8561837
0xEEEE, 18816413, 6021, 0002, 0.39245, 4.8632792
0xEEEE, 18819538, 6022, 0003, 0.78974, 4.8519875
0xEEEE, 18822670, 6023, 0003, 0.78813, 4.8558022
0xEEEE, 18825790, 6024, 0004, 1.19429, 4.8616770
0xEEEE, 18828913, 6025, 0004, 1.18300, 4.8428321
0xEEEE, 18832055, 6026, 0005, 1.57868, 4.8459602
0xEEEE, 18835155, 6027, 0005, 1.60044, 4.8566415
0xEEEE, 18838286, 6028, 0006, 1.97355, 4.8628977
0xEEEE, 18841411, 6029, 0006, 2.02352, 4.8484779
0xEEEE, 18844536, 6030, 0007, 2.36037, 4.8493935
0xEEEE, 18847669, 6031, 0007, 2.55297, 4.8580148
0xEEEE, 18850787, 6032, 0007, 2.55055, 4.8527504
0xEEEE, 18853911, 6033, 0007, 2.54894, 4.8478676
0xEEEE, 18857045, 6034, 0006, 2.55136, 4.8523690
0xEEEE, 18860151, 6035, 0006, 2.55136, 4.8617533
0xEEEE, 18863276, 6036, 0005, 2.38374, 4.8500038
0xEEEE, 18866401, 6037, 0005, 2.36601, 4.8443580
0xEEEE, 18869535, 6038, 0004, 1.97355, 4.8577859
0xEEEE, 18872659, 6039, 0004, 1.56418, 4.8667124
0xEEEE, 18875778, 6040, 0003, 1.57868, 4.8560311
0xEEEE, 18878906, 6041, 0003, 1.57788, 4.8464942
0xEEEE, 18882044, 6042, 0002, 1.17978, 4.8567941
0xEEEE, 18885162, 6043, 0002, 1.18139, 4.8588540
0xEEEE, 18888288, 6044, 0001, 0.78813, 4.8509194
0xEEEE, 18891414, 6045, 0001, 0.78974, 4.8557259
0xEEEE, 18894538, 6046, 0000, 0.39326, 4.8603799
0xEEEE, 18897670, 6047, 0000, 0.01209, 4.8547341
0xEEEE, 18900778, 6048, 0000, 0.01209, 4.8541238
0xEEEE, 18903911, 6049, 0000, 0.01128, 4.8644236
0xEEEE, 18907074, 6050, 0001, 0.01209, 4.8606851
0xEEEE, 18910162, 6051, 0001, 0.01128, 4.8552682
0xEEEE, 18913287, 6052, 0002, 0.39326, 4.8472572
0xEEEE, 18916422, 6053, 0002, 0.39165, 4.8550393
0xEEEE, 18919536, 6054, 0003, 0.78733, 4.8592355
0xEEEE, 18922669, 6055, 0003, 1.19670, 4.8473335
0xEEEE, 18925777, 6056, 0004, 1.18381, 4.8545052
0xEEEE, 18928911, 6057, 0004, 1.18220, 4.8574044
0xEEEE, 18932036, 6058, 0005, 1.54322, 4.8580911
0xEEEE, 18935151, 6059, 0005, 1.57868, 4.8500801
0xEEEE, 18938277, 6060, 0006, 1.97355, 4.8554971
0xEEEE, 18941401, 6061, 0006, 1.97436, 4.8649577
0xEEEE, 18944526, 6062, 0007, 2.32813, 4.8546578
0xEEEE, 18947670, 6063, 0007, 2.54168, 4.8400855
0xEEEE, 18950788, 6064, 0007, 2.55055, 4.8563363
0xEEEE, 18953918, 6065, 0007, 2.55136, 4.8635080
0xEEEE, 18957045, 6066, 0006, 2.57473, 4.8594644
0xEEEE, 18960164, 6067, 0006, 2.55136, 4.8537423
0xEEEE, 18963287, 6068, 0005, 2.36681, 4.8590066
0xEEEE, 18966412, 6069, 0005, 2.36440, 4.8535897
0xEEEE, 18969536, 6070, 0004, 1.97275, 4.8478676
0xEEEE, 18972668, 6071, 0004, 1.57868, 4.8593118
0xEEEE, 18975797, 6072, 0003, 1.57707, 4.8602274
0xEEEE, 18978912, 6073, 0003, 1.57546, 4.8576333
0xEEEE, 18982045, 6074, 0002, 1.18220, 4.8435950
0xEEEE, 18985161, 6075, 0002, 1.18381, 4.8570230
0xEEEE, 18988286, 6076, 0001, 0.79297, 4.8610666
0xEEEE, 18991402, 6077, 0001, 0.77524, 4.8515297
0xEEEE, 18994526, 6078, 0000, 0.35861, 4.8433661
0xEEEE, 18997659, 6079, 0000, 0.39165, 4.8564889
0xEEEE, 19000789, 6080, 0000, 0.01289, 4.8513771
0xEEEE, 19003902, 6081, 0000, 0.01209, 4.8552682
0xEEEE, 19007054, 6082, 0001, 0.01209, 4.8609140
0xEEEE, 19010153, 6083, 0001, 0.01289, 4.8618296
0xEEEE, 19013295, 6084, 0002, 0.39165, 4.8591592
0xEEEE, 19016413, 6085, 0002, 0.79136, 4.8536660
0xEEEE, 19019538, 6086, 0003, 0.79297, 4.8538186
0xEEEE, 19022670, 6087, 0003, 0.83487, 4.8668650
0xEEEE, 19025789, 6088, 0004, 1.18220, 4.8481727
0xEEEE, 19028913, 6089, 0004, 1.18623, 4.8447395
0xEEEE, 19032046, 6090, 0005, 1.57868, 4.8558785
0xEEEE, 19035157, 6091, 0005, 1.57868, 4.8616770
0xEEEE, 19038286, 6092, 0006, 1.97275, 4.8509194
0xEEEE, 19041411, 6093, 0006, 2.37165, 4.8540475
0xEEEE, 19044536, 6094, 0007, 2.36601, 4.8570993
0xEEEE, 19047669, 6095, 0007, 2.39502, 4.8581674
0xEEEE, 19050786, 6096, 0007, 2.55216, 4.8396277
0xEEEE, 19053911, 6097, 0007, 2.55136, 4.8547341
0xEEEE, 19057045, 6098, 0006, 2.55136, 4.8641947
0xEEEE, 19060162, 6099, 0006, 2.55055, 4.8585489
0xEEEE, 19063278, 6100, 0005, 2.36762, 4.8548104
0xEEEE, 19066402, 6101, 0005, 1.97275, 4.8535134
0xEEEE, 19069527, 6102, 0004, 1.97516, 4.8592355
0xEEEE, 19072659, 6103, 0004, 1.97436, 4.8514534
0xEEEE, 19075777, 6104, 0003, 1.57788, 4.8486305
0xEEEE, 19078908, 6105, 0003, 1.51099, 4.8574044
0xEEEE, 19082044, 6106, 0002, 1.18381, 4.8604562
0xEEEE, 19085162, 6107, 0002, 1.18139, 4.8521401
0xEEEE, 19088288, 6108, 0001, 0.77443, 4.8578622
0xEEEE, 19091414, 6109, 0001, 0.39245, 4.8611429
0xEEEE, 19094538, 6110, 0000, 0.39245, 4.8496223
0xEEEE, 19097680, 6111, 0000, 0.39245, 4.8445869
0xEEEE, 19100780, 6112, 0000, 0.01128, 4.8561837
0xEEEE, 19103912, 6113, 0000, 0.01128, 4.8609140
0xEEEE, 19107074, 6114, 0001, 0.01209, 4.8640421
0xEEEE, 19110162, 6115, 0001, 0.01209, 4.8430610
0xEEEE, 19113287, 6116, 0002, 0.39729, 4.8562600
0xEEEE, 19116411, 6117, 0002, 0.79297, 4.8628977
0xEEEE, 19119536, 6118, 0003, 0.83810, 4.8470283
0xEEEE, 19122668, 6119, 0003, 0.78894, 4.8526741
0xEEEE, 19125778, 6120, 0004, 1.17978, 4.8605325
0xEEEE, 19128902, 6121, 0004, 1.17011, 4.8510719
0xEEEE, 19132036, 6122, 0005, 1.57949, 4.8451209
0xEEEE, 19135151, 6123, 0005, 1.57868, 4.8572519
0xEEEE, 19138277, 6124, 0006, 1.97275, 4.8611429
0xEEEE, 19141401, 6125, 0006, 1.99692, 4.8649577
0xEEEE, 19144539, 6126, 0007, 2.36762, 4.8513771
0xEEEE, 19147670, 6127, 0007, 2.36601, 4.8540475
0xEEEE, 19150789, 6128, 0007, 2.56667, 4.8619059
0xEEEE, 19153913, 6129, 0007, 2.55216, 4.8618296
0xEEEE, 19157044, 6130, 0006, 2.55136, 4.8514534
0xEEEE, 19160164, 6131, 0006, 2.36601, 4.8588540
0xEEEE, 19163287, 6132, 0005, 2.36520, 4.8530556
0xEEEE, 19166401, 6133, 0005, 2.36601, 4.8519112
0xEEEE, 19169536, 6134, 0004, 1.96952, 4.8558785
0xEEEE, 19172669, 6135, 0004, 1.97275, 4.8670176
0xEEEE, 19175786, 6136, 0003, 1.61092, 4.8500038
0xEEEE, 19178912, 6137, 0003, 1.57868, 4.8536660
0xEEEE, 19182051, 6138, 0002, 1.17978, 4.8557259
0xEEEE, 19185160, 6139, 0002, 0.81311, 4.8593881
0xEEEE, 19188286, 6140, 0001, 0.78813, 4.8490883
0xEEEE, 19191402, 6141, 0001, 0.78733, 4.8489357
0xEEEE, 19194526, 6142, 0000, 0.39326, 4.8594644
0xEEEE, 19197659, 6143, 0000, 0.39004, 4.8618296
0xEEEE, 19200777, 6144, 0000, 0.01451, 4.8541238
0xEEEE, 19203902, 6145, 0000, 0.01128, 4.8533608
0xEEEE, 19207054, 6146, 0001, 0.01209, 4.8628977
0xEEEE, 19210153, 6147, 0001, 0.40857, 4.8564126
0xEEEE, 19213287, 6148, 0002, 0.39729, 4.8448157
0xEEEE, 19216413, 6149, 0002, 0.39326, 4.8516060
0xEEEE, 19219538, 6150, 0003, 0.78813, 4.8632029
0xEEEE, 19222670, 6151, 0003, 0.78652, 4.8569467
0xEEEE, 19225789, 6152, 0004, 1.20799, 4.8493935
0xEEEE, 19228923, 6153, 0004, 1.18300, 4.8533608
0xEEEE, 19232047, 6154, 0005, 1.58029, 4.8543526
0xEEEE, 19235159, 6155, 0005, 1.97355, 4.8520638
0xEEEE, 19238286, 6156, 0006, 1.97355, 4.8527504
0xEEEE, 19241419, 6157, 0006, 1.97275, 4.8631266
0xEEEE, 19244536, 6158, 0007, 2.34667, 4.8576333
0xEEEE, 19247669, 6159, 0007, 2.36681, 4.8413825
0xEEEE, 19250787, 6160, 0007, 2.55136, 4.8542000
0xEEEE, 19253911, 6161, 0007, 2.54974, 4.8635843
0xEEEE, 19257045, 6162, 0006, 2.55055, 4.8555734
0xEEEE, 19260151, 6163, 0006, 2.36681, 4.8495460
0xEEEE, 19263277, 6164, 0005, 2.37165, 4.8561837
0xEEEE, 19266410, 6165, 0005, 2.36601, 4.8590066
0xEEEE, 19269526, 6166, 0004, 1.97194, 4.8569467
0xEEEE, 19272659, 6167, 0004, 1.97436, 4.8513008
0xEEEE, 19275777, 6168, 0003, 1.57788, 4.8645762
0xEEEE, 19278908, 6169, 0003, 1.57868, 4.8535134
0xEEEE, 19282044, 6170, 0002, 1.19509, 4.8561074
0xEEEE, 19285162, 6171, 0002, 0.78894, 4.8513008
0xEEEE, 19288288, 6172, 0001, 0.78894, 4.8619821
0xEEEE, 19291413, 6173, 0001, 0.78733, 4.8628214
0xEEEE, 19294538, 6174, 0000, 0.38440, 4.8480201
0xEEEE, 19297670, 6175, 0000, 0.39004, 4.8575570
0xEEEE, 19300781, 6176, 0000, 0.01209, 4.8577859
0xEEEE, 19303912, 6177, 0000, 0.01128, 4.8545052
0xEEEE, 19307074, 6178, 0001, 0.01209, 4.8593118
0xEEEE, 19310162, 6179, 0001, 0.01209, 4.8577096
0xEEEE, 19313297, 6180, 0002, 0.39245, 4.8561837
0xEEEE, 19316411, 6181, 0002, 0.39326, 4.8494697
0xEEEE, 19319536, 6182, 0003, 0.78894, 4.8495460
0xEEEE, 19322668, 6183, 0003, 0.79136, 4.8616770
0xEEEE, 19325785, 6184, 0004, 1.20476, 4.8566415
0xEEEE, 19328902, 6185, 0004, 1.57788, 4.8487831
0xEEEE, 19332035, 6186, 0005, 1.57465, 4.8633555
0xEEEE, 19335151, 6187, 0005, 1.57868, 4.8622873
0xEEEE, 19338276, 6188, 0006, 1.97194, 4.8532082
0xEEEE, 19341401, 6189, 0006, 1.97355, 4.8503090
0xEEEE, 19344529, 6190, 0007, 2.41436, 4.8551919
0xEEEE, 19347670, 6191, 0007, 2.36681, 4.8570230
0xEEEE, 19350789, 6192, 0007, 2.55055, 4.8490120
0xEEEE, 19353914, 6193, 0007, 2.55136, 4.8515297
0xEEEE, 19357044, 6194, 0006, 2.55216, 4.8598459
0xEEEE, 19360164, 6195, 0006, 2.55136, 4.8628214
0xEEEE, 19363288, 6196, 0005, 2.35231, 4.8442817
0xEEEE, 19366401, 6197, 0005, 2.36359, 4.8543526
0xEEEE, 19369536, 6198, 0004, 1.97275, 4.8603037
0xEEEE, 19372679, 6199, 0004, 1.97114, 4.8591592
0xEEEE, 19375788, 6200, 0003, 1.57868, 4.8496986
0xEEEE, 19378912, 6201, 0003, 1.17978, 4.8535897
0xEEEE, 19382044, 6202, 0002, 1.20234, 4.8537423
0xEEEE, 19385160, 6203, 0002, 1.18462, 4.8590829
0xEEEE, 19388276, 6204, 0001, 0.78733, 4.8500038
0xEEEE, 19391401, 6205, 0001, 0.78330, 4.8572519
0xEEEE, 19394527, 6206, 0000, 0.39568, 4.8542000
0xEEEE, 19397666, 6207, 0000, 0.39245, 4.8470283
0xEEEE, 19400777, 6208, 0000, 0.01209, 4.8567178
0xEEEE, 19403902, 6209, 0000, 0.01128, 4.8633555
0xEEEE, 19407054, 6210, 0001, 0.01209, 4.8563363
0xEEEE, 19410160, 6211, 0001, 0.01209, 4.8492409
0xEEEE, 19413288, 6212, 0002, 0.39165, 4.8554971
0xEEEE, 19416413, 6213, 0002, 0.39407, 4.8561074
0xEEEE, 19419538, 6214, 0003, 0.79297, 4.8522927
0xEEEE, 19422670, 6215, 0003, 0.78168, 4.8524453
0xEEEE, 19425789, 6216, 0004, 1.18300, 4.8614481
0xEEEE, 19428913, 6217, 0004, 1.58110, 4.8586252
0xEEEE, 19432047, 6218, 0005, 1.55370, 4.8432136
0xEEEE, 19435161, 6219, 0005, 1.57868, 4.8485542
0xEEEE, 19438287, 6220, 0006, 1.97355, 4.8619821
0xEEEE, 19441411, 6221, 0006, 1.97355, 4.8599985
0xEEEE, 19444536, 6222, 0007, 2.36681, 4.8506905
0xEEEE, 19447669, 6223, 0007, 2.36440, 4.8440528
0xEEEE, 19450786, 6224, 0007, 2.55136, 4.8602274
0xEEEE, 19453911, 6225, 0007, 2.55216, 4.8606851
0xEEEE, 19457055, 6226, 0006, 2.55700, 4.8500801
0xEEEE, 19460152, 6227, 0006, 2.54894, 4.8559548
0xEEEE, 19463277, 6228, 0005, 2.36681, 4.8575570
0xEEEE, 19466401, 6229, 0005, 2.37165, 4.8531319
0xEEEE, 19469526, 6230, 0004, 1.97516, 4.8533608
0xEEEE, 19472659, 6231, 0004, 1.95341, 4.8614481
0xEEEE, 19475777, 6232, 0003, 1.57788, 4.8567941
0xEEEE, 19478911, 6233, 0003, 1.60769, 4.8364996
0xEEEE, 19482044, 6234, 0002, 1.18381, 4.8491646
0xEEEE, 19485163, 6235, 0002, 1.18462, 4.8618296
0xEEEE, 19488288, 6236, 0001, 0.78088, 4.8580911
0xEEEE, 19491414, 6237, 0001, 0.80344, 4.8509957
0xEEEE, 19494547, 6238, 0000, 0.39326, 4.8464942
0xEEEE, 19497671, 6239, 0000, 0.01209, 4.8586252
0xEEEE, 19500784, 6240, 0000, 0.01209, 4.8522164
0xEEEE, 19503911, 6241, 0000, 0.01128, 4.8515297
0xEEEE, 19507074, 6242, 0001, 0.01209, 4.8598459
0xEEEE, 19510162, 6243, 0001, 0.01209, 4.8626688
0xEEEE, 19513287, 6244, 0002, 0.39084, 4.8496223
0xEEEE, 19516411, 6245, 0002, 0.38762, 4.8442054
0xEEEE, 19519536, 6246, 0003, 0.78007, 4.8595407
0xEEEE, 19522668, 6247, 0003, 1.18300, 4.8581674
0xEEEE, 19525777, 6248, 0004, 1.18462, 4.8479438
0xEEEE, 19528902, 6249, 0004, 1.18059, 4.8493172
0xEEEE, 19532036, 6250, 0005, 1.52630, 4.8593881
0xEEEE, 19535152, 6251, 0005, 1.57949, 4.8577096
0xEEEE, 19538277, 6252, 0006, 1.97275, 4.8540475
0xEEEE, 19541413, 6253, 0006, 1.97355, 4.8554208
0xEEEE, 19544531, 6254, 0007, 2.36681, 4.8599222
0xEEEE, 19547670, 6255, 0007, 2.55136, 4.8486305
0xEEEE, 19550788, 6256, 0007, 2.55377, 4.8437476
0xEEEE, 19553914, 6257, 0007, 2.55136, 4.8621347
0xEEEE, 19557044, 6258, 0006, 2.55216, 4.8587778
0xEEEE, 19560163, 6259, 0006, 2.55377, 4.8486305
0xEEEE, 19563289, 6260, 0005, 2.36923, 4.8523690
0xEEEE, 19566404, 6261, 0005, 2.33055, 4.8587778
0xEEEE, 19569536, 6262, 0004, 1.97678, 4.8565652
0xEEEE, 19572668, 6263, 0004, 1.57868, 4.8566415
0xEEEE, 19575787, 6264, 0003, 1.57868, 4.8570230
0xEEEE, 19578918, 6265, 0003, 1.57868, 4.8583200
0xEEEE, 19582044, 6266, 0002, 1.18381, 4.8480201
0xEEEE, 19585161, 6267, 0002, 1.18864, 4.8507668
0xEEEE, 19588276, 6268, 0001, 0.72205, 4.8609903
0xEEEE, 19591401, 6269, 0001, 0.78813, 4.8627451
0xEEEE, 19594526, 6270, 0000, 0.39245, 4.8450446
0xEEEE, 19597659, 6271, 0000, 0.01209, 4.8504616
0xEEEE, 19600777, 6272, 0000, 0.01128, 4.8624399
0xEEEE, 19603902, 6273, 0000, 0.01128, 4.8665599
0xEEEE, 19607054, 6274, 0001, 0.01209, 4.8575570
0xEEEE, 19610154, 6275, 0001, 0.01209, 4.8480201
0xEEEE, 19613288, 6276, 0002, 0.39971, 4.8592355
0xEEEE, 19616413, 6277, 0002, 0.40615, 4.8506905
0xEEEE, 19619538, 6278, 0003, 0.78894, 4.8507668
0xEEEE, 19622670, 6279, 0003, 0.78894, 4.8577096
0xEEEE, 19625799, 6280, 0004, 1.18220, 4.8557259
0xEEEE, 19628913, 6281, 0004, 1.19429, 4.8516823
0xEEEE, 19632047, 6282, 0005, 1.57868, 4.8522164
0xEEEE, 19635161, 6283, 0005, 1.58029, 4.8570993
0xEEEE, 19638294, 6284, 0006, 1.97355, 4.8586252
0xEEEE, 19641411, 6285, 0006, 2.39502, 4.8509194
0xEEEE, 19644537, 6286, 0007, 2.36601, 4.8478676
0xEEEE, 19647669, 6287, 0007, 2.36681, 4.8577096
0xEEEE, 19650786, 6288, 0007, 2.55377, 4.8551156
0xEEEE, 19653911, 6289, 0007, 2.55216, 4.8525216
0xEEEE, 19657035, 6290, 0006, 2.55136, 4.8564889
0xEEEE, 19660152, 6291, 0006, 2.53927, 4.8652628
0xEEEE, 19663280, 6292, 0005, 2.36681, 4.8532082
0xEEEE, 19666401, 6293, 0005, 1.97275, 4.8487831
0xEEEE, 19669527, 6294, 0004, 1.98081, 4.8593881
0xEEEE, 19672659, 6295, 0004, 1.97516, 4.8653391
0xEEEE, 19675777, 6296, 0003, 1.57707, 4.8545815
0xEEEE, 19678913, 6297, 0003, 1.57868, 4.8468757
0xEEEE, 19682044, 6298, 0002, 1.17978, 4.8558022
0xEEEE, 19685173, 6299, 0002, 1.17092, 4.8487831
0xEEEE, 19688289, 6300, 0001, 0.78733, 4.8537423
0xEEEE, 19691413, 6301, 0001, 0.39326, 4.8550393
0xEEEE, 19694537, 6302, 0000, 0.39165, 4.8584726
0xEEEE, 19697670, 6303, 0000, 0.39326, 4.8500801
0xEEEE, 19700784, 6304, 0000, 0.01209, 4.8457313
0xEEEE, 19703911, 6305, 0000, 0.01128, 4.8616007
0xEEEE, 19707074, 6306, 0001, 0.01209, 4.8644999
0xEEEE, 19710171, 6307, 0001, 0.01209, 4.8503853
0xEEEE, 19713287, 6308, 0002, 0.37714, 4.8467994
0xEEEE, 19716411, 6309, 0002, 0.78813, 4.8565652
0xEEEE, 19719536, 6310, 0003, 0.78813, 4.8596170
0xEEEE, 19722677, 6311, 0003, 0.78813, 4.8534371
0xEEEE, 19725777, 6312, 0004, 1.17897, 4.8548867
0xEEEE, 19728902, 6313, 0004, 1.18300, 4.8563363
0xEEEE, 19732036, 6314, 0005, 1.57626, 4.8525978
0xEEEE, 19735152, 6315, 0005, 1.58835, 4.8528267
0xEEEE, 19738277, 6316, 0006, 1.97275, 4.8545052
0xEEEE, 19741402, 6317, 0006, 2.36762, 4.8625925
0xEEEE, 19744532, 6318, 0007, 2.36601, 4.8493935
0xEEEE, 19747670, 6319, 0007, 2.36681, 4.8451209
0xEEEE, 19750789, 6320, 0007, 2.55055, 4.8519875
0xEEEE, 19753914, 6321, 0007, 2.54894, 4.8684672
0xEEEE, 19757045, 6322, 0006, 2.55377, 4.8598459
0xEEEE, 19760163, 6323, 0006, 2.53604, 4.8553445
0xEEEE, 19763288, 6324, 0005, 2.37326, 4.8590829
0xEEEE, 19766404, 6325, 0005, 1.96711, 4.8579385
0xEEEE, 19769558, 6326, 0004, 1.96791, 4.8470283
0xEEEE, 19772668, 6327, 0004, 1.97194, 4.8513771
0xEEEE, 19775787, 6328, 0003, 1.57788, 4.8628977
0xEEEE, 19778912, 6329, 0003, 1.57868, 4.8548104
0xEEEE, 19782045, 6330, 0002, 1.20154, 4.8496986
0xEEEE, 19785161, 6331, 0002, 1.18381, 4.8574807
0xEEEE, 19788276, 6332, 0001, 0.78894, 4.8655680
0xEEEE, 19791401, 6333, 0001, 0.79055, 4.8532845
0xEEEE, 19794526, 6334, 0000, 0.39890, 4.8546578
0xEEEE, 19797659, 6335, 0000, 0.40857, 4.8532082
0xEEEE, 19800777, 6336, 0000, 0.01209, 4.8596933
0xEEEE, 19803902, 6337, 0000, 0.01531, 4.8465705
0xEEEE, 19807062, 6338, 0001, 0.01209, 4.8506905
0xEEEE, 19810156, 6339, 0001, 0.39326, 4.8613718
0xEEEE, 19813289, 6340, 0002, 0.39326, 4.8581674
0xEEEE, 19816413, 6341, 0002, 0.39245, 4.8540475
0xEEEE, 19819538, 6342, 0003, 0.78894, 4.8577859
0xEEEE, 19822670, 6343, 0003, 0.78571, 4.8652628
0xEEEE, 19825789, 6344, 0004, 1.18300, 4.8557259
0xEEEE, 19828913, 6345, 0004, 1.18381, 4.8445869
0xEEEE, 19832047, 6346, 0005, 1.58352, 4.8543526
0xEEEE, 19835161, 6347, 0005, 1.97355, 4.8582437
0xEEEE, 19838286, 6348, 0006, 1.97436, 4.8561837
0xEEEE, 19841411, 6349, 0006, 1.97355, 4.8511482
0xEEEE, 19844537, 6350, 0007, 2.36681, 4.8596170
0xEEEE, 19847669, 6351, 0007, 2.36762, 4.8557259
0xEEEE, 19850786, 6352, 0007, 2.55216, 4.8507668
0xEEEE, 19853922, 6353, 0007, 2.55861, 4.8554971
0xEEEE, 19857035, 6354, 0006, 2.54974, 4.8640421
0xEEEE, 19860152, 6355, 0006, 2.36601, 4.8523690
0xEEEE, 19863276, 6356, 0005, 2.36278, 4.8491646
0xEEEE, 19866402, 6357, 0005, 2.36037, 4.8514534
0xEEEE, 19869526, 6358, 0004, 1.97194, 4.8594644
0xEEEE, 19872659, 6359, 0004, 1.96630, 4.8557259
0xEEEE, 19875778, 6360, 0003, 1.57949, 4.8451209
0xEEEE, 19878913, 6361, 0003, 1.57949, 4.8559548
0xEEEE, 19882044, 6362, 0002, 1.22813, 4.8558022
0xEEEE, 19885163, 6363, 0002, 0.78894, 4.8500038
0xEEEE, 19888289, 6364, 0001, 0.78894, 4.8614481
0xEEEE, 19891422, 6365, 0001, 0.79700, 4.8623636
0xEEEE, 19894538, 6366, 0000, 0.42711, 4.8557259
0xEEEE, 19897671, 6367, 0000, 0.33040, 4.8487831
0xEEEE, 19900786, 6368, 0000, 0.01209, 4.8511482
0xEEEE, 19903911, 6369, 0000, 0.01128, 4.8661784
0xEEEE, 19907074, 6370, 0001, 0.01209, 4.8595407
0xEEEE, 19910162, 6371, 0001, 0.39810, 4.8487068
0xEEEE, 19913286, 6372, 0002, 0.39245, 4.8556497
0xEEEE, 19916410, 6373, 0002, 0.39245, 4.8625162
0xEEEE, 19919535, 6374, 0003, 0.78974, 4.8471046
0xEEEE, 19922659, 6375, 0003, 0.78652, 4.8462654
0xEEEE, 19925777, 6376, 0004, 1.18381, 4.8596933
0xEEEE, 19928902, 6377, 0004, 1.18381, 4.8548867
0xEEEE, 19932035, 6378, 0005, 1.54967, 4.8516823
0xEEEE, 19935151, 6379, 0005, 1.57788, 4.8484779
0xEEEE, 19938289, 6380, 0006, 1.97114, 4.8627451
0xEEEE, 19941402, 6381, 0006, 1.97114, 4.8546578
0xEEEE, 19944534, 6382, 0007, 2.36520, 4.8491646
0xEEEE, 19947670, 6383, 0007, 2.36359, 4.8587778
0xEEEE, 19950797, 6384, 0007, 2.55055, 4.8619059
0xEEEE, 19953913, 6385, 0007, 2.54974, 4.8582437
0xEEEE, 19957044, 6386, 0006, 2.54571, 4.8551919
0xEEEE, 19960163, 6387, 0006, 2.54733, 4.8603799
0xEEEE, 19963288, 6388, 0005, 2.36762, 4.8546578
0xEEEE, 19966407, 6389, 0005, 2.38293, 4.8509194
0xEEEE, 19969536, 6390, 0004, 1.97355, 4.8535134
0xEEEE, 19972668, 6391, 0004, 1.95502, 4.8635843
0xEEEE, 19975793, 6392, 0003, 1.57949, 4.8534371
0xEEEE, 19978911, 6393, 0003, 1.23377, 4.8518349
0xEEEE, 19982045, 6394, 0002, 1.18220, 4.8519875
0xEEEE, 19985161, 6395, 0002, 1.18542, 4.8619821
0xEEEE, 19988276, 6396, 0001, 0.78168, 4.8524453
0xEEEE, 19991401, 6397, 0001, 0.73736, 4.8519875
0xEEEE, 19994526, 6398, 0000, 0.39245, 4.8588540
0xEEEE, 19997659, 6399, 0000, 0.39245, 4.8609140
0xEEEE, 20000778, 6400, 0000, 0.01209, 4.8486305
0xEEEE, 20003902, 6401, 0000, 0.01289, 4.8492409
0xEEEE, 20007054, 6402, 0001, 0.01209, 4.8646525
0xEEEE, 20010157, 6403, 0001, 0.01209, 4.8624399
0xEEEE, 20013288, 6404, 0002, 0.39487, 4.8467994
0xEEEE, 20016413, 6405, 0002, 0.39326, 4.8475624
0xEEEE, 20019538, 6406, 0003, 0.79861, 4.8608377
0xEEEE, 20022679, 6407, 0003, 0.78894, 4.8583963
0xEEEE, 20025789, 6408, 0004, 1.18300, 4.8525216
0xEEEE, 20028913, 6409, 0004, 1.58996, 4.8528267
0xEEEE, 20032049, 6410, 0005, 1.57868, 4.8603799
0xEEEE, 20035180, 6411, 0005, 1.57868, 4.8436713
0xEEEE, 20038286, 6412, 0006, 1.97275, 4.8486305
0xEEEE, 20041411, 6413, 0006, 1.97194, 4.8607614
0xEEEE, 20044537, 6414, 0007, 2.36601, 4.8580911
0xEEEE, 20047669, 6415, 0007, 2.35875, 4.8611429
0xEEEE, 20050786, 6416, 0007, 2.55377, 4.8486305
0xEEEE, 20053902, 6417, 0007, 2.55055, 4.8625162
0xEEEE, 20057036, 6418, 0006, 2.58198, 4.8611429
0xEEEE, 20060151, 6419, 0006, 2.56183, 4.8531319
0xEEEE, 20063278, 6420, 0005, 2.36359, 4.8506142
0xEEEE, 20066402, 6421, 0005, 2.36923, 4.8603037
0xEEEE, 20069526, 6422, 0004, 1.97355, 4.8530556
0xEEEE, 20072659, 6423, 0004, 1.97355, 4.8500038
0xEEEE, 20075779, 6424, 0003, 1.58110, 4.8579385
0xEEEE, 20078913, 6425, 0003, 1.19026, 4.8548867
0xEEEE, 20082055, 6426, 0002, 1.18381, 4.8450446
0xEEEE, 20085163, 6427, 0002, 1.18864, 4.8475624
0xEEEE, 20088289, 6428, 0001, 0.78813, 4.8651102
0xEEEE, 20091414, 6429, 0001, 0.78813, 4.8603037
0xEEEE, 20094537, 6430, 0000, 0.39245, 4.8469520
0xEEEE, 20097671, 6431, 0000, 0.39165, 4.8496223
0xEEEE, 20100786, 6432, 0000, 0.01128, 4.8616007
0xEEEE, 20103911, 6433, 0000, 0.01209, 4.8584726
0xEEEE, 20107080, 6434, 0001, 0.01209, 4.8509957
0xEEEE, 20110161, 6435, 0001, 0.01209, 4.8609903
0xEEEE, 20113286, 6436, 0002, 0.39084, 4.8564889
0xEEEE, 20116410, 6437, 0002, 0.36989, 4.8548104
0xEEEE, 20119544, 6438, 0003, 0.78813, 4.8497749
0xEEEE, 20122659, 6439, 0003, 1.18300, 4.8608377
0xEEEE, 20125778, 6440, 0004, 1.18220, 4.8622873
0xEEEE, 20128902, 6441, 0004, 1.19751, 4.8501564
0xEEEE, 20132035, 6442, 0005, 1.57868, 4.8503853
0xEEEE, 20135152, 6443, 0005, 1.58029, 4.8570230
0xEEEE, 20138276, 6444, 0006, 1.97355, 4.8585489
0xEEEE, 20141401, 6445, 0006, 1.97678, 4.8532845
0xEEEE, 20144536, 6446, 0007, 2.36681, 4.8526741
0xEEEE, 20147670, 6447, 0007, 2.55136, 4.8593118
0xEEEE, 20150788, 6448, 0007, 2.54974, 4.8526741
0xEEEE, 20153913, 6449, 0007, 2.54894, 4.8516060
0xEEEE, 20157046, 6450, 0006, 2.55136, 4.8592355
0xEEEE, 20160163, 6451, 0006, 2.58440, 4.8545052
0xEEEE, 20163288, 6452, 0005, 2.36117, 4.8552682
0xEEEE, 20166431, 6453, 0005, 2.36601, 4.8472572
0xEEEE, 20169536, 6454, 0004, 1.97919, 4.8593118
0xEEEE, 20172668, 6455, 0004, 1.57707, 4.8581674
0xEEEE, 20175787, 6456, 0003, 1.56418, 4.8525978
0xEEEE, 20178912, 6457, 0003, 1.57788, 4.8458076
0xEEEE, 20182045, 6458, 0002, 1.18784, 4.8569467
0xEEEE, 20185161, 6459, 0002, 1.14593, 4.8571756
0xEEEE, 20188278, 6460, 0001, 0.78813, 4.8501564
0xEEEE, 20191402, 6461, 0001, 0.78894, 4.8544289
0xEEEE, 20194527, 6462, 0000, 0.39407, 4.8600748
0xEEEE, 20197659, 6463, 0000, 0.01209, 4.8465705
0xEEEE, 20200777, 6464, 0000, 0.01209, 4.8530556
0xEEEE, 20203911, 6465, 0000, 0.01209, 4.8628214
0xEEEE, 20207054, 6466, 0001, 0.01209, 4.8635843
0xEEEE, 20210159, 6467, 0001, 0.01209, 4.8512245
0xEEEE, 20213288, 6468, 0002, 0.43355, 4.8456550
0xEEEE, 20216413, 6469, 0002, 0.39245, 4.8580911
0xEEEE, 20219538, 6470, 0003, 0.78813, 4.8577859
0xEEEE, 20222670, 6471, 0003, 1.18381, 4.8488594
0xEEEE, 20225789, 6472, 0004, 1.17817, 4.8599985
0xEEEE, 20228913, 6473, 0004, 1.18300, 4.8545815
0xEEEE, 20232048, 6474, 0005, 1.57788, 4.8573281
0xEEEE, 20235161, 6475, 0005, 1.59802, 4.8445869
0xEEEE, 20238286, 6476, 0006, 1.97275, 4.8638132
0xEEEE, 20241411, 6477, 0006, 1.98403, 4.8582437
0xEEEE, 20244537, 6478, 0007, 2.36440, 4.8498512
0xEEEE, 20247669, 6479, 0007, 2.36681, 4.8449683
0xEEEE, 20250797, 6480, 0007, 2.53282, 4.8583963
0xEEEE, 20253902, 6481, 0007, 2.55216, 4.8704509
0xEEEE, 20257036, 6482, 0006, 2.55136, 4.8531319
0xEEEE, 20260151, 6483, 0006, 2.55055, 4.8535134
0xEEEE, 20263276, 6484, 0005, 2.36601, 4.8614481
0xEEEE, 20266401, 6485, 0005, 1.97033, 4.8546578
0xEEEE, 20269526, 6486, 0004, 1.99128, 4.8472572
0xEEEE, 20272659, 6487, 0004, 1.96952, 4.8575570
0xEEEE, 20275779, 6488, 0003, 1.57949, 4.8649577
0xEEEE, 20278914, 6489, 0003, 1.57868, 4.8436713
0xEEEE, 20282044, 6490, 0002, 1.17656, 4.8403143
0xEEEE, 20285163, 6491, 0002, 1.18381, 4.8596933
0xEEEE, 20288295, 6492, 0001, 0.78813, 4.8611429
0xEEEE, 20291414, 6493, 0001, 0.39487, 4.8590066
0xEEEE, 20294538, 6494, 0000, 0.38601, 4.8572519
0xEEEE, 20297671, 6495, 0000, 0.41341, 4.8548867
0xEEEE, 20300786, 6496, 0000, 0.01128, 4.8566415
0xEEEE, 20303912, 6497, 0000, 0.01209, 4.8525978
0xEEEE, 20307063, 6498, 0001, 0.01289, 4.8545815
0xEEEE, 20310161, 6499, 0001, 0.01289, 4.8619821
0xEEEE, 20313287, 6500, 0002, 0.39245, 4.8476387
0xEEEE, 20316410, 6501, 0002, 0.78813, 4.8406958
0xEEEE, 20319526, 6502, 0003, 0.78652, 4.8585489
0xEEEE, 20322659, 6503, 0003, 0.78410, 4.8591592
0xEEEE, 20325777, 6504, 0004, 1.16447, 4.8594644
0xEEEE, 20328902, 6505, 0004, 1.18381, 4.8465705
0xEEEE, 20332035, 6506, 0005, 1.56498, 4.8590066
0xEEEE, 20335162, 6507, 0005, 1.57868, 4.8538186
0xEEEE, 20338276, 6508, 0006, 1.97436, 4.8507668
0xEEEE, 20341402, 6509, 0006, 2.36681, 4.8573281
0xEEEE, 20344538, 6510, 0007, 2.36520, 4.8628214
0xEEEE, 20347680, 6511, 0007, 2.36762, 4.8543526
0xEEEE, 20350788, 6512, 0007, 2.54974, 4.8471809
0xEEEE, 20353914, 6513, 0007, 2.53201, 4.8620584
0xEEEE, 20357047, 6514, 0006, 2.54813, 4.8624399
0xEEEE, 20360163, 6515, 0006, 2.54974, 4.8506905
0xEEEE, 20363288, 6516, 0005, 2.39824, 4.8531319
0xEEEE, 20366411, 6517, 0005, 1.97919, 4.8599222
0xEEEE, 20369536, 6518, 0004, 1.97355, 4.8584726
0xEEEE, 20372670, 6519, 0004, 1.97919, 4.8504616
0xEEEE, 20375787, 6520, 0003, 1.57868, 4.8574044
0xEEEE, 20378912, 6521, 0003, 1.58271, 4.8583963
0xEEEE, 20382045, 6522, 0002, 1.18220, 4.8507668
0xEEEE, 20385161, 6523, 0002, 1.18300, 4.8565652
0xEEEE, 20388277, 6524, 0001, 0.78974, 4.8590066
0xEEEE, 20391402, 6525, 0001, 0.39971, 4.8616770
0xEEEE, 20394527, 6526, 0000, 0.40938, 4.8567941
0xEEEE, 20397659, 6527, 0000, 0.43275, 4.8524453
0xEEEE, 20400777, 6528, 0000, 0.01209, 4.8599985
0xEEEE, 20403902, 6529, 0000, 0.01209, 4.8535134
0xEEEE, 20407054, 6530, 0001, 0.01128, 4.8516060
0xEEEE, 20410160, 6531, 0001, 0.01209, 4.8561074
0xEEEE, 20413288, 6532, 0002, 0.39245, 4.8592355
0xEEEE, 20416413, 6533, 0002, 0.39326, 4.8555734
0xEEEE, 20419547, 6534, 0003, 0.78813, 4.8493935
0xEEEE, 20422671, 6535, 0003, 0.77040, 4.8613718
0xEEEE, 20425789, 6536, 0004, 1.18139, 4.8610666
0xEEEE, 20428913, 6537, 0004, 1.18300, 4.8485542
0xEEEE, 20432057, 6538, 0005, 1.58029, 4.8475624
0xEEEE, 20435161, 6539, 0005, 1.97355, 4.8600748
0xEEEE, 20438287, 6540, 0006, 1.96791, 4.8628977
0xEEEE, 20441411, 6541, 0006, 1.97275, 4.8610666
0xEEEE, 20444536, 6542, 0007, 2.34908, 4.8516823
0xEEEE, 20447669, 6543, 0007, 2.36762, 4.8595407
0xEEEE, 20450786, 6544, 0007, 2.54974, 4.8530556
0xEEEE, 20453902, 6545, 0007, 2.56425, 4.8498512
0xEEEE, 20457035, 6546, 0006, 2.55941, 4.8542763
0xEEEE, 20460151, 6547, 0006, 2.36923, 4.8648051
0xEEEE, 20463276, 6548, 0005, 2.36681, 4.8513771
0xEEEE, 20466402, 6549, 0005, 2.34586, 4.8470283
0xEEEE, 20469527, 6550, 0004, 1.97355, 4.8579385
0xEEEE, 20472659, 6551, 0004, 1.99531, 4.8574807
0xEEEE, 20475782, 6552, 0003, 1.57707, 4.8493935
0xEEEE, 20478924, 6553, 0003, 1.58593, 4.8492409
0xEEEE, 20482044, 6554, 0002, 1.18300, 4.8564126
0xEEEE, 20485163, 6555, 0002, 0.78894, 4.8593881
0xEEEE, 20488289, 6556, 0001, 0.78491, 4.8523690
0xEEEE, 20491414, 6557, 0001, 0.81231, 4.8579385
0xEEEE, 20494538, 6558, 0000, 0.42308, 4.8613718
0xEEEE, 20497672, 6559, 0000, 0.39407, 4.8493172
0xEEEE, 20500788, 6560, 0000, 0.01209, 4.8442817
0xEEEE, 20503911, 6561, 0000, 0.01209, 4.8589303
0xEEEE, 20507063, 6562, 0001, 0.01128, 4.8605325
0xEEEE, 20510162, 6563, 0001, 0.39245, 4.8564889
0xEEEE, 20513287, 6564, 0002, 0.39245, 4.8496223
0xEEEE, 20516420, 6565, 0002, 0.39004, 4.8594644
0xEEEE, 20519527, 6566, 0003, 0.78088, 4.8636606
0xEEEE, 20522659, 6567, 0003, 0.78249, 4.8522164
0xEEEE, 20525778, 6568, 0004, 1.18381, 4.8587015
0xEEEE, 20528902, 6569, 0004, 1.18220, 4.8566415
0xEEEE, 20532036, 6570, 0005, 1.62542, 4.8531319
0xEEEE, 20535151, 6571, 0005, 1.97355, 4.8523690
0xEEEE, 20538276, 6572, 0006, 1.97033, 4.8566415
0xEEEE, 20541402, 6573, 0006, 1.97436, 4.8627451
0xEEEE, 20544538, 6574, 0007, 2.36762, 4.8554208
0xEEEE, 20547670, 6575, 0007, 2.37165, 4.8458839
0xEEEE, 20550788, 6576, 0007, 2.55297, 4.8582437
0xEEEE, 20553914, 6577, 0007, 2.57795, 4.8566415
0xEEEE, 20557047, 6578, 0006, 2.52637, 4.8570993
0xEEEE, 20560163, 6579, 0006, 2.54168, 4.8543526
0xEEEE, 20563299, 6580, 0005, 2.36681, 4.8593118
0xEEEE, 20566411, 6581, 0005, 2.41033, 4.8508431
0xEEEE, 20569536, 6582, 0004, 1.97194, 4.8428321
0xEEEE, 20572668, 6583, 0004, 2.00740, 4.8639658
0xEEEE, 20575787, 6584, 0003, 1.57788, 4.8635843
0xEEEE, 20578912, 6585, 0003, 1.18381, 4.8480201
0xEEEE, 20582045, 6586, 0002, 1.18220, 4.8473335
0xEEEE, 20585160, 6587, 0002, 1.18220, 4.8564126
0xEEEE, 20588276, 6588, 0001, 0.78491, 4.8636606
0xEEEE, 20591402, 6589, 0001, 0.81795, 4.8535134
0xEEEE, 20594526, 6590, 0000, 0.39326, 4.8514534
0xEEEE, 20597659, 6591, 0000, 0.39326, 4.8558785
0xEEEE, 20600786, 6592, 0000, 0.01209, 4.8570230
0xEEEE, 20603902, 6593, 0000, 0.01209, 4.8517586
0xEEEE, 20607054, 6594, 0001, 0.01128, 4.8554208
0xEEEE, 20610162, 6595, 0001, 0.01209, 4.8606088
0xEEEE, 20613288, 6596, 0002, 0.39084, 4.8517586
0xEEEE, 20616413, 6597, 0002, 0.38762, 4.8476387
0xEEEE, 20619538, 6598, 0003, 0.79297, 4.8559548
0xEEEE, 20622672, 6599, 0003, 0.79055, 4.8648814
0xEEEE, 20625790, 6600, 0004, 1.18381, 4.8555734
0xEEEE, 20628913, 6601, 0004, 1.56901, 4.8431373
0xEEEE, 20632051, 6602, 0005, 1.57707, 4.8587778
0xEEEE, 20635161, 6603, 0005, 1.57626, 4.8540475
0xEEEE, 20638286, 6604, 0006, 1.96952, 4.8512245
0xEEEE, 20641411, 6605, 0006, 1.97516, 4.8584726
0xEEEE, 20644536, 6606, 0007, 2.36681, 4.8621347
0xEEEE, 20647679, 6607, 0007, 2.35634, 4.8484016
0xEEEE, 20650786, 6608, 0007, 2.55055, 4.8448157
0xEEEE, 20653902, 6609, 0007, 2.55216, 4.8570993
0xEEEE, 20657036, 6610, 0006, 2.50462, 4.8599222
0xEEEE, 20660151, 6611, 0006, 2.56747, 4.8580911
0xEEEE, 20663276, 6612, 0005, 2.37004, 4.8485542
0xEEEE, 20666401, 6613, 0005, 2.36601, 4.8546578
0xEEEE, 20669527, 6614, 0004, 1.98161, 4.8603799
0xEEEE, 20672659, 6615, 0004, 1.97275, 4.8534371
0xEEEE, 20675783, 6616, 0003, 1.58110, 4.8492409
0xEEEE, 20678913, 6617, 0003, 1.18220, 4.8605325
0xEEEE, 20682044, 6618, 0002, 1.18300, 4.8481727
0xEEEE, 20685170, 6619, 0002, 1.18542, 4.8491646
0xEEEE, 20688289, 6620, 0001, 0.78813, 4.8605325
0xEEEE, 20691413, 6621, 0001, 0.78894, 4.8649577
0xEEEE, 20694538, 6622, 0000, 0.39326, 4.8560311
0xEEEE, 20697673, 6623, 0000, 0.39245, 4.8470283
0xEEEE, 20700787, 6624, 0000, 0.01128, 4.8566415
0xEEEE, 20703911, 6625, 0000, 0.01209, 4.8609140
0xEEEE, 20707084, 6626, 0001, 0.01048, 4.8540475
0xEEEE, 20710161, 6627, 0001, 0.01128, 4.8508431
0xEEEE, 20713286, 6628, 0002, 0.39326, 4.8587015
0xEEEE, 20716411, 6629, 0002, 0.40857, 4.8546578
0xEEEE, 20719526, 6630, 0003, 0.78813, 4.8529030
0xEEEE, 20722659, 6631, 0003, 0.78894, 4.8546578
0xEEEE, 20725777, 6632, 0004, 1.18542, 4.8641947
0xEEEE, 20728902, 6633, 0004, 1.19590, 4.8490120
0xEEEE, 20732044, 6634, 0005, 1.57788, 4.8510719
0xEEEE, 20735152, 6635, 0005, 1.58352, 4.8569467
0xEEEE, 20738276, 6636, 0006, 1.97355, 4.8606851
0xEEEE, 20741404, 6637, 0006, 1.96711, 4.8614481
0xEEEE, 20744546, 6638, 0007, 2.36762, 4.8494697
0xEEEE, 20747670, 6639, 0007, 2.55136, 4.8574044
0xEEEE, 20750789, 6640, 0007, 2.55458, 4.8550393
0xEEEE, 20753914, 6641, 0007, 2.55377, 4.8571756
0xEEEE, 20757047, 6642, 0006, 2.55055, 4.8655680
0xEEEE, 20760163, 6643, 0006, 2.52476, 4.8615244
0xEEEE, 20763276, 6644, 0005, 2.36440, 4.8524453
0xEEEE, 20766411, 6645, 0005, 2.36762, 4.8442054
0xEEEE, 20769536, 6646, 0004, 1.96630, 4.8535897
0xEEEE, 20772668, 6647, 0004, 1.57868, 4.8617533
0xEEEE, 20775787, 6648, 0003, 1.58755, 4.8620584
0xEEEE, 20778912, 6649, 0003, 1.57868, 4.8507668
0xEEEE, 20782045, 6650, 0002, 1.18381, 4.8567178
0xEEEE, 20785152, 6651, 0002, 1.17495, 4.8575570
0xEEEE, 20788276, 6652, 0001, 0.78813, 4.8492409
0xEEEE, 20791412, 6653, 0001, 0.78894, 4.8542763
0xEEEE, 20794526, 6654, 0000, 0.39165, 4.8597696
0xEEEE, 20797659, 6655, 0000, 0.01209, 4.8511482
0xEEEE, 20800777, 6656, 0000, 0.01128, 4.8498512
0xEEEE, 20803902, 6657, 0000, 0.01209, 4.8496986
0xEEEE, 20807054, 6658, 0001, 0.01209, 4.8643473
0xEEEE, 20810164, 6659, 0001, 0.01209, 4.8583963
0xEEEE, 20813289, 6660, 0002, 0.41502, 4.8517586
0xEEEE, 20816417, 6661, 0002, 0.32396, 4.8499275
0xEEEE, 20819539, 6662, 0003, 0.78813, 4.8624399
0xEEEE, 20822671, 6663, 0003, 1.18139, 4.8507668
0xEEEE, 20825788, 6664, 0004, 1.18059, 4.8442817
0xEEEE, 20828922, 6665, 0004, 1.18300, 4.8573281
0xEEEE, 20832052, 6666, 0005, 1.57626, 4.8520638
0xEEEE, 20835161, 6667, 0005, 1.56821, 4.8481727
0xEEEE, 20838286, 6668, 0006, 1.97355, 4.8527504
0xEEEE, 20841411, 6669, 0006, 1.95905, 4.8652628
0xEEEE, 20844536, 6670, 0007, 2.36440, 4.8569467
0xEEEE, 20847669, 6671, 0007, 2.55136, 4.8500038
0xEEEE, 20850786, 6672, 0007, 2.54652, 4.8607614
0xEEEE, 20853901, 6673, 0007, 2.54894, 4.8608377
0xEEEE, 20857036, 6674, 0006, 2.55055, 4.8566415
0xEEEE, 20860151, 6675, 0006, 2.51590, 4.8492409
0xEEEE, 20863276, 6676, 0005, 2.36440, 4.8606088
0xEEEE, 20866402, 6677, 0005, 2.36762, 4.8509957
0xEEEE, 20869527, 6678, 0004, 1.97839, 4.8516060
0xEEEE, 20872659, 6679, 0004, 1.73260, 4.8515297
0xEEEE, 20875796, 6680, 0003, 1.58916, 4.8616770
0xEEEE, 20878914, 6681, 0003, 1.57868, 4.8555734
0xEEEE, 20882044, 6682, 0002, 1.18864, 4.8561074
0xEEEE, 20885163, 6683, 0002, 1.20879, 4.8587015
0xEEEE, 20888289, 6684, 0001, 0.78813, 4.8678569
0xEEEE, 20891413, 6685, 0001, 0.39245, 4.8545815
0xEEEE, 20894538, 6686, 0000, 0.39165, 4.8503853
0xEEEE, 20897675, 6687, 0000, 0.38762, 4.8565652
0xEEEE, 20900786, 6688, 0000, 0.01209, 4.8568704
0xEEEE, 20903911, 6689, 0000, 0.01209, 4.8501564
0xEEEE, 20907063, 6690, 0001, 0.01209, 4.8551919
0xEEEE, 20910162, 6691, 0001, 0.01209, 4.8630503
0xEEEE, 20913294, 6692, 0002, 0.35941, 4.8529030
0xEEEE, 20916411, 6693, 0002, 0.78733, 4.8514534
0xEEEE, 20919527, 6694, 0003, 0.78813, 4.8527504
0xEEEE, 20922659, 6695, 0003, 0.78813, 4.8645762
0xEEEE, 20925777, 6696, 0004, 1.18703, 4.8567178
0xEEEE, 20928901, 6697, 0004, 1.18381, 4.8508431
0xEEEE, 20932036, 6698, 0005, 1.57868, 4.8586252
0xEEEE, 20935151, 6699, 0005, 1.58674, 4.8619059
0xEEEE, 20938278, 6700, 0006, 1.97355, 4.8498512
0xEEEE, 20941405, 6701, 0006, 2.36520, 4.8545052
0xEEEE, 20944538, 6702, 0007, 2.36762, 4.8619059
0xEEEE, 20947670, 6703, 0007, 2.36520, 4.8575570
0xEEEE, 20950789, 6704, 0007, 2.54491, 4.8501564
0xEEEE, 20953914, 6705, 0007, 2.55216, 4.8557259
0xEEEE, 20957046, 6706, 0006, 2.55055, 4.8633555
0xEEEE, 20960173, 6707, 0006, 2.57473, 4.8570993
0xEEEE, 20963277, 6708, 0005, 2.37165, 4.8466468
0xEEEE, 20966411, 6709, 0005, 1.97355, 4.8558785
0xEEEE, 20969536, 6710, 0004, 1.96630, 4.8570993
0xEEEE, 20972676, 6711, 0004, 1.97355, 4.8552682
0xEEEE, 20975787, 6712, 0003, 1.57868, 4.8474861
0xEEEE, 20978912, 6713, 0003, 1.57868, 4.8595407
0xEEEE, 20982045, 6714, 0002, 1.18864, 4.8560311
0xEEEE, 20985152, 6715, 0002, 1.15480, 4.8466468
0xEEEE, 20988276, 6716, 0001, 0.78894, 4.8517586
0xEEEE, 20991401, 6717, 0001, 0.39326, 4.8618296
0xEEEE, 20994526, 6718, 0000, 0.39245, 4.8534371
0xEEEE, 20997668, 6719, 0000, 0.39487, 4.8516823
0xEEEE, 21000778, 6720, 0000, 0.01209, 4.8603799
0xEEEE, 21003902, 6721, 0000, 0.01289, 4.8622873
0xEEEE, 21007054, 6722, 0001, 0.01209, 4.8583200
0xEEEE, 21010164, 6723, 0001, 0.01209, 4.8522164
0xEEEE, 21013288, 6724, 0002, 0.33121, 4.8546578
0xEEEE, 21016413, 6725, 0002, 0.78733, 4.8585489
0xEEEE, 21019539, 6726, 0003, 0.78733, 4.8494697
0xEEEE, 21022671, 6727, 0003, 0.78813, 4.8547341
0xEEEE, 21025788, 6728, 0004, 1.15480, 4.8628214
0xEEEE, 21028913, 6729, 0004, 1.18220, 4.8502327
0xEEEE, 21032054, 6730, 0005, 1.58029, 4.8429847
0xEEEE, 21035161, 6731, 0005, 1.55853, 4.8545815
0xEEEE, 21038286, 6732, 0006, 1.97275, 4.8626688
0xEEEE, 21041412, 6733, 0006, 1.97355, 4.8502327
0xEEEE, 21044547, 6734, 0007, 2.36601, 4.8461128
0xEEEE, 21047668, 6735, 0007, 2.36681, 4.8521401
0xEEEE, 21050786, 6736, 0007, 2.55055, 4.8632029
0xEEEE, 21053902, 6737, 0007, 2.55297, 4.8556497
0xEEEE, 21057044, 6738, 0006, 2.55136, 4.8591592
0xEEEE, 21060151, 6739, 0006, 2.36601, 4.8641184
0xEEEE, 21063278, 6740, 0005, 2.37407, 4.8535897
0xEEEE, 21066402, 6741, 0005, 2.36842, 4.8592355
0xEEEE, 21069526, 6742, 0004, 1.99048, 4.8535897
0xEEEE, 21072659, 6743, 0004, 1.97436, 4.8626688
0xEEEE, 21075787, 6744, 0003, 1.57788, 4.8514534
0xEEEE, 21078913, 6745, 0003, 1.57788, 4.8490120
0xEEEE, 21082045, 6746, 0002, 1.19267, 4.8535134
0xEEEE, 21085163, 6747, 0002, 0.78894, 4.8622110
0xEEEE, 21088288, 6748, 0001, 0.78894, 4.8503853
0xEEEE, 21091413, 6749, 0001, 0.78733, 4.8525216
0xEEEE, 21094538, 6750, 0000, 0.39004, 4.8597696
0xEEEE, 21097676, 6751, 0000, 0.40293, 4.8483253
0xEEEE, 21100786, 6752, 0000, 0.01209, 4.8463416
0xEEEE, 21103922, 6753, 0000, 0.01209, 4.8508431
0xEEEE, 21107062, 6754, 0001, 0.01209, 4.8609140
0xEEEE, 21110161, 6755, 0001, 0.39326, 4.8496223
0xEEEE, 21113286, 6756, 0002, 0.39326, 4.8477913
0xEEEE, 21116410, 6757, 0002, 0.39326, 4.8519112
0xEEEE, 21119527, 6758, 0003, 0.78733, 4.8593881
0xEEEE, 21122659, 6759, 0003, 0.78813, 4.8509957
0xEEEE, 21125778, 6760, 0004, 1.11370, 4.8506142
0xEEEE, 21128912, 6761, 0004, 1.18220, 4.8550393
0xEEEE, 21132035, 6762, 0005, 1.58110, 4.8536660
0xEEEE, 21135151, 6763, 0005, 1.97114, 4.8433661
0xEEEE, 21138277, 6764, 0006, 1.97436, 4.8523690
0xEEEE, 21141416, 6765, 0006, 1.97194, 4.8644236
0xEEEE, 21144538, 6766, 0007, 2.32410, 4.8590829
0xEEEE, 21147670, 6767, 0007, 2.36681, 4.8506142
0xEEEE, 21150789, 6768, 0007, 2.55136, 4.8542763
0xEEEE, 21153914, 6769, 0007, 2.54733, 4.8611429
0xEEEE, 21157047, 6770, 0006, 2.54974, 4.8522164
0xEEEE, 21160163, 6771, 0006, 2.36762, 4.8475624
0xEEEE, 21163279, 6772, 0005, 2.35231, 4.8538186
0xEEEE, 21166411, 6773, 0005, 2.37004, 4.8562600
0xEEEE, 21169536, 6774, 0004, 1.97275, 4.8504616
0xEEEE, 21172668, 6775, 0004, 1.97114, 4.8587778
0xEEEE, 21175788, 6776, 0003, 1.57868, 4.8605325
0xEEEE, 21178912, 6777, 0003, 1.57868, 4.8593118
0xEEEE, 21182045, 6778, 0002, 1.16608, 4.8454261
0xEEEE, 21185151, 6779, 0002, 0.80828, 4.8516823
0xEEEE, 21188288, 6780, 0001, 0.78813, 4.8647288
0xEEEE, 21191401, 6781, 0001, 0.78410, 4.8567178
0xEEEE, 21194526, 6782, 0000, 0.37473, 4.8481727
0xEEEE, 21197659, 6783, 0000, 0.38359, 4.8561074
0xEEEE, 21200777, 6784, 0000, 0.01209, 4.8550393
0xEEEE, 21203902, 6785, 0000, 0.01289, 4.8601511
0xEEEE, 21207055, 6786, 0001, 0.01209, 4.8563363
0xEEEE, 21210164, 6787, 0001, 0.01209, 4.8600748
0xEEEE, 21213287, 6788, 0002, 0.39245, 4.8554971
0xEEEE, 21216413, 6789, 0002, 0.39326, 4.8432898
0xEEEE, 21219539, 6790, 0003, 0.78571, 4.8523690
0xEEEE, 21222671, 6791, 0003, 0.78571, 4.8636606
0xEEEE, 21225798, 6792, 0004, 1.18300, 4.8526741
0xEEEE, 21228902, 6793, 0004, 1.57788, 4.8429084
0xEEEE, 21232055, 6794, 0005, 1.58593, 4.8525978
0xEEEE, 21235161, 6795, 0005, 1.57788, 4.8611429
0xEEEE, 21238286, 6796, 0006, 1.97033, 4.8590066
0xEEEE, 21241411, 6797, 0006, 1.97275, 4.8544289
0xEEEE, 21244537, 6798, 0007, 2.36762, 4.8585489
0xEEEE, 21247669, 6799, 0007, 2.36762, 4.8547341
0xEEEE, 21250786, 6800, 0007, 2.55055, 4.8501564
0xEEEE, 21253902, 6801, 0007, 2.55216, 4.8529030
0xEEEE, 21257035, 6802, 0006, 2.55377, 4.8621347
0xEEEE, 21260152, 6803, 0006, 2.55055, 4.8499275
0xEEEE, 21263277, 6804, 0005, 2.37084, 4.8434424
0xEEEE, 21266401, 6805, 0005, 2.36440, 4.8483253
0xEEEE, 21269526, 6806, 0004, 1.97355, 4.8628977
0xEEEE, 21272671, 6807, 0004, 1.97436, 4.8647288
0xEEEE, 21275788, 6808, 0003, 1.57868, 4.8535897
0xEEEE, 21278913, 6809, 0003, 1.19187, 4.8586252
0xEEEE, 21282044, 6810, 0002, 1.23377, 4.8567941
0xEEEE, 21285163, 6811, 0002, 1.18300, 4.8561837
0xEEEE, 21288289, 6812, 0001, 0.79297, 4.8483253
0xEEEE, 21291413, 6813, 0001, 0.79941, 4.8641184
0xEEEE, 21294538, 6814, 0000, 0.43839, 4.8590066
0xEEEE, 21297679, 6815, 0000, 0.39165, 4.8457313
0xEEEE, 21300786, 6816, 0000, 0.01209, 4.8548867
0xEEEE, 21303911, 6817, 0000, 0.01209, 4.8654917
0xEEEE, 21307063, 6818, 0001, 0.01209, 4.8625925
0xEEEE, 21310170, 6819, 0001, 0.01209, 4.8479438
0xEEEE, 21313287, 6820, 0002, 0.39326, 4.8537423
0xEEEE, 21316411, 6821, 0002, 0.39165, 4.8477913
0xEEEE, 21319526, 6822, 0003, 0.79216, 4.8492409
0xEEEE, 21322659, 6823, 0003, 0.78088, 4.8503090
0xEEEE, 21325777, 6824, 0004, 1.18300, 4.8629740
0xEEEE, 21328902, 6825, 0004, 1.57788, 4.8584726
0xEEEE, 21332036, 6826, 0005, 1.58352, 4.8495460
0xEEEE, 21335152, 6827, 0005, 1.57868, 4.8506905
0xEEEE, 21338277, 6828, 0006, 1.97355, 4.8593881
0xEEEE, 21341408, 6829, 0006, 1.97194, 4.8587778
0xEEEE, 21344538, 6830, 0007, 2.36520, 4.8477150
0xEEEE, 21347670, 6831, 0007, 2.36762, 4.8541238
0xEEEE, 21350789, 6832, 0007, 2.54974, 4.8573281
0xEEEE, 21353914, 6833, 0007, 2.55216, 4.8554208
0xEEEE, 21357055, 6834, 0006, 2.54813, 4.8583200
0xEEEE, 21360163, 6835, 0006, 2.55297, 4.8622873
0xEEEE, 21363280, 6836, 0005, 2.36601, 4.8508431
0xEEEE, 21366411, 6837, 0005, 2.36762, 4.8485542
0xEEEE, 21369544, 6838, 0004, 1.97355, 4.8506905
0xEEEE, 21372668, 6839, 0004, 1.57868, 4.8590829
0xEEEE, 21375787, 6840, 0003, 1.57788, 4.8498512
0xEEEE, 21378911, 6841, 0003, 1.55612, 4.8496223
0xEEEE, 21382044, 6842, 0002, 1.18300, 4.8525978
0xEEEE, 21385151, 6843, 0002, 1.18300, 4.8565652
0xEEEE, 21388276, 6844, 0001, 0.78652, 4.8542000
0xEEEE, 21391401, 6845, 0001, 0.76396, 4.8522927
0xEEEE, 21394535, 6846, 0000, 0.39245, 4.8611429
0xEEEE, 21397659, 6847, 0000, 0.01209, 4.8582437
0xEEEE, 21400777, 6848, 0000, 0.01209, 4.8509957
0xEEEE, 21403902, 6849, 0000, 0.01209, 4.8554208
0xEEEE, 21407057, 6850, 0001, 0.01128, 4.8664073
0xEEEE, 21410164, 6851, 0001, 0.01209, 4.8561074
0xEEEE, 21413288, 6852, 0002, 0.39165, 4.8480964
0xEEEE, 21416413, 6853, 0002, 0.39084, 4.8584726
0xEEEE, 21419539, 6854, 0003, 0.79619, 4.8574044
0xEEEE, 21422671, 6855, 0003, 1.18381, 4.8517586
0xEEEE, 21425789, 6856, 0004, 1.18381, 4.8528267
0xEEEE, 21428902, 6857, 0004, 1.17897, 4.8590829
0xEEEE, 21432054, 6858, 0005, 1.59319, 4.8506905
0xEEEE, 21435161, 6859, 0005, 1.57868, 4.8558022
0xEEEE, 21438287, 6860, 0006, 1.97275, 4.8531319
0xEEEE, 21441421, 6861, 0006, 1.97436, 4.8644999
0xEEEE, 21444537, 6862, 0007, 2.36601, 4.8450446
0xEEEE, 21447668, 6863, 0007, 2.55861, 4.8500038
0xEEEE, 21450777, 6864, 0007, 2.55055, 4.8548104
0xEEEE, 21453911, 6865, 0007, 2.55136, 4.8561837
0xEEEE, 21457035, 6866, 0006, 2.55136, 4.8526741
0xEEEE, 21460151, 6867, 0006, 2.55297, 4.8511482
0xEEEE, 21463276, 6868, 0005, 2.36762, 4.8589303
0xEEEE, 21466401, 6869, 0005, 2.35714, 4.8548867
0xEEEE, 21469526, 6870, 0004, 1.97275, 4.8503853
0xEEEE, 21472659, 6871, 0004, 1.57707, 4.8561837
0xEEEE, 21475788, 6872, 0003, 1.57949, 4.8616007
0xEEEE, 21478914, 6873, 0003, 1.62784, 4.8553445
0xEEEE, 21482044, 6874, 0002, 1.18381, 4.8453498
0xEEEE, 21485164, 6875, 0002, 1.18542, 4.8593881
0xEEEE, 21488288, 6876, 0001, 0.77846, 4.8611429
0xEEEE, 21491412, 6877, 0001, 0.77121, 4.8497749
0xEEEE, 21494537, 6878, 0000, 0.39245, 4.8507668
0xEEEE, 21497679, 6879, 0000, 0.01209, 4.8624399
0xEEEE, 21500798, 6880, 0000, 0.01209, 4.8588540
0xEEEE, 21503911, 6881, 0000, 0.01209, 4.8445106
0xEEEE, 21507063, 6882, 0001, 0.01209, 4.8535897
0xEEEE, 21510161, 6883, 0001, 0.01209, 4.8668650
0xEEEE, 21513285, 6884, 0002, 0.39245, 4.8572519
0xEEEE, 21516410, 6885, 0002, 0.39004, 4.8358129
0xEEEE, 21519526, 6886, 0003, 0.77201, 4.8545815
0xEEEE, 21522659, 6887, 0003, 0.78733, 4.8625925
0xEEEE, 21525781, 6888, 0004, 1.18220, 4.8479438
0xEEEE, 21528902, 6889, 0004, 1.18542, 4.8479438
0xEEEE, 21532036, 6890, 0005, 1.57788, 4.8557259
0xEEEE, 21535151, 6891, 0005, 1.57868, 4.8564126
0xEEEE, 21538286, 6892, 0006, 1.97355, 4.8493935
0xEEEE, 21541410, 6893, 0006, 2.37165, 4.8525216
0xEEEE, 21544538, 6894, 0007, 2.36681, 4.8607614
0xEEEE, 21547670, 6895, 0007, 2.33619, 4.8522164
0xEEEE, 21550788, 6896, 0007, 2.55136, 4.8442817
0xEEEE, 21553914, 6897, 0007, 2.55216, 4.8553445
0xEEEE, 21557046, 6898, 0006, 2.55055, 4.8600748
0xEEEE, 21560163, 6899, 0006, 2.55297, 4.8560311
0xEEEE, 21563283, 6900, 0005, 2.36601, 4.8452735
0xEEEE, 21566411, 6901, 0005, 1.97033, 4.8578622
0xEEEE, 21569536, 6902, 0004, 1.97355, 4.8630503
0xEEEE, 21572668, 6903, 0004, 1.97275, 4.8565652
0xEEEE, 21575787, 6904, 0003, 1.57868, 4.8516060
0xEEEE, 21578911, 6905, 0003, 1.52711, 4.8624399
0xEEEE, 21582045, 6906, 0002, 1.18300, 4.8564889
0xEEEE, 21585172, 6907, 0002, 1.18139, 4.8542763
0xEEEE, 21588276, 6908, 0001, 0.81150, 4.8521401
0xEEEE, 21591402, 6909, 0001, 0.39245, 4.8644236
0xEEEE, 21594526, 6910, 0000, 0.39326, 4.8497749
0xEEEE, 21597660, 6911, 0000, 0.39245, 4.8477913
0xEEEE, 21600777, 6912, 0000, 0.01209, 4.8594644
0xEEEE, 21603902, 6913, 0000, 0.01209, 4.8589303
0xEEEE, 21607058, 6914, 0001, 0.01209, 4.8547341
0xEEEE, 21610164, 6915, 0001, 0.01370, 4.8532082
0xEEEE, 21613287, 6916, 0002, 0.39165, 4.8561837
0xEEEE, 21616413, 6917, 0002, 0.79055, 4.8570993
0xEEEE, 21619539, 6918, 0003, 0.78813, 4.8495460
0xEEEE, 21622680, 6919, 0003, 0.78894, 4.8512245
0xEEEE, 21625790, 6920, 0004, 1.18300, 4.8641184
0xEEEE, 21628904, 6921, 0004, 1.18864, 4.8522927
0xEEEE, 21632043, 6922, 0005, 1.57788, 4.8524453
0xEEEE, 21635161, 6923, 0005, 1.57788, 4.8550393
0xEEEE, 21638286, 6924, 0006, 1.97355, 4.8574044
0xEEEE, 21641412, 6925, 0006, 2.37084, 4.8548104
0xEEEE, 21644536, 6926, 0007, 2.36601, 4.8524453
0xEEEE, 21647669, 6927, 0007, 2.36037, 4.8545815
0xEEEE, 21650777, 6928, 0007, 2.55861, 4.8573281
0xEEEE, 21653902, 6929, 0007, 2.55216, 4.8479438
0xEEEE, 21657036, 6930, 0006, 2.55136, 4.8551156
0xEEEE, 21660151, 6931, 0006, 2.55216, 4.8616007
0xEEEE, 21663277, 6932, 0005, 2.36681, 4.8503853
0xEEEE, 21666401, 6933, 0005, 2.36440, 4.8457313
0xEEEE, 21669538, 6934, 0004, 1.97436, 4.8548104
0xEEEE, 21672660, 6935, 0004, 1.97355, 4.8635843
0xEEEE, 21675788, 6936, 0003, 1.57546, 4.8594644
0xEEEE, 21678914, 6937, 0003, 1.57143, 4.8435950
0xEEEE, 21682053, 6938, 0002, 1.18381, 4.8543526
0xEEEE, 21685164, 6939, 0002, 0.78652, 4.8580148
0xEEEE, 21688290, 6940, 0001, 0.77524, 4.8538949
0xEEEE, 21691412, 6941, 0001, 0.78813, 4.8569467
0xEEEE, 21694526, 6942, 0000, 0.39084, 4.8581674
0xEEEE, 21697679, 6943, 0000, 0.39245, 4.8570993
0xEEEE, 21700786, 6944, 0000, 0.01209, 4.8503853
0xEEEE, 21703911, 6945, 0000, 0.01209, 4.8516060
0xEEEE, 21707070, 6946, 0001, 0.01209, 4.8668650
0xEEEE, 21710162, 6947, 0001, 0.39084, 4.8548104
0xEEEE, 21713285, 6948, 0002, 0.39326, 4.8542000
0xEEEE, 21716401, 6949, 0002, 0.39165, 4.8554208
0xEEEE, 21719527, 6950, 0003, 0.79780, 4.8594644
0xEEEE, 21722659, 6951, 0003, 0.78813, 4.8535897
0xEEEE, 21725777, 6952, 0004, 1.18139, 4.8613718
0xEEEE, 21728901, 6953, 0004, 1.17817, 4.8614481
0xEEEE, 21732036, 6954, 0005, 1.57949, 4.8583963
0xEEEE, 21735152, 6955, 0005, 1.97839, 4.8470283
0xEEEE, 21738277, 6956, 0006, 1.97355, 4.8515297
0xEEEE, 21741413, 6957, 0006, 1.97839, 4.8635080
0xEEEE, 21744538, 6958, 0007, 2.36601, 4.8575570
0xEEEE, 21747670, 6959, 0007, 2.34505, 4.8458076
0xEEEE, 21750789, 6960, 0007, 2.55780, 4.8535134
0xEEEE, 21753924, 6961, 0007, 2.55216, 4.8612192
0xEEEE, 21757047, 6962, 0006, 2.55055, 4.8524453
0xEEEE, 21760163, 6963, 0006, 2.40066, 4.8516060
0xEEEE, 21763283, 6964, 0005, 2.36762, 4.8563363
0xEEEE, 21766419, 6965, 0005, 2.36520, 4.8592355
0xEEEE, 21769536, 6966, 0004, 1.97597, 4.8513008
0xEEEE, 21772668, 6967, 0004, 1.97355, 4.8590066
0xEEEE, 21775787, 6968, 0003, 1.58190, 4.8634318
0xEEEE, 21778911, 6969, 0003, 1.59238, 4.8544289
0xEEEE, 21782045, 6970, 0002, 1.18381, 4.8477913
0xEEEE, 21785152, 6971, 0002, 0.77766, 4.8564889
0xEEEE, 21788276, 6972, 0001, 0.81634, 4.8603037
0xEEEE, 21791402, 6973, 0001, 0.78894, 4.8550393
0xEEEE, 21794527, 6974, 0000, 0.39084, 4.8555734
0xEEEE, 21797659, 6975, 0000, 0.39165, 4.8565652
0xEEEE, 21800777, 6976, 0000, 0.01370, 4.8607614
0xEEEE, 21803902, 6977, 0000, 0.01209, 4.8481727
0xEEEE, 21807060, 6978, 0001, 0.01128, 4.8506905
0xEEEE, 21810164, 6979, 0001, 0.34813, 4.8621347
0xEEEE, 21813299, 6980, 0002, 0.39729, 4.8510719
0xEEEE, 21816413, 6981, 0002, 0.38601, 4.8538186
0xEEEE, 21819539, 6982, 0003, 0.78894, 4.8591592
0xEEEE, 21822672, 6983, 0003, 0.78894, 4.8615244
0xEEEE, 21825788, 6984, 0004, 1.18542, 4.8558785
0xEEEE, 21828905, 6985, 0004, 1.17978, 4.8554208
0xEEEE, 21832042, 6986, 0005, 1.57868, 4.8533608
0xEEEE, 21835161, 6987, 0005, 1.58432, 4.8581674
0xEEEE, 21838295, 6988, 0006, 1.97275, 4.8461891
0xEEEE, 21841412, 6989, 0006, 1.97114, 4.8545052
0xEEEE, 21844536, 6990, 0007, 2.36762, 4.8615244
0xEEEE, 21847668, 6991, 0007, 2.38857, 4.8565652
0xEEEE, 21850794, 6992, 0007, 2.54813, 4.8524453
0xEEEE, 21853902, 6993, 0007, 2.54894, 4.8547341
0xEEEE, 21857035, 6994, 0006, 2.55136, 4.8641184
0xEEEE, 21860151, 6995, 0006, 2.55700, 4.8547341
0xEEEE, 21863276, 6996, 0005, 2.36681, 4.8433661
0xEEEE, 21866401, 6997, 0005, 2.36681, 4.8481727
0xEEEE, 21869526, 6998, 0004, 1.96147, 4.8616007
0xEEEE, 21872662, 6999, 0004, 1.97275, 4.8557259
0xEEEE, 21875789, 7000, 0003, 1.57143, 4.8553445
0xEEEE, 21878913, 7001, 0003, 1.18381, 4.8557259
0xEEEE, 21882045, 7002, 0002, 1.18300, 4.8557259
0xEEEE, 21885164, 7003, 0002, 1.16447, 4.8539712
0xEEEE, 21888289, 7004, 0001, 0.80828, 4.8604562
0xEEEE, 21891413, 7005, 0001, 0.78813, 4.8645762
0xEEEE, 21894527, 7006, 0000, 0.39165, 4.8521401
0xEEEE, 21897690, 7007, 0000, 0.39326, 4.8422217
0xEEEE, 21900787, 7008, 0000, 0.01209, 4.8511482
0xEEEE, 21903911, 7009, 0000, 0.01209, 4.8638132
0xEEEE, 21907063, 7010, 0001, 0.01209, 4.8496223
0xEEEE, 21910162, 7011, 0001, 0.01209, 4.8513771
0xEEEE, 21913285, 7012, 0002, 0.37875, 4.8593881
0xEEEE, 21916401, 7013, 0002, 0.35619, 4.8561074
0xEEEE, 21919526, 7014, 0003, 0.78733, 4.8411536
0xEEEE, 21922660, 7015, 0003, 0.78813, 4.8554971
0xEEEE, 21925777, 7016, 0004, 1.18059, 4.8607614
0xEEEE, 21928902, 7017, 0004, 1.57788, 4.8543526
0xEEEE, 21932035, 7018, 0005, 1.57788, 4.8513008
0xEEEE, 21935161, 7019, 0005, 1.58190, 4.8503090
0xEEEE, 21938278, 7020, 0006, 1.97436, 4.8628977
0xEEEE, 21941413, 7021, 0006, 1.97597, 4.8556497
0xEEEE, 21944538, 7022, 0007, 2.36601, 4.8461128
0xEEEE, 21947670, 7023, 0007, 2.32974, 4.8551156
0xEEEE, 21950789, 7024, 0007, 2.55700, 4.8630503
0xEEEE, 21953914, 7025, 0007, 2.55458, 4.8536660
0xEEEE, 21957047, 7026, 0006, 2.55136, 4.8522164
0xEEEE, 21960163, 7027, 0006, 2.59165, 4.8607614
0xEEEE, 21963286, 7028, 0005, 2.36923, 4.8562600
0xEEEE, 21966411, 7029, 0005, 2.36601, 4.8511482
0xEEEE, 21969536, 7030, 0004, 1.99048, 4.8542763
0xEEEE, 21972668, 7031, 0004, 1.97275, 4.8642710
0xEEEE, 21975786, 7032, 0003, 1.58110, 4.8471046
0xEEEE, 21978911, 7033, 0003, 1.57788, 4.8526741
0xEEEE, 21982053, 7034, 0002, 1.18462, 4.8549630
0xEEEE, 21985152, 7035, 0002, 1.21685, 4.8597696
0xEEEE, 21988276, 7036, 0001, 0.78894, 4.8528267
0xEEEE, 21991402, 7037, 0001, 0.78813, 4.8576333
0xEEEE, 21994527, 7038, 0000, 0.39165, 4.8593881
0xEEEE, 21997659, 7039, 0000, 0.01128, 4.8608377
0xEEEE, 22000778, 7040, 0000, 0.01209, 4.8451972
0xEEEE, 22003902, 7041, 0000, 0.01209, 4.8542763
0xEEEE, 22007061, 7042, 0001, 0.01289, 4.8634318
0xEEEE, 22010164, 7043, 0001, 0.01128, 4.8566415
0xEEEE, 22013288, 7044, 0002, 0.37795, 4.8494697
0xEEEE, 22016413, 7045, 0002, 0.40615, 4.8529793
0xEEEE, 22019547, 7046, 0003, 0.78813, 4.8614481
0xEEEE, 22022671, 7047, 0003, 1.18300, 4.8550393
0xEEEE, 22025788, 7048, 0004, 1.18945, 4.8464179
0xEEEE, 22028907, 7049, 0004, 1.18462, 4.8549630
0xEEEE, 22032042, 7050, 0005, 1.57949, 4.8557259
0xEEEE, 22035161, 7051, 0005, 1.58190, 4.8475624
0xEEEE, 22038286, 7052, 0006, 1.97355, 4.8532845
0xEEEE, 22041411, 7053, 0006, 1.98967, 4.8641184
0xEEEE, 22044536, 7054, 0007, 2.36520, 4.8528267
0xEEEE, 22047668, 7055, 0007, 2.55055, 4.8484779
0xEEEE, 22050777, 7056, 0007, 2.56183, 4.8496986
0xEEEE, 22053901, 7057, 0007, 2.55619, 4.8638895
0xEEEE, 22057036, 7058, 0006, 2.55136, 4.8619821
0xEEEE, 22060151, 7059, 0006, 2.59648, 4.8539712
0xEEEE, 22063278, 7060, 0005, 2.37165, 4.8545052
0xEEEE, 22066412, 7061, 0005, 2.36681, 4.8535134
0xEEEE, 22069527, 7062, 0004, 2.01223, 4.8474098
0xEEEE, 22072663, 7063, 0004, 1.57385, 4.8542000
0xEEEE, 22075789, 7064, 0003, 1.57707, 4.8635843
0xEEEE, 22078921, 7065, 0003, 1.57868, 4.8588540
0xEEEE, 22082045, 7066, 0002, 1.18300, 4.8417639
0xEEEE, 22085164, 7067, 0002, 1.19590, 4.8489357
0xEEEE, 22088288, 7068, 0001, 0.78974, 4.8670939
0xEEEE, 22091413, 7069, 0001, 0.78894, 4.8570230
0xEEEE, 22094528, 7070, 0000, 0.39568, 4.8474098
0xEEEE, 22097668, 7071, 0000, 0.01128, 4.8602274
0xEEEE, 22100786, 7072, 0000, 0.01209, 4.8498512
0xEEEE, 22103918, 7073, 0000, 0.01209, 4.8463416
0xEEEE, 22107063, 7074, 0001, 0.01209, 4.8572519
0xEEEE, 22110162, 7075, 0001, 0.01128, 4.8639658
0xEEEE, 22113286, 7076, 0002, 0.39326, 4.8506142
0xEEEE, 22116401, 7077, 0002, 0.39165, 4.8439002
0xEEEE, 22119526, 7078, 0003, 0.78894, 4.8541238
0xEEEE, 22122659, 7079, 0003, 1.18139, 4.8663310
0xEEEE, 22125778, 7080, 0004, 1.19106, 4.8581674
0xEEEE, 22128902, 7081, 0004, 1.18381, 4.8548104
0xEEEE, 22132036, 7082, 0005, 1.57626, 4.8522927
0xEEEE, 22135151, 7083, 0005, 1.58110, 4.8613718
0xEEEE, 22138278, 7084, 0006, 1.97194, 4.8524453
0xEEEE, 22141413, 7085, 0006, 1.97919, 4.8472572
0xEEEE, 22144538, 7086, 0007, 2.36601, 4.8582437
0xEEEE, 22147670, 7087, 0007, 2.36681, 4.8546578
0xEEEE, 22150797, 7088, 0007, 2.53685, 4.8485542
0xEEEE, 22153914, 7089, 0007, 2.54571, 4.8567178
0xEEEE, 22157046, 7090, 0006, 2.54974, 4.8632029
0xEEEE, 22160152, 7091, 0006, 2.48366, 4.8587778
0xEEEE, 22163305, 7092, 0005, 2.35311, 4.8472572
0xEEEE, 22166411, 7093, 0005, 1.97355, 4.8525978
0xEEEE, 22169536, 7094, 0004, 1.94938, 4.8614481
0xEEEE, 22172668, 7095, 0004, 1.97194, 4.8521401
0xEEEE, 22175787, 7096, 0003, 1.59883, 4.8525216
0xEEEE, 22178911, 7097, 0003, 1.57788, 4.8596933
0xEEEE, 22182045, 7098, 0002, 1.18059, 4.8532082
0xEEEE, 22185152, 7099, 0002, 1.23055, 4.8503090
0xEEEE, 22188278, 7100, 0001, 0.78813, 4.8478676
0xEEEE, 22191401, 7101, 0001, 0.39487, 4.8663310
0xEEEE, 22194526, 7102, 0000, 0.39004, 4.8646525
0xEEEE, 22197659, 7103, 0000, 0.39004, 4.8504616
0xEEEE, 22200777, 7104, 0000, 0.01209, 4.8537423
0xEEEE, 22203902, 7105, 0000, 0.01128, 4.8642710
0xEEEE, 22207063, 7106, 0001, 0.01209, 4.8542763
0xEEEE, 22210174, 7107, 0001, 0.01209, 4.8511482
0xEEEE, 22213288, 7108, 0002, 0.39245, 4.8557259
0xEEEE, 22216413, 7109, 0002, 0.78894, 4.8539712
0xEEEE, 22219539, 7110, 0003, 0.78733, 4.8434424
0xEEEE, 22222672, 7111, 0003, 0.78571, 4.8504616
0xEEEE, 22225788, 7112, 0004, 1.18059, 4.8607614
0xEEEE, 22228908, 7113, 0004, 1.18220, 4.8587778
0xEEEE, 22232043, 7114, 0005, 1.57465, 4.8434424
0xEEEE, 22235164, 7115, 0005, 1.61333, 4.8493172
0xEEEE, 22238286, 7116, 0006, 1.97355, 4.8628977
0xEEEE, 22241412, 7117, 0006, 2.36520, 4.8506905
0xEEEE, 22244536, 7118, 0007, 2.36520, 4.8434424
0xEEEE, 22247676, 7119, 0007, 2.36681, 4.8545815
0xEEEE, 22250778, 7120, 0007, 2.55216, 4.8552682
0xEEEE, 22253902, 7121, 0007, 2.55377, 4.8506905
0xEEEE, 22257036, 7122, 0006, 2.55216, 4.8550393
0xEEEE, 22260151, 7123, 0006, 2.49011, 4.8648814
0xEEEE, 22263276, 7124, 0005, 2.37165, 4.8511482
0xEEEE, 22266402, 7125, 0005, 1.97597, 4.8440528
0xEEEE, 22269527, 7126, 0004, 1.96308, 4.8541238
0xEEEE, 22272665, 7127, 0004, 1.97516, 4.8642710
0xEEEE, 22275788, 7128, 0003, 1.57788, 4.8579385
0xEEEE, 22278913, 7129, 0003, 1.57868, 4.8506142
0xEEEE, 22282045, 7130, 0002, 1.17736, 4.8546578
0xEEEE, 22285164, 7131, 0002, 1.18381, 4.8605325
0xEEEE, 22288288, 7132, 0001, 0.78813, 4.8591592
0xEEEE, 22291413, 7133, 0001, 0.73897, 4.8591592
0xEEEE, 22294552, 7134, 0000, 0.39084, 4.8595407
0xEEEE, 22297668, 7135, 0000, 0.38117, 4.8603799
0xEEEE, 22300786, 7136, 0000, 0.01209, 4.8455024
0xEEEE, 22303912, 7137, 0000, 0.01531, 4.8474098
0xEEEE, 22307071, 7138, 0001, 0.01209, 4.8618296
0xEEEE, 22310162, 7139, 0001, 0.39326, 4.8549630
0xEEEE, 22313287, 7140, 0002, 0.39165, 4.8473335
0xEEEE, 22316401, 7141, 0002, 0.39245, 4.8506905
0xEEEE, 22319526, 7142, 0003, 0.78813, 4.8615244
0xEEEE, 22322659, 7143, 0003, 0.78571, 4.8555734
0xEEEE, 22325777, 7144, 0004, 1.18300, 4.8574807
0xEEEE, 22328902, 7145, 0004, 1.18381, 4.8606851
0xEEEE, 22332042, 7146, 0005, 1.58190, 4.8648814
0xEEEE, 22335151, 7147, 0005, 1.97275, 4.8441291
0xEEEE, 22338280, 7148, 0006, 1.97194, 4.8517586
0xEEEE, 22341413, 7149, 0006, 1.97355, 4.8641947
0xEEEE, 22344538, 7150, 0007, 2.36520, 4.8583200
0xEEEE, 22347670, 7151, 0007, 2.36681, 4.8498512
0xEEEE, 22350789, 7152, 0007, 2.55216, 4.8532082
0xEEEE, 22353914, 7153, 0007, 2.54652, 4.8612192
0xEEEE, 22357046, 7154, 0006, 2.55297, 4.8600748
0xEEEE, 22360151, 7155, 0006, 2.36681, 4.8503853
0xEEEE, 22363286, 7156, 0005, 2.38293, 4.8576333
0xEEEE, 22366411, 7157, 0005, 2.36440, 4.8597696
0xEEEE, 22369536, 7158, 0004, 2.01385, 4.8509194
0xEEEE, 22372668, 7159, 0004, 1.97597, 4.8607614
0xEEEE, 22375788, 7160, 0003, 1.57788, 4.8619059
0xEEEE, 22378922, 7161, 0003, 1.57788, 4.8520638
0xEEEE, 22382045, 7162, 0002, 1.18059, 4.8469520
0xEEEE, 22385152, 7163, 0002, 0.78733, 4.8493172
0xEEEE, 22388276, 7164, 0001, 0.78813, 4.8582437
0xEEEE, 22391401, 7165, 0001, 0.78733, 4.8537423
0xEEEE, 22394526, 7166, 0000, 0.38117, 4.8493935
0xEEEE, 22397659, 7167, 0000, 0.37634, 4.8529793
0xEEEE, 22400777, 7168, 0000, 0.01128, 4.8607614
0xEEEE, 22403902, 7169, 0000, 0.01451, 4.8501564
0xEEEE, 22407065, 7170, 0001, 0.01209, 4.8526741
0xEEEE, 22410164, 7171, 0001, 0.39326, 4.8621347
0xEEEE, 22413288, 7172, 0002, 0.39165, 4.8599222
0xEEEE, 22416421, 7173, 0002, 0.39326, 4.8486305
0xEEEE, 22419539, 7174, 0003, 0.78894, 4.8538186
0xEEEE, 22422671, 7175, 0003, 0.78652, 4.8654154
0xEEEE, 22425788, 7176, 0004, 1.18220, 4.8560311
0xEEEE, 22428911, 7177, 0004, 1.18300, 4.8496986
0xEEEE, 22432043, 7178, 0005, 1.57788, 4.8531319
0xEEEE, 22435161, 7179, 0005, 1.97436, 4.8624399
0xEEEE, 22438287, 7180, 0006, 1.97355, 4.8569467
0xEEEE, 22441411, 7181, 0006, 1.97355, 4.8587778
0xEEEE, 22444535, 7182, 0007, 2.41033, 4.8582437
0xEEEE, 22447668, 7183, 0007, 2.36762, 4.8583200
0xEEEE, 22450777, 7184, 0007, 2.55055, 4.8503090
0xEEEE, 22453902, 7185, 0007, 2.54733, 4.8533608
0xEEEE, 22457035, 7186, 0006, 2.55377, 4.8649577
0xEEEE, 22460151, 7187, 0006, 2.55055, 4.8651102
0xEEEE, 22463287, 7188, 0005, 2.35714, 4.8567941
0xEEEE, 22466402, 7189, 0005, 2.36762, 4.8508431
0xEEEE, 22469527, 7190, 0004, 1.97355, 4.8618296
0xEEEE, 22472667, 7191, 0004, 1.96952, 4.8488594
0xEEEE, 22475797, 7192, 0003, 1.57868, 4.8449683
0xEEEE, 22478913, 7193, 0003, 1.17817, 4.8592355
0xEEEE, 22482044, 7194, 0002, 1.16447, 4.8601511
0xEEEE, 22485163, 7195, 0002, 1.18300, 4.8461891
0xEEEE, 22488288, 7196, 0001, 0.78733, 4.8516060
0xEEEE, 22491413, 7197, 0001, 0.78168, 4.8641947
0xEEEE, 22494531, 7198, 0000, 0.41582, 4.8562600
0xEEEE, 22497668, 7199, 0000, 0.37473, 4.8437476
0xEEEE, 22500788, 7200, 0000, 0.01209, 4.8537423
0xEEEE, 22503912, 7201, 0000, 0.01209, 4.8608377
0xEEEE, 22507063, 7202, 0001, 0.01209, 4.8509194
0xEEEE, 22510162, 7203, 0001, 0.01128, 4.8529030
0xEEEE, 22513286, 7204, 0002, 0.39245, 4.8558022
0xEEEE, 22516401, 7205, 0002, 0.39326, 4.8557259
0xEEEE, 22519527, 7206, 0003, 0.79055, 4.8525978
0xEEEE, 22522670, 7207, 0003, 0.77927, 4.8544289
0xEEEE, 22525777, 7208, 0004, 1.18300, 4.8637369
0xEEEE, 22528901, 7209, 0004, 1.57707, 4.8548104
0xEEEE, 22532036, 7210, 0005, 1.57868, 4.8500038
0xEEEE, 22535151, 7211, 0005, 1.57868, 4.8470283
0xEEEE, 22538281, 7212, 0006, 1.97678, 4.8650340
0xEEEE, 22541413, 7213, 0006, 1.97436, 4.8554208
0xEEEE, 22544538, 7214, 0007, 2.36601, 4.8524453
0xEEEE, 22547679, 7215, 0007, 2.36762, 4.8477150
0xEEEE, 22550790, 7216, 0007, 2.55216, 4.8588540
0xEEEE, 22553914, 7217, 0007, 2.55216, 4.8543526
0xEEEE, 22557047, 7218, 0006, 2.54974, 4.8554971
0xEEEE, 22560173, 7219, 0006, 2.55136, 4.8641947
0xEEEE, 22563287, 7220, 0005, 2.36601, 4.8554971
0xEEEE, 22566411, 7221, 0005, 2.36842, 4.8524453
0xEEEE, 22569536, 7222, 0004, 1.97275, 4.8577859
0xEEEE, 22572668, 7223, 0004, 1.97678, 4.8608377
0xEEEE, 22575787, 7224, 0003, 1.57868, 4.8542763
0xEEEE, 22578911, 7225, 0003, 1.18864, 4.8567941
0xEEEE, 22582045, 7226, 0002, 1.22491, 4.8489357
0xEEEE, 22585151, 7227, 0002, 1.18300, 4.8622873
0xEEEE, 22588276, 7228, 0001, 0.78733, 4.8480201
0xEEEE, 22591402, 7229, 0001, 0.77443, 4.8535134
0xEEEE, 22594526, 7230, 0000, 0.32718, 4.8599985
0xEEEE, 22597659, 7231, 0000, 0.39245, 4.8563363
0xEEEE, 22600777, 7232, 0000, 0.01209, 4.8486305
0xEEEE, 22603903, 7233, 0000, 0.01209, 4.8487831
0xEEEE, 22607073, 7234, 0001, 0.01209, 4.8606851
0xEEEE, 22610164, 7235, 0001, 0.01209, 4.8609140
0xEEEE, 22613288, 7236, 0002, 0.39084, 4.8437476
0xEEEE, 22616413, 7237, 0002, 0.39245, 4.8565652
0xEEEE, 22619539, 7238, 0003, 0.78168, 4.8654917
0xEEEE, 22622671, 7239, 0003, 1.19670, 4.8607614
0xEEEE, 22625790, 7240, 0004, 1.18381, 4.8534371
0xEEEE, 22628911, 7241, 0004, 1.18139, 4.8606088
0xEEEE, 22632043, 7242, 0005, 1.59238, 4.8535134
0xEEEE, 22635161, 7243, 0005, 1.57707, 4.8471809
0xEEEE, 22638287, 7244, 0006, 1.91634, 4.8551156
0xEEEE, 22641411, 7245, 0006, 1.97275, 4.8625162
0xEEEE, 22644545, 7246, 0007, 2.36842, 4.8567941
0xEEEE, 22647669, 7247, 0007, 2.56505, 4.8436713
0xEEEE, 22650777, 7248, 0007, 2.55055, 4.8580911
0xEEEE, 22653902, 7249, 0007, 2.55055, 4.8655680
0xEEEE, 22657036, 7250, 0006, 2.55297, 4.8598459
0xEEEE, 22660151, 7251, 0006, 2.55055, 4.8523690
0xEEEE, 22663277, 7252, 0005, 2.36601, 4.8613718
0xEEEE, 22666402, 7253, 0005, 2.36359, 4.8599985
0xEEEE, 22669526, 7254, 0004, 1.97355, 4.8478676
0xEEEE, 22672668, 7255, 0004, 1.57788, 4.8501564
0xEEEE, 22675788, 7256, 0003, 1.57868, 4.8609140
0xEEEE, 22678913, 7257, 0003, 1.57062, 4.8541238
0xEEEE, 22682045, 7258, 0002, 1.18703, 4.8522927
0xEEEE, 22685164, 7259, 0002, 1.18300, 4.8548867
0xEEEE, 22688289, 7260, 0001, 0.78894, 4.8617533
0xEEEE, 22691424, 7261, 0001, 0.80103, 4.8585489
0xEEEE, 22694533, 7262, 0000, 0.39245, 4.8445869
0xEEEE, 22697668, 7263, 0000, 0.01209, 4.8534371
0xEEEE, 22700786, 7264, 0000, 0.01451, 4.8596933
0xEEEE, 22703912, 7265, 0000, 0.01209, 4.8506905
0xEEEE, 22707063, 7266, 0001, 0.01209, 4.8508431
0xEEEE, 22710162, 7267, 0001, 0.01370, 4.8636606
0xEEEE, 22713285, 7268, 0002, 0.39326, 4.8603799
0xEEEE, 22716402, 7269, 0002, 0.39245, 4.8429847
0xEEEE, 22719527, 7270, 0003, 0.78652, 4.8517586
0xEEEE, 22722659, 7271, 0003, 1.16125, 4.8638895
0xEEEE, 22725777, 7272, 0004, 1.18300, 4.8612955
0xEEEE, 22728910, 7273, 0004, 1.18381, 4.8566415
0xEEEE, 22732036, 7274, 0005, 1.57788, 4.8580911
0xEEEE, 22735151, 7275, 0005, 1.57788, 4.8591592
0xEEEE, 22738283, 7276, 0006, 2.01385, 4.8531319
0xEEEE, 22741413, 7277, 0006, 1.97275, 4.8503853
0xEEEE, 22744538, 7278, 0007, 2.36842, 4.8583963
0xEEEE, 22747670, 7279, 0007, 2.54410, 4.8559548
0xEEEE, 22750789, 7280, 0007, 2.55136, 4.8536660
0xEEEE, 22753913, 7281, 0007, 2.55136, 4.8557259
0xEEEE, 22757047, 7282, 0006, 2.54330, 4.8640421
0xEEEE, 22760154, 7283, 0006, 2.55136, 4.8635080
0xEEEE, 22763286, 7284, 0005, 2.36762, 4.8460365
0xEEEE, 22766411, 7285, 0005, 2.37165, 4.8527504
0xEEEE, 22769536, 7286, 0004, 1.97355, 4.8593881
0xEEEE, 22772668, 7287, 0004, 1.97355, 4.8565652
0xEEEE, 22775798, 7288, 0003, 1.57788, 4.8491646
0xEEEE, 22778911, 7289, 0003, 1.58271, 4.8601511
0xEEEE, 22782045, 7290, 0002, 1.18300, 4.8533608
0xEEEE, 22785151, 7291, 0002, 1.18381, 4.8580148
0xEEEE, 22788285, 7292, 0001, 0.78491, 4.8558785
0xEEEE, 22791401, 7293, 0001, 0.32799, 4.8661021
0xEEEE, 22794526, 7294, 0000, 0.39165, 4.8599222
0xEEEE, 22797659, 7295, 0000, 0.39245, 4.8500801
0xEEEE, 22800777, 7296, 0000, 0.01370, 4.8486305
0xEEEE, 22803905, 7297, 0000, 0.01209, 4.8606088
0xEEEE, 22807064, 7298, 0001, 0.01209, 4.8587778
0xEEEE, 22810164, 7299, 0001, 0.01289, 4.8433661
0xEEEE, 22813295, 7300, 0002, 0.39407, 4.8553445
0xEEEE, 22816414, 7301, 0002, 0.78410, 4.8554971
0xEEEE, 22819538, 7302, 0003, 0.79619, 4.8536660
0xEEEE, 22822671, 7303, 0003, 0.78813, 4.8480201
0xEEEE, 22825777, 7304, 0004, 1.18300, 4.8624399
0xEEEE, 22828912, 7305, 0004, 1.18059, 4.8588540
0xEEEE, 22832043, 7306, 0005, 1.57788, 4.8482490
0xEEEE, 22835171, 7307, 0005, 1.57868, 4.8455024
0xEEEE, 22838287, 7308, 0006, 1.91473, 4.8646525
0xEEEE, 22841412, 7309, 0006, 2.37004, 4.8562600
0xEEEE, 22844535, 7310, 0007, 2.36601, 4.8471809
0xEEEE, 22847668, 7311, 0007, 2.38535, 4.8551156
0xEEEE, 22850777, 7312, 0007, 2.55136, 4.8580911
0xEEEE, 22853902, 7313, 0007, 2.55055, 4.8534371
0xEEEE, 22857035, 7314, 0006, 2.55136, 4.8547341
0xEEEE, 22860162, 7315, 0006, 2.55216, 4.8626688
0xEEEE, 22863277, 7316, 0005, 2.36762, 4.8561837
0xEEEE, 22866402, 7317, 0005, 1.97194, 4.8542000
0xEEEE, 22869526, 7318, 0004, 1.97355, 4.8513771
0xEEEE, 22872679, 7319, 0004, 1.97275, 4.8659495
0xEEEE, 22875789, 7320, 0003, 1.57788, 4.8587778
0xEEEE, 22878913, 7321, 0003, 1.60125, 4.8512245
0xEEEE, 22882044, 7322, 0002, 1.18220, 4.8518349
0xEEEE, 22885164, 7323, 0002, 1.18300, 4.8587015
0xEEEE, 22888288, 7324, 0001, 0.79216, 4.8535134
0xEEEE, 22891413, 7325, 0001, 0.39326, 4.8548104
0xEEEE, 22894534, 7326, 0000, 0.39245, 4.8577096
0xEEEE, 22897668, 7327, 0000, 0.39165, 4.8599985
0xEEEE, 22900786, 7328, 0000, 0.01209, 4.8525216
0xEEEE, 22903911, 7329, 0000, 0.01209, 4.8547341
0xEEEE, 22907063, 7330, 0001, 0.01209, 4.8636606
0xEEEE, 22910162, 7331, 0001, 0.01289, 4.8579385
0xEEEE, 22913286, 7332, 0002, 0.39165, 4.8462654
0xEEEE, 22916402, 7333, 0002, 0.77443, 4.8558785
0xEEEE, 22919537, 7334, 0003, 0.76234, 4.8576333
0xEEEE, 22922659, 7335, 0003, 0.78894, 4.8606851
0xEEEE, 22925777, 7336, 0004, 1.18381, 4.8490883
0xEEEE, 22928901, 7337, 0004, 1.17817, 4.8561074
0xEEEE, 22932035, 7338, 0005, 1.57868, 4.8513771
0xEEEE, 22935151, 7339, 0005, 1.57868, 4.8535134
0xEEEE, 22938285, 7340, 0006, 1.97355, 4.8532845
0xEEEE, 22941413, 7341, 0006, 1.97919, 4.8611429
0xEEEE, 22944539, 7342, 0007, 2.36681, 4.8576333
0xEEEE, 22947670, 7343, 0007, 2.38696, 4.8471046
0xEEEE, 22950789, 7344, 0007, 2.54410, 4.8519875
0xEEEE, 22953913, 7345, 0007, 2.55055, 4.8609903
0xEEEE, 22957052, 7346, 0006, 2.55136, 4.8612192
0xEEEE, 22960156, 7347, 0006, 2.38132, 4.8468757
0xEEEE, 22963286, 7348, 0005, 2.36681, 4.8562600
0xEEEE, 22966411, 7349, 0005, 2.36681, 4.8558022
0xEEEE, 22969536, 7350, 0004, 1.97275, 4.8514534
0xEEEE, 22972668, 7351, 0004, 1.97436, 4.8554208
0xEEEE, 22975787, 7352, 0003, 1.58029, 4.8630503
0xEEEE, 22978911, 7353, 0003, 1.57788, 4.8561837
0xEEEE, 22982044, 7354, 0002, 1.18300, 4.8574044
0xEEEE, 22985152, 7355, 0002, 0.79538, 4.8533608
0xEEEE, 22988276, 7356, 0001, 0.81150, 4.8633555
0xEEEE, 22991402, 7357, 0001, 0.78813, 4.8521401
0xEEEE, 22994526, 7358, 0000, 0.39245, 4.8545052
0xEEEE, 22997659, 7359, 0000, 0.39326, 4.8470283
0xEEEE, 23000779, 7360, 0000, 0.01209, 4.8538186
0xEEEE, 23003918, 7361, 0000, 0.01209, 4.8498512
0xEEEE, 23007064, 7362, 0001, 0.01209, 4.8504616
0xEEEE, 23010164, 7363, 0001, 0.39004, 4.8603799
0xEEEE, 23013288, 7364, 0002, 0.39648, 4.8577096
0xEEEE, 23016414, 7365, 0002, 0.40132, 4.8478676
0xEEEE, 23019538, 7366, 0003, 0.78894, 4.8508431
0xEEEE, 23022671, 7367, 0003, 0.78894, 4.8625925
0xEEEE, 23025778, 7368, 0004, 1.18381, 4.8521401
0xEEEE, 23028912, 7369, 0004, 1.17897, 4.8534371
0xEEEE, 23032043, 7370, 0005, 1.57868, 4.8548104
0xEEEE, 23035161, 7371, 0005, 1.96630, 4.8667124
0xEEEE, 23038287, 7372, 0006, 1.97355, 4.8538186
0xEEEE, 23041419, 7373, 0006, 1.97033, 4.8545815
0xEEEE, 23044536, 7374, 0007, 2.36681, 4.8591592
0xEEEE, 23047668, 7375, 0007, 2.34425, 4.8564889
0xEEEE, 23050777, 7376, 0007, 2.55458, 4.8495460
0xEEEE, 23053902, 7377, 0007, 2.55136, 4.8496223
0xEEEE, 23057036, 7378, 0006, 2.55136, 4.8668650
0xEEEE, 23060152, 7379, 0006, 2.36198, 4.8615244
0xEEEE, 23063278, 7380, 0005, 2.36601, 4.8477150
0xEEEE, 23066401, 7381, 0005, 2.36681, 4.8520638
0xEEEE, 23069526, 7382, 0004, 1.98322, 4.8610666
0xEEEE, 23072670, 7383, 0004, 1.97275, 4.8577859
0xEEEE, 23075788, 7384, 0003, 1.58190, 4.8511482
0xEEEE, 23078913, 7385, 0003, 1.59480, 4.8604562
0xEEEE, 23082044, 7386, 0002, 1.18381, 4.8584726
0xEEEE, 23085164, 7387, 0002, 1.18784, 4.8507668
0xEEEE, 23088299, 7388, 0001, 0.80505, 4.8528267
0xEEEE, 23091401, 7389, 0001, 0.78813, 4.8640421
0xEEEE, 23094536, 7390, 0000, 0.39326, 4.8604562
0xEEEE, 23097668, 7391, 0000, 0.39245, 4.8445106
0xEEEE, 23100795, 7392, 0000, 0.01209, 4.8540475
0xEEEE, 23103912, 7393, 0000, 0.01209, 4.8604562
0xEEEE, 23107063, 7394, 0001, 0.01209, 4.8518349
0xEEEE, 23110162, 7395, 0001, 0.01209, 4.8567941
0xEEEE, 23113286, 7396, 0002, 0.39407, 4.8532845
0xEEEE, 23116402, 7397, 0002, 0.39810, 4.8570993
0xEEEE, 23119526, 7398, 0003, 0.83568, 4.8485542
0xEEEE, 23122659, 7399, 0003, 0.78813, 4.8611429
0xEEEE, 23125787, 7400, 0004, 1.18300, 4.8614481
0xEEEE, 23128902, 7401, 0004, 1.55934, 4.8550393
0xEEEE, 23132036, 7402, 0005, 1.57788, 4.8488594
0xEEEE, 23135151, 7403, 0005, 1.57788, 4.8595407
0xEEEE, 23138285, 7404, 0006, 1.97678, 4.8617533
0xEEEE, 23141413, 7405, 0006, 1.97194, 4.8679332
0xEEEE, 23144538, 7406, 0007, 2.36681, 4.8527504
0xEEEE, 23147681, 7407, 0007, 2.36278, 4.8588540
0xEEEE, 23150789, 7408, 0007, 2.55377, 4.8581674
0xEEEE, 23153913, 7409, 0007, 2.55297, 4.8473335
0xEEEE, 23157046, 7410, 0006, 2.52476, 4.8525978
0xEEEE, 23160157, 7411, 0006, 2.54168, 4.8632792
0xEEEE, 23163286, 7412, 0005, 2.36681, 4.8587015
0xEEEE, 23166411, 7413, 0005, 2.36117, 4.8439002
0xEEEE, 23169536, 7414, 0004, 1.96791, 4.8563363
0xEEEE, 23172678, 7415, 0004, 2.02271, 4.8626688
0xEEEE, 23175787, 7416, 0003, 1.57707, 4.8586252
0xEEEE, 23178911, 7417, 0003, 1.18220, 4.8471046
0xEEEE, 23182045, 7418, 0002, 1.18381, 4.8561074
0xEEEE, 23185160, 7419, 0002, 1.18542, 4.8626688
0xEEEE, 23188278, 7420, 0001, 0.75187, 4.8516823
0xEEEE, 23191401, 7421, 0001, 0.78894, 4.8517586
0xEEEE, 23194526, 7422, 0000, 0.39326, 4.8584726
0xEEEE, 23197660, 7423, 0000, 0.39165, 4.8503853
0xEEEE, 23200777, 7424, 0000, 0.01209, 4.8447395
0xEEEE, 23203908, 7425, 0000, 0.01370, 4.8503853
0xEEEE, 23207064, 7426, 0001, 0.01209, 4.8621347
0xEEEE, 23210164, 7427, 0001, 0.01209, 4.8605325
0xEEEE, 23213288, 7428, 0002, 0.39648, 4.8525216
0xEEEE, 23216414, 7429, 0002, 0.38520, 4.8553445
0xEEEE, 23219538, 7430, 0003, 0.82037, 4.8575570
0xEEEE, 23222670, 7431, 0003, 0.78813, 4.8577859
0xEEEE, 23225780, 7432, 0004, 1.18220, 4.8521401
0xEEEE, 23228912, 7433, 0004, 1.58835, 4.8577096
0xEEEE, 23232054, 7434, 0005, 1.57868, 4.8572519
0xEEEE, 23235161, 7435, 0005, 1.57788, 4.8453498
0xEEEE, 23238287, 7436, 0006, 1.97355, 4.8551919
0xEEEE, 23241411, 7437, 0006, 1.97194, 4.8619059
0xEEEE, 23244536, 7438, 0007, 2.36762, 4.8581674
0xEEEE, 23247669, 7439, 0007, 2.36198, 4.8529030
0xEEEE, 23250778, 7440, 0007, 2.54894, 4.8577859
0xEEEE, 23253902, 7441, 0007, 2.55136, 4.8630503
0xEEEE, 23257044, 7442, 0006, 2.53685, 4.8635843
0xEEEE, 23260152, 7443, 0006, 2.54652, 4.8484016
0xEEEE, 23263277, 7444, 0005, 2.36762, 4.8592355
0xEEEE, 23266401, 7445, 0005, 2.36923, 4.8525978
0xEEEE, 23269537, 7446, 0004, 1.97516, 4.8442054
0xEEEE, 23272670, 7447, 0004, 1.57788, 4.8543526
0xEEEE, 23275789, 7448, 0003, 1.57949, 4.8653391
0xEEEE, 23278913, 7449, 0003, 1.61736, 4.8590829
0xEEEE, 23282045, 7450, 0002, 1.18300, 4.8447395
0xEEEE, 23285164, 7451, 0002, 1.18059, 4.8547341
0xEEEE, 23288287, 7452, 0001, 0.80264, 4.8664073
0xEEEE, 23291401, 7453, 0001, 0.75832, 4.8559548
0xEEEE, 23294536, 7454, 0000, 0.39245, 4.8484016
0xEEEE, 23297669, 7455, 0000, 0.01209, 4.8569467
0xEEEE, 23300786, 7456, 0000, 0.01209, 4.8502327
0xEEEE, 23303912, 7457, 0000, 0.01128, 4.8494697
0xEEEE, 23307064, 7458, 0001, 0.01209, 4.8562600
0xEEEE, 23310162, 7459, 0001, 0.01209, 4.8630503
0xEEEE, 23313286, 7460, 0002, 0.39165, 4.8587015
0xEEEE, 23316412, 7461, 0002, 0.39407, 4.8468757
0xEEEE, 23319526, 7462, 0003, 0.78007, 4.8569467
0xEEEE, 23322659, 7463, 0003, 1.18381, 4.8632792
0xEEEE, 23325777, 7464, 0004, 1.18381, 4.8518349
0xEEEE, 23328902, 7465, 0004, 1.18864, 4.8527504
0xEEEE, 23332035, 7466, 0005, 1.62220, 4.8580911
0xEEEE, 23335152, 7467, 0005, 1.57868, 4.8546578
0xEEEE, 23338288, 7468, 0006, 1.97355, 4.8579385
0xEEEE, 23341413, 7469, 0006, 1.97355, 4.8535134
0xEEEE, 23344538, 7470, 0007, 2.36681, 4.8580148
0xEEEE, 23347670, 7471, 0007, 2.50864, 4.8508431
0xEEEE, 23350788, 7472, 0007, 2.55216, 4.8518349
0xEEEE, 23353923, 7473, 0007, 2.55055, 4.8486305
0xEEEE, 23357047, 7474, 0006, 2.55297, 4.8602274
0xEEEE, 23360159, 7475, 0006, 2.55297, 4.8509194
0xEEEE, 23363286, 7476, 0005, 2.36762, 4.8469520
0xEEEE, 23366411, 7477, 0005, 2.35875, 4.8477913
0xEEEE, 23369536, 7478, 0004, 1.97436, 4.8630503
0xEEEE, 23372669, 7479, 0004, 1.57868, 4.8522164
0xEEEE, 23375788, 7480, 0003, 1.57707, 4.8502327
0xEEEE, 23378910, 7481, 0003, 1.52147, 4.8612192
0xEEEE, 23382036, 7482, 0002, 1.18381, 4.8542763
0xEEEE, 23385151, 7483, 0002, 1.18139, 4.8491646
0xEEEE, 23388276, 7484, 0001, 0.79619, 4.8487831
0xEEEE, 23391401, 7485, 0001, 0.82440, 4.8627451
0xEEEE, 23394527, 7486, 0000, 0.39245, 4.8546578
0xEEEE, 23397660, 7487, 0000, 0.39326, 4.8458076
0xEEEE, 23400789, 7488, 0000, 0.01209, 4.8572519
0xEEEE, 23403910, 7489, 0000, 0.01209, 4.8593881
0xEEEE, 23407064, 7490, 0001, 0.01128, 4.8593118
0xEEEE, 23410164, 7491, 0001, 0.01209, 4.8522164
0xEEEE, 23413288, 7492, 0002, 0.39487, 4.8600748
0xEEEE, 23416413, 7493, 0002, 0.77927, 4.8577859
0xEEEE, 23419538, 7494, 0003, 0.79458, 4.8548104
0xEEEE, 23422670, 7495, 0003, 0.78813, 4.8472572
0xEEEE, 23425781, 7496, 0004, 1.18220, 4.8615244
0xEEEE, 23428911, 7497, 0004, 1.17817, 4.8537423
0xEEEE, 23432043, 7498, 0005, 1.57868, 4.8474861
0xEEEE, 23435161, 7499, 0005, 1.57868, 4.8464179
0xEEEE, 23438294, 7500, 0006, 1.97275, 4.8630503
0xEEEE, 23441411, 7501, 0006, 2.37245, 4.8484016
0xEEEE, 23444535, 7502, 0007, 2.36762, 4.8492409
0xEEEE, 23447669, 7503, 0007, 2.38857, 4.8516060
0xEEEE, 23450777, 7504, 0007, 2.55055, 4.8602274
0xEEEE, 23453901, 7505, 0007, 2.55136, 4.8490120
0xEEEE, 23457035, 7506, 0006, 2.55055, 4.8524453
0xEEEE, 23460151, 7507, 0006, 2.55216, 4.8606851
0xEEEE, 23463276, 7508, 0005, 2.36681, 4.8619059
0xEEEE, 23466401, 7509, 0005, 1.97275, 4.8423743
0xEEEE, 23469529, 7510, 0004, 1.97355, 4.8468757
0xEEEE, 23472670, 7511, 0004, 1.97355, 4.8688487
0xEEEE, 23475788, 7512, 0003, 1.58029, 4.8527504
0xEEEE, 23478914, 7513, 0003, 1.60608, 4.8507668
0xEEEE, 23482045, 7514, 0002, 1.18300, 4.8561837
0xEEEE, 23485174, 7515, 0002, 1.18462, 4.8575570
0xEEEE, 23488288, 7516, 0001, 0.80103, 4.8518349
0xEEEE, 23491402, 7517, 0001, 0.39165, 4.8567941
0xEEEE, 23494536, 7518, 0000, 0.39245, 4.8600748
0xEEEE, 23497677, 7519, 0000, 0.39326, 4.8516823
0xEEEE, 23500788, 7520, 0000, 0.01128, 4.8505379
0xEEEE, 23503912, 7521, 0000, 0.01209, 4.8527504
0xEEEE, 23507063, 7522, 0001, 0.01128, 4.8654917
0xEEEE, 23510162, 7523, 0001, 0.01370, 4.8634318
0xEEEE, 23513277, 7524, 0002, 0.39245, 4.8410773
0xEEEE, 23516401, 7525, 0002, 0.78491, 4.8487068
0xEEEE, 23519527, 7526, 0003, 0.77766, 4.8596933
0xEEEE, 23522665, 7527, 0003, 0.78813, 4.8577859
0xEEEE, 23525777, 7528, 0004, 1.18300, 4.8555734
0xEEEE, 23528902, 7529, 0004, 1.18703, 4.8593881
0xEEEE, 23532035, 7530, 0005, 1.58029, 4.8605325
0xEEEE, 23535152, 7531, 0005, 1.57788, 4.8550393
0xEEEE, 23538288, 7532, 0006, 1.97275, 4.8523690
0xEEEE, 23541413, 7533, 0006, 2.36440, 4.8646525
0xEEEE, 23544548, 7534, 0007, 2.36681, 4.8627451
0xEEEE, 23547670, 7535, 0007, 2.35231, 4.8505379
0xEEEE, 23550789, 7536, 0007, 2.54571, 4.8528267
0xEEEE, 23553913, 7537, 0007, 2.55136, 4.8532845
0xEEEE, 23557047, 7538, 0006, 2.55136, 4.8592355
0xEEEE, 23560161, 7539, 0006, 2.55297, 4.8582437
0xEEEE, 23563287, 7540, 0005, 2.36681, 4.8569467
0xEEEE, 23566411, 7541, 0005, 2.36681, 4.8538186
0xEEEE, 23569545, 7542, 0004, 1.97436, 4.8472572
0xEEEE, 23572669, 7543, 0004, 1.97355, 4.8516060
0xEEEE, 23575786, 7544, 0003, 1.57707, 4.8616007
0xEEEE, 23578911, 7545, 0003, 1.60527, 4.8605325
0xEEEE, 23582053, 7546, 0002, 1.18381, 4.8410773
0xEEEE, 23585152, 7547, 0002, 0.78491, 4.8500801
0xEEEE, 23588276, 7548, 0001, 0.76960, 4.8603799
0xEEEE, 23591402, 7549, 0001, 0.78894, 4.8555734
0xEEEE, 23594527, 7550, 0000, 0.39245, 4.8505379
0xEEEE, 23597659, 7551, 0000, 0.39245, 4.8539712
0xEEEE, 23600777, 7552, 0000, 0.01209, 4.8610666
0xEEEE, 23603911, 7553, 0000, 0.01128, 4.8529793
0xEEEE, 23607064, 7554, 0001, 0.01209, 4.8479438
0xEEEE, 23610164, 7555, 0001, 0.39245, 4.8584726
0xEEEE, 23613288, 7556, 0002, 0.39165, 4.8571756
0xEEEE, 23616414, 7557, 0002, 0.39407, 4.8459602
0xEEEE, 23619538, 7558, 0003, 0.78652, 4.8533608
0xEEEE, 23622670, 7559, 0003, 0.78894, 4.8641947
0xEEEE, 23625785, 7560, 0004, 1.18381, 4.8566415
0xEEEE, 23628922, 7561, 0004, 1.17817, 4.8535897
0xEEEE, 23632042, 7562, 0005, 1.57868, 4.8549630
0xEEEE, 23635161, 7563, 0005, 1.97033, 4.8613718
0xEEEE, 23638286, 7564, 0006, 1.97275, 4.8574044
0xEEEE, 23641411, 7565, 0006, 1.97114, 4.8570230
0xEEEE, 23644536, 7566, 0007, 2.36762, 4.8604562
0xEEEE, 23647668, 7567, 0007, 2.35311, 4.8557259
0xEEEE, 23650777, 7568, 0007, 2.54491, 4.8531319
0xEEEE, 23653902, 7569, 0007, 2.55136, 4.8538949
0xEEEE, 23657035, 7570, 0006, 2.55377, 4.8610666
0xEEEE, 23660152, 7571, 0006, 2.38374, 4.8644999
0xEEEE, 23663277, 7572, 0005, 2.36681, 4.8492409
0xEEEE, 23666411, 7573, 0005, 2.36681, 4.8519112
0xEEEE, 23669531, 7574, 0004, 1.97678, 4.8630503
0xEEEE, 23672670, 7575, 0004, 1.97355, 4.8482490
0xEEEE, 23675788, 7576, 0003, 1.57626, 4.8527504
0xEEEE, 23678913, 7577, 0003, 1.55048, 4.8587015
0xEEEE, 23682044, 7578, 0002, 1.18381, 4.8538186
0xEEEE, 23685163, 7579, 0002, 0.78168, 4.8503853
0xEEEE, 23688289, 7580, 0001, 0.77443, 4.8533608
0xEEEE, 23691403, 7581, 0001, 0.78813, 4.8660258
0xEEEE, 23694536, 7582, 0000, 0.39326, 4.8545815
0xEEEE, 23697668, 7583, 0000, 0.39165, 4.8447395
0xEEEE, 23700787, 7584, 0000, 0.01128, 4.8482490
0xEEEE, 23703912, 7585, 0000, 0.01209, 4.8592355
0xEEEE, 23707063, 7586, 0001, 0.01289, 4.8561837
0xEEEE, 23710162, 7587, 0001, 0.01128, 4.8524453
0xEEEE, 23713297, 7588, 0002, 0.39407, 4.8556497
0xEEEE, 23716401, 7589, 0002, 0.39245, 4.8569467
0xEEEE, 23719527, 7590, 0003, 0.76557, 4.8583963
0xEEEE, 23722659, 7591, 0003, 0.78894, 4.8535897
0xEEEE, 23725777, 7592, 0004, 1.18462, 4.8618296
0xEEEE, 23728902, 7593, 0004, 1.18623, 4.8570993
0xEEEE, 23732035, 7594, 0005, 1.57868, 4.8538949
0xEEEE, 23735153, 7595, 0005, 1.57465, 4.8517586
0xEEEE, 23738287, 7596, 0006, 1.90425, 4.8625925
0xEEEE, 23741413, 7597, 0006, 1.97758, 4.8526741
0xEEEE, 23744538, 7598, 0007, 2.36520, 4.8513008
0xEEEE, 23747670, 7599, 0007, 2.35392, 4.8570993
0xEEEE, 23750797, 7600, 0007, 2.55458, 4.8554971
0xEEEE, 23753913, 7601, 0007, 2.55055, 4.8466468
0xEEEE, 23757047, 7602, 0006, 2.57634, 4.8561074
0xEEEE, 23760161, 7603, 0006, 2.56747, 4.8626688
0xEEEE, 23763286, 7604, 0005, 2.36601, 4.8618296
0xEEEE, 23766411, 7605, 0005, 2.36681, 4.8557259
0xEEEE, 23769537, 7606, 0004, 1.96549, 4.8505379
0xEEEE, 23772669, 7607, 0004, 1.97355, 4.8654154
0xEEEE, 23775786, 7608, 0003, 1.57868, 4.8591592
0xEEEE, 23778911, 7609, 0003, 1.18381, 4.8520638
0xEEEE, 23782036, 7610, 0002, 1.18300, 4.8511482
0xEEEE, 23785152, 7611, 0002, 1.17414, 4.8589303
0xEEEE, 23788277, 7612, 0001, 0.77121, 4.8518349
0xEEEE, 23791402, 7613, 0001, 0.78733, 4.8558785
0xEEEE, 23794527, 7614, 0000, 0.39245, 4.8593881
0xEEEE, 23797670, 7615, 0000, 0.39245, 4.8614481
0xEEEE, 23800777, 7616, 0000, 0.01209, 4.8486305
0xEEEE, 23803913, 7617, 0000, 0.01209, 4.8565652
0xEEEE, 23807064, 7618, 0001, 0.01209, 4.8610666
0xEEEE, 23810172, 7619, 0001, 0.01209, 4.8619059
0xEEEE, 23813289, 7620, 0002, 0.39890, 4.8524453
0xEEEE, 23816413, 7621, 0002, 0.40132, 4.8525978
0xEEEE, 23819537, 7622, 0003, 0.78813, 4.8580911
0xEEEE, 23822671, 7623, 0003, 0.78894, 4.8569467
0xEEEE, 23825785, 7624, 0004, 1.18059, 4.8529030
0xEEEE, 23828911, 7625, 0004, 1.57143, 4.8618296
0xEEEE, 23832043, 7626, 0005, 1.57868, 4.8601511
0xEEEE, 23835167, 7627, 0005, 1.58432, 4.8461891
0xEEEE, 23838286, 7628, 0006, 1.97436, 4.8478676
0xEEEE, 23841411, 7629, 0006, 1.96952, 4.8656443
0xEEEE, 23844536, 7630, 0007, 2.36601, 4.8570230
0xEEEE, 23847659, 7631, 0007, 2.35311, 4.8448157
0xEEEE, 23850777, 7632, 0007, 2.55055, 4.8537423
0xEEEE, 23853902, 7633, 0007, 2.55216, 4.8628214
0xEEEE, 23857035, 7634, 0006, 2.54007, 4.8548104
0xEEEE, 23860151, 7635, 0006, 2.54491, 4.8533608
0xEEEE, 23863276, 7636, 0005, 2.36440, 4.8593881
0xEEEE, 23866401, 7637, 0005, 2.36681, 4.8545052
0xEEEE, 23869533, 7638, 0004, 1.96711, 4.8564126
0xEEEE, 23872670, 7639, 0004, 1.97355, 4.8557259
0xEEEE, 23875789, 7640, 0003, 1.57707, 4.8637369
0xEEEE, 23878914, 7641, 0003, 1.57868, 4.8554971
0xEEEE, 23882052, 7642, 0002, 1.18381, 4.8541238
0xEEEE, 23885163, 7643, 0002, 1.17736, 4.8505379
0xEEEE, 23888288, 7644, 0001, 0.76396, 4.8592355
0xEEEE, 23891405, 7645, 0001, 0.78894, 4.8638132
0xEEEE, 23894544, 7646, 0000, 0.39245, 4.8498512
0xEEEE, 23897668, 7647, 0000, 0.01128, 4.8580148
0xEEEE, 23900787, 7648, 0000, 0.01209, 4.8542000
0xEEEE, 23903912, 7649, 0000, 0.01289, 4.8544289
0xEEEE, 23907063, 7650, 0001, 0.01209, 4.8518349
0xEEEE, 23910162, 7651, 0001, 0.01209, 4.8640421
0xEEEE, 23913276, 7652, 0002, 0.39971, 4.8570993
0xEEEE, 23916401, 7653, 0002, 0.38923, 4.8432898
0xEEEE, 23919527, 7654, 0003, 0.83487, 4.8614481
0xEEEE, 23922659, 7655, 0003, 1.18220, 4.8638895
0xEEEE, 23925777, 7656, 0004, 1.18220, 4.8581674
0xEEEE, 23928902, 7657, 0004, 1.20396, 4.8458839
0xEEEE, 23932036, 7658, 0005, 1.57788, 4.8548867
0xEEEE, 23935155, 7659, 0005, 1.57465, 4.8589303
0xEEEE, 23938289, 7660, 0006, 1.97275, 4.8512245
0xEEEE, 23941423, 7661, 0006, 1.97597, 4.8507668
0xEEEE, 23944538, 7662, 0007, 2.36601, 4.8592355
0xEEEE, 23947670, 7663, 0007, 2.55136, 4.8566415
0xEEEE, 23950789, 7664, 0007, 2.55377, 4.8437476
0xEEEE, 23953913, 7665, 0007, 2.55216, 4.8500801
0xEEEE, 23957047, 7666, 0006, 2.52476, 4.8636606
0xEEEE, 23960161, 7667, 0006, 2.56264, 4.8608377
0xEEEE, 23963286, 7668, 0005, 2.36520, 4.8499275
0xEEEE, 23966419, 7669, 0005, 2.36681, 4.8531319
0xEEEE, 23969537, 7670, 0004, 1.96791, 4.8627451
0xEEEE, 23972669, 7671, 0004, 1.57788, 4.8557259
0xEEEE, 23975786, 7672, 0003, 1.57385, 4.8604562
0xEEEE, 23978920, 7673, 0003, 1.57788, 4.8618296
0xEEEE, 23982036, 7674, 0002, 1.18542, 4.8587015
0xEEEE, 23985152, 7675, 0002, 1.19509, 4.8476387
0xEEEE, 23988277, 7676, 0001, 0.78813, 4.8527504
0xEEEE, 23991401, 7677, 0001, 0.78813, 4.8660258
0xEEEE, 23994526, 7678, 0000, 0.39326, 4.8560311
0xEEEE, 23997660, 7679, 0000, 0.01209, 4.8484016
0xEEEE, 24000778, 7680, 0000, 0.01209, 4.8522164
0xEEEE, 24003914, 7681, 0000, 0.01451, 4.8564889
0xEEEE, 24007065, 7682, 0001, 0.01209, 4.8619821
0xEEEE, 24010164, 7683, 0001, 0.01209, 4.8503090
0xEEEE, 24013289, 7684, 0002, 0.38842, 4.8591592
0xEEEE, 24016413, 7685, 0002, 0.36667, 4.8549630
0xEEEE, 24019537, 7686, 0003, 0.78894, 4.8513008
0xEEEE, 24022671, 7687, 0003, 1.12579, 4.8513771
0xEEEE, 24025808, 7688, 0004, 1.18300, 4.8635080
0xEEEE, 24028911, 7689, 0004, 1.21685, 4.8547341
0xEEEE, 24032043, 7690, 0005, 1.57868, 4.8493172
0xEEEE, 24035161, 7691, 0005, 1.57868, 4.8506142
0xEEEE, 24038286, 7692, 0006, 1.97275, 4.8612955
0xEEEE, 24041410, 7693, 0006, 1.97436, 4.8522164
0xEEEE, 24044536, 7694, 0007, 2.36681, 4.8516060
0xEEEE, 24047659, 7695, 0007, 2.36601, 4.8472572
0xEEEE, 24050777, 7696, 0007, 2.55055, 4.8609140
0xEEEE, 24053902, 7697, 0007, 2.55055, 4.8511482
0xEEEE, 24057036, 7698, 0006, 2.55055, 4.8600748
0xEEEE, 24060151, 7699, 0006, 2.56747, 4.8638132
0xEEEE, 24063287, 7700, 0005, 2.36440, 4.8561837
0xEEEE, 24066402, 7701, 0005, 1.97355, 4.8501564
0xEEEE, 24069534, 7702, 0004, 1.97516, 4.8506905
0xEEEE, 24072670, 7703, 0004, 1.97355, 4.8640421
0xEEEE, 24075789, 7704, 0003, 1.57546, 4.8578622
0xEEEE, 24078914, 7705, 0003, 1.57868, 4.8445869
0xEEEE, 24082045, 7706, 0002, 1.18462, 4.8535897
0xEEEE, 24085163, 7707, 0002, 1.18623, 4.8558022
0xEEEE, 24088288, 7708, 0001, 0.78813, 4.8542763
0xEEEE, 24091407, 7709, 0001, 0.39165, 4.8564126
0xEEEE, 24094536, 7710, 0000, 0.39326, 4.8623636
0xEEEE, 24097668, 7711, 0000, 0.39004, 4.8549630
0xEEEE, 24100787, 7712, 0000, 0.01209, 4.8377203
0xEEEE, 24103912, 7713, 0000, 0.01128, 4.8511482
0xEEEE, 24107063, 7714, 0001, 0.01128, 4.8633555
0xEEEE, 24110172, 7715, 0001, 0.01128, 4.8641947
0xEEEE, 24113276, 7716, 0002, 0.37553, 4.8492409
0xEEEE, 24116401, 7717, 0002, 0.81634, 4.8569467
0xEEEE, 24119526, 7718, 0003, 0.78813, 4.8612192
0xEEEE, 24122659, 7719, 0003, 0.78813, 4.8532845
0xEEEE, 24125778, 7720, 0004, 1.17333, 4.8487068
0xEEEE, 24128902, 7721, 0004, 1.16769, 4.8590066
0xEEEE, 24132036, 7722, 0005, 1.57949, 4.8513771
0xEEEE, 24135156, 7723, 0005, 1.57385, 4.8385595
0xEEEE, 24138288, 7724, 0006, 1.97275, 4.8545052
0xEEEE, 24141413, 7725, 0006, 2.29912, 4.8604562
0xEEEE, 24144538, 7726, 0007, 2.36842, 4.8611429
0xEEEE, 24147678, 7727, 0007, 2.36762, 4.8557259
0xEEEE, 24150789, 7728, 0007, 2.55136, 4.8558785
0xEEEE, 24153913, 7729, 0007, 2.55136, 4.8611429
0xEEEE, 24157048, 7730, 0006, 2.55136, 4.8554971
0xEEEE, 24160161, 7731, 0006, 2.54894, 4.8524453
0xEEEE, 24163286, 7732, 0005, 2.37004, 4.8564889
0xEEEE, 24166411, 7733, 0005, 1.97355, 4.8602274
0xEEEE, 24169537, 7734, 0004, 1.96872, 4.8567941
0xEEEE, 24172669, 7735, 0004, 1.97275, 4.8514534
0xEEEE, 24175786, 7736, 0003, 1.57626, 4.8607614
0xEEEE, 24178902, 7737, 0003, 1.57788, 4.8539712
0xEEEE, 24182035, 7738, 0002, 1.18703, 4.8460365
0xEEEE, 24185152, 7739, 0002, 1.19912, 4.8537423
0xEEEE, 24188278, 7740, 0001, 0.78894, 4.8652628
0xEEEE, 24191401, 7741, 0001, 0.78974, 4.8535897
0xEEEE, 24194537, 7742, 0000, 0.39326, 4.8496223
0xEEEE, 24197659, 7743, 0000, 0.39165, 4.8602274
0xEEEE, 24200779, 7744, 0000, 0.01451, 4.8516823
0xEEEE, 24203913, 7745, 0000, 0.01209, 4.8492409
0xEEEE, 24207073, 7746, 0001, 0.01209, 4.8504616
0xEEEE, 24210164, 7747, 0001, 0.37956, 4.8635843
0xEEEE, 24213289, 7748, 0002, 0.37956, 4.8511482
0xEEEE, 24216413, 7749, 0002, 0.39245, 4.8455024
0xEEEE, 24219537, 7750, 0003, 0.78813, 4.8528267
0xEEEE, 24222671, 7751, 0003, 0.78813, 4.8631266
0xEEEE, 24225786, 7752, 0004, 1.19106, 4.8517586
0xEEEE, 24228911, 7753, 0004, 1.18300, 4.8468757
0xEEEE, 24232046, 7754, 0005, 1.57868, 4.8564889
0xEEEE, 24235162, 7755, 0005, 2.00901, 4.8590066
0xEEEE, 24238286, 7756, 0006, 1.97275, 4.8564889
0xEEEE, 24241410, 7757, 0006, 1.93568, 4.8458839
0xEEEE, 24244535, 7758, 0007, 2.36681, 4.8625162
0xEEEE, 24247659, 7759, 0007, 2.36681, 4.8589303
0xEEEE, 24250778, 7760, 0007, 2.48850, 4.8541238
0xEEEE, 24253902, 7761, 0007, 2.55055, 4.8538186
0xEEEE, 24257036, 7762, 0006, 2.55136, 4.8654917
0xEEEE, 24260152, 7763, 0006, 2.36601, 4.8562600
0xEEEE, 24263277, 7764, 0005, 2.36762, 4.8427558
0xEEEE, 24266402, 7765, 0005, 2.36681, 4.8521401
0xEEEE, 24269538, 7766, 0004, 1.97436, 4.8606851
0xEEEE, 24272670, 7767, 0004, 1.97275, 4.8572519
0xEEEE, 24275788, 7768, 0003, 1.54967, 4.8563363
0xEEEE, 24278921, 7769, 0003, 1.57868, 4.8593118
0xEEEE, 24282046, 7770, 0002, 1.18220, 4.8510719
0xEEEE, 24285162, 7771, 0002, 0.73817, 4.8426032
0xEEEE, 24288288, 7772, 0001, 0.78894, 4.8521401
0xEEEE, 24291429, 7773, 0001, 0.78733, 4.8640421
0xEEEE, 24294536, 7774, 0000, 0.39245, 4.8532845
0xEEEE, 24297668, 7775, 0000, 0.39165, 4.8484016
0xEEEE, 24300787, 7776, 0000, 0.01048, 4.8545815
0xEEEE, 24303912, 7777, 0000, 0.01209, 4.8606851
0xEEEE, 24307063, 7778, 0001, 0.01209, 4.8527504
0xEEEE, 24310161, 7779, 0001, 0.40454, 4.8518349
0xEEEE, 24313278, 7780, 0002, 0.40615, 4.8577096
0xEEEE, 24316402, 7781, 0002, 0.42952, 4.8603799
0xEEEE, 24319527, 7782, 0003, 0.78813, 4.8462654
0xEEEE, 24322659, 7783, 0003, 0.78813, 4.8529030
0xEEEE, 24325777, 7784, 0004, 1.18784, 4.8675517
0xEEEE, 24328902, 7785, 0004, 1.18623, 4.8576333
0xEEEE, 24332035, 7786, 0005, 1.57868, 4.8477150
0xEEEE, 24335158, 7787, 0005, 1.99451, 4.8506905
0xEEEE, 24338298, 7788, 0006, 1.97355, 4.8623636
0xEEEE, 24341413, 7789, 0006, 1.98000, 4.8633555
0xEEEE, 24344538, 7790, 0007, 2.37084, 4.8502327
0xEEEE, 24347670, 7791, 0007, 2.36681, 4.8532082
0xEEEE, 24350789, 7792, 0007, 2.52718, 4.8590066
0xEEEE, 24353914, 7793, 0007, 2.55136, 4.8451972
0xEEEE, 24357047, 7794, 0006, 2.55136, 4.8566415
0xEEEE, 24360161, 7795, 0006, 2.55055, 4.8609903
0xEEEE, 24363286, 7796, 0005, 2.36601, 4.8562600
0xEEEE, 24366411, 7797, 0005, 2.36762, 4.8483253
0xEEEE, 24369537, 7798, 0004, 2.00337, 4.8557259
0xEEEE, 24372669, 7799, 0004, 1.97355, 4.8638895
0xEEEE, 24375794, 7800, 0003, 1.57465, 4.8600748
0xEEEE, 24378902, 7801, 0003, 1.18220, 4.8442054
0xEEEE, 24382036, 7802, 0002, 1.18462, 4.8522927
0xEEEE, 24385151, 7803, 0002, 1.20234, 4.8595407
0xEEEE, 24388276, 7804, 0001, 0.78813, 4.8535897
0xEEEE, 24391401, 7805, 0001, 0.78813, 4.8513008
0xEEEE, 24394527, 7806, 0000, 0.39165, 4.8601511
0xEEEE, 24397659, 7807, 0000, 0.39407, 4.8609140
0xEEEE, 24400781, 7808, 0000, 0.01128, 4.8397040
0xEEEE, 24403913, 7809, 0000, 0.01209, 4.8515297
0xEEEE, 24407064, 7810, 0001, 0.01209, 4.8652628
0xEEEE, 24410164, 7811, 0001, 0.01209, 4.8528267
0xEEEE, 24413289, 7812, 0002, 0.39568, 4.8460365
0xEEEE, 24416414, 7813, 0002, 0.34491, 4.8530556
0xEEEE, 24419538, 7814, 0003, 0.78813, 4.8597696
0xEEEE, 24422682, 7815, 0003, 0.78894, 4.8571756
0xEEEE, 24425786, 7816, 0004, 1.18300, 4.8515297
0xEEEE, 24428912, 7817, 0004, 1.57788, 4.8654154
0xEEEE, 24432043, 7818, 0005, 1.57788, 4.8615244
0xEEEE, 24435162, 7819, 0005, 1.57385, 4.8480201
0xEEEE, 24438287, 7820, 0006, 1.97275, 4.8639658
0xEEEE, 24441410, 7821, 0006, 1.97194, 4.8629740
0xEEEE, 24444526, 7822, 0007, 2.36681, 4.8599222
0xEEEE, 24447659, 7823, 0007, 2.35392, 4.8509194
0xEEEE, 24450777, 7824, 0007, 2.55861, 4.8458839
0xEEEE, 24453902, 7825, 0007, 2.54974, 4.8628214
0xEEEE, 24457036, 7826, 0006, 2.55216, 4.8558022
0xEEEE, 24460160, 7827, 0006, 2.51509, 4.8489357
0xEEEE, 24463277, 7828, 0005, 2.37407, 4.8580148
0xEEEE, 24466402, 7829, 0005, 2.36520, 4.8583200
0xEEEE, 24469537, 7830, 0004, 1.97275, 4.8487831
0xEEEE, 24472670, 7831, 0004, 1.97355, 4.8488594
0xEEEE, 24475788, 7832, 0003, 1.58513, 4.8656443
0xEEEE, 24478914, 7833, 0003, 1.18300, 4.8493935
0xEEEE, 24482047, 7834, 0002, 1.18381, 4.8442054
0xEEEE, 24485162, 7835, 0002, 1.19832, 4.8503853
0xEEEE, 24488288, 7836, 0001, 0.78813, 4.8558785
0xEEEE, 24491411, 7837, 0001, 0.78813, 4.8557259
0xEEEE, 24494536, 7838, 0000, 0.39245, 4.8516823
0xEEEE, 24497668, 7839, 0000, 0.39245, 4.8550393
0xEEEE, 24500788, 7840, 0000, 0.01209, 4.8555734
0xEEEE, 24503911, 7841, 0000, 0.01209, 4.8548867
0xEEEE, 24507073, 7842, 0001, 0.01209, 4.8487068
0xEEEE, 24510162, 7843, 0001, 0.01209, 4.8622110
0xEEEE, 24513277, 7844, 0002, 0.37231, 4.8563363
0xEEEE, 24516402, 7845, 0002, 0.42227, 4.8450446
0xEEEE, 24519526, 7846, 0003, 0.78813, 4.8542000
0xEEEE, 24522659, 7847, 0003, 1.18300, 4.8644999
0xEEEE, 24525777, 7848, 0004, 1.18462, 4.8557259
0xEEEE, 24528902, 7849, 0004, 1.21040, 4.8496223
0xEEEE, 24532036, 7850, 0005, 1.57788, 4.8507668
0xEEEE, 24535160, 7851, 0005, 1.57465, 4.8603799
0xEEEE, 24538288, 7852, 0006, 1.97355, 4.8506905
0xEEEE, 24541413, 7853, 0006, 1.98000, 4.8509194
0xEEEE, 24544545, 7854, 0007, 2.36601, 4.8641184
0xEEEE, 24547672, 7855, 0007, 2.55297, 4.8603799
0xEEEE, 24550789, 7856, 0007, 2.54652, 4.8494697
0xEEEE, 24553913, 7857, 0007, 2.55297, 4.8512245
0xEEEE, 24557050, 7858, 0006, 2.55136, 4.8632792
0xEEEE, 24560161, 7859, 0006, 2.56828, 4.8570230
0xEEEE, 24563287, 7860, 0005, 2.37165, 4.8457313
0xEEEE, 24566411, 7861, 0005, 2.36601, 4.8506905
0xEEEE, 24569536, 7862, 0004, 1.97919, 4.8604562
0xEEEE, 24572669, 7863, 0004, 1.57707, 4.8553445
0xEEEE, 24575786, 7864, 0003, 1.57304, 4.8557259
0xEEEE, 24578901, 7865, 0003, 1.57868, 4.8583963
0xEEEE, 24582036, 7866, 0002, 1.18300, 4.8561837
0xEEEE, 24585151, 7867, 0002, 1.17333, 4.8496223
0xEEEE, 24588276, 7868, 0001, 0.78894, 4.8539712
0xEEEE, 24591412, 7869, 0001, 0.78813, 4.8642710
0xEEEE, 24594526, 7870, 0000, 0.39326, 4.8638132
0xEEEE, 24597659, 7871, 0000, 0.01209, 4.8444343
0xEEEE, 24600782, 7872, 0000, 0.01209, 4.8542763
0xEEEE, 24603923, 7873, 0000, 0.01209, 4.8580911
0xEEEE, 24607064, 7874, 0001, 0.01289, 4.8597696
0xEEEE, 24610164, 7875, 0001, 0.01209, 4.8568704
0xEEEE, 24613289, 7876, 0002, 0.39810, 4.8606088
0xEEEE, 24616414, 7877, 0002, 0.42711, 4.8538186
0xEEEE, 24619538, 7878, 0003, 0.78894, 4.8542000
0xEEEE, 24622671, 7879, 0003, 1.18220, 4.8532082
0xEEEE, 24625788, 7880, 0004, 1.18462, 4.8641184
0xEEEE, 24628911, 7881, 0004, 1.20637, 4.8523690
0xEEEE, 24632043, 7882, 0005, 1.57868, 4.8499275
0xEEEE, 24635162, 7883, 0005, 1.58110, 4.8525216
0xEEEE, 24638286, 7884, 0006, 1.97194, 4.8594644
0xEEEE, 24641411, 7885, 0006, 1.97275, 4.8556497
0xEEEE, 24644527, 7886, 0007, 2.36923, 4.8506905
0xEEEE, 24647659, 7887, 0007, 2.55538, 4.8561074
0xEEEE, 24650788, 7888, 0007, 2.55458, 4.8570993
0xEEEE, 24653902, 7889, 0007, 2.55055, 4.8456550
0xEEEE, 24657035, 7890, 0006, 2.55216, 4.8561074
0xEEEE, 24660152, 7891, 0006, 2.54652, 4.8660258
0xEEEE, 24663276, 7892, 0005, 2.36520, 4.8548867
0xEEEE, 24666402, 7893, 0005, 2.37971, 4.8489357
0xEEEE, 24669538, 7894, 0004, 1.97839, 4.8523690
0xEEEE, 24672670, 7895, 0004, 1.97355, 4.8643473
0xEEEE, 24675796, 7896, 0003, 1.57788, 4.8497749
0xEEEE, 24678914, 7897, 0003, 1.57868, 4.8501564
0xEEEE, 24682047, 7898, 0002, 1.18220, 4.8588540
0xEEEE, 24685162, 7899, 0002, 1.17495, 4.8596170
0xEEEE, 24688297, 7900, 0001, 0.78813, 4.8532845
0xEEEE, 24691411, 7901, 0001, 0.39326, 4.8532082
0xEEEE, 24694536, 7902, 0000, 0.39165, 4.8649577
0xEEEE, 24697668, 7903, 0000, 0.39326, 4.8532845
0xEEEE, 24700788, 7904, 0000, 0.01209, 4.8448157
0xEEEE, 24703911, 7905, 0000, 0.01128, 4.8590829
0xEEEE, 24707063, 7906, 0001, 0.01128, 4.8656443
0xEEEE, 24710162, 7907, 0001, 0.01128, 4.8600748
0xEEEE, 24713277, 7908, 0002, 0.38117, 4.8503853
0xEEEE, 24716402, 7909, 0002, 0.75267, 4.8545052
0xEEEE, 24719526, 7910, 0003, 0.78894, 4.8522927
0xEEEE, 24722659, 7911, 0003, 0.78974, 4.8454261
0xEEEE, 24725777, 7912, 0004, 1.18220, 4.8521401
0xEEEE, 24728902, 7913, 0004, 1.15641, 4.8611429
0xEEEE, 24732035, 7914, 0005, 1.57868, 4.8609903
0xEEEE, 24735173, 7915, 0005, 1.58029, 4.8434424
0xEEEE, 24738288, 7916, 0006, 1.97114, 4.8541238
0xEEEE, 24741413, 7917, 0006, 2.35231, 4.8640421
0xEEEE, 24744538, 7918, 0007, 2.36681, 4.8598459
0xEEEE, 24747672, 7919, 0007, 2.36681, 4.8450446
0xEEEE, 24750790, 7920, 0007, 2.55055, 4.8567941
0xEEEE, 24753913, 7921, 0007, 2.55216, 4.8629740
0xEEEE, 24757051, 7922, 0006, 2.55216, 4.8588540
0xEEEE, 24760161, 7923, 0006, 2.55861, 4.8564126
0xEEEE, 24763286, 7924, 0005, 2.36842, 4.8609903
0xEEEE, 24766411, 7925, 0005, 1.97275, 4.8615244
0xEEEE, 24769537, 7926, 0004, 1.97839, 4.8460365
0xEEEE, 24772677, 7927, 0004, 1.97355, 4.8562600
0xEEEE, 24775786, 7928, 0003, 1.59158, 4.8660258
0xEEEE, 24778902, 7929, 0003, 1.57707, 4.8581674
0xEEEE, 24782036, 7930, 0002, 1.18220, 4.8513771
0xEEEE, 24785151, 7931, 0002, 1.17333, 4.8578622
0xEEEE, 24788276, 7932, 0001, 0.78894, 4.8597696
0xEEEE, 24791401, 7933, 0001, 0.39326, 4.8518349
0xEEEE, 24794527, 7934, 0000, 0.39245, 4.8517586
0xEEEE, 24797659, 7935, 0000, 0.39245, 4.8570993
0xEEEE, 24800784, 7936, 0000, 0.01451, 4.8585489
0xEEEE, 24803913, 7937, 0000, 0.01289, 4.8504616
0xEEEE, 24807064, 7938, 0001, 0.01209, 4.8541238
0xEEEE, 24810164, 7939, 0001, 0.01209, 4.8644236
0xEEEE, 24813289, 7940, 0002, 0.37956, 4.8607614
0xEEEE, 24816413, 7941, 0002, 0.39165, 4.8522927
0xEEEE, 24819549, 7942, 0003, 0.78894, 4.8558022
0xEEEE, 24822673, 7943, 0003, 0.78733, 4.8658732
0xEEEE, 24825787, 7944, 0004, 1.18784, 4.8526741
0xEEEE, 24828911, 7945, 0004, 1.16850, 4.8487831
0xEEEE, 24832052, 7946, 0005, 1.57788, 4.8579385
0xEEEE, 24835162, 7947, 0005, 1.99289, 4.8539712
0xEEEE, 24838286, 7948, 0006, 1.97355, 4.8525978
0xEEEE, 24841411, 7949, 0006, 1.94696, 4.8538186
0xEEEE, 24844526, 7950, 0007, 2.36681, 4.8619059
0xEEEE, 24847659, 7951, 0007, 2.36762, 4.8596933
0xEEEE, 24850777, 7952, 0007, 2.58520, 4.8422217
0xEEEE, 24853902, 7953, 0007, 2.55136, 4.8506142
0xEEEE, 24857042, 7954, 0006, 2.55136, 4.8598459
0xEEEE, 24860151, 7955, 0006, 2.36762, 4.8545052
0xEEEE, 24863276, 7956, 0005, 2.36601, 4.8422217
0xEEEE, 24866404, 7957, 0005, 2.36762, 4.8551156
0xEEEE, 24869538, 7958, 0004, 1.97516, 4.8564126
0xEEEE, 24872670, 7959, 0004, 1.97275, 4.8493935
0xEEEE, 24875789, 7960, 0003, 1.56740, 4.8551919
0xEEEE, 24878914, 7961, 0003, 1.57868, 4.8606851
0xEEEE, 24882047, 7962, 0002, 1.18139, 4.8557259
0xEEEE, 24885163, 7963, 0002, 0.77524, 4.8428321
0xEEEE, 24888276, 7964, 0001, 0.78813, 4.8517586
0xEEEE, 24891411, 7965, 0001, 0.78813, 4.8663310
0xEEEE, 24894536, 7966, 0000, 0.39245, 4.8505379
0xEEEE, 24897668, 7967, 0000, 0.39165, 4.8464179
0xEEEE, 24900787, 7968, 0000, 0.01128, 4.8567941
0xEEEE, 24903922, 7969, 0000, 0.01209, 4.8586252
0xEEEE, 24907064, 7970, 0001, 0.01209, 4.8506142
0xEEEE, 24910162, 7971, 0001, 0.39084, 4.8498512
0xEEEE, 24913276, 7972, 0002, 0.39004, 4.8612955
0xEEEE, 24916410, 7973, 0002, 0.42147, 4.8532082
0xEEEE, 24919526, 7974, 0003, 0.78974, 4.8535897
0xEEEE, 24922659, 7975, 0003, 0.78813, 4.8580148
0xEEEE, 24925777, 7976, 0004, 1.18300, 4.8668650
0xEEEE, 24928902, 7977, 0004, 1.16447, 4.8612192
0xEEEE, 24932036, 7978, 0005, 1.57949, 4.8530556
0xEEEE, 24935163, 7979, 0005, 1.99048, 4.8513771
0xEEEE, 24938289, 7980, 0006, 1.97275, 4.8614481
0xEEEE, 24941416, 7981, 0006, 1.97758, 4.8487068
0xEEEE, 24944539, 7982, 0007, 2.37084, 4.8486305
0xEEEE, 24947672, 7983, 0007, 2.36601, 4.8616770
0xEEEE, 24950788, 7984, 0007, 2.56586, 4.8544289
0xEEEE, 24953913, 7985, 0007, 2.55136, 4.8513771
0xEEEE, 24957054, 7986, 0006, 2.55055, 4.8520638
0xEEEE, 24960161, 7987, 0006, 2.36762, 4.8638132
0xEEEE, 24963297, 7988, 0005, 2.36601, 4.8542763
0xEEEE, 24966411, 7989, 0005, 2.36681, 4.8442054
0xEEEE, 24969537, 7990, 0004, 1.95341, 4.8545815
0xEEEE, 24972669, 7991, 0004, 1.97194, 4.8622873
0xEEEE, 24975786, 7992, 0003, 1.57465, 4.8582437
0xEEEE, 24978902, 7993, 0003, 1.57868, 4.8510719
0xEEEE, 24982036, 7994, 0002, 1.18220, 4.8586252
0xEEEE, 24985151, 7995, 0002, 1.15480, 4.8494697
0xEEEE, 24988287, 7996, 0001, 0.78894, 4.8425269
0xEEEE, 24991401, 7997, 0001, 0.78894, 4.8512245
0xEEEE, 24994527, 7998, 0000, 0.39245, 4.8641184
0xEEEE, 24997660, 7999, 0000, 0.39165, 4.8541238
0xEEEE, 25000794, 8000, 0000, 0.01209, 4.8387884
0xEEEE, 25003913, 8001, 0000, 0.01209, 4.8579385
0xEEEE, 25007064, 8002, 0001, 0.01209, 4.8618296
0xEEEE, 25010164, 8003, 0001, 0.01209, 4.8554208
0xEEEE, 25013288, 8004, 0002, 0.39971, 4.8429084
0xEEEE, 25016413, 8005, 0002, 0.37714, 4.8597696
0xEEEE, 25019538, 8006, 0003, 0.78813, 4.8547341
0xEEEE, 25022675, 8007, 0003, 0.78813, 4.8505379
0xEEEE, 25025786, 8008, 0004, 1.18381, 4.8581674
0xEEEE, 25028911, 8009, 0004, 1.57788, 4.8616007
0xEEEE, 25032043, 8010, 0005, 1.57788, 4.8455787
0xEEEE, 25035162, 8011, 0005, 1.56579, 4.8463416
0xEEEE, 25038286, 8012, 0006, 1.97275, 4.8525978
0xEEEE, 25041411, 8013, 0006, 1.96066, 4.8603037
0xEEEE, 25044526, 8014, 0007, 2.36762, 4.8564126
0xEEEE, 25047670, 8015, 0007, 2.41597, 4.8490883
0xEEEE, 25050777, 8016, 0007, 2.54974, 4.8535897
0xEEEE, 25053902, 8017, 0007, 2.55216, 4.8623636
0xEEEE, 25057036, 8018, 0006, 2.55136, 4.8496986
0xEEEE, 25060152, 8019, 0006, 2.60051, 4.8549630
0xEEEE, 25063278, 8020, 0005, 2.36601, 4.8597696
0xEEEE, 25066405, 8021, 0005, 2.36601, 4.8545052
0xEEEE, 25069538, 8022, 0004, 1.98645, 4.8516060
0xEEEE, 25072670, 8023, 0004, 1.97355, 4.8483253
0xEEEE, 25075789, 8024, 0003, 1.57304, 4.8660258
0xEEEE, 25078914, 8025, 0003, 1.18462, 4.8554971
0xEEEE, 25082046, 8026, 0002, 1.18542, 4.8468757
0xEEEE, 25085172, 8027, 0002, 1.18542, 4.8576333
0xEEEE, 25088278, 8028, 0001, 0.78733, 4.8630503
0xEEEE, 25091411, 8029, 0001, 0.78974, 4.8478676
0xEEEE, 25094536, 8030, 0000, 0.39326, 4.8501564
0xEEEE, 25097668, 8031, 0000, 0.39165, 4.8603799
0xEEEE, 25100787, 8032, 0000, 0.01209, 4.8566415
0xEEEE, 25103912, 8033, 0000, 0.01209, 4.8554208
0xEEEE, 25107065, 8034, 0001, 0.01451, 4.8576333
0xEEEE, 25110153, 8035, 0001, 0.01128, 4.8621347
0xEEEE, 25113276, 8036, 0002, 0.37311, 4.8547341
0xEEEE, 25116401, 8037, 0002, 0.42630, 4.8440528
0xEEEE, 25119526, 8038, 0003, 0.78894, 4.8564126
0xEEEE, 25122659, 8039, 0003, 0.78974, 4.8601511
0xEEEE, 25125778, 8040, 0004, 1.18220, 4.8677806
0xEEEE, 25128902, 8041, 0004, 1.18703, 4.8496223
0xEEEE, 25132044, 8042, 0005, 1.57868, 4.8561837
0xEEEE, 25135163, 8043, 0005, 1.57143, 4.8603037
0xEEEE, 25138288, 8044, 0006, 1.97275, 4.8539712
0xEEEE, 25141413, 8045, 0006, 1.98081, 4.8480201
0xEEEE, 25144539, 8046, 0007, 2.36601, 4.8634318
0xEEEE, 25147671, 8047, 0007, 2.55216, 4.8554971
0xEEEE, 25150788, 8048, 0007, 2.54894, 4.8531319
0xEEEE, 25153902, 8049, 0007, 2.55216, 4.8522927
0xEEEE, 25157054, 8050, 0006, 2.55055, 4.8629740
0xEEEE, 25160161, 8051, 0006, 2.52799, 4.8538186
0xEEEE, 25163286, 8052, 0005, 2.36117, 4.8488594
0xEEEE, 25166412, 8053, 0005, 2.36601, 4.8547341
0xEEEE, 25169545, 8054, 0004, 1.98161, 4.8556497
0xEEEE, 25172669, 8055, 0004, 1.57707, 4.8568704
0xEEEE, 25175786, 8056, 0003, 1.57223, 4.8543526
0xEEEE, 25178902, 8057, 0003, 1.57788, 4.8638132
0xEEEE, 25182036, 8058, 0002, 1.18381, 4.8569467
0xEEEE, 25185151, 8059, 0002, 1.18945, 4.8481727
0xEEEE, 25188278, 8060, 0001, 0.78813, 4.8508431
0xEEEE, 25191402, 8061, 0001, 0.78894, 4.8622873
0xEEEE, 25194527, 8062, 0000, 0.39245, 4.8538949
0xEEEE, 25197659, 8063, 0000, 0.01209, 4.8500801
0xEEEE, 25200786, 8064, 0000, 0.01209, 4.8538186
0xEEEE, 25203913, 8065, 0000, 0.01209, 4.8602274
0xEEEE, 25207064, 8066, 0001, 0.01128, 4.8536660
0xEEEE, 25210164, 8067, 0001, 0.01209, 4.8571756
0xEEEE, 25213289, 8068, 0002, 0.40374, 4.8606088
0xEEEE, 25216424, 8069, 0002, 0.39326, 4.8522164
0xEEEE, 25219538, 8070, 0003, 0.78894, 4.8463416
0xEEEE, 25222676, 8071, 0003, 1.18381, 4.8590066
0xEEEE, 25225786, 8072, 0004, 1.18381, 4.8628977
0xEEEE, 25228920, 8073, 0004, 1.15238, 4.8490120
0xEEEE, 25232043, 8074, 0005, 1.57707, 4.8526741
0xEEEE, 25235161, 8075, 0005, 1.58432, 4.8534371
0xEEEE, 25238286, 8076, 0006, 1.97355, 4.8603037
0xEEEE, 25241410, 8077, 0006, 1.96872, 4.8529030
0xEEEE, 25244526, 8078, 0007, 2.36762, 4.8511482
0xEEEE, 25247659, 8079, 0007, 2.55055, 4.8570993
0xEEEE, 25250778, 8080, 0007, 2.54733, 4.8574807
0xEEEE, 25253911, 8081, 0007, 2.55216, 4.8432136
0xEEEE, 25257036, 8082, 0006, 2.55136, 4.8535897
0xEEEE, 25260151, 8083, 0006, 2.53282, 4.8641947
0xEEEE, 25263276, 8084, 0005, 2.37004, 4.8567178
0xEEEE, 25266407, 8085, 0005, 2.36681, 4.8403906
0xEEEE, 25269538, 8086, 0004, 1.96711, 4.8554208
0xEEEE, 25272670, 8087, 0004, 1.57626, 4.8623636
0xEEEE, 25275789, 8088, 0003, 1.57626, 4.8516823
0xEEEE, 25278914, 8089, 0003, 1.57788, 4.8535897
0xEEEE, 25282046, 8090, 0002, 1.18220, 4.8553445
0xEEEE, 25285163, 8091, 0002, 1.17333, 4.8541238
0xEEEE, 25288279, 8092, 0001, 0.78894, 4.8499275
0xEEEE, 25291411, 8093, 0001, 0.78894, 4.8533608
0xEEEE, 25294536, 8094, 0000, 0.39245, 4.8619059
0xEEEE, 25297668, 8095, 0000, 0.39245, 4.8580911
0xEEEE, 25300796, 8096, 0000, 0.01128, 4.8453498
0xEEEE, 25303912, 8097, 0000, 0.01128, 4.8567941
0xEEEE, 25307065, 8098, 0001, 0.01209, 4.8642710
0xEEEE, 25310153, 8099, 0001, 0.01209, 4.8474098
0xEEEE, 25313286, 8100, 0002, 0.39568, 4.8518349
0xEEEE, 25316401, 8101, 0002, 0.80183, 4.8574807
0xEEEE, 25319526, 8102, 0003, 0.78813, 4.8580911
0xEEEE, 25322659, 8103, 0003, 0.78894, 4.8581674
0xEEEE, 25325777, 8104, 0004, 1.18381, 4.8551156
0xEEEE, 25328902, 8105, 0004, 1.18623, 4.8596170
0xEEEE, 25332036, 8106, 0005, 1.57949, 4.8618296
0xEEEE, 25335163, 8107, 0005, 1.58271, 4.8464179
0xEEEE, 25338287, 8108, 0006, 1.97275, 4.8559548
0xEEEE, 25341413, 8109, 0006, 2.39985, 4.8642710
0xEEEE, 25344539, 8110, 0007, 2.36681, 4.8545052
0xEEEE, 25347671, 8111, 0007, 2.36601, 4.8521401
0xEEEE, 25350788, 8112, 0007, 2.54974, 4.8579385
0xEEEE, 25353902, 8113, 0007, 2.55216, 4.8554208
0xEEEE, 25357054, 8114, 0006, 2.55055, 4.8531319
0xEEEE, 25360172, 8115, 0006, 2.54733, 4.8493935
0xEEEE, 25363286, 8116, 0005, 2.36601, 4.8612192
0xEEEE, 25366412, 8117, 0005, 1.97355, 4.8551919
0xEEEE, 25369537, 8118, 0004, 1.97194, 4.8490120
0xEEEE, 25372669, 8119, 0004, 1.97355, 4.8567178
0xEEEE, 25375787, 8120, 0003, 1.57626, 4.8619821
0xEEEE, 25378902, 8121, 0003, 1.57868, 4.8542763
0xEEEE, 25382036, 8122, 0002, 1.18381, 4.8512245
0xEEEE, 25385157, 8123, 0002, 1.18381, 4.8540475
0xEEEE, 25388277, 8124, 0001, 0.78813, 4.8602274
0xEEEE, 25391402, 8125, 0001, 0.39165, 4.8561837
0xEEEE, 25394527, 8126, 0000, 0.39245, 4.8490120
0xEEEE, 25397669, 8127, 0000, 0.39326, 4.8610666
0xEEEE, 25400788, 8128, 0000, 0.01451, 4.8627451
0xEEEE, 25403913, 8129, 0000, 0.01209, 4.8467231
0xEEEE, 25407064, 8130, 0001, 0.01209, 4.8537423
0xEEEE, 25410164, 8131, 0001, 0.01209, 4.8667124
0xEEEE, 25413288, 8132, 0002, 0.39004, 4.8618296
0xEEEE, 25416413, 8133, 0002, 0.79458, 4.8490120
0xEEEE, 25419538, 8134, 0003, 0.78813, 4.8553445
0xEEEE, 25422678, 8135, 0003, 0.78813, 4.8639658
0xEEEE, 25425786, 8136, 0004, 1.17978, 4.8522164
0xEEEE, 25428911, 8137, 0004, 1.19590, 4.8508431
0xEEEE, 25432043, 8138, 0005, 1.57788, 4.8567941
0xEEEE, 25435161, 8139, 0005, 1.57707, 4.8522164
0xEEEE, 25438287, 8140, 0006, 1.97275, 4.8471809
0xEEEE, 25441411, 8141, 0006, 2.26689, 4.8610666
0xEEEE, 25444547, 8142, 0007, 2.36520, 4.8646525
0xEEEE, 25447659, 8143, 0007, 2.36762, 4.8519875
0xEEEE, 25450777, 8144, 0007, 2.53121, 4.8430610
0xEEEE, 25453902, 8145, 0007, 2.55055, 4.8591592
0xEEEE, 25457035, 8146, 0006, 2.55136, 4.8642710
0xEEEE, 25460151, 8147, 0006, 2.55136, 4.8522164
0xEEEE, 25463276, 8148, 0005, 2.36681, 4.8510719
0xEEEE, 25466408, 8149, 0005, 2.36681, 4.8578622
0xEEEE, 25469538, 8150, 0004, 1.97033, 4.8554208
0xEEEE, 25472670, 8151, 0004, 1.97275, 4.8461128
0xEEEE, 25475789, 8152, 0003, 1.56418, 4.8567178
0xEEEE, 25478914, 8153, 0003, 1.57949, 4.8605325
0xEEEE, 25482053, 8154, 0002, 1.18139, 4.8547341
0xEEEE, 25485163, 8155, 0002, 0.81070, 4.8443580
0xEEEE, 25488280, 8156, 0001, 0.78974, 4.8620584
0xEEEE, 25491411, 8157, 0001, 0.78813, 4.8617533
0xEEEE, 25494536, 8158, 0000, 0.39245, 4.8521401
0xEEEE, 25497668, 8159, 0000, 0.39165, 4.8474098
0xEEEE, 25500787, 8160, 0000, 0.01128, 4.8593118
0xEEEE, 25503911, 8161, 0000, 0.01209, 4.8534371
0xEEEE, 25507064, 8162, 0001, 0.01128, 4.8599222
0xEEEE, 25510153, 8163, 0001, 0.38762, 4.8543526
0xEEEE, 25513276, 8164, 0002, 0.39326, 4.8578622
0xEEEE, 25516401, 8165, 0002, 0.41582, 4.8489357
0xEEEE, 25519527, 8166, 0003, 0.78894, 4.8468757
0xEEEE, 25522659, 8167, 0003, 0.78813, 4.8599222
0xEEEE, 25525777, 8168, 0004, 1.18139, 4.8670939
0xEEEE, 25528914, 8169, 0004, 1.17011, 4.8553445
0xEEEE, 25532037, 8170, 0005, 1.57788, 4.8484779
0xEEEE, 25535163, 8171, 0005, 1.98081, 4.8565652
0xEEEE, 25538288, 8172, 0006, 1.97275, 4.8650340
0xEEEE, 25541413, 8173, 0006, 1.96308, 4.8568704
0xEEEE, 25544539, 8174, 0007, 2.36520, 4.8543526
0xEEEE, 25547671, 8175, 0007, 2.34667, 4.8592355
0xEEEE, 25550789, 8176, 0007, 2.55538, 4.8438239
0xEEEE, 25553903, 8177, 0007, 2.55136, 4.8479438
0xEEEE, 25557054, 8178, 0006, 2.55055, 4.8558785
0xEEEE, 25560161, 8179, 0006, 2.34747, 4.8642710
0xEEEE, 25563287, 8180, 0005, 2.36520, 4.8535897
0xEEEE, 25566418, 8181, 0005, 2.36601, 4.8484779
0xEEEE, 25569537, 8182, 0004, 1.98645, 4.8565652
0xEEEE, 25572668, 8183, 0004, 1.97275, 4.8503090
0xEEEE, 25575777, 8184, 0003, 1.57062, 4.8530556
0xEEEE, 25578902, 8185, 0003, 1.61172, 4.8473335
0xEEEE, 25582036, 8186, 0002, 1.18381, 4.8589303
0xEEEE, 25585152, 8187, 0002, 0.78007, 4.8589303
0xEEEE, 25588277, 8188, 0001, 0.81553, 4.8506905
0xEEEE, 25591402, 8189, 0001, 0.78733, 4.8553445
0xEEEE, 25594526, 8190, 0000, 0.39245, 4.8633555
0xEEEE, 25597659, 8191, 0000, 0.39326, 4.8513771
0xEEEE, 25600788, 8192, 0000, 0.01209, 4.8464179
0xEEEE, 25603913, 8193, 0000, 0.01209, 4.8583963
0xEEEE, 25607064, 8194, 0001, 0.01370, 4.8625925
0xEEEE, 25610164, 8195, 0001, 0.01209, 4.8514534
0xEEEE, 25613299, 8196, 0002, 0.38842, 4.8479438
0xEEEE, 25616412, 8197, 0002, 0.38440, 4.8581674
0xEEEE, 25619526, 8198, 0003, 0.78894, 4.8606088
0xEEEE, 25622679, 8199, 0003, 0.78894, 4.8488594
0xEEEE, 25625796, 8200, 0004, 1.18381, 4.8517586
0xEEEE, 25628911, 8201, 0004, 1.55128, 4.8598459
0xEEEE, 25632043, 8202, 0005, 1.57788, 4.8566415
0xEEEE, 25635161, 8203, 0005, 1.57626, 4.8473335
0xEEEE, 25638285, 8204, 0006, 1.97516, 4.8639658
0xEEEE, 25641411, 8205, 0006, 1.97114, 4.8638132
0xEEEE, 25644526, 8206, 0007, 2.36520, 4.8501564
0xEEEE, 25647659, 8207, 0007, 2.36117, 4.8548867
0xEEEE, 25650779, 8208, 0007, 2.55780, 4.8612192
0xEEEE, 25653902, 8209, 0007, 2.55136, 4.8613718
0xEEEE, 25657036, 8210, 0006, 2.57231, 4.8551156
0xEEEE, 25660151, 8211, 0006, 2.53927, 4.8601511
0xEEEE, 25663277, 8212, 0005, 2.36681, 4.8628214
0xEEEE, 25666410, 8213, 0005, 2.36601, 4.8572519
0xEEEE, 25669538, 8214, 0004, 1.97839, 4.8496223
0xEEEE, 25672680, 8215, 0004, 1.97355, 4.8551156
0xEEEE, 25675789, 8216, 0003, 1.57707, 4.8655680
0xEEEE, 25678914, 8217, 0003, 1.18462, 4.8585489
0xEEEE, 25682047, 8218, 0002, 1.18300, 4.8487068
0xEEEE, 25685163, 8219, 0002, 1.17414, 4.8586252
0xEEEE, 25688284, 8220, 0001, 0.76073, 4.8563363
0xEEEE, 25691411, 8221, 0001, 0.78813, 4.8506905
0xEEEE, 25694536, 8222, 0000, 0.39165, 4.8575570
0xEEEE, 25697678, 8223, 0000, 0.39245, 4.8588540
0xEEEE, 25700787, 8224, 0000, 0.01209, 4.8608377
0xEEEE, 25703911, 8225, 0000, 0.01209, 4.8503853
0xEEEE, 25707064, 8226, 0001, 0.01128, 4.8609903
0xEEEE, 25710170, 8227, 0001, 0.01209, 4.8606851
0xEEEE, 25713277, 8228, 0002, 0.39326, 4.8577096
0xEEEE, 25716401, 8229, 0002, 0.37956, 4.8490120
0xEEEE, 25719526, 8230, 0003, 0.82520, 4.8578622
0xEEEE, 25722659, 8231, 0003, 0.78733, 4.8526741
0xEEEE, 25725777, 8232, 0004, 1.18220, 4.8545815
0xEEEE, 25728902, 8233, 0004, 1.55773, 4.8548104
0xEEEE, 25732038, 8234, 0005, 1.57707, 4.8596933
0xEEEE, 25735163, 8235, 0005, 1.57546, 4.8477913
0xEEEE, 25738287, 8236, 0006, 1.97436, 4.8522164
0xEEEE, 25741413, 8237, 0006, 1.97355, 4.8576333
0xEEEE, 25744539, 8238, 0007, 2.36520, 4.8630503
0xEEEE, 25747671, 8239, 0007, 2.36681, 4.8522164
0xEEEE, 25750790, 8240, 0007, 2.55538, 4.8498512
0xEEEE, 25753905, 8241, 0007, 2.55216, 4.8583200
0xEEEE, 25757064, 8242, 0006, 2.58440, 4.8609903
0xEEEE, 25760161, 8243, 0006, 2.54974, 4.8521401
0xEEEE, 25763286, 8244, 0005, 2.36681, 4.8508431
0xEEEE, 25766412, 8245, 0005, 2.29993, 4.8591592
0xEEEE, 25769537, 8246, 0004, 1.96872, 4.8595407
0xEEEE, 25772668, 8247, 0004, 1.97275, 4.8521401
0xEEEE, 25775777, 8248, 0003, 1.57626, 4.8597696
0xEEEE, 25778902, 8249, 0003, 1.57788, 4.8631266
0xEEEE, 25782035, 8250, 0002, 1.18381, 4.8625162
0xEEEE, 25785152, 8251, 0002, 1.18703, 4.8439765
0xEEEE, 25788277, 8252, 0001, 0.77040, 4.8616770
0xEEEE, 25791401, 8253, 0001, 0.78813, 4.8572519
0xEEEE, 25794536, 8254, 0000, 0.39326, 4.8497749
0xEEEE, 25797660, 8255, 0000, 0.01209, 4.8545815
0xEEEE, 25800788, 8256, 0000, 0.01209, 4.8581674
0xEEEE, 25803914, 8257, 0000, 0.01209, 4.8570993
0xEEEE, 25807065, 8258, 0001, 0.01209, 4.8492409
0xEEEE, 25810164, 8259, 0001, 0.01209, 4.8535897
0xEEEE, 25813290, 8260, 0002, 0.39004, 4.8570230
0xEEEE, 25816413, 8261, 0002, 0.39487, 4.8457313
0xEEEE, 25819526, 8262, 0003, 0.76154, 4.8452735
0xEEEE, 25822679, 8263, 0003, 1.18300, 4.8610666
0xEEEE, 25825786, 8264, 0004, 1.18381, 4.8622873
0xEEEE, 25828911, 8265, 0004, 1.18381, 4.8543526
0xEEEE, 25832042, 8266, 0005, 1.57868, 4.8434424
0xEEEE, 25835162, 8267, 0005, 1.57707, 4.8567178
0xEEEE, 25838285, 8268, 0006, 1.97275, 4.8617533
0xEEEE, 25841422, 8269, 0006, 1.97355, 4.8528267
0xEEEE, 25844527, 8270, 0007, 2.36762, 4.8503853
0xEEEE, 25847659, 8271, 0007, 2.55216, 4.8625162
0xEEEE, 25850777, 8272, 0007, 2.55136, 4.8523690
0xEEEE, 25853901, 8273, 0007, 2.55136, 4.8506905
0xEEEE, 25857035, 8274, 0006, 2.55216, 4.8586252
0xEEEE, 25860151, 8275, 0006, 2.55377, 4.8619059
0xEEEE, 25863277, 8276, 0005, 2.36681, 4.8548104
0xEEEE, 25866413, 8277, 0005, 2.35634, 4.8488594
0xEEEE, 25869538, 8278, 0004, 1.97275, 4.8570993
0xEEEE, 25872670, 8279, 0004, 1.57868, 4.8610666
0xEEEE, 25875790, 8280, 0003, 1.57788, 4.8534371
0xEEEE, 25878922, 8281, 0003, 1.57788, 4.8551919
0xEEEE, 25882047, 8282, 0002, 1.18220, 4.8589303
0xEEEE, 25885162, 8283, 0002, 1.18542, 4.8504616
0xEEEE, 25888283, 8284, 0001, 0.80183, 4.8477150
0xEEEE, 25891411, 8285, 0001, 0.78894, 4.8593881
0xEEEE, 25894536, 8286, 0000, 0.39245, 4.8599985
0xEEEE, 25897668, 8287, 0000, 0.01128, 4.8484016
0xEEEE, 25900787, 8288, 0000, 0.01128, 4.8447395
0xEEEE, 25903910, 8289, 0000, 0.01209, 4.8589303
0xEEEE, 25907064, 8290, 0001, 0.01128, 4.8566415
0xEEEE, 25910153, 8291, 0001, 0.01209, 4.8535897
0xEEEE, 25913276, 8292, 0002, 0.39326, 4.8502327
0xEEEE, 25916401, 8293, 0002, 0.39890, 4.8565652
0xEEEE, 25919527, 8294, 0003, 0.76073, 4.8559548
0xEEEE, 25922659, 8295, 0003, 0.78733, 4.8498512
0xEEEE, 25925788, 8296, 0004, 1.18381, 4.8541238
0xEEEE, 25928902, 8297, 0004, 1.18542, 4.8656443
0xEEEE, 25932040, 8298, 0005, 1.57788, 4.8572519
0xEEEE, 25935163, 8299, 0005, 1.57788, 4.8531319
0xEEEE, 25938297, 8300, 0006, 1.97114, 4.8565652
0xEEEE, 25941413, 8301, 0006, 2.36037, 4.8657206
0xEEEE, 25944539, 8302, 0007, 2.36681, 4.8549630
0xEEEE, 25947672, 8303, 0007, 2.40147, 4.8479438
0xEEEE, 25950789, 8304, 0007, 2.55216, 4.8572519
0xEEEE, 25953905, 8305, 0007, 2.55136, 4.8607614
0xEEEE, 25957042, 8306, 0006, 2.55136, 4.8525978
0xEEEE, 25960161, 8307, 0006, 2.55136, 4.8600748
0xEEEE, 25963292, 8308, 0005, 2.36681, 4.8622873
0xEEEE, 25966412, 8309, 0005, 1.97275, 4.8551919
0xEEEE, 25969536, 8310, 0004, 1.97355, 4.8377203
0xEEEE, 25972668, 8311, 0004, 1.97355, 4.8566415
0xEEEE, 25975777, 8312, 0003, 1.57788, 4.8636606
0xEEEE, 25978902, 8313, 0003, 1.58674, 4.8556497
0xEEEE, 25982035, 8314, 0002, 1.18300, 4.8508431
0xEEEE, 25985151, 8315, 0002, 1.18300, 4.8596933
0xEEEE, 25988276, 8316, 0001, 0.79861, 4.8591592
0xEEEE, 25991401, 8317, 0001, 0.39326, 4.8582437
0xEEEE, 25994526, 8318, 0000, 0.39245, 4.8535897
0xEEEE, 25997662, 8319, 0000, 0.39326, 4.8600748
0xEEEE, 26000789, 8320, 0000, 0.01289, 4.8512245
0xEEEE, 26003913, 8321, 0000, 0.01209, 4.8535897
0xEEEE, 26007065, 8322, 0001, 0.01209, 4.8558022
0xEEEE, 26010173, 8323, 0001, 0.01209, 4.8591592
0xEEEE, 26013288, 8324, 0002, 0.39165, 4.8538186
0xEEEE, 26016413, 8325, 0002, 0.79216, 4.8406195
0xEEEE, 26019526, 8326, 0003, 0.79055, 4.8593881
0xEEEE, 26022688, 8327, 0003, 0.78733, 4.8674754
0xEEEE, 26025786, 8328, 0004, 1.18381, 4.8545815
0xEEEE, 26028912, 8329, 0004, 1.18542, 4.8480964
0xEEEE, 26032043, 8330, 0005, 1.57788, 4.8587778
0xEEEE, 26035162, 8331, 0005, 1.57868, 4.8496223
0xEEEE, 26038285, 8332, 0006, 1.98161, 4.8559548
0xEEEE, 26041401, 8333, 0006, 2.36762, 4.8599222
0xEEEE, 26044526, 8334, 0007, 2.36681, 4.8659495
0xEEEE, 26047660, 8335, 0007, 2.37407, 4.8478676
0xEEEE, 26050777, 8336, 0007, 2.55136, 4.8489357
0xEEEE, 26053902, 8337, 0007, 2.55216, 4.8564889
0xEEEE, 26057036, 8338, 0006, 2.59648, 4.8609903
0xEEEE, 26060151, 8339, 0006, 2.55216, 4.8509194
0xEEEE, 26063278, 8340, 0005, 2.36601, 4.8549630
0xEEEE, 26066413, 8341, 0005, 1.97839, 4.8601511
0xEEEE, 26069548, 8342, 0004, 1.97355, 4.8622873
0xEEEE, 26072670, 8343, 0004, 1.97275, 4.8512245
0xEEEE, 26075789, 8344, 0003, 1.57868, 4.8556497
0xEEEE, 26078914, 8345, 0003, 1.59480, 4.8656443
0xEEEE, 26082046, 8346, 0002, 1.18300, 4.8506142
0xEEEE, 26085163, 8347, 0002, 1.18220, 4.8422217
0xEEEE, 26088286, 8348, 0001, 0.77927, 4.8616007
0xEEEE, 26091411, 8349, 0001, 0.78813, 4.8606851
0xEEEE, 26094540, 8350, 0000, 0.39165, 4.8510719
0xEEEE, 26097668, 8351, 0000, 0.39245, 4.8514534
0xEEEE, 26100787, 8352, 0000, 0.01209, 4.8570993
0xEEEE, 26103911, 8353, 0000, 0.01209, 4.8511482
0xEEEE, 26107072, 8354, 0001, 0.01451, 4.8555734
0xEEEE, 26110153, 8355, 0001, 0.39245, 4.8615244
0xEEEE, 26113276, 8356, 0002, 0.39326, 4.8618296
0xEEEE, 26116402, 8357, 0002, 0.39407, 4.8489357
0xEEEE, 26119527, 8358, 0003, 0.78168, 4.8508431
0xEEEE, 26122659, 8359, 0003, 0.72447, 4.8592355
0xEEEE, 26125778, 8360, 0004, 1.18381, 4.8617533
0xEEEE, 26128902, 8361, 0004, 1.18300, 4.8522927
0xEEEE, 26132042, 8362, 0005, 1.57868, 4.8496223
0xEEEE, 26135163, 8363, 0005, 1.97275, 4.8641184
0xEEEE, 26138288, 8364, 0006, 1.98161, 4.8578622
0xEEEE, 26141413, 8365, 0006, 1.97275, 4.8522164
0xEEEE, 26144539, 8366, 0007, 2.34344, 4.8558785
0xEEEE, 26147672, 8367, 0007, 2.36359, 4.8614481
0xEEEE, 26150789, 8368, 0007, 2.55055, 4.8471809
0xEEEE, 26153930, 8369, 0007, 2.56022, 4.8501564
0xEEEE, 26157042, 8370, 0006, 2.56586, 4.8606851
0xEEEE, 26160161, 8371, 0006, 2.36359, 4.8613718
0xEEEE, 26163286, 8372, 0005, 2.36681, 4.8580911
0xEEEE, 26166411, 8373, 0005, 2.33861, 4.8476387
0xEEEE, 26169536, 8374, 0004, 1.97436, 4.8562600
0xEEEE, 26172668, 8375, 0004, 1.95421, 4.8603799
0xEEEE, 26175777, 8376, 0003, 1.57868, 4.8477913
0xEEEE, 26178902, 8377, 0003, 1.57465, 4.8533608
0xEEEE, 26182035, 8378, 0002, 1.18300, 4.8585489
0xEEEE, 26185151, 8379, 0002, 0.78974, 4.8509194
0xEEEE, 26188278, 8380, 0001, 0.79297, 4.8499275
0xEEEE, 26191410, 8381, 0001, 0.81473, 4.8570230
0xEEEE, 26194526, 8382, 0000, 0.39245, 4.8627451
0xEEEE, 26197664, 8383, 0000, 0.39165, 4.8500038
0xEEEE, 26200789, 8384, 0000, 0.01209, 4.8483253
0xEEEE, 26203913, 8385, 0000, 0.01209, 4.8609903
0xEEEE, 26207065, 8386, 0001, 0.01128, 4.8603799
0xEEEE, 26210164, 8387, 0001, 0.38923, 4.8519875
0xEEEE, 26213288, 8388, 0002, 0.39165, 4.8558022
0xEEEE, 26216413, 8389, 0002, 0.39165, 4.8582437
0xEEEE, 26219528, 8390, 0003, 0.79377, 4.8547341
0xEEEE, 26222668, 8391, 0003, 0.79619, 4.8521401
0xEEEE, 26225786, 8392, 0004, 1.18381, 4.8583963
0xEEEE, 26228912, 8393, 0004, 1.18300, 4.8615244
0xEEEE, 26232043, 8394, 0005, 1.61253, 4.8546578
0xEEEE, 26235161, 8395, 0005, 1.57707, 4.8471046
0xEEEE, 26238297, 8396, 0006, 1.96469, 4.8582437
0xEEEE, 26241401, 8397, 0006, 1.97355, 4.8561074
0xEEEE, 26244526, 8398, 0007, 2.36681, 4.8505379
0xEEEE, 26247659, 8399, 0007, 2.36520, 4.8520638
0xEEEE, 26250778, 8400, 0007, 2.55055, 4.8567178
0xEEEE, 26253902, 8401, 0007, 2.55136, 4.8594644
0xEEEE, 26257035, 8402, 0006, 2.55538, 4.8516823
0xEEEE, 26260152, 8403, 0006, 2.55055, 4.8612192
0xEEEE, 26263278, 8404, 0005, 2.40872, 4.8628214
0xEEEE, 26266413, 8405, 0005, 2.37487, 4.8461128
0xEEEE, 26269538, 8406, 0004, 1.97355, 4.8472572
0xEEEE, 26272670, 8407, 0004, 1.98081, 4.8594644
0xEEEE, 26275796, 8408, 0003, 1.57788, 4.8661021
0xEEEE, 26278915, 8409, 0003, 1.17253, 4.8467994
0xEEEE, 26282047, 8410, 0002, 1.21282, 4.8415351
0xEEEE, 26285152, 8411, 0002, 1.18381, 4.8583200
0xEEEE, 26288286, 8412, 0001, 0.78974, 4.8580148
0xEEEE, 26291411, 8413, 0001, 0.79941, 4.8421454
0xEEEE, 26294536, 8414, 0000, 0.39729, 4.8514534
0xEEEE, 26297668, 8415, 0000, 0.39729, 4.8598459
0xEEEE, 26300787, 8416, 0000, 0.01209, 4.8507668
0xEEEE, 26303911, 8417, 0000, 0.01209, 4.8442054
0xEEEE, 26307064, 8418, 0001, 0.01209, 4.8587778
0xEEEE, 26310153, 8419, 0001, 0.01289, 4.8619821
0xEEEE, 26313278, 8420, 0002, 0.39326, 4.8489357
0xEEEE, 26316402, 8421, 0002, 0.39084, 4.8493935
0xEEEE, 26319526, 8422, 0003, 0.78974, 4.8574044
0xEEEE, 26322670, 8423, 0003, 0.79941, 4.8621347
0xEEEE, 26325777, 8424, 0004, 1.18381, 4.8509194
0xEEEE, 26328902, 8425, 0004, 1.57788, 4.8570993
0xEEEE, 26332044, 8426, 0005, 1.58916, 4.8587015
0xEEEE, 26335171, 8427, 0005, 1.57788, 4.8471046
0xEEEE, 26338288, 8428, 0006, 1.95421, 4.8483253
0xEEEE, 26341413, 8429, 0006, 1.97275, 4.8583200
0xEEEE, 26344538, 8430, 0007, 2.36681, 4.8641184
0xEEEE, 26347671, 8431, 0007, 2.36762, 4.8484779
0xEEEE, 26350788, 8432, 0007, 2.55136, 4.8499275
0xEEEE, 26353910, 8433, 0007, 2.55055, 4.8619821
0xEEEE, 26357043, 8434, 0006, 2.55377, 4.8567178
0xEEEE, 26360162, 8435, 0006, 2.55055, 4.8493935
0xEEEE, 26363286, 8436, 0005, 2.36681, 4.8538186
0xEEEE, 26366412, 8437, 0005, 2.36601, 4.8592355
0xEEEE, 26369536, 8438, 0004, 1.97355, 4.8581674
0xEEEE, 26372668, 8439, 0004, 1.97516, 4.8549630
0xEEEE, 26375778, 8440, 0003, 1.57949, 4.8591592
0xEEEE, 26378902, 8441, 0003, 1.18623, 4.8635080
0xEEEE, 26382047, 8442, 0002, 1.16689, 4.8411536
0xEEEE, 26385151, 8443, 0002, 1.18381, 4.8496986
0xEEEE, 26388276, 8444, 0001, 0.78571, 4.8622110
0xEEEE, 26391401, 8445, 0001, 0.78249, 4.8588540
0xEEEE, 26394526, 8446, 0000, 0.41260, 4.8582437
0xEEEE, 26397665, 8447, 0000, 0.44322, 4.8525216
0xEEEE, 26400788, 8448, 0000, 0.01451, 4.8587015
0xEEEE, 26403913, 8449, 0000, 0.01209, 4.8542000
0xEEEE, 26407073, 8450, 0001, 0.01209, 4.8496223
0xEEEE, 26410164, 8451, 0001, 0.01370, 4.8554208
0xEEEE, 26413288, 8452, 0002, 0.39326, 4.8607614
0xEEEE, 26416413, 8453, 0002, 0.39326, 4.8493935
0xEEEE, 26419550, 8454, 0003, 0.78813, 4.8442054
0xEEEE, 26422668, 8455, 0003, 1.19832, 4.8552682
0xEEEE, 26425786, 8456, 0004, 1.18381, 4.8642710
0xEEEE, 26428912, 8457, 0004, 1.18381, 4.8519875
0xEEEE, 26432042, 8458, 0005, 1.57788, 4.8485542
0xEEEE, 26435161, 8459, 0005, 1.57788, 4.8581674
0xEEEE, 26438287, 8460, 0006, 1.97839, 4.8619059
0xEEEE, 26441401, 8461, 0006, 1.97275, 4.8519112
0xEEEE, 26444526, 8462, 0007, 2.35231, 4.8553445
0xEEEE, 26447659, 8463, 0007, 2.54813, 4.8607614
0xEEEE, 26450777, 8464, 0007, 2.55055, 4.8485542
0xEEEE, 26453902, 8465, 0007, 2.57311, 4.8495460
0xEEEE, 26457036, 8466, 0006, 2.55216, 4.8588540
0xEEEE, 26460151, 8467, 0006, 2.55055, 4.8635080
0xEEEE, 26463280, 8468, 0005, 2.36762, 4.8545815
0xEEEE, 26466424, 8469, 0005, 2.36520, 4.8488594
0xEEEE, 26469538, 8470, 0004, 1.97275, 4.8591592
0xEEEE, 26472670, 8471, 0004, 1.58835, 4.8644236
0xEEEE, 26475789, 8472, 0003, 1.57949, 4.8563363
0xEEEE, 26478914, 8473, 0003, 1.58029, 4.8586252
0xEEEE, 26482047, 8474, 0002, 1.23377, 4.8564126
0xEEEE, 26485152, 8475, 0002, 1.18542, 4.8644236
0xEEEE, 26488286, 8476, 0001, 0.78813, 4.8455787
0xEEEE, 26491411, 8477, 0001, 0.78974, 4.8594644
0xEEEE, 26494536, 8478, 0000, 0.39326, 4.8623636
0xEEEE, 26497668, 8479, 0000, 0.01289, 4.8542000
0xEEEE, 26500788, 8480, 0000, 0.01209, 4.8508431
0xEEEE, 26503920, 8481, 0000, 0.01209, 4.8616007
0xEEEE, 26507064, 8482, 0001, 0.01209, 4.8585489
0xEEEE, 26510153, 8483, 0001, 0.01209, 4.8525978
0xEEEE, 26513277, 8484, 0002, 0.39326, 4.8491646
0xEEEE, 26516401, 8485, 0002, 0.39245, 4.8624399
0xEEEE, 26519526, 8486, 0003, 0.78813, 4.8668650
0xEEEE, 26522659, 8487, 0003, 1.18139, 4.8558022
0xEEEE, 26525777, 8488, 0004, 1.20476, 4.8523690
0xEEEE, 26528902, 8489, 0004, 1.18300, 4.8621347
0xEEEE, 26532045, 8490, 0005, 1.56901, 4.8536660
0xEEEE, 26535163, 8491, 0005, 1.57868, 4.8414588
0xEEEE, 26538288, 8492, 0006, 1.97597, 4.8548867
0xEEEE, 26541414, 8493, 0006, 1.93004, 4.8581674
0xEEEE, 26544538, 8494, 0007, 2.36842, 4.8666361
0xEEEE, 26547671, 8495, 0007, 2.36762, 4.8555734
0xEEEE, 26550799, 8496, 0007, 2.55780, 4.8583963
0xEEEE, 26553911, 8497, 0007, 2.54652, 4.8569467
0xEEEE, 26557043, 8498, 0006, 2.55458, 4.8467231
0xEEEE, 26560161, 8499, 0006, 2.55136, 4.8596170
0xEEEE, 26563287, 8500, 0005, 2.35634, 4.8613718
0xEEEE, 26566412, 8501, 0005, 1.98000, 4.8509194
0xEEEE, 26569535, 8502, 0004, 1.97275, 4.8503090
0xEEEE, 26572668, 8503, 0004, 1.97194, 4.8585489
0xEEEE, 26575777, 8504, 0003, 1.55128, 4.8639658
0xEEEE, 26578902, 8505, 0003, 1.57868, 4.8519112
0xEEEE, 26582035, 8506, 0002, 1.17011, 4.8522927
0xEEEE, 26585151, 8507, 0002, 1.18300, 4.8560311
0xEEEE, 26588285, 8508, 0001, 0.78894, 4.8544289
0xEEEE, 26591401, 8509, 0001, 0.39004, 4.8496986
0xEEEE, 26594526, 8510, 0000, 0.39568, 4.8594644
0xEEEE, 26597667, 8511, 0000, 0.40051, 4.8648814
0xEEEE, 26600788, 8512, 0000, 0.01209, 4.8528267
0xEEEE, 26603913, 8513, 0000, 0.01209, 4.8451209
0xEEEE, 26607064, 8514, 0001, 0.01209, 4.8574807
0xEEEE, 26610163, 8515, 0001, 0.01209, 4.8649577
0xEEEE, 26613288, 8516, 0002, 0.39245, 4.8551156
0xEEEE, 26616413, 8517, 0002, 0.78894, 4.8459602
0xEEEE, 26619531, 8518, 0003, 0.78813, 4.8583963
0xEEEE, 26622668, 8519, 0003, 0.78894, 4.8564889
0xEEEE, 26625787, 8520, 0004, 1.17414, 4.8519875
0xEEEE, 26628912, 8521, 0004, 1.18381, 4.8601511
0xEEEE, 26632043, 8522, 0005, 1.57788, 4.8570993
0xEEEE, 26635172, 8523, 0005, 1.58674, 4.8539712
0xEEEE, 26638286, 8524, 0006, 1.97114, 4.8525978
0xEEEE, 26641401, 8525, 0006, 2.36601, 4.8570993
0xEEEE, 26644526, 8526, 0007, 2.36681, 4.8640421
0xEEEE, 26647668, 8527, 0007, 2.36762, 4.8480201
0xEEEE, 26650777, 8528, 0007, 2.55136, 4.8520638
0xEEEE, 26653902, 8529, 0007, 2.54733, 4.8577859
0xEEEE, 26657036, 8530, 0006, 2.55055, 4.8616007
0xEEEE, 26660152, 8531, 0006, 2.55297, 4.8531319
0xEEEE, 26663281, 8532, 0005, 2.36198, 4.8505379
0xEEEE, 26666413, 8533, 0005, 1.97436, 4.8599222
0xEEEE, 26669538, 8534, 0004, 1.96066, 4.8564889
0xEEEE, 26672678, 8535, 0004, 1.97275, 4.8518349
0xEEEE, 26675789, 8536, 0003, 1.57868, 4.8561837
0xEEEE, 26678914, 8537, 0003, 1.57868, 4.8612955
0xEEEE, 26682046, 8538, 0002, 1.17897, 4.8524453
0xEEEE, 26685153, 8539, 0002, 1.17172, 4.8480964
0xEEEE, 26688287, 8540, 0001, 0.78894, 4.8581674
0xEEEE, 26691411, 8541, 0001, 0.39407, 4.8596933
0xEEEE, 26694536, 8542, 0000, 0.39004, 4.8516060
0xEEEE, 26697668, 8543, 0000, 0.39084, 4.8601511
0xEEEE, 26700787, 8544, 0000, 0.01128, 4.8560311
0xEEEE, 26703911, 8545, 0000, 0.01209, 4.8590829
0xEEEE, 26707064, 8546, 0001, 0.01209, 4.8542763
0xEEEE, 26710153, 8547, 0001, 0.01209, 4.8587778
0xEEEE, 26713276, 8548, 0002, 0.41502, 4.8602274
0xEEEE, 26716402, 8549, 0002, 0.39165, 4.8469520
0xEEEE, 26719537, 8550, 0003, 0.78894, 4.8454261
0xEEEE, 26722659, 8551, 0003, 0.78813, 4.8603037
0xEEEE, 26725777, 8552, 0004, 1.20637, 4.8590066
0xEEEE, 26728904, 8553, 0004, 1.18381, 4.8506905
0xEEEE, 26732053, 8554, 0005, 1.57707, 4.8555734
0xEEEE, 26735163, 8555, 0005, 1.97436, 4.8598459
0xEEEE, 26738288, 8556, 0006, 1.97355, 4.8483253
0xEEEE, 26741414, 8557, 0006, 1.97275, 4.8552682
0xEEEE, 26744539, 8558, 0007, 2.36762, 4.8575570
0xEEEE, 26747671, 8559, 0007, 2.36762, 4.8610666
0xEEEE, 26750789, 8560, 0007, 2.55055, 4.8548867
0xEEEE, 26753911, 8561, 0007, 2.55055, 4.8536660
0xEEEE, 26757043, 8562, 0006, 2.55136, 4.8557259
0xEEEE, 26760161, 8563, 0006, 2.36762, 4.8558022
0xEEEE, 26763287, 8564, 0005, 2.36842, 4.8568704
0xEEEE, 26766411, 8565, 0005, 2.36681, 4.8465705
0xEEEE, 26769535, 8566, 0004, 1.97033, 4.8573281
0xEEEE, 26772668, 8567, 0004, 1.97275, 4.8517586
0xEEEE, 26775777, 8568, 0003, 1.58432, 4.8528267
0xEEEE, 26778913, 8569, 0003, 1.57949, 4.8561837
0xEEEE, 26782036, 8570, 0002, 1.18623, 4.8634318
0xEEEE, 26785151, 8571, 0002, 0.78813, 4.8525216
0xEEEE, 26788276, 8572, 0001, 0.78894, 4.8484016
0xEEEE, 26791401, 8573, 0001, 0.78652, 4.8639658
0xEEEE, 26794527, 8574, 0000, 0.39326, 4.8596170
0xEEEE, 26797668, 8575, 0000, 0.39326, 4.8467231
0xEEEE, 26800788, 8576, 0000, 0.01370, 4.8497749
0xEEEE, 26803918, 8577, 0000, 0.01209, 4.8603799
0xEEEE, 26807064, 8578, 0001, 0.01209, 4.8548104
0xEEEE, 26810164, 8579, 0001, 0.38198, 4.8587015
0xEEEE, 26813289, 8580, 0002, 0.40535, 4.8545052
0xEEEE, 26816422, 8581, 0002, 0.39245, 4.8561074
0xEEEE, 26819533, 8582, 0003, 0.78894, 4.8497749
0xEEEE, 26822668, 8583, 0003, 0.78894, 4.8461891
0xEEEE, 26825786, 8584, 0004, 1.19187, 4.8616007
0xEEEE, 26828912, 8585, 0004, 1.22088, 4.8616007
0xEEEE, 26832043, 8586, 0005, 1.57949, 4.8445106
0xEEEE, 26835161, 8587, 0005, 1.94777, 4.8422217
0xEEEE, 26838286, 8588, 0006, 1.97355, 4.8598459
0xEEEE, 26841401, 8589, 0006, 2.00740, 4.8497749
0xEEEE, 26844527, 8590, 0007, 2.36278, 4.8543526
0xEEEE, 26847659, 8591, 0007, 2.36601, 4.8549630
0xEEEE, 26850777, 8592, 0007, 2.51670, 4.8597696
0xEEEE, 26853902, 8593, 0007, 2.55297, 4.8529793
0xEEEE, 26857035, 8594, 0006, 2.55136, 4.8503090
0xEEEE, 26860152, 8595, 0006, 2.49253, 4.8570993
0xEEEE, 26863295, 8596, 0005, 2.36842, 4.8521401
0xEEEE, 26866413, 8597, 0005, 2.36762, 4.8493172
0xEEEE, 26869538, 8598, 0004, 2.01868, 4.8486305
0xEEEE, 26872670, 8599, 0004, 1.97194, 4.8607614
0xEEEE, 26875789, 8600, 0003, 1.59802, 4.8606851
0xEEEE, 26878913, 8601, 0003, 1.18300, 4.8505379
0xEEEE, 26882046, 8602, 0002, 1.18139, 4.8500038
0xEEEE, 26885154, 8603, 0002, 1.23136, 4.8567941
0xEEEE, 26888286, 8604, 0001, 0.78813, 4.8509957
0xEEEE, 26891411, 8605, 0001, 0.78733, 4.8493935
0xEEEE, 26894536, 8606, 0000, 0.39004, 4.8574807
0xEEEE, 26897668, 8607, 0000, 0.39487, 4.8616770
0xEEEE, 26900795, 8608, 0000, 0.01209, 4.8529030
0xEEEE, 26903911, 8609, 0000, 0.01209, 4.8474861
0xEEEE, 26907065, 8610, 0001, 0.01128, 4.8626688
0xEEEE, 26910153, 8611, 0001, 0.01209, 4.8661021
0xEEEE, 26913276, 8612, 0002, 0.38762, 4.8491646
0xEEEE, 26916401, 8613, 0002, 0.37634, 4.8484779
0xEEEE, 26919526, 8614, 0003, 0.78813, 4.8590829
0xEEEE, 26922659, 8615, 0003, 0.78894, 4.8554971
0xEEEE, 26925777, 8616, 0004, 1.18220, 4.8476387
0xEEEE, 26928905, 8617, 0004, 1.57788, 4.8555734
0xEEEE, 26932044, 8618, 0005, 1.57788, 4.8624399
0xEEEE, 26935163, 8619, 0005, 1.56740, 4.8471046
0xEEEE, 26938289, 8620, 0006, 1.97275, 4.8496223
0xEEEE, 26941414, 8621, 0006, 1.96388, 4.8619821
0xEEEE, 26944539, 8622, 0007, 2.36681, 4.8638895
0xEEEE, 26947682, 8623, 0007, 2.37971, 4.8490120
0xEEEE, 26950777, 8624, 0007, 2.54813, 4.8521401
0xEEEE, 26953912, 8625, 0007, 2.55458, 4.8618296
0xEEEE, 26957043, 8626, 0006, 2.55055, 4.8537423
0xEEEE, 26960161, 8627, 0006, 2.55861, 4.8529030
0xEEEE, 26963287, 8628, 0005, 2.36520, 4.8591592
0xEEEE, 26966411, 8629, 0005, 2.36681, 4.8544289
0xEEEE, 26969535, 8630, 0004, 1.96308, 4.8520638
0xEEEE, 26972668, 8631, 0004, 1.97355, 4.8549630
0xEEEE, 26975777, 8632, 0003, 1.57626, 4.8609140
0xEEEE, 26978902, 8633, 0003, 1.18462, 4.8597696
0xEEEE, 26982035, 8634, 0002, 1.18220, 4.8551156
0xEEEE, 26985160, 8635, 0002, 1.19509, 4.8508431
0xEEEE, 26988276, 8636, 0001, 0.78813, 4.8613718
0xEEEE, 26991402, 8637, 0001, 0.78813, 4.8673991
0xEEEE, 26994527, 8638, 0000, 0.39165, 4.8556497
0xEEEE, 26997670, 8639, 0000, 0.39165, 4.8542763
0xEEEE, 27000789, 8640, 0000, 0.01209, 4.8597696
0xEEEE, 27003913, 8641, 0000, 0.01209, 4.8555734
0xEEEE, 27007075, 8642, 0001, 0.01289, 4.8583200
0xEEEE, 27010164, 8643, 0001, 0.01128, 4.8611429
0xEEEE, 27013288, 8644, 0002, 0.38923, 4.8597696
0xEEEE, 27016413, 8645, 0002, 0.40615, 4.8462654
0xEEEE, 27019536, 8646, 0003, 0.78813, 4.8506142
0xEEEE, 27022668, 8647, 0003, 0.78813, 4.8606088
0xEEEE, 27025786, 8648, 0004, 1.18300, 4.8580911
0xEEEE, 27028911, 8649, 0004, 1.18542, 4.8583963
0xEEEE, 27032053, 8650, 0005, 1.57707, 4.8508431
0xEEEE, 27035160, 8651, 0005, 1.58674, 4.8591592
0xEEEE, 27038286, 8652, 0006, 1.97275, 4.8541238
0xEEEE, 27041401, 8653, 0006, 1.96711, 4.8521401
0xEEEE, 27044535, 8654, 0007, 2.36681, 4.8606851
0xEEEE, 27047660, 8655, 0007, 2.55055, 4.8611429
0xEEEE, 27050777, 8656, 0007, 2.55297, 4.8481727
0xEEEE, 27053902, 8657, 0007, 2.55377, 4.8467994
0xEEEE, 27057036, 8658, 0006, 2.52315, 4.8616007
0xEEEE, 27060151, 8659, 0006, 2.56022, 4.8504616
0xEEEE, 27063286, 8660, 0005, 2.36762, 4.8451972
0xEEEE, 27066413, 8661, 0005, 2.36601, 4.8546578
0xEEEE, 27069538, 8662, 0004, 1.97839, 4.8633555
0xEEEE, 27072670, 8663, 0004, 1.57788, 4.8548867
0xEEEE, 27075789, 8664, 0003, 1.57788, 4.8590066
0xEEEE, 27078914, 8665, 0003, 1.57868, 4.8624399
0xEEEE, 27082046, 8666, 0002, 1.18300, 4.8577096
0xEEEE, 27085156, 8667, 0002, 1.19106, 4.8500801
0xEEEE, 27088286, 8668, 0001, 0.83648, 4.8535134
0xEEEE, 27091421, 8669, 0001, 0.78894, 4.8637369
0xEEEE, 27094536, 8670, 0000, 0.39165, 4.8639658
0xEEEE, 27097669, 8671, 0000, 0.01209, 4.8522927
0xEEEE, 27100787, 8672, 0000, 0.01209, 4.8561837
0xEEEE, 27103911, 8673, 0000, 0.01128, 4.8608377
0xEEEE, 27107063, 8674, 0001, 0.01209, 4.8516823
0xEEEE, 27110153, 8675, 0001, 0.01209, 4.8519112
0xEEEE, 27113276, 8676, 0002, 0.39326, 4.8545052
0xEEEE, 27116412, 8677, 0002, 0.38842, 4.8636606
0xEEEE, 27119526, 8678, 0003, 0.79377, 4.8542763
0xEEEE, 27122659, 8679, 0003, 1.18300, 4.8564126
0xEEEE, 27125778, 8680, 0004, 1.18300, 4.8636606
0xEEEE, 27128916, 8681, 0004, 1.17011, 4.8585489
0xEEEE, 27132045, 8682, 0005, 1.57788, 4.8515297
0xEEEE, 27135163, 8683, 0005, 1.57868, 4.8523690
0xEEEE, 27138288, 8684, 0006, 1.97275, 4.8619821
0xEEEE, 27141414, 8685, 0006, 1.97355, 4.8597696
0xEEEE, 27144539, 8686, 0007, 2.36681, 4.8539712
0xEEEE, 27147670, 8687, 0007, 2.55136, 4.8554971
0xEEEE, 27150779, 8688, 0007, 2.55055, 4.8482490
0xEEEE, 27153911, 8689, 0007, 2.55055, 4.8494697
0xEEEE, 27157043, 8690, 0006, 2.55136, 4.8519875
0xEEEE, 27160161, 8691, 0006, 2.54813, 4.8647288
0xEEEE, 27163287, 8692, 0005, 2.36520, 4.8508431
0xEEEE, 27166412, 8693, 0005, 2.34747, 4.8406195
0xEEEE, 27169536, 8694, 0004, 1.97436, 4.8507668
0xEEEE, 27172668, 8695, 0004, 1.59963, 4.8609140
0xEEEE, 27175788, 8696, 0003, 1.57868, 4.8608377
0xEEEE, 27178902, 8697, 0003, 1.51018, 4.8513008
0xEEEE, 27182036, 8698, 0002, 1.18462, 4.8563363
0xEEEE, 27185151, 8699, 0002, 1.18300, 4.8581674
0xEEEE, 27188278, 8700, 0001, 0.77927, 4.8481727
0xEEEE, 27191401, 8701, 0001, 0.81392, 4.8560311
0xEEEE, 27194527, 8702, 0000, 0.39245, 4.8653391
0xEEEE, 27197670, 8703, 0000, 0.39568, 4.8625925
0xEEEE, 27200788, 8704, 0000, 0.01209, 4.8508431
0xEEEE, 27203914, 8705, 0000, 0.01209, 4.8513771
0xEEEE, 27207064, 8706, 0001, 0.01209, 4.8626688
0xEEEE, 27210164, 8707, 0001, 0.01209, 4.8569467
0xEEEE, 27213297, 8708, 0002, 0.39245, 4.8491646
0xEEEE, 27216401, 8709, 0002, 0.79216, 4.8542763
0xEEEE, 27219536, 8710, 0003, 0.80103, 4.8606088
0xEEEE, 27222668, 8711, 0003, 0.78813, 4.8529030
0xEEEE, 27225787, 8712, 0004, 1.18300, 4.8569467
0xEEEE, 27228912, 8713, 0004, 1.18059, 4.8648814
0xEEEE, 27232045, 8714, 0005, 1.57949, 4.8580148
0xEEEE, 27235160, 8715, 0005, 1.57868, 4.8490120
0xEEEE, 27238285, 8716, 0006, 1.98242, 4.8522927
0xEEEE, 27241402, 8717, 0006, 2.36520, 4.8652628
0xEEEE, 27244527, 8718, 0007, 2.36681, 4.8639658
0xEEEE, 27247659, 8719, 0007, 2.34747, 4.8500801
0xEEEE, 27250778, 8720, 0007, 2.55136, 4.8538186
0xEEEE, 27253902, 8721, 0007, 2.55055, 4.8642710
0xEEEE, 27257036, 8722, 0006, 2.55216, 4.8482490
0xEEEE, 27260163, 8723, 0006, 2.55055, 4.8482490
0xEEEE, 27263286, 8724, 0005, 2.36681, 4.8597696
0xEEEE, 27266412, 8725, 0005, 1.97355, 4.8591592
0xEEEE, 27269538, 8726, 0004, 1.97355, 4.8518349
0xEEEE, 27272679, 8727, 0004, 1.97275, 4.8565652
0xEEEE, 27275789, 8728, 0003, 1.57707, 4.8638132
0xEEEE, 27278913, 8729, 0003, 1.58110, 4.8603037
0xEEEE, 27282047, 8730, 0002, 1.18300, 4.8441291
0xEEEE, 27285158, 8731, 0002, 1.18381, 4.8554208
0xEEEE, 27288286, 8732, 0001, 0.79619, 4.8663310
0xEEEE, 27291411, 8733, 0001, 0.38037, 4.8571756
0xEEEE, 27294536, 8734, 0000, 0.39245, 4.8483253
0xEEEE, 27297676, 8735, 0000, 0.39084, 4.8625162
0xEEEE, 27300787, 8736, 0000, 0.01209, 4.8538186
0xEEEE, 27303911, 8737, 0000, 0.01209, 4.8497749
0xEEEE, 27307064, 8738, 0001, 0.01370, 4.8524453
0xEEEE, 27310153, 8739, 0001, 0.01128, 4.8648814
0xEEEE, 27313278, 8740, 0002, 0.39084, 4.8534371
0xEEEE, 27316401, 8741, 0002, 0.78733, 4.8452735
0xEEEE, 27319527, 8742, 0003, 0.78491, 4.8518349
0xEEEE, 27322659, 8743, 0003, 0.83648, 4.8623636
0xEEEE, 27325777, 8744, 0004, 1.18300, 4.8462654
0xEEEE, 27328909, 8745, 0004, 1.18300, 4.8539712
0xEEEE, 27332044, 8746, 0005, 1.57868, 4.8625925
0xEEEE, 27335163, 8747, 0005, 1.57868, 4.8567941
0xEEEE, 27338288, 8748, 0006, 1.97194, 4.8583963
0xEEEE, 27341414, 8749, 0006, 1.97516, 4.8583963
0xEEEE, 27344548, 8750, 0007, 2.40711, 4.8656443
0xEEEE, 27347670, 8751, 0007, 2.37004, 4.8555734
0xEEEE, 27350780, 8752, 0007, 2.55216, 4.8399329
0xEEEE, 27353912, 8753, 0007, 2.55136, 4.8538186
0xEEEE, 27357052, 8754, 0006, 2.53121, 4.8642710
0xEEEE, 27360161, 8755, 0006, 2.35875, 4.8507668
0xEEEE, 27363287, 8756, 0005, 2.36681, 4.8575570
0xEEEE, 27366411, 8757, 0005, 2.30557, 4.8565652
0xEEEE, 27369536, 8758, 0004, 1.97436, 4.8559548
0xEEEE, 27372669, 8759, 0004, 1.93165, 4.8458076
0xEEEE, 27375778, 8760, 0003, 1.57949, 4.8510719
0xEEEE, 27378902, 8761, 0003, 1.58432, 4.8659495
0xEEEE, 27382042, 8762, 0002, 1.18300, 4.8523690
0xEEEE, 27385152, 8763, 0002, 0.78571, 4.8509194
0xEEEE, 27388277, 8764, 0001, 0.78249, 4.8609903
0xEEEE, 27391401, 8765, 0001, 0.73092, 4.8644236
0xEEEE, 27394528, 8766, 0000, 0.39165, 4.8505379
0xEEEE, 27397670, 8767, 0000, 0.39326, 4.8561837
0xEEEE, 27400788, 8768, 0000, 0.01128, 4.8567178
0xEEEE, 27403924, 8769, 0000, 0.01209, 4.8548104
0xEEEE, 27407065, 8770, 0001, 0.01209, 4.8538186
0xEEEE, 27410165, 8771, 0001, 0.39326, 4.8579385
0xEEEE, 27413288, 8772, 0002, 0.39326, 4.8625162
0xEEEE, 27416401, 8773, 0002, 0.38842, 4.8567941
0xEEEE, 27419536, 8774, 0003, 0.78007, 4.8478676
0xEEEE, 27422668, 8775, 0003, 0.79700, 4.8549630
0xEEEE, 27425786, 8776, 0004, 1.18300, 4.8644236
0xEEEE, 27428921, 8777, 0004, 1.18381, 4.8554208
0xEEEE, 27432044, 8778, 0005, 1.57788, 4.8518349
0xEEEE, 27435160, 8779, 0005, 1.97275, 4.8561074
0xEEEE, 27438287, 8780, 0006, 1.96147, 4.8601511
0xEEEE, 27441411, 8781, 0006, 1.97275, 4.8529793
0xEEEE, 27444526, 8782, 0007, 2.36681, 4.8499275
0xEEEE, 27447659, 8783, 0007, 2.37407, 4.8596933
0xEEEE, 27450777, 8784, 0007, 2.54974, 4.8529030
0xEEEE, 27453902, 8785, 0007, 2.58842, 4.8447395
0xEEEE, 27457035, 8786, 0006, 2.57311, 4.8566415
0xEEEE, 27460151, 8787, 0006, 2.37487, 4.8632029
0xEEEE, 27463288, 8788, 0005, 2.36681, 4.8515297
0xEEEE, 27466413, 8789, 0005, 2.37165, 4.8470283
0xEEEE, 27469538, 8790, 0004, 1.97275, 4.8580148
0xEEEE, 27472670, 8791, 0004, 1.93407, 4.8594644
0xEEEE, 27475789, 8792, 0003, 1.57707, 4.8522164
0xEEEE, 27478912, 8793, 0003, 1.56901, 4.8532845
0xEEEE, 27482046, 8794, 0002, 1.18220, 4.8605325
0xEEEE, 27485159, 8795, 0002, 0.78330, 4.8523690
0xEEEE, 27488296, 8796, 0001, 0.78410, 4.8464179
0xEEEE, 27491411, 8797, 0001, 0.71963, 4.8603037
0xEEEE, 27494536, 8798, 0000, 0.39245, 4.8633555
0xEEEE, 27497669, 8799, 0000, 0.39326, 4.8434424
0xEEEE, 27500788, 8800, 0000, 0.01209, 4.8551919
0xEEEE, 27503911, 8801, 0000, 0.01209, 4.8584726
0xEEEE, 27507063, 8802, 0001, 0.01128, 4.8636606
0xEEEE, 27510153, 8803, 0001, 0.01209, 4.8566415
0xEEEE, 27513279, 8804, 0002, 0.39165, 4.8537423
0xEEEE, 27516402, 8805, 0002, 0.39004, 4.8557259
0xEEEE, 27519527, 8806, 0003, 0.76315, 4.8575570
0xEEEE, 27522659, 8807, 0003, 0.78894, 4.8467994
0xEEEE, 27525787, 8808, 0004, 1.18462, 4.8575570
0xEEEE, 27528910, 8809, 0004, 1.58271, 4.8617533
0xEEEE, 27532044, 8810, 0005, 1.61495, 4.8581674
0xEEEE, 27535163, 8811, 0005, 1.57788, 4.8467994
0xEEEE, 27538288, 8812, 0006, 1.96308, 4.8568704
0xEEEE, 27541414, 8813, 0006, 1.97436, 4.8654154
0xEEEE, 27544538, 8814, 0007, 2.36601, 4.8583963
0xEEEE, 27547670, 8815, 0007, 2.37165, 4.8494697
0xEEEE, 27550782, 8816, 0007, 2.55136, 4.8603037
0xEEEE, 27553911, 8817, 0007, 2.55216, 4.8532845
0xEEEE, 27557043, 8818, 0006, 2.54571, 4.8484779
0xEEEE, 27560161, 8819, 0006, 2.55700, 4.8590829
0xEEEE, 27563287, 8820, 0005, 2.36681, 4.8609903
0xEEEE, 27566411, 8821, 0005, 2.33861, 4.8456550
0xEEEE, 27569536, 8822, 0004, 1.97436, 4.8429084
0xEEEE, 27572679, 8823, 0004, 1.95582, 4.8620584
0xEEEE, 27575777, 8824, 0003, 1.57949, 4.8611429
0xEEEE, 27578902, 8825, 0003, 1.23216, 4.8561837
0xEEEE, 27582035, 8826, 0002, 1.18381, 4.8496986
0xEEEE, 27585151, 8827, 0002, 1.18381, 4.8579385
0xEEEE, 27588276, 8828, 0001, 0.79055, 4.8496223
0xEEEE, 27591401, 8829, 0001, 0.83729, 4.8535897
0xEEEE, 27594529, 8830, 0000, 0.39245, 4.8566415
0xEEEE, 27597670, 8831, 0000, 0.39245, 4.8622873
0xEEEE, 27600788, 8832, 0000, 0.01209, 4.8572519
0xEEEE, 27603914, 8833, 0000, 0.01128, 4.8483253
0xEEEE, 27607065, 8834, 0001, 0.01128, 4.8616770
0xEEEE, 27610172, 8835, 0001, 0.01209, 4.8609140
0xEEEE, 27613288, 8836, 0002, 0.39407, 4.8496986
0xEEEE, 27616402, 8837, 0002, 0.39084, 4.8474861
0xEEEE, 27619536, 8838, 0003, 0.77927, 4.8576333
0xEEEE, 27622668, 8839, 0003, 0.78007, 4.8526741
0xEEEE, 27625788, 8840, 0004, 1.18300, 4.8592355
0xEEEE, 27628912, 8841, 0004, 1.57546, 4.8545052
0xEEEE, 27632045, 8842, 0005, 1.58916, 4.8566415
0xEEEE, 27635161, 8843, 0005, 1.57788, 4.8460365
0xEEEE, 27638276, 8844, 0006, 1.97355, 4.8439765
0xEEEE, 27641401, 8845, 0006, 1.97355, 4.8645762
0xEEEE, 27644526, 8846, 0007, 2.36601, 4.8623636
0xEEEE, 27647660, 8847, 0007, 2.36440, 4.8526741
0xEEEE, 27650777, 8848, 0007, 2.55136, 4.8471046
0xEEEE, 27653902, 8849, 0007, 2.55055, 4.8580911
0xEEEE, 27657044, 8850, 0006, 2.55136, 4.8603799
0xEEEE, 27660152, 8851, 0006, 2.55136, 4.8544289
0xEEEE, 27663288, 8852, 0005, 2.36762, 4.8562600
0xEEEE, 27666413, 8853, 0005, 2.37568, 4.8575570
0xEEEE, 27669546, 8854, 0004, 1.97436, 4.8478676
0xEEEE, 27672670, 8855, 0004, 1.57868, 4.8448157
0xEEEE, 27675789, 8856, 0003, 1.57788, 4.8566415
0xEEEE, 27678913, 8857, 0003, 1.59560, 4.8664073
0xEEEE, 27682047, 8858, 0002, 1.18300, 4.8508431
0xEEEE, 27685161, 8859, 0002, 1.18300, 4.8484016
0xEEEE, 27688287, 8860, 0001, 0.78571, 4.8590066
0xEEEE, 27691411, 8861, 0001, 0.78491, 4.8605325
0xEEEE, 27694543, 8862, 0000, 0.39326, 4.8552682
0xEEEE, 27697669, 8863, 0000, 0.01209, 4.8598459
0xEEEE, 27700786, 8864, 0000, 0.01209, 4.8600748
0xEEEE, 27703911, 8865, 0000, 0.01209, 4.8520638
0xEEEE, 27707063, 8866, 0001, 0.01209, 4.8506142
0xEEEE, 27710153, 8867, 0001, 0.01209, 4.8617533
0xEEEE, 27713276, 8868, 0002, 0.39326, 4.8609903
0xEEEE, 27716402, 8869, 0002, 0.39326, 4.8468757
0xEEEE, 27719527, 8870, 0003, 0.79538, 4.8496223
0xEEEE, 27722660, 8871, 0003, 1.20315, 4.8582437
0xEEEE, 27725776, 8872, 0004, 1.18381, 4.8641947
0xEEEE, 27728912, 8873, 0004, 1.18059, 4.8558022
0xEEEE, 27732044, 8874, 0005, 1.59480, 4.8490120
0xEEEE, 27735163, 8875, 0005, 1.57868, 4.8577096
0xEEEE, 27738288, 8876, 0006, 1.98967, 4.8556497
0xEEEE, 27741423, 8877, 0006, 1.97275, 4.8563363
0xEEEE, 27744538, 8878, 0007, 2.36923, 4.8564126
0xEEEE, 27747670, 8879, 0007, 2.55619, 4.8697642
0xEEEE, 27750785, 8880, 0007, 2.55055, 4.8485542
0xEEEE, 27753920, 8881, 0007, 2.55055, 4.8445106
0xEEEE, 27757043, 8882, 0006, 2.49817, 4.8595407
0xEEEE, 27760161, 8883, 0006, 2.55055, 4.8631266
0xEEEE, 27763286, 8884, 0005, 2.36601, 4.8519875
0xEEEE, 27766411, 8885, 0005, 2.36520, 4.8513771
0xEEEE, 27769535, 8886, 0004, 1.97275, 4.8553445
0xEEEE, 27772668, 8887, 0004, 1.61495, 4.8541238
0xEEEE, 27775777, 8888, 0003, 1.57868, 4.8542000
0xEEEE, 27778902, 8889, 0003, 1.58110, 4.8564889
0xEEEE, 27782036, 8890, 0002, 1.18300, 4.8570230
0xEEEE, 27785151, 8891, 0002, 1.18462, 4.8374914
0xEEEE, 27788276, 8892, 0001, 0.78571, 4.8450446
0xEEEE, 27791401, 8893, 0001, 0.79941, 4.8659495
0xEEEE, 27794532, 8894, 0000, 0.42388, 4.8605325
0xEEEE, 27797670, 8895, 0000, 0.01128, 4.8479438
0xEEEE, 27800799, 8896, 0000, 0.01209, 4.8484779
0xEEEE, 27803914, 8897, 0000, 0.01209, 4.8580911
0xEEEE, 27807064, 8898, 0001, 0.01209, 4.8540475
0xEEEE, 27810164, 8899, 0001, 0.01128, 4.8537423
0xEEEE, 27813289, 8900, 0002, 0.39326, 4.8523690
0xEEEE, 27816404, 8901, 0002, 0.39245, 4.8579385
0xEEEE, 27819536, 8902, 0003, 0.78330, 4.8503853
0xEEEE, 27822668, 8903, 0003, 0.80667, 4.8540475
0xEEEE, 27825796, 8904, 0004, 1.18381, 4.8627451
0xEEEE, 27828912, 8905, 0004, 1.18300, 4.8628214
0xEEEE, 27832044, 8906, 0005, 1.57304, 4.8513008
0xEEEE, 27835161, 8907, 0005, 1.57868, 4.8465705
0xEEEE, 27838294, 8908, 0006, 1.98806, 4.8594644
0xEEEE, 27841401, 8909, 0006, 2.36601, 4.8597696
0xEEEE, 27844526, 8910, 0007, 2.33861, 4.8551156
0xEEEE, 27847659, 8911, 0007, 2.36278, 4.8621347
0xEEEE, 27850777, 8912, 0007, 2.55136, 4.8529030
0xEEEE, 27853902, 8913, 0007, 2.50784, 4.8497749
0xEEEE, 27857036, 8914, 0006, 2.55458, 4.8561074
0xEEEE, 27860153, 8915, 0006, 2.54974, 4.8618296
0xEEEE, 27863288, 8916, 0005, 2.36681, 4.8567941
0xEEEE, 27866413, 8917, 0005, 1.96066, 4.8508431
0xEEEE, 27869538, 8918, 0004, 1.97275, 4.8507668
0xEEEE, 27872670, 8919, 0004, 1.99289, 4.8610666
0xEEEE, 27875790, 8920, 0003, 1.57868, 4.8572519
0xEEEE, 27878913, 8921, 0003, 1.58190, 4.8532845
0xEEEE, 27882047, 8922, 0002, 1.18381, 4.8575570
0xEEEE, 27885183, 8923, 0002, 1.18381, 4.8580911
0xEEEE, 27888287, 8924, 0001, 0.79055, 4.8518349
0xEEEE, 27891411, 8925, 0001, 0.38923, 4.8521401
0xEEEE, 27894536, 8926, 0000, 0.40696, 4.8601511
0xEEEE, 27897669, 8927, 0000, 0.38440, 4.8545052
0xEEEE, 27900786, 8928, 0000, 0.01209, 4.8575570
0xEEEE, 27903902, 8929, 0000, 0.01209, 4.8479438
0xEEEE, 27907063, 8930, 0001, 0.01128, 4.8635080
0xEEEE, 27910153, 8931, 0001, 0.01128, 4.8535897
0xEEEE, 27913277, 8932, 0002, 0.39245, 4.8493172
0xEEEE, 27916402, 8933, 0002, 0.78813, 4.8566415
0xEEEE, 27919527, 8934, 0003, 0.78894, 4.8554208
0xEEEE, 27922668, 8935, 0003, 0.78571, 4.8599222
0xEEEE, 27925777, 8936, 0004, 1.18300, 4.8522927
0xEEEE, 27928913, 8937, 0004, 1.18300, 4.8607614
0xEEEE, 27932044, 8938, 0005, 1.57626, 4.8572519
0xEEEE, 27935163, 8939, 0005, 1.57868, 4.8500038
0xEEEE, 27938289, 8940, 0006, 1.97114, 4.8461891
0xEEEE, 27941414, 8941, 0006, 2.36681, 4.8622873
0xEEEE, 27944538, 8942, 0007, 2.35956, 4.8577096
0xEEEE, 27947671, 8943, 0007, 2.36601, 4.8501564
0xEEEE, 27950785, 8944, 0007, 2.55216, 4.8492409
0xEEEE, 27953911, 8945, 0007, 2.55780, 4.8607614
0xEEEE, 27957043, 8946, 0006, 2.55700, 4.8457313
0xEEEE, 27960161, 8947, 0006, 2.55055, 4.8518349
0xEEEE, 27963286, 8948, 0005, 2.30557, 4.8628977
0xEEEE, 27966411, 8949, 0005, 2.36037, 4.8591592
0xEEEE, 27969547, 8950, 0004, 1.97275, 4.8495460
0xEEEE, 27972660, 8951, 0004, 1.98081, 4.8529030
0xEEEE, 27975777, 8952, 0003, 1.57868, 4.8642710
0xEEEE, 27978902, 8953, 0003, 1.57868, 4.8526741
0xEEEE, 27982035, 8954, 0002, 1.22974, 4.8484016
0xEEEE, 27985151, 8955, 0002, 0.78813, 4.8525216
0xEEEE, 27988276, 8956, 0001, 0.78813, 4.8609903
0xEEEE, 27991401, 8957, 0001, 0.78088, 4.8541238
0xEEEE, 27994533, 8958, 0000, 0.40212, 4.8570993
0xEEEE, 27997670, 8959, 0000, 0.40535, 4.8600748
0xEEEE, 28000789, 8960, 0000, 0.01209, 4.8573281
0xEEEE, 28003914, 8961, 0000, 0.01128, 4.8397803
0xEEEE, 28007072, 8962, 0001, 0.01209, 4.8514534
0xEEEE, 28010164, 8963, 0001, 0.39245, 4.8649577
0xEEEE, 28013288, 8964, 0002, 0.39245, 4.8596933
0xEEEE, 28016406, 8965, 0002, 0.39245, 4.8551919
0xEEEE, 28019536, 8966, 0003, 0.78813, 4.8564126
0xEEEE, 28022668, 8967, 0003, 0.79216, 4.8636606
0xEEEE, 28025787, 8968, 0004, 1.18381, 4.8546578
0xEEEE, 28028912, 8969, 0004, 1.18381, 4.8461891
0xEEEE, 28032044, 8970, 0005, 1.58271, 4.8588540
0xEEEE, 28035161, 8971, 0005, 1.97275, 4.8533608
0xEEEE, 28038277, 8972, 0006, 1.97114, 4.8435950
0xEEEE, 28041401, 8973, 0006, 1.97355, 4.8514534
0xEEEE, 28044527, 8974, 0007, 2.36520, 4.8648051
0xEEEE, 28047659, 8975, 0007, 2.36681, 4.8599222
0xEEEE, 28050777, 8976, 0007, 2.55055, 4.8460365
0xEEEE, 28053912, 8977, 0007, 2.54974, 4.8502327
0xEEEE, 28057035, 8978, 0006, 2.55055, 4.8625162
0xEEEE, 28060155, 8979, 0006, 2.36681, 4.8511482
0xEEEE, 28063289, 8980, 0005, 2.36440, 4.8513008
0xEEEE, 28066421, 8981, 0005, 2.36440, 4.8556497
0xEEEE, 28069538, 8982, 0004, 1.97275, 4.8561837
0xEEEE, 28072670, 8983, 0004, 1.97033, 4.8606851
0xEEEE, 28075789, 8984, 0003, 1.57868, 4.8561074
0xEEEE, 28078913, 8985, 0003, 1.57788, 4.8641947
0xEEEE, 28082047, 8986, 0002, 1.17495, 4.8529793
0xEEEE, 28085161, 8987, 0002, 0.78894, 4.8415351
0xEEEE, 28088286, 8988, 0001, 0.78813, 4.8497749
0xEEEE, 28091418, 8989, 0001, 0.78813, 4.8663310
0xEEEE, 28094537, 8990, 0000, 0.39326, 4.8553445
0xEEEE, 28097669, 8991, 0000, 0.37956, 4.8516823
0xEEEE, 28100786, 8992, 0000, 0.01209, 4.8610666
0xEEEE, 28103902, 8993, 0000, 0.01128, 4.8561837
0xEEEE, 28107063, 8994, 0001, 0.01209, 4.8524453
0xEEEE, 28110153, 8995, 0001, 0.44967, 4.8512245
0xEEEE, 28113277, 8996, 0002, 0.39326, 4.8628977
0xEEEE, 28116401, 8997, 0002, 0.39084, 4.8581674
0xEEEE, 28119526, 8998, 0003, 0.78894, 4.8496986
0xEEEE, 28122659, 8999, 0003, 0.79055, 4.8559548
0xEEEE, 28125778, 9000, 0004, 1.15722, 4.8651102
0xEEEE, 28128913, 9001, 0004, 1.18300, 4.8594644
0xEEEE, 28132044, 9002, 0005, 1.57949, 4.8478676
0xEEEE, 28135163, 9003, 0005, 1.57868, 4.8554208
0xEEEE, 28138297, 9004, 0006, 1.97194, 4.8609903
0xEEEE, 28141413, 9005, 0006, 1.97275, 4.8492409
0xEEEE, 28144537, 9006, 0007, 2.36762, 4.8583963
0xEEEE, 28147671, 9007, 0007, 2.36601, 4.8625162
0xEEEE, 28150806, 9008, 0007, 2.54974, 4.8536660
0xEEEE, 28153911, 9009, 0007, 2.52315, 4.8478676
0xEEEE, 28157043, 9010, 0006, 2.55136, 4.8551919
0xEEEE, 28160162, 9011, 0006, 2.54974, 4.8622110
0xEEEE, 28163286, 9012, 0005, 2.36681, 4.8505379
0xEEEE, 28166410, 9013, 0005, 2.36601, 4.8454261
0xEEEE, 28169536, 9014, 0004, 1.97275, 4.8583963
0xEEEE, 28172659, 9015, 0004, 1.97355, 4.8663310
0xEEEE, 28175776, 9016, 0003, 1.60286, 4.8513771
0xEEEE, 28178902, 9017, 0003, 1.18381, 4.8564889
0xEEEE, 28182036, 9018, 0002, 1.18703, 4.8571756
0xEEEE, 28185151, 9019, 0002, 1.18462, 4.8541238
0xEEEE, 28188278, 9020, 0001, 0.78813, 4.8544289
0xEEEE, 28191401, 9021, 0001, 0.78894, 4.8542763
0xEEEE, 28194535, 9022, 0000, 0.39487, 4.8648051
0xEEEE, 28197681, 9023, 0000, 0.38842, 4.8477913
0xEEEE, 28200789, 9024, 0000, 0.01209, 4.8556497
0xEEEE, 28203913, 9025, 0000, 0.01209, 4.8573281
0xEEEE, 28207064, 9026, 0001, 0.01209, 4.8593118
0xEEEE, 28210164, 9027, 0001, 0.01209, 4.8627451
0xEEEE, 28213288, 9028, 0002, 0.36425, 4.8546578
0xEEEE, 28216407, 9029, 0002, 0.39245, 4.8564126
0xEEEE, 28219536, 9030, 0003, 0.78813, 4.8573281
0xEEEE, 28222670, 9031, 0003, 0.78894, 4.8502327
0xEEEE, 28225787, 9032, 0004, 1.17736, 4.8516060
0xEEEE, 28228912, 9033, 0004, 1.58029, 4.8648814
0xEEEE, 28232045, 9034, 0005, 1.57949, 4.8469520
0xEEEE, 28235169, 9035, 0005, 1.59883, 4.8416876
0xEEEE, 28238276, 9036, 0006, 1.97355, 4.8599222
0xEEEE, 28241401, 9037, 0006, 1.99370, 4.8651865
0xEEEE, 28244526, 9038, 0007, 2.36440, 4.8477150
0xEEEE, 28247660, 9039, 0007, 2.36842, 4.8521401
0xEEEE, 28250779, 9040, 0007, 2.57150, 4.8580911
0xEEEE, 28253902, 9041, 0007, 2.55861, 4.8552682
0xEEEE, 28257036, 9042, 0006, 2.55136, 4.8500801
0xEEEE, 28260157, 9043, 0006, 2.55136, 4.8566415
0xEEEE, 28263288, 9044, 0005, 2.38132, 4.8626688
0xEEEE, 28266413, 9045, 0005, 2.36681, 4.8519875
0xEEEE, 28269538, 9046, 0004, 1.94696, 4.8477913
0xEEEE, 28272670, 9047, 0004, 1.97275, 4.8589303
0xEEEE, 28275790, 9048, 0003, 1.57143, 4.8682383
0xEEEE, 28278913, 9049, 0003, 1.57465, 4.8535134
0xEEEE, 28282057, 9050, 0002, 1.18381, 4.8459602
0xEEEE, 28285161, 9051, 0002, 1.17656, 4.8591592
0xEEEE, 28288286, 9052, 0001, 0.78813, 4.8583963
0xEEEE, 28291411, 9053, 0001, 0.78813, 4.8509194
0xEEEE, 28294537, 9054, 0000, 0.39326, 4.8500801
0xEEEE, 28297670, 9055, 0000, 0.01209, 4.8596933
0xEEEE, 28300786, 9056, 0000, 0.01209, 4.8496986
0xEEEE, 28303902, 9057, 0000, 0.01209, 4.8464942
0xEEEE, 28307063, 9058, 0001, 0.01289, 4.8583963
0xEEEE, 28310153, 9059, 0001, 0.01128, 4.8662547
0xEEEE, 28313278, 9060, 0002, 0.39245, 4.8567178
0xEEEE, 28316402, 9061, 0002, 0.36989, 4.8519112
0xEEEE, 28319535, 9062, 0003, 0.78813, 4.8588540
0xEEEE, 28322659, 9063, 0003, 1.18300, 4.8563363
0xEEEE, 28325779, 9064, 0004, 1.18462, 4.8538186
0xEEEE, 28328913, 9065, 0004, 1.23055, 4.8567178
0xEEEE, 28332044, 9066, 0005, 1.57949, 4.8593881
0xEEEE, 28335163, 9067, 0005, 1.58432, 4.8539712
0xEEEE, 28338289, 9068, 0006, 1.97355, 4.8497749
0xEEEE, 28341414, 9069, 0006, 1.97597, 4.8577859
0xEEEE, 28344537, 9070, 0007, 2.36842, 4.8621347
0xEEEE, 28347671, 9071, 0007, 2.55055, 4.8449683
0xEEEE, 28350786, 9072, 0007, 2.55700, 4.8479438
0xEEEE, 28353911, 9073, 0007, 2.54974, 4.8588540
0xEEEE, 28357043, 9074, 0006, 2.50864, 4.8595407
0xEEEE, 28360162, 9075, 0006, 2.54491, 4.8569467
0xEEEE, 28363287, 9076, 0005, 2.37004, 4.8550393
0xEEEE, 28366423, 9077, 0005, 2.36601, 4.8624399
0xEEEE, 28369527, 9078, 0004, 1.97436, 4.8561837
0xEEEE, 28372659, 9079, 0004, 1.57868, 4.8484779
0xEEEE, 28375778, 9080, 0003, 1.57949, 4.8614481
0xEEEE, 28378902, 9081, 0003, 1.57949, 4.8570993
0xEEEE, 28382035, 9082, 0002, 1.18300, 4.8551919
0xEEEE, 28385151, 9083, 0002, 1.18864, 4.8492409
0xEEEE, 28388276, 9084, 0001, 0.78894, 4.8610666
0xEEEE, 28391402, 9085, 0001, 0.78733, 4.8614481
0xEEEE, 28394538, 9086, 0000, 0.39407, 4.8493172
0xEEEE, 28397670, 9087, 0000, 0.01128, 4.8538186
0xEEEE, 28400788, 9088, 0000, 0.01209, 4.8566415
0xEEEE, 28403920, 9089, 0000, 0.01209, 4.8536660
0xEEEE, 28407064, 9090, 0001, 0.01209, 4.8518349
0xEEEE, 28410164, 9091, 0001, 0.01209, 4.8583200
0xEEEE, 28413287, 9092, 0002, 0.39971, 4.8600748
0xEEEE, 28416409, 9093, 0002, 0.38117, 4.8550393
0xEEEE, 28419536, 9094, 0003, 0.80103, 4.8491646
0xEEEE, 28422668, 9095, 0003, 1.18300, 4.8622110
0xEEEE, 28425787, 9096, 0004, 1.18139, 4.8542000
0xEEEE, 28428911, 9097, 0004, 1.18300, 4.8540475
0xEEEE, 28432045, 9098, 0005, 1.57949, 4.8524453
0xEEEE, 28435160, 9099, 0005, 1.58110, 4.8577096
0xEEEE, 28438278, 9100, 0006, 1.97355, 4.8477913
0xEEEE, 28441401, 9101, 0006, 1.97194, 4.8568704
0xEEEE, 28444527, 9102, 0007, 2.36762, 4.8600748
0xEEEE, 28447660, 9103, 0007, 2.36762, 4.8606088
0xEEEE, 28450788, 9104, 0007, 2.55377, 4.8482490
0xEEEE, 28453902, 9105, 0007, 2.55216, 4.8456550
0xEEEE, 28457036, 9106, 0006, 2.55136, 4.8616770
0xEEEE, 28460158, 9107, 0006, 2.55216, 4.8568704
0xEEEE, 28463297, 9108, 0005, 2.36762, 4.8514534
0xEEEE, 28466413, 9109, 0005, 1.97355, 4.8499275
0xEEEE, 28469538, 9110, 0004, 1.97516, 4.8564889
0xEEEE, 28472672, 9111, 0004, 1.97275, 4.8616770
0xEEEE, 28475788, 9112, 0003, 1.57788, 4.8382544
0xEEEE, 28478913, 9113, 0003, 1.58029, 4.8603799
0xEEEE, 28482048, 9114, 0002, 1.18220, 4.8581674
0xEEEE, 28485161, 9115, 0002, 1.18300, 4.8492409
0xEEEE, 28488286, 9116, 0001, 0.77685, 4.8496223
0xEEEE, 28491411, 9117, 0001, 0.39245, 4.8651865
0xEEEE, 28494537, 9118, 0000, 0.39245, 4.8529030
0xEEEE, 28497668, 9119, 0000, 0.39165, 4.8435950
0xEEEE, 28500787, 9120, 0000, 0.01209, 4.8547341
0xEEEE, 28503902, 9121, 0000, 0.01128, 4.8567178
0xEEEE, 28507063, 9122, 0001, 0.01209, 4.8548104
0xEEEE, 28510163, 9123, 0001, 0.01531, 4.8527504
0xEEEE, 28513276, 9124, 0002, 0.39165, 4.8531319
0xEEEE, 28516401, 9125, 0002, 0.78894, 4.8552682
0xEEEE, 28519527, 9126, 0003, 0.78652, 4.8503090
0xEEEE, 28522659, 9127, 0003, 0.78813, 4.8522164
0xEEEE, 28525781, 9128, 0004, 1.18300, 4.8642710
0xEEEE, 28528913, 9129, 0004, 1.17978, 4.8560311
0xEEEE, 28532045, 9130, 0005, 1.57868, 4.8516060
0xEEEE, 28535172, 9131, 0005, 1.57788, 4.8468757
0xEEEE, 28538289, 9132, 0006, 2.00579, 4.8590066
0xEEEE, 28541414, 9133, 0006, 2.36681, 4.8651865
0xEEEE, 28544538, 9134, 0007, 2.39582, 4.8533608
0xEEEE, 28547680, 9135, 0007, 2.37568, 4.8573281
0xEEEE, 28550787, 9136, 0007, 2.55216, 4.8581674
0xEEEE, 28553912, 9137, 0007, 2.55136, 4.8522164
0xEEEE, 28557043, 9138, 0006, 2.57634, 4.8515297
0xEEEE, 28560162, 9139, 0006, 2.55136, 4.8632029
0xEEEE, 28563287, 9140, 0005, 2.36762, 4.8626688
0xEEEE, 28566410, 9141, 0005, 2.00659, 4.8514534
0xEEEE, 28569526, 9142, 0004, 1.97275, 4.8490120
0xEEEE, 28572659, 9143, 0004, 1.96872, 4.8603037
0xEEEE, 28575777, 9144, 0003, 1.57788, 4.8571756
0xEEEE, 28578902, 9145, 0003, 1.57465, 4.8526741
0xEEEE, 28582036, 9146, 0002, 1.18381, 4.8607614
0xEEEE, 28585151, 9147, 0002, 1.18300, 4.8556497
0xEEEE, 28588276, 9148, 0001, 0.79136, 4.8599985
0xEEEE, 28591402, 9149, 0001, 0.43194, 4.8564889
0xEEEE, 28594548, 9150, 0000, 0.39326, 4.8635080
0xEEEE, 28597670, 9151, 0000, 0.39326, 4.8567178
0xEEEE, 28600788, 9152, 0000, 0.01209, 4.8532082
0xEEEE, 28603914, 9153, 0000, 0.01209, 4.8562600
0xEEEE, 28607073, 9154, 0001, 0.01370, 4.8596933
0xEEEE, 28610164, 9155, 0001, 0.01128, 4.8543526
0xEEEE, 28613288, 9156, 0002, 0.39326, 4.8499275
0xEEEE, 28616411, 9157, 0002, 0.39487, 4.8543526
0xEEEE, 28619536, 9158, 0003, 0.78410, 4.8528267
0xEEEE, 28622668, 9159, 0003, 0.80022, 4.8509194
0xEEEE, 28625788, 9160, 0004, 1.18220, 4.8493935
0xEEEE, 28628912, 9161, 0004, 1.18381, 4.8599985
0xEEEE, 28632051, 9162, 0005, 1.54322, 4.8587778
0xEEEE, 28635160, 9163, 0005, 1.97275, 4.8472572
0xEEEE, 28638276, 9164, 0006, 1.95905, 4.8538186
0xEEEE, 28641401, 9165, 0006, 1.97275, 4.8651865
0xEEEE, 28644527, 9166, 0007, 2.38293, 4.8641184
0xEEEE, 28647659, 9167, 0007, 2.36762, 4.8551919
0xEEEE, 28650777, 9168, 0007, 2.55055, 4.8598459
0xEEEE, 28653902, 9169, 0007, 2.58681, 4.8589303
0xEEEE, 28657036, 9170, 0006, 2.54813, 4.8448157
0xEEEE, 28660160, 9171, 0006, 2.36681, 4.8532845
0xEEEE, 28663288, 9172, 0005, 2.36762, 4.8631266
0xEEEE, 28666413, 9173, 0005, 2.35875, 4.8509957
0xEEEE, 28669538, 9174, 0004, 1.97275, 4.8479438
0xEEEE, 28672671, 9175, 0004, 1.96711, 4.8515297
0xEEEE, 28675789, 9176, 0003, 1.57868, 4.8639658
0xEEEE, 28678925, 9177, 0003, 1.57465, 4.8542000
0xEEEE, 28682050, 9178, 0002, 1.18381, 4.8453498
0xEEEE, 28685161, 9179, 0002, 0.78733, 4.8545815
0xEEEE, 28688287, 9180, 0001, 0.78733, 4.8600748
0xEEEE, 28691411, 9181, 0001, 0.80264, 4.8505379
0xEEEE, 28694537, 9182, 0000, 0.37473, 4.8612192
0xEEEE, 28697669, 9183, 0000, 0.39245, 4.8599985
0xEEEE, 28700786, 9184, 0000, 0.01209, 4.8617533
0xEEEE, 28703902, 9185, 0000, 0.01209, 4.8445869
0xEEEE, 28707063, 9186, 0001, 0.01209, 4.8573281
0xEEEE, 28710153, 9187, 0001, 0.39326, 4.8610666
0xEEEE, 28713276, 9188, 0002, 0.39407, 4.8518349
0xEEEE, 28716411, 9189, 0002, 0.39326, 4.8519875
0xEEEE, 28719526, 9190, 0003, 0.79136, 4.8568704
0xEEEE, 28722659, 9191, 0003, 0.78410, 4.8603799
0xEEEE, 28725783, 9192, 0004, 1.18139, 4.8558022
0xEEEE, 28728913, 9193, 0004, 1.18381, 4.8563363
0xEEEE, 28732044, 9194, 0005, 1.58432, 4.8582437
0xEEEE, 28735163, 9195, 0005, 1.97275, 4.8558785
0xEEEE, 28738289, 9196, 0006, 1.97597, 4.8477913
0xEEEE, 28741413, 9197, 0006, 1.97355, 4.8547341
0xEEEE, 28744538, 9198, 0007, 2.36762, 4.8650340
0xEEEE, 28747672, 9199, 0007, 2.36762, 4.8477150
0xEEEE, 28750787, 9200, 0007, 2.55136, 4.8527504
0xEEEE, 28753912, 9201, 0007, 2.55538, 4.8557259
0xEEEE, 28757043, 9202, 0006, 2.55216, 4.8605325
0xEEEE, 28760162, 9203, 0006, 2.55055, 4.8501564
0xEEEE, 28763297, 9204, 0005, 2.38293, 4.8471809
0xEEEE, 28766411, 9205, 0005, 2.36278, 4.8577096
0xEEEE, 28769527, 9206, 0004, 1.97355, 4.8641184
0xEEEE, 28772659, 9207, 0004, 1.97597, 4.8515297
0xEEEE, 28775786, 9208, 0003, 1.57707, 4.8566415
0xEEEE, 28778902, 9209, 0003, 1.17978, 4.8625162
0xEEEE, 28782036, 9210, 0002, 1.19267, 4.8494697
0xEEEE, 28785151, 9211, 0002, 1.18220, 4.8490883
0xEEEE, 28788277, 9212, 0001, 0.78733, 4.8544289
0xEEEE, 28791403, 9213, 0001, 0.78733, 4.8661021
0xEEEE, 28794538, 9214, 0000, 0.39245, 4.8561837
0xEEEE, 28797670, 9215, 0000, 0.40374, 4.8548104
0xEEEE, 28800794, 9216, 0000, 0.01370, 4.8594644
0xEEEE, 28803914, 9217, 0000, 0.01209, 4.8469520
0xEEEE, 28807065, 9218, 0001, 0.01209, 4.8509957
0xEEEE, 28810164, 9219, 0001, 0.01289, 4.8567178
0xEEEE, 28813289, 9220, 0002, 0.39245, 4.8658732
0xEEEE, 28816411, 9221, 0002, 0.39326, 4.8535134
0xEEEE, 28819536, 9222, 0003, 0.78894, 4.8482490
0xEEEE, 28822679, 9223, 0003, 0.78813, 4.8603037
0xEEEE, 28825788, 9224, 0004, 1.16608, 4.8609903
0xEEEE, 28828911, 9225, 0004, 1.57788, 4.8606088
0xEEEE, 28832045, 9226, 0005, 1.57949, 4.8493935
0xEEEE, 28835160, 9227, 0005, 1.57868, 4.8564126
0xEEEE, 28838276, 9228, 0006, 1.97355, 4.8619821
0xEEEE, 28841402, 9229, 0006, 2.00176, 4.8484779
0xEEEE, 28844527, 9230, 0007, 2.35795, 4.8609903
0xEEEE, 28847670, 9231, 0007, 2.36681, 4.8593881
0xEEEE, 28850777, 9232, 0007, 2.59810, 4.8532082
0xEEEE, 28853902, 9233, 0007, 2.55055, 4.8459602
0xEEEE, 28857035, 9234, 0006, 2.55136, 4.8555734
0xEEEE, 28860172, 9235, 0006, 2.55216, 4.8646525
0xEEEE, 28863288, 9236, 0005, 2.39663, 4.8586252
0xEEEE, 28866413, 9237, 0005, 2.36601, 4.8495460
0xEEEE, 28869538, 9238, 0004, 2.01143, 4.8536660
0xEEEE, 28872672, 9239, 0004, 1.97275, 4.8560311
0xEEEE, 28875790, 9240, 0003, 1.57707, 4.8594644
0xEEEE, 28878913, 9241, 0003, 1.18300, 4.8541238
0xEEEE, 28882052, 9242, 0002, 1.17978, 4.8616007
0xEEEE, 28885161, 9243, 0002, 1.19912, 4.8534371
0xEEEE, 28888286, 9244, 0001, 0.78813, 4.8448920
0xEEEE, 28891411, 9245, 0001, 0.78813, 4.8580148
0xEEEE, 28894536, 9246, 0000, 0.39407, 4.8569467
0xEEEE, 28897669, 9247, 0000, 0.39487, 4.8602274
0xEEEE, 28900786, 9248, 0000, 0.01209, 4.8508431
0xEEEE, 28903902, 9249, 0000, 0.01128, 4.8566415
0xEEEE, 28907074, 9250, 0001, 0.01209, 4.8558785
0xEEEE, 28910153, 9251, 0001, 0.01128, 4.8521401
0xEEEE, 28913276, 9252, 0002, 0.37875, 4.8565652
0xEEEE, 28916401, 9253, 0002, 0.34571, 4.8600748
0xEEEE, 28919526, 9254, 0003, 0.78733, 4.8568704
0xEEEE, 28922659, 9255, 0003, 0.78733, 4.8518349
0xEEEE, 28925784, 9256, 0004, 1.18623, 4.8586252
0xEEEE, 28928913, 9257, 0004, 1.18300, 4.8635843
0xEEEE, 28932044, 9258, 0005, 1.57707, 4.8506905
0xEEEE, 28935163, 9259, 0005, 1.58352, 4.8535134
0xEEEE, 28938289, 9260, 0006, 1.97275, 4.8610666
0xEEEE, 28941413, 9261, 0006, 1.96791, 4.8557259
0xEEEE, 28944547, 9262, 0007, 2.36681, 4.8606851
0xEEEE, 28947674, 9263, 0007, 2.55136, 4.8525216
0xEEEE, 28950786, 9264, 0007, 2.55216, 4.8612192
0xEEEE, 28953912, 9265, 0007, 2.55136, 4.8570230
0xEEEE, 28957043, 9266, 0006, 2.60051, 4.8451209
0xEEEE, 28960162, 9267, 0006, 2.56505, 4.8577859
0xEEEE, 28963286, 9268, 0005, 2.36923, 4.8610666
0xEEEE, 28966411, 9269, 0005, 2.36681, 4.8551156
0xEEEE, 28969526, 9270, 0004, 1.96952, 4.8461128
0xEEEE, 28972659, 9271, 0004, 1.57868, 4.8594644
0xEEEE, 28975777, 9272, 0003, 1.57868, 4.8614481
0xEEEE, 28978901, 9273, 0003, 1.57788, 4.8572519
0xEEEE, 28982035, 9274, 0002, 1.18381, 4.8580148
0xEEEE, 28985152, 9275, 0002, 1.17736, 4.8569467
0xEEEE, 28988277, 9276, 0001, 0.81392, 4.8558785
0xEEEE, 28991416, 9277, 0001, 0.78894, 4.8500038
0xEEEE, 28994538, 9278, 0000, 0.39245, 4.8605325
0xEEEE, 28997670, 9279, 0000, 0.01128, 4.8602274
0xEEEE, 29000789, 9280, 0000, 0.01209, 4.8533608
0xEEEE, 29003914, 9281, 0000, 0.01128, 4.8471046
0xEEEE, 29007065, 9282, 0001, 0.01209, 4.8620584
0xEEEE, 29010164, 9283, 0001, 0.01209, 4.8641947
0xEEEE, 29013276, 9284, 0002, 0.39729, 4.8513008
0xEEEE, 29016411, 9285, 0002, 0.40051, 4.8533608
0xEEEE, 29019536, 9286, 0003, 0.81473, 4.8573281
0xEEEE, 29022668, 9287, 0003, 1.18381, 4.8505379
0xEEEE, 29025787, 9288, 0004, 1.18300, 4.8516060
0xEEEE, 29028920, 9289, 0004, 1.19267, 4.8616007
0xEEEE, 29032045, 9290, 0005, 1.57788, 4.8608377
0xEEEE, 29035152, 9291, 0005, 1.57949, 4.8567178
0xEEEE, 29038277, 9292, 0006, 1.97275, 4.8509957
0xEEEE, 29041402, 9293, 0006, 1.97436, 4.8616007
0xEEEE, 29044526, 9294, 0007, 2.36842, 4.8526741
0xEEEE, 29047660, 9295, 0007, 2.55216, 4.8488594
0xEEEE, 29050777, 9296, 0007, 2.55136, 4.8500801
0xEEEE, 29053902, 9297, 0007, 2.55216, 4.8577859
0xEEEE, 29057036, 9298, 0006, 2.55136, 4.8506142
0xEEEE, 29060163, 9299, 0006, 2.55055, 4.8524453
0xEEEE, 29063289, 9300, 0005, 2.36681, 4.8625925
0xEEEE, 29066413, 9301, 0005, 2.38374, 4.8529793
0xEEEE, 29069539, 9302, 0004, 1.97194, 4.8464942
0xEEEE, 29072672, 9303, 0004, 1.97355, 4.8516060
0xEEEE, 29075800, 9304, 0003, 1.57868, 4.8639658
0xEEEE, 29078913, 9305, 0003, 1.52227, 4.8595407
0xEEEE, 29082054, 9306, 0002, 1.18381, 4.8541238
0xEEEE, 29085161, 9307, 0002, 1.18381, 4.8515297
0xEEEE, 29088294, 9308, 0001, 0.77363, 4.8582437
0xEEEE, 29091411, 9309, 0001, 0.39245, 4.8533608
0xEEEE, 29094536, 9310, 0000, 0.39245, 4.8509194
0xEEEE, 29097669, 9311, 0000, 0.39245, 4.8562600
0xEEEE, 29100786, 9312, 0000, 0.01209, 4.8610666
0xEEEE, 29103902, 9313, 0000, 0.01209, 4.8489357
0xEEEE, 29107063, 9314, 0001, 0.01209, 4.8506905
0xEEEE, 29110153, 9315, 0001, 0.01451, 4.8657206
0xEEEE, 29113285, 9316, 0002, 0.39326, 4.8569467
0xEEEE, 29116401, 9317, 0002, 0.79216, 4.8508431
0xEEEE, 29119526, 9318, 0003, 0.77927, 4.8543526
0xEEEE, 29122659, 9319, 0003, 0.78733, 4.8622110
0xEEEE, 29125786, 9320, 0004, 1.18300, 4.8543526
0xEEEE, 29128913, 9321, 0004, 1.18462, 4.8499275
0xEEEE, 29132044, 9322, 0005, 1.57868, 4.8564889
0xEEEE, 29135163, 9323, 0005, 1.57868, 4.8516060
0xEEEE, 29138288, 9324, 0006, 1.96066, 4.8489357
0xEEEE, 29141413, 9325, 0006, 2.36359, 4.8523690
0xEEEE, 29144538, 9326, 0007, 2.37004, 4.8642710
0xEEEE, 29147675, 9327, 0007, 2.37245, 4.8634318
0xEEEE, 29150787, 9328, 0007, 2.55297, 4.8471046
0xEEEE, 29153912, 9329, 0007, 2.55055, 4.8466468
0xEEEE, 29157043, 9330, 0006, 2.54168, 4.8606088
0xEEEE, 29160171, 9331, 0006, 2.55055, 4.8577859
0xEEEE, 29163286, 9332, 0005, 2.36601, 4.8537423
0xEEEE, 29166411, 9333, 0005, 1.91392, 4.8577096
0xEEEE, 29169527, 9334, 0004, 1.97355, 4.8570230
0xEEEE, 29172668, 9335, 0004, 1.99289, 4.8532845
0xEEEE, 29175777, 9336, 0003, 1.57788, 4.8590829
0xEEEE, 29178902, 9337, 0003, 1.57223, 4.8661784
0xEEEE, 29182035, 9338, 0002, 1.18381, 4.8504616
0xEEEE, 29185152, 9339, 0002, 1.18300, 4.8443580
0xEEEE, 29188278, 9340, 0001, 0.78652, 4.8502327
0xEEEE, 29191405, 9341, 0001, 0.39890, 4.8631266
0xEEEE, 29194538, 9342, 0000, 0.44000, 4.8514534
0xEEEE, 29197670, 9343, 0000, 0.39165, 4.8416114
0xEEEE, 29200789, 9344, 0000, 0.01128, 4.8567178
0xEEEE, 29203914, 9345, 0000, 0.01209, 4.8570230
0xEEEE, 29207065, 9346, 0001, 0.01128, 4.8490120
0xEEEE, 29210164, 9347, 0001, 0.01289, 4.8505379
0xEEEE, 29213278, 9348, 0002, 0.39326, 4.8623636
0xEEEE, 29216411, 9349, 0002, 0.79377, 4.8546578
0xEEEE, 29219546, 9350, 0003, 0.79136, 4.8420691
0xEEEE, 29222668, 9351, 0003, 0.79055, 4.8495460
0xEEEE, 29225787, 9352, 0004, 1.18381, 4.8650340
0xEEEE, 29228912, 9353, 0004, 1.18220, 4.8611429
0xEEEE, 29232045, 9354, 0005, 1.60205, 4.8500038
0xEEEE, 29235152, 9355, 0005, 1.57868, 4.8561074
0xEEEE, 29238277, 9356, 0006, 1.97516, 4.8603037
0xEEEE, 29241401, 9357, 0006, 1.97355, 4.8538949
0xEEEE, 29244534, 9358, 0007, 2.35714, 4.8567941
0xEEEE, 29247659, 9359, 0007, 2.36762, 4.8612192
0xEEEE, 29250778, 9360, 0007, 2.55136, 4.8530556
0xEEEE, 29253902, 9361, 0007, 2.56747, 4.8410773
0xEEEE, 29257043, 9362, 0006, 2.54733, 4.8581674
0xEEEE, 29260163, 9363, 0006, 2.36601, 4.8635843
0xEEEE, 29263288, 9364, 0005, 2.37810, 4.8518349
0xEEEE, 29266413, 9365, 0005, 2.36520, 4.8476387
0xEEEE, 29269539, 9366, 0004, 1.97355, 4.8563363
0xEEEE, 29272671, 9367, 0004, 1.97597, 4.8576333
0xEEEE, 29275788, 9368, 0003, 1.57868, 4.8590066
0xEEEE, 29278902, 9369, 0003, 1.57868, 4.8541238
0xEEEE, 29282054, 9370, 0002, 1.13062, 4.8581674
0xEEEE, 29285161, 9371, 0002, 0.78813, 4.8561074
0xEEEE, 29288286, 9372, 0001, 0.78813, 4.8481727
0xEEEE, 29291412, 9373, 0001, 0.78249, 4.8576333
0xEEEE, 29294536, 9374, 0000, 0.39407, 4.8638895
0xEEEE, 29297669, 9375, 0000, 0.39407, 4.8559548
0xEEEE, 29300786, 9376, 0000, 0.01209, 4.8426795
0xEEEE, 29303913, 9377, 0000, 0.01209, 4.8535897
0xEEEE, 29307063, 9378, 0001, 0.01209, 4.8560311
0xEEEE, 29310153, 9379, 0001, 0.39245, 4.8616007
0xEEEE, 29313278, 9380, 0002, 0.39245, 4.8571756
0xEEEE, 29316402, 9381, 0002, 0.39165, 4.8580911
0xEEEE, 29319527, 9382, 0003, 0.78813, 4.8571756
0xEEEE, 29322659, 9383, 0003, 0.78330, 4.8468757
0xEEEE, 29325787, 9384, 0004, 1.21685, 4.8567941
0xEEEE, 29328913, 9385, 0004, 1.18381, 4.8601511
0xEEEE, 29332044, 9386, 0005, 1.57385, 4.8625162
0xEEEE, 29335163, 9387, 0005, 1.97275, 4.8397040
0xEEEE, 29338288, 9388, 0006, 1.97194, 4.8542763
0xEEEE, 29341423, 9389, 0006, 1.97275, 4.8630503
0xEEEE, 29344538, 9390, 0007, 2.40791, 4.8504616
0xEEEE, 29347677, 9391, 0007, 2.36762, 4.8508431
0xEEEE, 29350787, 9392, 0007, 2.55055, 4.8603037
0xEEEE, 29353911, 9393, 0007, 2.55055, 4.8564126
0xEEEE, 29357043, 9394, 0006, 2.55216, 4.8545815
0xEEEE, 29360162, 9395, 0006, 2.36520, 4.8573281
0xEEEE, 29363286, 9396, 0005, 2.37165, 4.8606851
0xEEEE, 29366411, 9397, 0005, 2.36762, 4.8506905
0xEEEE, 29369526, 9398, 0004, 1.97355, 4.8501564
0xEEEE, 29372659, 9399, 0004, 1.97275, 4.8582437
0xEEEE, 29375779, 9400, 0003, 1.57868, 4.8657969
0xEEEE, 29378902, 9401, 0003, 1.57868, 4.8506905
0xEEEE, 29382036, 9402, 0002, 1.19026, 4.8580911
0xEEEE, 29385152, 9403, 0002, 1.18381, 4.8569467
0xEEEE, 29388288, 9404, 0001, 0.78894, 4.8548104
0xEEEE, 29391408, 9405, 0001, 0.78894, 4.8532845
0xEEEE, 29394538, 9406, 0000, 0.39487, 4.8578622
0xEEEE, 29397670, 9407, 0000, 0.39890, 4.8619059
0xEEEE, 29400789, 9408, 0000, 0.01289, 4.8554971
0xEEEE, 29403914, 9409, 0000, 0.01209, 4.8521401
0xEEEE, 29407065, 9410, 0001, 0.01128, 4.8595407
0xEEEE, 29410164, 9411, 0001, 0.01128, 4.8637369
0xEEEE, 29413280, 9412, 0002, 0.33604, 4.8513008
0xEEEE, 29416411, 9413, 0002, 0.39245, 4.8487068
0xEEEE, 29419536, 9414, 0003, 0.78813, 4.8580911
0xEEEE, 29422668, 9415, 0003, 0.78894, 4.8506905
0xEEEE, 29425793, 9416, 0004, 1.16286, 4.8529793
0xEEEE, 29428912, 9417, 0004, 1.57868, 4.8550393
0xEEEE, 29432044, 9418, 0005, 1.57788, 4.8618296
0xEEEE, 29435152, 9419, 0005, 1.57788, 4.8512245
0xEEEE, 29438278, 9420, 0006, 1.97355, 4.8469520
0xEEEE, 29441401, 9421, 0006, 2.00659, 4.8616007
0xEEEE, 29444526, 9422, 0007, 2.35795, 4.8643473
0xEEEE, 29447659, 9423, 0007, 2.36681, 4.8537423
0xEEEE, 29450777, 9424, 0007, 2.56022, 4.8545815
0xEEEE, 29453902, 9425, 0007, 2.55377, 4.8587778
0xEEEE, 29457038, 9426, 0006, 2.55136, 4.8567178
0xEEEE, 29460163, 9427, 0006, 2.55136, 4.8529030
0xEEEE, 29463288, 9428, 0005, 2.36601, 4.8532845
0xEEEE, 29466413, 9429, 0005, 2.36681, 4.8588540
0xEEEE, 29469539, 9430, 0004, 1.95905, 4.8515297
0xEEEE, 29472680, 9431, 0004, 1.97114, 4.8435950
0xEEEE, 29475788, 9432, 0003, 1.58674, 4.8606851
0xEEEE, 29478902, 9433, 0003, 1.18300, 4.8616770
0xEEEE, 29482054, 9434, 0002, 1.18139, 4.8518349
0xEEEE, 29485169, 9435, 0002, 1.15077, 4.8474861
0xEEEE, 29488286, 9436, 0001, 0.78813, 4.8587778
0xEEEE, 29491412, 9437, 0001, 0.78894, 4.8576333
0xEEEE, 29494536, 9438, 0000, 0.39326, 4.8504616
0xEEEE, 29497669, 9439, 0000, 0.39165, 4.8561074
0xEEEE, 29500787, 9440, 0000, 0.01209, 4.8561837
0xEEEE, 29503902, 9441, 0000, 0.01209, 4.8468757
0xEEEE, 29507063, 9442, 0001, 0.01209, 4.8506142
0xEEEE, 29510158, 9443, 0001, 0.01209, 4.8622110
0xEEEE, 29513277, 9444, 0002, 0.39245, 4.8598459
0xEEEE, 29516402, 9445, 0002, 0.44000, 4.8494697
0xEEEE, 29519526, 9446, 0003, 0.78813, 4.8496986
0xEEEE, 29522659, 9447, 0003, 0.78813, 4.8579385
0xEEEE, 29525788, 9448, 0004, 1.18381, 4.8569467
0xEEEE, 29528913, 9449, 0004, 1.57546, 4.8636606
0xEEEE, 29532055, 9450, 0005, 1.57868, 4.8564889
0xEEEE, 29535164, 9451, 0005, 1.56418, 4.8580148
0xEEEE, 29538289, 9452, 0006, 1.97194, 4.8484016
0xEEEE, 29541413, 9453, 0006, 1.96791, 4.8484016
0xEEEE, 29544538, 9454, 0007, 2.36520, 4.8572519
0xEEEE, 29547680, 9455, 0007, 2.40227, 4.8609903
0xEEEE, 29550786, 9456, 0007, 2.55216, 4.8474861
0xEEEE, 29553911, 9457, 0007, 2.55458, 4.8546578
0xEEEE, 29557051, 9458, 0006, 2.55297, 4.8593881
0xEEEE, 29560161, 9459, 0006, 2.52234, 4.8554208
0xEEEE, 29563287, 9460, 0005, 2.36520, 4.8564126
0xEEEE, 29566411, 9461, 0005, 2.36681, 4.8553445
0xEEEE, 29569536, 9462, 0004, 1.97919, 4.8570993
0xEEEE, 29572659, 9463, 0004, 1.57788, 4.8539712
0xEEEE, 29575777, 9464, 0003, 1.58432, 4.8551156
0xEEEE, 29578902, 9465, 0003, 1.57788, 4.8606851
0xEEEE, 29582036, 9466, 0002, 1.18300, 4.8567941
0xEEEE, 29585151, 9467, 0002, 1.16850, 4.8429847
0xEEEE, 29588276, 9468, 0001, 0.78894, 4.8546578
0xEEEE, 29591409, 9469, 0001, 0.78733, 4.8632029
0xEEEE, 29594538, 9470, 0000, 0.39165, 4.8606088
0xEEEE, 29597670, 9471, 0000, 0.01209, 4.8545815
0xEEEE, 29600789, 9472, 0000, 0.01209, 4.8528267
0xEEEE, 29603913, 9473, 0000, 0.01209, 4.8592355
0xEEEE, 29607065, 9474, 0001, 0.01209, 4.8550393
0xEEEE, 29610164, 9475, 0001, 0.01209, 4.8485542
0xEEEE, 29613281, 9476, 0002, 0.40454, 4.8603799
0xEEEE, 29616421, 9477, 0002, 0.38681, 4.8603037
0xEEEE, 29619536, 9478, 0003, 0.78894, 4.8504616
0xEEEE, 29622668, 9479, 0003, 1.18300, 4.8542000
0xEEEE, 29625787, 9480, 0004, 1.18381, 4.8664073
0xEEEE, 29628911, 9481, 0004, 1.15722, 4.8526741
0xEEEE, 29632045, 9482, 0005, 1.57868, 4.8542000
0xEEEE, 29635151, 9483, 0005, 1.58110, 4.8558022
0xEEEE, 29638276, 9484, 0006, 1.97436, 4.8581674
0xEEEE, 29641401, 9485, 0006, 1.97033, 4.8545052
0xEEEE, 29644527, 9486, 0007, 2.36681, 4.8575570
0xEEEE, 29647659, 9487, 0007, 2.55055, 4.8588540
0xEEEE, 29650777, 9488, 0007, 2.55136, 4.8537423
0xEEEE, 29653911, 9489, 0007, 2.55055, 4.8471046
0xEEEE, 29657037, 9490, 0006, 2.55136, 4.8522927
0xEEEE, 29660163, 9491, 0006, 2.55538, 4.8607614
0xEEEE, 29663288, 9492, 0005, 2.36762, 4.8626688
0xEEEE, 29666413, 9493, 0005, 2.39260, 4.8414588
0xEEEE, 29669539, 9494, 0004, 1.97275, 4.8550393
0xEEEE, 29672671, 9495, 0004, 1.57788, 4.8574044
0xEEEE, 29675788, 9496, 0003, 1.57788, 4.8623636
0xEEEE, 29678902, 9497, 0003, 1.57868, 4.8487068
0xEEEE, 29682042, 9498, 0002, 1.18381, 4.8586252
0xEEEE, 29685161, 9499, 0002, 1.18623, 4.8536660
0xEEEE, 29688287, 9500, 0001, 0.77685, 4.8477913
0xEEEE, 29691412, 9501, 0001, 0.78894, 4.8500038
0xEEEE, 29694537, 9502, 0000, 0.39245, 4.8659495
0xEEEE, 29697669, 9503, 0000, 0.39245, 4.8527504
0xEEEE, 29700797, 9504, 0000, 0.01209, 4.8507668
0xEEEE, 29703902, 9505, 0000, 0.01128, 4.8544289
0xEEEE, 29707063, 9506, 0001, 0.01209, 4.8625925
0xEEEE, 29710153, 9507, 0001, 0.01209, 4.8493935
0xEEEE, 29713277, 9508, 0002, 0.39245, 4.8527504
0xEEEE, 29716401, 9509, 0002, 0.39648, 4.8584726
0xEEEE, 29719526, 9510, 0003, 0.80828, 4.8527504
0xEEEE, 29722659, 9511, 0003, 0.78894, 4.8480964
0xEEEE, 29725788, 9512, 0004, 1.18381, 4.8551919
0xEEEE, 29728913, 9513, 0004, 1.18220, 4.8645762
0xEEEE, 29732044, 9514, 0005, 1.57788, 4.8477913
0xEEEE, 29735164, 9515, 0005, 1.57868, 4.8540475
0xEEEE, 29738297, 9516, 0006, 1.97275, 4.8538949
0xEEEE, 29741413, 9517, 0006, 2.36440, 4.8646525
0xEEEE, 29744527, 9518, 0007, 2.36762, 4.8590066
0xEEEE, 29747679, 9519, 0007, 2.38696, 4.8519112
0xEEEE, 29750787, 9520, 0007, 2.55136, 4.8589303
0xEEEE, 29753911, 9521, 0007, 2.55136, 4.8574807
0xEEEE, 29757043, 9522, 0006, 2.55136, 4.8493172
0xEEEE, 29760161, 9523, 0006, 2.55136, 4.8479438
0xEEEE, 29763285, 9524, 0005, 2.36762, 4.8619821
0xEEEE, 29766410, 9525, 0005, 1.97275, 4.8455024
0xEEEE, 29769527, 9526, 0004, 1.97275, 4.8459602
0xEEEE, 29772659, 9527, 0004, 1.97436, 4.8567178
0xEEEE, 29775777, 9528, 0003, 1.57868, 4.8622110
0xEEEE, 29778902, 9529, 0003, 1.56095, 4.8532082
0xEEEE, 29782036, 9530, 0002, 1.18381, 4.8502327
0xEEEE, 29785162, 9531, 0002, 1.18300, 4.8584726
0xEEEE, 29788277, 9532, 0001, 0.79619, 4.8600748
0xEEEE, 29791410, 9533, 0001, 0.32718, 4.8488594
0xEEEE, 29794538, 9534, 0000, 0.39165, 4.8574807
0xEEEE, 29797678, 9535, 0000, 0.39245, 4.8611429
0xEEEE, 29800789, 9536, 0000, 0.01209, 4.8519875
0xEEEE, 29803915, 9537, 0000, 0.01209, 4.8506905
0xEEEE, 29807064, 9538, 0001, 0.01209, 4.8549630
0xEEEE, 29810164, 9539, 0001, 0.01128, 4.8672465
0xEEEE, 29813284, 9540, 0002, 0.39326, 4.8509194
0xEEEE, 29816411, 9541, 0002, 0.79055, 4.8515297
0xEEEE, 29819536, 9542, 0003, 0.78410, 4.8584726
0xEEEE, 29822675, 9543, 0003, 0.75267, 4.8616770
0xEEEE, 29825787, 9544, 0004, 1.18300, 4.8525978
0xEEEE, 29828911, 9545, 0004, 1.18300, 4.8558785
0xEEEE, 29832044, 9546, 0005, 1.59238, 4.8647288
0xEEEE, 29835151, 9547, 0005, 1.57707, 4.8509957
0xEEEE, 29838276, 9548, 0006, 1.98484, 4.8537423
0xEEEE, 29841401, 9549, 0006, 2.36762, 4.8619821
0xEEEE, 29844527, 9550, 0007, 2.35392, 4.8628977
0xEEEE, 29847659, 9551, 0007, 2.36198, 4.8489357
0xEEEE, 29850777, 9552, 0007, 2.55216, 4.8513771
0xEEEE, 29853902, 9553, 0007, 2.60293, 4.8594644
0xEEEE, 29857039, 9554, 0006, 2.56586, 4.8603799
0xEEEE, 29860163, 9555, 0006, 2.55136, 4.8566415
0xEEEE, 29863287, 9556, 0005, 2.36681, 4.8586252
0xEEEE, 29866413, 9557, 0005, 2.38293, 4.8589303
0xEEEE, 29869547, 9558, 0004, 1.97275, 4.8516060
0xEEEE, 29872671, 9559, 0004, 1.96388, 4.8547341
0xEEEE, 29875790, 9560, 0003, 1.57949, 4.8612955
0xEEEE, 29878905, 9561, 0003, 1.58190, 4.8625925
0xEEEE, 29882061, 9562, 0002, 1.18300, 4.8513771
0xEEEE, 29885161, 9563, 0002, 0.78813, 4.8456550
0xEEEE, 29888286, 9564, 0001, 0.78733, 4.8580148
0xEEEE, 29891412, 9565, 0001, 0.77846, 4.8607614
0xEEEE, 29894537, 9566, 0000, 0.37392, 4.8535897
0xEEEE, 29897669, 9567, 0000, 0.37956, 4.8550393
0xEEEE, 29900777, 9568, 0000, 0.01209, 4.8574807
0xEEEE, 29903902, 9569, 0000, 0.01209, 4.8590829
0xEEEE, 29907054, 9570, 0001, 0.01209, 4.8519112
0xEEEE, 29910153, 9571, 0001, 0.39245, 4.8584726
0xEEEE, 29913277, 9572, 0002, 0.39326, 4.8653391
0xEEEE, 29916401, 9573, 0002, 0.39245, 4.8561074
0xEEEE, 29919526, 9574, 0003, 0.79055, 4.8520638
0xEEEE, 29922661, 9575, 0003, 0.79216, 4.8609903
0xEEEE, 29925788, 9576, 0004, 1.18381, 4.8624399
0xEEEE, 29928923, 9577, 0004, 1.18300, 4.8523690
0xEEEE, 29932045, 9578, 0005, 1.58029, 4.8521401
0xEEEE, 29935164, 9579, 0005, 1.97275, 4.8588540
0xEEEE, 29938289, 9580, 0006, 1.97275, 4.8507668
0xEEEE, 29941413, 9581, 0006, 1.97436, 4.8561074
0xEEEE, 29944526, 9582, 0007, 2.36681, 4.8625925
0xEEEE, 29947679, 9583, 0007, 2.36601, 4.8666361
0xEEEE, 29950786, 9584, 0007, 2.55216, 4.8603037
0xEEEE, 29953918, 9585, 0007, 2.55216, 4.8513008
0xEEEE, 29957043, 9586, 0006, 2.55136, 4.8607614
0xEEEE, 29960162, 9587, 0006, 2.36520, 4.8578622
0xEEEE, 29963285, 9588, 0005, 2.37326, 4.8530556
0xEEEE, 29966419, 9589, 0005, 2.36520, 4.8540475
0xEEEE, 29969527, 9590, 0004, 1.97355, 4.8596170
0xEEEE, 29972659, 9591, 0004, 1.97114, 4.8529030
0xEEEE, 29975777, 9592, 0003, 1.57707, 4.8505379
0xEEEE, 29978902, 9593, 0003, 1.57868, 4.8628214
0xEEEE, 29982036, 9594, 0002, 1.18139, 4.8631266
0xEEEE, 29985151, 9595, 0002, 0.78974, 4.8530556
0xEEEE, 29988276, 9596, 0001, 0.78733, 4.8557259
0xEEEE, 29991412, 9597, 0001, 0.78733, 4.8637369
0xEEEE, 29994538, 9598, 0000, 0.39326, 4.8616770
0xEEEE, 29997670, 9599, 0000, 0.39890, 4.8510719
0xEEEE, 30000790, 9600, 0000, 0.01451, 4.8527504
0xEEEE, 30003914, 9601, 0000, 0.01209, 4.8534371
0xEEEE, 30007064, 9602, 0001, 0.01209, 4.8502327
0xEEEE, 30010164, 9603, 0001, 0.33685, 4.8566415
0xEEEE, 30013307, 9604, 0002, 0.38440, 4.8610666
0xEEEE, 30016411, 9605, 0002, 0.39245, 4.8603799
0xEEEE, 30019536, 9606, 0003, 0.78813, 4.8503853
0xEEEE, 30022668, 9607, 0003, 0.78974, 4.8551156
0xEEEE, 30025787, 9608, 0004, 1.18462, 4.8641947
0xEEEE, 30028911, 9609, 0004, 1.11370, 4.8582437
0xEEEE, 30032045, 9610, 0005, 1.57868, 4.8605325
0xEEEE, 30035151, 9611, 0005, 1.62784, 4.8545052
0xEEEE, 30038276, 9612, 0006, 1.97355, 4.8617533
0xEEEE, 30041401, 9613, 0006, 1.94777, 4.8609903
0xEEEE, 30044526, 9614, 0007, 2.36681, 4.8532845
0xEEEE, 30047659, 9615, 0007, 2.36762, 4.8585489
0xEEEE, 30050787, 9616, 0007, 2.55136, 4.8570993
0xEEEE, 30053902, 9617, 0007, 2.56264, 4.8508431
0xEEEE, 30057040, 9618, 0006, 2.55136, 4.8493935
0xEEEE, 30060163, 9619, 0006, 2.55136, 4.8639658
0xEEEE, 30063289, 9620, 0005, 2.36762, 4.8640421
0xEEEE, 30066413, 9621, 0005, 2.36762, 4.8450446
0xEEEE, 30069539, 9622, 0004, 2.00418, 4.8535134
0xEEEE, 30072671, 9623, 0004, 1.97275, 4.8589303
0xEEEE, 30075789, 9624, 0003, 1.58190, 4.8488594
0xEEEE, 30078906, 9625, 0003, 1.18300, 4.8556497
0xEEEE, 30082043, 9626, 0002, 1.18381, 4.8617533
0xEEEE, 30085161, 9627, 0002, 1.20718, 4.8558022
0xEEEE, 30088286, 9628, 0001, 0.81795, 4.8461128
0xEEEE, 30091412, 9629, 0001, 0.78813, 4.8525978
0xEEEE, 30094536, 9630, 0000, 0.39165, 4.8638895
0xEEEE, 30097680, 9631, 0000, 0.39165, 4.8602274
0xEEEE, 30100777, 9632, 0000, 0.01209, 4.8473335
0xEEEE, 30103902, 9633, 0000, 0.01209, 4.8529030
0xEEEE, 30107054, 9634, 0001, 0.01531, 4.8615244
0xEEEE, 30110153, 9635, 0001, 0.01209, 4.8522164
0xEEEE, 30113276, 9636, 0002, 0.37875, 4.8567941
0xEEEE, 30116401, 9637, 0002, 0.41502, 4.8590829
0xEEEE, 30119526, 9638, 0003, 0.78813, 4.8546578
0xEEEE, 30122663, 9639, 0003, 0.78652, 4.8543526
0xEEEE, 30125789, 9640, 0004, 1.18139, 4.8525978
0xEEEE, 30128913, 9641, 0004, 1.60527, 4.8633555
0xEEEE, 30132045, 9642, 0005, 1.57868, 4.8574807
0xEEEE, 30135171, 9643, 0005, 1.57707, 4.8448920
0xEEEE, 30138288, 9644, 0006, 1.97355, 4.8514534
0xEEEE, 30141413, 9645, 0006, 1.97355, 4.8663310
0xEEEE, 30144526, 9646, 0007, 2.36681, 4.8599222
0xEEEE, 30147679, 9647, 0007, 2.35311, 4.8469520
0xEEEE, 30150786, 9648, 0007, 2.54974, 4.8586252
0xEEEE, 30153912, 9649, 0007, 2.55055, 4.8593881
0xEEEE, 30157043, 9650, 0006, 2.52557, 4.8397803
0xEEEE, 30160162, 9651, 0006, 2.53846, 4.8579385
0xEEEE, 30163286, 9652, 0005, 2.36520, 4.8619059
0xEEEE, 30166402, 9653, 0005, 2.40952, 4.8436713
0xEEEE, 30169527, 9654, 0004, 1.97033, 4.8474861
0xEEEE, 30172660, 9655, 0004, 1.95905, 4.8532845
0xEEEE, 30175777, 9656, 0003, 1.57868, 4.8682383
0xEEEE, 30178902, 9657, 0003, 1.57788, 4.8629740
0xEEEE, 30182044, 9658, 0002, 1.18381, 4.8493172
0xEEEE, 30185151, 9659, 0002, 1.18542, 4.8583963
0xEEEE, 30188278, 9660, 0001, 0.79538, 4.8567178
0xEEEE, 30191413, 9661, 0001, 0.78813, 4.8554208
0xEEEE, 30194546, 9662, 0000, 0.39245, 4.8610666
0xEEEE, 30197670, 9663, 0000, 0.01209, 4.8609903
0xEEEE, 30200789, 9664, 0000, 0.01128, 4.8452735
0xEEEE, 30203913, 9665, 0000, 0.01128, 4.8438239
0xEEEE, 30207064, 9666, 0001, 0.01209, 4.8628214
0xEEEE, 30210164, 9667, 0001, 0.01128, 4.8625162
0xEEEE, 30213286, 9668, 0002, 0.39165, 4.8543526
0xEEEE, 30216411, 9669, 0002, 0.38923, 4.8509957
0xEEEE, 30219539, 9670, 0003, 0.77685, 4.8560311
0xEEEE, 30222668, 9671, 0003, 1.18300, 4.8549630
0xEEEE, 30225787, 9672, 0004, 1.18381, 4.8464942
0xEEEE, 30228911, 9673, 0004, 1.18703, 4.8526741
0xEEEE, 30232045, 9674, 0005, 1.61172, 4.8635080
0xEEEE, 30235152, 9675, 0005, 1.57949, 4.8592355
0xEEEE, 30238276, 9676, 0006, 1.97194, 4.8482490
0xEEEE, 30241402, 9677, 0006, 1.97355, 4.8583963
0xEEEE, 30244526, 9678, 0007, 2.36762, 4.8615244
0xEEEE, 30247660, 9679, 0007, 2.58440, 4.8497749
0xEEEE, 30250778, 9680, 0007, 2.55136, 4.8497749
0xEEEE, 30253902, 9681, 0007, 2.55136, 4.8588540
0xEEEE, 30257042, 9682, 0006, 2.55538, 4.8613718
0xEEEE, 30260163, 9683, 0006, 2.55136, 4.8491646
0xEEEE, 30263288, 9684, 0005, 2.36601, 4.8618296
0xEEEE, 30266422, 9685, 0005, 2.36601, 4.8622110
0xEEEE, 30269539, 9686, 0004, 1.97516, 4.8461128
0xEEEE, 30272671, 9687, 0004, 1.57868, 4.8529793
0xEEEE, 30275788, 9688, 0003, 1.57788, 4.8569467
0xEEEE, 30278928, 9689, 0003, 1.58352, 4.8612192
0xEEEE, 30282043, 9690, 0002, 1.18381, 4.8492409
0xEEEE, 30285161, 9691, 0002, 1.18220, 4.8500038
0xEEEE, 30288286, 9692, 0001, 0.79216, 4.8577859
0xEEEE, 30291411, 9693, 0001, 0.78571, 4.8611429
0xEEEE, 30294536, 9694, 0000, 0.42549, 4.8513771
0xEEEE, 30297668, 9695, 0000, 0.01128, 4.8586252
0xEEEE, 30300777, 9696, 0000, 0.01370, 4.8578622
0xEEEE, 30303901, 9697, 0000, 0.01209, 4.8408484
0xEEEE, 30307054, 9698, 0001, 0.01209, 4.8506142
0xEEEE, 30310153, 9699, 0001, 0.01209, 4.8636606
0xEEEE, 30313278, 9700, 0002, 0.39326, 4.8598459
0xEEEE, 30316402, 9701, 0002, 0.39165, 4.8458076
0xEEEE, 30319526, 9702, 0003, 0.78571, 4.8448920
0xEEEE, 30322664, 9703, 0003, 1.21443, 4.8602274
0xEEEE, 30325799, 9704, 0004, 1.18462, 4.8506142
0xEEEE, 30328913, 9705, 0004, 1.18381, 4.8487068
0xEEEE, 30332045, 9706, 0005, 1.61011, 4.8530556
0xEEEE, 30335164, 9707, 0005, 1.57788, 4.8622110
0xEEEE, 30338288, 9708, 0006, 1.98484, 4.8529030
0xEEEE, 30341413, 9709, 0006, 1.97355, 4.8509957
0xEEEE, 30344528, 9710, 0007, 2.38293, 4.8628977
0xEEEE, 30347668, 9711, 0007, 2.36359, 4.8616007
0xEEEE, 30350787, 9712, 0007, 2.55136, 4.8457313
0xEEEE, 30353911, 9713, 0007, 2.58117, 4.8479438
0xEEEE, 30357043, 9714, 0006, 2.55216, 4.8619059
0xEEEE, 30360161, 9715, 0006, 2.55216, 4.8612955
0xEEEE, 30363294, 9716, 0005, 2.36762, 4.8537423
0xEEEE, 30366402, 9717, 0005, 1.98161, 4.8509194
0xEEEE, 30369526, 9718, 0004, 1.97275, 4.8587778
0xEEEE, 30372659, 9719, 0004, 1.97839, 4.8506142
0xEEEE, 30375779, 9720, 0003, 1.57788, 4.8557259
0xEEEE, 30378901, 9721, 0003, 1.57868, 4.8598459
0xEEEE, 30382036, 9722, 0002, 1.16447, 4.8613718
0xEEEE, 30385151, 9723, 0002, 1.18300, 4.8468757
0xEEEE, 30388279, 9724, 0001, 0.78813, 4.8518349
0xEEEE, 30391413, 9725, 0001, 0.39004, 4.8650340
0xEEEE, 30394538, 9726, 0000, 0.39648, 4.8659495
0xEEEE, 30397670, 9727, 0000, 0.36667, 4.8462654
0xEEEE, 30400789, 9728, 0000, 0.01128, 4.8535134
0xEEEE, 30403914, 9729, 0000, 0.01209, 4.8590829
0xEEEE, 30407066, 9730, 0001, 0.01209, 4.8534371
0xEEEE, 30410174, 9731, 0001, 0.01209, 4.8487831
0xEEEE, 30413286, 9732, 0002, 0.39326, 4.8583963
0xEEEE, 30416411, 9733, 0002, 0.78813, 4.8567941
0xEEEE, 30419536, 9734, 0003, 0.78813, 4.8560311
0xEEEE, 30422668, 9735, 0003, 0.78974, 4.8469520
0xEEEE, 30425787, 9736, 0004, 1.18300, 4.8657206
0xEEEE, 30428911, 9737, 0004, 1.18381, 4.8608377
0xEEEE, 30432045, 9738, 0005, 1.58432, 4.8559548
0xEEEE, 30435152, 9739, 0005, 1.59722, 4.8527504
0xEEEE, 30438278, 9740, 0006, 1.97194, 4.8650340
0xEEEE, 30441402, 9741, 0006, 2.36762, 4.8493935
0xEEEE, 30444527, 9742, 0007, 2.36842, 4.8447395
0xEEEE, 30447668, 9743, 0007, 2.36762, 4.8620584
0xEEEE, 30450777, 9744, 0007, 2.55136, 4.8545052
0xEEEE, 30453902, 9745, 0007, 2.55136, 4.8532845
0xEEEE, 30457044, 9746, 0006, 2.55055, 4.8516060
0xEEEE, 30460163, 9747, 0006, 2.58359, 4.8631266
0xEEEE, 30463287, 9748, 0005, 2.37245, 4.8598459
0xEEEE, 30466413, 9749, 0005, 1.97275, 4.8507668
0xEEEE, 30469538, 9750, 0004, 1.99370, 4.8502327
0xEEEE, 30472672, 9751, 0004, 1.97275, 4.8606088
0xEEEE, 30475789, 9752, 0003, 1.57868, 4.8552682
0xEEEE, 30478910, 9753, 0003, 1.57868, 4.8519875
0xEEEE, 30482043, 9754, 0002, 1.17736, 4.8596170
0xEEEE, 30485161, 9755, 0002, 1.15722, 4.8568704
0xEEEE, 30488286, 9756, 0001, 0.78894, 4.8439002
0xEEEE, 30491411, 9757, 0001, 0.78894, 4.8501564
0xEEEE, 30494547, 9758, 0000, 0.39165, 4.8625925
0xEEEE, 30497668, 9759, 0000, 0.38842, 4.8496223
0xEEEE, 30500778, 9760, 0000, 0.01209, 4.8466468
0xEEEE, 30503902, 9761, 0000, 0.01209, 4.8538949
0xEEEE, 30507072, 9762, 0001, 0.01209, 4.8577096
0xEEEE, 30510153, 9763, 0001, 0.39004, 4.8577859
0xEEEE, 30513277, 9764, 0002, 0.40454, 4.8513771
0xEEEE, 30516401, 9765, 0002, 0.39407, 4.8564126
0xEEEE, 30519526, 9766, 0003, 0.78733, 4.8554208
0xEEEE, 30522666, 9767, 0003, 0.78894, 4.8562600
0xEEEE, 30525788, 9768, 0004, 1.18623, 4.8567178
0xEEEE, 30528913, 9769, 0004, 1.17736, 4.8640421
0xEEEE, 30532050, 9770, 0005, 1.57949, 4.8590066
0xEEEE, 30535164, 9771, 0005, 1.95099, 4.8410010
0xEEEE, 30538288, 9772, 0006, 1.97275, 4.8542763
0xEEEE, 30541413, 9773, 0006, 1.97033, 4.8617533
0xEEEE, 30544530, 9774, 0007, 2.36681, 4.8584726
0xEEEE, 30547668, 9775, 0007, 2.36601, 4.8555734
0xEEEE, 30550786, 9776, 0007, 2.55538, 4.8564889
0xEEEE, 30553912, 9777, 0007, 2.55055, 4.8569467
0xEEEE, 30557042, 9778, 0006, 2.55055, 4.8525216
0xEEEE, 30560161, 9779, 0006, 2.36762, 4.8507668
0xEEEE, 30563287, 9780, 0005, 2.36681, 4.8628977
0xEEEE, 30566401, 9781, 0005, 2.36601, 4.8557259
0xEEEE, 30569527, 9782, 0004, 1.97597, 4.8515297
0xEEEE, 30572659, 9783, 0004, 1.97275, 4.8605325
0xEEEE, 30575777, 9784, 0003, 1.56579, 4.8623636
0xEEEE, 30578912, 9785, 0003, 1.57868, 4.8533608
0xEEEE, 30582035, 9786, 0002, 1.18300, 4.8475624
0xEEEE, 30585152, 9787, 0002, 0.81231, 4.8596170
0xEEEE, 30588280, 9788, 0001, 0.83729, 4.8573281
0xEEEE, 30591422, 9789, 0001, 0.78974, 4.8507668
0xEEEE, 30594538, 9790, 0000, 0.39165, 4.8535897
0xEEEE, 30597670, 9791, 0000, 0.39407, 4.8611429
0xEEEE, 30600789, 9792, 0000, 0.01209, 4.8599985
0xEEEE, 30603914, 9793, 0000, 0.01209, 4.8506905
0xEEEE, 30607066, 9794, 0001, 0.01128, 4.8583963
0xEEEE, 30610153, 9795, 0001, 0.39407, 4.8604562
0xEEEE, 30613286, 9796, 0002, 0.39004, 4.8507668
0xEEEE, 30616411, 9797, 0002, 0.39890, 4.8491646
0xEEEE, 30619536, 9798, 0003, 0.83568, 4.8586252
0xEEEE, 30622668, 9799, 0003, 0.78813, 4.8609903
0xEEEE, 30625788, 9800, 0004, 1.18462, 4.8523690
0xEEEE, 30628911, 9801, 0004, 1.17978, 4.8542000
0xEEEE, 30632045, 9802, 0005, 1.57949, 4.8619059
0xEEEE, 30635151, 9803, 0005, 1.96469, 4.8490883
0xEEEE, 30638288, 9804, 0006, 2.01304, 4.8535134
0xEEEE, 30641402, 9805, 0006, 1.97033, 4.8559548
0xEEEE, 30644526, 9806, 0007, 2.36762, 4.8648814
0xEEEE, 30647659, 9807, 0007, 2.37326, 4.8581674
0xEEEE, 30650777, 9808, 0007, 2.55377, 4.8566415
0xEEEE, 30653902, 9809, 0007, 2.55136, 4.8570230
0xEEEE, 30657044, 9810, 0006, 2.57231, 4.8633555
0xEEEE, 30660163, 9811, 0006, 2.54491, 4.8517586
0xEEEE, 30663294, 9812, 0005, 2.36762, 4.8514534
0xEEEE, 30666414, 9813, 0005, 2.39179, 4.8599985
0xEEEE, 30669538, 9814, 0004, 1.97114, 4.8490120
0xEEEE, 30672671, 9815, 0004, 1.98403, 4.8484779
0xEEEE, 30675798, 9816, 0003, 1.57788, 4.8593881
0xEEEE, 30678911, 9817, 0003, 1.17333, 4.8619059
0xEEEE, 30682043, 9818, 0002, 1.18220, 4.8522927
0xEEEE, 30685161, 9819, 0002, 1.18462, 4.8439765
0xEEEE, 30688287, 9820, 0001, 0.79538, 4.8597696
0xEEEE, 30691411, 9821, 0001, 0.81311, 4.8552682
0xEEEE, 30694535, 9822, 0000, 0.39326, 4.8578622
0xEEEE, 30697668, 9823, 0000, 0.39245, 4.8486305
0xEEEE, 30700777, 9824, 0000, 0.01209, 4.8603037
0xEEEE, 30703902, 9825, 0000, 0.01128, 4.8464942
0xEEEE, 30707054, 9826, 0001, 0.01209, 4.8528267
0xEEEE, 30710153, 9827, 0001, 0.01209, 4.8576333
0xEEEE, 30713276, 9828, 0002, 0.39326, 4.8667887
0xEEEE, 30716401, 9829, 0002, 0.39487, 4.8519112
0xEEEE, 30719527, 9830, 0003, 0.79700, 4.8496986
0xEEEE, 30722679, 9831, 0003, 0.78974, 4.8573281
0xEEEE, 30725788, 9832, 0004, 1.18220, 4.8599985
0xEEEE, 30728913, 9833, 0004, 1.57788, 4.8603799
0xEEEE, 30732045, 9834, 0005, 1.58835, 4.8530556
0xEEEE, 30735164, 9835, 0005, 1.57949, 4.8586252
0xEEEE, 30738288, 9836, 0006, 1.90908, 4.8485542
0xEEEE, 30741413, 9837, 0006, 1.97355, 4.8529030
0xEEEE, 30744532, 9838, 0007, 2.36681, 4.8569467
0xEEEE, 30747668, 9839, 0007, 2.36681, 4.8594644
0xEEEE, 30750788, 9840, 0007, 2.55136, 4.8526741
0xEEEE, 30753912, 9841, 0007, 2.55136, 4.8477150
0xEEEE, 30757042, 9842, 0006, 2.55055, 4.8585489
0xEEEE, 30760170, 9843, 0006, 2.55136, 4.8622873
0xEEEE, 30763286, 9844, 0005, 2.36681, 4.8470283
0xEEEE, 30766401, 9845, 0005, 2.36359, 4.8484016
0xEEEE, 30769526, 9846, 0004, 1.97355, 4.8585489
0xEEEE, 30772659, 9847, 0004, 1.97275, 4.8509194
0xEEEE, 30775777, 9848, 0003, 1.57868, 4.8496223
0xEEEE, 30778902, 9849, 0003, 1.18623, 4.8578622
0xEEEE, 30782036, 9850, 0002, 1.18059, 4.8554971
0xEEEE, 30785152, 9851, 0002, 1.18220, 4.8514534
0xEEEE, 30788281, 9852, 0001, 0.78733, 4.8495460
0xEEEE, 30791413, 9853, 0001, 0.79055, 4.8606088
0xEEEE, 30794538, 9854, 0000, 0.40374, 4.8666361
0xEEEE, 30797670, 9855, 0000, 0.37714, 4.8455787
0xEEEE, 30800790, 9856, 0000, 0.01128, 4.8500038
0xEEEE, 30803914, 9857, 0000, 0.01128, 4.8590066
0xEEEE, 30807074, 9858, 0001, 0.01209, 4.8539712
0xEEEE, 30810155, 9859, 0001, 0.01128, 4.8574807
0xEEEE, 30813287, 9860, 0002, 0.39407, 4.8592355
0xEEEE, 30816411, 9861, 0002, 0.39245, 4.8599985
0xEEEE, 30819536, 9862, 0003, 0.78733, 4.8510719
0xEEEE, 30822668, 9863, 0003, 1.18623, 4.8461128
0xEEEE, 30825787, 9864, 0004, 1.16447, 4.8621347
0xEEEE, 30828911, 9865, 0004, 1.18220, 4.8625925
0xEEEE, 30832045, 9866, 0005, 1.57868, 4.8448157
0xEEEE, 30835152, 9867, 0005, 1.59722, 4.8471046
0xEEEE, 30838277, 9868, 0006, 1.97194, 4.8604562
0xEEEE, 30841401, 9869, 0006, 1.93971, 4.8616007
0xEEEE, 30844535, 9870, 0007, 2.37084, 4.8504616
0xEEEE, 30847659, 9871, 0007, 2.55136, 4.8542000
0xEEEE, 30850777, 9872, 0007, 2.56344, 4.8583200
0xEEEE, 30853904, 9873, 0007, 2.55216, 4.8456550
0xEEEE, 30857044, 9874, 0006, 2.55216, 4.8516060
0xEEEE, 30860163, 9875, 0006, 2.55055, 4.8603799
0xEEEE, 30863288, 9876, 0005, 2.34747, 4.8668650
0xEEEE, 30866414, 9877, 0005, 2.36681, 4.8552682
0xEEEE, 30869538, 9878, 0004, 1.96147, 4.8477913
0xEEEE, 30872670, 9879, 0004, 1.57707, 4.8621347
0xEEEE, 30875789, 9880, 0003, 1.59399, 4.8559548
0xEEEE, 30878911, 9881, 0003, 1.57868, 4.8541238
0xEEEE, 30882043, 9882, 0002, 1.18300, 4.8573281
0xEEEE, 30885161, 9883, 0002, 1.21121, 4.8563363
0xEEEE, 30888287, 9884, 0001, 0.78813, 4.8551156
0xEEEE, 30891422, 9885, 0001, 0.78813, 4.8455024
0xEEEE, 30894535, 9886, 0000, 0.39407, 4.8610666
0xEEEE, 30897669, 9887, 0000, 0.01209, 4.8628214
0xEEEE, 30900777, 9888, 0000, 0.01209, 4.8468757
0xEEEE, 30903910, 9889, 0000, 0.01128, 4.8464179
0xEEEE, 30907054, 9890, 0001, 0.01209, 4.8575570
0xEEEE, 30910153, 9891, 0001, 0.01128, 4.8586252
0xEEEE, 30913276, 9892, 0002, 0.41341, 4.8497749
0xEEEE, 30916401, 9893, 0002, 0.39407, 4.8546578
0xEEEE, 30919527, 9894, 0003, 0.78813, 4.8595407
0xEEEE, 30922670, 9895, 0003, 1.18381, 4.8583200
0xEEEE, 30925788, 9896, 0004, 1.18462, 4.8563363
0xEEEE, 30928916, 9897, 0004, 1.20879, 4.8619821
0xEEEE, 30932045, 9898, 0005, 1.57949, 4.8554971
0xEEEE, 30935163, 9899, 0005, 1.57707, 4.8474098
0xEEEE, 30938289, 9900, 0006, 1.97355, 4.8564889
0xEEEE, 30941413, 9901, 0006, 1.97516, 4.8609903
0xEEEE, 30944533, 9902, 0007, 2.36762, 4.8609903
0xEEEE, 30947668, 9903, 0007, 2.55297, 4.8523690
0xEEEE, 30950797, 9904, 0007, 2.54894, 4.8536660
0xEEEE, 30953911, 9905, 0007, 2.55216, 4.8598459
0xEEEE, 30957043, 9906, 0006, 2.55216, 4.8616770
0xEEEE, 30960161, 9907, 0006, 2.55700, 4.8529030
0xEEEE, 30963286, 9908, 0005, 2.36601, 4.8616770
0xEEEE, 30966401, 9909, 0005, 2.36037, 4.8577859
0xEEEE, 30969526, 9910, 0004, 1.97275, 4.8452735
0xEEEE, 30972659, 9911, 0004, 1.97194, 4.8535897
0xEEEE, 30975788, 9912, 0003, 1.57707, 4.8654917
0xEEEE, 30978902, 9913, 0003, 1.57868, 4.8610666
0xEEEE, 30982035, 9914, 0002, 1.18220, 4.8506142
0xEEEE, 30985151, 9915, 0002, 1.18623, 4.8582437
0xEEEE, 30988292, 9916, 0001, 0.75106, 4.8566415
0xEEEE, 30991413, 9917, 0001, 0.39326, 4.8605325
0xEEEE, 30994538, 9918, 0000, 0.39245, 4.8528267
0xEEEE, 30997670, 9919, 0000, 0.39245, 4.8600748
0xEEEE, 31000790, 9920, 0000, 0.01209, 4.8584726
0xEEEE, 31003913, 9921, 0000, 0.01209, 4.8481727
0xEEEE, 31007066, 9922, 0001, 0.01209, 4.8534371
0xEEEE, 31010155, 9923, 0001, 0.01209, 4.8651865
0xEEEE, 31013286, 9924, 0002, 0.39165, 4.8589303
0xEEEE, 31016411, 9925, 0002, 0.78088, 4.8428321
0xEEEE, 31019536, 9926, 0003, 0.80022, 4.8570993
0xEEEE, 31022668, 9927, 0003, 0.78974, 4.8545052
0xEEEE, 31025787, 9928, 0004, 1.18300, 4.8497749
0xEEEE, 31028911, 9929, 0004, 1.18542, 4.8525216
0xEEEE, 31032045, 9930, 0005, 1.57788, 4.8604562
0xEEEE, 31035162, 9931, 0005, 1.57949, 4.8549630
0xEEEE, 31038276, 9932, 0006, 1.97275, 4.8558022
0xEEEE, 31041401, 9933, 0006, 2.36601, 4.8538186
0xEEEE, 31044527, 9934, 0007, 2.36681, 4.8653391
0xEEEE, 31047660, 9935, 0007, 2.34747, 4.8497749
0xEEEE, 31050777, 9936, 0007, 2.55136, 4.8464942
0xEEEE, 31053905, 9937, 0007, 2.55216, 4.8584726
0xEEEE, 31057044, 9938, 0006, 2.60212, 4.8625925
0xEEEE, 31060163, 9939, 0006, 2.55216, 4.8522164
0xEEEE, 31063289, 9940, 0005, 2.36762, 4.8520638
0xEEEE, 31066414, 9941, 0005, 2.00740, 4.8619059
0xEEEE, 31069539, 9942, 0004, 1.97275, 4.8580148
0xEEEE, 31072679, 9943, 0004, 1.94132, 4.8510719
0xEEEE, 31075777, 9944, 0003, 1.58110, 4.8505379
0xEEEE, 31078912, 9945, 0003, 1.57707, 4.8654917
0xEEEE, 31082043, 9946, 0002, 1.18300, 4.8560311
0xEEEE, 31085161, 9947, 0002, 1.18300, 4.8485542
0xEEEE, 31088287, 9948, 0001, 0.78410, 4.8567178
0xEEEE, 31091412, 9949, 0001, 0.35619, 4.8616770
0xEEEE, 31094535, 9950, 0000, 0.40615, 4.8483253
0xEEEE, 31097668, 9951, 0000, 0.39165, 4.8542763
0xEEEE, 31100777, 9952, 0000, 0.01128, 4.8606088
0xEEEE, 31103902, 9953, 0000, 0.01209, 4.8611429
0xEEEE, 31107054, 9954, 0001, 0.01209, 4.8545815
0xEEEE, 31110153, 9955, 0001, 0.01209, 4.8582437
0xEEEE, 31113277, 9956, 0002, 0.39245, 4.8673991
0xEEEE, 31116402, 9957, 0002, 0.39084, 4.8509194
0xEEEE, 31119538, 9958, 0003, 0.78733, 4.8461128
0xEEEE, 31122670, 9959, 0003, 0.78571, 4.8556497
0xEEEE, 31125789, 9960, 0004, 1.18381, 4.8622110
0xEEEE, 31128913, 9961, 0004, 1.18381, 4.8595407
0xEEEE, 31132044, 9962, 0005, 1.59641, 4.8532845
0xEEEE, 31135163, 9963, 0005, 1.97355, 4.8587778
0xEEEE, 31138287, 9964, 0006, 1.96388, 4.8502327
0xEEEE, 31141412, 9965, 0006, 1.97275, 4.8457313
0xEEEE, 31144536, 9966, 0007, 2.38212, 4.8609903
0xEEEE, 31147668, 9967, 0007, 2.36520, 4.8643473
0xEEEE, 31150786, 9968, 0007, 2.55216, 4.8574807
0xEEEE, 31153911, 9969, 0007, 2.53766, 4.8429084
0xEEEE, 31157051, 9970, 0006, 2.54330, 4.8582437
0xEEEE, 31160160, 9971, 0006, 2.37004, 4.8667887
0xEEEE, 31163285, 9972, 0005, 2.36681, 4.8557259
0xEEEE, 31166401, 9973, 0005, 2.36681, 4.8554971
0xEEEE, 31169527, 9974, 0004, 1.97436, 4.8602274
0xEEEE, 31172659, 9975, 0004, 1.98564, 4.8555734
0xEEEE, 31175777, 9976, 0003, 1.57868, 4.8503090
0xEEEE, 31178902, 9977, 0003, 1.57788, 4.8588540
0xEEEE, 31182036, 9978, 0002, 1.21282, 4.8605325
0xEEEE, 31185151, 9979, 0002, 0.78894, 4.8516823
0xEEEE, 31188286, 9980, 0001, 0.79136, 4.8530556
0xEEEE, 31191413, 9981, 0001, 0.78894, 4.8609903
0xEEEE, 31194538, 9982, 0000, 0.40374, 4.8603799
0xEEEE, 31197670, 9983, 0000, 0.42469, 4.8516060
0xEEEE, 31200789, 9984, 0000, 0.01209, 4.8538949
0xEEEE, 31203924, 9985, 0000, 0.01209, 4.8619821
0xEEEE, 31207066, 9986, 0001, 0.01128, 4.8554971
0xEEEE, 31210157, 9987, 0001, 0.39245, 4.8522164
0xEEEE, 31213286, 9988, 0002, 0.39245, 4.8628977
0xEEEE, 31216419, 9989, 0002, 0.39326, 4.8619821
0xEEEE, 31219536, 9990, 0003, 0.78733, 4.8479438
0xEEEE, 31222669, 9991, 0003, 0.79216, 4.8478676
0xEEEE, 31225787, 9992, 0004, 1.22813, 4.8648814
0xEEEE, 31228911, 9993, 0004, 1.18300, 4.8593118
0xEEEE, 31232045, 9994, 0005, 1.58190, 4.8503853
0xEEEE, 31235151, 9995, 0005, 1.97355, 4.8488594
0xEEEE, 31238276, 9996, 0006, 1.97355, 4.8577096
0xEEEE, 31241410, 9997, 0006, 1.97275, 4.8547341
0xEEEE, 31244527, 9998, 0007, 2.35795, 4.8513771
0xEEEE, 31247659, 9999, 0007, 2.36681, 4.8583963
0xEEEE, 31250778, 10000, 0007, 2.55136, 4.8625925
0xEEEE, 31253906, 10001, 0007, 2.55216, 4.8525216
0xEEEE, 31257045, 10002, 0006, 2.55136, 4.8557259
0xEEEE, 31260163, 10003, 0006, 2.36842, 4.8621347
0xEEEE, 31263288, 10004, 0005, 2.36278, 4.8489357
0xEEEE, 31266414, 10005, 0005, 2.36601, 4.8467231
0xEEEE, 31269539, 10006, 0004, 1.97194, 4.8539712
0xEEEE, 31272671, 10007, 0004, 1.97355, 4.8562600
0xEEEE, 31275779, 10008, 0003, 1.51341, 4.8509194
0xEEEE, 31278912, 10009, 0003, 1.57868, 4.8538949
0xEEEE, 31282043, 10010, 0002, 1.18542, 4.8589303
0xEEEE, 31285161, 10011, 0002, 1.18300, 4.8593881
0xEEEE, 31288296, 10012, 0001, 0.78733, 4.8461891
0xEEEE, 31291412, 10013, 0001, 0.78813, 4.8583963
0xEEEE, 31294536, 10014, 0000, 0.39568, 4.8617533
0xEEEE, 31297668, 10015, 0000, 0.38923, 4.8590829
0xEEEE, 31300786, 10016, 0000, 0.01128, 4.8489357
0xEEEE, 31303902, 10017, 0000, 0.01209, 4.8511482
0xEEEE, 31307054, 10018, 0001, 0.01209, 4.8651865
0xEEEE, 31310153, 10019, 0001, 0.01128, 4.8517586
0xEEEE, 31313278, 10020, 0002, 0.38198, 4.8540475
0xEEEE, 31316401, 10021, 0002, 0.39245, 4.8588540
0xEEEE, 31319527, 10022, 0003, 0.78894, 4.8570230
0xEEEE, 31322670, 10023, 0003, 0.78652, 4.8400092
0xEEEE, 31325789, 10024, 0004, 1.17575, 4.8565652
0xEEEE, 31328913, 10025, 0004, 1.57788, 4.8668650
0xEEEE, 31332044, 10026, 0005, 1.57868, 4.8577096
0xEEEE, 31335164, 10027, 0005, 1.61172, 4.8469520
0xEEEE, 31338287, 10028, 0006, 1.97355, 4.8493935
0xEEEE, 31341402, 10029, 0006, 1.99289, 4.8657969
0xEEEE, 31344536, 10030, 0007, 2.36842, 4.8629740
0xEEEE, 31347690, 10031, 0007, 2.37971, 4.8483253
0xEEEE, 31350787, 10032, 0007, 2.54088, 4.8602274
0xEEEE, 31353912, 10033, 0007, 2.54813, 4.8531319
0xEEEE, 31357045, 10034, 0006, 2.55136, 4.8500038
0xEEEE, 31360160, 10035, 0006, 2.59971, 4.8515297
0xEEEE, 31363285, 10036, 0005, 2.36681, 4.8645762
0xEEEE, 31366402, 10037, 0005, 2.36681, 4.8532082
0xEEEE, 31369526, 10038, 0004, 1.97275, 4.8397803
0xEEEE, 31372664, 10039, 0004, 1.97194, 4.8556497
0xEEEE, 31375778, 10040, 0003, 1.57223, 4.8624399
0xEEEE, 31378902, 10041, 0003, 1.18381, 4.8507668
0xEEEE, 31382036, 10042, 0002, 1.18300, 4.8472572
0xEEEE, 31385161, 10043, 0002, 1.17011, 4.8590066
0xEEEE, 31388286, 10044, 0001, 0.78894, 4.8591592
0xEEEE, 31391413, 10045, 0001, 0.78974, 4.8501564
0xEEEE, 31394538, 10046, 0000, 0.39245, 4.8507668
0xEEEE, 31397671, 10047, 0000, 0.39407, 4.8596170
0xEEEE, 31400790, 10048, 0000, 0.01209, 4.8569467
0xEEEE, 31403913, 10049, 0000, 0.01128, 4.8445869
0xEEEE, 31407066, 10050, 0001, 0.01209, 4.8574807
0xEEEE, 31410159, 10051, 0001, 0.01209, 4.8653391
0xEEEE, 31413286, 10052, 0002, 0.39810, 4.8570230
0xEEEE, 31416411, 10053, 0002, 0.38520, 4.8460365
0xEEEE, 31419536, 10054, 0003, 0.78894, 4.8557259
0xEEEE, 31422669, 10055, 0003, 0.78894, 4.8606088
0xEEEE, 31425787, 10056, 0004, 1.18381, 4.8525216
0xEEEE, 31428911, 10057, 0004, 1.42234, 4.8515297
0xEEEE, 31432055, 10058, 0005, 1.57868, 4.8610666
0xEEEE, 31435151, 10059, 0005, 1.57546, 4.8496986
0xEEEE, 31438278, 10060, 0006, 1.97436, 4.8477913
0xEEEE, 31441401, 10061, 0006, 1.97436, 4.8519112
0xEEEE, 31444526, 10062, 0007, 2.36762, 4.8676280
0xEEEE, 31447659, 10063, 0007, 2.36842, 4.8517586
0xEEEE, 31450777, 10064, 0007, 2.55055, 4.8479438
0xEEEE, 31453909, 10065, 0007, 2.55216, 4.8561074
0xEEEE, 31457044, 10066, 0006, 2.53766, 4.8519112
0xEEEE, 31460163, 10067, 0006, 2.54733, 4.8630503
0xEEEE, 31463288, 10068, 0005, 2.36762, 4.8551919
0xEEEE, 31466414, 10069, 0005, 2.36440, 4.8609903
0xEEEE, 31469546, 10070, 0004, 1.97194, 4.8599222
0xEEEE, 31472670, 10071, 0004, 1.57949, 4.8397040
0xEEEE, 31475780, 10072, 0003, 1.57788, 4.8619821
0xEEEE, 31478911, 10073, 0003, 1.57788, 4.8651865
0xEEEE, 31482043, 10074, 0002, 1.18542, 4.8542763
0xEEEE, 31485161, 10075, 0002, 1.17978, 4.8545052
0xEEEE, 31488287, 10076, 0001, 0.79297, 4.8593881
0xEEEE, 31491411, 10077, 0001, 0.79136, 4.8611429
0xEEEE, 31494536, 10078, 0000, 0.39245, 4.8516823
0xEEEE, 31497668, 10079, 0000, 0.01209, 4.8499275
0xEEEE, 31500778, 10080, 0000, 0.01209, 4.8616770
0xEEEE, 31503901, 10081, 0000, 0.01209, 4.8580148
0xEEEE, 31507054, 10082, 0001, 0.01209, 4.8526741
0xEEEE, 31510153, 10083, 0001, 0.01209, 4.8618296
0xEEEE, 31513276, 10084, 0002, 0.39165, 4.8687724
0xEEEE, 31516413, 10085, 0002, 0.39487, 4.8501564
0xEEEE, 31519529, 10086, 0003, 0.77685, 4.8454261
0xEEEE, 31522670, 10087, 0003, 1.18381, 4.8576333
0xEEEE, 31525788, 10088, 0004, 1.18381, 4.8562600
0xEEEE, 31528922, 10089, 0004, 1.18300, 4.8592355
0xEEEE, 31532044, 10090, 0005, 1.57868, 4.8556497
0xEEEE, 31535164, 10091, 0005, 1.57868, 4.8570993
0xEEEE, 31538288, 10092, 0006, 1.97355, 4.8501564
0xEEEE, 31541402, 10093, 0006, 1.97355, 4.8463416
0xEEEE, 31544536, 10094, 0007, 2.36601, 4.8568704
0xEEEE, 31547668, 10095, 0007, 2.57070, 4.8639658
0xEEEE, 31550786, 10096, 0007, 2.55055, 4.8546578
0xEEEE, 31553918, 10097, 0007, 2.55136, 4.8517586
0xEEEE, 31557044, 10098, 0006, 2.55619, 4.8630503
0xEEEE, 31560160, 10099, 0006, 2.55055, 4.8585489
0xEEEE, 31563278, 10100, 0005, 2.36681, 4.8459602
0xEEEE, 31566402, 10101, 0005, 2.37004, 4.8529793
0xEEEE, 31569527, 10102, 0004, 1.97355, 4.8606088
0xEEEE, 31572659, 10103, 0004, 1.51018, 4.8540475
0xEEEE, 31575777, 10104, 0003, 1.57788, 4.8532845
0xEEEE, 31578902, 10105, 0003, 1.57143, 4.8654917
0xEEEE, 31582036, 10106, 0002, 1.18300, 4.8564126
0xEEEE, 31585151, 10107, 0002, 1.18381, 4.8410773
0xEEEE, 31588288, 10108, 0001, 0.79216, 4.8461128
0xEEEE, 31591413, 10109, 0001, 0.77846, 4.8618296
0xEEEE, 31594538, 10110, 0000, 0.42549, 4.8599222
0xEEEE, 31597670, 10111, 0000, 0.39245, 4.8491646
0xEEEE, 31600800, 10112, 0000, 0.01209, 4.8538949
0xEEEE, 31603913, 10113, 0000, 0.01209, 4.8596170
0xEEEE, 31607066, 10114, 0001, 0.01370, 4.8472572
0xEEEE, 31610162, 10115, 0001, 0.01128, 4.8524453
0xEEEE, 31613294, 10116, 0002, 0.39245, 4.8609140
0xEEEE, 31616411, 10117, 0002, 0.78813, 4.8584726
0xEEEE, 31619536, 10118, 0003, 0.79055, 4.8480201
0xEEEE, 31622670, 10119, 0003, 0.76799, 4.8514534
0xEEEE, 31625788, 10120, 0004, 1.18381, 4.8619821
0xEEEE, 31628911, 10121, 0004, 1.18300, 4.8606851
0xEEEE, 31632036, 10122, 0005, 1.59722, 4.8477913
0xEEEE, 31635151, 10123, 0005, 1.57868, 4.8487068
0xEEEE, 31638277, 10124, 0006, 1.96388, 4.8583200
0xEEEE, 31641401, 10125, 0006, 2.36681, 4.8535897
0xEEEE, 31644526, 10126, 0007, 2.35392, 4.8473335
0xEEEE, 31647659, 10127, 0007, 2.36520, 4.8612192
0xEEEE, 31650777, 10128, 0007, 2.55216, 4.8525216
0xEEEE, 31653911, 10129, 0007, 2.52234, 4.8565652
0xEEEE, 31657044, 10130, 0006, 2.56022, 4.8571756
0xEEEE, 31660173, 10131, 0006, 2.55055, 4.8630503
0xEEEE, 31663288, 10132, 0005, 2.29912, 4.8597696
0xEEEE, 31666413, 10133, 0005, 1.98081, 4.8541238
0xEEEE, 31669538, 10134, 0004, 1.97355, 4.8567178
0xEEEE, 31672670, 10135, 0004, 1.97678, 4.8545815
0xEEEE, 31675782, 10136, 0003, 1.57868, 4.8508431
0xEEEE, 31678911, 10137, 0003, 1.58029, 4.8531319
0xEEEE, 31682043, 10138, 0002, 1.12498, 4.8588540
0xEEEE, 31685170, 10139, 0002, 1.18139, 4.8499275
0xEEEE, 31688287, 10140, 0001, 0.78733, 4.8460365
0xEEEE, 31691411, 10141, 0001, 0.39326, 4.8564889
0xEEEE, 31694536, 10142, 0000, 0.38681, 4.8609140
0xEEEE, 31697677, 10143, 0000, 0.40293, 4.8623636
0xEEEE, 31700777, 10144, 0000, 0.01209, 4.8516823
0xEEEE, 31703902, 10145, 0000, 0.01209, 4.8586252
0xEEEE, 31707054, 10146, 0001, 0.01209, 4.8583200
0xEEEE, 31710153, 10147, 0001, 0.01209, 4.8523690
0xEEEE, 31713276, 10148, 0002, 0.39165, 4.8555734
0xEEEE, 31716401, 10149, 0002, 0.78813, 4.8587778
0xEEEE, 31719530, 10150, 0003, 0.78894, 4.8527504
0xEEEE, 31722670, 10151, 0003, 0.79136, 4.8466468
0xEEEE, 31725788, 10152, 0004, 1.23458, 4.8542000
0xEEEE, 31728914, 10153, 0004, 1.18381, 4.8620584
0xEEEE, 31732045, 10154, 0005, 1.57868, 4.8529030
0xEEEE, 31735164, 10155, 0005, 1.58593, 4.8504616
0xEEEE, 31738288, 10156, 0006, 1.97275, 4.8563363
0xEEEE, 31741402, 10157, 0006, 2.34667, 4.8591592
0xEEEE, 31744557, 10158, 0007, 2.36601, 4.8542000
0xEEEE, 31747668, 10159, 0007, 2.36762, 4.8533608
0xEEEE, 31750788, 10160, 0007, 2.55136, 4.8606088
0xEEEE, 31753912, 10161, 0007, 2.55377, 4.8565652
0xEEEE, 31757044, 10162, 0006, 2.55136, 4.8500801
0xEEEE, 31760161, 10163, 0006, 2.58520, 4.8530556
0xEEEE, 31763277, 10164, 0005, 2.36359, 4.8629740
0xEEEE, 31766402, 10165, 0005, 2.36681, 4.8515297
0xEEEE, 31769526, 10166, 0004, 1.95744, 4.8455787
0xEEEE, 31772659, 10167, 0004, 1.97275, 4.8560311
0xEEEE, 31775777, 10168, 0003, 1.57868, 4.8597696
0xEEEE, 31778902, 10169, 0003, 1.57949, 4.8493935
0xEEEE, 31782042, 10170, 0002, 1.18462, 4.8490120
0xEEEE, 31785152, 10171, 0002, 0.78813, 4.8570993
0xEEEE, 31788288, 10172, 0001, 0.78813, 4.8516823
0xEEEE, 31791413, 10173, 0001, 0.78813, 4.8444343
0xEEEE, 31794538, 10174, 0000, 0.39165, 4.8573281
0xEEEE, 31797670, 10175, 0000, 0.38923, 4.8600748
0xEEEE, 31800790, 10176, 0000, 0.01209, 4.8496986
0xEEEE, 31803913, 10177, 0000, 0.01209, 4.8535897
0xEEEE, 31807066, 10178, 0001, 0.01209, 4.8588540
0xEEEE, 31810162, 10179, 0001, 0.40132, 4.8608377
0xEEEE, 31813287, 10180, 0002, 0.39004, 4.8509957
0xEEEE, 31816411, 10181, 0002, 0.39407, 4.8540475
0xEEEE, 31819537, 10182, 0003, 0.78733, 4.8619059
0xEEEE, 31822669, 10183, 0003, 0.78894, 4.8572519
0xEEEE, 31825786, 10184, 0004, 1.18703, 4.8538949
0xEEEE, 31828922, 10185, 0004, 1.17897, 4.8548104
0xEEEE, 31832035, 10186, 0005, 1.57868, 4.8631266
0xEEEE, 31835151, 10187, 0005, 1.96711, 4.8564889
0xEEEE, 31838276, 10188, 0006, 1.97355, 4.8497749
0xEEEE, 31841401, 10189, 0006, 1.97516, 4.8615244
0xEEEE, 31844526, 10190, 0007, 2.36681, 4.8616007
0xEEEE, 31847659, 10191, 0007, 2.36681, 4.8501564
0xEEEE, 31850777, 10192, 0007, 2.57875, 4.8532082
0xEEEE, 31853911, 10193, 0007, 2.55136, 4.8562600
0xEEEE, 31857044, 10194, 0006, 2.55216, 4.8599985
0xEEEE, 31860163, 10195, 0006, 2.36601, 4.8606851
0xEEEE, 31863288, 10196, 0005, 2.36681, 4.8594644
0xEEEE, 31866422, 10197, 0005, 2.36681, 4.8587015
0xEEEE, 31869538, 10198, 0004, 2.00901, 4.8508431
0xEEEE, 31872670, 10199, 0004, 1.97355, 4.8518349
0xEEEE, 31875786, 10200, 0003, 1.58352, 4.8616007
0xEEEE, 31878912, 10201, 0003, 1.57707, 4.8613718
0xEEEE, 31882043, 10202, 0002, 1.18220, 4.8440528
0xEEEE, 31885161, 10203, 0002, 0.79538, 4.8553445
0xEEEE, 31888286, 10204, 0001, 0.83648, 4.8576333
0xEEEE, 31891411, 10205, 0001, 0.78894, 4.8551919
0xEEEE, 31894536, 10206, 0000, 0.39245, 4.8562600
0xEEEE, 31897659, 10207, 0000, 0.39326, 4.8616007
0xEEEE, 31900777, 10208, 0000, 0.01209, 4.8550393
0xEEEE, 31903902, 10209, 0000, 0.01209, 4.8507668
0xEEEE, 31907054, 10210, 0001, 0.01451, 4.8452735
0xEEEE, 31910153, 10211, 0001, 0.01209, 4.8642710
0xEEEE, 31913287, 10212, 0002, 0.39004, 4.8591592
0xEEEE, 31916402, 10213, 0002, 0.38117, 4.8435950
0xEEEE, 31919532, 10214, 0003, 0.78813, 4.8495460
0xEEEE, 31922670, 10215, 0003, 0.78813, 4.8587778
0xEEEE, 31925797, 10216, 0004, 1.18139, 4.8528267
0xEEEE, 31928914, 10217, 0004, 1.55209, 4.8494697
0xEEEE, 31932045, 10218, 0005, 1.57949, 4.8589303
0xEEEE, 31935163, 10219, 0005, 1.57304, 4.8615244
0xEEEE, 31938289, 10220, 0006, 2.00176, 4.8525216
0xEEEE, 31941404, 10221, 0006, 1.97033, 4.8499275
0xEEEE, 31944536, 10222, 0007, 2.36681, 4.8630503
0xEEEE, 31947668, 10223, 0007, 2.35311, 4.8636606
0xEEEE, 31950793, 10224, 0007, 2.55055, 4.8454261
0xEEEE, 31953912, 10225, 0007, 2.55297, 4.8503853
0xEEEE, 31957044, 10226, 0006, 2.58278, 4.8601511
0xEEEE, 31960161, 10227, 0006, 2.55055, 4.8509957
0xEEEE, 31963277, 10228, 0005, 2.36601, 4.8538186
0xEEEE, 31966401, 10229, 0005, 2.40872, 4.8547341
0xEEEE, 31969526, 10230, 0004, 1.97516, 4.8581674
0xEEEE, 31972659, 10231, 0004, 1.99692, 4.8472572
0xEEEE, 31975777, 10232, 0003, 1.57949, 4.8519112
0xEEEE, 31978902, 10233, 0003, 1.18300, 4.8625925
0xEEEE, 31982035, 10234, 0002, 1.18300, 4.8569467
0xEEEE, 31985153, 10235, 0002, 1.18381, 4.8538186
0xEEEE, 31988287, 10236, 0001, 0.78813, 4.8529030
0xEEEE, 31991413, 10237, 0001, 0.72125, 4.8640421
0xEEEE, 31994538, 10238, 0000, 0.39165, 4.8603037
0xEEEE, 31997679, 10239, 0000, 0.39326, 4.8488594
0xEEEE, 32000789, 10240, 0000, 0.01209, 4.8577859
0xEEEE, 32003913, 10241, 0000, 0.01128, 4.8580911
0xEEEE, 32007065, 10242, 0001, 0.01209, 4.8516060
0xEEEE, 32010181, 10243, 0001, 0.01209, 4.8543526
0xEEEE, 32013286, 10244, 0002, 0.39245, 4.8619059
0xEEEE, 32016411, 10245, 0002, 0.39326, 4.8483253
0xEEEE, 32019537, 10246, 0003, 0.78652, 4.8479438
0xEEEE, 32022669, 10247, 0003, 0.76234, 4.8512245
0xEEEE, 32025786, 10248, 0004, 1.18300, 4.8591592
0xEEEE, 32028902, 10249, 0004, 1.57546, 4.8607614
0xEEEE, 32032036, 10250, 0005, 1.55612, 4.8541238
0xEEEE, 32035151, 10251, 0005, 1.57868, 4.8579385
0xEEEE, 32038276, 10252, 0006, 1.97355, 4.8573281
0xEEEE, 32041401, 10253, 0006, 1.97355, 4.8527504
0xEEEE, 32044527, 10254, 0007, 2.36681, 4.8597696
0xEEEE, 32047659, 10255, 0007, 2.36681, 4.8619821
0xEEEE, 32050777, 10256, 0007, 2.55055, 4.8548867
0xEEEE, 32053913, 10257, 0007, 2.55055, 4.8448920
0xEEEE, 32057054, 10258, 0006, 2.55216, 4.8583963
0xEEEE, 32060163, 10259, 0006, 2.54974, 4.8612192
0xEEEE, 32063289, 10260, 0005, 2.36681, 4.8493935
0xEEEE, 32066414, 10261, 0005, 2.36601, 4.8510719
0xEEEE, 32069537, 10262, 0004, 1.97355, 4.8596170
0xEEEE, 32072671, 10263, 0004, 1.97597, 4.8603037
0xEEEE, 32075786, 10264, 0003, 1.57788, 4.8520638
0xEEEE, 32078911, 10265, 0003, 1.58029, 4.8515297
0xEEEE, 32082045, 10266, 0002, 1.16447, 4.8621347
0xEEEE, 32085161, 10267, 0002, 1.18381, 4.8558022
0xEEEE, 32088287, 10268, 0001, 0.78813, 4.8467231
0xEEEE, 32091410, 10269, 0001, 0.78410, 4.8573281
0xEEEE, 32094544, 10270, 0000, 0.39971, 4.8625925
0xEEEE, 32097660, 10271, 0000, 0.01128, 4.8579385
0xEEEE, 32100777, 10272, 0000, 0.01128, 4.8495460
0xEEEE, 32103902, 10273, 0000, 0.01209, 4.8613718
0xEEEE, 32107054, 10274, 0001, 0.01209, 4.8540475
0xEEEE, 32110153, 10275, 0001, 0.01209, 4.8527504
0xEEEE, 32113276, 10276, 0002, 0.39326, 4.8620584
0xEEEE, 32116401, 10277, 0002, 0.39165, 4.8590829
0xEEEE, 32119534, 10278, 0003, 0.78894, 4.8557259
0xEEEE, 32122670, 10279, 0003, 1.18059, 4.8470283
0xEEEE, 32125789, 10280, 0004, 1.17011, 4.8562600
0xEEEE, 32128914, 10281, 0004, 1.18300, 4.8710613
0xEEEE, 32132044, 10282, 0005, 1.57707, 4.8491646
0xEEEE, 32135163, 10283, 0005, 1.57546, 4.8460365
0xEEEE, 32138288, 10284, 0006, 1.97275, 4.8587778
0xEEEE, 32141429, 10285, 0006, 1.98806, 4.8600748
0xEEEE, 32144536, 10286, 0007, 2.37004, 4.8573281
0xEEEE, 32147668, 10287, 0007, 2.55216, 4.8582437
0xEEEE, 32150787, 10288, 0007, 2.54894, 4.8590066
0xEEEE, 32153912, 10289, 0007, 2.55297, 4.8516060
0xEEEE, 32157045, 10290, 0006, 2.54894, 4.8503853
0xEEEE, 32160161, 10291, 0006, 2.51267, 4.8609140
0xEEEE, 32163277, 10292, 0005, 2.35875, 4.8574807
0xEEEE, 32166401, 10293, 0005, 2.36601, 4.8559548
0xEEEE, 32169526, 10294, 0004, 1.97436, 4.8479438
0xEEEE, 32172659, 10295, 0004, 1.57949, 4.8599985
0xEEEE, 32175777, 10296, 0003, 1.57223, 4.8583200
0xEEEE, 32178911, 10297, 0003, 1.57788, 4.8472572
0xEEEE, 32182036, 10298, 0002, 1.18059, 4.8609140
0xEEEE, 32185156, 10299, 0002, 1.17011, 4.8553445
0xEEEE, 32188289, 10300, 0001, 0.78894, 4.8554971
0xEEEE, 32191413, 10301, 0001, 0.78813, 4.8506142
0xEEEE, 32194538, 10302, 0000, 0.39245, 4.8622873
0xEEEE, 32197670, 10303, 0000, 0.01209, 4.8564126
0xEEEE, 32200789, 10304, 0000, 0.01209, 4.8484779
0xEEEE, 32203913, 10305, 0000, 0.01128, 4.8542000
0xEEEE, 32207066, 10306, 0001, 0.01209, 4.8632029
0xEEEE, 32210162, 10307, 0001, 0.01209, 4.8605325
0xEEEE, 32213286, 10308, 0002, 0.38681, 4.8578622
0xEEEE, 32216411, 10309, 0002, 0.39004, 4.8609903
0xEEEE, 32219537, 10310, 0003, 0.83729, 4.8581674
0xEEEE, 32222669, 10311, 0003, 0.78974, 4.8520638
0xEEEE, 32225797, 10312, 0004, 1.18220, 4.8565652
0xEEEE, 32228902, 10313, 0004, 1.18300, 4.8635843
0xEEEE, 32232035, 10314, 0005, 1.58029, 4.8609903
0xEEEE, 32235151, 10315, 0005, 1.57707, 4.8439765
0xEEEE, 32238276, 10316, 0006, 1.97355, 4.8547341
0xEEEE, 32241402, 10317, 0006, 2.36359, 4.8591592
0xEEEE, 32244527, 10318, 0007, 2.36681, 4.8587015
0xEEEE, 32247659, 10319, 0007, 2.41516, 4.8483253
0xEEEE, 32250778, 10320, 0007, 2.55136, 4.8633555
0xEEEE, 32253913, 10321, 0007, 2.55136, 4.8554971
0xEEEE, 32257044, 10322, 0006, 2.55136, 4.8498512
0xEEEE, 32260162, 10323, 0006, 2.55055, 4.8563363
0xEEEE, 32263295, 10324, 0005, 2.36681, 4.8625162
0xEEEE, 32266414, 10325, 0005, 1.97355, 4.8503090
0xEEEE, 32269538, 10326, 0004, 1.97436, 4.8490120
0xEEEE, 32272671, 10327, 0004, 1.97275, 4.8567178
0xEEEE, 32275787, 10328, 0003, 1.57868, 4.8587015
0xEEEE, 32278911, 10329, 0003, 1.59963, 4.8466468
0xEEEE, 32282043, 10330, 0002, 1.18300, 4.8448157
0xEEEE, 32285162, 10331, 0002, 1.18220, 4.8570230
0xEEEE, 32288286, 10332, 0001, 0.79458, 4.8559548
0xEEEE, 32291410, 10333, 0001, 0.36183, 4.8493935
0xEEEE, 32294535, 10334, 0000, 0.39165, 4.8595407
0xEEEE, 32297659, 10335, 0000, 0.39245, 4.8633555
0xEEEE, 32300777, 10336, 0000, 0.01128, 4.8532845
0xEEEE, 32303902, 10337, 0000, 0.01209, 4.8428321
0xEEEE, 32307054, 10338, 0001, 0.01209, 4.8578622
0xEEEE, 32310163, 10339, 0001, 0.01128, 4.8603037
0xEEEE, 32313278, 10340, 0002, 0.39245, 4.8603037
0xEEEE, 32316401, 10341, 0002, 0.78894, 4.8480201
0xEEEE, 32319535, 10342, 0003, 0.78652, 4.8565652
0xEEEE, 32322679, 10343, 0003, 0.78491, 4.8572519
0xEEEE, 32325788, 10344, 0004, 1.18300, 4.8519875
0xEEEE, 32328913, 10345, 0004, 1.18462, 4.8548104
0xEEEE, 32332046, 10346, 0005, 1.54081, 4.8652628
0xEEEE, 32335163, 10347, 0005, 1.57949, 4.8524453
0xEEEE, 32338288, 10348, 0006, 1.96308, 4.8497749
0xEEEE, 32341407, 10349, 0006, 2.36681, 4.8552682
0xEEEE, 32344536, 10350, 0007, 2.37165, 4.8631266
0xEEEE, 32347668, 10351, 0007, 2.36601, 4.8538949
0xEEEE, 32350787, 10352, 0007, 2.55136, 4.8538949
0xEEEE, 32353912, 10353, 0007, 2.55619, 4.8577096
0xEEEE, 32357045, 10354, 0006, 2.54974, 4.8531319
0xEEEE, 32360160, 10355, 0006, 2.55136, 4.8516823
0xEEEE, 32363277, 10356, 0005, 2.37971, 4.8558022
0xEEEE, 32366401, 10357, 0005, 1.97194, 4.8600748
0xEEEE, 32369526, 10358, 0004, 1.97275, 4.8511482
0xEEEE, 32372659, 10359, 0004, 1.98161, 4.8497749
0xEEEE, 32375778, 10360, 0003, 1.57868, 4.8581674
0xEEEE, 32378902, 10361, 0003, 1.57949, 4.8606088
0xEEEE, 32382035, 10362, 0002, 1.14513, 4.8532845
0xEEEE, 32385157, 10363, 0002, 1.18381, 4.8432898
0xEEEE, 32388288, 10364, 0001, 0.78974, 4.8601511
0xEEEE, 32391413, 10365, 0001, 0.78974, 4.8606851
0xEEEE, 32394547, 10366, 0000, 0.40051, 4.8546578
0xEEEE, 32397670, 10367, 0000, 0.41341, 4.8628977
0xEEEE, 32400789, 10368, 0000, 0.01128, 4.8644236
0xEEEE, 32403913, 10369, 0000, 0.01209, 4.8485542
0xEEEE, 32407077, 10370, 0001, 0.01209, 4.8496986
0xEEEE, 32410162, 10371, 0001, 0.39245, 4.8599985
0xEEEE, 32413286, 10372, 0002, 0.39326, 4.8664836
0xEEEE, 32416411, 10373, 0002, 0.39245, 4.8438239
0xEEEE, 32419537, 10374, 0003, 0.78813, 4.8486305
0xEEEE, 32422669, 10375, 0003, 0.78571, 4.8586252
0xEEEE, 32425786, 10376, 0004, 1.12901, 4.8525216
0xEEEE, 32428902, 10377, 0004, 1.18300, 4.8582437
0xEEEE, 32432036, 10378, 0005, 1.57546, 4.8580148
0xEEEE, 32435151, 10379, 0005, 1.97275, 4.8556497
0xEEEE, 32438278, 10380, 0006, 1.97516, 4.8510719
0xEEEE, 32441401, 10381, 0006, 1.97355, 4.8539712
0xEEEE, 32444526, 10382, 0007, 2.36762, 4.8655680
0xEEEE, 32447659, 10383, 0007, 2.36601, 4.8585489
0xEEEE, 32450780, 10384, 0007, 2.55055, 4.8468757
0xEEEE, 32453924, 10385, 0007, 2.55055, 4.8499275
0xEEEE, 32457044, 10386, 0006, 2.55055, 4.8597696
0xEEEE, 32460163, 10387, 0006, 2.36762, 4.8521401
0xEEEE, 32463289, 10388, 0005, 2.36923, 4.8558785
0xEEEE, 32466414, 10389, 0005, 2.36601, 4.8589303
0xEEEE, 32469538, 10390, 0004, 1.98484, 4.8622873
0xEEEE, 32472671, 10391, 0004, 1.97275, 4.8529030
0xEEEE, 32475786, 10392, 0003, 1.56982, 4.8568704
0xEEEE, 32478911, 10393, 0003, 1.57788, 4.8637369
0xEEEE, 32482043, 10394, 0002, 1.18703, 4.8591592
0xEEEE, 32485161, 10395, 0002, 0.80264, 4.8406958
0xEEEE, 32488287, 10396, 0001, 0.78894, 4.8513008
0xEEEE, 32491420, 10397, 0001, 0.78974, 4.8630503
0xEEEE, 32494526, 10398, 0000, 0.39245, 4.8529793
0xEEEE, 32497659, 10399, 0000, 0.39568, 4.8545815
0xEEEE, 32500778, 10400, 0000, 0.01128, 4.8533608
0xEEEE, 32503902, 10401, 0000, 0.01209, 4.8596933
0xEEEE, 32507054, 10402, 0001, 0.01209, 4.8503853
0xEEEE, 32510153, 10403, 0001, 0.39890, 4.8506905
0xEEEE, 32513276, 10404, 0002, 0.39004, 4.8630503
0xEEEE, 32516401, 10405, 0002, 0.43758, 4.8662547
0xEEEE, 32519538, 10406, 0003, 0.78813, 4.8461891
0xEEEE, 32522670, 10407, 0003, 0.78813, 4.8590066
0xEEEE, 32525788, 10408, 0004, 1.17897, 4.8592355
0xEEEE, 32528913, 10409, 0004, 1.18059, 4.8580148
0xEEEE, 32532047, 10410, 0005, 1.57788, 4.8538949
0xEEEE, 32535162, 10411, 0005, 1.56982, 4.8601511
0xEEEE, 32538299, 10412, 0006, 1.97194, 4.8600748
0xEEEE, 32541409, 10413, 0006, 1.96952, 4.8555734
0xEEEE, 32544536, 10414, 0007, 2.36520, 4.8535897
0xEEEE, 32547668, 10415, 0007, 2.39502, 4.8630503
0xEEEE, 32550787, 10416, 0007, 2.54330, 4.8535134
0xEEEE, 32553912, 10417, 0007, 2.54894, 4.8534371
0xEEEE, 32557045, 10418, 0006, 2.55216, 4.8537423
0xEEEE, 32560160, 10419, 0006, 2.55538, 4.8646525
0xEEEE, 32563278, 10420, 0005, 2.36681, 4.8583200
0xEEEE, 32566402, 10421, 0005, 2.36681, 4.8584726
0xEEEE, 32569526, 10422, 0004, 1.97436, 4.8569467
0xEEEE, 32572659, 10423, 0004, 1.97436, 4.8538949
0xEEEE, 32575786, 10424, 0003, 1.57465, 4.8435187
0xEEEE, 32578902, 10425, 0003, 1.18462, 4.8596933
0xEEEE, 32582035, 10426, 0002, 1.18381, 4.8618296
0xEEEE, 32585158, 10427, 0002, 1.17656, 4.8523690
0xEEEE, 32588288, 10428, 0001, 0.80908, 4.8457313
0xEEEE, 32591413, 10429, 0001, 0.78894, 4.8575570
0xEEEE, 32594538, 10430, 0000, 0.39326, 4.8651865
0xEEEE, 32597671, 10431, 0000, 0.39245, 4.8535897
0xEEEE, 32600789, 10432, 0000, 0.01209, 4.8471809
0xEEEE, 32603913, 10433, 0000, 0.01209, 4.8559548
0xEEEE, 32607070, 10434, 0001, 0.01128, 4.8612955
0xEEEE, 32610162, 10435, 0001, 0.01209, 4.8521401
0xEEEE, 32613286, 10436, 0002, 0.39407, 4.8516823
0xEEEE, 32616411, 10437, 0002, 0.38520, 4.8615244
0xEEEE, 32619537, 10438, 0003, 0.81392, 4.8506905
0xEEEE, 32622680, 10439, 0003, 0.78733, 4.8486305
0xEEEE, 32625787, 10440, 0004, 1.18381, 4.8531319
0xEEEE, 32628902, 10441, 0004, 1.56982, 4.8676280
0xEEEE, 32632035, 10442, 0005, 1.57707, 4.8516823
0xEEEE, 32635152, 10443, 0005, 1.57868, 4.8450446
0xEEEE, 32638276, 10444, 0006, 1.97355, 4.8538949
0xEEEE, 32641401, 10445, 0006, 1.97516, 4.8588540
0xEEEE, 32644526, 10446, 0007, 2.36601, 4.8592355
0xEEEE, 32647660, 10447, 0007, 2.36842, 4.8425269
0xEEEE, 32650781, 10448, 0007, 2.55055, 4.8605325
0xEEEE, 32653913, 10449, 0007, 2.55216, 4.8517586
0xEEEE, 32657044, 10450, 0006, 2.54813, 4.8487068
0xEEEE, 32660170, 10451, 0006, 2.55377, 4.8574807
0xEEEE, 32663289, 10452, 0005, 2.36681, 4.8590829
0xEEEE, 32666413, 10453, 0005, 2.36198, 4.8542763
0xEEEE, 32669538, 10454, 0004, 1.97275, 4.8525216
0xEEEE, 32672671, 10455, 0004, 1.96872, 4.8589303
0xEEEE, 32675787, 10456, 0003, 1.57868, 4.8570993
0xEEEE, 32678911, 10457, 0003, 1.16527, 4.8554208
0xEEEE, 32682054, 10458, 0002, 1.18381, 4.8501564
0xEEEE, 32685162, 10459, 0002, 1.18300, 4.8586252
0xEEEE, 32688287, 10460, 0001, 0.78571, 4.8579385
0xEEEE, 32691411, 10461, 0001, 0.77524, 4.8500038
0xEEEE, 32694527, 10462, 0000, 0.43839, 4.8529793
0xEEEE, 32697660, 10463, 0000, 0.39245, 4.8634318
0xEEEE, 32700778, 10464, 0000, 0.01209, 4.8561074
0xEEEE, 32703902, 10465, 0000, 0.01209, 4.8415351
0xEEEE, 32707064, 10466, 0001, 0.01209, 4.8608377
0xEEEE, 32710153, 10467, 0001, 0.01370, 4.8578622
0xEEEE, 32713276, 10468, 0002, 0.39245, 4.8528267
0xEEEE, 32716402, 10469, 0002, 0.39245, 4.8527504
0xEEEE, 32719547, 10470, 0003, 0.78571, 4.8587778
0xEEEE, 32722670, 10471, 0003, 1.19912, 4.8508431
0xEEEE, 32725788, 10472, 0004, 1.18300, 4.8532845
0xEEEE, 32728914, 10473, 0004, 1.18381, 4.8615244
0xEEEE, 32732047, 10474, 0005, 1.57788, 4.8617533
0xEEEE, 32735162, 10475, 0005, 1.57788, 4.8487068
0xEEEE, 32738287, 10476, 0006, 1.96469, 4.8455024
0xEEEE, 32741411, 10477, 0006, 1.97275, 4.8656443
0xEEEE, 32744536, 10478, 0007, 2.37890, 4.8554208
0xEEEE, 32747668, 10479, 0007, 2.55216, 4.8521401
0xEEEE, 32750788, 10480, 0007, 2.55136, 4.8577096
0xEEEE, 32753912, 10481, 0007, 2.57956, 4.8589303
0xEEEE, 32757045, 10482, 0006, 2.55216, 4.8575570
0xEEEE, 32760160, 10483, 0006, 2.55216, 4.8531319
0xEEEE, 32763276, 10484, 0005, 2.39421, 4.8599222
0xEEEE, 32766412, 10485, 0005, 2.36681, 4.8551156
0xEEEE, 32769527, 10486, 0004, 1.97194, 4.8455024
0xEEEE, 32772659, 10487, 0004, 1.57304, 4.8456550
0xEEEE, 32775777, 10488, 0003, 1.56821, 4.8595407
0xEEEE, 32778902, 10489, 0003, 1.57788, 4.8519875
0xEEEE, 32782035, 10490, 0002, 1.17817, 4.8516823
0xEEEE, 32785160, 10491, 0002, 1.18300, 4.8510719
0xEEEE, 32788288, 10492, 0001, 0.78894, 4.8585489
0xEEEE, 32791415, 10493, 0001, 0.78894, 4.8447395
0xEEEE, 32794538, 10494, 0000, 0.38923, 4.8525216
0xEEEE, 32797671, 10495, 0000, 0.01128, 4.8652628
0xEEEE, 32800789, 10496, 0000, 0.01209, 4.8560311
0xEEEE, 32803922, 10497, 0000, 0.01209, 4.8487068
0xEEEE, 32807071, 10498, 0001, 0.01209, 4.8540475
0xEEEE, 32810162, 10499, 0001, 0.01209, 4.8658732
0xEEEE, 32813287, 10500, 0002, 0.43839, 4.8561074
0xEEEE, 32816411, 10501, 0002, 0.39326, 4.8514534
0xEEEE, 32819537, 10502, 0003, 0.78894, 4.8527504
0xEEEE, 32822668, 10503, 0003, 1.18220, 4.8594644
0xEEEE, 32825786, 10504, 0004, 1.18542, 4.8542000
0xEEEE, 32828902, 10505, 0004, 1.20315, 4.8548867
0xEEEE, 32832035, 10506, 0005, 1.58029, 4.8590829
0xEEEE, 32835151, 10507, 0005, 1.57385, 4.8555734
0xEEEE, 32838276, 10508, 0006, 1.97355, 4.8501564
0xEEEE, 32841402, 10509, 0006, 1.96872, 4.8505379
0xEEEE, 32844526, 10510, 0007, 2.36601, 4.8644236
0xEEEE, 32847660, 10511, 0007, 2.40711, 4.8635080
0xEEEE, 32850794, 10512, 0007, 2.55136, 4.8509957
0xEEEE, 32853914, 10513, 0007, 2.55136, 4.8514534
0xEEEE, 32857044, 10514, 0006, 2.55055, 4.8575570
0xEEEE, 32860163, 10515, 0006, 2.55216, 4.8569467
0xEEEE, 32863289, 10516, 0005, 2.36681, 4.8554971
0xEEEE, 32866413, 10517, 0005, 1.97275, 4.8597696
0xEEEE, 32869538, 10518, 0004, 1.97516, 4.8570230
0xEEEE, 32872672, 10519, 0004, 1.97355, 4.8406958
0xEEEE, 32875788, 10520, 0003, 1.58029, 4.8582437
0xEEEE, 32878911, 10521, 0003, 1.57949, 4.8614481
0xEEEE, 32882043, 10522, 0002, 1.18300, 4.8484016
0xEEEE, 32885162, 10523, 0002, 1.18059, 4.8445106
0xEEEE, 32888295, 10524, 0001, 0.76154, 4.8555734
0xEEEE, 32891411, 10525, 0001, 0.39245, 4.8585489
0xEEEE, 32894526, 10526, 0000, 0.39326, 4.8462654
0xEEEE, 32897659, 10527, 0000, 0.39326, 4.8581674
0xEEEE, 32900777, 10528, 0000, 0.01209, 4.8606851
0xEEEE, 32903901, 10529, 0000, 0.01209, 4.8552682
0xEEEE, 32907054, 10530, 0001, 0.01128, 4.8484016
0xEEEE, 32910153, 10531, 0001, 0.01370, 4.8553445
0xEEEE, 32913277, 10532, 0002, 0.39165, 4.8660258
0xEEEE, 32916403, 10533, 0002, 0.78410, 4.8468757
0xEEEE, 32919538, 10534, 0003, 0.77363, 4.8487831
0xEEEE, 32922670, 10535, 0003, 0.78894, 4.8558022
0xEEEE, 32925788, 10536, 0004, 1.18220, 4.8661021
0xEEEE, 32928914, 10537, 0004, 1.18381, 4.8515297
0xEEEE, 32932046, 10538, 0005, 1.57949, 4.8544289
0xEEEE, 32935174, 10539, 0005, 1.57868, 4.8583200
0xEEEE, 32938278, 10540, 0006, 1.94696, 4.8603799
0xEEEE, 32941411, 10541, 0006, 2.36440, 4.8484016
0xEEEE, 32944536, 10542, 0007, 2.32571, 4.8604562
0xEEEE, 32947677, 10543, 0007, 2.35875, 4.8664836
0xEEEE, 32950787, 10544, 0007, 2.54813, 4.8516823
0xEEEE, 32953912, 10545, 0007, 2.55136, 4.8433661
0xEEEE, 32957044, 10546, 0006, 2.57311, 4.8582437
0xEEEE, 32960161, 10547, 0006, 2.55136, 4.8561074
0xEEEE, 32963276, 10548, 0005, 2.36681, 4.8590829
0xEEEE, 32966401, 10549, 0005, 1.97597, 4.8539712
0xEEEE, 32969527, 10550, 0004, 1.97194, 4.8580148
0xEEEE, 32972668, 10551, 0004, 1.97194, 4.8574807
0xEEEE, 32975777, 10552, 0003, 1.57868, 4.8528267
0xEEEE, 32978902, 10553, 0003, 1.57626, 4.8546578
0xEEEE, 32982035, 10554, 0002, 1.18381, 4.8606088
0xEEEE, 32985163, 10555, 0002, 1.18220, 4.8471809
0xEEEE, 32988288, 10556, 0001, 0.78733, 4.8430610
0xEEEE, 32991413, 10557, 0001, 0.39971, 4.8593881
0xEEEE, 32994538, 10558, 0000, 0.40132, 4.8577096
0xEEEE, 32997671, 10559, 0000, 0.43758, 4.8479438
0xEEEE, 33000790, 10560, 0000, 0.01128, 4.8460365
0xEEEE, 33003914, 10561, 0000, 0.01128, 4.8564126
0xEEEE, 33007073, 10562, 0001, 0.01209, 4.8529030
0xEEEE, 33010162, 10563, 0001, 0.01209, 4.8490883
0xEEEE, 33013286, 10564, 0002, 0.39084, 4.8554208
0xEEEE, 33016411, 10565, 0002, 0.39245, 4.8550393
0xEEEE, 33019546, 10566, 0003, 0.78813, 4.8528267
0xEEEE, 33022669, 10567, 0003, 0.79216, 4.8467994
0xEEEE, 33025786, 10568, 0004, 1.18300, 4.8588540
0xEEEE, 33028902, 10569, 0004, 1.18381, 4.8634318
0xEEEE, 33032044, 10570, 0005, 1.58432, 4.8484779
0xEEEE, 33035151, 10571, 0005, 1.97275, 4.8567178
0xEEEE, 33038276, 10572, 0006, 1.97516, 4.8603037
0xEEEE, 33041401, 10573, 0006, 1.97194, 4.8516060
0xEEEE, 33044526, 10574, 0007, 2.37004, 4.8565652
0xEEEE, 33047659, 10575, 0007, 2.36601, 4.8636606
0xEEEE, 33050785, 10576, 0007, 2.55136, 4.8612192
0xEEEE, 33053913, 10577, 0007, 2.54974, 4.8545815
0xEEEE, 33057044, 10578, 0006, 2.54974, 4.8445869
0xEEEE, 33060163, 10579, 0006, 2.36681, 4.8640421
0xEEEE, 33063288, 10580, 0005, 2.35875, 4.8597696
0xEEEE, 33066413, 10581, 0005, 2.36681, 4.8477150
0xEEEE, 33069538, 10582, 0004, 1.95905, 4.8525216
0xEEEE, 33072673, 10583, 0004, 1.97597, 4.8606088
0xEEEE, 33075786, 10584, 0003, 1.57868, 4.8515297
0xEEEE, 33078922, 10585, 0003, 1.57868, 4.8538949
0xEEEE, 33082043, 10586, 0002, 1.17575, 4.8564126
0xEEEE, 33085162, 10587, 0002, 0.78813, 4.8521401
0xEEEE, 33088286, 10588, 0001, 0.78813, 4.8480964
0xEEEE, 33091411, 10589, 0001, 0.78974, 4.8593118
0xEEEE, 33094526, 10590, 0000, 0.39004, 4.8650340
0xEEEE, 33097659, 10591, 0000, 0.38762, 4.8608377
0xEEEE, 33100777, 10592, 0000, 0.01209, 4.8473335
0xEEEE, 33103913, 10593, 0000, 0.01209, 4.8540475
0xEEEE, 33107054, 10594, 0001, 0.01209, 4.8639658
0xEEEE, 33110153, 10595, 0001, 0.37311, 4.8545815
0xEEEE, 33113277, 10596, 0002, 0.37714, 4.8487068
0xEEEE, 33116414, 10597, 0002, 0.39326, 4.8618296
0xEEEE, 33119538, 10598, 0003, 0.78894, 4.8623636
0xEEEE, 33122670, 10599, 0003, 0.78813, 4.8472572
0xEEEE, 33125789, 10600, 0004, 1.18864, 4.8562600
0xEEEE, 33128914, 10601, 0004, 1.16689, 4.8657969
0xEEEE, 33132046, 10602, 0005, 1.57949, 4.8538186
0xEEEE, 33135163, 10603, 0005, 1.99612, 4.8516060
0xEEEE, 33138277, 10604, 0006, 1.97275, 4.8525978
0xEEEE, 33141411, 10605, 0006, 1.97597, 4.8589303
0xEEEE, 33144536, 10606, 0007, 2.36923, 4.8571756
0xEEEE, 33147668, 10607, 0007, 2.37648, 4.8535134
0xEEEE, 33150787, 10608, 0007, 2.56264, 4.8613718
0xEEEE, 33153912, 10609, 0007, 2.55216, 4.8561074
0xEEEE, 33157045, 10610, 0006, 2.55136, 4.8535897
0xEEEE, 33160151, 10611, 0006, 2.34908, 4.8564889
0xEEEE, 33163287, 10612, 0005, 2.36681, 4.8637369
0xEEEE, 33166402, 10613, 0005, 2.36601, 4.8585489
0xEEEE, 33169527, 10614, 0004, 1.96388, 4.8508431
0xEEEE, 33172659, 10615, 0004, 1.97355, 4.8563363
0xEEEE, 33175777, 10616, 0003, 1.58029, 4.8634318
0xEEEE, 33178902, 10617, 0003, 1.62945, 4.8535897
0xEEEE, 33182036, 10618, 0002, 1.18300, 4.8535897
0xEEEE, 33185163, 10619, 0002, 1.17253, 4.8594644
0xEEEE, 33188289, 10620, 0001, 0.76234, 4.8532845
0xEEEE, 33191413, 10621, 0001, 0.78813, 4.8565652
0xEEEE, 33194539, 10622, 0000, 0.39245, 4.8605325
0xEEEE, 33197672, 10623, 0000, 0.39245, 4.8590066
0xEEEE, 33200797, 10624, 0000, 0.01209, 4.8558785
0xEEEE, 33203913, 10625, 0000, 0.01209, 4.8494697
0xEEEE, 33207075, 10626, 0001, 0.01128, 4.8580911
0xEEEE, 33210162, 10627, 0001, 0.01209, 4.8628977
0xEEEE, 33213286, 10628, 0002, 0.39084, 4.8558022
0xEEEE, 33216411, 10629, 0002, 0.38842, 4.8554971
0xEEEE, 33219536, 10630, 0003, 0.81070, 4.8603799
0xEEEE, 33222669, 10631, 0003, 0.79297, 4.8493935
0xEEEE, 33225786, 10632, 0004, 1.18381, 4.8493172
0xEEEE, 33228902, 10633, 0004, 1.58513, 4.8538186
0xEEEE, 33232035, 10634, 0005, 1.53275, 4.8631266
0xEEEE, 33235151, 10635, 0005, 1.57707, 4.8509957
0xEEEE, 33238276, 10636, 0006, 1.96308, 4.8417639
0xEEEE, 33241402, 10637, 0006, 1.97355, 4.8558022
0xEEEE, 33244526, 10638, 0007, 2.36601, 4.8664073
0xEEEE, 33247670, 10639, 0007, 2.36762, 4.8542763
0xEEEE, 33250787, 10640, 0007, 2.55136, 4.8490883
0xEEEE, 33253913, 10641, 0007, 2.55136, 4.8575570
0xEEEE, 33257044, 10642, 0006, 2.54733, 4.8532082
0xEEEE, 33260163, 10643, 0006, 2.55055, 4.8499275
0xEEEE, 33263289, 10644, 0005, 2.36681, 4.8635843
0xEEEE, 33266413, 10645, 0005, 2.36520, 4.8635843
0xEEEE, 33269538, 10646, 0004, 1.97355, 4.8502327
0xEEEE, 33272676, 10647, 0004, 1.96388, 4.8472572
0xEEEE, 33275786, 10648, 0003, 1.57788, 4.8564889
0xEEEE, 33278911, 10649, 0003, 1.19832, 4.8637369
0xEEEE, 33282043, 10650, 0002, 1.20476, 4.8578622
0xEEEE, 33285170, 10651, 0002, 1.18300, 4.8524453
0xEEEE, 33288286, 10652, 0001, 0.78974, 4.8586252
0xEEEE, 33291411, 10653, 0001, 0.79297, 4.8545052
0xEEEE, 33294526, 10654, 0000, 0.42147, 4.8516823
0xEEEE, 33297659, 10655, 0000, 0.44000, 4.8544289
0xEEEE, 33300777, 10656, 0000, 0.01209, 4.8610666
0xEEEE, 33303902, 10657, 0000, 0.01209, 4.8450446
0xEEEE, 33307065, 10658, 0001, 0.01209, 4.8529793
0xEEEE, 33310153, 10659, 0001, 0.01370, 4.8624399
0xEEEE, 33313278, 10660, 0002, 0.39245, 4.8667124
0xEEEE, 33316406, 10661, 0002, 0.39245, 4.8483253
0xEEEE, 33319537, 10662, 0003, 0.78974, 4.8487831
0xEEEE, 33322670, 10663, 0003, 0.79216, 4.8581674
0xEEEE, 33325789, 10664, 0004, 1.20315, 4.8453498
0xEEEE, 33328914, 10665, 0004, 1.18300, 4.8523690
0xEEEE, 33332055, 10666, 0005, 1.57546, 4.8602274
0xEEEE, 33335163, 10667, 0005, 1.57788, 4.8533608
0xEEEE, 33338278, 10668, 0006, 1.97839, 4.8517586
0xEEEE, 33341411, 10669, 0006, 1.97275, 4.8509957
0xEEEE, 33344544, 10670, 0007, 2.37004, 4.8640421
0xEEEE, 33347669, 10671, 0007, 2.54974, 4.8599985
0xEEEE, 33350787, 10672, 0007, 2.55136, 4.8443580
0xEEEE, 33353912, 10673, 0007, 2.56586, 4.8505379
0xEEEE, 33357045, 10674, 0006, 2.55216, 4.8601511
0xEEEE, 33360152, 10675, 0006, 2.55216, 4.8599222
0xEEEE, 33363276, 10676, 0005, 2.34022, 4.8533608
0xEEEE, 33366402, 10677, 0005, 2.36681, 4.8588540
0xEEEE, 33369533, 10678, 0004, 1.97436, 4.8580148
0xEEEE, 33372659, 10679, 0004, 1.57385, 4.8500038
0xEEEE, 33375778, 10680, 0003, 1.54081, 4.8499275
0xEEEE, 33378902, 10681, 0003, 1.57868, 4.8608377
0xEEEE, 33382035, 10682, 0002, 1.18381, 4.8528267
0xEEEE, 33385163, 10683, 0002, 1.18703, 4.8441291
0xEEEE, 33388288, 10684, 0001, 0.78813, 4.8516060
0xEEEE, 33391423, 10685, 0001, 0.78974, 4.8577859
0xEEEE, 33394539, 10686, 0000, 0.39326, 4.8481727
0xEEEE, 33397672, 10687, 0000, 0.01128, 4.8533608
0xEEEE, 33400788, 10688, 0000, 0.01209, 4.8580911
0xEEEE, 33403902, 10689, 0000, 0.01209, 4.8547341
0xEEEE, 33407074, 10690, 0001, 0.01209, 4.8535897
0xEEEE, 33410162, 10691, 0001, 0.01209, 4.8519112
0xEEEE, 33413286, 10692, 0002, 0.40857, 4.8641947
0xEEEE, 33416420, 10693, 0002, 0.43758, 4.8500801
0xEEEE, 33419536, 10694, 0003, 0.78813, 4.8441291
0xEEEE, 33422669, 10695, 0003, 1.18300, 4.8559548
0xEEEE, 33425786, 10696, 0004, 1.18300, 4.8581674
0xEEEE, 33428911, 10697, 0004, 1.22733, 4.8535897
0xEEEE, 33432036, 10698, 0005, 1.57949, 4.8593881
0xEEEE, 33435151, 10699, 0005, 1.57062, 4.8620584
0xEEEE, 33438278, 10700, 0006, 1.97275, 4.8570230
0xEEEE, 33441401, 10701, 0006, 1.97194, 4.8499275
0xEEEE, 33444526, 10702, 0007, 2.36601, 4.8580148
0xEEEE, 33447660, 10703, 0007, 2.55055, 4.8627451
0xEEEE, 33450788, 10704, 0007, 2.55055, 4.8475624
0xEEEE, 33453913, 10705, 0007, 2.55136, 4.8502327
0xEEEE, 33457044, 10706, 0006, 2.55136, 4.8545052
0xEEEE, 33460163, 10707, 0006, 2.54330, 4.8589303
0xEEEE, 33463288, 10708, 0005, 2.36842, 4.8637369
0xEEEE, 33466412, 10709, 0005, 2.39421, 4.8524453
0xEEEE, 33469538, 10710, 0004, 1.97275, 4.8583200
0xEEEE, 33472677, 10711, 0004, 1.58029, 4.8500801
0xEEEE, 33475797, 10712, 0003, 1.57626, 4.8521401
0xEEEE, 33478911, 10713, 0003, 1.57868, 4.8548867
0xEEEE, 33482043, 10714, 0002, 1.18462, 4.8647288
0xEEEE, 33485162, 10715, 0002, 1.18381, 4.8490120
0xEEEE, 33488286, 10716, 0001, 0.77363, 4.8445106
0xEEEE, 33491411, 10717, 0001, 0.78733, 4.8587778
0xEEEE, 33494526, 10718, 0000, 0.39326, 4.8621347
0xEEEE, 33497659, 10719, 0000, 0.39326, 4.8508431
0xEEEE, 33500780, 10720, 0000, 0.01209, 4.8516060
0xEEEE, 33503902, 10721, 0000, 0.01209, 4.8605325
0xEEEE, 33507054, 10722, 0001, 0.01048, 4.8474861
0xEEEE, 33510153, 10723, 0001, 0.01128, 4.8515297
0xEEEE, 33513286, 10724, 0002, 0.39004, 4.8587778
0xEEEE, 33516407, 10725, 0002, 0.79216, 4.8622110
0xEEEE, 33519538, 10726, 0003, 0.77443, 4.8522927
0xEEEE, 33522670, 10727, 0003, 0.79055, 4.8480964
0xEEEE, 33525789, 10728, 0004, 1.18381, 4.8611429
0xEEEE, 33528913, 10729, 0004, 1.17897, 4.8612955
0xEEEE, 33532047, 10730, 0005, 1.57949, 4.8500038
0xEEEE, 33535163, 10731, 0005, 1.57788, 4.8512245
0xEEEE, 33538280, 10732, 0006, 1.96549, 4.8628214
0xEEEE, 33541411, 10733, 0006, 2.36440, 4.8542000
0xEEEE, 33544536, 10734, 0007, 2.41436, 4.8576333
0xEEEE, 33547668, 10735, 0007, 2.37568, 4.8627451
0xEEEE, 33550787, 10736, 0007, 2.55055, 4.8599222
0xEEEE, 33553911, 10737, 0007, 2.55136, 4.8514534
0xEEEE, 33557045, 10738, 0006, 2.58601, 4.8493172
0xEEEE, 33560171, 10739, 0006, 2.55136, 4.8656443
0xEEEE, 33563278, 10740, 0005, 2.36762, 4.8593881
0xEEEE, 33566401, 10741, 0005, 1.98886, 4.8486305
0xEEEE, 33569526, 10742, 0004, 1.97355, 4.8492409
0xEEEE, 33572659, 10743, 0004, 2.00337, 4.8588540
0xEEEE, 33575777, 10744, 0003, 1.57868, 4.8512245
0xEEEE, 33578902, 10745, 0003, 1.58110, 4.8581674
0xEEEE, 33582036, 10746, 0002, 1.18300, 4.8606088
0xEEEE, 33585163, 10747, 0002, 1.18220, 4.8564126
0xEEEE, 33588288, 10748, 0001, 0.78652, 4.8480201
0xEEEE, 33591413, 10749, 0001, 0.40132, 4.8470283
0xEEEE, 33594539, 10750, 0000, 0.37311, 4.8670176
0xEEEE, 33597680, 10751, 0000, 0.43194, 4.8543526
0xEEEE, 33600788, 10752, 0000, 0.01209, 4.8422217
0xEEEE, 33603902, 10753, 0000, 0.01209, 4.8567941
0xEEEE, 33607074, 10754, 0001, 0.01209, 4.8584726
0xEEEE, 33610162, 10755, 0001, 0.01209, 4.8578622
0xEEEE, 33613286, 10756, 0002, 0.39245, 4.8542000
0xEEEE, 33616412, 10757, 0002, 0.78894, 4.8609903
0xEEEE, 33619536, 10758, 0003, 0.78894, 4.8509194
0xEEEE, 33622668, 10759, 0003, 0.78491, 4.8489357
0xEEEE, 33625787, 10760, 0004, 1.18300, 4.8551156
0xEEEE, 33628902, 10761, 0004, 1.18381, 4.8653391
0xEEEE, 33632036, 10762, 0005, 1.58029, 4.8619821
0xEEEE, 33635151, 10763, 0005, 1.54081, 4.8473335
0xEEEE, 33638277, 10764, 0006, 1.97114, 4.8539712
0xEEEE, 33641401, 10765, 0006, 1.97194, 4.8609140
0xEEEE, 33644538, 10766, 0007, 2.36923, 4.8545815
0xEEEE, 33647659, 10767, 0007, 2.36681, 4.8522164
0xEEEE, 33650788, 10768, 0007, 2.55216, 4.8605325
0xEEEE, 33653913, 10769, 0007, 2.55377, 4.8529030
0xEEEE, 33657052, 10770, 0006, 2.55055, 4.8516823
0xEEEE, 33660164, 10771, 0006, 2.36681, 4.8551156
0xEEEE, 33663288, 10772, 0005, 2.36359, 4.8653391
0xEEEE, 33666412, 10773, 0005, 2.36681, 4.8522927
0xEEEE, 33669537, 10774, 0004, 1.98886, 4.8505379
0xEEEE, 33672679, 10775, 0004, 1.97194, 4.8534371
0xEEEE, 33675787, 10776, 0003, 1.53919, 4.8633555
0xEEEE, 33678912, 10777, 0003, 1.57868, 4.8566415
0xEEEE, 33682048, 10778, 0002, 1.17817, 4.8606851
0xEEEE, 33685161, 10779, 0002, 0.78813, 4.8584726
0xEEEE, 33688287, 10780, 0001, 0.78894, 4.8534371
0xEEEE, 33691411, 10781, 0001, 0.78733, 4.8439002
0xEEEE, 33694526, 10782, 0000, 0.39326, 4.8596933
0xEEEE, 33697659, 10783, 0000, 0.39245, 4.8638132
0xEEEE, 33700777, 10784, 0000, 0.01289, 4.8538949
0xEEEE, 33703902, 10785, 0000, 0.01209, 4.8498512
0xEEEE, 33707054, 10786, 0001, 0.01128, 4.8602274
0xEEEE, 33710153, 10787, 0001, 0.38842, 4.8595407
0xEEEE, 33713276, 10788, 0002, 0.40454, 4.8484016
0xEEEE, 33716409, 10789, 0002, 0.36667, 4.8555734
0xEEEE, 33719537, 10790, 0003, 0.78894, 4.8566415
0xEEEE, 33722670, 10791, 0003, 0.78894, 4.8635080
0xEEEE, 33725789, 10792, 0004, 1.18623, 4.8473335
0xEEEE, 33728922, 10793, 0004, 1.19993, 4.8625925
0xEEEE, 33732046, 10794, 0005, 1.57868, 4.8626688
0xEEEE, 33735163, 10795, 0005, 1.96630, 4.8448157
0xEEEE, 33738281, 10796, 0006, 1.97355, 4.8458839
0xEEEE, 33741419, 10797, 0006, 1.96630, 4.8598459
0xEEEE, 33744536, 10798, 0007, 2.36601, 4.8605325
0xEEEE, 33747668, 10799, 0007, 2.36923, 4.8461128
0xEEEE, 33750787, 10800, 0007, 2.56022, 4.8522927
0xEEEE, 33753911, 10801, 0007, 2.55055, 4.8611429
0xEEEE, 33757044, 10802, 0006, 2.55136, 4.8506905
0xEEEE, 33760152, 10803, 0006, 2.35150, 4.8563363
0xEEEE, 33763276, 10804, 0005, 2.36762, 4.8590066
0xEEEE, 33766401, 10805, 0005, 2.36681, 4.8601511
0xEEEE, 33769527, 10806, 0004, 1.97355, 4.8519875
0xEEEE, 33772659, 10807, 0004, 1.97275, 4.8481727
0xEEEE, 33775777, 10808, 0003, 1.57788, 4.8609903
0xEEEE, 33778902, 10809, 0003, 1.57062, 4.8606851
0xEEEE, 33782037, 10810, 0002, 1.18300, 4.8533608
0xEEEE, 33785163, 10811, 0002, 0.79136, 4.8518349
0xEEEE, 33788298, 10812, 0001, 0.78974, 4.8577859
0xEEEE, 33791413, 10813, 0001, 0.78733, 4.8548867
0xEEEE, 33794539, 10814, 0000, 0.39326, 4.8550393
0xEEEE, 33797671, 10815, 0000, 0.39165, 4.8642710
0xEEEE, 33800788, 10816, 0000, 0.01209, 4.8635843
0xEEEE, 33803903, 10817, 0000, 0.01209, 4.8453498
0xEEEE, 33807074, 10818, 0001, 0.01128, 4.8487831
0xEEEE, 33810162, 10819, 0001, 0.01209, 4.8632029
0xEEEE, 33813297, 10820, 0002, 0.39326, 4.8622110
0xEEEE, 33816412, 10821, 0002, 0.39487, 4.8532845
0xEEEE, 33819536, 10822, 0003, 0.79941, 4.8465705
0xEEEE, 33822668, 10823, 0003, 0.76315, 4.8574044
0xEEEE, 33825795, 10824, 0004, 1.18300, 4.8574044
0xEEEE, 33828902, 10825, 0004, 1.57868, 4.8451209
0xEEEE, 33832035, 10826, 0005, 1.59238, 4.8594644
0xEEEE, 33835152, 10827, 0005, 1.57949, 4.8564126
0xEEEE, 33838276, 10828, 0006, 1.97275, 4.8467231
0xEEEE, 33841402, 10829, 0006, 1.97194, 4.8504616
0xEEEE, 33844527, 10830, 0007, 2.36601, 4.8650340
0xEEEE, 33847660, 10831, 0007, 2.36681, 4.8539712
0xEEEE, 33850789, 10832, 0007, 2.55136, 4.8507668
0xEEEE, 33853913, 10833, 0007, 2.55216, 4.8551919
0xEEEE, 33857044, 10834, 0006, 2.55297, 4.8588540
0xEEEE, 33860164, 10835, 0006, 2.55055, 4.8558785
0xEEEE, 33863289, 10836, 0005, 2.38293, 4.8518349
0xEEEE, 33866412, 10837, 0005, 2.36681, 4.8597696
0xEEEE, 33869527, 10838, 0004, 1.97275, 4.8572519
0xEEEE, 33872691, 10839, 0004, 1.97678, 4.8491646
0xEEEE, 33875787, 10840, 0003, 1.57707, 4.8508431
0xEEEE, 33878911, 10841, 0003, 1.18139, 4.8653391
0xEEEE, 33882043, 10842, 0002, 1.20718, 4.8484016
0xEEEE, 33885161, 10843, 0002, 1.18300, 4.8460365
0xEEEE, 33888285, 10844, 0001, 0.78894, 4.8495460
0xEEEE, 33891410, 10845, 0001, 0.78974, 4.8609140
0xEEEE, 33894526, 10846, 0000, 0.38359, 4.8526741
0xEEEE, 33897659, 10847, 0000, 0.37875, 4.8590066
0xEEEE, 33900777, 10848, 0000, 0.01370, 4.8612192
0xEEEE, 33903902, 10849, 0000, 0.01209, 4.8579385
0xEEEE, 33907054, 10850, 0001, 0.01209, 4.8464179
0xEEEE, 33910162, 10851, 0001, 0.01209, 4.8600748
0xEEEE, 33913276, 10852, 0002, 0.39245, 4.8604562
0xEEEE, 33916411, 10853, 0002, 0.39245, 4.8535897
0xEEEE, 33919538, 10854, 0003, 0.78733, 4.8464942
0xEEEE, 33922670, 10855, 0003, 0.78974, 4.8569467
0xEEEE, 33925789, 10856, 0004, 1.20234, 4.8583200
0xEEEE, 33928914, 10857, 0004, 1.57868, 4.8571756
0xEEEE, 33932047, 10858, 0005, 1.57788, 4.8510719
0xEEEE, 33935163, 10859, 0005, 1.62542, 4.8606851
0xEEEE, 33938284, 10860, 0006, 1.97194, 4.8525978
0xEEEE, 33941411, 10861, 0006, 1.93487, 4.8381781
0xEEEE, 33944536, 10862, 0007, 2.36520, 4.8541238
0xEEEE, 33947668, 10863, 0007, 2.36601, 4.8649577
0xEEEE, 33950787, 10864, 0007, 2.52879, 4.8566415
0xEEEE, 33953911, 10865, 0007, 2.54491, 4.8479438
0xEEEE, 33957053, 10866, 0006, 2.54974, 4.8574807
0xEEEE, 33960151, 10867, 0006, 2.55297, 4.8651102
0xEEEE, 33963277, 10868, 0005, 2.36037, 4.8493172
0xEEEE, 33966402, 10869, 0005, 2.36681, 4.8518349
0xEEEE, 33969526, 10870, 0004, 1.95582, 4.8600748
0xEEEE, 33972659, 10871, 0004, 1.57949, 4.8517586
0xEEEE, 33975777, 10872, 0003, 1.58593, 4.8548104
0xEEEE, 33978902, 10873, 0003, 1.57949, 4.8613718
0xEEEE, 33982039, 10874, 0002, 1.18300, 4.8649577
0xEEEE, 33985163, 10875, 0002, 1.16447, 4.8529793
0xEEEE, 33988288, 10876, 0001, 0.78894, 4.8538186
0xEEEE, 33991413, 10877, 0001, 0.78813, 4.8564889
0xEEEE, 33994546, 10878, 0000, 0.39245, 4.8609903
0xEEEE, 33997671, 10879, 0000, 0.01209, 4.8519112
0xEEEE, 34000790, 10880, 0000, 0.01209, 4.8575570
0xEEEE, 34003905, 10881, 0000, 0.01209, 4.8590066
0xEEEE, 34007075, 10882, 0001, 0.01128, 4.8488594
0xEEEE, 34010162, 10883, 0001, 0.01209, 4.8472572
0xEEEE, 34013286, 10884, 0002, 0.40293, 4.8641184
0xEEEE, 34016412, 10885, 0002, 0.39004, 4.8614481
0xEEEE, 34019536, 10886, 0003, 0.78813, 4.8425269
0xEEEE, 34022668, 10887, 0003, 1.18300, 4.8485542
0xEEEE, 34025777, 10888, 0004, 1.18542, 4.8596170
0xEEEE, 34028901, 10889, 0004, 1.18864, 4.8637369
0xEEEE, 34032036, 10890, 0005, 1.58029, 4.8500038
0xEEEE, 34035152, 10891, 0005, 1.57546, 4.8469520
0xEEEE, 34038277, 10892, 0006, 1.97355, 4.8595407
0xEEEE, 34041412, 10893, 0006, 1.97436, 4.8509194
0xEEEE, 34044526, 10894, 0007, 2.36762, 4.8561074
0xEEEE, 34047661, 10895, 0007, 2.55136, 4.8606851
0xEEEE, 34050788, 10896, 0007, 2.55297, 4.8580148
0xEEEE, 34053921, 10897, 0007, 2.55055, 4.8490120
0xEEEE, 34057045, 10898, 0006, 2.55216, 4.8502327
0xEEEE, 34060164, 10899, 0006, 2.55458, 4.8624399
0xEEEE, 34063289, 10900, 0005, 2.36681, 4.8552682
0xEEEE, 34066413, 10901, 0005, 2.35392, 4.8451972
0xEEEE, 34069527, 10902, 0004, 1.97436, 4.8548867
0xEEEE, 34072679, 10903, 0004, 1.57868, 4.8609140
0xEEEE, 34075787, 10904, 0003, 1.57868, 4.8485542
0xEEEE, 34078917, 10905, 0003, 1.61172, 4.8537423
0xEEEE, 34082042, 10906, 0002, 1.18381, 4.8587015
0xEEEE, 34085161, 10907, 0002, 1.18300, 4.8535897
0xEEEE, 34088285, 10908, 0001, 0.78894, 4.8363470
0xEEEE, 34091401, 10909, 0001, 0.79216, 4.8509194
0xEEEE, 34094526, 10910, 0000, 0.39326, 4.8651865
0xEEEE, 34097659, 10911, 0000, 0.01128, 4.8618296
0xEEEE, 34100777, 10912, 0000, 0.01451, 4.8554208
0xEEEE, 34103902, 10913, 0000, 0.01209, 4.8520638
0xEEEE, 34107054, 10914, 0001, 0.01209, 4.8568704
0xEEEE, 34110153, 10915, 0001, 0.01209, 4.8670939
0xEEEE, 34113276, 10916, 0002, 0.39165, 4.8551156
0xEEEE, 34116413, 10917, 0002, 0.39245, 4.8590066
0xEEEE, 34119538, 10918, 0003, 0.78410, 4.8593118
0xEEEE, 34122670, 10919, 0003, 0.82037, 4.8495460
0xEEEE, 34125798, 10920, 0004, 1.18381, 4.8536660
0xEEEE, 34128914, 10921, 0004, 1.18300, 4.8646525
0xEEEE, 34132046, 10922, 0005, 1.61172, 4.8537423
0xEEEE, 34135163, 10923, 0005, 1.57868, 4.8481727
0xEEEE, 34138305, 10924, 0006, 1.98484, 4.8531319
0xEEEE, 34141411, 10925, 0006, 2.36601, 4.8644999
0xEEEE, 34144536, 10926, 0007, 2.35875, 4.8458076
0xEEEE, 34147668, 10927, 0007, 2.36923, 4.8541238
0xEEEE, 34150788, 10928, 0007, 2.55055, 4.8570230
0xEEEE, 34153911, 10929, 0007, 2.58278, 4.8551156
0xEEEE, 34157045, 10930, 0006, 2.55700, 4.8458839
0xEEEE, 34160151, 10931, 0006, 2.55136, 4.8507668
0xEEEE, 34163276, 10932, 0005, 2.40227, 4.8676280
0xEEEE, 34166402, 10933, 0005, 1.97919, 4.8508431
0xEEEE, 34169526, 10934, 0004, 1.97355, 4.8458076
0xEEEE, 34172659, 10935, 0004, 1.97597, 4.8545815
0xEEEE, 34175777, 10936, 0003, 1.57868, 4.8545815
0xEEEE, 34178902, 10937, 0003, 1.57868, 4.8480964
0xEEEE, 34182041, 10938, 0002, 1.21766, 4.8584726
0xEEEE, 34185174, 10939, 0002, 1.18300, 4.8550393
0xEEEE, 34188288, 10940, 0001, 0.78652, 4.8587778
0xEEEE, 34191413, 10941, 0001, 0.38923, 4.8480201
0xEEEE, 34194539, 10942, 0000, 0.38923, 4.8586252
0xEEEE, 34197671, 10943, 0000, 0.37392, 4.8648814
0xEEEE, 34200789, 10944, 0000, 0.01209, 4.8555734
0xEEEE, 34203906, 10945, 0000, 0.01209, 4.8500038
0xEEEE, 34207074, 10946, 0001, 0.01209, 4.8570993
0xEEEE, 34210162, 10947, 0001, 0.01209, 4.8613718
0xEEEE, 34213286, 10948, 0002, 0.39165, 4.8580911
0xEEEE, 34216412, 10949, 0002, 0.78813, 4.8551156
0xEEEE, 34219536, 10950, 0003, 0.78813, 4.8567941
0xEEEE, 34222677, 10951, 0003, 0.79055, 4.8559548
0xEEEE, 34225777, 10952, 0004, 1.19187, 4.8484779
0xEEEE, 34228902, 10953, 0004, 1.18381, 4.8581674
0xEEEE, 34232035, 10954, 0005, 1.57949, 4.8661784
0xEEEE, 34235152, 10955, 0005, 1.59399, 4.8502327
0xEEEE, 34238277, 10956, 0006, 1.97355, 4.8490120
0xEEEE, 34241401, 10957, 0006, 2.36681, 4.8595407
0xEEEE, 34244526, 10958, 0007, 2.36681, 4.8548104
0xEEEE, 34247663, 10959, 0007, 2.36601, 4.8524453
0xEEEE, 34250789, 10960, 0007, 2.55136, 4.8531319
0xEEEE, 34253913, 10961, 0007, 2.55377, 4.8599222
0xEEEE, 34257045, 10962, 0006, 2.55216, 4.8639658
0xEEEE, 34260164, 10963, 0006, 2.54894, 4.8555734
0xEEEE, 34263288, 10964, 0005, 2.36520, 4.8593118
0xEEEE, 34266413, 10965, 0005, 2.36681, 4.8539712
0xEEEE, 34269550, 10966, 0004, 1.97033, 4.8496986
0xEEEE, 34272679, 10967, 0004, 1.97355, 4.8523690
0xEEEE, 34275786, 10968, 0003, 1.55853, 4.8632029
0xEEEE, 34278912, 10969, 0003, 1.57788, 4.8644236
0xEEEE, 34282043, 10970, 0002, 1.18381, 4.8493935
0xEEEE, 34285162, 10971, 0002, 0.76234, 4.8564889
0xEEEE, 34288286, 10972, 0001, 0.74300, 4.8569467
0xEEEE, 34291401, 10973, 0001, 0.78813, 4.8469520
0xEEEE, 34294527, 10974, 0000, 0.39326, 4.8462654
0xEEEE, 34297659, 10975, 0000, 0.39407, 4.8577859
0xEEEE, 34300777, 10976, 0000, 0.01128, 4.8628214
0xEEEE, 34303902, 10977, 0000, 0.01209, 4.8567941
0xEEEE, 34307062, 10978, 0001, 0.01209, 4.8474098
0xEEEE, 34310153, 10979, 0001, 0.39326, 4.8626688
0xEEEE, 34313278, 10980, 0002, 0.38842, 4.8612955
0xEEEE, 34316413, 10981, 0002, 0.39568, 4.8425269
0xEEEE, 34319538, 10982, 0003, 0.77282, 4.8545052
0xEEEE, 34322670, 10983, 0003, 0.78894, 4.8554208
0xEEEE, 34325789, 10984, 0004, 1.18381, 4.8460365
0xEEEE, 34328914, 10985, 0004, 1.17897, 4.8533608
0xEEEE, 34332047, 10986, 0005, 1.57788, 4.8647288
0xEEEE, 34335151, 10987, 0005, 1.97678, 4.8583200
0xEEEE, 34338286, 10988, 0006, 1.91231, 4.8470283
0xEEEE, 34341411, 10989, 0006, 1.97194, 4.8575570
0xEEEE, 34344536, 10990, 0007, 2.36681, 4.8620584
0xEEEE, 34347668, 10991, 0007, 2.35231, 4.8616770
0xEEEE, 34350787, 10992, 0007, 2.54894, 4.8538949
0xEEEE, 34353923, 10993, 0007, 2.55216, 4.8548104
0xEEEE, 34357045, 10994, 0006, 2.58601, 4.8624399
0xEEEE, 34360151, 10995, 0006, 2.37004, 4.8480201
0xEEEE, 34363276, 10996, 0005, 2.36762, 4.8534371
0xEEEE, 34366401, 10997, 0005, 2.34103, 4.8621347
0xEEEE, 34369526, 10998, 0004, 1.97758, 4.8513771
0xEEEE, 34372659, 10999, 0004, 1.98484, 4.8464942
0xEEEE, 34375779, 11000, 0003, 1.57788, 4.8556497
0xEEEE, 34378902, 11001, 0003, 1.58110, 4.8655680
0xEEEE, 34382042, 11002, 0002, 1.18300, 4.8503853
0xEEEE, 34385163, 11003, 0002, 0.78894, 4.8484016
0xEEEE, 34388288, 11004, 0001, 0.78571, 4.8583200
0xEEEE, 34391420, 11005, 0001, 0.77766, 4.8549630
0xEEEE, 34394538, 11006, 0000, 0.36425, 4.8528267
0xEEEE, 34397672, 11007, 0000, 0.39326, 4.8551156
0xEEEE, 34400788, 11008, 0000, 0.01128, 4.8613718
0xEEEE, 34403908, 11009, 0000, 0.01128, 4.8469520
0xEEEE, 34407074, 11010, 0001, 0.01209, 4.8435950
0xEEEE, 34410162, 11011, 0001, 0.40212, 4.8554971
0xEEEE, 34413286, 11012, 0002, 0.39245, 4.8679332
0xEEEE, 34416411, 11013, 0002, 0.39245, 4.8503090
0xEEEE, 34419536, 11014, 0003, 0.79216, 4.8444343
0xEEEE, 34422668, 11015, 0003, 0.78813, 4.8558785
0xEEEE, 34425777, 11016, 0004, 1.18462, 4.8609903
0xEEEE, 34428902, 11017, 0004, 1.18381, 4.8492409
0xEEEE, 34432035, 11018, 0005, 1.58271, 4.8587015
0xEEEE, 34435152, 11019, 0005, 1.57868, 4.8606088
0xEEEE, 34438288, 11020, 0006, 1.97436, 4.8596933
0xEEEE, 34441402, 11021, 0006, 1.97275, 4.8539712
0xEEEE, 34444526, 11022, 0007, 2.38293, 4.8611429
0xEEEE, 34447664, 11023, 0007, 2.36681, 4.8653391
0xEEEE, 34450797, 11024, 0007, 2.55136, 4.8433661
0xEEEE, 34453913, 11025, 0007, 2.55055, 4.8494697
0xEEEE, 34457045, 11026, 0006, 2.55216, 4.8609140
0xEEEE, 34460164, 11027, 0006, 2.55216, 4.8545052
0xEEEE, 34463288, 11028, 0005, 2.36681, 4.8521401
0xEEEE, 34466413, 11029, 0005, 2.36681, 4.8530556
0xEEEE, 34469529, 11030, 0004, 1.97275, 4.8609140
0xEEEE, 34472668, 11031, 0004, 1.97355, 4.8477150
0xEEEE, 34475787, 11032, 0003, 1.57868, 4.8542763
0xEEEE, 34478912, 11033, 0003, 1.18220, 4.8615244
0xEEEE, 34482043, 11034, 0002, 1.19187, 4.8616007
0xEEEE, 34485162, 11035, 0002, 1.18381, 4.8490120
0xEEEE, 34488286, 11036, 0001, 0.78813, 4.8471809
0xEEEE, 34491402, 11037, 0001, 0.78974, 4.8613718
0xEEEE, 34494527, 11038, 0000, 0.39407, 4.8614481
0xEEEE, 34497670, 11039, 0000, 0.38842, 4.8593881
0xEEEE, 34500778, 11040, 0000, 0.01209, 4.8612955
0xEEEE, 34503901, 11041, 0000, 0.01209, 4.8522927
0xEEEE, 34507054, 11042, 0001, 0.01209, 4.8496223
0xEEEE, 34510153, 11043, 0001, 0.01289, 4.8525978
0xEEEE, 34513279, 11044, 0002, 0.40938, 4.8610666
0xEEEE, 34516413, 11045, 0002, 0.39407, 4.8609903
0xEEEE, 34519538, 11046, 0003, 0.78894, 4.8416876
0xEEEE, 34522678, 11047, 0003, 0.78894, 4.8480201
0xEEEE, 34525789, 11048, 0004, 1.17897, 4.8623636
0xEEEE, 34528914, 11049, 0004, 1.57868, 4.8587015
0xEEEE, 34532047, 11050, 0005, 1.57949, 4.8467231
0xEEEE, 34535172, 11051, 0005, 1.59480, 4.8578622
0xEEEE, 34538286, 11052, 0006, 1.97436, 4.8588540
0xEEEE, 34541411, 11053, 0006, 1.97194, 4.8516060
0xEEEE, 34544536, 11054, 0007, 2.36681, 4.8504616
0xEEEE, 34547668, 11055, 0007, 2.33941, 4.8618296
0xEEEE, 34550787, 11056, 0007, 2.54491, 4.8485542
0xEEEE, 34553911, 11057, 0007, 2.55297, 4.8466468
0xEEEE, 34557045, 11058, 0006, 2.55458, 4.8518349
0xEEEE, 34560152, 11059, 0006, 2.53766, 4.8603799
0xEEEE, 34563278, 11060, 0005, 2.36359, 4.8586252
0xEEEE, 34566401, 11061, 0005, 2.36842, 4.8479438
0xEEEE, 34569526, 11062, 0004, 1.96791, 4.8529030
0xEEEE, 34572659, 11063, 0004, 1.97355, 4.8604562
0xEEEE, 34575777, 11064, 0003, 1.57546, 4.8572519
0xEEEE, 34578902, 11065, 0003, 1.24022, 4.8571756
0xEEEE, 34582054, 11066, 0002, 1.18300, 4.8638132
0xEEEE, 34585163, 11067, 0002, 1.18623, 4.8570993
0xEEEE, 34588287, 11068, 0001, 0.81150, 4.8459602
0xEEEE, 34591413, 11069, 0001, 0.78733, 4.8521401
0xEEEE, 34594538, 11070, 0000, 0.39326, 4.8641947
0xEEEE, 34597671, 11071, 0000, 0.01209, 4.8564889
0xEEEE, 34600789, 11072, 0000, 0.01209, 4.8519112
0xEEEE, 34603910, 11073, 0000, 0.01128, 4.8606088
0xEEEE, 34607074, 11074, 0001, 0.01209, 4.8568704
0xEEEE, 34610162, 11075, 0001, 0.01209, 4.8481727
0xEEEE, 34613286, 11076, 0002, 0.39407, 4.8576333
0xEEEE, 34616411, 11077, 0002, 0.39084, 4.8623636
0xEEEE, 34619545, 11078, 0003, 0.79377, 4.8536660
0xEEEE, 34622668, 11079, 0003, 1.21685, 4.8489357
0xEEEE, 34625778, 11080, 0004, 1.18381, 4.8546578
0xEEEE, 34628902, 11081, 0004, 1.18381, 4.8664836
0xEEEE, 34632036, 11082, 0005, 1.58110, 4.8571756
0xEEEE, 34635151, 11083, 0005, 1.57868, 4.8541238
0xEEEE, 34638277, 11084, 0006, 1.99773, 4.8579385
0xEEEE, 34641401, 11085, 0006, 1.97355, 4.8585489
0xEEEE, 34644526, 11086, 0007, 2.34183, 4.8545815
0xEEEE, 34647666, 11087, 0007, 2.54813, 4.8585489
0xEEEE, 34650788, 11088, 0007, 2.55216, 4.8591592
0xEEEE, 34653913, 11089, 0007, 2.55136, 4.8556497
0xEEEE, 34657045, 11090, 0006, 2.55136, 4.8451209
0xEEEE, 34660163, 11091, 0006, 2.55216, 4.8557259
0xEEEE, 34663288, 11092, 0005, 2.36520, 4.8644999
0xEEEE, 34666424, 11093, 0005, 2.36681, 4.8496986
0xEEEE, 34669531, 11094, 0004, 1.97355, 4.8549630
0xEEEE, 34672668, 11095, 0004, 1.59158, 4.8561837
0xEEEE, 34675786, 11096, 0003, 1.57868, 4.8493935
0xEEEE, 34678912, 11097, 0003, 1.57707, 4.8516060
0xEEEE, 34682042, 11098, 0002, 1.14513, 4.8538949
0xEEEE, 34685161, 11099, 0002, 1.18381, 4.8619059
0xEEEE, 34688287, 11100, 0001, 0.78813, 4.8493172
0xEEEE, 34691401, 11101, 0001, 0.78571, 4.8522164
0xEEEE, 34694526, 11102, 0000, 0.38923, 4.8578622
0xEEEE, 34697659, 11103, 0000, 0.01128, 4.8594644
0xEEEE, 34700777, 11104, 0000, 0.01128, 4.8429847
0xEEEE, 34703910, 11105, 0000, 0.01128, 4.8545052
0xEEEE, 34707054, 11106, 0001, 0.01209, 4.8601511
0xEEEE, 34710153, 11107, 0001, 0.01209, 4.8545052
0xEEEE, 34713281, 11108, 0002, 0.39326, 4.8498512
0xEEEE, 34716413, 11109, 0002, 0.39326, 4.8565652
0xEEEE, 34719538, 11110, 0003, 0.78813, 4.8574044
0xEEEE, 34722670, 11111, 0003, 1.18542, 4.8490120
0xEEEE, 34725789, 11112, 0004, 1.18703, 4.8580148
0xEEEE, 34728914, 11113, 0004, 1.18300, 4.8612955
0xEEEE, 34732046, 11114, 0005, 1.57626, 4.8673228
0xEEEE, 34735152, 11115, 0005, 1.57385, 4.8459602
0xEEEE, 34738286, 11116, 0006, 1.97436, 4.8496223
0xEEEE, 34741411, 11117, 0006, 1.97758, 4.8612955
0xEEEE, 34744536, 11118, 0007, 2.36681, 4.8591592
0xEEEE, 34747668, 11119, 0007, 2.36762, 4.8509194
0xEEEE, 34750797, 11120, 0007, 2.55458, 4.8592355
0xEEEE, 34753911, 11121, 0007, 2.55297, 4.8619059
0xEEEE, 34757045, 11122, 0006, 2.55136, 4.8454261
0xEEEE, 34760151, 11123, 0006, 2.55861, 4.8545052
0xEEEE, 34763286, 11124, 0005, 2.37084, 4.8687724
0xEEEE, 34766401, 11125, 0005, 1.97275, 4.8635080
0xEEEE, 34769527, 11126, 0004, 1.97194, 4.8463416
0xEEEE, 34772659, 11127, 0004, 1.97355, 4.8508431
0xEEEE, 34775777, 11128, 0003, 1.57626, 4.8613718
0xEEEE, 34778902, 11129, 0003, 1.57868, 4.8559548
0xEEEE, 34782044, 11130, 0002, 1.18220, 4.8425269
0xEEEE, 34785163, 11131, 0002, 1.18703, 4.8583200
0xEEEE, 34788292, 11132, 0001, 0.74703, 4.8528267
0xEEEE, 34791414, 11133, 0001, 0.39326, 4.8483253
0xEEEE, 34794539, 11134, 0000, 0.39165, 4.8478676
0xEEEE, 34797672, 11135, 0000, 0.39407, 4.8641184
0xEEEE, 34800788, 11136, 0000, 0.01209, 4.8619059
0xEEEE, 34803912, 11137, 0000, 0.01209, 4.8461128
0xEEEE, 34807074, 11138, 0001, 0.01209, 4.8545815
0xEEEE, 34810172, 11139, 0001, 0.01209, 4.8628214
0xEEEE, 34813286, 11140, 0002, 0.39004, 4.8574044
0xEEEE, 34816411, 11141, 0002, 0.78894, 4.8468757
0xEEEE, 34819535, 11142, 0003, 0.80344, 4.8603037
0xEEEE, 34822669, 11143, 0003, 0.78733, 4.8557259
0xEEEE, 34825777, 11144, 0004, 1.18300, 4.8482490
0xEEEE, 34828902, 11145, 0004, 1.18542, 4.8527504
0xEEEE, 34832036, 11146, 0005, 1.57868, 4.8644999
0xEEEE, 34835162, 11147, 0005, 1.57949, 4.8593118
0xEEEE, 34838276, 11148, 0006, 1.97436, 4.8428321
0xEEEE, 34841401, 11149, 0006, 2.36681, 4.8509194
0xEEEE, 34844526, 11150, 0007, 2.41516, 4.8582437
0xEEEE, 34847677, 11151, 0007, 2.37890, 4.8533608
0xEEEE, 34850788, 11152, 0007, 2.55538, 4.8577859
0xEEEE, 34853913, 11153, 0007, 2.55136, 4.8594644
0xEEEE, 34857045, 11154, 0006, 2.52476, 4.8579385
0xEEEE, 34860164, 11155, 0006, 2.55136, 4.8461128
0xEEEE, 34863288, 11156, 0005, 2.36601, 4.8559548
0xEEEE, 34866413, 11157, 0005, 1.97436, 4.8619059
0xEEEE, 34869532, 11158, 0004, 1.97355, 4.8527504
0xEEEE, 34872668, 11159, 0004, 1.95744, 4.8467231
0xEEEE, 34875787, 11160, 0003, 1.57868, 4.8562600
0xEEEE, 34878911, 11161, 0003, 1.58029, 4.8575570
0xEEEE, 34882042, 11162, 0002, 1.18381, 4.8477150
0xEEEE, 34885161, 11163, 0002, 1.18381, 4.8491646
0xEEEE, 34888285, 11164, 0001, 0.78813, 4.8569467
0xEEEE, 34891402, 11165, 0001, 0.40454, 4.8503090
0xEEEE, 34894537, 11166, 0000, 0.39004, 4.8507668
0xEEEE, 34897659, 11167, 0000, 0.42952, 4.8530556
0xEEEE, 34900777, 11168, 0000, 0.01128, 4.8632792
0xEEEE, 34903901, 11169, 0000, 0.01209, 4.8575570
0xEEEE, 34907054, 11170, 0001, 0.01209, 4.8451972
0xEEEE, 34910153, 11171, 0001, 0.01209, 4.8609903
0xEEEE, 34913282, 11172, 0002, 0.39245, 4.8628977
0xEEEE, 34916413, 11173, 0002, 0.39326, 4.8604562
0xEEEE, 34919538, 11174, 0003, 0.78894, 4.8535897
0xEEEE, 34922670, 11175, 0003, 0.78974, 4.8575570
0xEEEE, 34925789, 11176, 0004, 1.20557, 4.8651865
0xEEEE, 34928913, 11177, 0004, 1.18381, 4.8502327
0xEEEE, 34932052, 11178, 0005, 1.57385, 4.8528267
0xEEEE, 34935154, 11179, 0005, 1.97436, 4.8619821
0xEEEE, 34938287, 11180, 0006, 1.97355, 4.8544289
0xEEEE, 34941411, 11181, 0006, 1.97355, 4.8416114
0xEEEE, 34944536, 11182, 0007, 2.36762, 4.8636606
0xEEEE, 34947668, 11183, 0007, 2.36681, 4.8654154
0xEEEE, 34950787, 11184, 0007, 2.55136, 4.8567941
0xEEEE, 34953911, 11185, 0007, 2.55297, 4.8500801
0xEEEE, 34957045, 11186, 0006, 2.55136, 4.8622110
0xEEEE, 34960152, 11187, 0006, 2.36681, 4.8571756
0xEEEE, 34963276, 11188, 0005, 2.36359, 4.8539712
0xEEEE, 34966402, 11189, 0005, 2.36842, 4.8611429
0xEEEE, 34969527, 11190, 0004, 1.96630, 4.8607614
0xEEEE, 34972659, 11191, 0004, 1.97516, 4.8496223
0xEEEE, 34975777, 11192, 0003, 1.62059, 4.8467994
0xEEEE, 34978916, 11193, 0003, 1.57868, 4.8612955
0xEEEE, 34982044, 11194, 0002, 1.18623, 4.8541238
0xEEEE, 34985163, 11195, 0002, 0.83245, 4.8504616
0xEEEE, 34988288, 11196, 0001, 0.78813, 4.8528267
0xEEEE, 34991414, 11197, 0001, 0.78813, 4.8609140
0xEEEE, 34994539, 11198, 0000, 0.39084, 4.8602274
0xEEEE, 34997671, 11199, 0000, 0.39084, 4.8556497
0xEEEE, 35000790, 11200, 0000, 0.01128, 4.8539712
0xEEEE, 35003912, 11201, 0000, 0.01128, 4.8590066
0xEEEE, 35007074, 11202, 0001, 0.01128, 4.8454261
0xEEEE, 35010162, 11203, 0001, 0.38681, 4.8610666
0xEEEE, 35013287, 11204, 0002, 0.38601, 4.8628214
0xEEEE, 35016420, 11205, 0002, 0.39407, 4.8545052
0xEEEE, 35019535, 11206, 0003, 0.78894, 4.8490883
0xEEEE, 35022669, 11207, 0003, 0.78813, 4.8561074
0xEEEE, 35025777, 11208, 0004, 1.18300, 4.8609140
0xEEEE, 35028902, 11209, 0004, 1.17414, 4.8559548
0xEEEE, 35032036, 11210, 0005, 1.57868, 4.8496986
0xEEEE, 35035151, 11211, 0005, 1.96872, 4.8629740
0xEEEE, 35038276, 11212, 0006, 1.97355, 4.8615244
0xEEEE, 35041401, 11213, 0006, 1.97678, 4.8524453
0xEEEE, 35044526, 11214, 0007, 2.36681, 4.8592355
0xEEEE, 35047670, 11215, 0007, 2.34828, 4.8623636
0xEEEE, 35050788, 11216, 0007, 2.55538, 4.8551919
0xEEEE, 35053913, 11217, 0007, 2.55055, 4.8503853
0xEEEE, 35057045, 11218, 0006, 2.52960, 4.8526741
0xEEEE, 35060164, 11219, 0006, 2.56264, 4.8587778
0xEEEE, 35063300, 11220, 0005, 2.36601, 4.8512245
0xEEEE, 35066413, 11221, 0005, 2.35875, 4.8487831
0xEEEE, 35069533, 11222, 0004, 1.97678, 4.8558022
0xEEEE, 35072668, 11223, 0004, 1.98161, 4.8610666
0xEEEE, 35075795, 11224, 0003, 1.57949, 4.8431373
0xEEEE, 35078912, 11225, 0003, 1.22974, 4.8519875
0xEEEE, 35082043, 11226, 0002, 1.18300, 4.8617533
0xEEEE, 35085161, 11227, 0002, 1.18220, 4.8592355
0xEEEE, 35088285, 11228, 0001, 0.78813, 4.8460365
0xEEEE, 35091402, 11229, 0001, 0.80828, 4.8562600
0xEEEE, 35094526, 11230, 0000, 0.39245, 4.8578622
0xEEEE, 35097659, 11231, 0000, 0.39407, 4.8509194
0xEEEE, 35100786, 11232, 0000, 0.01209, 4.8494697
0xEEEE, 35103901, 11233, 0000, 0.01128, 4.8593881
0xEEEE, 35107054, 11234, 0001, 0.01128, 4.8616770
0xEEEE, 35110153, 11235, 0001, 0.01209, 4.8490120
0xEEEE, 35113283, 11236, 0002, 0.39165, 4.8527504
0xEEEE, 35116412, 11237, 0002, 0.39245, 4.8601511
0xEEEE, 35119538, 11238, 0003, 0.79136, 4.8474098
0xEEEE, 35122681, 11239, 0003, 0.78410, 4.8518349
0xEEEE, 35125790, 11240, 0004, 1.18300, 4.8561837
0xEEEE, 35128914, 11241, 0004, 1.57949, 4.8580911
0xEEEE, 35132046, 11242, 0005, 1.58513, 4.8561837
0xEEEE, 35135155, 11243, 0005, 1.57868, 4.8458076
0xEEEE, 35138286, 11244, 0006, 1.97436, 4.8554971
0xEEEE, 35141411, 11245, 0006, 1.97355, 4.8540475
0xEEEE, 35144536, 11246, 0007, 2.35714, 4.8526741
0xEEEE, 35147678, 11247, 0007, 2.36681, 4.8556497
0xEEEE, 35150787, 11248, 0007, 2.55055, 4.8603799
0xEEEE, 35153911, 11249, 0007, 2.55216, 4.8570230
0xEEEE, 35157045, 11250, 0006, 2.55055, 4.8462654
0xEEEE, 35160160, 11251, 0006, 2.55136, 4.8600748
0xEEEE, 35163277, 11252, 0005, 2.36681, 4.8589303
0xEEEE, 35166402, 11253, 0005, 2.36762, 4.8585489
0xEEEE, 35169526, 11254, 0004, 1.97275, 4.8520638
0xEEEE, 35172659, 11255, 0004, 1.97355, 4.8590066
0xEEEE, 35175777, 11256, 0003, 1.57868, 4.8468757
0xEEEE, 35178906, 11257, 0003, 1.18542, 4.8496223
0xEEEE, 35182044, 11258, 0002, 1.17897, 4.8601511
0xEEEE, 35185163, 11259, 0002, 1.18381, 4.8599985
0xEEEE, 35188289, 11260, 0001, 0.78894, 4.8469520
0xEEEE, 35191414, 11261, 0001, 0.78733, 4.8507668
0xEEEE, 35194539, 11262, 0000, 0.39407, 4.8627451
0xEEEE, 35197671, 11263, 0000, 0.39568, 4.8628214
0xEEEE, 35200778, 11264, 0000, 0.01128, 4.8421454
0xEEEE, 35203912, 11265, 0000, 0.01289, 4.8535134
0xEEEE, 35207083, 11266, 0001, 0.01209, 4.8613718
0xEEEE, 35210162, 11267, 0001, 0.01209, 4.8541238
0xEEEE, 35213287, 11268, 0002, 0.44161, 4.8526741
0xEEEE, 35216412, 11269, 0002, 0.39245, 4.8636606
0xEEEE, 35219535, 11270, 0003, 0.78894, 4.8585489
0xEEEE, 35222668, 11271, 0003, 0.78813, 4.8535134
0xEEEE, 35225777, 11272, 0004, 1.18542, 4.8466468
0xEEEE, 35228902, 11273, 0004, 1.20718, 4.8607614
0xEEEE, 35232041, 11274, 0005, 1.57788, 4.8623636
0xEEEE, 35235152, 11275, 0005, 1.58271, 4.8529793
0xEEEE, 35238276, 11276, 0006, 1.97355, 4.8551919
0xEEEE, 35241401, 11277, 0006, 1.97114, 4.8612192
0xEEEE, 35244536, 11278, 0007, 2.36601, 4.8594644
0xEEEE, 35247670, 11279, 0007, 2.54974, 4.8574807
0xEEEE, 35250789, 11280, 0007, 2.54974, 4.8621347
0xEEEE, 35253913, 11281, 0007, 2.55216, 4.8562600
0xEEEE, 35257044, 11282, 0006, 2.52557, 4.8465705
0xEEEE, 35260163, 11283, 0006, 2.55700, 4.8538186
0xEEEE, 35263287, 11284, 0005, 2.36923, 4.8633555
0xEEEE, 35266413, 11285, 0005, 2.34828, 4.8617533
0xEEEE, 35269536, 11286, 0004, 1.97597, 4.8473335
0xEEEE, 35272668, 11287, 0004, 1.57788, 4.8585489
0xEEEE, 35275787, 11288, 0003, 1.57949, 4.8601511
0xEEEE, 35278912, 11289, 0003, 1.57868, 4.8576333
0xEEEE, 35282044, 11290, 0002, 1.18381, 4.8529030
0xEEEE, 35285160, 11291, 0002, 1.18623, 4.8590829
0xEEEE, 35288286, 11292, 0001, 0.80908, 4.8533608
0xEEEE, 35291421, 11293, 0001, 0.81311, 4.8499275
0xEEEE, 35294526, 11294, 0000, 0.39245, 4.8532845
0xEEEE, 35297659, 11295, 0000, 0.01209, 4.8619059
0xEEEE, 35300777, 11296, 0000, 0.01209, 4.8572519
0xEEEE, 35303902, 11297, 0000, 0.01209, 4.8510719
0xEEEE, 35307054, 11298, 0001, 0.01209, 4.8550393
0xEEEE, 35310153, 11299, 0001, 0.01209, 4.8623636
0xEEEE, 35313286, 11300, 0002, 0.39326, 4.8519112
0xEEEE, 35316413, 11301, 0002, 0.39165, 4.8515297
0xEEEE, 35319538, 11302, 0003, 0.79458, 4.8563363
0xEEEE, 35322670, 11303, 0003, 1.22410, 4.8504616
0xEEEE, 35325789, 11304, 0004, 1.18300, 4.8546578
0xEEEE, 35328922, 11305, 0004, 1.18381, 4.8531319
0xEEEE, 35332047, 11306, 0005, 1.57788, 4.8619821
0xEEEE, 35335157, 11307, 0005, 1.57868, 4.8525978
0xEEEE, 35338286, 11308, 0006, 1.99048, 4.8465705
0xEEEE, 35341411, 11309, 0006, 1.97275, 4.8577096
0xEEEE, 35344536, 11310, 0007, 2.40630, 4.8591592
0xEEEE, 35347669, 11311, 0007, 2.56022, 4.8606088
0xEEEE, 35350786, 11312, 0007, 2.55136, 4.8603799
0xEEEE, 35353911, 11313, 0007, 2.55136, 4.8576333
0xEEEE, 35357045, 11314, 0006, 2.54249, 4.8493172
0xEEEE, 35360152, 11315, 0006, 2.55216, 4.8538949
0xEEEE, 35363277, 11316, 0005, 2.36681, 4.8561074
0xEEEE, 35366401, 11317, 0005, 2.36842, 4.8651102
0xEEEE, 35369527, 11318, 0004, 1.97355, 4.8434424
0xEEEE, 35372659, 11319, 0004, 1.98967, 4.8477150
0xEEEE, 35375789, 11320, 0003, 1.57868, 4.8597696
0xEEEE, 35378907, 11321, 0003, 1.57707, 4.8651865
0xEEEE, 35382045, 11322, 0002, 1.22330, 4.8509194
0xEEEE, 35385162, 11323, 0002, 1.18462, 4.8531319
0xEEEE, 35388288, 11324, 0001, 0.78813, 4.8603799
0xEEEE, 35391414, 11325, 0001, 0.39648, 4.8561074
0xEEEE, 35394538, 11326, 0000, 0.40051, 4.8506142
0xEEEE, 35397670, 11327, 0000, 0.42066, 4.8609903
0xEEEE, 35400779, 11328, 0000, 0.01209, 4.8628214
0xEEEE, 35403911, 11329, 0000, 0.01209, 4.8562600
0xEEEE, 35407074, 11330, 0001, 0.01128, 4.8470283
0xEEEE, 35410162, 11331, 0001, 0.01209, 4.8606851
0xEEEE, 35413293, 11332, 0002, 0.39326, 4.8587015
0xEEEE, 35416411, 11333, 0002, 0.78813, 4.8507668
0xEEEE, 35419536, 11334, 0003, 0.79055, 4.8532082
0xEEEE, 35422668, 11335, 0003, 0.78652, 4.8603799
0xEEEE, 35425777, 11336, 0004, 1.19026, 4.8528267
0xEEEE, 35428901, 11337, 0004, 1.18381, 4.8494697
0xEEEE, 35432036, 11338, 0005, 1.57949, 4.8614481
0xEEEE, 35435152, 11339, 0005, 1.55773, 4.8623636
0xEEEE, 35438278, 11340, 0006, 1.97355, 4.8536660
0xEEEE, 35441402, 11341, 0006, 2.36681, 4.8462654
0xEEEE, 35444527, 11342, 0007, 2.36762, 4.8625925
0xEEEE, 35447670, 11343, 0007, 2.36762, 4.8599985
0xEEEE, 35450789, 11344, 0007, 2.54491, 4.8525978
0xEEEE, 35453913, 11345, 0007, 2.55458, 4.8528267
0xEEEE, 35457044, 11346, 0006, 2.55055, 4.8636606
0xEEEE, 35460174, 11347, 0006, 2.56747, 4.8550393
0xEEEE, 35463287, 11348, 0005, 2.36440, 4.8541238
0xEEEE, 35466401, 11349, 0005, 1.97355, 4.8609903
0xEEEE, 35469536, 11350, 0004, 1.96872, 4.8601511
0xEEEE, 35472677, 11351, 0004, 1.97355, 4.8516823
0xEEEE, 35475787, 11352, 0003, 1.57304, 4.8504616
0xEEEE, 35478912, 11353, 0003, 1.57788, 4.8639658
0xEEEE, 35482045, 11354, 0002, 1.18300, 4.8594644
0xEEEE, 35485161, 11355, 0002, 1.17736, 4.8474861
0xEEEE, 35488276, 11356, 0001, 0.78813, 4.8496986
0xEEEE, 35491401, 11357, 0001, 0.39165, 4.8617533
0xEEEE, 35494526, 11358, 0000, 0.39165, 4.8499275
0xEEEE, 35497663, 11359, 0000, 0.39165, 4.8513771
0xEEEE, 35500778, 11360, 0000, 0.01209, 4.8592355
0xEEEE, 35503902, 11361, 0000, 0.01128, 4.8579385
0xEEEE, 35507054, 11362, 0001, 0.01209, 4.8499275
0xEEEE, 35510153, 11363, 0001, 0.01209, 4.8515297
0xEEEE, 35513288, 11364, 0002, 0.38440, 4.8625925
0xEEEE, 35516413, 11365, 0002, 0.79216, 4.8566415
0xEEEE, 35519548, 11366, 0003, 0.83568, 4.8454261
0xEEEE, 35522670, 11367, 0003, 0.78813, 4.8518349
0xEEEE, 35525789, 11368, 0004, 1.18220, 4.8603799
0xEEEE, 35528914, 11369, 0004, 1.19026, 4.8524453
0xEEEE, 35532046, 11370, 0005, 1.57868, 4.8491646
0xEEEE, 35535158, 11371, 0005, 1.57868, 4.8584726
0xEEEE, 35538286, 11372, 0006, 1.97275, 4.8634318
0xEEEE, 35541411, 11373, 0006, 1.97597, 4.8535134
0xEEEE, 35544545, 11374, 0007, 2.36681, 4.8591592
0xEEEE, 35547669, 11375, 0007, 2.36037, 4.8628977
0xEEEE, 35550787, 11376, 0007, 2.55055, 4.8632029
0xEEEE, 35553911, 11377, 0007, 2.55216, 4.8477150
0xEEEE, 35557053, 11378, 0006, 2.55055, 4.8529030
0xEEEE, 35560152, 11379, 0006, 2.35473, 4.8591592
0xEEEE, 35563278, 11380, 0005, 2.36681, 4.8554971
0xEEEE, 35566401, 11381, 0005, 2.36762, 4.8561074
0xEEEE, 35569526, 11382, 0004, 1.97355, 4.8619821
0xEEEE, 35572659, 11383, 0004, 1.97355, 4.8538949
0xEEEE, 35575777, 11384, 0003, 1.57626, 4.8525978
0xEEEE, 35578909, 11385, 0003, 1.57304, 4.8591592
0xEEEE, 35582044, 11386, 0002, 1.18381, 4.8633555
0xEEEE, 35585163, 11387, 0002, 0.78652, 4.8567941
0xEEEE, 35588288, 11388, 0001, 0.78652, 4.8433661
0xEEEE, 35591414, 11389, 0001, 0.77282, 4.8558022
0xEEEE, 35594538, 11390, 0000, 0.42872, 4.8556497
0xEEEE, 35597670, 11391, 0000, 0.39165, 4.8517586
0xEEEE, 35600781, 11392, 0000, 0.01209, 4.8601511
0xEEEE, 35603933, 11393, 0000, 0.01209, 4.8599985
0xEEEE, 35607074, 11394, 0001, 0.01128, 4.8474861
0xEEEE, 35610162, 11395, 0001, 0.39326, 4.8532845
0xEEEE, 35613287, 11396, 0002, 0.39245, 4.8573281
0xEEEE, 35616411, 11397, 0002, 0.39326, 4.8594644
0xEEEE, 35619536, 11398, 0003, 0.78974, 4.8498512
0xEEEE, 35622668, 11399, 0003, 0.79941, 4.8482490
0xEEEE, 35625778, 11400, 0004, 1.18300, 4.8580911
0xEEEE, 35628902, 11401, 0004, 1.18300, 4.8593118
0xEEEE, 35632036, 11402, 0005, 1.56821, 4.8557259
0xEEEE, 35635152, 11403, 0005, 1.97275, 4.8529030
0xEEEE, 35638277, 11404, 0006, 1.97275, 4.8605325
0xEEEE, 35641411, 11405, 0006, 1.97275, 4.8525216
0xEEEE, 35644529, 11406, 0007, 2.41194, 4.8409247
0xEEEE, 35647670, 11407, 0007, 2.36681, 4.8583200
0xEEEE, 35650788, 11408, 0007, 2.55136, 4.8585489
0xEEEE, 35653913, 11409, 0007, 2.55055, 4.8501564
0xEEEE, 35657044, 11410, 0006, 2.55216, 4.8534371
0xEEEE, 35660164, 11411, 0006, 2.36762, 4.8641184
0xEEEE, 35663288, 11412, 0005, 2.36842, 4.8622873
0xEEEE, 35666401, 11413, 0005, 2.36520, 4.8501564
0xEEEE, 35669536, 11414, 0004, 1.97275, 4.8571756
0xEEEE, 35672668, 11415, 0004, 1.97355, 4.8618296
0xEEEE, 35675786, 11416, 0003, 1.57868, 4.8587015
0xEEEE, 35678912, 11417, 0003, 1.57788, 4.8542763
0xEEEE, 35682044, 11418, 0002, 1.17253, 4.8608377
0xEEEE, 35685160, 11419, 0002, 1.18381, 4.8580911
0xEEEE, 35688297, 11420, 0001, 0.78733, 4.8527504
0xEEEE, 35691402, 11421, 0001, 0.78813, 4.8467231
0xEEEE, 35694527, 11422, 0000, 0.39648, 4.8638895
0xEEEE, 35697659, 11423, 0000, 0.38601, 4.8526741
0xEEEE, 35700777, 11424, 0000, 0.01289, 4.8478676
0xEEEE, 35703902, 11425, 0000, 0.01209, 4.8514534
0xEEEE, 35707054, 11426, 0001, 0.01209, 4.8566415
0xEEEE, 35710153, 11427, 0001, 0.01128, 4.8458076
0xEEEE, 35713288, 11428, 0002, 0.39487, 4.8448157
0xEEEE, 35716413, 11429, 0002, 0.39165, 4.8619821
0xEEEE, 35719538, 11430, 0003, 0.78813, 4.8537423
0xEEEE, 35722670, 11431, 0003, 0.78894, 4.8490883
0xEEEE, 35725798, 11432, 0004, 1.18059, 4.8510719
0xEEEE, 35728913, 11433, 0004, 1.57868, 4.8658732
0xEEEE, 35732047, 11434, 0005, 1.57868, 4.8532082
0xEEEE, 35735161, 11435, 0005, 1.60125, 4.8513008
0xEEEE, 35738286, 11436, 0006, 1.97194, 4.8493935
0xEEEE, 35741411, 11437, 0006, 1.98322, 4.8580911
0xEEEE, 35744536, 11438, 0007, 2.36440, 4.8565652
0xEEEE, 35747669, 11439, 0007, 2.39744, 4.8590829
0xEEEE, 35750788, 11440, 0007, 2.54410, 4.8628977
0xEEEE, 35753911, 11441, 0007, 2.55458, 4.8492409
0xEEEE, 35757036, 11442, 0006, 2.55136, 4.8488594
0xEEEE, 35760151, 11443, 0006, 2.52396, 4.8586252
0xEEEE, 35763276, 11444, 0005, 2.36762, 4.8641184
0xEEEE, 35766401, 11445, 0005, 2.36762, 4.8573281
0xEEEE, 35769527, 11446, 0004, 1.97597, 4.8455024
0xEEEE, 35772670, 11447, 0004, 1.97436, 4.8543526
0xEEEE, 35775777, 11448, 0003, 1.58110, 4.8623636
0xEEEE, 35778911, 11449, 0003, 1.18381, 4.8554971
0xEEEE, 35782044, 11450, 0002, 1.18220, 4.8507668
0xEEEE, 35785171, 11451, 0002, 1.17656, 4.8591592
0xEEEE, 35788288, 11452, 0001, 0.80908, 4.8536660
0xEEEE, 35791414, 11453, 0001, 0.78894, 4.8515297
0xEEEE, 35794538, 11454, 0000, 0.39165, 4.8576333
0xEEEE, 35797670, 11455, 0000, 0.39326, 4.8617533
0xEEEE, 35800783, 11456, 0000, 0.01209, 4.8535897
0xEEEE, 35803911, 11457, 0000, 0.01289, 4.8490883
0xEEEE, 35807074, 11458, 0001, 0.01209, 4.8567178
0xEEEE, 35810168, 11459, 0001, 0.01209, 4.8601511
0xEEEE, 35813286, 11460, 0002, 0.39407, 4.8456550
0xEEEE, 35816411, 11461, 0002, 0.39165, 4.8552682
0xEEEE, 35819536, 11462, 0003, 0.81070, 4.8606851
0xEEEE, 35822668, 11463, 0003, 0.78813, 4.8537423
0xEEEE, 35825777, 11464, 0004, 1.18381, 4.8562600
0xEEEE, 35828902, 11465, 0004, 1.58352, 4.8592355
0xEEEE, 35832036, 11466, 0005, 1.60689, 4.8644236
0xEEEE, 35835152, 11467, 0005, 1.57788, 4.8598459
0xEEEE, 35838277, 11468, 0006, 1.97355, 4.8477913
0xEEEE, 35841402, 11469, 0006, 1.97355, 4.8551156
0xEEEE, 35844530, 11470, 0007, 2.36681, 4.8627451
0xEEEE, 35847670, 11471, 0007, 2.36762, 4.8517586
0xEEEE, 35850788, 11472, 0007, 2.55216, 4.8554208
0xEEEE, 35853914, 11473, 0007, 2.55136, 4.8615244
0xEEEE, 35857052, 11474, 0006, 2.54894, 4.8476387
0xEEEE, 35860164, 11475, 0006, 2.55216, 4.8573281
0xEEEE, 35863288, 11476, 0005, 2.36681, 4.8585489
0xEEEE, 35866403, 11477, 0005, 2.37084, 4.8620584
0xEEEE, 35869555, 11478, 0004, 1.97436, 4.8501564
0xEEEE, 35872668, 11479, 0004, 1.52711, 4.8493172
0xEEEE, 35875788, 11480, 0003, 1.57788, 4.8611429
0xEEEE, 35878912, 11481, 0003, 1.58593, 4.8628977
0xEEEE, 35882044, 11482, 0002, 1.15238, 4.8546578
0xEEEE, 35885161, 11483, 0002, 1.18381, 4.8497749
0xEEEE, 35888276, 11484, 0001, 0.78813, 4.8610666
0xEEEE, 35891401, 11485, 0001, 0.79538, 4.8498512
0xEEEE, 35894527, 11486, 0000, 0.40212, 4.8596933
0xEEEE, 35897659, 11487, 0000, 0.01209, 4.8633555
0xEEEE, 35900777, 11488, 0000, 0.01128, 4.8623636
0xEEEE, 35903902, 11489, 0000, 0.01209, 4.8486305
0xEEEE, 35907054, 11490, 0001, 0.01128, 4.8569467
0xEEEE, 35910154, 11491, 0001, 0.01128, 4.8628977
0xEEEE, 35913288, 11492, 0002, 0.39245, 4.8577096
0xEEEE, 35916423, 11493, 0002, 0.39245, 4.8487831
0xEEEE, 35919538, 11494, 0003, 0.78733, 4.8516060
0xEEEE, 35922670, 11495, 0003, 1.18542, 4.8567941
0xEEEE, 35925789, 11496, 0004, 1.17978, 4.8517586
0xEEEE, 35928913, 11497, 0004, 1.18220, 4.8503090
0xEEEE, 35932047, 11498, 0005, 1.57626, 4.8598459
0xEEEE, 35935161, 11499, 0005, 1.57868, 4.8576333
0xEEEE, 35938287, 11500, 0006, 1.97436, 4.8534371
0xEEEE, 35941417, 11501, 0006, 1.90344, 4.8534371
0xEEEE, 35944537, 11502, 0007, 2.37568, 4.8651102
0xEEEE, 35947670, 11503, 0007, 2.55216, 4.8539712
0xEEEE, 35950786, 11504, 0007, 2.59810, 4.8502327
0xEEEE, 35953919, 11505, 0007, 2.53927, 4.8526741
0xEEEE, 35957035, 11506, 0006, 2.55136, 4.8591592
0xEEEE, 35960151, 11507, 0006, 2.55216, 4.8569467
0xEEEE, 35963276, 11508, 0005, 2.38777, 4.8527504
0xEEEE, 35966401, 11509, 0005, 2.36681, 4.8615244
0xEEEE, 35969526, 11510, 0004, 2.00337, 4.8563363
0xEEEE, 35972659, 11511, 0004, 1.57788, 4.8449683
0xEEEE, 35975777, 11512, 0003, 1.56901, 4.8496986
0xEEEE, 35978913, 11513, 0003, 1.57949, 4.8667887
0xEEEE, 35982044, 11514, 0002, 1.17978, 4.8596933
0xEEEE, 35985163, 11515, 0002, 1.17172, 4.8451972
0xEEEE, 35988288, 11516, 0001, 0.78813, 4.8534371
0xEEEE, 35991414, 11517, 0001, 0.78894, 4.8616007
0xEEEE, 35994537, 11518, 0000, 0.39407, 4.8562600
0xEEEE, 35997670, 11519, 0000, 0.11846, 4.8579385
0xEEEE, 36000807, 11520, 0000, 0.01209, 4.8643473
0xEEEE, 36003911, 11521, 0000, 0.01370, 4.8623636
0xEEEE, 36007075, 11522, 0001, 0.01209, 4.8515297
0xEEEE, 36010162, 11523, 0001, 0.01209, 4.8568704
0xEEEE, 36013287, 11524, 0002, 0.37956, 4.8626688
0xEEEE, 36016411, 11525, 0002, 0.40938, 4.8531319
0xEEEE, 36019536, 11526, 0003, 0.78733, 4.8469520
0xEEEE, 36022659, 11527, 0003, 0.78813, 4.8608377
0xEEEE, 36025777, 11528, 0004, 1.18139, 4.8609140
0xEEEE, 36028902, 11529, 0004, 1.16769, 4.8532082
0xEEEE, 36032035, 11530, 0005, 1.57868, 4.8519875
0xEEEE, 36035152, 11531, 0005, 1.57868, 4.8625925
0xEEEE, 36038286, 11532, 0006, 1.97355, 4.8578622
0xEEEE, 36041401, 11533, 0006, 2.35070, 4.8492409
0xEEEE, 36044532, 11534, 0007, 2.36601, 4.8548867
0xEEEE, 36047670, 11535, 0007, 2.36601, 4.8658732
0xEEEE, 36050788, 11536, 0007, 2.55216, 4.8512245
0xEEEE, 36053914, 11537, 0007, 2.55055, 4.8502327
0xEEEE, 36057044, 11538, 0006, 2.55136, 4.8587778
0xEEEE, 36060163, 11539, 0006, 2.55216, 4.8603799
0xEEEE, 36063289, 11540, 0005, 2.36762, 4.8525216
0xEEEE, 36066404, 11541, 0005, 1.97355, 4.8557259
0xEEEE, 36069536, 11542, 0004, 1.97194, 4.8625162
0xEEEE, 36072668, 11543, 0004, 1.97355, 4.8550393
0xEEEE, 36075787, 11544, 0003, 1.57868, 4.8478676
0xEEEE, 36078912, 11545, 0003, 1.55692, 4.8619821
0xEEEE, 36082045, 11546, 0002, 1.18300, 4.8653391
0xEEEE, 36085172, 11547, 0002, 1.18381, 4.8509194
0xEEEE, 36088276, 11548, 0001, 0.78330, 4.8513008
0xEEEE, 36091402, 11549, 0001, 0.39648, 4.8619059
0xEEEE, 36094527, 11550, 0000, 0.39326, 4.8548867
0xEEEE, 36097659, 11551, 0000, 0.39245, 4.8558785
0xEEEE, 36100777, 11552, 0000, 0.01128, 4.8532082
0xEEEE, 36103902, 11553, 0000, 0.01209, 4.8600748
0xEEEE, 36107054, 11554, 0001, 0.01209, 4.8517586
0xEEEE, 36110155, 11555, 0001, 0.01128, 4.8484016
0xEEEE, 36113288, 11556, 0002, 0.39165, 4.8623636
0xEEEE, 36116413, 11557, 0002, 0.78813, 4.8615244
0xEEEE, 36119538, 11558, 0003, 0.79055, 4.8458076
0xEEEE, 36122678, 11559, 0003, 0.82198, 4.8438239
0xEEEE, 36125790, 11560, 0004, 1.18300, 4.8624399
0xEEEE, 36128913, 11561, 0004, 1.18381, 4.8640421
0xEEEE, 36132047, 11562, 0005, 1.54081, 4.8484016
0xEEEE, 36135161, 11563, 0005, 1.57868, 4.8593881
0xEEEE, 36138286, 11564, 0006, 1.95905, 4.8596933
0xEEEE, 36141411, 11565, 0006, 2.36520, 4.8526741
0xEEEE, 36144537, 11566, 0007, 2.36762, 4.8478676
0xEEEE, 36147670, 11567, 0007, 2.36923, 4.8652628
0xEEEE, 36150786, 11568, 0007, 2.55216, 4.8620584
0xEEEE, 36153902, 11569, 0007, 2.57392, 4.8530556
0xEEEE, 36157036, 11570, 0006, 2.54974, 4.8517586
0xEEEE, 36160151, 11571, 0006, 2.55216, 4.8586252
0xEEEE, 36163276, 11572, 0005, 2.39018, 4.8486305
0xEEEE, 36166401, 11573, 0005, 2.36923, 4.8503853
0xEEEE, 36169537, 11574, 0004, 1.97436, 4.8559548
0xEEEE, 36172659, 11575, 0004, 1.97678, 4.8590829
0xEEEE, 36175777, 11576, 0003, 1.57788, 4.8461128
0xEEEE, 36178913, 11577, 0003, 1.57868, 4.8531319
0xEEEE, 36182053, 11578, 0002, 1.20960, 4.8630503
0xEEEE, 36185163, 11579, 0002, 0.78974, 4.8603799
0xEEEE, 36188289, 11580, 0001, 0.78733, 4.8416114
0xEEEE, 36191414, 11581, 0001, 0.79055, 4.8466468
0xEEEE, 36194537, 11582, 0000, 0.38520, 4.8649577
0xEEEE, 36197671, 11583, 0000, 0.39971, 4.8594644
0xEEEE, 36200786, 11584, 0000, 0.01128, 4.8535134
0xEEEE, 36203912, 11585, 0000, 0.01370, 4.8586252
0xEEEE, 36207076, 11586, 0001, 0.01209, 4.8564126
0xEEEE, 36210162, 11587, 0001, 0.39648, 4.8567941
0xEEEE, 36213286, 11588, 0002, 0.39245, 4.8580911
0xEEEE, 36216410, 11589, 0002, 0.39165, 4.8634318
0xEEEE, 36219536, 11590, 0003, 0.78894, 4.8490883
0xEEEE, 36222659, 11591, 0003, 0.78974, 4.8564126
0xEEEE, 36225777, 11592, 0004, 1.17333, 4.8503090
0xEEEE, 36228902, 11593, 0004, 1.18381, 4.8644999
0xEEEE, 36232035, 11594, 0005, 1.57788, 4.8527504
0xEEEE, 36235152, 11595, 0005, 1.98564, 4.8464179
0xEEEE, 36238277, 11596, 0006, 1.97275, 4.8587015
0xEEEE, 36241401, 11597, 0006, 1.99370, 4.8591592
0xEEEE, 36244534, 11598, 0007, 2.36681, 4.8557259
0xEEEE, 36247670, 11599, 0007, 2.36762, 4.8529030
0xEEEE, 36250789, 11600, 0007, 2.56586, 4.8615244
0xEEEE, 36253922, 11601, 0007, 2.55136, 4.8509194
0xEEEE, 36257044, 11602, 0006, 2.55136, 4.8453498
0xEEEE, 36260163, 11603, 0006, 2.36842, 4.8594644
0xEEEE, 36263288, 11604, 0005, 2.36762, 4.8659495
0xEEEE, 36266427, 11605, 0005, 2.36681, 4.8538186
0xEEEE, 36269536, 11606, 0004, 1.96791, 4.8500801
0xEEEE, 36272668, 11607, 0004, 1.97275, 4.8587778
0xEEEE, 36275787, 11608, 0003, 1.57707, 4.8576333
0xEEEE, 36278912, 11609, 0003, 1.51260, 4.8506905
0xEEEE, 36282045, 11610, 0002, 1.18381, 4.8619821
0xEEEE, 36285161, 11611, 0002, 0.78007, 4.8616770
0xEEEE, 36288277, 11612, 0001, 0.79700, 4.8493935
0xEEEE, 36291402, 11613, 0001, 0.78894, 4.8484016
0xEEEE, 36294527, 11614, 0000, 0.39326, 4.8619059
0xEEEE, 36297659, 11615, 0000, 0.39326, 4.8594644
0xEEEE, 36300777, 11616, 0000, 0.01209, 4.8567941
0xEEEE, 36303902, 11617, 0000, 0.01209, 4.8562600
0xEEEE, 36307054, 11618, 0001, 0.01289, 4.8593881
0xEEEE, 36310157, 11619, 0001, 0.26674, 4.8582437
0xEEEE, 36313299, 11620, 0002, 0.39326, 4.8450446
0xEEEE, 36316413, 11621, 0002, 0.38842, 4.8564889
0xEEEE, 36319538, 11622, 0003, 0.78330, 4.8564126
0xEEEE, 36322670, 11623, 0003, 0.78813, 4.8422217
0xEEEE, 36325789, 11624, 0004, 1.18300, 4.8480964
0xEEEE, 36328914, 11625, 0004, 1.18220, 4.8622110
0xEEEE, 36332047, 11626, 0005, 1.52227, 4.8545052
0xEEEE, 36335161, 11627, 0005, 1.57868, 4.8502327
0xEEEE, 36338286, 11628, 0006, 1.98967, 4.8558022
0xEEEE, 36341411, 11629, 0006, 1.97436, 4.8618296
0xEEEE, 36344537, 11630, 0007, 2.36601, 4.8505379
0xEEEE, 36347669, 11631, 0007, 2.36842, 4.8519875
0xEEEE, 36350795, 11632, 0007, 2.55136, 4.8601511
0xEEEE, 36353902, 11633, 0007, 2.55297, 4.8563363
0xEEEE, 36357035, 11634, 0006, 2.55216, 4.8454261
0xEEEE, 36360152, 11635, 0006, 2.54894, 4.8531319
0xEEEE, 36363276, 11636, 0005, 2.37568, 4.8655680
0xEEEE, 36366402, 11637, 0005, 2.37407, 4.8637369
0xEEEE, 36369526, 11638, 0004, 1.97194, 4.8474861
0xEEEE, 36372659, 11639, 0004, 1.98000, 4.8528267
0xEEEE, 36375779, 11640, 0003, 1.57788, 4.8583963
0xEEEE, 36378913, 11641, 0003, 1.19187, 4.8542763
0xEEEE, 36382045, 11642, 0002, 1.11612, 4.8506142
0xEEEE, 36385163, 11643, 0002, 1.18381, 4.8612192
0xEEEE, 36388288, 11644, 0001, 0.78733, 4.8558785
0xEEEE, 36391414, 11645, 0001, 0.79377, 4.8458076
0xEEEE, 36394538, 11646, 0000, 0.37392, 4.8559548
0xEEEE, 36397682, 11647, 0000, 0.41421, 4.8648051
0xEEEE, 36400787, 11648, 0000, 0.01209, 4.8572519
0xEEEE, 36403912, 11649, 0000, 0.01128, 4.8439002
0xEEEE, 36407063, 11650, 0001, 0.01209, 4.8570993
0xEEEE, 36410161, 11651, 0001, 0.01370, 4.8625162
0xEEEE, 36413286, 11652, 0002, 0.39326, 4.8555734
0xEEEE, 36416410, 11653, 0002, 0.39326, 4.8558785
0xEEEE, 36419535, 11654, 0003, 0.78733, 4.8606851
0xEEEE, 36422659, 11655, 0003, 0.78652, 4.8551156
0xEEEE, 36425777, 11656, 0004, 1.18784, 4.8490120
0xEEEE, 36428902, 11657, 0004, 1.57707, 4.8621347
0xEEEE, 36432036, 11658, 0005, 1.57788, 4.8652628
0xEEEE, 36435160, 11659, 0005, 1.57788, 4.8506142
0xEEEE, 36438278, 11660, 0006, 1.96791, 4.8519112
0xEEEE, 36441401, 11661, 0006, 1.92037, 4.8548104
0xEEEE, 36444535, 11662, 0007, 2.36520, 4.8579385
0xEEEE, 36447670, 11663, 0007, 2.36681, 4.8556497
0xEEEE, 36450788, 11664, 0007, 2.57392, 4.8522927
0xEEEE, 36453913, 11665, 0007, 2.55458, 4.8582437
0xEEEE, 36457046, 11666, 0006, 2.55055, 4.8544289
0xEEEE, 36460163, 11667, 0006, 2.55216, 4.8502327
0xEEEE, 36463288, 11668, 0005, 2.36681, 4.8572519
0xEEEE, 36466407, 11669, 0005, 2.36681, 4.8644236
0xEEEE, 36469536, 11670, 0004, 2.00659, 4.8452735
0xEEEE, 36472668, 11671, 0004, 1.97275, 4.8410773
0xEEEE, 36475787, 11672, 0003, 1.57546, 4.8575570
0xEEEE, 36478912, 11673, 0003, 1.57868, 4.8632029
0xEEEE, 36482054, 11674, 0002, 1.18220, 4.8523690
0xEEEE, 36485161, 11675, 0002, 1.17495, 4.8505379
0xEEEE, 36488277, 11676, 0001, 0.78813, 4.8577096
0xEEEE, 36491402, 11677, 0001, 0.78733, 4.8526741
0xEEEE, 36494526, 11678, 0000, 0.39165, 4.8535134
0xEEEE, 36497660, 11679, 0000, 0.01209, 4.8590829
0xEEEE, 36500778, 11680, 0000, 0.01209, 4.8607614
0xEEEE, 36503902, 11681, 0000, 0.01209, 4.8471046
0xEEEE, 36507054, 11682, 0001, 0.01128, 4.8535897
0xEEEE, 36510159, 11683, 0001, 0.01209, 4.8611429
0xEEEE, 36513288, 11684, 0002, 0.39890, 4.8532845
0xEEEE, 36516412, 11685, 0002, 0.38601, 4.8542763
0xEEEE, 36519545, 11686, 0003, 0.79297, 4.8494697
0xEEEE, 36522670, 11687, 0003, 1.18381, 4.8582437
0xEEEE, 36525789, 11688, 0004, 1.18139, 4.8547341
0xEEEE, 36528913, 11689, 0004, 1.18381, 4.8535134
0xEEEE, 36532047, 11690, 0005, 1.57788, 4.8610666
0xEEEE, 36535161, 11691, 0005, 1.58110, 4.8550393
0xEEEE, 36538286, 11692, 0006, 1.97355, 4.8517586
0xEEEE, 36541411, 11693, 0006, 1.97194, 4.8480201
0xEEEE, 36544537, 11694, 0007, 2.36601, 4.8627451
0xEEEE, 36547669, 11695, 0007, 2.55136, 4.8677043
0xEEEE, 36550786, 11696, 0007, 2.55055, 4.8516060
0xEEEE, 36553902, 11697, 0007, 2.55136, 4.8558785
0xEEEE, 36557036, 11698, 0006, 2.55861, 4.8625162
0xEEEE, 36560151, 11699, 0006, 2.54974, 4.8544289
0xEEEE, 36563278, 11700, 0005, 2.36842, 4.8527504
0xEEEE, 36566412, 11701, 0005, 2.36278, 4.8599985
0xEEEE, 36569527, 11702, 0004, 1.97194, 4.8568704
0xEEEE, 36572659, 11703, 0004, 1.57788, 4.8474861
0xEEEE, 36575780, 11704, 0003, 1.57788, 4.8493172
0xEEEE, 36578922, 11705, 0003, 1.59560, 4.8646525
0xEEEE, 36582045, 11706, 0002, 1.18381, 4.8574807
0xEEEE, 36585163, 11707, 0002, 1.18220, 4.8456550
0xEEEE, 36588289, 11708, 0001, 0.78571, 4.8540475
0xEEEE, 36591414, 11709, 0001, 0.76637, 4.8587015
0xEEEE, 36594538, 11710, 0000, 0.39245, 4.8525216
0xEEEE, 36597671, 11711, 0000, 0.01209, 4.8546578
0xEEEE, 36600787, 11712, 0000, 0.01370, 4.8627451
0xEEEE, 36603911, 11713, 0000, 0.01209, 4.8587778
0xEEEE, 36607063, 11714, 0001, 0.01209, 4.8421454
0xEEEE, 36610162, 11715, 0001, 0.01209, 4.8551919
0xEEEE, 36613287, 11716, 0002, 0.39326, 4.8644236
0xEEEE, 36616410, 11717, 0002, 0.39326, 4.8574044
0xEEEE, 36619526, 11718, 0003, 0.78571, 4.8487068
0xEEEE, 36622660, 11719, 0003, 1.18623, 4.8569467
0xEEEE, 36625789, 11720, 0004, 1.18300, 4.8526741
0xEEEE, 36628902, 11721, 0004, 1.18381, 4.8452735
0xEEEE, 36632036, 11722, 0005, 1.61333, 4.8540475
0xEEEE, 36635151, 11723, 0005, 1.57707, 4.8622110
0xEEEE, 36638276, 11724, 0006, 1.98403, 4.8500801
0xEEEE, 36641401, 11725, 0006, 1.97355, 4.8454261
0xEEEE, 36644538, 11726, 0007, 2.37487, 4.8584726
0xEEEE, 36647670, 11727, 0007, 2.37004, 4.8679332
0xEEEE, 36650794, 11728, 0007, 2.55055, 4.8532845
0xEEEE, 36653914, 11729, 0007, 2.56908, 4.8476387
0xEEEE, 36657046, 11730, 0006, 2.55297, 4.8587778
0xEEEE, 36660162, 11731, 0006, 2.55297, 4.8574807
0xEEEE, 36663297, 11732, 0005, 2.40952, 4.8466468
0xEEEE, 36666409, 11733, 0005, 1.96872, 4.8514534
0xEEEE, 36669536, 11734, 0004, 1.97355, 4.8616007
0xEEEE, 36672668, 11735, 0004, 1.96630, 4.8489357
0xEEEE, 36675787, 11736, 0003, 1.51099, 4.8526741
0xEEEE, 36678912, 11737, 0003, 1.57868, 4.8592355
0xEEEE, 36682045, 11738, 0002, 1.16769, 4.8557259
0xEEEE, 36685161, 11739, 0002, 1.18300, 4.8603799
0xEEEE, 36688278, 11740, 0001, 0.78894, 4.8431373
0xEEEE, 36691402, 11741, 0001, 0.39165, 4.8586252
0xEEEE, 36694526, 11742, 0000, 0.39004, 4.8507668
0xEEEE, 36697659, 11743, 0000, 0.39407, 4.8498512
0xEEEE, 36700777, 11744, 0000, 0.01128, 4.8577096
0xEEEE, 36703902, 11745, 0000, 0.01531, 4.8637369
0xEEEE, 36707055, 11746, 0001, 0.01209, 4.8576333
0xEEEE, 36710170, 11747, 0001, 0.01209, 4.8568704
0xEEEE, 36713288, 11748, 0002, 0.36828, 4.8602274
0xEEEE, 36716413, 11749, 0002, 0.78813, 4.8612192
0xEEEE, 36719538, 11750, 0003, 0.78894, 4.8526741
0xEEEE, 36722671, 11751, 0003, 0.78974, 4.8532082
0xEEEE, 36725789, 11752, 0004, 1.19026, 4.8623636
0xEEEE, 36728913, 11753, 0004, 1.11934, 4.8588540
0xEEEE, 36732049, 11754, 0005, 1.58029, 4.8484016
0xEEEE, 36735161, 11755, 0005, 1.57385, 4.8584726
0xEEEE, 36738286, 11756, 0006, 1.97275, 4.8606088
0xEEEE, 36741411, 11757, 0006, 2.37971, 4.8463416
0xEEEE, 36744537, 11758, 0007, 2.36762, 4.8578622
0xEEEE, 36747677, 11759, 0007, 2.36681, 4.8633555
0xEEEE, 36750787, 11760, 0007, 2.51348, 4.8531319
0xEEEE, 36753902, 11761, 0007, 2.55136, 4.8530556
0xEEEE, 36757036, 11762, 0006, 2.55297, 4.8557259
0xEEEE, 36760151, 11763, 0006, 2.54813, 4.8609140
0xEEEE, 36763277, 11764, 0005, 2.36681, 4.8472572
0xEEEE, 36766402, 11765, 0005, 1.97436, 4.8610666
0xEEEE, 36769527, 11766, 0004, 1.97275, 4.8590066
0xEEEE, 36772659, 11767, 0004, 1.97355, 4.8563363
0xEEEE, 36775782, 11768, 0003, 1.57304, 4.8494697
0xEEEE, 36778913, 11769, 0003, 1.52711, 4.8489357
0xEEEE, 36782044, 11770, 0002, 1.18462, 4.8665599
0xEEEE, 36785163, 11771, 0002, 1.18462, 4.8598459
0xEEEE, 36788289, 11772, 0001, 0.81150, 4.8517586
0xEEEE, 36791413, 11773, 0001, 0.78813, 4.8560311
0xEEEE, 36794549, 11774, 0000, 0.39245, 4.8577859
0xEEEE, 36797672, 11775, 0000, 0.39165, 4.8604562
0xEEEE, 36800787, 11776, 0000, 0.01209, 4.8519112
0xEEEE, 36803911, 11777, 0000, 0.01209, 4.8577096
0xEEEE, 36807083, 11778, 0001, 0.01289, 4.8543526
0xEEEE, 36810161, 11779, 0001, 0.39326, 4.8527504
0xEEEE, 36813287, 11780, 0002, 0.39165, 4.8519112
0xEEEE, 36816411, 11781, 0002, 0.39487, 4.8610666
0xEEEE, 36819527, 11782, 0003, 0.78168, 4.8573281
0xEEEE, 36822659, 11783, 0003, 0.74864, 4.8460365
0xEEEE, 36825778, 11784, 0004, 1.18300, 4.8578622
0xEEEE, 36828902, 11785, 0004, 1.18300, 4.8648814
0xEEEE, 36832042, 11786, 0005, 1.62864, 4.8583963
0xEEEE, 36835151, 11787, 0005, 1.97114, 4.8526741
0xEEEE, 36838276, 11788, 0006, 1.98967, 4.8559548
0xEEEE, 36841401, 11789, 0006, 1.97436, 4.8519112
0xEEEE, 36844538, 11790, 0007, 2.35634, 4.8489357
0xEEEE, 36847670, 11791, 0007, 2.36440, 4.8561074
0xEEEE, 36850788, 11792, 0007, 2.55136, 4.8620584
0xEEEE, 36853914, 11793, 0007, 2.57231, 4.8515297
0xEEEE, 36857046, 11794, 0006, 2.55941, 4.8436713
0xEEEE, 36860162, 11795, 0006, 2.36520, 4.8580148
0xEEEE, 36863276, 11796, 0005, 2.40227, 4.8634318
0xEEEE, 36866411, 11797, 0005, 2.37487, 4.8574044
0xEEEE, 36869536, 11798, 0004, 1.97275, 4.8494697
0xEEEE, 36872668, 11799, 0004, 1.97678, 4.8583963
0xEEEE, 36875788, 11800, 0003, 1.57868, 4.8596170
0xEEEE, 36878922, 11801, 0003, 1.57949, 4.8552682
0xEEEE, 36882045, 11802, 0002, 1.21766, 4.8591592
0xEEEE, 36885160, 11803, 0002, 0.78813, 4.8638895
0xEEEE, 36888276, 11804, 0001, 0.78813, 4.8511482
0xEEEE, 36891410, 11805, 0001, 0.78813, 4.8552682
0xEEEE, 36894527, 11806, 0000, 0.38359, 4.8592355
0xEEEE, 36897659, 11807, 0000, 0.38198, 4.8651865
0xEEEE, 36900777, 11808, 0000, 0.01209, 4.8403906
0xEEEE, 36903902, 11809, 0000, 0.01128, 4.8513008
0xEEEE, 36907054, 11810, 0001, 0.01209, 4.8564889
0xEEEE, 36910161, 11811, 0001, 0.43678, 4.8464942
0xEEEE, 36913288, 11812, 0002, 0.39326, 4.8488594
0xEEEE, 36916414, 11813, 0002, 0.39165, 4.8603037
0xEEEE, 36919538, 11814, 0003, 0.78733, 4.8574044
0xEEEE, 36922671, 11815, 0003, 0.78652, 4.8471809
0xEEEE, 36925789, 11816, 0004, 1.20476, 4.8492409
0xEEEE, 36928913, 11817, 0004, 1.18300, 4.8631266
0xEEEE, 36932051, 11818, 0005, 1.57788, 4.8600748
0xEEEE, 36935161, 11819, 0005, 1.97758, 4.8543526
0xEEEE, 36938297, 11820, 0006, 1.97355, 4.8551919
0xEEEE, 36941411, 11821, 0006, 1.91392, 4.8567178
0xEEEE, 36944536, 11822, 0007, 2.36923, 4.8554208
0xEEEE, 36947670, 11823, 0007, 2.36681, 4.8524453
0xEEEE, 36950786, 11824, 0007, 2.55700, 4.8591592
0xEEEE, 36953902, 11825, 0007, 2.55297, 4.8586252
0xEEEE, 36957036, 11826, 0006, 2.55216, 4.8500038
0xEEEE, 36960152, 11827, 0006, 2.55297, 4.8545815
0xEEEE, 36963287, 11828, 0005, 2.36681, 4.8641184
0xEEEE, 36966402, 11829, 0005, 2.36762, 4.8540475
0xEEEE, 36969526, 11830, 0004, 1.95018, 4.8426032
0xEEEE, 36972659, 11831, 0004, 1.97355, 4.8563363
0xEEEE, 36975793, 11832, 0003, 1.59077, 4.8651865
0xEEEE, 36978913, 11833, 0003, 1.18462, 4.8576333
0xEEEE, 36982044, 11834, 0002, 1.18300, 4.8538186
0xEEEE, 36985163, 11835, 0002, 1.19912, 4.8625162
0xEEEE, 36988289, 11836, 0001, 0.75751, 4.8588540
0xEEEE, 36991413, 11837, 0001, 0.78813, 4.8509957
0xEEEE, 36994538, 11838, 0000, 0.39165, 4.8580911
0xEEEE, 36997672, 11839, 0000, 0.39084, 4.8609903
0xEEEE, 37000788, 11840, 0000, 0.01128, 4.8545052
0xEEEE, 37003911, 11841, 0000, 0.01209, 4.8441291
0xEEEE, 37007063, 11842, 0001, 0.01209, 4.8564889
0xEEEE, 37010161, 11843, 0001, 0.01209, 4.8564889
0xEEEE, 37013287, 11844, 0002, 0.39004, 4.8580911
0xEEEE, 37016411, 11845, 0002, 0.39648, 4.8573281
0xEEEE, 37019526, 11846, 0003, 0.78410, 4.8607614
0xEEEE, 37022679, 11847, 0003, 0.78974, 4.8564126
0xEEEE, 37025776, 11848, 0004, 1.18381, 4.8460365
0xEEEE, 37028902, 11849, 0004, 1.57465, 4.8567178
0xEEEE, 37032036, 11850, 0005, 1.60850, 4.8668650
0xEEEE, 37035151, 11851, 0005, 1.57788, 4.8604562
0xEEEE, 37038276, 11852, 0006, 1.96872, 4.8539712
0xEEEE, 37041403, 11853, 0006, 1.97194, 4.8548867
0xEEEE, 37044538, 11854, 0007, 2.36681, 4.8591592
0xEEEE, 37047670, 11855, 0007, 2.36601, 4.8546578
0xEEEE, 37050788, 11856, 0007, 2.55216, 4.8518349
0xEEEE, 37053914, 11857, 0007, 2.55136, 4.8606851
0xEEEE, 37057046, 11858, 0006, 2.55538, 4.8502327
0xEEEE, 37060172, 11859, 0006, 2.55136, 4.8487068
0xEEEE, 37063278, 11860, 0005, 2.36681, 4.8639658
0xEEEE, 37066411, 11861, 0005, 2.36762, 4.8600748
0xEEEE, 37069536, 11862, 0004, 1.97355, 4.8490120
0xEEEE, 37072668, 11863, 0004, 1.97516, 4.8480964
0xEEEE, 37075787, 11864, 0003, 1.57788, 4.8609903
0xEEEE, 37078913, 11865, 0003, 1.17736, 4.8480201
0xEEEE, 37082045, 11866, 0002, 1.20315, 4.8546578
0xEEEE, 37085152, 11867, 0002, 1.18300, 4.8555734
0xEEEE, 37088276, 11868, 0001, 0.78813, 4.8554208
0xEEEE, 37091401, 11869, 0001, 0.78813, 4.8491646
0xEEEE, 37094526, 11870, 0000, 0.40938, 4.8525978
0xEEEE, 37097659, 11871, 0000, 0.40535, 4.8588540
0xEEEE, 37100777, 11872, 0000, 0.01209, 4.8627451
0xEEEE, 37103902, 11873, 0000, 0.01209, 4.8503090
0xEEEE, 37107064, 11874, 0001, 0.01209, 4.8516823
0xEEEE, 37110164, 11875, 0001, 0.01128, 4.8611429
0xEEEE, 37113287, 11876, 0002, 0.39326, 4.8551919
0xEEEE, 37116413, 11877, 0002, 0.39407, 4.8655680
0xEEEE, 37119538, 11878, 0003, 0.78974, 4.8606851
0xEEEE, 37122671, 11879, 0003, 1.18462, 4.8596170
0xEEEE, 37125790, 11880, 0004, 1.18059, 4.8530556
0xEEEE, 37128913, 11881, 0004, 1.18300, 4.8465705
0xEEEE, 37132052, 11882, 0005, 1.57707, 4.8630503
0xEEEE, 37135161, 11883, 0005, 1.53758, 4.8537423
0xEEEE, 37138286, 11884, 0006, 1.97275, 4.8475624
0xEEEE, 37141411, 11885, 0006, 1.99773, 4.8474098
0xEEEE, 37144545, 11886, 0007, 2.36681, 4.8587015
0xEEEE, 37147669, 11887, 0007, 2.55136, 4.8594644
0xEEEE, 37150786, 11888, 0007, 2.53363, 4.8449683
0xEEEE, 37153902, 11889, 0007, 2.55055, 4.8568704
0xEEEE, 37157035, 11890, 0006, 2.55136, 4.8519112
0xEEEE, 37160152, 11891, 0006, 2.59648, 4.8525216
0xEEEE, 37163276, 11892, 0005, 2.35311, 4.8526741
0xEEEE, 37166402, 11893, 0005, 2.36681, 4.8624399
0xEEEE, 37169526, 11894, 0004, 1.95260, 4.8582437
0xEEEE, 37172659, 11895, 0004, 1.57788, 4.8529793
0xEEEE, 37175784, 11896, 0003, 1.58110, 4.8550393
0xEEEE, 37178913, 11897, 0003, 1.57868, 4.8616770
0xEEEE, 37182044, 11898, 0002, 1.18381, 4.8532082
0xEEEE, 37185163, 11899, 0002, 1.17897, 4.8494697
0xEEEE, 37188289, 11900, 0001, 0.78733, 4.8522164
0xEEEE, 37191424, 11901, 0001, 0.78733, 4.8569467
0xEEEE, 37194538, 11902, 0000, 0.39245, 4.8542000
0xEEEE, 37197674, 11903, 0000, 0.01209, 4.8590829
0xEEEE, 37200786, 11904, 0000, 0.01209, 4.8663310
0xEEEE, 37203920, 11905, 0000, 0.01209, 4.8577859
0xEEEE, 37207063, 11906, 0001, 0.01209, 4.8445869
0xEEEE, 37210162, 11907, 0001, 0.01209, 4.8577096
0xEEEE, 37213286, 11908, 0002, 0.39729, 4.8594644
0xEEEE, 37216411, 11909, 0002, 0.40212, 4.8540475
0xEEEE, 37219526, 11910, 0003, 0.83568, 4.8503090
0xEEEE, 37222659, 11911, 0003, 1.18300, 4.8594644
0xEEEE, 37225777, 11912, 0004, 1.18220, 4.8493935
0xEEEE, 37228911, 11913, 0004, 1.17575, 4.8467994
0xEEEE, 37232036, 11914, 0005, 1.57868, 4.8647288
0xEEEE, 37235152, 11915, 0005, 1.57949, 4.8624399
0xEEEE, 37238276, 11916, 0006, 1.97436, 4.8542763
0xEEEE, 37241405, 11917, 0006, 1.97275, 4.8408484
0xEEEE, 37244538, 11918, 0007, 2.36681, 4.8616007
0xEEEE, 37247670, 11919, 0007, 2.51670, 4.8580911
0xEEEE, 37250800, 11920, 0007, 2.55136, 4.8513771
0xEEEE, 37253914, 11921, 0007, 2.55216, 4.8533608
0xEEEE, 37257047, 11922, 0006, 2.55136, 4.8581674
0xEEEE, 37260163, 11923, 0006, 2.55136, 4.8517586
0xEEEE, 37263276, 11924, 0005, 2.36681, 4.8509957
0xEEEE, 37266411, 11925, 0005, 2.36440, 4.8604562
0xEEEE, 37269536, 11926, 0004, 1.97275, 4.8613718
0xEEEE, 37272668, 11927, 0004, 2.01143, 4.8511482
0xEEEE, 37275796, 11928, 0003, 1.57788, 4.8488594
0xEEEE, 37278912, 11929, 0003, 1.56982, 4.8616770
0xEEEE, 37282045, 11930, 0002, 1.18300, 4.8598459
0xEEEE, 37285152, 11931, 0002, 1.18381, 4.8540475
0xEEEE, 37288285, 11932, 0001, 0.78733, 4.8517586
0xEEEE, 37291402, 11933, 0001, 0.37714, 4.8616770
0xEEEE, 37294526, 11934, 0000, 0.42630, 4.8545052
0xEEEE, 37297659, 11935, 0000, 0.39245, 4.8490120
0xEEEE, 37300778, 11936, 0000, 0.01128, 4.8583200
0xEEEE, 37303902, 11937, 0000, 0.01209, 4.8601511
0xEEEE, 37307054, 11938, 0001, 0.01289, 4.8426795
0xEEEE, 37310164, 11939, 0001, 0.01209, 4.8499275
0xEEEE, 37313288, 11940, 0002, 0.39245, 4.8634318
0xEEEE, 37316413, 11941, 0002, 0.78813, 4.8624399
0xEEEE, 37319539, 11942, 0003, 0.78974, 4.8509194
0xEEEE, 37322672, 11943, 0003, 0.77927, 4.8495460
0xEEEE, 37325788, 11944, 0004, 1.14835, 4.8596933
0xEEEE, 37328913, 11945, 0004, 1.18462, 4.8525216
0xEEEE, 37332054, 11946, 0005, 1.58190, 4.8556497
0xEEEE, 37335171, 11947, 0005, 1.57868, 4.8632792
0xEEEE, 37338286, 11948, 0006, 1.97275, 4.8560311
0xEEEE, 37341412, 11949, 0006, 2.36681, 4.8527504
0xEEEE, 37344537, 11950, 0007, 2.37004, 4.8481727
0xEEEE, 37347669, 11951, 0007, 2.36601, 4.8629740
0xEEEE, 37350786, 11952, 0007, 2.57231, 4.8590066
0xEEEE, 37353902, 11953, 0007, 2.54652, 4.8564889
0xEEEE, 37357035, 11954, 0006, 2.55377, 4.8544289
0xEEEE, 37360155, 11955, 0006, 2.59729, 4.8576333
0xEEEE, 37363276, 11956, 0005, 2.37648, 4.8557259
0xEEEE, 37366401, 11957, 0005, 1.97516, 4.8534371
0xEEEE, 37369526, 11958, 0004, 1.94535, 4.8607614
0xEEEE, 37372667, 11959, 0004, 1.97275, 4.8568704
0xEEEE, 37375787, 11960, 0003, 1.57868, 4.8505379
0xEEEE, 37378913, 11961, 0003, 1.57868, 4.8557259
0xEEEE, 37382045, 11962, 0002, 1.17978, 4.8648051
0xEEEE, 37385163, 11963, 0002, 1.15641, 4.8487831
0xEEEE, 37388289, 11964, 0001, 0.78813, 4.8419165
0xEEEE, 37391413, 11965, 0001, 0.39326, 4.8523690
0xEEEE, 37394538, 11966, 0000, 0.39326, 4.8614481
0xEEEE, 37397676, 11967, 0000, 0.39326, 4.8568704
0xEEEE, 37400786, 11968, 0000, 0.01531, 4.8600748
0xEEEE, 37403911, 11969, 0000, 0.01209, 4.8580148
0xEEEE, 37407063, 11970, 0001, 0.01209, 4.8514534
0xEEEE, 37410161, 11971, 0001, 0.01209, 4.8503853
0xEEEE, 37413286, 11972, 0002, 0.40293, 4.8571756
0xEEEE, 37416411, 11973, 0002, 0.56733, 4.8599222
0xEEEE, 37419547, 11974, 0003, 0.78974, 4.8535897
0xEEEE, 37422659, 11975, 0003, 0.78733, 4.8469520
0xEEEE, 37425777, 11976, 0004, 1.18462, 4.8556497
0xEEEE, 37428902, 11977, 0004, 1.18381, 4.8619059
0xEEEE, 37432036, 11978, 0005, 1.57868, 4.8511482
0xEEEE, 37435151, 11979, 0005, 1.57707, 4.8547341
0xEEEE, 37438278, 11980, 0006, 1.97275, 4.8613718
0xEEEE, 37441406, 11981, 0006, 1.97758, 4.8557259
0xEEEE, 37444537, 11982, 0007, 2.36681, 4.8513008
0xEEEE, 37447670, 11983, 0007, 2.38132, 4.8623636
0xEEEE, 37450789, 11984, 0007, 2.55136, 4.8654154
0xEEEE, 37453914, 11985, 0007, 2.55055, 4.8455787
0xEEEE, 37457053, 11986, 0006, 2.58762, 4.8490883
0xEEEE, 37460163, 11987, 0006, 2.37165, 4.8593118
0xEEEE, 37463278, 11988, 0005, 2.36601, 4.8554971
0xEEEE, 37466411, 11989, 0005, 2.36681, 4.8435187
0xEEEE, 37469536, 11990, 0004, 1.97355, 4.8479438
0xEEEE, 37472668, 11991, 0004, 1.92198, 4.8614481
0xEEEE, 37475787, 11992, 0003, 1.57707, 4.8542763
0xEEEE, 37478911, 11993, 0003, 1.56901, 4.8542763
0xEEEE, 37482044, 11994, 0002, 1.18381, 4.8644236
0xEEEE, 37485151, 11995, 0002, 0.78733, 4.8671702
0xEEEE, 37488276, 11996, 0001, 0.78974, 4.8456550
0xEEEE, 37491401, 11997, 0001, 0.76154, 4.8500801
0xEEEE, 37494527, 11998, 0000, 0.33201, 4.8639658
0xEEEE, 37497660, 11999, 0000, 0.39245, 4.8586252
0xEEEE, 37500778, 12000, 0000, 0.01209, 4.8563363
0xEEEE, 37503913, 12001, 0000, 0.01209, 4.8562600
0xEEEE, 37507055, 12002, 0001, 0.01209, 4.8584726
0xEEEE, 37510164, 12003, 0001, 0.39245, 4.8510719
0xEEEE, 37513287, 12004, 0002, 0.39165, 4.8485542
0xEEEE, 37516421, 12005, 0002, 0.39326, 4.8642710
0xEEEE, 37519539, 12006, 0003, 0.78974, 4.8641184
0xEEEE, 37522672, 12007, 0003, 0.79136, 4.8544289
0xEEEE, 37525788, 12008, 0004, 1.18300, 4.8464942
0xEEEE, 37528901, 12009, 0004, 1.18300, 4.8662547
0xEEEE, 37532054, 12010, 0005, 1.57707, 4.8590829
0xEEEE, 37535161, 12011, 0005, 1.97194, 4.8490120
0xEEEE, 37538286, 12012, 0006, 1.97436, 4.8532082
0xEEEE, 37541418, 12013, 0006, 1.97355, 4.8570230
0xEEEE, 37544537, 12014, 0007, 2.38132, 4.8574807
0xEEEE, 37547669, 12015, 0007, 2.36762, 4.8521401
0xEEEE, 37550786, 12016, 0007, 2.55136, 4.8634318
0xEEEE, 37553902, 12017, 0007, 2.54974, 4.8458076
0xEEEE, 37557036, 12018, 0006, 2.55055, 4.8477913
0xEEEE, 37560151, 12019, 0006, 2.36601, 4.8542763
0xEEEE, 37563278, 12020, 0005, 2.36278, 4.8606088
0xEEEE, 37566402, 12021, 0005, 2.36681, 4.8577859
0xEEEE, 37569526, 12022, 0004, 1.97355, 4.8472572
0xEEEE, 37572659, 12023, 0004, 1.97194, 4.8559548
0xEEEE, 37575788, 12024, 0003, 1.54000, 4.8608377
0xEEEE, 37578913, 12025, 0003, 1.57788, 4.8599985
0xEEEE, 37582044, 12026, 0002, 1.18623, 4.8581674
0xEEEE, 37585163, 12027, 0002, 1.20234, 4.8607614
0xEEEE, 37588299, 12028, 0001, 0.78813, 4.8523690
0xEEEE, 37591412, 12029, 0001, 0.78813, 4.8453498
0xEEEE, 37594538, 12030, 0000, 0.39004, 4.8551919
0xEEEE, 37597677, 12031, 0000, 0.39165, 4.8626688
0xEEEE, 37600795, 12032, 0000, 0.01209, 4.8552682
0xEEEE, 37603911, 12033, 0000, 0.01209, 4.8456550
0xEEEE, 37607063, 12034, 0001, 0.01128, 4.8574807
0xEEEE, 37610161, 12035, 0001, 0.01209, 4.8566415
0xEEEE, 37613286, 12036, 0002, 0.39568, 4.8583963
0xEEEE, 37616411, 12037, 0002, 0.38440, 4.8610666
0xEEEE, 37619526, 12038, 0003, 0.78813, 4.8612955
0xEEEE, 37622659, 12039, 0003, 0.78813, 4.8529030
0xEEEE, 37625779, 12040, 0004, 1.18542, 4.8500038
0xEEEE, 37628902, 12041, 0004, 1.60205, 4.8587015
0xEEEE, 37632035, 12042, 0005, 1.57868, 4.8662547
0xEEEE, 37635152, 12043, 0005, 1.58271, 4.8505379
0xEEEE, 37638277, 12044, 0006, 1.96872, 4.8498512
0xEEEE, 37641408, 12045, 0006, 1.97436, 4.8593118
0xEEEE, 37644538, 12046, 0007, 2.36601, 4.8535897
0xEEEE, 37647681, 12047, 0007, 2.36278, 4.8496986
0xEEEE, 37650789, 12048, 0007, 2.55136, 4.8549630
0xEEEE, 37653913, 12049, 0007, 2.54974, 4.8583200
0xEEEE, 37657046, 12050, 0006, 2.54088, 4.8519875
0xEEEE, 37660163, 12051, 0006, 2.55377, 4.8574807
0xEEEE, 37663280, 12052, 0005, 2.36601, 4.8635080
0xEEEE, 37666411, 12053, 0005, 2.37487, 4.8648814
0xEEEE, 37669536, 12054, 0004, 1.97275, 4.8510719
0xEEEE, 37672678, 12055, 0004, 1.96147, 4.8490883
0xEEEE, 37675787, 12056, 0003, 1.57868, 4.8613718
0xEEEE, 37678911, 12057, 0003, 1.16366, 4.8524453
0xEEEE, 37682045, 12058, 0002, 1.18300, 4.8461891
0xEEEE, 37685169, 12059, 0002, 1.18462, 4.8536660
0xEEEE, 37688278, 12060, 0001, 0.78733, 4.8587015
0xEEEE, 37691402, 12061, 0001, 0.78330, 4.8577859
0xEEEE, 37694527, 12062, 0000, 0.36586, 4.8511482
0xEEEE, 37697659, 12063, 0000, 0.37795, 4.8592355
0xEEEE, 37700777, 12064, 0000, 0.01209, 4.8596933
0xEEEE, 37703902, 12065, 0000, 0.01209, 4.8529030
0xEEEE, 37707056, 12066, 0001, 0.01209, 4.8532082
0xEEEE, 37710164, 12067, 0001, 0.01370, 4.8615244
0xEEEE, 37713288, 12068, 0002, 0.39326, 4.8594644
0xEEEE, 37716413, 12069, 0002, 0.39245, 4.8532082
0xEEEE, 37719539, 12070, 0003, 0.78894, 4.8589303
0xEEEE, 37722671, 12071, 0003, 0.78571, 4.8592355
0xEEEE, 37725788, 12072, 0004, 1.16286, 4.8398566
0xEEEE, 37728902, 12073, 0004, 1.55853, 4.8548867
0xEEEE, 37732064, 12074, 0005, 1.57626, 4.8653391
0xEEEE, 37735161, 12075, 0005, 1.57868, 4.8535134
0xEEEE, 37738286, 12076, 0006, 1.96791, 4.8476387
0xEEEE, 37741412, 12077, 0006, 1.97355, 4.8513008
0xEEEE, 37744537, 12078, 0007, 2.37568, 4.8612192
0xEEEE, 37747669, 12079, 0007, 2.54894, 4.8592355
0xEEEE, 37750787, 12080, 0007, 2.56425, 4.8542763
0xEEEE, 37753902, 12081, 0007, 2.57311, 4.8572519
0xEEEE, 37757035, 12082, 0006, 2.55136, 4.8563363
0xEEEE, 37760151, 12083, 0006, 2.55216, 4.8541238
0xEEEE, 37763276, 12084, 0005, 2.34828, 4.8546578
0xEEEE, 37766401, 12085, 0005, 2.36681, 4.8644999
0xEEEE, 37769536, 12086, 0004, 1.98484, 4.8555734
0xEEEE, 37772659, 12087, 0004, 1.57707, 4.8442817
0xEEEE, 37775788, 12088, 0003, 1.58513, 4.8532845
0xEEEE, 37778913, 12089, 0003, 1.57868, 4.8585489
0xEEEE, 37782044, 12090, 0002, 1.17978, 4.8548104
0xEEEE, 37785164, 12091, 0002, 1.19751, 4.8566415
0xEEEE, 37788288, 12092, 0001, 0.78813, 4.8593118
0xEEEE, 37791412, 12093, 0001, 0.78733, 4.8536660
0xEEEE, 37794538, 12094, 0000, 0.39407, 4.8527504
0xEEEE, 37797679, 12095, 0000, 0.01209, 4.8526741
0xEEEE, 37800786, 12096, 0000, 0.01209, 4.8616770
0xEEEE, 37803911, 12097, 0000, 0.01209, 4.8524453
0xEEEE, 37807063, 12098, 0001, 0.01128, 4.8519875
0xEEEE, 37810161, 12099, 0001, 0.01209, 4.8599985
0xEEEE, 37813287, 12100, 0002, 0.39487, 4.8638132
0xEEEE, 37816422, 12101, 0002, 0.40777, 4.8554971
0xEEEE, 37819526, 12102, 0003, 0.78813, 4.8521401
0xEEEE, 37822659, 12103, 0003, 1.18300, 4.8577859
0xEEEE, 37825777, 12104, 0004, 1.18220, 4.8616007
0xEEEE, 37828902, 12105, 0004, 1.19187, 4.8518349
0xEEEE, 37832035, 12106, 0005, 1.57868, 4.8606851
0xEEEE, 37835151, 12107, 0005, 1.57868, 4.8644999
0xEEEE, 37838276, 12108, 0006, 1.97194, 4.8490120
0xEEEE, 37841409, 12109, 0006, 1.97275, 4.8461128
0xEEEE, 37844538, 12110, 0007, 2.36681, 4.8580148
0xEEEE, 37847670, 12111, 0007, 2.55136, 4.8618296
0xEEEE, 37850789, 12112, 0007, 2.55136, 4.8575570
0xEEEE, 37853922, 12113, 0007, 2.55055, 4.8496223
0xEEEE, 37857047, 12114, 0006, 2.55216, 4.8577859
0xEEEE, 37860163, 12115, 0006, 2.55297, 4.8506905
0xEEEE, 37863281, 12116, 0005, 2.36681, 4.8516060
0xEEEE, 37866411, 12117, 0005, 2.36278, 4.8619821
0xEEEE, 37869536, 12118, 0004, 1.97275, 4.8613718
0xEEEE, 37872668, 12119, 0004, 1.57949, 4.8519875
0xEEEE, 37875787, 12120, 0003, 1.57868, 4.8628977
0xEEEE, 37878911, 12121, 0003, 1.56256, 4.8631266
0xEEEE, 37882045, 12122, 0002, 1.18300, 4.8654917
0xEEEE, 37885151, 12123, 0002, 1.18300, 4.8551156
0xEEEE, 37888277, 12124, 0001, 0.79216, 4.8513008
0xEEEE, 37891402, 12125, 0001, 0.77443, 4.8614481
0xEEEE, 37894526, 12126, 0000, 0.43678, 4.8592355
0xEEEE, 37897660, 12127, 0000, 0.39487, 4.8550393
0xEEEE, 37900788, 12128, 0000, 0.01128, 4.8612192
0xEEEE, 37903902, 12129, 0000, 0.01128, 4.8605325
0xEEEE, 37907058, 12130, 0001, 0.01451, 4.8533608
0xEEEE, 37910164, 12131, 0001, 0.01128, 4.8556497
0xEEEE, 37913296, 12132, 0002, 0.39326, 4.8637369
0xEEEE, 37916413, 12133, 0002, 0.78813, 4.8540475
0xEEEE, 37919539, 12134, 0003, 0.78894, 4.8461128
0xEEEE, 37922671, 12135, 0003, 0.80022, 4.8508431
0xEEEE, 37925788, 12136, 0004, 1.23297, 4.8608377
0xEEEE, 37928903, 12137, 0004, 1.18381, 4.8513008
0xEEEE, 37932042, 12138, 0005, 1.58996, 4.8518349
0xEEEE, 37935161, 12139, 0005, 1.57788, 4.8610666
0xEEEE, 37938293, 12140, 0006, 1.97114, 4.8552682
0xEEEE, 37941412, 12141, 0006, 2.36681, 4.8477150
0xEEEE, 37944536, 12142, 0007, 2.37084, 4.8572519
0xEEEE, 37947669, 12143, 0007, 2.36762, 4.8632029
0xEEEE, 37950777, 12144, 0007, 2.53685, 4.8555734
0xEEEE, 37953901, 12145, 0007, 2.55538, 4.8467231
0xEEEE, 37957035, 12146, 0006, 2.55216, 4.8588540
0xEEEE, 37960152, 12147, 0006, 2.49978, 4.8622873
0xEEEE, 37963276, 12148, 0005, 2.36520, 4.8479438
0xEEEE, 37966401, 12149, 0005, 1.97436, 4.8473335
0xEEEE, 37969526, 12150, 0004, 1.95260, 4.8623636
0xEEEE, 37972660, 12151, 0004, 1.97114, 4.8568704
0xEEEE, 37975788, 12152, 0003, 1.57062, 4.8508431
0xEEEE, 37978914, 12153, 0003, 1.57868, 4.8547341
0xEEEE, 37982044, 12154, 0002, 1.19187, 4.8599222
0xEEEE, 37985172, 12155, 0002, 1.16205, 4.8577096
0xEEEE, 37988288, 12156, 0001, 0.78813, 4.8550393
0xEEEE, 37991412, 12157, 0001, 0.39165, 4.8606088
0xEEEE, 37994527, 12158, 0000, 0.39165, 4.8618296
0xEEEE, 37997688, 12159, 0000, 0.39004, 4.8509957
0xEEEE, 38000788, 12160, 0000, 0.01209, 4.8577859
0xEEEE, 38003912, 12161, 0000, 0.01128, 4.8596933
0xEEEE, 38007063, 12162, 0001, 0.01209, 4.8574044
0xEEEE, 38010162, 12163, 0001, 0.01128, 4.8471046
0xEEEE, 38013285, 12164, 0002, 0.40212, 4.8577096
0xEEEE, 38016410, 12165, 0002, 0.82278, 4.8674754
0xEEEE, 38019527, 12166, 0003, 0.78813, 4.8591592
0xEEEE, 38022659, 12167, 0003, 0.78813, 4.8480201
0xEEEE, 38025777, 12168, 0004, 1.18784, 4.8609140
0xEEEE, 38028902, 12169, 0004, 1.20073, 4.8639658
0xEEEE, 38032036, 12170, 0005, 1.57788, 4.8538949
0xEEEE, 38035151, 12171, 0005, 1.57788, 4.8545815
0xEEEE, 38038276, 12172, 0006, 1.97275, 4.8628977
0xEEEE, 38041411, 12173, 0006, 2.36278, 4.8548867
0xEEEE, 38044548, 12174, 0007, 2.36681, 4.8472572
0xEEEE, 38047670, 12175, 0007, 2.33216, 4.8589303
0xEEEE, 38050788, 12176, 0007, 2.54733, 4.8672465
0xEEEE, 38053914, 12177, 0007, 2.55136, 4.8551919
0xEEEE, 38057047, 12178, 0006, 2.55055, 4.8486305
0xEEEE, 38060163, 12179, 0006, 2.55136, 4.8599222
0xEEEE, 38063284, 12180, 0005, 2.36681, 4.8610666
0xEEEE, 38066411, 12181, 0005, 2.36762, 4.8527504
0xEEEE, 38069538, 12182, 0004, 1.97275, 4.8596170
0xEEEE, 38072668, 12183, 0004, 1.94777, 4.8603799
0xEEEE, 38075787, 12184, 0003, 1.57707, 4.8479438
0xEEEE, 38078911, 12185, 0003, 1.56821, 4.8527504
0xEEEE, 38082051, 12186, 0002, 1.18381, 4.8623636
0xEEEE, 38085152, 12187, 0002, 0.78813, 4.8631266
0xEEEE, 38088277, 12188, 0001, 0.79136, 4.8364233
0xEEEE, 38091401, 12189, 0001, 0.76396, 4.8495460
0xEEEE, 38094526, 12190, 0000, 0.43758, 4.8593118
0xEEEE, 38097659, 12191, 0000, 0.39245, 4.8640421
0xEEEE, 38100777, 12192, 0000, 0.01209, 4.8513771
0xEEEE, 38103902, 12193, 0000, 0.01128, 4.8535134
0xEEEE, 38107060, 12194, 0001, 0.01289, 4.8587015
0xEEEE, 38110164, 12195, 0001, 0.39245, 4.8504616
0xEEEE, 38113288, 12196, 0002, 0.39326, 4.8486305
0xEEEE, 38116413, 12197, 0002, 0.39326, 4.8590829
0xEEEE, 38119539, 12198, 0003, 0.78733, 4.8583200
0xEEEE, 38122671, 12199, 0003, 0.78974, 4.8471046
0xEEEE, 38125790, 12200, 0004, 1.18381, 4.8542000
0xEEEE, 38128928, 12201, 0004, 1.18381, 4.8617533
0xEEEE, 38132042, 12202, 0005, 1.58432, 4.8575570
0xEEEE, 38135161, 12203, 0005, 1.97355, 4.8493172
0xEEEE, 38138286, 12204, 0006, 1.97516, 4.8477150
0xEEEE, 38141412, 12205, 0006, 1.97275, 4.8614481
0xEEEE, 38144536, 12206, 0007, 2.39341, 4.8570230
0xEEEE, 38147668, 12207, 0007, 2.36681, 4.8525978
0xEEEE, 38150777, 12208, 0007, 2.55136, 4.8634318
0xEEEE, 38153902, 12209, 0007, 2.54894, 4.8552682
0xEEEE, 38157036, 12210, 0006, 2.55136, 4.8464942
0xEEEE, 38160151, 12211, 0006, 2.36601, 4.8564889
0xEEEE, 38163277, 12212, 0005, 2.36762, 4.8604562
0xEEEE, 38166410, 12213, 0005, 2.36762, 4.8637369
0xEEEE, 38169527, 12214, 0004, 1.97355, 4.8508431
0xEEEE, 38172662, 12215, 0004, 1.97275, 4.8530556
0xEEEE, 38175788, 12216, 0003, 1.58755, 4.8606851
0xEEEE, 38178913, 12217, 0003, 1.57949, 4.8477150
0xEEEE, 38182045, 12218, 0002, 1.18542, 4.8543526
0xEEEE, 38185164, 12219, 0002, 0.72769, 4.8630503
0xEEEE, 38188289, 12220, 0001, 0.78733, 4.8584726
0xEEEE, 38191413, 12221, 0001, 0.78894, 4.8471809
0xEEEE, 38194526, 12222, 0000, 0.39326, 4.8500801
0xEEEE, 38197679, 12223, 0000, 0.39165, 4.8615244
0xEEEE, 38200787, 12224, 0000, 0.01209, 4.8528267
0xEEEE, 38203911, 12225, 0000, 0.01128, 4.8538949
0xEEEE, 38207063, 12226, 0001, 0.01209, 4.8587015
0xEEEE, 38210162, 12227, 0001, 0.01209, 4.8569467
0xEEEE, 38213297, 12228, 0002, 0.39487, 4.8561074
0xEEEE, 38216401, 12229, 0002, 0.40454, 4.8589303
0xEEEE, 38219526, 12230, 0003, 0.78733, 4.8612955
0xEEEE, 38222659, 12231, 0003, 0.78894, 4.8535897
0xEEEE, 38225777, 12232, 0004, 1.18381, 4.8484016
0xEEEE, 38228902, 12233, 0004, 1.56176, 4.8540475
0xEEEE, 38232036, 12234, 0005, 1.57788, 4.8661021
0xEEEE, 38235151, 12235, 0005, 1.57949, 4.8447395
0xEEEE, 38238276, 12236, 0006, 1.99048, 4.8482490
0xEEEE, 38241413, 12237, 0006, 1.97275, 4.8580911
0xEEEE, 38244537, 12238, 0007, 2.36681, 4.8578622
0xEEEE, 38247670, 12239, 0007, 2.36278, 4.8558022
0xEEEE, 38250798, 12240, 0007, 2.55055, 4.8541238
0xEEEE, 38253914, 12241, 0007, 2.55136, 4.8618296
0xEEEE, 38257047, 12242, 0006, 2.54168, 4.8439765
0xEEEE, 38260162, 12243, 0006, 2.55458, 4.8451209
0xEEEE, 38263286, 12244, 0005, 2.33861, 4.8586252
0xEEEE, 38266411, 12245, 0005, 2.36037, 4.8661021
0xEEEE, 38269536, 12246, 0004, 1.97355, 4.8434424
0xEEEE, 38272668, 12247, 0004, 1.96872, 4.8496223
0xEEEE, 38275787, 12248, 0003, 1.57868, 4.8577096
0xEEEE, 38278911, 12249, 0003, 1.19106, 4.8551919
0xEEEE, 38282044, 12250, 0002, 1.16044, 4.8534371
0xEEEE, 38285152, 12251, 0002, 1.18300, 4.8543526
0xEEEE, 38288276, 12252, 0001, 0.78974, 4.8580911
0xEEEE, 38291401, 12253, 0001, 0.78974, 4.8519875
0xEEEE, 38294526, 12254, 0000, 0.40374, 4.8523690
0xEEEE, 38297670, 12255, 0000, 0.41421, 4.8570993
0xEEEE, 38300777, 12256, 0000, 0.01370, 4.8633555
0xEEEE, 38303902, 12257, 0000, 0.01209, 4.8549630
0xEEEE, 38307061, 12258, 0001, 0.01209, 4.8448920
0xEEEE, 38310172, 12259, 0001, 0.01209, 4.8614481
0xEEEE, 38313289, 12260, 0002, 0.39245, 4.8490883
0xEEEE, 38316413, 12261, 0002, 0.39165, 4.8573281
0xEEEE, 38319538, 12262, 0003, 0.78813, 4.8516823
0xEEEE, 38322671, 12263, 0003, 0.79136, 4.8636606
0xEEEE, 38325788, 12264, 0004, 1.20073, 4.8476387
0xEEEE, 38328907, 12265, 0004, 1.57868, 4.8463416
0xEEEE, 38332042, 12266, 0005, 1.57868, 4.8618296
0xEEEE, 38335161, 12267, 0005, 1.60447, 4.8532082
0xEEEE, 38338286, 12268, 0006, 1.97436, 4.8470283
0xEEEE, 38341412, 12269, 0006, 1.99451, 4.8497749
0xEEEE, 38344536, 12270, 0007, 2.36681, 4.8603799
0xEEEE, 38347668, 12271, 0007, 2.41436, 4.8584726
0xEEEE, 38350777, 12272, 0007, 2.54249, 4.8577859
0xEEEE, 38353902, 12273, 0007, 2.54894, 4.8527504
0xEEEE, 38357047, 12274, 0006, 2.55055, 4.8475624
0xEEEE, 38360152, 12275, 0006, 2.53604, 4.8448920
0xEEEE, 38363277, 12276, 0005, 2.37004, 4.8522927
0xEEEE, 38366402, 12277, 0005, 2.36762, 4.8633555
0xEEEE, 38369527, 12278, 0004, 1.96630, 4.8559548
0xEEEE, 38372663, 12279, 0004, 1.97355, 4.8399329
0xEEEE, 38375789, 12280, 0003, 1.58271, 4.8505379
0xEEEE, 38378913, 12281, 0003, 1.57949, 4.8616770
0xEEEE, 38382052, 12282, 0002, 1.18462, 4.8604562
0xEEEE, 38385164, 12283, 0002, 1.18300, 4.8539712
0xEEEE, 38388289, 12284, 0001, 0.83729, 4.8561837
0xEEEE, 38391413, 12285, 0001, 0.78894, 4.8580148
0xEEEE, 38394548, 12286, 0000, 0.39245, 4.8567178
0xEEEE, 38397679, 12287, 0000, 0.01209, 4.8516823
0xEEEE, 38400786, 12288, 0000, 0.01209, 4.8641184
0xEEEE, 38403912, 12289, 0000, 0.01128, 4.8555734
0xEEEE, 38407062, 12290, 0001, 0.01209, 4.8445869
0xEEEE, 38410162, 12291, 0001, 0.01209, 4.8547341
0xEEEE, 38413286, 12292, 0002, 0.39407, 4.8637369
0xEEEE, 38416401, 12293, 0002, 0.38842, 4.8582437
0xEEEE, 38419527, 12294, 0003, 0.76879, 4.8508431
0xEEEE, 38422659, 12295, 0003, 1.18381, 4.8589303
0xEEEE, 38425777, 12296, 0004, 1.18220, 4.8530556
0xEEEE, 38428901, 12297, 0004, 1.18542, 4.8498512
0xEEEE, 38432035, 12298, 0005, 1.56740, 4.8561837
0xEEEE, 38435151, 12299, 0005, 1.57788, 4.8638132
0xEEEE, 38438279, 12300, 0006, 1.96872, 4.8531319
0xEEEE, 38441423, 12301, 0006, 1.97436, 4.8473335
0xEEEE, 38444538, 12302, 0007, 2.36762, 4.8618296
0xEEEE, 38447670, 12303, 0007, 2.53766, 4.8632792
0xEEEE, 38450789, 12304, 0007, 2.55216, 4.8515297
0xEEEE, 38453914, 12305, 0007, 2.55136, 4.8462654
0xEEEE, 38457047, 12306, 0006, 2.52476, 4.8586252
0xEEEE, 38460152, 12307, 0006, 2.55136, 4.8512245
0xEEEE, 38463286, 12308, 0005, 2.36681, 4.8449683
0xEEEE, 38466411, 12309, 0005, 2.36923, 4.8535897
0xEEEE, 38469536, 12310, 0004, 1.97436, 4.8576333
0xEEEE, 38472668, 12311, 0004, 1.60286, 4.8492409
0xEEEE, 38475787, 12312, 0003, 1.57788, 4.8498512
0xEEEE, 38478921, 12313, 0003, 1.58110, 4.8618296
0xEEEE, 38482045, 12314, 0002, 1.22410, 4.8608377
0xEEEE, 38485152, 12315, 0002, 1.18300, 4.8529793
0xEEEE, 38488276, 12316, 0001, 0.78733, 4.8508431
0xEEEE, 38491402, 12317, 0001, 0.78894, 4.8586252
0xEEEE, 38494526, 12318, 0000, 0.39407, 4.8589303
0xEEEE, 38497660, 12319, 0000, 0.01128, 4.8504616
0xEEEE, 38500778, 12320, 0000, 0.01209, 4.8617533
0xEEEE, 38503902, 12321, 0000, 0.01209, 4.8607614
0xEEEE, 38507063, 12322, 0001, 0.01209, 4.8485542
0xEEEE, 38510164, 12323, 0001, 0.01209, 4.8471046
0xEEEE, 38513288, 12324, 0002, 0.39245, 4.8615244
0xEEEE, 38516413, 12325, 0002, 0.39245, 4.8638132
0xEEEE, 38519539, 12326, 0003, 0.78894, 4.8488594
0xEEEE, 38522672, 12327, 0003, 0.78813, 4.8532082
0xEEEE, 38525800, 12328, 0004, 1.17656, 4.8656443
0xEEEE, 38528908, 12329, 0004, 1.18381, 4.8516060
0xEEEE, 38532043, 12330, 0005, 1.57707, 4.8493935
0xEEEE, 38535161, 12331, 0005, 1.56418, 4.8616770
0xEEEE, 38538286, 12332, 0006, 1.97355, 4.8529030
0xEEEE, 38541412, 12333, 0006, 2.36601, 4.8516823
0xEEEE, 38544536, 12334, 0007, 2.36842, 4.8496986
0xEEEE, 38547668, 12335, 0007, 2.36842, 4.8628214
0xEEEE, 38550777, 12336, 0007, 2.55619, 4.8612955
0xEEEE, 38553902, 12337, 0007, 2.54974, 4.8423743
0xEEEE, 38557035, 12338, 0006, 2.55136, 4.8546578
0xEEEE, 38560151, 12339, 0006, 2.55780, 4.8607614
0xEEEE, 38563286, 12340, 0005, 2.36681, 4.8612192
0xEEEE, 38566402, 12341, 0005, 1.97275, 4.8464179
0xEEEE, 38569526, 12342, 0004, 1.97194, 4.8603799
0xEEEE, 38572665, 12343, 0004, 1.97275, 4.8530556
0xEEEE, 38575788, 12344, 0003, 1.58190, 4.8493935
0xEEEE, 38578913, 12345, 0003, 1.57788, 4.8510719
0xEEEE, 38582045, 12346, 0002, 1.18139, 4.8624399
0xEEEE, 38585164, 12347, 0002, 1.18139, 4.8467231
0xEEEE, 38588288, 12348, 0001, 0.78491, 4.8467994
0xEEEE, 38591413, 12349, 0001, 0.39165, 4.8555734
0xEEEE, 38594529, 12350, 0000, 0.39326, 4.8619821
0xEEEE, 38597668, 12351, 0000, 0.39326, 4.8449683
0xEEEE, 38600786, 12352, 0000, 0.01209, 4.8612955
0xEEEE, 38603912, 12353, 0000, 0.01209, 4.8612955
0xEEEE, 38607063, 12354, 0001, 0.01209, 4.8493935
0xEEEE, 38610171, 12355, 0001, 0.01289, 4.8561074
0xEEEE, 38613286, 12356, 0002, 0.39084, 4.8541238
0xEEEE, 38616402, 12357, 0002, 0.79055, 4.8634318
0xEEEE, 38619527, 12358, 0003, 0.80022, 4.8467994
0xEEEE, 38622668, 12359, 0003, 0.78733, 4.8496986
0xEEEE, 38625778, 12360, 0004, 1.18300, 4.8596933
0xEEEE, 38628901, 12361, 0004, 1.18542, 4.8601511
0xEEEE, 38632036, 12362, 0005, 1.57707, 4.8551156
0xEEEE, 38635151, 12363, 0005, 1.57788, 4.8562600
0xEEEE, 38638279, 12364, 0006, 1.96308, 4.8609903
0xEEEE, 38641412, 12365, 0006, 2.36601, 4.8496986
0xEEEE, 38644538, 12366, 0007, 2.33861, 4.8503853
0xEEEE, 38647677, 12367, 0007, 2.37245, 4.8599985
0xEEEE, 38650790, 12368, 0007, 2.55136, 4.8597696
0xEEEE, 38653914, 12369, 0007, 2.58601, 4.8564126
0xEEEE, 38657047, 12370, 0006, 2.54410, 4.8448920
0xEEEE, 38660151, 12371, 0006, 2.55216, 4.8596933
0xEEEE, 38663286, 12372, 0005, 2.29832, 4.8603037
0xEEEE, 38666411, 12373, 0005, 1.96952, 4.8491646
0xEEEE, 38669546, 12374, 0004, 1.97275, 4.8563363
0xEEEE, 38672668, 12375, 0004, 1.97355, 4.8533608
0xEEEE, 38675788, 12376, 0003, 1.57868, 4.8561837
0xEEEE, 38678911, 12377, 0003, 1.57788, 4.8512245
0xEEEE, 38682045, 12378, 0002, 1.18864, 4.8580911
0xEEEE, 38685151, 12379, 0002, 1.18300, 4.8598459
0xEEEE, 38688278, 12380, 0001, 0.78813, 4.8506142
0xEEEE, 38691402, 12381, 0001, 0.79055, 4.8512245
0xEEEE, 38694537, 12382, 0000, 0.38762, 4.8639658
0xEEEE, 38697659, 12383, 0000, 0.39729, 4.8548104
0xEEEE, 38700777, 12384, 0000, 0.01209, 4.8542763
0xEEEE, 38703902, 12385, 0000, 0.01289, 4.8532082
0xEEEE, 38707072, 12386, 0001, 0.01209, 4.8639658
0xEEEE, 38710164, 12387, 0001, 0.40777, 4.8554208
0xEEEE, 38713288, 12388, 0002, 0.35055, 4.8493172
0xEEEE, 38716414, 12389, 0002, 0.39245, 4.8638895
0xEEEE, 38719539, 12390, 0003, 0.78733, 4.8625925
0xEEEE, 38722671, 12391, 0003, 0.78813, 4.8492409
0xEEEE, 38725788, 12392, 0004, 1.17656, 4.8467994
0xEEEE, 38728912, 12393, 0004, 1.19751, 4.8628214
0xEEEE, 38732043, 12394, 0005, 1.57868, 4.8561837
0xEEEE, 38735161, 12395, 0005, 1.94696, 4.8556497
0xEEEE, 38738286, 12396, 0006, 1.97194, 4.8570230
0xEEEE, 38741411, 12397, 0006, 1.98242, 4.8580911
0xEEEE, 38744535, 12398, 0007, 2.36762, 4.8548867
0xEEEE, 38747668, 12399, 0007, 2.36601, 4.8524453
0xEEEE, 38750778, 12400, 0007, 2.56586, 4.8645762
0xEEEE, 38753913, 12401, 0007, 2.55216, 4.8608377
0xEEEE, 38757035, 12402, 0006, 2.55055, 4.8410010
0xEEEE, 38760152, 12403, 0006, 2.35473, 4.8551156
0xEEEE, 38763277, 12404, 0005, 2.36762, 4.8605325
0xEEEE, 38766401, 12405, 0005, 2.36681, 4.8516823
0xEEEE, 38769527, 12406, 0004, 1.97275, 4.8532845
0xEEEE, 38772666, 12407, 0004, 1.97436, 4.8562600
0xEEEE, 38775788, 12408, 0003, 1.58271, 4.8586252
0xEEEE, 38778916, 12409, 0003, 1.54242, 4.8487831
0xEEEE, 38782045, 12410, 0002, 1.18300, 4.8585489
0xEEEE, 38785164, 12411, 0002, 0.78088, 4.8652628
0xEEEE, 38788288, 12412, 0001, 0.80505, 4.8644999
0xEEEE, 38791422, 12413, 0001, 0.78894, 4.8494697
0xEEEE, 38794530, 12414, 0000, 0.39245, 4.8556497
0xEEEE, 38797668, 12415, 0000, 0.39326, 4.8663310
0xEEEE, 38800786, 12416, 0000, 0.01209, 4.8534371
0xEEEE, 38803912, 12417, 0000, 0.01209, 4.8518349
0xEEEE, 38807063, 12418, 0001, 0.01128, 4.8567178
0xEEEE, 38810162, 12419, 0001, 0.39245, 4.8603799
0xEEEE, 38813287, 12420, 0002, 0.39245, 4.8553445
0xEEEE, 38816401, 12421, 0002, 0.39165, 4.8531319
0xEEEE, 38819526, 12422, 0003, 0.78088, 4.8628214
0xEEEE, 38822659, 12423, 0003, 0.78410, 4.8478676
0xEEEE, 38825777, 12424, 0004, 1.18381, 4.8430610
0xEEEE, 38828902, 12425, 0004, 1.18462, 4.8535897
0xEEEE, 38832035, 12426, 0005, 1.59480, 4.8605325
0xEEEE, 38835152, 12427, 0005, 1.58029, 4.8432898
0xEEEE, 38838293, 12428, 0006, 1.97758, 4.8462654
0xEEEE, 38841413, 12429, 0006, 1.97194, 4.8593118
0xEEEE, 38844538, 12430, 0007, 2.36601, 4.8550393
0xEEEE, 38847670, 12431, 0007, 2.36601, 4.8569467
0xEEEE, 38850789, 12432, 0007, 2.55055, 4.8553445
0xEEEE, 38853914, 12433, 0007, 2.55136, 4.8554971
0xEEEE, 38857046, 12434, 0006, 2.55055, 4.8526741
0xEEEE, 38860152, 12435, 0006, 2.55055, 4.8473335
0xEEEE, 38863286, 12436, 0005, 2.36037, 4.8637369
0xEEEE, 38866411, 12437, 0005, 2.36762, 4.8628977
0xEEEE, 38869536, 12438, 0004, 1.97114, 4.8577859
0xEEEE, 38872668, 12439, 0004, 1.97275, 4.8513771
0xEEEE, 38875795, 12440, 0003, 1.57788, 4.8596170
0xEEEE, 38878911, 12441, 0003, 1.18220, 4.8531319
0xEEEE, 38882045, 12442, 0002, 1.18220, 4.8493935
0xEEEE, 38885151, 12443, 0002, 1.18381, 4.8615244
0xEEEE, 38888276, 12444, 0001, 0.78813, 4.8556497
0xEEEE, 38891401, 12445, 0001, 0.78813, 4.8421454
0xEEEE, 38894526, 12446, 0000, 0.39165, 4.8523690
0xEEEE, 38897659, 12447, 0000, 0.39407, 4.8630503
0xEEEE, 38900777, 12448, 0000, 0.01209, 4.8639658
0xEEEE, 38903903, 12449, 0000, 0.01209, 4.8496986
0xEEEE, 38907064, 12450, 0001, 0.01209, 4.8489357
0xEEEE, 38910164, 12451, 0001, 0.01209, 4.8614481
0xEEEE, 38913288, 12452, 0002, 0.40696, 4.8436713
0xEEEE, 38916414, 12453, 0002, 0.43839, 4.8457313
0xEEEE, 38919539, 12454, 0003, 0.78894, 4.8635080
0xEEEE, 38922681, 12455, 0003, 0.78894, 4.8537423
0xEEEE, 38925788, 12456, 0004, 1.18139, 4.8503090
0xEEEE, 38928912, 12457, 0004, 1.61897, 4.8606088
0xEEEE, 38932043, 12458, 0005, 1.57626, 4.8618296
0xEEEE, 38935169, 12459, 0005, 1.58110, 4.8504616
0xEEEE, 38938286, 12460, 0006, 1.97275, 4.8505379
0xEEEE, 38941411, 12461, 0006, 1.97275, 4.8513008
0xEEEE, 38944535, 12462, 0007, 2.36762, 4.8580148
0xEEEE, 38947669, 12463, 0007, 2.37487, 4.8567178
0xEEEE, 38950777, 12464, 0007, 2.55700, 4.8553445
0xEEEE, 38953902, 12465, 0007, 2.55216, 4.8650340
0xEEEE, 38957035, 12466, 0006, 2.54168, 4.8528267
0xEEEE, 38960160, 12467, 0006, 2.55619, 4.8542763
0xEEEE, 38963276, 12468, 0005, 2.36842, 4.8555734
0xEEEE, 38966402, 12469, 0005, 2.39260, 4.8638132
0xEEEE, 38969527, 12470, 0004, 1.97194, 4.8545052
0xEEEE, 38972668, 12471, 0004, 1.98403, 4.8453498
0xEEEE, 38975788, 12472, 0003, 1.57707, 4.8574044
0xEEEE, 38978913, 12473, 0003, 1.20799, 4.8577096
0xEEEE, 38982055, 12474, 0002, 1.18381, 4.8496223
0xEEEE, 38985164, 12475, 0002, 1.18462, 4.8616007
0xEEEE, 38988288, 12476, 0001, 0.77927, 4.8600748
0xEEEE, 38991413, 12477, 0001, 0.81311, 4.8506905
0xEEEE, 38994532, 12478, 0000, 0.39245, 4.8511482
0xEEEE, 38997668, 12479, 0000, 0.39245, 4.8594644
0xEEEE, 39000787, 12480, 0000, 0.01209, 4.8608377
0xEEEE, 39003912, 12481, 0000, 0.01209, 4.8461891
0xEEEE, 39007073, 12482, 0001, 0.01209, 4.8474861
0xEEEE, 39010162, 12483, 0001, 0.01209, 4.8608377
0xEEEE, 39013285, 12484, 0002, 0.39326, 4.8548104
0xEEEE, 39016401, 12485, 0002, 0.39165, 4.8515297
0xEEEE, 39019535, 12486, 0003, 0.78974, 4.8561837
0xEEEE, 39022659, 12487, 0003, 1.16769, 4.8635843
0xEEEE, 39025777, 12488, 0004, 1.18381, 4.8526741
0xEEEE, 39028902, 12489, 0004, 1.18220, 4.8469520
0xEEEE, 39032036, 12490, 0005, 1.58190, 4.8635080
0xEEEE, 39035151, 12491, 0005, 1.57949, 4.8573281
0xEEEE, 39038282, 12492, 0006, 1.97436, 4.8541238
0xEEEE, 39041413, 12493, 0006, 1.97275, 4.8508431
0xEEEE, 39044538, 12494, 0007, 2.34667, 4.8592355
0xEEEE, 39047670, 12495, 0007, 2.54813, 4.8576333
0xEEEE, 39050790, 12496, 0007, 2.55055, 4.8502327
0xEEEE, 39053914, 12497, 0007, 2.56586, 4.8576333
0xEEEE, 39057046, 12498, 0006, 2.55055, 4.8608377
0xEEEE, 39060154, 12499, 0006, 2.55136, 4.8493172
0xEEEE, 39063287, 12500, 0005, 2.33216, 4.8516823
0xEEEE, 39066422, 12501, 0005, 2.36601, 4.8628214
0xEEEE, 39069536, 12502, 0004, 1.97275, 4.8544289
0xEEEE, 39072668, 12503, 0004, 1.57546, 4.8489357
0xEEEE, 39075787, 12504, 0003, 1.58271, 4.8517586
0xEEEE, 39078911, 12505, 0003, 1.57949, 4.8641947
0xEEEE, 39082044, 12506, 0002, 1.18462, 4.8638132
0xEEEE, 39085152, 12507, 0002, 1.23458, 4.8537423
0xEEEE, 39088276, 12508, 0001, 0.78733, 4.8532845
0xEEEE, 39091412, 12509, 0001, 0.78894, 4.8585489
0xEEEE, 39094526, 12510, 0000, 0.39245, 4.8471809
0xEEEE, 39097660, 12511, 0000, 0.01209, 4.8569467
0xEEEE, 39100777, 12512, 0000, 0.01209, 4.8634318
0xEEEE, 39103914, 12513, 0000, 0.01209, 4.8603799
0xEEEE, 39107064, 12514, 0001, 0.01128, 4.8478676
0xEEEE, 39110164, 12515, 0001, 0.01209, 4.8564889
0xEEEE, 39113288, 12516, 0002, 0.39165, 4.8611429
0xEEEE, 39116414, 12517, 0002, 0.37956, 4.8538949
0xEEEE, 39119539, 12518, 0003, 0.78894, 4.8480201
0xEEEE, 39122671, 12519, 0003, 1.18300, 4.8562600
0xEEEE, 39125790, 12520, 0004, 1.18381, 4.8593118
0xEEEE, 39128911, 12521, 0004, 1.21524, 4.8580911
0xEEEE, 39132043, 12522, 0005, 1.57788, 4.8556497
0xEEEE, 39135161, 12523, 0005, 1.58029, 4.8639658
0xEEEE, 39138287, 12524, 0006, 1.97275, 4.8545052
0xEEEE, 39141412, 12525, 0006, 1.97114, 4.8460365
0xEEEE, 39144535, 12526, 0007, 2.36762, 4.8554208
0xEEEE, 39147668, 12527, 0007, 2.56103, 4.8624399
0xEEEE, 39150788, 12528, 0007, 2.55297, 4.8605325
0xEEEE, 39153902, 12529, 0007, 2.55216, 4.8495460
0xEEEE, 39157036, 12530, 0006, 2.55136, 4.8605325
0xEEEE, 39160151, 12531, 0006, 2.54974, 4.8585489
0xEEEE, 39163276, 12532, 0005, 2.36681, 4.8561074
0xEEEE, 39166401, 12533, 0005, 2.37407, 4.8551156
0xEEEE, 39169526, 12534, 0004, 1.97355, 4.8661021
0xEEEE, 39172670, 12535, 0004, 1.97355, 4.8513771
0xEEEE, 39175788, 12536, 0003, 1.57949, 4.8456550
0xEEEE, 39178914, 12537, 0003, 1.60044, 4.8619821
0xEEEE, 39182045, 12538, 0002, 1.18220, 4.8657206
0xEEEE, 39185164, 12539, 0002, 1.18300, 4.8499275
0xEEEE, 39188298, 12540, 0001, 0.78733, 4.8519112
0xEEEE, 39191413, 12541, 0001, 0.42952, 4.8590066
0xEEEE, 39194533, 12542, 0000, 0.39326, 4.8488594
0xEEEE, 39197668, 12543, 0000, 0.39245, 4.8581674
0xEEEE, 39200787, 12544, 0000, 0.01209, 4.8621347
0xEEEE, 39203911, 12545, 0000, 0.01209, 4.8606088
0xEEEE, 39207063, 12546, 0001, 0.01209, 4.8581674
0xEEEE, 39210162, 12547, 0001, 0.01128, 4.8529030
0xEEEE, 39213285, 12548, 0002, 0.39165, 4.8619059
0xEEEE, 39216402, 12549, 0002, 0.78652, 4.8583963
0xEEEE, 39219526, 12550, 0003, 0.78894, 4.8515297
0xEEEE, 39222659, 12551, 0003, 0.81311, 4.8537423
0xEEEE, 39225777, 12552, 0004, 1.18300, 4.8602274
0xEEEE, 39228902, 12553, 0004, 1.18381, 4.8491646
0xEEEE, 39232036, 12554, 0005, 1.57868, 4.8489357
0xEEEE, 39235163, 12555, 0005, 1.57868, 4.8608377
0xEEEE, 39238284, 12556, 0006, 1.97919, 4.8564889
0xEEEE, 39241413, 12557, 0006, 2.36681, 4.8551156
0xEEEE, 39244538, 12558, 0007, 2.37568, 4.8537423
0xEEEE, 39247679, 12559, 0007, 2.36681, 4.8654917
0xEEEE, 39250789, 12560, 0007, 2.55136, 4.8601511
0xEEEE, 39253913, 12561, 0007, 2.54088, 4.8493172
0xEEEE, 39257046, 12562, 0006, 2.55216, 4.8577096
0xEEEE, 39260156, 12563, 0006, 2.55136, 4.8626688
0xEEEE, 39263286, 12564, 0005, 2.38374, 4.8522927
0xEEEE, 39266411, 12565, 0005, 1.97678, 4.8493172
0xEEEE, 39269536, 12566, 0004, 1.94857, 4.8591592
0xEEEE, 39272676, 12567, 0004, 1.97114, 4.8600748
0xEEEE, 39275787, 12568, 0003, 1.57788, 4.8443580
0xEEEE, 39278911, 12569, 0003, 1.57788, 4.8551156
0xEEEE, 39282045, 12570, 0002, 1.18300, 4.8667124
0xEEEE, 39285151, 12571, 0002, 1.20476, 4.8584726
0xEEEE, 39288276, 12572, 0001, 0.78813, 4.8511482
0xEEEE, 39291402, 12573, 0001, 0.39165, 4.8547341
0xEEEE, 39294527, 12574, 0000, 0.39487, 4.8574807
0xEEEE, 39297659, 12575, 0000, 0.39004, 4.8565652
0xEEEE, 39300777, 12576, 0000, 0.01209, 4.8539712
0xEEEE, 39303906, 12577, 0000, 0.01128, 4.8621347
0xEEEE, 39307064, 12578, 0001, 0.01209, 4.8518349
0xEEEE, 39310164, 12579, 0001, 0.01209, 4.8575570
0xEEEE, 39313289, 12580, 0002, 0.37714, 4.8557259
0xEEEE, 39316414, 12581, 0002, 0.42872, 4.8662547
0xEEEE, 39319549, 12582, 0003, 0.78813, 4.8542000
0xEEEE, 39322671, 12583, 0003, 0.78813, 4.8494697
0xEEEE, 39325778, 12584, 0004, 1.18139, 4.8557259
0xEEEE, 39328912, 12585, 0004, 1.20557, 4.8607614
0xEEEE, 39332051, 12586, 0005, 1.57788, 4.8524453
0xEEEE, 39335161, 12587, 0005, 1.98967, 4.8574807
0xEEEE, 39338287, 12588, 0006, 1.97436, 4.8594644
0xEEEE, 39341411, 12589, 0006, 1.97919, 4.8516060
0xEEEE, 39344536, 12590, 0007, 2.36681, 4.8563363
0xEEEE, 39347669, 12591, 0007, 2.37004, 4.8641947
0xEEEE, 39350777, 12592, 0007, 2.55216, 4.8654154
0xEEEE, 39353902, 12593, 0007, 2.55297, 4.8548104
0xEEEE, 39357039, 12594, 0006, 2.55136, 4.8448157
0xEEEE, 39360152, 12595, 0006, 2.35875, 4.8609903
0xEEEE, 39363277, 12596, 0005, 2.36762, 4.8665599
0xEEEE, 39366402, 12597, 0005, 2.36762, 4.8619821
0xEEEE, 39369527, 12598, 0004, 1.97355, 4.8566415
0xEEEE, 39372670, 12599, 0004, 1.97275, 4.8614481
0xEEEE, 39375789, 12600, 0003, 1.57707, 4.8525216
0xEEEE, 39378924, 12601, 0003, 1.56821, 4.8552682
0xEEEE, 39382044, 12602, 0002, 1.18300, 4.8616770
0xEEEE, 39385164, 12603, 0002, 0.78813, 4.8585489
0xEEEE, 39388287, 12604, 0001, 0.79055, 4.8558785
0xEEEE, 39391413, 12605, 0001, 0.80425, 4.8501564
0xEEEE, 39394536, 12606, 0000, 0.38117, 4.8620584
0xEEEE, 39397668, 12607, 0000, 0.39165, 4.8642710
0xEEEE, 39400786, 12608, 0000, 0.01209, 4.8504616
0xEEEE, 39403921, 12609, 0000, 0.01209, 4.8601511
0xEEEE, 39407063, 12610, 0001, 0.01209, 4.8567178
0xEEEE, 39410161, 12611, 0001, 0.39245, 4.8482490
0xEEEE, 39413285, 12612, 0002, 0.39245, 4.8533608
0xEEEE, 39416410, 12613, 0002, 0.39326, 4.8642710
0xEEEE, 39419527, 12614, 0003, 0.78571, 4.8583963
0xEEEE, 39422659, 12615, 0003, 0.78410, 4.8460365
0xEEEE, 39425777, 12616, 0004, 1.18381, 4.8448157
0xEEEE, 39428902, 12617, 0004, 1.18300, 4.8614481
0xEEEE, 39432035, 12618, 0005, 1.57788, 4.8500801
0xEEEE, 39435152, 12619, 0005, 1.97355, 4.8542763
0xEEEE, 39438286, 12620, 0006, 1.97355, 4.8564889
0xEEEE, 39441413, 12621, 0006, 1.97275, 4.8578622
0xEEEE, 39444538, 12622, 0007, 2.35714, 4.8498512
0xEEEE, 39447670, 12623, 0007, 2.36681, 4.8530556
0xEEEE, 39450789, 12624, 0007, 2.55136, 4.8639658
0xEEEE, 39453913, 12625, 0007, 2.55136, 4.8625162
0xEEEE, 39457047, 12626, 0006, 2.55216, 4.8460365
0xEEEE, 39460158, 12627, 0006, 2.37326, 4.8509957
0xEEEE, 39463297, 12628, 0005, 2.36520, 4.8650340
0xEEEE, 39466411, 12629, 0005, 2.36681, 4.8602274
0xEEEE, 39469536, 12630, 0004, 1.98484, 4.8499275
0xEEEE, 39472669, 12631, 0004, 1.97275, 4.8581674
0xEEEE, 39475786, 12632, 0003, 1.60044, 4.8645762
0xEEEE, 39478911, 12633, 0003, 1.57949, 4.8554971
0xEEEE, 39482045, 12634, 0002, 1.18462, 4.8536660
0xEEEE, 39485151, 12635, 0002, 1.15399, 4.8616770
0xEEEE, 39488277, 12636, 0001, 0.78813, 4.8595407
0xEEEE, 39491402, 12637, 0001, 0.78813, 4.8403143
0xEEEE, 39494527, 12638, 0000, 0.39326, 4.8609140
0xEEEE, 39497659, 12639, 0000, 0.39326, 4.8606088
0xEEEE, 39500786, 12640, 0000, 0.01128, 4.8559548
0xEEEE, 39503908, 12641, 0000, 0.01209, 4.8478676
0xEEEE, 39507064, 12642, 0001, 0.01451, 4.8614481
0xEEEE, 39510164, 12643, 0001, 0.01209, 4.8590066
0xEEEE, 39513288, 12644, 0002, 0.39568, 4.8640421
0xEEEE, 39516414, 12645, 0002, 0.39407, 4.8640421
0xEEEE, 39519538, 12646, 0003, 0.82198, 4.8616770
0xEEEE, 39522670, 12647, 0003, 0.78813, 4.8546578
0xEEEE, 39525779, 12648, 0004, 1.18220, 4.8418402
0xEEEE, 39528911, 12649, 0004, 1.57062, 4.8599222
0xEEEE, 39532043, 12650, 0005, 1.57788, 4.8574044
0xEEEE, 39535161, 12651, 0005, 1.57868, 4.8545815
0xEEEE, 39538287, 12652, 0006, 1.98967, 4.8531319
0xEEEE, 39541411, 12653, 0006, 1.97436, 4.8576333
0xEEEE, 39544536, 12654, 0007, 2.36601, 4.8471809
0xEEEE, 39547680, 12655, 0007, 2.37084, 4.8477913
0xEEEE, 39550777, 12656, 0007, 2.55055, 4.8609903
0xEEEE, 39553902, 12657, 0007, 2.55136, 4.8621347
0xEEEE, 39557036, 12658, 0006, 2.55700, 4.8435187
0xEEEE, 39560151, 12659, 0006, 2.55136, 4.8455024
0xEEEE, 39563278, 12660, 0005, 2.38857, 4.8648814
0xEEEE, 39566401, 12661, 0005, 2.36359, 4.8593118
0xEEEE, 39569527, 12662, 0004, 1.97275, 4.8500038
0xEEEE, 39572670, 12663, 0004, 1.97033, 4.8615244
0xEEEE, 39575789, 12664, 0003, 1.57868, 4.8609903
0xEEEE, 39578913, 12665, 0003, 1.18462, 4.8562600
0xEEEE, 39582044, 12666, 0002, 1.18864, 4.8519112
0xEEEE, 39585172, 12667, 0002, 1.18300, 4.8600748
0xEEEE, 39588287, 12668, 0001, 0.78733, 4.8599985
0xEEEE, 39591401, 12669, 0001, 0.79055, 4.8491646
0xEEEE, 39594536, 12670, 0000, 0.38842, 4.8561074
0xEEEE, 39597669, 12671, 0000, 0.40857, 4.8627451
0xEEEE, 39600786, 12672, 0000, 0.01128, 4.8524453
0xEEEE, 39603912, 12673, 0000, 0.01209, 4.8576333
0xEEEE, 39607074, 12674, 0001, 0.01209, 4.8527504
0xEEEE, 39610161, 12675, 0001, 0.01289, 4.8613718
0xEEEE, 39613276, 12676, 0002, 0.39326, 4.8600748
0xEEEE, 39616402, 12677, 0002, 0.39326, 4.8550393
0xEEEE, 39619527, 12678, 0003, 0.78894, 4.8570230
0xEEEE, 39622659, 12679, 0003, 0.78813, 4.8542000
0xEEEE, 39625778, 12680, 0004, 1.18220, 4.8459602
0xEEEE, 39628902, 12681, 0004, 1.18300, 4.8544289
0xEEEE, 39632044, 12682, 0005, 1.57949, 4.8616007
0xEEEE, 39635151, 12683, 0005, 1.59641, 4.8513008
0xEEEE, 39638288, 12684, 0006, 1.97355, 4.8392462
0xEEEE, 39641412, 12685, 0006, 1.96952, 4.8552682
0xEEEE, 39644546, 12686, 0007, 2.36440, 4.8564889
0xEEEE, 39647670, 12687, 0007, 2.55136, 4.8502327
0xEEEE, 39650789, 12688, 0007, 2.55941, 4.8558022
0xEEEE, 39653913, 12689, 0007, 2.55055, 4.8596933
0xEEEE, 39657046, 12690, 0006, 2.57795, 4.8560311
0xEEEE, 39660159, 12691, 0006, 2.55861, 4.8505379
0xEEEE, 39663286, 12692, 0005, 2.37004, 4.8580911
0xEEEE, 39666411, 12693, 0005, 2.38051, 4.8651865
0xEEEE, 39669542, 12694, 0004, 1.97919, 4.8524453
0xEEEE, 39672669, 12695, 0004, 1.57788, 4.8474098
0xEEEE, 39675787, 12696, 0003, 1.58190, 4.8580911
0xEEEE, 39678911, 12697, 0003, 1.57788, 4.8598459
0xEEEE, 39682044, 12698, 0002, 1.18381, 4.8480201
0xEEEE, 39685151, 12699, 0002, 1.18542, 4.8640421
0xEEEE, 39688278, 12700, 0001, 0.78813, 4.8590066
0xEEEE, 39691401, 12701, 0001, 0.78813, 4.8506905
0xEEEE, 39694526, 12702, 0000, 0.39407, 4.8471809
0xEEEE, 39697659, 12703, 0000, 0.01209, 4.8633555
0xEEEE, 39700777, 12704, 0000, 0.01209, 4.8597696
0xEEEE, 39703910, 12705, 0000, 0.01209, 4.8517586
0xEEEE, 39707064, 12706, 0001, 0.01209, 4.8480964
0xEEEE, 39710164, 12707, 0001, 0.01209, 4.8606851
0xEEEE, 39713288, 12708, 0002, 0.39326, 4.8567941
0xEEEE, 39716422, 12709, 0002, 0.39165, 4.8531319
0xEEEE, 39719538, 12710, 0003, 0.78733, 4.8580911
0xEEEE, 39722670, 12711, 0003, 1.13546, 4.8549630
0xEEEE, 39725781, 12712, 0004, 1.18220, 4.8523690
0xEEEE, 39728920, 12713, 0004, 1.18139, 4.8509194
0xEEEE, 39732043, 12714, 0005, 1.57868, 4.8625162
0xEEEE, 39735161, 12715, 0005, 1.57788, 4.8582437
0xEEEE, 39738287, 12716, 0006, 2.00659, 4.8513771
0xEEEE, 39741411, 12717, 0006, 1.97275, 4.8493172
0xEEEE, 39744536, 12718, 0007, 2.40791, 4.8616007
0xEEEE, 39747669, 12719, 0007, 2.55297, 4.8535897
0xEEEE, 39750778, 12720, 0007, 2.55216, 4.8509957
0xEEEE, 39753901, 12721, 0007, 2.57150, 4.8601511
0xEEEE, 39757036, 12722, 0006, 2.55377, 4.8553445
0xEEEE, 39760151, 12723, 0006, 2.55136, 4.8484016
0xEEEE, 39763277, 12724, 0005, 2.36681, 4.8508431
0xEEEE, 39766402, 12725, 0005, 2.36681, 4.8627451
0xEEEE, 39769530, 12726, 0004, 1.97275, 4.8627451
0xEEEE, 39772670, 12727, 0004, 1.58593, 4.8488594
0xEEEE, 39775799, 12728, 0003, 1.57868, 4.8506905
0xEEEE, 39778914, 12729, 0003, 1.58190, 4.8651102
0xEEEE, 39782044, 12730, 0002, 1.18945, 4.8466468
0xEEEE, 39785164, 12731, 0002, 1.18300, 4.8536660
0xEEEE, 39788288, 12732, 0001, 0.78813, 4.8593881
0xEEEE, 39791402, 12733, 0001, 0.78974, 4.8527504
0xEEEE, 39794536, 12734, 0000, 0.38842, 4.8469520
0xEEEE, 39797668, 12735, 0000, 0.37875, 4.8600748
0xEEEE, 39800797, 12736, 0000, 0.01209, 4.8627451
0xEEEE, 39803912, 12737, 0000, 0.01209, 4.8593881
0xEEEE, 39807063, 12738, 0001, 0.01128, 4.8415351
0xEEEE, 39810161, 12739, 0001, 0.01128, 4.8525216
0xEEEE, 39813294, 12740, 0002, 0.40454, 4.8599222
0xEEEE, 39816401, 12741, 0002, 0.79055, 4.8522164
0xEEEE, 39819527, 12742, 0003, 0.78974, 4.8515297
0xEEEE, 39822659, 12743, 0003, 0.78813, 4.8577096
0xEEEE, 39825778, 12744, 0004, 1.18462, 4.8563363
0xEEEE, 39828902, 12745, 0004, 1.18300, 4.8545052
0xEEEE, 39832036, 12746, 0005, 1.57707, 4.8550393
0xEEEE, 39835151, 12747, 0005, 1.58190, 4.8593118
0xEEEE, 39838287, 12748, 0006, 1.97355, 4.8570993
0xEEEE, 39841413, 12749, 0006, 2.40711, 4.8570993
0xEEEE, 39844538, 12750, 0007, 2.36601, 4.8596170
0xEEEE, 39847670, 12751, 0007, 2.36681, 4.8639658
0xEEEE, 39850789, 12752, 0007, 2.55055, 4.8536660
0xEEEE, 39853913, 12753, 0007, 2.54974, 4.8559548
0xEEEE, 39857047, 12754, 0006, 2.55216, 4.8612955
0xEEEE, 39860182, 12755, 0006, 2.55458, 4.8548867
0xEEEE, 39863286, 12756, 0005, 2.36601, 4.8532845
0xEEEE, 39866411, 12757, 0005, 1.97355, 4.8587778
0xEEEE, 39869536, 12758, 0004, 1.97194, 4.8616007
0xEEEE, 39872669, 12759, 0004, 1.97275, 4.8535134
0xEEEE, 39875788, 12760, 0003, 1.57788, 4.8449683
0xEEEE, 39878911, 12761, 0003, 1.62864, 4.8609140
0xEEEE, 39882035, 12762, 0002, 1.18462, 4.8559548
0xEEEE, 39885152, 12763, 0002, 1.18542, 4.8536660
0xEEEE, 39888276, 12764, 0001, 0.77927, 4.8517586
0xEEEE, 39891401, 12765, 0001, 0.39326, 4.8617533
0xEEEE, 39894526, 12766, 0000, 0.39326, 4.8532082
0xEEEE, 39897668, 12767, 0000, 0.39326, 4.8539712
0xEEEE, 39900777, 12768, 0000, 0.01209, 4.8639658
0xEEEE, 39903911, 12769, 0000, 0.01209, 4.8538186
0xEEEE, 39907065, 12770, 0001, 0.01209, 4.8474098
0xEEEE, 39910164, 12771, 0001, 0.01128, 4.8532082
0xEEEE, 39913288, 12772, 0002, 0.39165, 4.8638132
0xEEEE, 39916414, 12773, 0002, 0.78813, 4.8585489
0xEEEE, 39919538, 12774, 0003, 0.78330, 4.8480201
0xEEEE, 39922670, 12775, 0003, 0.81634, 4.8571756
0xEEEE, 39925783, 12776, 0004, 1.18300, 4.8509957
0xEEEE, 39928911, 12777, 0004, 1.18462, 4.8542000
0xEEEE, 39932043, 12778, 0005, 1.61253, 4.8608377
0xEEEE, 39935161, 12779, 0005, 1.57949, 4.8622873
0xEEEE, 39938286, 12780, 0006, 1.98161, 4.8516060
0xEEEE, 39941411, 12781, 0006, 1.97275, 4.8454261
0xEEEE, 39944547, 12782, 0007, 2.36037, 4.8561074
0xEEEE, 39947668, 12783, 0007, 2.36440, 4.8637369
0xEEEE, 39950777, 12784, 0007, 2.55055, 4.8500038
0xEEEE, 39953902, 12785, 0007, 2.55780, 4.8540475
0xEEEE, 39957035, 12786, 0006, 2.55055, 4.8594644
0xEEEE, 39960151, 12787, 0006, 2.36762, 4.8558022
0xEEEE, 39963276, 12788, 0005, 2.38938, 4.8461891
0xEEEE, 39966402, 12789, 0005, 2.36923, 4.8523690
0xEEEE, 39969531, 12790, 0004, 1.93648, 4.8619059
0xEEEE, 39972670, 12791, 0004, 1.97194, 4.8493172
0xEEEE, 39975788, 12792, 0003, 1.57868, 4.8544289
0xEEEE, 39978914, 12793, 0003, 1.57788, 4.8593118
0xEEEE, 39982051, 12794, 0002, 1.18381, 4.8603799
0xEEEE, 39985163, 12795, 0002, 0.78813, 4.8541238
0xEEEE, 39988288, 12796, 0001, 0.78974, 4.8546578
0xEEEE, 39991403, 12797, 0001, 0.78813, 4.8583963
0xEEEE, 39994536, 12798, 0000, 0.39407, 4.8615244
0xEEEE, 39997668, 12799, 0000, 0.39568, 4.8489357
0xEEEE, 40000788, 12800, 0000, 0.01209, 4.8590829
0xEEEE, 40003912, 12801, 0000, 0.01128, 4.8599985
0xEEEE, 40007063, 12802, 0001, 0.01209, 4.8506142
0xEEEE, 40010162, 12803, 0001, 0.41099, 4.8482490
0xEEEE, 40013276, 12804, 0002, 0.37473, 4.8589303
0xEEEE, 40016401, 12805, 0002, 0.37473, 4.8587778
0xEEEE, 40019527, 12806, 0003, 0.78894, 4.8544289
0xEEEE, 40022659, 12807, 0003, 0.78974, 4.8512245
0xEEEE, 40025777, 12808, 0004, 1.17897, 4.8554208
0xEEEE, 40028912, 12809, 0004, 1.19187, 4.8558022
0xEEEE, 40032035, 12810, 0005, 1.57868, 4.8570230
0xEEEE, 40035153, 12811, 0005, 1.96791, 4.8638132
0xEEEE, 40038288, 12812, 0006, 1.97436, 4.8578622
0xEEEE, 40041421, 12813, 0006, 1.98484, 4.8488594
0xEEEE, 40044538, 12814, 0007, 2.36601, 4.8507668
0xEEEE, 40047670, 12815, 0007, 2.34828, 4.8609140
0xEEEE, 40050789, 12816, 0007, 2.54491, 4.8519112
0xEEEE, 40053913, 12817, 0007, 2.55136, 4.8542763
0xEEEE, 40057047, 12818, 0006, 2.55216, 4.8496223
0xEEEE, 40060161, 12819, 0006, 2.38293, 4.8583963
0xEEEE, 40063287, 12820, 0005, 2.36681, 4.8477913
0xEEEE, 40066415, 12821, 0005, 2.36601, 4.8545815
0xEEEE, 40069537, 12822, 0004, 1.97678, 4.8612192
0xEEEE, 40072669, 12823, 0004, 2.01385, 4.8527504
0xEEEE, 40075786, 12824, 0003, 1.57868, 4.8562600
0xEEEE, 40078911, 12825, 0003, 1.58110, 4.8534371
0xEEEE, 40082036, 12826, 0002, 1.18300, 4.8635843
0xEEEE, 40085151, 12827, 0002, 0.79216, 4.8572519
0xEEEE, 40088276, 12828, 0001, 0.79055, 4.8460365
0xEEEE, 40091401, 12829, 0001, 0.77927, 4.8564889
0xEEEE, 40094526, 12830, 0000, 0.39165, 4.8598459
0xEEEE, 40097659, 12831, 0000, 0.39326, 4.8486305
0xEEEE, 40100777, 12832, 0000, 0.01209, 4.8580148
0xEEEE, 40103913, 12833, 0000, 0.01209, 4.8630503
0xEEEE, 40107065, 12834, 0001, 0.01209, 4.8524453
0xEEEE, 40110164, 12835, 0001, 0.01209, 4.8406195
0xEEEE, 40113296, 12836, 0002, 0.39245, 4.8609903
0xEEEE, 40116413, 12837, 0002, 0.39326, 4.8641184
0xEEEE, 40119537, 12838, 0003, 0.78974, 4.8538186
0xEEEE, 40122671, 12839, 0003, 0.78491, 4.8440528
0xEEEE, 40125806, 12840, 0004, 1.18300, 4.8582437
0xEEEE, 40128911, 12841, 0004, 1.57868, 4.8603799
0xEEEE, 40132043, 12842, 0005, 1.58190, 4.8581674
0xEEEE, 40135161, 12843, 0005, 1.57868, 4.8537423
0xEEEE, 40138287, 12844, 0006, 1.97275, 4.8597696
0xEEEE, 40141411, 12845, 0006, 1.97275, 4.8532082
0xEEEE, 40144536, 12846, 0007, 2.37407, 4.8474861
0xEEEE, 40147659, 12847, 0007, 2.36681, 4.8634318
0xEEEE, 40150776, 12848, 0007, 2.55136, 4.8606088
0xEEEE, 40153902, 12849, 0007, 2.57231, 4.8532845
0xEEEE, 40157036, 12850, 0006, 2.55136, 4.8498512
0xEEEE, 40160152, 12851, 0006, 2.55136, 4.8598459
0xEEEE, 40163277, 12852, 0005, 2.36681, 4.8529030
0xEEEE, 40166402, 12853, 0005, 2.36681, 4.8561837
0xEEEE, 40169532, 12854, 0004, 1.97839, 4.8558785
0xEEEE, 40172681, 12855, 0004, 1.97355, 4.8577096
0xEEEE, 40175789, 12856, 0003, 1.55289, 4.8548104
0xEEEE, 40178914, 12857, 0003, 1.18300, 4.8551919
0xEEEE, 40182044, 12858, 0002, 1.18300, 4.8640421
0xEEEE, 40185163, 12859, 0002, 1.17333, 4.8619059
0xEEEE, 40188289, 12860, 0001, 0.78813, 4.8423743
0xEEEE, 40191405, 12861, 0001, 0.78894, 4.8468757
0xEEEE, 40194536, 12862, 0000, 0.39165, 4.8597696
0xEEEE, 40197668, 12863, 0000, 0.39245, 4.8582437
0xEEEE, 40200787, 12864, 0000, 0.01128, 4.8509194
0xEEEE, 40203912, 12865, 0000, 0.01209, 4.8559548
0xEEEE, 40207064, 12866, 0001, 0.01209, 4.8577859
0xEEEE, 40210169, 12867, 0001, 0.01209, 4.8422980
0xEEEE, 40213276, 12868, 0002, 0.39890, 4.8529793
0xEEEE, 40216402, 12869, 0002, 0.37875, 4.8658732
0xEEEE, 40219527, 12870, 0003, 0.78894, 4.8606851
0xEEEE, 40222659, 12871, 0003, 0.78894, 4.8496986
0xEEEE, 40225777, 12872, 0004, 1.18462, 4.8480964
0xEEEE, 40228902, 12873, 0004, 1.57626, 4.8577859
0xEEEE, 40232035, 12874, 0005, 1.57788, 4.8523690
0xEEEE, 40235155, 12875, 0005, 1.57949, 4.8532845
0xEEEE, 40238288, 12876, 0006, 1.97355, 4.8602274
0xEEEE, 40241413, 12877, 0006, 1.97436, 4.8591592
0xEEEE, 40244538, 12878, 0007, 2.36681, 4.8464179
0xEEEE, 40247670, 12879, 0007, 2.36278, 4.8548104
0xEEEE, 40250790, 12880, 0007, 2.55136, 4.8632792
0xEEEE, 40253913, 12881, 0007, 2.55136, 4.8583200
0xEEEE, 40257056, 12882, 0006, 2.54491, 4.8433661
0xEEEE, 40260161, 12883, 0006, 2.55216, 4.8544289
0xEEEE, 40263286, 12884, 0005, 2.36681, 4.8628977
0xEEEE, 40266411, 12885, 0005, 2.37407, 4.8574044
0xEEEE, 40269537, 12886, 0004, 1.97275, 4.8478676
0xEEEE, 40272669, 12887, 0004, 1.57788, 4.8564889
0xEEEE, 40275786, 12888, 0003, 1.57868, 4.8520638
0xEEEE, 40278902, 12889, 0003, 1.58271, 4.8392462
0xEEEE, 40282036, 12890, 0002, 1.16366, 4.8562600
0xEEEE, 40285152, 12891, 0002, 1.18220, 4.8661021
0xEEEE, 40288276, 12892, 0001, 0.78733, 4.8475624
0xEEEE, 40291402, 12893, 0001, 0.78571, 4.8437476
0xEEEE, 40294535, 12894, 0000, 0.38198, 4.8607614
0xEEEE, 40297659, 12895, 0000, 0.01209, 4.8611429
0xEEEE, 40300777, 12896, 0000, 0.01128, 4.8588540
0xEEEE, 40303913, 12897, 0000, 0.01209, 4.8577096
0xEEEE, 40307064, 12898, 0001, 0.01209, 4.8587015
0xEEEE, 40310164, 12899, 0001, 0.01128, 4.8551919
0xEEEE, 40313289, 12900, 0002, 0.39165, 4.8507668
0xEEEE, 40316413, 12901, 0002, 0.39407, 4.8599985
0xEEEE, 40319537, 12902, 0003, 0.78813, 4.8636606
0xEEEE, 40322671, 12903, 0003, 1.18542, 4.8521401
0xEEEE, 40325786, 12904, 0004, 1.19509, 4.8520638
0xEEEE, 40328912, 12905, 0004, 1.18300, 4.8634318
0xEEEE, 40332043, 12906, 0005, 1.57788, 4.8621347
0xEEEE, 40335161, 12907, 0005, 1.60286, 4.8567941
0xEEEE, 40338286, 12908, 0006, 1.97516, 4.8548867
0xEEEE, 40341421, 12909, 0006, 1.97033, 4.8577859
0xEEEE, 40344535, 12910, 0007, 2.36762, 4.8567178
0xEEEE, 40347659, 12911, 0007, 2.55216, 4.8512245
0xEEEE, 40350777, 12912, 0007, 2.54491, 4.8616770
0xEEEE, 40353902, 12913, 0007, 2.54974, 4.8607614
0xEEEE, 40357036, 12914, 0006, 2.55216, 4.8484016
0xEEEE, 40360152, 12915, 0006, 2.55136, 4.8561837
0xEEEE, 40363276, 12916, 0005, 2.36762, 4.8611429
0xEEEE, 40366401, 12917, 0005, 2.31443, 4.8609903
0xEEEE, 40369534, 12918, 0004, 1.97597, 4.8438239
0xEEEE, 40372670, 12919, 0004, 1.57868, 4.8569467
0xEEEE, 40375789, 12920, 0003, 1.57949, 4.8534371
0xEEEE, 40378921, 12921, 0003, 1.57868, 4.8501564
0xEEEE, 40382045, 12922, 0002, 1.18300, 4.8560311
0xEEEE, 40385163, 12923, 0002, 1.18059, 4.8619059
0xEEEE, 40388288, 12924, 0001, 0.78168, 4.8519875
0xEEEE, 40391407, 12925, 0001, 0.80103, 4.8464179
0xEEEE, 40394536, 12926, 0000, 0.39326, 4.8552682
0xEEEE, 40397668, 12927, 0000, 0.01209, 4.8645762
0xEEEE, 40400787, 12928, 0000, 0.01209, 4.8500038
0xEEEE, 40403912, 12929, 0000, 0.01128, 4.8570230
0xEEEE, 40407063, 12930, 0001, 0.01209, 4.8573281
0xEEEE, 40410162, 12931, 0001, 0.01370, 4.8537423
0xEEEE, 40413277, 12932, 0002, 0.39245, 4.8521401
0xEEEE, 40416402, 12933, 0002, 0.39245, 4.8554208
0xEEEE, 40419526, 12934, 0003, 0.78894, 4.8595407
0xEEEE, 40422659, 12935, 0003, 0.81714, 4.8473335
0xEEEE, 40425788, 12936, 0004, 1.18220, 4.8474861
0xEEEE, 40428902, 12937, 0004, 1.18381, 4.8587015
0xEEEE, 40432036, 12938, 0005, 1.58513, 4.8625162
0xEEEE, 40435156, 12939, 0005, 1.57949, 4.8509194
0xEEEE, 40438297, 12940, 0006, 1.97355, 4.8544289
0xEEEE, 40441413, 12941, 0006, 2.36601, 4.8576333
0xEEEE, 40444538, 12942, 0007, 2.37810, 4.8479438
0xEEEE, 40447670, 12943, 0007, 2.36923, 4.8518349
0xEEEE, 40450789, 12944, 0007, 2.53363, 4.8613718
0xEEEE, 40453913, 12945, 0007, 2.54330, 4.8596933
0xEEEE, 40457048, 12946, 0006, 2.55538, 4.8531319
0xEEEE, 40460161, 12947, 0006, 2.55136, 4.8501564
0xEEEE, 40463286, 12948, 0005, 2.37004, 4.8582437
0xEEEE, 40466411, 12949, 0005, 1.97516, 4.8648814
0xEEEE, 40469537, 12950, 0004, 1.97355, 4.8500038
0xEEEE, 40472669, 12951, 0004, 1.97597, 4.8496986
0xEEEE, 40475786, 12952, 0003, 1.56015, 4.8603037
0xEEEE, 40478902, 12953, 0003, 1.57788, 4.8545052
0xEEEE, 40482036, 12954, 0002, 1.18542, 4.8496986
0xEEEE, 40485162, 12955, 0002, 1.19670, 4.8566415
0xEEEE, 40488276, 12956, 0001, 0.78894, 4.8558785
0xEEEE, 40491402, 12957, 0001, 0.39165, 4.8461128
0xEEEE, 40494526, 12958, 0000, 0.39084, 4.8460365
0xEEEE, 40497660, 12959, 0000, 0.39245, 4.8606851
0xEEEE, 40500779, 12960, 0000, 0.01209, 4.8596933
0xEEEE, 40503913, 12961, 0000, 0.01128, 4.8424506
0xEEEE, 40507065, 12962, 0001, 0.01128, 4.8464179
0xEEEE, 40510171, 12963, 0001, 0.01209, 4.8585489
0xEEEE, 40513289, 12964, 0002, 0.40212, 4.8572519
0xEEEE, 40516414, 12965, 0002, 0.76073, 4.8521401
0xEEEE, 40519537, 12966, 0003, 0.82278, 4.8551919
0xEEEE, 40522680, 12967, 0003, 0.78813, 4.8587015
0xEEEE, 40525787, 12968, 0004, 1.18623, 4.8427558
0xEEEE, 40528911, 12969, 0004, 1.19348, 4.8485542
0xEEEE, 40532043, 12970, 0005, 1.57868, 4.8653391
0xEEEE, 40535162, 12971, 0005, 1.57868, 4.8606088
0xEEEE, 40538286, 12972, 0006, 1.97355, 4.8533608
0xEEEE, 40541410, 12973, 0006, 2.37326, 4.8532845
0xEEEE, 40544535, 12974, 0007, 2.36681, 4.8635080
0xEEEE, 40547659, 12975, 0007, 2.35956, 4.8485542
0xEEEE, 40550777, 12976, 0007, 2.55136, 4.8599222
0xEEEE, 40553902, 12977, 0007, 2.55055, 4.8599985
0xEEEE, 40557035, 12978, 0006, 2.52154, 4.8558785
0xEEEE, 40560152, 12979, 0006, 2.55136, 4.8436713
0xEEEE, 40563278, 12980, 0005, 2.36762, 4.8538186
0xEEEE, 40566401, 12981, 0005, 2.06220, 4.8648814
0xEEEE, 40569547, 12982, 0004, 1.97436, 4.8514534
0xEEEE, 40572670, 12983, 0004, 1.96227, 4.8439765
0xEEEE, 40575788, 12984, 0003, 1.57788, 4.8517586
0xEEEE, 40578913, 12985, 0003, 1.57304, 4.8575570
0xEEEE, 40582047, 12986, 0002, 1.18381, 4.8554971
0xEEEE, 40585163, 12987, 0002, 0.79055, 4.8513771
0xEEEE, 40588288, 12988, 0001, 0.78571, 4.8607614
0xEEEE, 40591408, 12989, 0001, 0.78168, 4.8530556
0xEEEE, 40594536, 12990, 0000, 0.39407, 4.8455024
0xEEEE, 40597668, 12991, 0000, 0.35538, 4.8551156
0xEEEE, 40600787, 12992, 0000, 0.01128, 4.8616007
0xEEEE, 40603912, 12993, 0000, 0.01209, 4.8517586
0xEEEE, 40607071, 12994, 0001, 0.01209, 4.8433661
0xEEEE, 40610162, 12995, 0001, 0.39245, 4.8599222
0xEEEE, 40613277, 12996, 0002, 0.39326, 4.8544289
0xEEEE, 40616401, 12997, 0002, 0.39326, 4.8538949
0xEEEE, 40619526, 12998, 0003, 0.78813, 4.8599985
0xEEEE, 40622659, 12999, 0003, 0.78894, 4.8616770
0xEEEE, 40625778, 13000, 0004, 1.21685, 4.8521401
0xEEEE, 40628902, 13001, 0004, 1.18300, 4.8516060
0xEEEE, 40632036, 13002, 0005, 1.57949, 4.8646525
0xEEEE, 40635158, 13003, 0005, 1.97355, 4.8606088
0xEEEE, 40638288, 13004, 0006, 1.97355, 4.8510719
0xEEEE, 40641413, 13005, 0006, 1.97516, 4.8480201
0xEEEE, 40644538, 13006, 0007, 2.36762, 4.8635843
0xEEEE, 40647671, 13007, 0007, 2.36762, 4.8635080
0xEEEE, 40650789, 13008, 0007, 2.59810, 4.8479438
0xEEEE, 40653924, 13009, 0007, 2.55055, 4.8603799
0xEEEE, 40657048, 13010, 0006, 2.55136, 4.8576333
0xEEEE, 40660161, 13011, 0006, 2.36601, 4.8433661
0xEEEE, 40663286, 13012, 0005, 2.36601, 4.8515297
0xEEEE, 40666411, 13013, 0005, 2.36681, 4.8647288
0xEEEE, 40669537, 13014, 0004, 2.00095, 4.8625925
0xEEEE, 40672669, 13015, 0004, 1.97436, 4.8538949
0xEEEE, 40675786, 13016, 0003, 1.58674, 4.8495460
0xEEEE, 40678902, 13017, 0003, 1.57788, 4.8624399
0xEEEE, 40682035, 13018, 0002, 1.18300, 4.8532845
0xEEEE, 40685151, 13019, 0002, 0.80264, 4.8402380
0xEEEE, 40688278, 13020, 0001, 0.80908, 4.8612192
0xEEEE, 40691410, 13021, 0001, 0.78894, 4.8599985
0xEEEE, 40694526, 13022, 0000, 0.39326, 4.8513008
0xEEEE, 40697659, 13023, 0000, 0.39245, 4.8571756
0xEEEE, 40700780, 13024, 0000, 0.01128, 4.8671702
0xEEEE, 40703913, 13025, 0000, 0.01209, 4.8558785
0xEEEE, 40707064, 13026, 0001, 0.01289, 4.8473335
0xEEEE, 40710164, 13027, 0001, 0.38359, 4.8571756
0xEEEE, 40713289, 13028, 0002, 0.39407, 4.8619059
0xEEEE, 40716414, 13029, 0002, 0.38842, 4.8562600
0xEEEE, 40719538, 13030, 0003, 0.81714, 4.8482490
0xEEEE, 40722671, 13031, 0003, 0.81392, 4.8609903
0xEEEE, 40725787, 13032, 0004, 1.18462, 4.8590829
0xEEEE, 40728912, 13033, 0004, 1.18462, 4.8546578
0xEEEE, 40732043, 13034, 0005, 1.55048, 4.8565652
0xEEEE, 40735162, 13035, 0005, 1.57707, 4.8613718
0xEEEE, 40738297, 13036, 0006, 1.96066, 4.8547341
0xEEEE, 40741410, 13037, 0006, 1.97355, 4.8471809
0xEEEE, 40744526, 13038, 0007, 2.36601, 4.8600748
0xEEEE, 40747659, 13039, 0007, 2.36520, 4.8564889
0xEEEE, 40750787, 13040, 0007, 2.55136, 4.8536660
0xEEEE, 40753902, 13041, 0007, 2.55136, 4.8613718
0xEEEE, 40757036, 13042, 0006, 2.55216, 4.8616770
0xEEEE, 40760151, 13043, 0006, 2.55216, 4.8484016
0xEEEE, 40763276, 13044, 0005, 2.36762, 4.8554208
0xEEEE, 40766401, 13045, 0005, 2.37004, 4.8666361
0xEEEE, 40769538, 13046, 0004, 1.97436, 4.8591592
0xEEEE, 40772670, 13047, 0004, 1.97355, 4.8565652
0xEEEE, 40775792, 13048, 0003, 1.57868, 4.8491646
0xEEEE, 40778914, 13049, 0003, 1.18623, 4.8603799
0xEEEE, 40782047, 13050, 0002, 1.19348, 4.8595407
0xEEEE, 40785163, 13051, 0002, 1.18381, 4.8494697
0xEEEE, 40788288, 13052, 0001, 0.78974, 4.8532845
0xEEEE, 40791411, 13053, 0001, 0.78894, 4.8550393
0xEEEE, 40794536, 13054, 0000, 0.39004, 4.8632029
0xEEEE, 40797678, 13055, 0000, 0.39971, 4.8486305
0xEEEE, 40800787, 13056, 0000, 0.01128, 4.8616770
0xEEEE, 40803912, 13057, 0000, 0.01209, 4.8602274
0xEEEE, 40807064, 13058, 0001, 0.01209, 4.8511482
0xEEEE, 40810162, 13059, 0001, 0.01209, 4.8513008
0xEEEE, 40813278, 13060, 0002, 0.40212, 4.8647288
0xEEEE, 40816402, 13061, 0002, 0.41099, 4.8562600
0xEEEE, 40819526, 13062, 0003, 0.78894, 4.8510719
0xEEEE, 40822670, 13063, 0003, 0.78733, 4.8535134
0xEEEE, 40825777, 13064, 0004, 1.18542, 4.8543526
0xEEEE, 40828902, 13065, 0004, 1.62703, 4.8519112
0xEEEE, 40832035, 13066, 0005, 1.57949, 4.8551919
0xEEEE, 40835169, 13067, 0005, 1.58593, 4.8622873
0xEEEE, 40838288, 13068, 0006, 1.97436, 4.8604562
0xEEEE, 40841413, 13069, 0006, 1.97597, 4.8437476
0xEEEE, 40844538, 13070, 0007, 2.36681, 4.8521401
0xEEEE, 40847672, 13071, 0007, 2.35956, 4.8648814
0xEEEE, 40850788, 13072, 0007, 2.55377, 4.8580148
0xEEEE, 40853913, 13073, 0007, 2.55136, 4.8451972
0xEEEE, 40857049, 13074, 0006, 2.54894, 4.8603037
0xEEEE, 40860161, 13075, 0006, 2.55216, 4.8558785
0xEEEE, 40863286, 13076, 0005, 2.36762, 4.8545815
0xEEEE, 40866411, 13077, 0005, 2.37648, 4.8537423
0xEEEE, 40869537, 13078, 0004, 1.97516, 4.8604562
0xEEEE, 40872669, 13079, 0004, 1.99531, 4.8455024
0xEEEE, 40875787, 13080, 0003, 1.57949, 4.8499275
0xEEEE, 40878902, 13081, 0003, 1.16044, 4.8607614
0xEEEE, 40882055, 13082, 0002, 1.18300, 4.8656443
0xEEEE, 40885151, 13083, 0002, 1.18220, 4.8510719
0xEEEE, 40888276, 13084, 0001, 0.78974, 4.8480201
0xEEEE, 40891402, 13085, 0001, 0.80505, 4.8602274
0xEEEE, 40894527, 13086, 0000, 0.43275, 4.8565652
0xEEEE, 40897659, 13087, 0000, 0.39245, 4.8561837
0xEEEE, 40900782, 13088, 0000, 0.01531, 4.8585489
0xEEEE, 40903913, 13089, 0000, 0.01128, 4.8653391
0xEEEE, 40907064, 13090, 0001, 0.01209, 4.8513008
0xEEEE, 40910164, 13091, 0001, 0.01209, 4.8469520
0xEEEE, 40913289, 13092, 0002, 0.39326, 4.8594644
0xEEEE, 40916414, 13093, 0002, 0.39245, 4.8611429
0xEEEE, 40919547, 13094, 0003, 0.78813, 4.8493935
0xEEEE, 40922671, 13095, 0003, 1.18059, 4.8493935
0xEEEE, 40925787, 13096, 0004, 1.20073, 4.8610666
0xEEEE, 40928911, 13097, 0004, 1.18220, 4.8534371
0xEEEE, 40932043, 13098, 0005, 1.57868, 4.8500038
0xEEEE, 40935162, 13099, 0005, 1.50938, 4.8610666
0xEEEE, 40938287, 13100, 0006, 1.97597, 4.8603799
0xEEEE, 40941411, 13101, 0006, 2.00659, 4.8470283
0xEEEE, 40944526, 13102, 0007, 2.36278, 4.8458076
0xEEEE, 40947659, 13103, 0007, 2.55136, 4.8610666
0xEEEE, 40950778, 13104, 0007, 2.56667, 4.8539712
0xEEEE, 40953901, 13105, 0007, 2.55538, 4.8487831
0xEEEE, 40957036, 13106, 0006, 2.55216, 4.8540475
0xEEEE, 40960152, 13107, 0006, 2.54088, 4.8580148
0xEEEE, 40963276, 13108, 0005, 2.35956, 4.8543526
0xEEEE, 40966414, 13109, 0005, 2.36762, 4.8497749
0xEEEE, 40969538, 13110, 0004, 1.97678, 4.8609140
0xEEEE, 40972670, 13111, 0004, 1.57788, 4.8542000
0xEEEE, 40975788, 13112, 0003, 1.57788, 4.8490883
0xEEEE, 40978914, 13113, 0003, 1.57949, 4.8538949
0xEEEE, 40982046, 13114, 0002, 1.18381, 4.8644999
0xEEEE, 40985163, 13115, 0002, 1.18220, 4.8576333
0xEEEE, 40988276, 13116, 0001, 0.83326, 4.8490883
0xEEEE, 40991411, 13117, 0001, 0.78894, 4.8544289
0xEEEE, 40994536, 13118, 0000, 0.39245, 4.8589303
0xEEEE, 40997668, 13119, 0000, 0.01209, 4.8498512
0xEEEE, 41000787, 13120, 0000, 0.01209, 4.8524453
0xEEEE, 41003920, 13121, 0000, 0.01209, 4.8607614
0xEEEE, 41007063, 13122, 0001, 0.01209, 4.8587015
0xEEEE, 41010161, 13123, 0001, 0.01128, 4.8439765
0xEEEE, 41013276, 13124, 0002, 0.39165, 4.8535134
0xEEEE, 41016401, 13125, 0002, 0.39568, 4.8612955
0xEEEE, 41019526, 13126, 0003, 0.79619, 4.8564126
0xEEEE, 41022659, 13127, 0003, 1.15802, 4.8492409
0xEEEE, 41025777, 13128, 0004, 1.18220, 4.8577859
0xEEEE, 41028902, 13129, 0004, 1.18462, 4.8673228
0xEEEE, 41032036, 13130, 0005, 1.59158, 4.8493935
0xEEEE, 41035161, 13131, 0005, 1.57868, 4.8582437
0xEEEE, 41038288, 13132, 0006, 1.98725, 4.8581674
0xEEEE, 41041413, 13133, 0006, 1.97355, 4.8441291
0xEEEE, 41044538, 13134, 0007, 2.34022, 4.8498512
0xEEEE, 41047671, 13135, 0007, 2.36601, 4.8614481
0xEEEE, 41050799, 13136, 0007, 2.55297, 4.8644236
0xEEEE, 41053913, 13137, 0007, 2.51670, 4.8493172
0xEEEE, 41057051, 13138, 0006, 2.54410, 4.8515297
0xEEEE, 41060161, 13139, 0006, 2.55136, 4.8583200
0xEEEE, 41063295, 13140, 0005, 2.40952, 4.8626688
0xEEEE, 41066411, 13141, 0005, 1.97919, 4.8515297
0xEEEE, 41069536, 13142, 0004, 1.97355, 4.8548104
0xEEEE, 41072669, 13143, 0004, 1.96872, 4.8619821
0xEEEE, 41075787, 13144, 0003, 1.62300, 4.8472572
0xEEEE, 41078902, 13145, 0003, 1.57868, 4.8485542
0xEEEE, 41082036, 13146, 0002, 1.19670, 4.8615244
0xEEEE, 41085152, 13147, 0002, 1.18381, 4.8605325
0xEEEE, 41088285, 13148, 0001, 0.78813, 4.8531319
0xEEEE, 41091402, 13149, 0001, 0.39407, 4.8527504
0xEEEE, 41094527, 13150, 0000, 0.39407, 4.8603037
0xEEEE, 41097659, 13151, 0000, 0.39165, 4.8551919
0xEEEE, 41100783, 13152, 0000, 0.01209, 4.8517586
0xEEEE, 41103914, 13153, 0000, 0.01531, 4.8578622
0xEEEE, 41107064, 13154, 0001, 0.01128, 4.8493172
0xEEEE, 41110164, 13155, 0001, 0.01209, 4.8417639
0xEEEE, 41113289, 13156, 0002, 0.36505, 4.8548104
0xEEEE, 41116413, 13157, 0002, 0.78813, 4.8619821
0xEEEE, 41119538, 13158, 0003, 0.78894, 4.8614481
0xEEEE, 41122673, 13159, 0003, 0.78813, 4.8432898
0xEEEE, 41125787, 13160, 0004, 1.18220, 4.8532845
0xEEEE, 41128911, 13161, 0004, 1.15399, 4.8596933
0xEEEE, 41132043, 13162, 0005, 1.57868, 4.8542763
0xEEEE, 41135171, 13163, 0005, 1.58110, 4.8484016
0xEEEE, 41138286, 13164, 0006, 1.97275, 4.8594644
0xEEEE, 41141411, 13165, 0006, 2.35634, 4.8570230
0xEEEE, 41144527, 13166, 0007, 2.36762, 4.8452735
0xEEEE, 41147677, 13167, 0007, 2.39824, 4.8560311
0xEEEE, 41150777, 13168, 0007, 2.56505, 4.8622873
0xEEEE, 41153902, 13169, 0007, 2.55216, 4.8583963
0xEEEE, 41157036, 13170, 0006, 2.55136, 4.8468757
0xEEEE, 41160151, 13171, 0006, 2.55136, 4.8573281
0xEEEE, 41163276, 13172, 0005, 2.36681, 4.8606851
0xEEEE, 41166403, 13173, 0005, 1.97436, 4.8552682
0xEEEE, 41169538, 13174, 0004, 1.97355, 4.8521401
0xEEEE, 41172670, 13175, 0004, 1.97355, 4.8608377
0xEEEE, 41175788, 13176, 0003, 1.57949, 4.8500038
0xEEEE, 41178914, 13177, 0003, 1.56579, 4.8490120
0xEEEE, 41182047, 13178, 0002, 1.18381, 4.8580911
0xEEEE, 41185163, 13179, 0002, 1.18300, 4.8641947
0xEEEE, 41188278, 13180, 0001, 0.78491, 4.8540475
0xEEEE, 41191411, 13181, 0001, 0.39648, 4.8515297
0xEEEE, 41194546, 13182, 0000, 0.36344, 4.8590829
0xEEEE, 41197668, 13183, 0000, 0.39245, 4.8591592
0xEEEE, 41200787, 13184, 0000, 0.01209, 4.8528267
0xEEEE, 41203912, 13185, 0000, 0.01209, 4.8543526
0xEEEE, 41207063, 13186, 0001, 0.01128, 4.8559548
0xEEEE, 41210162, 13187, 0001, 0.01209, 4.8563363
0xEEEE, 41213276, 13188, 0002, 0.39165, 4.8517586
0xEEEE, 41216402, 13189, 0002, 0.39326, 4.8624399
0xEEEE, 41219532, 13190, 0003, 0.78733, 4.8612955
0xEEEE, 41222659, 13191, 0003, 0.78410, 4.8473335
0xEEEE, 41225777, 13192, 0004, 1.18300, 4.8503090
0xEEEE, 41228902, 13193, 0004, 1.18220, 4.8642710
0xEEEE, 41232041, 13194, 0005, 1.57465, 4.8541238
0xEEEE, 41235163, 13195, 0005, 1.97355, 4.8571756
0xEEEE, 41238287, 13196, 0006, 1.97114, 4.8583200
0xEEEE, 41241413, 13197, 0006, 1.97436, 4.8587778
0xEEEE, 41244539, 13198, 0007, 2.36762, 4.8439002
0xEEEE, 41247672, 13199, 0007, 2.36681, 4.8525978
0xEEEE, 41250790, 13200, 0007, 2.55136, 4.8639658
0xEEEE, 41253913, 13201, 0007, 2.54894, 4.8579385
0xEEEE, 41257053, 13202, 0006, 2.55216, 4.8531319
0xEEEE, 41260161, 13203, 0006, 2.36681, 4.8587778
0xEEEE, 41263286, 13204, 0005, 2.37004, 4.8656443
0xEEEE, 41266411, 13205, 0005, 2.36681, 4.8533608
0xEEEE, 41269536, 13206, 0004, 1.96469, 4.8529030
0xEEEE, 41272669, 13207, 0004, 1.97355, 4.8625162
0xEEEE, 41275786, 13208, 0003, 1.59560, 4.8511482
0xEEEE, 41278922, 13209, 0003, 1.57949, 4.8480201
0xEEEE, 41282036, 13210, 0002, 1.18300, 4.8533608
0xEEEE, 41285151, 13211, 0002, 0.71963, 4.8612192
0xEEEE, 41288277, 13212, 0001, 0.78894, 4.8593881
0xEEEE, 41291402, 13213, 0001, 0.78894, 4.8564126
0xEEEE, 41294526, 13214, 0000, 0.39326, 4.8564889
0xEEEE, 41297659, 13215, 0000, 0.39165, 4.8619059
0xEEEE, 41300785, 13216, 0000, 0.01128, 4.8564126
0xEEEE, 41303913, 13217, 0000, 0.01209, 4.8567178
0xEEEE, 41307064, 13218, 0001, 0.01209, 4.8607614
0xEEEE, 41310164, 13219, 0001, 0.38923, 4.8507668
0xEEEE, 41313289, 13220, 0002, 0.39568, 4.8587778
0xEEEE, 41316422, 13221, 0002, 0.38440, 4.8616007
0xEEEE, 41319538, 13222, 0003, 0.78652, 4.8612192
0xEEEE, 41322674, 13223, 0003, 0.78813, 4.8455787
0xEEEE, 41325786, 13224, 0004, 1.18381, 4.8461891
0xEEEE, 41328911, 13225, 0004, 1.18623, 4.8607614
0xEEEE, 41332043, 13226, 0005, 1.57868, 4.8590829
0xEEEE, 41335162, 13227, 0005, 1.97678, 4.8544289
0xEEEE, 41338286, 13228, 0006, 1.95985, 4.8525216
0xEEEE, 41341411, 13229, 0006, 1.97516, 4.8576333
0xEEEE, 41344527, 13230, 0007, 2.36762, 4.8458839
0xEEEE, 41347659, 13231, 0007, 2.36037, 4.8480964
0xEEEE, 41350777, 13232, 0007, 2.55136, 4.8592355
0xEEEE, 41353902, 13233, 0007, 2.59245, 4.8580148
0xEEEE, 41357036, 13234, 0006, 2.55377, 4.8512245
0xEEEE, 41360151, 13235, 0006, 2.54894, 4.8506142
0xEEEE, 41363288, 13236, 0005, 2.36762, 4.8638895
0xEEEE, 41366405, 13237, 0005, 2.37729, 4.8577859
0xEEEE, 41369538, 13238, 0004, 1.97355, 4.8547341
0xEEEE, 41372670, 13239, 0004, 1.97839, 4.8543526
0xEEEE, 41375798, 13240, 0003, 1.57788, 4.8539712
0xEEEE, 41378914, 13241, 0003, 1.18220, 4.8534371
0xEEEE, 41382046, 13242, 0002, 1.13868, 4.8493935
0xEEEE, 41385163, 13243, 0002, 1.18220, 4.8629740
0xEEEE, 41388278, 13244, 0001, 0.78813, 4.8569467
0xEEEE, 41391411, 13245, 0001, 0.79619, 4.8512245
0xEEEE, 41394536, 13246, 0000, 0.40051, 4.8532845
0xEEEE, 41397668, 13247, 0000, 0.37150, 4.8635843
0xEEEE, 41400794, 13248, 0000, 0.01128, 4.8533608
0xEEEE, 41403912, 13249, 0000, 0.01209, 4.8535134
0xEEEE, 41407064, 13250, 0001, 0.01209, 4.8561837
0xEEEE, 41410153, 13251, 0001, 0.01128, 4.8600748
0xEEEE, 41413276, 13252, 0002, 0.39245, 4.8525978
0xEEEE, 41416401, 13253, 0002, 0.39326, 4.8534371
0xEEEE, 41419526, 13254, 0003, 0.78733, 4.8656443
0xEEEE, 41422659, 13255, 0003, 0.79136, 4.8581674
0xEEEE, 41425777, 13256, 0004, 1.21766, 4.8514534
0xEEEE, 41428902, 13257, 0004, 1.57868, 4.8580148
0xEEEE, 41432035, 13258, 0005, 1.57626, 4.8657206
0xEEEE, 41435163, 13259, 0005, 1.57868, 4.8577096
0xEEEE, 41438289, 13260, 0006, 1.97355, 4.8471046
0xEEEE, 41441413, 13261, 0006, 1.97275, 4.8584726
0xEEEE, 41444539, 13262, 0007, 2.35634, 4.8534371
0xEEEE, 41447680, 13263, 0007, 2.36681, 4.8522927
0xEEEE, 41450788, 13264, 0007, 2.48930, 4.8596933
0xEEEE, 41453913, 13265, 0007, 2.55297, 4.8628977
0xEEEE, 41457054, 13266, 0006, 2.55136, 4.8456550
0xEEEE, 41460169, 13267, 0006, 2.55136, 4.8502327
0xEEEE, 41463286, 13268, 0005, 2.34828, 4.8622873
0xEEEE, 41466412, 13269, 0005, 2.36681, 4.8553445
0xEEEE, 41469537, 13270, 0004, 1.96630, 4.8510719
0xEEEE, 41472669, 13271, 0004, 1.97355, 4.8537423
0xEEEE, 41475786, 13272, 0003, 1.58271, 4.8601511
0xEEEE, 41478902, 13273, 0003, 1.18381, 4.8490883
0xEEEE, 41482036, 13274, 0002, 1.18462, 4.8542763
0xEEEE, 41485155, 13275, 0002, 1.17092, 4.8612955
0xEEEE, 41488277, 13276, 0001, 0.78813, 4.8565652
0xEEEE, 41491402, 13277, 0001, 0.78733, 4.8463416
0xEEEE, 41494526, 13278, 0000, 0.39165, 4.8558022
0xEEEE, 41497659, 13279, 0000, 0.39245, 4.8641947
0xEEEE, 41500788, 13280, 0000, 0.01209, 4.8522927
0xEEEE, 41503913, 13281, 0000, 0.01531, 4.8490883
0xEEEE, 41507076, 13282, 0001, 0.01128, 4.8546578
0xEEEE, 41510164, 13283, 0001, 0.01128, 4.8545052
0xEEEE, 41513288, 13284, 0002, 0.39487, 4.8496223
0xEEEE, 41516413, 13285, 0002, 0.39487, 4.8528267
0xEEEE, 41519538, 13286, 0003, 0.75429, 4.8605325
0xEEEE, 41522676, 13287, 0003, 0.78813, 4.8596933
0xEEEE, 41525786, 13288, 0004, 1.18300, 4.8449683
0xEEEE, 41528911, 13289, 0004, 1.19187, 4.8498512
0xEEEE, 41532051, 13290, 0005, 1.51099, 4.8643473
0xEEEE, 41535161, 13291, 0005, 1.57949, 4.8612192
0xEEEE, 41538286, 13292, 0006, 1.97194, 4.8566415
0xEEEE, 41541410, 13293, 0006, 1.97355, 4.8596933
0xEEEE, 41544544, 13294, 0007, 2.36762, 4.8560311
0xEEEE, 41547660, 13295, 0007, 2.57070, 4.8558022
0xEEEE, 41550777, 13296, 0007, 2.55136, 4.8564126
0xEEEE, 41553902, 13297, 0007, 2.55216, 4.8610666
0xEEEE, 41557036, 13298, 0006, 2.54974, 4.8591592
0xEEEE, 41560151, 13299, 0006, 2.55216, 4.8429084
0xEEEE, 41563278, 13300, 0005, 2.36762, 4.8597696
0xEEEE, 41566407, 13301, 0005, 2.36520, 4.8607614
0xEEEE, 41569538, 13302, 0004, 1.97355, 4.8613718
0xEEEE, 41572670, 13303, 0004, 1.59883, 4.8493172
0xEEEE, 41575789, 13304, 0003, 1.57788, 4.8596170
0xEEEE, 41578914, 13305, 0003, 1.57546, 4.8567941
0xEEEE, 41582046, 13306, 0002, 1.17575, 4.8498512
0xEEEE, 41585163, 13307, 0002, 1.18381, 4.8577859
0xEEEE, 41588279, 13308, 0001, 0.78813, 4.8630503
0xEEEE, 41591432, 13309, 0001, 0.78894, 4.8517586
0xEEEE, 41594536, 13310, 0000, 0.39648, 4.8497749
0xEEEE, 41597668, 13311, 0000, 0.01289, 4.8641947
0xEEEE, 41600787, 13312, 0000, 0.01209, 4.8594644
0xEEEE, 41603912, 13313, 0000, 0.01209, 4.8542763
0xEEEE, 41607064, 13314, 0001, 0.01128, 4.8485542
0xEEEE, 41610153, 13315, 0001, 0.01128, 4.8589303
0xEEEE, 41613276, 13316, 0002, 0.33685, 4.8522164
0xEEEE, 41616401, 13317, 0002, 0.39245, 4.8574044
0xEEEE, 41619526, 13318, 0003, 0.78813, 4.8564126
0xEEEE, 41622659, 13319, 0003, 1.18381, 4.8577859
0xEEEE, 41625778, 13320, 0004, 1.18703, 4.8520638
0xEEEE, 41628911, 13321, 0004, 1.18623, 4.8535134
0xEEEE, 41632037, 13322, 0005, 1.57868, 4.8612192
0xEEEE, 41635163, 13323, 0005, 1.57304, 4.8600748
0xEEEE, 41638288, 13324, 0006, 1.97436, 4.8499275
0xEEEE, 41641413, 13325, 0006, 1.97597, 4.8499275
0xEEEE, 41644539, 13326, 0007, 2.36601, 4.8601511
0xEEEE, 41647671, 13327, 0007, 2.55136, 4.8554971
0xEEEE, 41650788, 13328, 0007, 2.55377, 4.8522164
0xEEEE, 41653902, 13329, 0007, 2.55136, 4.8633555
0xEEEE, 41657054, 13330, 0006, 2.55055, 4.8519875
0xEEEE, 41660161, 13331, 0006, 2.54974, 4.8490883
0xEEEE, 41663286, 13332, 0005, 2.36681, 4.8485542
0xEEEE, 41666412, 13333, 0005, 2.35634, 4.8621347
0xEEEE, 41669536, 13334, 0004, 1.97516, 4.8592355
0xEEEE, 41672669, 13335, 0004, 1.97355, 4.8489357
0xEEEE, 41675797, 13336, 0003, 1.57868, 4.8519875
0xEEEE, 41678902, 13337, 0003, 1.60286, 4.8599985
0xEEEE, 41682035, 13338, 0002, 1.18220, 4.8561837
0xEEEE, 41685152, 13339, 0002, 1.18462, 4.8525216
0xEEEE, 41688278, 13340, 0001, 0.79458, 4.8593881
0xEEEE, 41691401, 13341, 0001, 0.80103, 4.8544289
0xEEEE, 41694526, 13342, 0000, 0.39165, 4.8537423
0xEEEE, 41697659, 13343, 0000, 0.39245, 4.8542000
0xEEEE, 41700788, 13344, 0000, 0.01128, 4.8656443
0xEEEE, 41703913, 13345, 0000, 0.01209, 4.8445106
0xEEEE, 41707065, 13346, 0001, 0.01209, 4.8453498
0xEEEE, 41710164, 13347, 0001, 0.01128, 4.8563363
0xEEEE, 41713297, 13348, 0002, 0.39245, 4.8612955
0xEEEE, 41716412, 13349, 0002, 0.78733, 4.8515297
0xEEEE, 41719538, 13350, 0003, 0.78974, 4.8565652
0xEEEE, 41722678, 13351, 0003, 0.79861, 4.8624399
0xEEEE, 41725786, 13352, 0004, 1.15077, 4.8519112
0xEEEE, 41728911, 13353, 0004, 1.18462, 4.8462654
0xEEEE, 41732043, 13354, 0005, 1.57143, 4.8598459
0xEEEE, 41735161, 13355, 0005, 1.58190, 4.8667887
0xEEEE, 41738286, 13356, 0006, 1.97033, 4.8525216
0xEEEE, 41741411, 13357, 0006, 2.36681, 4.8487068
0xEEEE, 41744526, 13358, 0007, 2.36842, 4.8597696
0xEEEE, 41747659, 13359, 0007, 2.36762, 4.8594644
0xEEEE, 41750778, 13360, 0007, 2.54813, 4.8565652
0xEEEE, 41753902, 13361, 0007, 2.55377, 4.8562600
0xEEEE, 41757035, 13362, 0006, 2.55216, 4.8609903
0xEEEE, 41760163, 13363, 0006, 2.54168, 4.8466468
0xEEEE, 41763277, 13364, 0005, 2.36601, 4.8510719
0xEEEE, 41766408, 13365, 0005, 1.97275, 4.8613718
0xEEEE, 41769537, 13366, 0004, 1.98484, 4.8551919
0xEEEE, 41772678, 13367, 0004, 1.97275, 4.8539712
0xEEEE, 41775789, 13368, 0003, 1.54000, 4.8462654
0xEEEE, 41778914, 13369, 0003, 1.57788, 4.8595407
0xEEEE, 41782046, 13370, 0002, 1.18139, 4.8557259
0xEEEE, 41785163, 13371, 0002, 1.19187, 4.8472572
0xEEEE, 41788280, 13372, 0001, 0.78813, 4.8578622
0xEEEE, 41791411, 13373, 0001, 0.39326, 4.8560311
0xEEEE, 41794536, 13374, 0000, 0.39245, 4.8467994
0xEEEE, 41797675, 13375, 0000, 0.39165, 4.8583963
0xEEEE, 41800787, 13376, 0000, 0.01128, 4.8628977
0xEEEE, 41803911, 13377, 0000, 0.01209, 4.8576333
0xEEEE, 41807064, 13378, 0001, 0.01209, 4.8439765
0xEEEE, 41810153, 13379, 0001, 0.01451, 4.8615244
0xEEEE, 41813278, 13380, 0002, 0.39004, 4.8604562
0xEEEE, 41816402, 13381, 0002, 0.79619, 4.8601511
0xEEEE, 41819527, 13382, 0003, 0.77121, 4.8477913
0xEEEE, 41822659, 13383, 0003, 0.78894, 4.8572519
0xEEEE, 41825777, 13384, 0004, 1.18220, 4.8554971
0xEEEE, 41828902, 13385, 0004, 1.17978, 4.8475624
0xEEEE, 41832036, 13386, 0005, 1.57868, 4.8551156
0xEEEE, 41835163, 13387, 0005, 1.57949, 4.8631266
0xEEEE, 41838287, 13388, 0006, 1.99289, 4.8593881
0xEEEE, 41841413, 13389, 0006, 1.97114, 4.8448157
0xEEEE, 41844547, 13390, 0007, 2.35392, 4.8567178
0xEEEE, 41847671, 13391, 0007, 2.36117, 4.8679332
0xEEEE, 41850788, 13392, 0007, 2.55216, 4.8484779
0xEEEE, 41853902, 13393, 0007, 2.52799, 4.8491646
0xEEEE, 41857060, 13394, 0006, 2.54813, 4.8598459
0xEEEE, 41860161, 13395, 0006, 2.36601, 4.8509194
0xEEEE, 41863286, 13396, 0005, 2.33700, 4.8521401
0xEEEE, 41866412, 13397, 0005, 2.37407, 4.8583200
0xEEEE, 41869537, 13398, 0004, 1.97436, 4.8623636
0xEEEE, 41872669, 13399, 0004, 1.98161, 4.8520638
0xEEEE, 41875778, 13400, 0003, 1.57868, 4.8513008
0xEEEE, 41878902, 13401, 0003, 1.57788, 4.8606088
0xEEEE, 41882036, 13402, 0002, 1.14352, 4.8615244
0xEEEE, 41885151, 13403, 0002, 0.78894, 4.8546578
0xEEEE, 41888277, 13404, 0001, 0.78813, 4.8590829
0xEEEE, 41891401, 13405, 0001, 0.78733, 4.8583200
0xEEEE, 41894526, 13406, 0000, 0.39407, 4.8608377
0xEEEE, 41897659, 13407, 0000, 0.38037, 4.8577859
0xEEEE, 41900788, 13408, 0000, 0.01209, 4.8607614
0xEEEE, 41903924, 13409, 0000, 0.01128, 4.8611429
0xEEEE, 41907064, 13410, 0001, 0.01209, 4.8488594
0xEEEE, 41910164, 13411, 0001, 0.36586, 4.8451209
0xEEEE, 41913289, 13412, 0002, 0.43033, 4.8616007
0xEEEE, 41916412, 13413, 0002, 0.39326, 4.8558022
0xEEEE, 41919538, 13414, 0003, 0.78813, 4.8478676
0xEEEE, 41922679, 13415, 0003, 0.78894, 4.8550393
0xEEEE, 41925786, 13416, 0004, 1.19026, 4.8606851
0xEEEE, 41928916, 13417, 0004, 1.19429, 4.8521401
0xEEEE, 41932043, 13418, 0005, 1.57788, 4.8588540
0xEEEE, 41935161, 13419, 0005, 1.95018, 4.8635843
0xEEEE, 41938286, 13420, 0006, 1.97275, 4.8529030
0xEEEE, 41941419, 13421, 0006, 1.98564, 4.8445869
0xEEEE, 41944526, 13422, 0007, 2.36842, 4.8516823
0xEEEE, 41947659, 13423, 0007, 2.41597, 4.8611429
0xEEEE, 41950777, 13424, 0007, 2.54491, 4.8604562
0xEEEE, 41953902, 13425, 0007, 2.55216, 4.8469520
0xEEEE, 41957035, 13426, 0006, 2.55136, 4.8525216
0xEEEE, 41960152, 13427, 0006, 2.37326, 4.8551156
0xEEEE, 41963277, 13428, 0005, 2.36681, 4.8490120
0xEEEE, 41966410, 13429, 0005, 2.36681, 4.8493935
0xEEEE, 41969538, 13430, 0004, 1.96791, 4.8617533
0xEEEE, 41972670, 13431, 0004, 1.97355, 4.8569467
0xEEEE, 41975788, 13432, 0003, 1.57707, 4.8532082
0xEEEE, 41978914, 13433, 0003, 1.56498, 4.8477913
0xEEEE, 41982046, 13434, 0002, 1.18381, 4.8648814
0xEEEE, 41985163, 13435, 0002, 0.93641, 4.8513771
0xEEEE, 41988304, 13436, 0001, 0.79216, 4.8505379
0xEEEE, 41991411, 13437, 0001, 0.81070, 4.8596933
0xEEEE, 41994536, 13438, 0000, 0.39407, 4.8564889
0xEEEE, 41997668, 13439, 0000, 0.39326, 4.8496223
0xEEEE, 42000787, 13440, 0000, 0.01209, 4.8512245
0xEEEE, 42003911, 13441, 0000, 0.01209, 4.8635080
0xEEEE, 42007064, 13442, 0001, 0.01209, 4.8528267
0xEEEE, 42010153, 13443, 0001, 0.01209, 4.8449683
0xEEEE, 42013277, 13444, 0002, 0.39084, 4.8634318
0xEEEE, 42016402, 13445, 0002, 0.39245, 4.8641947
0xEEEE, 42019526, 13446, 0003, 0.79055, 4.8570230
0xEEEE, 42022660, 13447, 0003, 0.77846, 4.8473335
0xEEEE, 42025786, 13448, 0004, 1.18462, 4.8577096
0xEEEE, 42028902, 13449, 0004, 1.57707, 4.8651102
0xEEEE, 42032038, 13450, 0005, 1.57788, 4.8521401
0xEEEE, 42035163, 13451, 0005, 1.57868, 4.8559548
0xEEEE, 42038288, 13452, 0006, 1.97114, 4.8652628
0xEEEE, 42041413, 13453, 0006, 1.97355, 4.8475624
0xEEEE, 42044539, 13454, 0007, 2.41758, 4.8458076
0xEEEE, 42047671, 13455, 0007, 2.36762, 4.8638132
0xEEEE, 42050789, 13456, 0007, 2.55136, 4.8609903
0xEEEE, 42053904, 13457, 0007, 2.55136, 4.8592355
0xEEEE, 42057043, 13458, 0006, 2.55136, 4.8503853
0xEEEE, 42060161, 13459, 0006, 2.55216, 4.8603037
0xEEEE, 42063287, 13460, 0005, 2.37084, 4.8630503
0xEEEE, 42066412, 13461, 0005, 2.36842, 4.8536660
0xEEEE, 42069536, 13462, 0004, 1.97275, 4.8533608
0xEEEE, 42072679, 13463, 0004, 1.97275, 4.8509194
0xEEEE, 42075777, 13464, 0003, 1.54484, 4.8515297
0xEEEE, 42078902, 13465, 0003, 1.18381, 4.8529030
0xEEEE, 42082035, 13466, 0002, 1.17978, 4.8638132
0xEEEE, 42085151, 13467, 0002, 1.15802, 4.8638132
0xEEEE, 42088276, 13468, 0001, 0.78974, 4.8475624
0xEEEE, 42091401, 13469, 0001, 0.78894, 4.8552682
0xEEEE, 42094526, 13470, 0000, 0.39326, 4.8607614
0xEEEE, 42097661, 13471, 0000, 0.39407, 4.8488594
0xEEEE, 42100788, 13472, 0000, 0.01128, 4.8554208
0xEEEE, 42103914, 13473, 0000, 0.01209, 4.8611429
0xEEEE, 42107064, 13474, 0001, 0.01451, 4.8522927
0xEEEE, 42110172, 13475, 0001, 0.01209, 4.8553445
0xEEEE, 42113288, 13476, 0002, 0.37875, 4.8613718
0xEEEE, 42116413, 13477, 0002, 0.38278, 4.8612955
0xEEEE, 42119526, 13478, 0003, 0.78813, 4.8540475
0xEEEE, 42122679, 13479, 0003, 0.78894, 4.8551919
0xEEEE, 42125788, 13480, 0004, 1.18220, 4.8588540
0xEEEE, 42128912, 13481, 0004, 1.56659, 4.8589303
0xEEEE, 42132042, 13482, 0005, 1.57868, 4.8509957
0xEEEE, 42135162, 13483, 0005, 1.57626, 4.8525978
0xEEEE, 42138285, 13484, 0006, 1.97436, 4.8605325
0xEEEE, 42141401, 13485, 0006, 1.97355, 4.8593881
0xEEEE, 42144527, 13486, 0007, 2.36762, 4.8439002
0xEEEE, 42147660, 13487, 0007, 2.36278, 4.8565652
0xEEEE, 42150777, 13488, 0007, 2.55136, 4.8619059
0xEEEE, 42153902, 13489, 0007, 2.55055, 4.8541238
0xEEEE, 42157044, 13490, 0006, 2.54491, 4.8445869
0xEEEE, 42160152, 13491, 0006, 2.55216, 4.8593118
0xEEEE, 42163276, 13492, 0005, 2.36762, 4.8602274
0xEEEE, 42166412, 13493, 0005, 2.37487, 4.8513771
0xEEEE, 42169546, 13494, 0004, 1.97275, 4.8548867
0xEEEE, 42172670, 13495, 0004, 1.57949, 4.8599222
0xEEEE, 42175788, 13496, 0003, 1.57788, 4.8622873
0xEEEE, 42178914, 13497, 0003, 1.57062, 4.8486305
0xEEEE, 42182047, 13498, 0002, 1.20315, 4.8596170
0xEEEE, 42185163, 13499, 0002, 1.18300, 4.8609140
0xEEEE, 42188285, 13500, 0001, 0.78813, 4.8460365
0xEEEE, 42191411, 13501, 0001, 0.79297, 4.8454261
0xEEEE, 42194537, 13502, 0000, 0.40938, 4.8597696
0xEEEE, 42197668, 13503, 0000, 0.01128, 4.8532845
0xEEEE, 42200787, 13504, 0000, 0.01128, 4.8558785
0xEEEE, 42203911, 13505, 0000, 0.01048, 4.8596170
0xEEEE, 42207064, 13506, 0001, 0.01209, 4.8572519
0xEEEE, 42210153, 13507, 0001, 0.01209, 4.8332952
0xEEEE, 42213277, 13508, 0002, 0.39245, 4.8467231
0xEEEE, 42216401, 13509, 0002, 0.39326, 4.8607614
0xEEEE, 42219526, 13510, 0003, 0.78894, 4.8609140
0xEEEE, 42222659, 13511, 0003, 1.18542, 4.8464179
0xEEEE, 42225777, 13512, 0004, 1.19993, 4.8529030
0xEEEE, 42228902, 13513, 0004, 1.18300, 4.8593118
0xEEEE, 42232040, 13514, 0005, 1.57949, 4.8564889
0xEEEE, 42235163, 13515, 0005, 1.58352, 4.8540475
0xEEEE, 42238288, 13516, 0006, 1.97275, 4.8575570
0xEEEE, 42241422, 13517, 0006, 1.96952, 4.8607614
0xEEEE, 42244539, 13518, 0007, 2.36762, 4.8480201
0xEEEE, 42247672, 13519, 0007, 2.55136, 4.8560311
0xEEEE, 42250789, 13520, 0007, 2.54330, 4.8652628
0xEEEE, 42253925, 13521, 0007, 2.55055, 4.8461891
0xEEEE, 42257043, 13522, 0006, 2.55136, 4.8468757
0xEEEE, 42260161, 13523, 0006, 2.53443, 4.8541238
0xEEEE, 42263286, 13524, 0005, 2.36440, 4.8616007
0xEEEE, 42266412, 13525, 0005, 2.36681, 4.8561074
0xEEEE, 42269536, 13526, 0004, 1.96791, 4.8599985
0xEEEE, 42272668, 13527, 0004, 1.57868, 4.8590829
0xEEEE, 42275777, 13528, 0003, 1.57949, 4.8590066
0xEEEE, 42278901, 13529, 0003, 1.57868, 4.8455024
0xEEEE, 42282035, 13530, 0002, 1.18462, 4.8589303
0xEEEE, 42285151, 13531, 0002, 1.18381, 4.8644999
0xEEEE, 42288276, 13532, 0001, 0.83810, 4.8535134
0xEEEE, 42291401, 13533, 0001, 0.78894, 4.8523690
0xEEEE, 42294526, 13534, 0000, 0.39326, 4.8551919
0xEEEE, 42297662, 13535, 0000, 0.01934, 4.8570993
0xEEEE, 42300799, 13536, 0000, 0.01209, 4.8510719
0xEEEE, 42303914, 13537, 0000, 0.01209, 4.8521401
0xEEEE, 42307064, 13538, 0001, 0.01209, 4.8583963
0xEEEE, 42310164, 13539, 0001, 0.01209, 4.8558022
0xEEEE, 42313289, 13540, 0002, 0.39165, 4.8487068
0xEEEE, 42316413, 13541, 0002, 0.39245, 4.8610666
0xEEEE, 42319526, 13542, 0003, 0.79055, 4.8617533
0xEEEE, 42322680, 13543, 0003, 0.78813, 4.8603799
0xEEEE, 42325787, 13544, 0004, 1.18220, 4.8445869
0xEEEE, 42328911, 13545, 0004, 1.18462, 4.8583200
0xEEEE, 42332042, 13546, 0005, 1.57868, 4.8607614
0xEEEE, 42335162, 13547, 0005, 1.57868, 4.8506905
0xEEEE, 42338294, 13548, 0006, 1.99209, 4.8511482
0xEEEE, 42341402, 13549, 0006, 2.36842, 4.8592355
0xEEEE, 42344526, 13550, 0007, 2.36601, 4.8502327
0xEEEE, 42347660, 13551, 0007, 2.36762, 4.8519875
0xEEEE, 42350777, 13552, 0007, 2.55216, 4.8649577
0xEEEE, 42353902, 13553, 0007, 2.49736, 4.8585489
0xEEEE, 42357036, 13554, 0006, 2.56747, 4.8482490
0xEEEE, 42360152, 13555, 0006, 2.55136, 4.8500801
0xEEEE, 42363276, 13556, 0005, 2.36681, 4.8640421
0xEEEE, 42366413, 13557, 0005, 1.96791, 4.8460365
0xEEEE, 42369538, 13558, 0004, 1.97436, 4.8546578
0xEEEE, 42372670, 13559, 0004, 1.97919, 4.8590829
0xEEEE, 42375789, 13560, 0003, 1.59560, 4.8575570
0xEEEE, 42378914, 13561, 0003, 1.57788, 4.8516823
0xEEEE, 42382047, 13562, 0002, 1.18300, 4.8548867
0xEEEE, 42385174, 13563, 0002, 1.18381, 4.8641184
0xEEEE, 42388286, 13564, 0001, 0.78813, 4.8610666
0xEEEE, 42391411, 13565, 0001, 0.39326, 4.8450446
0xEEEE, 42394536, 13566, 0000, 0.39004, 4.8562600
0xEEEE, 42397668, 13567, 0000, 0.38923, 4.8624399
0xEEEE, 42400787, 13568, 0000, 0.01209, 4.8572519
0xEEEE, 42403911, 13569, 0000, 0.01289, 4.8507668
0xEEEE, 42407065, 13570, 0001, 0.01209, 4.8566415
0xEEEE, 42410153, 13571, 0001, 0.01209, 4.8631266
0xEEEE, 42413276, 13572, 0002, 0.40051, 4.8552682
0xEEEE, 42416401, 13573, 0002, 0.78813, 4.8577859
0xEEEE, 42419527, 13574, 0003, 0.78813, 4.8638895
0xEEEE, 42422668, 13575, 0003, 0.78894, 4.8575570
0xEEEE, 42425777, 13576, 0004, 1.18864, 4.8531319
0xEEEE, 42428902, 13577, 0004, 1.20718, 4.8548104
0xEEEE, 42432041, 13578, 0005, 1.57949, 4.8632792
0xEEEE, 42435163, 13579, 0005, 1.57707, 4.8518349
0xEEEE, 42438289, 13580, 0006, 1.97355, 4.8557259
0xEEEE, 42441413, 13581, 0006, 2.37407, 4.8586252
0xEEEE, 42444539, 13582, 0007, 2.36681, 4.8556497
0xEEEE, 42447671, 13583, 0007, 2.32733, 4.8584726
0xEEEE, 42450788, 13584, 0007, 2.54571, 4.8546578
0xEEEE, 42453907, 13585, 0007, 2.55136, 4.8586252
0xEEEE, 42457043, 13586, 0006, 2.55136, 4.8493935
0xEEEE, 42460161, 13587, 0006, 2.55216, 4.8471809
0xEEEE, 42463286, 13588, 0005, 2.36681, 4.8580911
0xEEEE, 42466412, 13589, 0005, 2.36681, 4.8644236
0xEEEE, 42469547, 13590, 0004, 1.97355, 4.8564889
0xEEEE, 42472668, 13591, 0004, 2.02352, 4.8516823
0xEEEE, 42475777, 13592, 0003, 1.57949, 4.8603037
0xEEEE, 42478902, 13593, 0003, 1.57626, 4.8564126
0xEEEE, 42482044, 13594, 0002, 1.18220, 4.8539712
0xEEEE, 42485151, 13595, 0002, 0.78813, 4.8614481
0xEEEE, 42488276, 13596, 0001, 0.78652, 4.8610666
0xEEEE, 42491402, 13597, 0001, 0.77443, 4.8437476
0xEEEE, 42494526, 13598, 0000, 0.40374, 4.8466468
0xEEEE, 42497663, 13599, 0000, 0.33363, 4.8606088
0xEEEE, 42500789, 13600, 0000, 0.01209, 4.8542000
0xEEEE, 42503913, 13601, 0000, 0.01209, 4.8516823
0xEEEE, 42507072, 13602, 0001, 0.01209, 4.8525216
0xEEEE, 42510164, 13603, 0001, 0.39165, 4.8601511
0xEEEE, 42513288, 13604, 0002, 0.39165, 4.8500038
0xEEEE, 42516413, 13605, 0002, 0.39326, 4.8478676
0xEEEE, 42519528, 13606, 0003, 0.78813, 4.8598459
0xEEEE, 42522668, 13607, 0003, 0.78652, 4.8577096
0xEEEE, 42525786, 13608, 0004, 1.17656, 4.8511482
0xEEEE, 42528912, 13609, 0004, 1.18300, 4.8538949
0xEEEE, 42532042, 13610, 0005, 1.57546, 4.8647288
0xEEEE, 42535161, 13611, 0005, 1.97355, 4.8690013
0xEEEE, 42538286, 13612, 0006, 1.97436, 4.8535134
0xEEEE, 42541401, 13613, 0006, 1.97436, 4.8538949
0xEEEE, 42544527, 13614, 0007, 2.36842, 4.8598459
0xEEEE, 42547659, 13615, 0007, 2.36681, 4.8582437
0xEEEE, 42550777, 13616, 0007, 2.60132, 4.8539712
0xEEEE, 42553912, 13617, 0007, 2.55055, 4.8651102
0xEEEE, 42557036, 13618, 0006, 2.55055, 4.8549630
0xEEEE, 42560151, 13619, 0006, 2.36762, 4.8467231
0xEEEE, 42563279, 13620, 0005, 2.36601, 4.8542000
0xEEEE, 42566421, 13621, 0005, 2.36762, 4.8604562
0xEEEE, 42569538, 13622, 0004, 1.95582, 4.8558022
0xEEEE, 42572670, 13623, 0004, 1.97355, 4.8533608
0xEEEE, 42575789, 13624, 0003, 1.58352, 4.8586252
0xEEEE, 42578914, 13625, 0003, 1.56821, 4.8558785
0xEEEE, 42582047, 13626, 0002, 1.18462, 4.8551156
0xEEEE, 42585151, 13627, 0002, 0.79216, 4.8523690
0xEEEE, 42588286, 13628, 0001, 0.77927, 4.8622110
0xEEEE, 42591411, 13629, 0001, 0.78813, 4.8513008
0xEEEE, 42594536, 13630, 0000, 0.39326, 4.8442054
0xEEEE, 42597668, 13631, 0000, 0.39245, 4.8597696
0xEEEE, 42600787, 13632, 0000, 0.01209, 4.8599985
0xEEEE, 42603911, 13633, 0000, 0.01209, 4.8511482
0xEEEE, 42607064, 13634, 0001, 0.01128, 4.8475624
0xEEEE, 42610153, 13635, 0001, 0.45773, 4.8579385
0xEEEE, 42613287, 13636, 0002, 0.39245, 4.8561837
0xEEEE, 42616401, 13637, 0002, 0.39326, 4.8462654
0xEEEE, 42619526, 13638, 0003, 0.78168, 4.8599985
0xEEEE, 42622659, 13639, 0003, 0.76799, 4.8571756
0xEEEE, 42625778, 13640, 0004, 1.18220, 4.8464179
0xEEEE, 42628902, 13641, 0004, 1.18381, 4.8560311
0xEEEE, 42632043, 13642, 0005, 1.59480, 4.8602274
0xEEEE, 42635163, 13643, 0005, 1.57788, 4.8599985
0xEEEE, 42638291, 13644, 0006, 1.97033, 4.8519875
0xEEEE, 42641413, 13645, 0006, 1.97275, 4.8490883
0xEEEE, 42644539, 13646, 0007, 2.36762, 4.8596933
0xEEEE, 42647671, 13647, 0007, 2.36681, 4.8577096
0xEEEE, 42650798, 13648, 0007, 2.55216, 4.8533608
0xEEEE, 42653909, 13649, 0007, 2.55216, 4.8550393
0xEEEE, 42657043, 13650, 0006, 2.55136, 4.8596170
0xEEEE, 42660161, 13651, 0006, 2.55136, 4.8505379
0xEEEE, 42663286, 13652, 0005, 2.36440, 4.8484016
0xEEEE, 42666412, 13653, 0005, 2.36762, 4.8641947
0xEEEE, 42669536, 13654, 0004, 1.97275, 4.8561074
0xEEEE, 42672668, 13655, 0004, 1.97355, 4.8459602
0xEEEE, 42675777, 13656, 0003, 1.59722, 4.8487831
0xEEEE, 42678902, 13657, 0003, 1.18300, 4.8597696
0xEEEE, 42682036, 13658, 0002, 1.17978, 4.8532845
0xEEEE, 42685151, 13659, 0002, 1.18381, 4.8586252
0xEEEE, 42688278, 13660, 0001, 0.78813, 4.8604562
0xEEEE, 42691402, 13661, 0001, 0.78813, 4.8557259
0xEEEE, 42694527, 13662, 0000, 0.39165, 4.8471809
0xEEEE, 42697676, 13663, 0000, 0.39326, 4.8575570
0xEEEE, 42700788, 13664, 0000, 0.01209, 4.8633555
0xEEEE, 42703913, 13665, 0000, 0.01209, 4.8570230
0xEEEE, 42707064, 13666, 0001, 0.01209, 4.8532845
0xEEEE, 42710163, 13667, 0001, 0.01209, 4.8596933
0xEEEE, 42713288, 13668, 0002, 0.38359, 4.8625925
0xEEEE, 42716413, 13669, 0002, 0.37956, 4.8632029
0xEEEE, 42719529, 13670, 0003, 0.79055, 4.8467231
0xEEEE, 42722668, 13671, 0003, 0.78894, 4.8606088
0xEEEE, 42725786, 13672, 0004, 1.18462, 4.8500038
0xEEEE, 42728912, 13673, 0004, 1.59319, 4.8494697
0xEEEE, 42732043, 13674, 0005, 1.57788, 4.8590829
0xEEEE, 42735169, 13675, 0005, 1.57707, 4.8643473
0xEEEE, 42738286, 13676, 0006, 1.97436, 4.8572519
0xEEEE, 42741401, 13677, 0006, 1.97194, 4.8535897
0xEEEE, 42744526, 13678, 0007, 2.36681, 4.8581674
0xEEEE, 42747660, 13679, 0007, 2.36198, 4.8615244
0xEEEE, 42750778, 13680, 0007, 2.55055, 4.8588540
0xEEEE, 42753902, 13681, 0007, 2.55216, 4.8580148
0xEEEE, 42757036, 13682, 0006, 2.55700, 4.8591592
0xEEEE, 42760151, 13683, 0006, 2.55216, 4.8512245
0xEEEE, 42763279, 13684, 0005, 2.36681, 4.8554208
0xEEEE, 42766412, 13685, 0005, 2.37407, 4.8603037
0xEEEE, 42769538, 13686, 0004, 1.97355, 4.8663310
0xEEEE, 42772670, 13687, 0004, 1.97275, 4.8516823
0xEEEE, 42775790, 13688, 0003, 1.57949, 4.8490120
0xEEEE, 42778914, 13689, 0003, 1.58271, 4.8603799
0xEEEE, 42782055, 13690, 0002, 1.16527, 4.8635080
0xEEEE, 42785151, 13691, 0002, 1.18381, 4.8545052
0xEEEE, 42788286, 13692, 0001, 0.78571, 4.8576333
0xEEEE, 42791411, 13693, 0001, 0.79538, 4.8593118
0xEEEE, 42794536, 13694, 0000, 0.37634, 4.8485542
0xEEEE, 42797669, 13695, 0000, 0.01209, 4.8496223
0xEEEE, 42800788, 13696, 0000, 0.01289, 4.8640421
0xEEEE, 42803911, 13697, 0000, 0.01209, 4.8606088
0xEEEE, 42807064, 13698, 0001, 0.01209, 4.8471809
0xEEEE, 42810153, 13699, 0001, 0.01128, 4.8539712
0xEEEE, 42813278, 13700, 0002, 0.39165, 4.8632792
0xEEEE, 42816402, 13701, 0002, 0.39326, 4.8607614
0xEEEE, 42819535, 13702, 0003, 0.78813, 4.8567178
0xEEEE, 42822659, 13703, 0003, 1.18784, 4.8564889
0xEEEE, 42825777, 13704, 0004, 1.20718, 4.8519112
0xEEEE, 42828902, 13705, 0004, 1.18220, 4.8503853
0xEEEE, 42832044, 13706, 0005, 1.57949, 4.8532845
0xEEEE, 42835163, 13707, 0005, 1.62784, 4.8653391
0xEEEE, 42838288, 13708, 0006, 1.97355, 4.8625925
0xEEEE, 42841414, 13709, 0006, 1.99048, 4.8503853
0xEEEE, 42844538, 13710, 0007, 2.36440, 4.8534371
0xEEEE, 42847671, 13711, 0007, 2.55216, 4.8567941
0xEEEE, 42850788, 13712, 0007, 2.55619, 4.8542763
0xEEEE, 42853911, 13713, 0007, 2.55619, 4.8567178
0xEEEE, 42857043, 13714, 0006, 2.55055, 4.8581674
0xEEEE, 42860161, 13715, 0006, 2.52879, 4.8604562
0xEEEE, 42863286, 13716, 0005, 2.36923, 4.8575570
0xEEEE, 42866422, 13717, 0005, 2.36681, 4.8544289
0xEEEE, 42869535, 13718, 0004, 1.97678, 4.8613718
0xEEEE, 42872668, 13719, 0004, 1.57868, 4.8539712
0xEEEE, 42875778, 13720, 0003, 1.58352, 4.8498512
0xEEEE, 42878910, 13721, 0003, 1.57868, 4.8551919
0xEEEE, 42882036, 13722, 0002, 1.18300, 4.8650340
0xEEEE, 42885151, 13723, 0002, 1.17978, 4.8571756
0xEEEE, 42888277, 13724, 0001, 0.72125, 4.8493172
0xEEEE, 42891402, 13725, 0001, 0.78813, 4.8577096
0xEEEE, 42894526, 13726, 0000, 0.39245, 4.8532845
0xEEEE, 42897667, 13727, 0000, 0.01209, 4.8542763
0xEEEE, 42900788, 13728, 0000, 0.01128, 4.8559548
0xEEEE, 42903914, 13729, 0000, 0.01128, 4.8625925
0xEEEE, 42907064, 13730, 0001, 0.01209, 4.8513008
0xEEEE, 42910164, 13731, 0001, 0.01209, 4.8496986
0xEEEE, 42913288, 13732, 0002, 0.39487, 4.8599222
0xEEEE, 42916413, 13733, 0002, 0.39004, 4.8592355
0xEEEE, 42919531, 13734, 0003, 0.78410, 4.8624399
0xEEEE, 42922668, 13735, 0003, 1.13223, 4.8552682
0xEEEE, 42925797, 13736, 0004, 1.18220, 4.8578622
0xEEEE, 42928911, 13737, 0004, 1.18462, 4.8514534
0xEEEE, 42932043, 13738, 0005, 1.62220, 4.8496986
0xEEEE, 42935161, 13739, 0005, 1.57868, 4.8648814
0xEEEE, 42938287, 13740, 0006, 1.97436, 4.8583200
0xEEEE, 42941402, 13741, 0006, 1.97436, 4.8530556
0xEEEE, 42944527, 13742, 0007, 2.35150, 4.8487831
0xEEEE, 42947659, 13743, 0007, 2.36359, 4.8631266
0xEEEE, 42950788, 13744, 0007, 2.55216, 4.8619821
0xEEEE, 42953902, 13745, 0007, 2.56183, 4.8458076
0xEEEE, 42957035, 13746, 0006, 2.55458, 4.8490120
0xEEEE, 42960151, 13747, 0006, 2.55055, 4.8591592
0xEEEE, 42963290, 13748, 0005, 2.40227, 4.8440528
0xEEEE, 42966413, 13749, 0005, 1.97194, 4.8522927
0xEEEE, 42969538, 13750, 0004, 1.97758, 4.8643473
0xEEEE, 42972670, 13751, 0004, 1.97033, 4.8569467
0xEEEE, 42975790, 13752, 0003, 1.58755, 4.8633555
0xEEEE, 42978914, 13753, 0003, 1.57949, 4.8490883
0xEEEE, 42982046, 13754, 0002, 1.19509, 4.8665599
0xEEEE, 42985152, 13755, 0002, 1.22330, 4.8615244
0xEEEE, 42988286, 13756, 0001, 0.78894, 4.8484779
0xEEEE, 42991411, 13757, 0001, 0.39326, 4.8570230
0xEEEE, 42994536, 13758, 0000, 0.39407, 4.8563363
0xEEEE, 42997668, 13759, 0000, 0.38842, 4.8515297
0xEEEE, 43000788, 13760, 0000, 0.01128, 4.8500801
0xEEEE, 43003911, 13761, 0000, 0.01128, 4.8632029
0xEEEE, 43007064, 13762, 0001, 0.01209, 4.8503853
0xEEEE, 43010164, 13763, 0001, 0.01209, 4.8448157
0xEEEE, 43013277, 13764, 0002, 0.40777, 4.8549630
0xEEEE, 43016401, 13765, 0002, 0.75751, 4.8638895
0xEEEE, 43019526, 13766, 0003, 0.78894, 4.8541238
0xEEEE, 43022659, 13767, 0003, 0.78813, 4.8542763
0xEEEE, 43025777, 13768, 0004, 1.18462, 4.8589303
0xEEEE, 43028903, 13769, 0004, 1.19106, 4.8522164
0xEEEE, 43032044, 13770, 0005, 1.57788, 4.8484779
0xEEEE, 43035163, 13771, 0005, 1.57868, 4.8543526
0xEEEE, 43038288, 13772, 0006, 1.97355, 4.8641184
0xEEEE, 43041413, 13773, 0006, 2.37084, 4.8542763
0xEEEE, 43044539, 13774, 0007, 2.36762, 4.8414588
0xEEEE, 43047679, 13775, 0007, 2.37729, 4.8585489
0xEEEE, 43050788, 13776, 0007, 2.55700, 4.8594644
0xEEEE, 43053911, 13777, 0007, 2.55136, 4.8527504
0xEEEE, 43057043, 13778, 0006, 2.52718, 4.8490120
0xEEEE, 43060161, 13779, 0006, 2.55136, 4.8606088
0xEEEE, 43063286, 13780, 0005, 2.36762, 4.8618296
0xEEEE, 43066411, 13781, 0005, 2.00901, 4.8553445
0xEEEE, 43069535, 13782, 0004, 1.97275, 4.8614481
0xEEEE, 43072669, 13783, 0004, 1.97114, 4.8601511
0xEEEE, 43075777, 13784, 0003, 1.57868, 4.8521401
0xEEEE, 43078902, 13785, 0003, 1.57788, 4.8477150
0xEEEE, 43082036, 13786, 0002, 1.18300, 4.8616007
0xEEEE, 43085152, 13787, 0002, 1.18300, 4.8604562
0xEEEE, 43088277, 13788, 0001, 0.78974, 4.8530556
0xEEEE, 43091401, 13789, 0001, 0.78894, 4.8543526
0xEEEE, 43094538, 13790, 0000, 0.39890, 4.8613718
0xEEEE, 43097668, 13791, 0000, 0.37956, 4.8533608
0xEEEE, 43100788, 13792, 0000, 0.01209, 4.8553445
0xEEEE, 43103913, 13793, 0000, 0.01451, 4.8624399
0xEEEE, 43107074, 13794, 0001, 0.01128, 4.8555734
0xEEEE, 43110164, 13795, 0001, 0.44161, 4.8522927
0xEEEE, 43113288, 13796, 0002, 0.43033, 4.8549630
0xEEEE, 43116413, 13797, 0002, 0.39245, 4.8665599
0xEEEE, 43119533, 13798, 0003, 0.78733, 4.8585489
0xEEEE, 43122668, 13799, 0003, 0.78813, 4.8485542
0xEEEE, 43125787, 13800, 0004, 1.17333, 4.8550393
0xEEEE, 43128912, 13801, 0004, 1.23055, 4.8625925
0xEEEE, 43132051, 13802, 0005, 1.57868, 4.8535897
0xEEEE, 43135161, 13803, 0005, 2.00579, 4.8538186
0xEEEE, 43138286, 13804, 0006, 1.97355, 4.8648814
0xEEEE, 43141402, 13805, 0006, 1.97597, 4.8552682
0xEEEE, 43144527, 13806, 0007, 2.36681, 4.8488594
0xEEEE, 43147659, 13807, 0007, 2.36842, 4.8584726
0xEEEE, 43150777, 13808, 0007, 2.56505, 4.8626688
0xEEEE, 43153902, 13809, 0007, 2.55136, 4.8477150
0xEEEE, 43157036, 13810, 0006, 2.55136, 4.8532845
0xEEEE, 43160151, 13811, 0006, 2.33458, 4.8560311
0xEEEE, 43163282, 13812, 0005, 2.36762, 4.8574044
0xEEEE, 43166413, 13813, 0005, 2.36762, 4.8496223
0xEEEE, 43169538, 13814, 0004, 1.97275, 4.8554208
0xEEEE, 43172670, 13815, 0004, 1.97355, 4.8622110
0xEEEE, 43175789, 13816, 0003, 1.58029, 4.8500801
0xEEEE, 43178923, 13817, 0003, 1.57062, 4.8480201
0xEEEE, 43182046, 13818, 0002, 1.18381, 4.8603799
0xEEEE, 43185154, 13819, 0002, 0.78733, 4.8683909
0xEEEE, 43188287, 13820, 0001, 0.79297, 4.8472572
0xEEEE, 43191419, 13821, 0001, 0.80667, 4.8445106
0xEEEE, 43194536, 13822, 0000, 0.39245, 4.8598459
0xEEEE, 43197668, 13823, 0000, 0.39326, 4.8634318
0xEEEE, 43200787, 13824, 0000, 0.01209, 4.8513771
0xEEEE, 43203911, 13825, 0000, 0.01209, 4.8595407
0xEEEE, 43207064, 13826, 0001, 0.01209, 4.8543526
0xEEEE, 43210153, 13827, 0001, 0.39245, 4.8493172
0xEEEE, 43213276, 13828, 0002, 0.39165, 4.8448920
0xEEEE, 43216410, 13829, 0002, 0.39245, 4.8619059
0xEEEE, 43219526, 13830, 0003, 0.78974, 4.8551156
0xEEEE, 43222659, 13831, 0003, 0.78168, 4.8420691
0xEEEE, 43225777, 13832, 0004, 1.18462, 4.8480201
0xEEEE, 43228904, 13833, 0004, 1.18220, 4.8627451
0xEEEE, 43232044, 13834, 0005, 1.58432, 4.8639658
0xEEEE, 43235163, 13835, 0005, 1.97275, 4.8538186
0xEEEE, 43238298, 13836, 0006, 1.97275, 4.8596933
0xEEEE, 43241414, 13837, 0006, 1.97436, 4.8579385
0xEEEE, 43244538, 13838, 0007, 2.37245, 4.8493935
0xEEEE, 43247671, 13839, 0007, 2.36681, 4.8485542
0xEEEE, 43250778, 13840, 0007, 2.55055, 4.8664073
0xEEEE, 43253912, 13841, 0007, 2.55055, 4.8573281
0xEEEE, 43257043, 13842, 0006, 2.55216, 4.8493935
0xEEEE, 43260161, 13843, 0006, 2.55136, 4.8566415
0xEEEE, 43263296, 13844, 0005, 2.36923, 4.8593118
0xEEEE, 43266411, 13845, 0005, 2.36762, 4.8535134
0xEEEE, 43269535, 13846, 0004, 2.00176, 4.8579385
0xEEEE, 43272669, 13847, 0004, 1.97194, 4.8624399
0xEEEE, 43275786, 13848, 0003, 1.56740, 4.8530556
0xEEEE, 43278902, 13849, 0003, 1.18220, 4.8518349
0xEEEE, 43282035, 13850, 0002, 1.18300, 4.8570230
0xEEEE, 43285152, 13851, 0002, 1.15480, 4.8641947
0xEEEE, 43288276, 13852, 0001, 0.77766, 4.8446632
0xEEEE, 43291401, 13853, 0001, 0.78733, 4.8502327
0xEEEE, 43294526, 13854, 0000, 0.39245, 4.8599985
0xEEEE, 43297670, 13855, 0000, 0.39165, 4.8597696
0xEEEE, 43300789, 13856, 0000, 0.01209, 4.8496223
0xEEEE, 43303913, 13857, 0000, 0.01209, 4.8569467
0xEEEE, 43307065, 13858, 0001, 0.01209, 4.8591592
0xEEEE, 43310164, 13859, 0001, 0.01209, 4.8499275
0xEEEE, 43313289, 13860, 0002, 0.39084, 4.8486305
0xEEEE, 43316413, 13861, 0002, 0.38520, 4.8585489
0xEEEE, 43319534, 13862, 0003, 0.76960, 4.8647288
0xEEEE, 43322691, 13863, 0003, 0.78733, 4.8488594
0xEEEE, 43325786, 13864, 0004, 1.18300, 4.8533608
0xEEEE, 43328911, 13865, 0004, 1.57546, 4.8591592
0xEEEE, 43332045, 13866, 0005, 1.53355, 4.8583963
0xEEEE, 43335161, 13867, 0005, 1.57788, 4.8662547
0xEEEE, 43338286, 13868, 0006, 1.97355, 4.8596933
0xEEEE, 43341402, 13869, 0006, 1.97275, 4.8593881
0xEEEE, 43344527, 13870, 0007, 2.36681, 4.8472572
0xEEEE, 43347662, 13871, 0007, 2.36762, 4.8478676
0xEEEE, 43350777, 13872, 0007, 2.55136, 4.8603799
0xEEEE, 43353901, 13873, 0007, 2.55216, 4.8604562
0xEEEE, 43357035, 13874, 0006, 2.54894, 4.8474861
0xEEEE, 43360161, 13875, 0006, 2.55136, 4.8497749
0xEEEE, 43363284, 13876, 0005, 2.36762, 4.8582437
0xEEEE, 43366413, 13877, 0005, 2.36440, 4.8469520
0xEEEE, 43369538, 13878, 0004, 1.97355, 4.8513008
0xEEEE, 43372670, 13879, 0004, 1.97597, 4.8594644
0xEEEE, 43375789, 13880, 0003, 1.57868, 4.8535897
0xEEEE, 43378913, 13881, 0003, 1.18784, 4.8436713
0xEEEE, 43382046, 13882, 0002, 1.17172, 4.8529030
0xEEEE, 43385156, 13883, 0002, 1.18381, 4.8664073
0xEEEE, 43388286, 13884, 0001, 0.78894, 4.8576333
0xEEEE, 43391411, 13885, 0001, 0.78813, 4.8472572
0xEEEE, 43394536, 13886, 0000, 0.38762, 4.8512245
0xEEEE, 43397669, 13887, 0000, 0.39810, 4.8582437
0xEEEE, 43400786, 13888, 0000, 0.01128, 4.8567178
0xEEEE, 43403911, 13889, 0000, 0.01209, 4.8597696
0xEEEE, 43407075, 13890, 0001, 0.01209, 4.8599222
0xEEEE, 43410153, 13891, 0001, 0.01128, 4.8611429
0xEEEE, 43413276, 13892, 0002, 0.35458, 4.8446632
0xEEEE, 43416401, 13893, 0002, 0.41582, 4.8577859
0xEEEE, 43419527, 13894, 0003, 0.78974, 4.8664073
0xEEEE, 43422659, 13895, 0003, 1.18300, 4.8542763
0xEEEE, 43425777, 13896, 0004, 1.18139, 4.8443580
0xEEEE, 43428907, 13897, 0004, 1.15480, 4.8574044
0xEEEE, 43432044, 13898, 0005, 1.57868, 4.8515297
0xEEEE, 43435162, 13899, 0005, 1.58432, 4.8482490
0xEEEE, 43438289, 13900, 0006, 1.97355, 4.8526741
0xEEEE, 43441414, 13901, 0006, 1.97355, 4.8574044
0xEEEE, 43444547, 13902, 0007, 2.36601, 4.8573281
0xEEEE, 43447671, 13903, 0007, 2.54974, 4.8526741
0xEEEE, 43450778, 13904, 0007, 2.55055, 4.8587015
0xEEEE, 43453911, 13905, 0007, 2.55136, 4.8600748
0xEEEE, 43457043, 13906, 0006, 2.53846, 4.8489357
0xEEEE, 43460161, 13907, 0006, 2.55377, 4.8503090
0xEEEE, 43463287, 13908, 0005, 2.36681, 4.8629740
0xEEEE, 43466412, 13909, 0005, 2.38374, 4.8667887
0xEEEE, 43469536, 13910, 0004, 1.97355, 4.8545052
0xEEEE, 43472668, 13911, 0004, 1.58029, 4.8527504
0xEEEE, 43475777, 13912, 0003, 1.57788, 4.8618296
0xEEEE, 43478902, 13913, 0003, 1.56015, 4.8503853
0xEEEE, 43482035, 13914, 0002, 1.18381, 4.8513008
0xEEEE, 43485152, 13915, 0002, 1.18300, 4.8635843
0xEEEE, 43488276, 13916, 0001, 0.78571, 4.8620584
0xEEEE, 43491413, 13917, 0001, 0.79458, 4.8460365
0xEEEE, 43494526, 13918, 0000, 0.42711, 4.8484779
0xEEEE, 43497670, 13919, 0000, 0.01209, 4.8628214
0xEEEE, 43500789, 13920, 0000, 0.01209, 4.8500038
0xEEEE, 43503922, 13921, 0000, 0.01209, 4.8514534
0xEEEE, 43507064, 13922, 0001, 0.01128, 4.8592355
0xEEEE, 43510164, 13923, 0001, 0.01128, 4.8578622
0xEEEE, 43513287, 13924, 0002, 0.39326, 4.8480201
0xEEEE, 43516401, 13925, 0002, 0.39407, 4.8510719
0xEEEE, 43519536, 13926, 0003, 0.78733, 4.8659495
0xEEEE, 43522668, 13927, 0003, 1.18703, 4.8617533
0xEEEE, 43525786, 13928, 0004, 1.20557, 4.8428321
0xEEEE, 43528918, 13929, 0004, 1.18381, 4.8528267
0xEEEE, 43532045, 13930, 0005, 1.57465, 4.8631266
0xEEEE, 43535160, 13931, 0005, 1.59802, 4.8560311
0xEEEE, 43538285, 13932, 0006, 1.97355, 4.8506905
0xEEEE, 43541401, 13933, 0006, 1.96066, 4.8591592
0xEEEE, 43544526, 13934, 0007, 2.36923, 4.8494697
0xEEEE, 43547659, 13935, 0007, 2.55458, 4.8528267
0xEEEE, 43550777, 13936, 0007, 2.54733, 4.8574044
0xEEEE, 43553902, 13937, 0007, 2.55055, 4.8596170
0xEEEE, 43557036, 13938, 0006, 2.55136, 4.8500801
0xEEEE, 43560151, 13939, 0006, 2.57473, 4.8433661
0xEEEE, 43563287, 13940, 0005, 2.37165, 4.8572519
0xEEEE, 43566413, 13941, 0005, 2.36681, 4.8613718
0xEEEE, 43569538, 13942, 0004, 1.96952, 4.8469520
0xEEEE, 43572670, 13943, 0004, 1.97275, 4.8535897
0xEEEE, 43575797, 13944, 0003, 1.57626, 4.8587778
0xEEEE, 43578913, 13945, 0003, 1.57868, 4.8545052
0xEEEE, 43582046, 13946, 0002, 1.18381, 4.8478676
0xEEEE, 43585158, 13947, 0002, 1.17897, 4.8603799
0xEEEE, 43588295, 13948, 0001, 0.75348, 4.8586252
0xEEEE, 43591411, 13949, 0001, 0.39245, 4.8478676
0xEEEE, 43594536, 13950, 0000, 0.39245, 4.8503853
0xEEEE, 43597669, 13951, 0000, 0.39326, 4.8624399
0xEEEE, 43600787, 13952, 0000, 0.01209, 4.8589303
0xEEEE, 43603911, 13953, 0000, 0.01209, 4.8490120
0xEEEE, 43607064, 13954, 0001, 0.01209, 4.8511482
0xEEEE, 43610153, 13955, 0001, 0.01451, 4.8634318
0xEEEE, 43613276, 13956, 0002, 0.39326, 4.8520638
0xEEEE, 43616402, 13957, 0002, 0.78813, 4.8484016
0xEEEE, 43619527, 13958, 0003, 0.78007, 4.8587778
0xEEEE, 43622659, 13959, 0003, 0.81875, 4.8630503
0xEEEE, 43625778, 13960, 0004, 1.18220, 4.8546578
0xEEEE, 43628908, 13961, 0004, 1.18300, 4.8507668
0xEEEE, 43632044, 13962, 0005, 1.62300, 4.8642710
0xEEEE, 43635173, 13963, 0005, 1.57868, 4.8548867
0xEEEE, 43638288, 13964, 0006, 1.96308, 4.8420691
0xEEEE, 43641414, 13965, 0006, 2.36601, 4.8588540
0xEEEE, 43644539, 13966, 0007, 2.34908, 4.8577096
0xEEEE, 43647671, 13967, 0007, 2.36440, 4.8564889
0xEEEE, 43650780, 13968, 0007, 2.55216, 4.8519112
0xEEEE, 43653911, 13969, 0007, 2.52396, 4.8625925
0xEEEE, 43657043, 13970, 0006, 2.54571, 4.8587778
0xEEEE, 43660170, 13971, 0006, 2.55216, 4.8449683
0xEEEE, 43663287, 13972, 0005, 2.37729, 4.8611429
0xEEEE, 43666412, 13973, 0005, 1.97839, 4.8675517
0xEEEE, 43669536, 13974, 0004, 1.99612, 4.8517586
0xEEEE, 43672677, 13975, 0004, 1.97678, 4.8493935
0xEEEE, 43675777, 13976, 0003, 1.57868, 4.8559548
0xEEEE, 43678902, 13977, 0003, 1.57949, 4.8622110
0xEEEE, 43682036, 13978, 0002, 1.19912, 4.8561837
0xEEEE, 43685151, 13979, 0002, 1.22491, 4.8603799
0xEEEE, 43688278, 13980, 0001, 0.78813, 4.8658732
0xEEEE, 43691402, 13981, 0001, 0.39326, 4.8553445
0xEEEE, 43694528, 13982, 0000, 0.39165, 4.8477913
0xEEEE, 43697670, 13983, 0000, 0.39487, 4.8620584
0xEEEE, 43700789, 13984, 0000, 0.01209, 4.8562600
0xEEEE, 43703913, 13985, 0000, 0.01128, 4.8474861
0xEEEE, 43707064, 13986, 0001, 0.01209, 4.8513008
0xEEEE, 43710164, 13987, 0001, 0.01209, 4.8574807
0xEEEE, 43713287, 13988, 0002, 0.40454, 4.8563363
0xEEEE, 43716401, 13989, 0002, 0.71077, 4.8524453
0xEEEE, 43719558, 13990, 0003, 0.78813, 4.8569467
0xEEEE, 43722669, 13991, 0003, 0.78652, 4.8634318
0xEEEE, 43725786, 13992, 0004, 1.18059, 4.8567941
0xEEEE, 43728912, 13993, 0004, 1.16366, 4.8520638
0xEEEE, 43732045, 13994, 0005, 1.57788, 4.8603799
0xEEEE, 43735160, 13995, 0005, 1.58029, 4.8653391
0xEEEE, 43738276, 13996, 0006, 1.97355, 4.8527504
0xEEEE, 43741401, 13997, 0006, 1.98484, 4.8510719
0xEEEE, 43744526, 13998, 0007, 2.36762, 4.8613718
0xEEEE, 43747659, 13999, 0007, 2.33941, 4.8583200
0xEEEE, 43750778, 14000, 0007, 2.54330, 4.8572519
0xEEEE, 43753902, 14001, 0007, 2.55136, 4.8599222
0xEEEE, 43757042, 14002, 0006, 2.55136, 4.8611429
0xEEEE, 43760152, 14003, 0006, 2.35795, 4.8554971
0xEEEE, 43763288, 14004, 0005, 2.36681, 4.8486305
0xEEEE, 43766412, 14005, 0005, 2.39341, 4.8644236
0xEEEE, 43769538, 14006, 0004, 1.97355, 4.8595407
0xEEEE, 43772670, 14007, 0004, 1.96711, 4.8471809
0xEEEE, 43775789, 14008, 0003, 1.57626, 4.8488594
0xEEEE, 43778913, 14009, 0003, 1.58593, 4.8563363
0xEEEE, 43782047, 14010, 0002, 1.18300, 4.8561837
0xEEEE, 43785159, 14011, 0002, 0.78733, 4.8490120
0xEEEE, 43788286, 14012, 0001, 0.78894, 4.8599222
0xEEEE, 43791411, 14013, 0001, 0.78249, 4.8532082
0xEEEE, 43794536, 14014, 0000, 0.36667, 4.8505379
0xEEEE, 43797669, 14015, 0000, 0.39245, 4.8585489
0xEEEE, 43800787, 14016, 0000, 0.01209, 4.8644999
0xEEEE, 43803922, 14017, 0000, 0.01209, 4.8650340
0xEEEE, 43807063, 14018, 0001, 0.01209, 4.8454261
0xEEEE, 43810153, 14019, 0001, 0.39245, 4.8580911
0xEEEE, 43813278, 14020, 0002, 0.39245, 4.8542000
0xEEEE, 43816401, 14021, 0002, 0.39326, 4.8504616
0xEEEE, 43819526, 14022, 0003, 0.78733, 4.8500038
0xEEEE, 43822659, 14023, 0003, 0.78974, 4.8623636
0xEEEE, 43825777, 14024, 0004, 1.16608, 4.8513008
0xEEEE, 43828909, 14025, 0004, 1.18381, 4.8460365
0xEEEE, 43832044, 14026, 0005, 1.57788, 4.8631266
0xEEEE, 43835163, 14027, 0005, 1.97355, 4.8577859
0xEEEE, 43838288, 14028, 0006, 1.97355, 4.8548104
0xEEEE, 43841422, 14029, 0006, 1.97275, 4.8504616
0xEEEE, 43844538, 14030, 0007, 2.37326, 4.8597696
0xEEEE, 43847670, 14031, 0007, 2.36762, 4.8583963
0xEEEE, 43850782, 14032, 0007, 2.53524, 4.8535897
0xEEEE, 43853911, 14033, 0007, 2.55136, 4.8589303
0xEEEE, 43857043, 14034, 0006, 2.55136, 4.8594644
0xEEEE, 43860161, 14035, 0006, 2.36762, 4.8507668
0xEEEE, 43863287, 14036, 0005, 2.36681, 4.8492409
0xEEEE, 43866411, 14037, 0005, 2.36681, 4.8628977
0xEEEE, 43869536, 14038, 0004, 1.95824, 4.8652628
0xEEEE, 43872668, 14039, 0004, 1.97355, 4.8500038
0xEEEE, 43875778, 14040, 0003, 1.57304, 4.8484779
0xEEEE, 43878901, 14041, 0003, 1.52952, 4.8574807
0xEEEE, 43882036, 14042, 0002, 1.18300, 4.8542763
0xEEEE, 43885151, 14043, 0002, 1.19348, 4.8506142
0xEEEE, 43888287, 14044, 0001, 0.75993, 4.8570230
0xEEEE, 43891401, 14045, 0001, 0.78813, 4.8522164
0xEEEE, 43894529, 14046, 0000, 0.39245, 4.8513771
0xEEEE, 43897670, 14047, 0000, 0.39245, 4.8502327
0xEEEE, 43900797, 14048, 0000, 0.01209, 4.8618296
0xEEEE, 43903914, 14049, 0000, 0.01209, 4.8628214
0xEEEE, 43907064, 14050, 0001, 0.01128, 4.8494697
0xEEEE, 43910165, 14051, 0001, 0.01209, 4.8520638
0xEEEE, 43913288, 14052, 0002, 0.39648, 4.8592355
0xEEEE, 43916402, 14053, 0002, 0.38923, 4.8523690
0xEEEE, 43919536, 14054, 0003, 0.79861, 4.8542000
0xEEEE, 43922668, 14055, 0003, 0.81473, 4.8596170
0xEEEE, 43925794, 14056, 0004, 1.18381, 4.8554208
0xEEEE, 43928912, 14057, 0004, 1.57385, 4.8409247
0xEEEE, 43932045, 14058, 0005, 1.55612, 4.8564889
0xEEEE, 43935161, 14059, 0005, 1.57868, 4.8651865
0xEEEE, 43938278, 14060, 0006, 1.97678, 4.8591592
0xEEEE, 43941401, 14061, 0006, 1.97355, 4.8506905
0xEEEE, 43944527, 14062, 0007, 2.36681, 4.8527504
0xEEEE, 43947659, 14063, 0007, 2.36681, 4.8609140
0xEEEE, 43950777, 14064, 0007, 2.55055, 4.8558022
0xEEEE, 43953902, 14065, 0007, 2.55136, 4.8519112
0xEEEE, 43957035, 14066, 0006, 2.55136, 4.8590066
0xEEEE, 43960151, 14067, 0006, 2.55055, 4.8451972
0xEEEE, 43963287, 14068, 0005, 2.36117, 4.8535134
0xEEEE, 43966413, 14069, 0005, 2.36762, 4.8596170
0xEEEE, 43969538, 14070, 0004, 1.97355, 4.8638895
0xEEEE, 43972679, 14071, 0004, 1.97275, 4.8545815
0xEEEE, 43975789, 14072, 0003, 1.56256, 4.8522927
0xEEEE, 43978913, 14073, 0003, 1.18220, 4.8590829
0xEEEE, 43982047, 14074, 0002, 1.18462, 4.8608377
0xEEEE, 43985180, 14075, 0002, 1.18220, 4.8531319
0xEEEE, 43988286, 14076, 0001, 0.78894, 4.8545815
0xEEEE, 43991411, 14077, 0001, 0.78894, 4.8566415
0xEEEE, 43994537, 14078, 0000, 0.39326, 4.8520638
0xEEEE, 43997669, 14079, 0000, 0.39165, 4.8506905
0xEEEE, 44000788, 14080, 0000, 0.01209, 4.8606088
0xEEEE, 44003911, 14081, 0000, 0.01209, 4.8586252
0xEEEE, 44007063, 14082, 0001, 0.01531, 4.8551156
0xEEEE, 44010153, 14083, 0001, 0.01289, 4.8509194
0xEEEE, 44013276, 14084, 0002, 0.40938, 4.8626688
0xEEEE, 44016401, 14085, 0002, 0.40293, 4.8545052
0xEEEE, 44019526, 14086, 0003, 0.78894, 4.8511482
0xEEEE, 44022659, 14087, 0003, 0.78894, 4.8551919
0xEEEE, 44025777, 14088, 0004, 1.18300, 4.8611429
0xEEEE, 44028911, 14089, 0004, 1.55773, 4.8481727
0xEEEE, 44032055, 14090, 0005, 1.57868, 4.8570993
0xEEEE, 44035163, 14091, 0005, 1.57788, 4.8655680
0xEEEE, 44038288, 14092, 0006, 1.97194, 4.8607614
0xEEEE, 44041414, 14093, 0006, 1.97436, 4.8481727
0xEEEE, 44044538, 14094, 0007, 2.36762, 4.8468757
0xEEEE, 44047670, 14095, 0007, 2.36601, 4.8577096
0xEEEE, 44050783, 14096, 0007, 2.55297, 4.8564889
0xEEEE, 44053911, 14097, 0007, 2.55136, 4.8474861
0xEEEE, 44057044, 14098, 0006, 2.55216, 4.8590066
0xEEEE, 44060161, 14099, 0006, 2.55055, 4.8545815
0xEEEE, 44063286, 14100, 0005, 2.36762, 4.8446632
0xEEEE, 44066411, 14101, 0005, 2.35795, 4.8593881
0xEEEE, 44069544, 14102, 0004, 1.97275, 4.8656443
0xEEEE, 44072668, 14103, 0004, 1.57868, 4.8491646
0xEEEE, 44075777, 14104, 0003, 1.57868, 4.8486305
0xEEEE, 44078902, 14105, 0003, 1.57949, 4.8540475
0xEEEE, 44082035, 14106, 0002, 1.18381, 4.8574044
0xEEEE, 44085151, 14107, 0002, 1.18300, 4.8606851
0xEEEE, 44088276, 14108, 0001, 0.78571, 4.8521401
0xEEEE, 44091401, 14109, 0001, 0.78168, 4.8574044
0xEEEE, 44094531, 14110, 0000, 0.37231, 4.8510719
0xEEEE, 44097670, 14111, 0000, 0.01209, 4.8550393
0xEEEE, 44100788, 14112, 0000, 0.01128, 4.8584726
0xEEEE, 44103914, 14113, 0000, 0.01209, 4.8651865
0xEEEE, 44107064, 14114, 0001, 0.01209, 4.8468757
0xEEEE, 44110164, 14115, 0001, 0.01209, 4.8475624
0xEEEE, 44113288, 14116, 0002, 0.39245, 4.8596170
0xEEEE, 44116427, 14117, 0002, 0.39245, 4.8612955
0xEEEE, 44119536, 14118, 0003, 0.78733, 4.8539712
0xEEEE, 44122668, 14119, 0003, 1.18784, 4.8519112
0xEEEE, 44125788, 14120, 0004, 1.17172, 4.8595407
0xEEEE, 44128912, 14121, 0004, 1.18300, 4.8508431
0xEEEE, 44132044, 14122, 0005, 1.57385, 4.8516060
0xEEEE, 44135161, 14123, 0005, 1.57223, 4.8619059
0xEEEE, 44138276, 14124, 0006, 1.97516, 4.8618296
0xEEEE, 44141401, 14125, 0006, 1.95582, 4.8484016
0xEEEE, 44144527, 14126, 0007, 2.36923, 4.8506905
0xEEEE, 44147659, 14127, 0007, 2.55216, 4.8641184
0xEEEE, 44150777, 14128, 0007, 2.54894, 4.8555734
0xEEEE, 44153911, 14129, 0007, 2.54974, 4.8466468
0xEEEE, 44157036, 14130, 0006, 2.55136, 4.8563363
0xEEEE, 44160153, 14131, 0006, 2.54007, 4.8558022
0xEEEE, 44163288, 14132, 0005, 2.37084, 4.8522164
0xEEEE, 44166413, 14133, 0005, 2.36681, 4.8538949
0xEEEE, 44169538, 14134, 0004, 1.98081, 4.8625925
0xEEEE, 44172670, 14135, 0004, 1.57788, 4.8599222
0xEEEE, 44175790, 14136, 0003, 1.58110, 4.8506142
0xEEEE, 44178913, 14137, 0003, 1.57868, 4.8480964
0xEEEE, 44182047, 14138, 0002, 1.18381, 4.8613718
0xEEEE, 44185161, 14139, 0002, 1.18542, 4.8562600
0xEEEE, 44188287, 14140, 0001, 0.77604, 4.8502327
0xEEEE, 44191411, 14141, 0001, 0.78894, 4.8589303
0xEEEE, 44194537, 14142, 0000, 0.39326, 4.8519112
0xEEEE, 44197669, 14143, 0000, 0.39245, 4.8480201
0xEEEE, 44200798, 14144, 0000, 0.01209, 4.8545815
0xEEEE, 44203911, 14145, 0000, 0.01209, 4.8646525
0xEEEE, 44207063, 14146, 0001, 0.01209, 4.8554208
0xEEEE, 44210153, 14147, 0001, 0.01451, 4.8425269
0xEEEE, 44213276, 14148, 0002, 0.39165, 4.8571756
0xEEEE, 44216401, 14149, 0002, 0.78894, 4.8648814
0xEEEE, 44219526, 14150, 0003, 0.79377, 4.8575570
0xEEEE, 44222659, 14151, 0003, 0.77443, 4.8511482
0xEEEE, 44225777, 14152, 0004, 1.18381, 4.8607614
0xEEEE, 44228914, 14153, 0004, 1.18381, 4.8563363
0xEEEE, 44232044, 14154, 0005, 1.57143, 4.8508431
0xEEEE, 44235163, 14155, 0005, 1.57788, 4.8570230
0xEEEE, 44238295, 14156, 0006, 1.96308, 4.8632792
0xEEEE, 44241414, 14157, 0006, 2.36681, 4.8573281
0xEEEE, 44244537, 14158, 0007, 2.37890, 4.8524453
0xEEEE, 44247670, 14159, 0007, 2.36762, 4.8609903
0xEEEE, 44250786, 14160, 0007, 2.48527, 4.8639658
0xEEEE, 44253911, 14161, 0007, 2.55700, 4.8444343
0xEEEE, 44257043, 14162, 0006, 2.55619, 4.8474861
0xEEEE, 44260161, 14163, 0006, 2.55136, 4.8629740
0xEEEE, 44263286, 14164, 0005, 2.35231, 4.8583963
0xEEEE, 44266411, 14165, 0005, 1.97758, 4.8558785
0xEEEE, 44269536, 14166, 0004, 2.02271, 4.8622110
0xEEEE, 44272659, 14167, 0004, 1.97355, 4.8627451
0xEEEE, 44275777, 14168, 0003, 1.55853, 4.8362707
0xEEEE, 44278902, 14169, 0003, 1.57949, 4.8500038
0xEEEE, 44282036, 14170, 0002, 1.17736, 4.8633555
0xEEEE, 44285162, 14171, 0002, 1.21846, 4.8599222
0xEEEE, 44288276, 14172, 0001, 0.78894, 4.8488594
0xEEEE, 44291401, 14173, 0001, 0.39165, 4.8539712
0xEEEE, 44294533, 14174, 0000, 0.39245, 4.8583200
0xEEEE, 44297679, 14175, 0000, 0.39084, 4.8510719
0xEEEE, 44300788, 14176, 0000, 0.01209, 4.8559548
0xEEEE, 44303913, 14177, 0000, 0.01128, 4.8624399
0xEEEE, 44307064, 14178, 0001, 0.01128, 4.8554971
0xEEEE, 44310164, 14179, 0001, 0.01209, 4.8450446
0xEEEE, 44313289, 14180, 0002, 0.39326, 4.8519112
0xEEEE, 44316405, 14181, 0002, 0.77201, 4.8656443
0xEEEE, 44319536, 14182, 0003, 0.78813, 4.8561837
0xEEEE, 44322668, 14183, 0003, 0.78813, 4.8521401
0xEEEE, 44325787, 14184, 0004, 1.18220, 4.8575570
0xEEEE, 44328912, 14185, 0004, 1.18059, 4.8603799
0xEEEE, 44332045, 14186, 0005, 1.57949, 4.8521401
0xEEEE, 44335161, 14187, 0005, 1.57788, 4.8578622
0xEEEE, 44338276, 14188, 0006, 1.97355, 4.8615244
0xEEEE, 44341402, 14189, 0006, 2.36278, 4.8517586
0xEEEE, 44344527, 14190, 0007, 2.36601, 4.8491646
0xEEEE, 44347659, 14191, 0007, 2.37568, 4.8558022
0xEEEE, 44350777, 14192, 0007, 2.55297, 4.8599222
0xEEEE, 44353902, 14193, 0007, 2.55136, 4.8555734
0xEEEE, 44357035, 14194, 0006, 2.55297, 4.8510719
0xEEEE, 44360155, 14195, 0006, 2.55136, 4.8577859
0xEEEE, 44363287, 14196, 0005, 2.36762, 4.8598459
0xEEEE, 44366413, 14197, 0005, 2.34667, 4.8528267
0xEEEE, 44369547, 14198, 0004, 1.97355, 4.8548867
0xEEEE, 44372670, 14199, 0004, 1.95824, 4.8615244
0xEEEE, 44375790, 14200, 0003, 1.57788, 4.8483253
0xEEEE, 44378913, 14201, 0003, 1.57626, 4.8461128
0xEEEE, 44382054, 14202, 0002, 1.12740, 4.8606088
0xEEEE, 44385161, 14203, 0002, 0.78894, 4.8615244
0xEEEE, 44388286, 14204, 0001, 0.78813, 4.8504616
0xEEEE, 44391411, 14205, 0001, 0.78974, 4.8533608
0xEEEE, 44394537, 14206, 0000, 0.40051, 4.8600748
0xEEEE, 44397669, 14207, 0000, 0.39729, 4.8532845
0xEEEE, 44400786, 14208, 0000, 0.01209, 4.8502327
0xEEEE, 44403902, 14209, 0000, 0.01289, 4.8647288
0xEEEE, 44407063, 14210, 0001, 0.01209, 4.8585489
0xEEEE, 44410153, 14211, 0001, 0.43436, 4.8442817
0xEEEE, 44413277, 14212, 0002, 0.38440, 4.8439002
0xEEEE, 44416401, 14213, 0002, 0.39245, 4.8643473
0xEEEE, 44419526, 14214, 0003, 0.78894, 4.8572519
0xEEEE, 44422659, 14215, 0003, 0.78974, 4.8532845
0xEEEE, 44425778, 14216, 0004, 1.18703, 4.8566415
0xEEEE, 44428924, 14217, 0004, 1.16608, 4.8589303
0xEEEE, 44432044, 14218, 0005, 1.57788, 4.8527504
0xEEEE, 44435163, 14219, 0005, 1.97355, 4.8507668
0xEEEE, 44438289, 14220, 0006, 1.97194, 4.8633555
0xEEEE, 44441413, 14221, 0006, 1.96227, 4.8503853
0xEEEE, 44444537, 14222, 0007, 2.36762, 4.8503090
0xEEEE, 44447671, 14223, 0007, 2.41516, 4.8590066
0xEEEE, 44450786, 14224, 0007, 2.55377, 4.8643473
0xEEEE, 44453911, 14225, 0007, 2.55216, 4.8564126
0xEEEE, 44457043, 14226, 0006, 2.55055, 4.8476387
0xEEEE, 44460161, 14227, 0006, 2.35311, 4.8551919
0xEEEE, 44463286, 14228, 0005, 2.36762, 4.8608377
0xEEEE, 44466420, 14229, 0005, 2.36762, 4.8532845
0xEEEE, 44469535, 14230, 0004, 1.97355, 4.8545052
0xEEEE, 44472659, 14231, 0004, 2.01949, 4.8659495
0xEEEE, 44475777, 14232, 0003, 1.57788, 4.8540475
0xEEEE, 44478902, 14233, 0003, 1.58190, 4.8523690
0xEEEE, 44482035, 14234, 0002, 1.18300, 4.8599985
0xEEEE, 44485152, 14235, 0002, 0.79055, 4.8674754
0xEEEE, 44488276, 14236, 0001, 0.78571, 4.8525216
0xEEEE, 44491402, 14237, 0001, 0.81714, 4.8531319
0xEEEE, 44494535, 14238, 0000, 0.39326, 4.8578622
0xEEEE, 44497670, 14239, 0000, 0.39245, 4.8598459
0xEEEE, 44500789, 14240, 0000, 0.01209, 4.8532845
0xEEEE, 44503914, 14241, 0000, 0.01209, 4.8637369
0xEEEE, 44507064, 14242, 0001, 0.01209, 4.8592355
0xEEEE, 44510164, 14243, 0001, 0.01209, 4.8452735
0xEEEE, 44513299, 14244, 0002, 0.39165, 4.8445106
0xEEEE, 44516407, 14245, 0002, 0.39165, 4.8661021
0xEEEE, 44519536, 14246, 0003, 0.78974, 4.8597696
0xEEEE, 44522668, 14247, 0003, 0.78410, 4.8471809
0xEEEE, 44525787, 14248, 0004, 1.16205, 4.8547341
0xEEEE, 44528912, 14249, 0004, 1.57788, 4.8606851
0xEEEE, 44532045, 14250, 0005, 1.58110, 4.8473335
0xEEEE, 44535161, 14251, 0005, 1.57868, 4.8525216
0xEEEE, 44538277, 14252, 0006, 1.97355, 4.8599985
0xEEEE, 44541401, 14253, 0006, 1.97355, 4.8546578
0xEEEE, 44544527, 14254, 0007, 2.36923, 4.8490120
0xEEEE, 44547659, 14255, 0007, 2.36601, 4.8516060
0xEEEE, 44550786, 14256, 0007, 2.50462, 4.8663310
0xEEEE, 44553902, 14257, 0007, 2.54330, 4.8545815
0xEEEE, 44557035, 14258, 0006, 2.55136, 4.8464942
0xEEEE, 44560156, 14259, 0006, 2.55216, 4.8533608
0xEEEE, 44563289, 14260, 0005, 2.36601, 4.8578622
0xEEEE, 44566413, 14261, 0005, 2.36601, 4.8546578
0xEEEE, 44569538, 14262, 0004, 1.98725, 4.8545052
0xEEEE, 44572670, 14263, 0004, 1.97436, 4.8607614
0xEEEE, 44575789, 14264, 0003, 1.56982, 4.8563363
0xEEEE, 44578913, 14265, 0003, 1.18300, 4.8485542
0xEEEE, 44582049, 14266, 0002, 1.18381, 4.8561074
0xEEEE, 44585161, 14267, 0002, 1.19026, 4.8641947
0xEEEE, 44588286, 14268, 0001, 0.82359, 4.8438239
0xEEEE, 44591411, 14269, 0001, 0.78813, 4.8548104
0xEEEE, 44594537, 14270, 0000, 0.39165, 4.8582437
0xEEEE, 44597678, 14271, 0000, 0.39407, 4.8484779
0xEEEE, 44600786, 14272, 0000, 0.01209, 4.8511482
0xEEEE, 44603902, 14273, 0000, 0.01370, 4.8519875
0xEEEE, 44607063, 14274, 0001, 0.01209, 4.8624399
0xEEEE, 44610161, 14275, 0001, 0.01209, 4.8530556
0xEEEE, 44613276, 14276, 0002, 0.39407, 4.8519112
0xEEEE, 44616401, 14277, 0002, 0.39487, 4.8644999
0xEEEE, 44619526, 14278, 0003, 0.79700, 4.8597696
0xEEEE, 44622659, 14279, 0003, 0.81070, 4.8533608
0xEEEE, 44625780, 14280, 0004, 1.18220, 4.8547341
0xEEEE, 44628913, 14281, 0004, 1.58029, 4.8621347
0xEEEE, 44632045, 14282, 0005, 1.57304, 4.8593118
0xEEEE, 44635168, 14283, 0005, 1.57788, 4.8562600
0xEEEE, 44638289, 14284, 0006, 2.02271, 4.8570230
0xEEEE, 44641413, 14285, 0006, 1.97275, 4.8606088
0xEEEE, 44644537, 14286, 0007, 2.36601, 4.8466468
0xEEEE, 44647670, 14287, 0007, 2.36520, 4.8498512
0xEEEE, 44650786, 14288, 0007, 2.55136, 4.8634318
0xEEEE, 44653911, 14289, 0007, 2.55216, 4.8561837
0xEEEE, 44657054, 14290, 0006, 2.54894, 4.8513008
0xEEEE, 44660162, 14291, 0006, 2.55216, 4.8532082
0xEEEE, 44663287, 14292, 0005, 2.36762, 4.8535897
0xEEEE, 44666410, 14293, 0005, 2.36762, 4.8484016
0xEEEE, 44669535, 14294, 0004, 1.97275, 4.8536660
0xEEEE, 44672659, 14295, 0004, 1.97194, 4.8627451
0xEEEE, 44675777, 14296, 0003, 1.57788, 4.8489357
0xEEEE, 44678902, 14297, 0003, 1.58029, 4.8422980
0xEEEE, 44682044, 14298, 0002, 1.17978, 4.8596170
0xEEEE, 44685152, 14299, 0002, 1.18300, 4.8659495
0xEEEE, 44688278, 14300, 0001, 0.78813, 4.8577859
0xEEEE, 44691401, 14301, 0001, 0.79055, 4.8477150
0xEEEE, 44694547, 14302, 0000, 0.39004, 4.8572519
0xEEEE, 44697670, 14303, 0000, 0.01128, 4.8612192
0xEEEE, 44700788, 14304, 0000, 0.01209, 4.8516823
0xEEEE, 44703913, 14305, 0000, 0.01209, 4.8552682
0xEEEE, 44707064, 14306, 0001, 0.01209, 4.8610666
0xEEEE, 44710164, 14307, 0001, 0.01209, 4.8532845
0xEEEE, 44713288, 14308, 0002, 0.40132, 4.8477150
0xEEEE, 44716408, 14309, 0002, 0.39487, 4.8591592
0xEEEE, 44719536, 14310, 0003, 0.78974, 4.8651102
0xEEEE, 44722668, 14311, 0003, 1.18300, 4.8489357
0xEEEE, 44725787, 14312, 0004, 1.18462, 4.8474098
0xEEEE, 44728912, 14313, 0004, 1.21685, 4.8600748
0xEEEE, 44732045, 14314, 0005, 1.57949, 4.8538186
0xEEEE, 44735161, 14315, 0005, 1.58110, 4.8508431
0xEEEE, 44738276, 14316, 0006, 1.97355, 4.8574044
0xEEEE, 44741412, 14317, 0006, 1.97597, 4.8612955
0xEEEE, 44744527, 14318, 0007, 2.36681, 4.8512245
0xEEEE, 44747659, 14319, 0007, 2.55136, 4.8455024
0xEEEE, 44750778, 14320, 0007, 2.55136, 4.8640421
0xEEEE, 44753902, 14321, 0007, 2.55055, 4.8612192
0xEEEE, 44757035, 14322, 0006, 2.54168, 4.8479438
0xEEEE, 44760158, 14323, 0006, 2.54974, 4.8542000
0xEEEE, 44763288, 14324, 0005, 2.36601, 4.8603037
0xEEEE, 44766413, 14325, 0005, 2.38051, 4.8542000
0xEEEE, 44769538, 14326, 0004, 1.97436, 4.8538186
0xEEEE, 44772671, 14327, 0004, 1.57788, 4.8599985
0xEEEE, 44775788, 14328, 0003, 1.57788, 4.8542763
0xEEEE, 44778922, 14329, 0003, 1.58513, 4.8481727
0xEEEE, 44782048, 14330, 0002, 1.18381, 4.8533608
0xEEEE, 44785161, 14331, 0002, 1.18381, 4.8635843
0xEEEE, 44788286, 14332, 0001, 0.78571, 4.8583200
0xEEEE, 44791411, 14333, 0001, 0.76960, 4.8441291
0xEEEE, 44794537, 14334, 0000, 0.41905, 4.8581674
0xEEEE, 44797669, 14335, 0000, 0.01209, 4.8614481
0xEEEE, 44800786, 14336, 0000, 0.01209, 4.8489357
0xEEEE, 44803902, 14337, 0000, 0.01209, 4.8522164
0xEEEE, 44807063, 14338, 0001, 0.01209, 4.8613718
0xEEEE, 44810153, 14339, 0001, 0.01128, 4.8558022
0xEEEE, 44813278, 14340, 0002, 0.39245, 4.8526741
0xEEEE, 44816402, 14341, 0002, 0.39326, 4.8542763
0xEEEE, 44819526, 14342, 0003, 0.78974, 4.8658732
0xEEEE, 44822659, 14343, 0003, 0.78088, 4.8523690
0xEEEE, 44825792, 14344, 0004, 1.22894, 4.8471809
0xEEEE, 44828914, 14345, 0004, 1.18300, 4.8592355
0xEEEE, 44832044, 14346, 0005, 1.57143, 4.8501564
0xEEEE, 44835163, 14347, 0005, 1.62462, 4.8592355
0xEEEE, 44838289, 14348, 0006, 1.97194, 4.8570230
0xEEEE, 44841414, 14349, 0006, 2.36681, 4.8624399
0xEEEE, 44844538, 14350, 0007, 2.36359, 4.8527504
0xEEEE, 44847671, 14351, 0007, 2.36681, 4.8527504
0xEEEE, 44850786, 14352, 0007, 2.55619, 4.8610666
0xEEEE, 44853912, 14353, 0007, 2.54894, 4.8621347
0xEEEE, 44857043, 14354, 0006, 2.55297, 4.8517586
0xEEEE, 44860162, 14355, 0006, 2.52637, 4.8524453
0xEEEE, 44863295, 14356, 0005, 2.36278, 4.8614481
0xEEEE, 44866410, 14357, 0005, 1.97194, 4.8561837
0xEEEE, 44869526, 14358, 0004, 1.98403, 4.8595407
0xEEEE, 44872659, 14359, 0004, 1.97275, 4.8594644
0xEEEE, 44875778, 14360, 0003, 1.57949, 4.8572519
0xEEEE, 44878901, 14361, 0003, 1.57788, 4.8473335
0xEEEE, 44882035, 14362, 0002, 1.18381, 4.8447395
0xEEEE, 44885152, 14363, 0002, 1.19026, 4.8624399
0xEEEE, 44888276, 14364, 0001, 0.78894, 4.8575570
0xEEEE, 44891401, 14365, 0001, 0.39084, 4.8493172
0xEEEE, 44894538, 14366, 0000, 0.39165, 4.8558022
0xEEEE, 44897670, 14367, 0000, 0.39165, 4.8636606
0xEEEE, 44900788, 14368, 0000, 0.01128, 4.8564889
0xEEEE, 44903914, 14369, 0000, 0.01209, 4.8508431
0xEEEE, 44907065, 14370, 0001, 0.01209, 4.8602274
0xEEEE, 44910175, 14371, 0001, 0.01209, 4.8529030
0xEEEE, 44913288, 14372, 0002, 0.39407, 4.8491646
0xEEEE, 44916411, 14373, 0002, 0.79458, 4.8550393
0xEEEE, 44919536, 14374, 0003, 0.79216, 4.8628977
0xEEEE, 44922676, 14375, 0003, 0.78652, 4.8567941
0xEEEE, 44925787, 14376, 0004, 1.18300, 4.8464179
0xEEEE, 44928911, 14377, 0004, 1.18300, 4.8604562
0xEEEE, 44932045, 14378, 0005, 1.57949, 4.8570993
0xEEEE, 44935161, 14379, 0005, 1.57868, 4.8514534
0xEEEE, 44938278, 14380, 0006, 1.99692, 4.8548104
0xEEEE, 44941401, 14381, 0006, 2.36601, 4.8609140
0xEEEE, 44944527, 14382, 0007, 2.37971, 4.8525216
0xEEEE, 44947668, 14383, 0007, 2.36681, 4.8524453
0xEEEE, 44950777, 14384, 0007, 2.55297, 4.8594644
0xEEEE, 44953902, 14385, 0007, 2.52476, 4.8625162
0xEEEE, 44957035, 14386, 0006, 2.55619, 4.8462654
0xEEEE, 44960160, 14387, 0006, 2.55136, 4.8535134
0xEEEE, 44963287, 14388, 0005, 2.37407, 4.8619821
0xEEEE, 44966413, 14389, 0005, 1.96872, 4.8598459
0xEEEE, 44969538, 14390, 0004, 1.97275, 4.8559548
0xEEEE, 44972671, 14391, 0004, 1.96952, 4.8568704
0xEEEE, 44975789, 14392, 0003, 1.57949, 4.8607614
0xEEEE, 44978913, 14393, 0003, 1.57707, 4.8518349
0xEEEE, 44982049, 14394, 0002, 1.19993, 4.8492409
0xEEEE, 44985161, 14395, 0002, 1.18300, 4.8632792
0xEEEE, 44988286, 14396, 0001, 0.78733, 4.8536660
0xEEEE, 44991411, 14397, 0001, 0.78652, 4.8488594
0xEEEE, 44994546, 14398, 0000, 0.39407, 4.8511482
0xEEEE, 44997669, 14399, 0000, 0.38681, 4.8628977
0xEEEE, 45000787, 14400, 0000, 0.01128, 4.8570993
0xEEEE, 45003902, 14401, 0000, 0.01128, 4.8478676
0xEEEE, 45007071, 14402, 0001, 0.01209, 4.8567941
0xEEEE, 45010153, 14403, 0001, 0.40051, 4.8629740
0xEEEE, 45013276, 14404, 0002, 0.41260, 4.8521401
0xEEEE, 45016401, 14405, 0002, 0.40696, 4.8590066
0xEEEE, 45019527, 14406, 0003, 0.78733, 4.8649577
0xEEEE, 45022659, 14407, 0003, 0.78894, 4.8493935
0xEEEE, 45025782, 14408, 0004, 1.18139, 4.8502327
0xEEEE, 45028913, 14409, 0004, 1.19993, 4.8545815
0xEEEE, 45032044, 14410, 0005, 1.57868, 4.8620584
0xEEEE, 45035163, 14411, 0005, 1.96308, 4.8477913
0xEEEE, 45038289, 14412, 0006, 1.97275, 4.8570993
0xEEEE, 45041414, 14413, 0006, 1.97516, 4.8588540
0xEEEE, 45044538, 14414, 0007, 2.36762, 4.8523690
0xEEEE, 45047671, 14415, 0007, 2.36842, 4.8484779
0xEEEE, 45050787, 14416, 0007, 2.55538, 4.8586252
0xEEEE, 45053922, 14417, 0007, 2.55136, 4.8625925
0xEEEE, 45057043, 14418, 0006, 2.48608, 4.8529030
0xEEEE, 45060162, 14419, 0006, 2.37729, 4.8384833
0xEEEE, 45063287, 14420, 0005, 2.36681, 4.8583200
0xEEEE, 45066411, 14421, 0005, 2.35392, 4.8622873
0xEEEE, 45069526, 14422, 0004, 1.97355, 4.8558022
0xEEEE, 45072659, 14423, 0004, 2.00579, 4.8566415
0xEEEE, 45075777, 14424, 0003, 1.57949, 4.8601511
0xEEEE, 45078910, 14425, 0003, 1.58190, 4.8496223
0xEEEE, 45082036, 14426, 0002, 1.18300, 4.8471809
0xEEEE, 45085151, 14427, 0002, 0.78894, 4.8624399
0xEEEE, 45088276, 14428, 0001, 0.78571, 4.8579385
0xEEEE, 45091412, 14429, 0001, 0.80344, 4.8508431
0xEEEE, 45094538, 14430, 0000, 0.35538, 4.8488594
0xEEEE, 45097670, 14431, 0000, 0.41824, 4.8637369
0xEEEE, 45100788, 14432, 0000, 0.01209, 4.8628977
0xEEEE, 45103914, 14433, 0000, 0.01209, 4.8509194
0xEEEE, 45107065, 14434, 0001, 0.01209, 4.8547341
0xEEEE, 45110164, 14435, 0001, 0.39165, 4.8604562
0xEEEE, 45113276, 14436, 0002, 0.39165, 4.8500038
0xEEEE, 45116411, 14437, 0002, 0.39245, 4.8562600
0xEEEE, 45119536, 14438, 0003, 0.78894, 4.8641184
0xEEEE, 45122668, 14439, 0003, 0.78813, 4.8587015
0xEEEE, 45125787, 14440, 0004, 1.12176, 4.8523690
0xEEEE, 45128911, 14441, 0004, 1.18381, 4.8529030
0xEEEE, 45132044, 14442, 0005, 1.57788, 4.8595407
0xEEEE, 45135160, 14443, 0005, 1.91795, 4.8531319
0xEEEE, 45138287, 14444, 0006, 1.97275, 4.8526741
0xEEEE, 45141401, 14445, 0006, 1.97275, 4.8567941
0xEEEE, 45144526, 14446, 0007, 2.35311, 4.8503090
0xEEEE, 45147659, 14447, 0007, 2.36601, 4.8404669
0xEEEE, 45150777, 14448, 0007, 2.58117, 4.8563363
0xEEEE, 45153902, 14449, 0007, 2.55136, 4.8638895
0xEEEE, 45157036, 14450, 0006, 2.55216, 4.8487831
0xEEEE, 45160161, 14451, 0006, 2.55216, 4.8472572
0xEEEE, 45163288, 14452, 0005, 2.36681, 4.8580148
0xEEEE, 45166413, 14453, 0005, 2.36762, 4.8534371
0xEEEE, 45169538, 14454, 0004, 2.00821, 4.8471046
0xEEEE, 45172671, 14455, 0004, 1.97355, 4.8506905
0xEEEE, 45175798, 14456, 0003, 1.57062, 4.8601511
0xEEEE, 45178913, 14457, 0003, 1.18381, 4.8477150
0xEEEE, 45182051, 14458, 0002, 1.18300, 4.8512245
0xEEEE, 45185161, 14459, 0002, 1.19106, 4.8612955
0xEEEE, 45188287, 14460, 0001, 0.81231, 4.8621347
0xEEEE, 45191411, 14461, 0001, 0.78813, 4.8452735
0xEEEE, 45194537, 14462, 0000, 0.39245, 4.8505379
0xEEEE, 45197669, 14463, 0000, 0.39165, 4.8630503
0xEEEE, 45200786, 14464, 0000, 0.01209, 4.8594644
0xEEEE, 45203902, 14465, 0000, 0.01209, 4.8493935
0xEEEE, 45207063, 14466, 0001, 0.01209, 4.8623636
0xEEEE, 45210153, 14467, 0001, 0.01209, 4.8548104
0xEEEE, 45213276, 14468, 0002, 0.39487, 4.8567178
0xEEEE, 45216402, 14469, 0002, 0.39648, 4.8503090
0xEEEE, 45219527, 14470, 0003, 0.76960, 4.8632029
0xEEEE, 45222670, 14471, 0003, 0.83810, 4.8622873
0xEEEE, 45225784, 14472, 0004, 1.18381, 4.8478676
0xEEEE, 45228913, 14473, 0004, 1.57868, 4.8495460
0xEEEE, 45232044, 14474, 0005, 1.60125, 4.8612955
0xEEEE, 45235163, 14475, 0005, 1.57868, 4.8565652
0xEEEE, 45238289, 14476, 0006, 1.93487, 4.8456550
0xEEEE, 45241413, 14477, 0006, 1.97355, 4.8601511
0xEEEE, 45244538, 14478, 0007, 2.36762, 4.8622873
0xEEEE, 45247674, 14479, 0007, 2.36681, 4.8535897
0xEEEE, 45250787, 14480, 0007, 2.55216, 4.8586252
0xEEEE, 45253911, 14481, 0007, 2.55136, 4.8690013
0xEEEE, 45257043, 14482, 0006, 2.54974, 4.8518349
0xEEEE, 45260168, 14483, 0006, 2.55136, 4.8438239
0xEEEE, 45263286, 14484, 0005, 2.36762, 4.8563363
0xEEEE, 45266411, 14485, 0005, 2.36762, 4.8635080
0xEEEE, 45269527, 14486, 0004, 1.97355, 4.8577859
0xEEEE, 45272660, 14487, 0004, 1.97436, 4.8519875
0xEEEE, 45275777, 14488, 0003, 1.57788, 4.8594644
0xEEEE, 45278902, 14489, 0003, 1.18300, 4.8567941
0xEEEE, 45282036, 14490, 0002, 1.17897, 4.8513008
0xEEEE, 45285151, 14491, 0002, 1.18381, 4.8567941
0xEEEE, 45288277, 14492, 0001, 0.78894, 4.8661021
0xEEEE, 45291403, 14493, 0001, 0.78894, 4.8576333
0xEEEE, 45294538, 14494, 0000, 0.39004, 4.8451972
0xEEEE, 45297670, 14495, 0000, 0.39648, 4.8626688
0xEEEE, 45300789, 14496, 0000, 0.01128, 4.8636606
0xEEEE, 45303914, 14497, 0000, 0.01209, 4.8542000
0xEEEE, 45307073, 14498, 0001, 0.01370, 4.8551156
0xEEEE, 45310164, 14499, 0001, 0.01209, 4.8581674
0xEEEE, 45313278, 14500, 0002, 0.39810, 4.8543526
0xEEEE, 45316411, 14501, 0002, 0.37634, 4.8520638
0xEEEE, 45319544, 14502, 0003, 0.78974, 4.8603799
0xEEEE, 45322668, 14503, 0003, 1.18300, 4.8585489
0xEEEE, 45325787, 14504, 0004, 1.18220, 4.8475624
0xEEEE, 45328912, 14505, 0004, 1.16447, 4.8469520
0xEEEE, 45332045, 14506, 0005, 1.57868, 4.8613718
0xEEEE, 45335151, 14507, 0005, 1.58029, 4.8563363
0xEEEE, 45338276, 14508, 0006, 1.97355, 4.8506905
0xEEEE, 45341401, 14509, 0006, 1.97516, 4.8509194
0xEEEE, 45344531, 14510, 0007, 2.36762, 4.8596933
0xEEEE, 45347659, 14511, 0007, 2.59810, 4.8566415
0xEEEE, 45350777, 14512, 0007, 2.55055, 4.8522164
0xEEEE, 45353902, 14513, 0007, 2.55216, 4.8659495
0xEEEE, 45357036, 14514, 0006, 2.54733, 4.8580911
0xEEEE, 45360163, 14515, 0006, 2.55297, 4.8467994
0xEEEE, 45363288, 14516, 0005, 2.36681, 4.8563363
0xEEEE, 45366423, 14517, 0005, 2.37407, 4.8626688
0xEEEE, 45369539, 14518, 0004, 1.97275, 4.8560311
0xEEEE, 45372672, 14519, 0004, 1.57868, 4.8498512
0xEEEE, 45375790, 14520, 0003, 1.57707, 4.8587015
0xEEEE, 45378913, 14521, 0003, 1.57546, 4.8509194
0xEEEE, 45382054, 14522, 0002, 1.14271, 4.8502327
0xEEEE, 45385161, 14523, 0002, 1.18300, 4.8601511
0xEEEE, 45388286, 14524, 0001, 0.78571, 4.8625162
0xEEEE, 45391420, 14525, 0001, 0.78330, 4.8460365
0xEEEE, 45394536, 14526, 0000, 0.40615, 4.8442054
0xEEEE, 45397669, 14527, 0000, 0.01209, 4.8595407
0xEEEE, 45400786, 14528, 0000, 0.01128, 4.8613718
0xEEEE, 45403920, 14529, 0000, 0.01209, 4.8506142
0xEEEE, 45407063, 14530, 0001, 0.01451, 4.8494697
0xEEEE, 45410153, 14531, 0001, 0.01209, 4.8609903
0xEEEE, 45413277, 14532, 0002, 0.39326, 4.8500801
0xEEEE, 45416402, 14533, 0002, 0.39245, 4.8518349
0xEEEE, 45419526, 14534, 0003, 0.78974, 4.8618296
0xEEEE, 45422659, 14535, 0003, 1.18381, 4.8557259
0xEEEE, 45425785, 14536, 0004, 1.16930, 4.8542000
0xEEEE, 45428913, 14537, 0004, 1.18381, 4.8513771
0xEEEE, 45432044, 14538, 0005, 1.58110, 4.8616007
0xEEEE, 45435163, 14539, 0005, 1.55128, 4.8549630
0xEEEE, 45438288, 14540, 0006, 1.97194, 4.8552682
0xEEEE, 45441413, 14541, 0006, 1.96147, 4.8542000
0xEEEE, 45444538, 14542, 0007, 2.36842, 4.8581674
0xEEEE, 45447675, 14543, 0007, 2.54813, 4.8593881
0xEEEE, 45450808, 14544, 0007, 2.55861, 4.8521401
0xEEEE, 45453911, 14545, 0007, 2.55136, 4.8644236
0xEEEE, 45457043, 14546, 0006, 2.55136, 4.8609903
0xEEEE, 45460161, 14547, 0006, 2.53604, 4.8461128
0xEEEE, 45463286, 14548, 0005, 2.36440, 4.8535134
0xEEEE, 45466411, 14549, 0005, 2.34586, 4.8673991
0xEEEE, 45469526, 14550, 0004, 1.98000, 4.8574807
0xEEEE, 45472659, 14551, 0004, 1.97436, 4.8515297
0xEEEE, 45475777, 14552, 0003, 1.57949, 4.8587778
0xEEEE, 45478902, 14553, 0003, 1.57868, 4.8551919
0xEEEE, 45482036, 14554, 0002, 1.18381, 4.8545052
0xEEEE, 45485152, 14555, 0002, 1.18300, 4.8484779
0xEEEE, 45488286, 14556, 0001, 0.80344, 4.8612955
0xEEEE, 45491405, 14557, 0001, 0.39326, 4.8568704
0xEEEE, 45494538, 14558, 0000, 0.39407, 4.8504616
0xEEEE, 45497670, 14559, 0000, 0.39326, 4.8556497
0xEEEE, 45500790, 14560, 0000, 0.01531, 4.8706035
0xEEEE, 45503914, 14561, 0000, 0.01209, 4.8586252
0xEEEE, 45507064, 14562, 0001, 0.01209, 4.8513771
0xEEEE, 45510164, 14563, 0001, 0.01209, 4.8578622
0xEEEE, 45513277, 14564, 0002, 0.39326, 4.8559548
0xEEEE, 45516411, 14565, 0002, 0.79136, 4.8595407
0xEEEE, 45519536, 14566, 0003, 0.78733, 4.8593881
0xEEEE, 45522668, 14567, 0003, 0.78974, 4.8510719
0xEEEE, 45525787, 14568, 0004, 1.18300, 4.8497749
0xEEEE, 45528912, 14569, 0004, 1.18300, 4.8464942
0xEEEE, 45532045, 14570, 0005, 1.56498, 4.8629740
0xEEEE, 45535171, 14571, 0005, 1.57868, 4.8530556
0xEEEE, 45538277, 14572, 0006, 1.96872, 4.8468757
0xEEEE, 45541401, 14573, 0006, 2.36762, 4.8521401
0xEEEE, 45544527, 14574, 0007, 2.37487, 4.8609903
0xEEEE, 45547660, 14575, 0007, 2.36842, 4.8615244
0xEEEE, 45550777, 14576, 0007, 2.59568, 4.8464942
0xEEEE, 45553902, 14577, 0007, 2.54249, 4.8602274
0xEEEE, 45557035, 14578, 0006, 2.55619, 4.8564126
0xEEEE, 45560163, 14579, 0006, 2.55055, 4.8471046
0xEEEE, 45563289, 14580, 0005, 2.39018, 4.8507668
0xEEEE, 45566413, 14581, 0005, 1.97678, 4.8615244
0xEEEE, 45569539, 14582, 0004, 2.00579, 4.8589303
0xEEEE, 45572678, 14583, 0004, 1.97516, 4.8529030
0xEEEE, 45575788, 14584, 0003, 1.57868, 4.8591592
0xEEEE, 45578902, 14585, 0003, 1.57868, 4.8558785
0xEEEE, 45582054, 14586, 0002, 1.18059, 4.8543526
0xEEEE, 45585161, 14587, 0002, 1.21524, 4.8550393
0xEEEE, 45588286, 14588, 0001, 0.78974, 4.8622873
0xEEEE, 45591412, 14589, 0001, 0.39326, 4.8593118
0xEEEE, 45594536, 14590, 0000, 0.39245, 4.8470283
0xEEEE, 45597669, 14591, 0000, 0.39407, 4.8586252
0xEEEE, 45600786, 14592, 0000, 0.01370, 4.8626688
0xEEEE, 45603902, 14593, 0000, 0.01128, 4.8514534
0xEEEE, 45607063, 14594, 0001, 0.01209, 4.8549630
0xEEEE, 45610153, 14595, 0001, 0.01209, 4.8596933
0xEEEE, 45613277, 14596, 0002, 0.38762, 4.8566415
0xEEEE, 45616401, 14597, 0002, 0.38037, 4.8573281
0xEEEE, 45619537, 14598, 0003, 0.78813, 4.8586252
0xEEEE, 45622659, 14599, 0003, 0.78652, 4.8632029
0xEEEE, 45625787, 14600, 0004, 1.18542, 4.8508431
0xEEEE, 45628913, 14601, 0004, 1.19267, 4.8494697
0xEEEE, 45632052, 14602, 0005, 1.57788, 4.8616770
0xEEEE, 45635163, 14603, 0005, 1.96711, 4.8624399
0xEEEE, 45638289, 14604, 0006, 1.97678, 4.8520638
0xEEEE, 45641413, 14605, 0006, 1.97436, 4.8542000
0xEEEE, 45644538, 14606, 0007, 2.36762, 4.8576333
0xEEEE, 45647677, 14607, 0007, 2.37648, 4.8458076
0xEEEE, 45650786, 14608, 0007, 2.55055, 4.8524453
0xEEEE, 45653911, 14609, 0007, 2.56264, 4.8582437
0xEEEE, 45657048, 14610, 0006, 2.53282, 4.8615244
0xEEEE, 45660161, 14611, 0006, 2.37245, 4.8532082
0xEEEE, 45663286, 14612, 0005, 2.36762, 4.8527504
0xEEEE, 45666410, 14613, 0005, 2.36520, 4.8664073
0xEEEE, 45669527, 14614, 0004, 1.97355, 4.8573281
0xEEEE, 45672659, 14615, 0004, 1.97194, 4.8485542
0xEEEE, 45675777, 14616, 0003, 1.57949, 4.8537423
0xEEEE, 45678902, 14617, 0003, 1.57788, 4.8576333
0xEEEE, 45682036, 14618, 0002, 1.22249, 4.8547341
0xEEEE, 45685151, 14619, 0002, 0.78894, 4.8536660
0xEEEE, 45688278, 14620, 0001, 0.78974, 4.8622873
0xEEEE, 45691406, 14621, 0001, 0.78652, 4.8551156
0xEEEE, 45694538, 14622, 0000, 0.40051, 4.8513771
0xEEEE, 45697670, 14623, 0000, 0.40938, 4.8554971
0xEEEE, 45700789, 14624, 0000, 0.01128, 4.8657969
0xEEEE, 45703922, 14625, 0000, 0.01128, 4.8487831
0xEEEE, 45707064, 14626, 0001, 0.01209, 4.8519112
0xEEEE, 45710164, 14627, 0001, 0.35700, 4.8572519
0xEEEE, 45713279, 14628, 0002, 0.32396, 4.8593881
0xEEEE, 45716419, 14629, 0002, 0.39245, 4.8532082
0xEEEE, 45719536, 14630, 0003, 0.78894, 4.8545052
0xEEEE, 45722668, 14631, 0003, 0.78974, 4.8637369
0xEEEE, 45725787, 14632, 0004, 1.18059, 4.8567178
0xEEEE, 45728912, 14633, 0004, 1.21363, 4.8425269
0xEEEE, 45732045, 14634, 0005, 1.57868, 4.8574044
0xEEEE, 45735151, 14635, 0005, 1.97275, 4.8639658
0xEEEE, 45738276, 14636, 0006, 1.97355, 4.8551919
0xEEEE, 45741401, 14637, 0006, 1.95985, 4.8503853
0xEEEE, 45744526, 14638, 0007, 2.36681, 4.8583200
0xEEEE, 45747659, 14639, 0007, 2.33619, 4.8593881
0xEEEE, 45750778, 14640, 0007, 2.54168, 4.8525216
0xEEEE, 45753902, 14641, 0007, 2.55216, 4.8572519
0xEEEE, 45757037, 14642, 0006, 2.55216, 4.8634318
0xEEEE, 45760163, 14643, 0006, 2.39018, 4.8518349
0xEEEE, 45763298, 14644, 0005, 2.36762, 4.8490120
0xEEEE, 45766413, 14645, 0005, 2.36681, 4.8638132
0xEEEE, 45769539, 14646, 0004, 1.97839, 4.8595407
0xEEEE, 45772671, 14647, 0004, 1.98322, 4.8569467
0xEEEE, 45775788, 14648, 0003, 1.57707, 4.8555734
0xEEEE, 45778902, 14649, 0003, 1.57626, 4.8593881
0xEEEE, 45782054, 14650, 0002, 1.18381, 4.8484016
0xEEEE, 45785161, 14651, 0002, 1.18300, 4.8452735
0xEEEE, 45788293, 14652, 0001, 0.78491, 4.8646525
0xEEEE, 45791412, 14653, 0001, 0.75670, 4.8606851
0xEEEE, 45794537, 14654, 0000, 0.39245, 4.8448157
0xEEEE, 45797669, 14655, 0000, 0.39326, 4.8590829
0xEEEE, 45800795, 14656, 0000, 0.01209, 4.8639658
0xEEEE, 45803902, 14657, 0000, 0.01128, 4.8503853
0xEEEE, 45807064, 14658, 0001, 0.01209, 4.8493935
0xEEEE, 45810153, 14659, 0001, 0.01209, 4.8603037
0xEEEE, 45813278, 14660, 0002, 0.39407, 4.8581674
0xEEEE, 45816401, 14661, 0002, 0.39245, 4.8488594
0xEEEE, 45819526, 14662, 0003, 0.78652, 4.8534371
0xEEEE, 45822659, 14663, 0003, 0.78894, 4.8632792
0xEEEE, 45825789, 14664, 0004, 1.18381, 4.8545052
0xEEEE, 45828913, 14665, 0004, 1.57788, 4.8508431
0xEEEE, 45832044, 14666, 0005, 1.57788, 4.8586252
0xEEEE, 45835163, 14667, 0005, 1.57788, 4.8670939
0xEEEE, 45838288, 14668, 0006, 1.97436, 4.8521401
0xEEEE, 45841412, 14669, 0006, 1.97436, 4.8519875
0xEEEE, 45844538, 14670, 0007, 2.37004, 4.8596170
0xEEEE, 45847690, 14671, 0007, 2.36762, 4.8496986
0xEEEE, 45850786, 14672, 0007, 2.56344, 4.8480964
0xEEEE, 45853911, 14673, 0007, 2.56505, 4.8585489
0xEEEE, 45857043, 14674, 0006, 2.55136, 4.8601511
0xEEEE, 45860161, 14675, 0006, 2.55136, 4.8540475
0xEEEE, 45863286, 14676, 0005, 2.36601, 4.8577096
0xEEEE, 45866411, 14677, 0005, 2.36762, 4.8625162
0xEEEE, 45869527, 14678, 0004, 1.99289, 4.8553445
0xEEEE, 45872659, 14679, 0004, 1.97355, 4.8454261
0xEEEE, 45875778, 14680, 0003, 1.58593, 4.8531319
0xEEEE, 45878902, 14681, 0003, 1.18300, 4.8622110
0xEEEE, 45882035, 14682, 0002, 1.18220, 4.8513771
0xEEEE, 45885161, 14683, 0002, 1.16930, 4.8493172
0xEEEE, 45888276, 14684, 0001, 0.78813, 4.8600748
0xEEEE, 45891409, 14685, 0001, 0.78813, 4.8554208
0xEEEE, 45894538, 14686, 0000, 0.39326, 4.8455787
0xEEEE, 45897670, 14687, 0000, 0.39326, 4.8497749
0xEEEE, 45900789, 14688, 0000, 0.01209, 4.8607614
0xEEEE, 45903914, 14689, 0000, 0.01370, 4.8478676
0xEEEE, 45907065, 14690, 0001, 0.01209, 4.8492409
0xEEEE, 45910164, 14691, 0001, 0.01209, 4.8585489
0xEEEE, 45913280, 14692, 0002, 0.39245, 4.8521401
0xEEEE, 45916411, 14693, 0002, 0.39326, 4.8525216
0xEEEE, 45919536, 14694, 0003, 0.77604, 4.8472572
0xEEEE, 45922668, 14695, 0003, 0.77846, 4.8642710
0xEEEE, 45925787, 14696, 0004, 1.18381, 4.8541238
0xEEEE, 45928911, 14697, 0004, 1.18220, 4.8463416
0xEEEE, 45932053, 14698, 0005, 1.58110, 4.8564889
0xEEEE, 45935151, 14699, 0005, 1.57868, 4.8671702
0xEEEE, 45938278, 14700, 0006, 2.01304, 4.8600748
0xEEEE, 45941401, 14701, 0006, 1.97194, 4.8486305
0xEEEE, 45944527, 14702, 0007, 2.36681, 4.8596170
0xEEEE, 45947659, 14703, 0007, 2.55941, 4.8558022
0xEEEE, 45950777, 14704, 0007, 2.55136, 4.8542763
0xEEEE, 45953902, 14705, 0007, 2.55055, 4.8548104
0xEEEE, 45957037, 14706, 0006, 2.55136, 4.8603799
0xEEEE, 45960163, 14707, 0006, 2.55216, 4.8492409
0xEEEE, 45963288, 14708, 0005, 2.36762, 4.8468757
0xEEEE, 45966413, 14709, 0005, 2.36520, 4.8610666
0xEEEE, 45969546, 14710, 0004, 1.97436, 4.8559548
0xEEEE, 45972672, 14711, 0004, 1.56659, 4.8537423
0xEEEE, 45975789, 14712, 0003, 1.57868, 4.8503853
0xEEEE, 45978903, 14713, 0003, 1.58110, 4.8599222
0xEEEE, 45982054, 14714, 0002, 1.17897, 4.8548867
0xEEEE, 45985161, 14715, 0002, 1.18300, 4.8458076
0xEEEE, 45988286, 14716, 0001, 0.78813, 4.8592355
0xEEEE, 45991412, 14717, 0001, 0.78733, 4.8554208
0xEEEE, 45994536, 14718, 0000, 0.39487, 4.8525216
0xEEEE, 45997668, 14719, 0000, 0.01128, 4.8558785
0xEEEE, 46000778, 14720, 0000, 0.01209, 4.8640421
0xEEEE, 46003901, 14721, 0000, 0.01209, 4.8588540
0xEEEE, 46007064, 14722, 0001, 0.01289, 4.8459602
0xEEEE, 46010153, 14723, 0001, 0.01209, 4.8529793
0xEEEE, 46013276, 14724, 0002, 0.36667, 4.8620584
0xEEEE, 46016412, 14725, 0002, 0.39729, 4.8504616
0xEEEE, 46019526, 14726, 0003, 0.78813, 4.8535897
0xEEEE, 46022659, 14727, 0003, 1.18381, 4.8634318
0xEEEE, 46025788, 14728, 0004, 1.18381, 4.8574807
0xEEEE, 46028922, 14729, 0004, 1.19590, 4.8496223
0xEEEE, 46032044, 14730, 0005, 1.57788, 4.8522164
0xEEEE, 46035164, 14731, 0005, 1.57546, 4.8629740
0xEEEE, 46038289, 14732, 0006, 1.97355, 4.8578622
0xEEEE, 46041412, 14733, 0006, 1.97597, 4.8458839
0xEEEE, 46044526, 14734, 0007, 2.36681, 4.8530556
0xEEEE, 46047679, 14735, 0007, 2.55136, 4.8538949
0xEEEE, 46050786, 14736, 0007, 2.55055, 4.8516060
0xEEEE, 46053915, 14737, 0007, 2.55136, 4.8512245
0xEEEE, 46057042, 14738, 0006, 2.55055, 4.8590066
0xEEEE, 46060161, 14739, 0006, 2.55055, 4.8504616
0xEEEE, 46063286, 14740, 0005, 2.36681, 4.8489357
0xEEEE, 46066410, 14741, 0005, 2.37326, 4.8611429
0xEEEE, 46069526, 14742, 0004, 1.97275, 4.8658732
0xEEEE, 46072659, 14743, 0004, 1.58190, 4.8554971
0xEEEE, 46075777, 14744, 0003, 1.57868, 4.8475624
0xEEEE, 46078902, 14745, 0003, 1.57707, 4.8590829
0xEEEE, 46082036, 14746, 0002, 1.18300, 4.8518349
0xEEEE, 46085151, 14747, 0002, 1.18381, 4.8478676
0xEEEE, 46088276, 14748, 0001, 0.78491, 4.8580148
0xEEEE, 46091410, 14749, 0001, 0.79538, 4.8535897
0xEEEE, 46094538, 14750, 0000, 0.40696, 4.8492409
0xEEEE, 46097670, 14751, 0000, 0.42711, 4.8551156
0xEEEE, 46100797, 14752, 0000, 0.01209, 4.8616007
0xEEEE, 46103915, 14753, 0000, 0.01209, 4.8657969
0xEEEE, 46107064, 14754, 0001, 0.01128, 4.8487831
0xEEEE, 46110164, 14755, 0001, 0.01209, 4.8519875
0xEEEE, 46113303, 14756, 0002, 0.39245, 4.8614481
0xEEEE, 46116411, 14757, 0002, 0.78813, 4.8552682
0xEEEE, 46119536, 14758, 0003, 0.78813, 4.8542763
0xEEEE, 46122668, 14759, 0003, 0.78974, 4.8604562
0xEEEE, 46125787, 14760, 0004, 1.18220, 4.8569467
0xEEEE, 46128911, 14761, 0004, 1.18381, 4.8435187
0xEEEE, 46132045, 14762, 0005, 1.57788, 4.8542000
0xEEEE, 46135151, 14763, 0005, 1.57304, 4.8662547
0xEEEE, 46138277, 14764, 0006, 1.97275, 4.8538949
0xEEEE, 46141402, 14765, 0006, 2.36842, 4.8550393
0xEEEE, 46144527, 14766, 0007, 2.36681, 4.8558022
0xEEEE, 46147660, 14767, 0007, 2.36762, 4.8596933
0xEEEE, 46150777, 14768, 0007, 2.55377, 4.8514534
0xEEEE, 46153902, 14769, 0007, 2.55297, 4.8521401
0xEEEE, 46157039, 14770, 0006, 2.55136, 4.8584726
0xEEEE, 46160173, 14771, 0006, 2.55055, 4.8487831
0xEEEE, 46163288, 14772, 0005, 2.36762, 4.8460365
0xEEEE, 46166413, 14773, 0005, 1.97355, 4.8588540
0xEEEE, 46169539, 14774, 0004, 1.97194, 4.8619821
0xEEEE, 46172671, 14775, 0004, 1.97275, 4.8596170
0xEEEE, 46175789, 14776, 0003, 1.57949, 4.8516060
0xEEEE, 46178905, 14777, 0003, 1.54000, 4.8616007
0xEEEE, 46182042, 14778, 0002, 1.18300, 4.8570993
0xEEEE, 46185161, 14779, 0002, 1.18300, 4.8556497
0xEEEE, 46188287, 14780, 0001, 0.79619, 4.8556497
0xEEEE, 46191412, 14781, 0001, 0.39165, 4.8635080
0xEEEE, 46194537, 14782, 0000, 0.39245, 4.8426032
0xEEEE, 46197677, 14783, 0000, 0.39165, 4.8506142
0xEEEE, 46200777, 14784, 0000, 0.01209, 4.8653391
0xEEEE, 46203902, 14785, 0000, 0.01209, 4.8666361
0xEEEE, 46207054, 14786, 0001, 0.01209, 4.8509957
0xEEEE, 46210153, 14787, 0001, 0.01209, 4.8518349
0xEEEE, 46213276, 14788, 0002, 0.39326, 4.8593118
0xEEEE, 46216402, 14789, 0002, 0.78894, 4.8545052
0xEEEE, 46219526, 14790, 0003, 0.78733, 4.8511482
0xEEEE, 46222661, 14791, 0003, 0.78410, 4.8593881
0xEEEE, 46225788, 14792, 0004, 1.18381, 4.8616007
0xEEEE, 46228914, 14793, 0004, 1.18300, 4.8439002
0xEEEE, 46232045, 14794, 0005, 1.58432, 4.8555734
0xEEEE, 46235164, 14795, 0005, 1.62623, 4.8649577
0xEEEE, 46238289, 14796, 0006, 1.97194, 4.8538949
0xEEEE, 46241412, 14797, 0006, 1.97114, 4.8471809
0xEEEE, 46244549, 14798, 0007, 2.36681, 4.8536660
0xEEEE, 46247680, 14799, 0007, 2.36681, 4.8591592
0xEEEE, 46250787, 14800, 0007, 2.55136, 4.8467994
0xEEEE, 46253911, 14801, 0007, 2.55216, 4.8519112
0xEEEE, 46257043, 14802, 0006, 2.55136, 4.8640421
0xEEEE, 46260161, 14803, 0006, 2.36681, 4.8561837
0xEEEE, 46263285, 14804, 0005, 2.36762, 4.8500038
0xEEEE, 46266401, 14805, 0005, 2.36601, 4.8608377
0xEEEE, 46269527, 14806, 0004, 1.96791, 4.8657206
0xEEEE, 46272659, 14807, 0004, 1.97194, 4.8489357
0xEEEE, 46275777, 14808, 0003, 1.58271, 4.8503853
0xEEEE, 46278902, 14809, 0003, 1.57868, 4.8589303
0xEEEE, 46282042, 14810, 0002, 1.18462, 4.8649577
0xEEEE, 46285151, 14811, 0002, 0.78168, 4.8511482
0xEEEE, 46288277, 14812, 0001, 0.80505, 4.8599222
0xEEEE, 46291413, 14813, 0001, 0.78652, 4.8638895
0xEEEE, 46294538, 14814, 0000, 0.39165, 4.8459602
0xEEEE, 46297670, 14815, 0000, 0.39245, 4.8514534
0xEEEE, 46300789, 14816, 0000, 0.01209, 4.8632792
0xEEEE, 46303913, 14817, 0000, 0.01048, 4.8628214
0xEEEE, 46307065, 14818, 0001, 0.01209, 4.8490120
0xEEEE, 46310164, 14819, 0001, 0.39165, 4.8502327
0xEEEE, 46313285, 14820, 0002, 0.39407, 4.8616007
0xEEEE, 46316411, 14821, 0002, 0.39004, 4.8554971
0xEEEE, 46319536, 14822, 0003, 0.78894, 4.8558785
0xEEEE, 46322668, 14823, 0003, 0.83407, 4.8616770
0xEEEE, 46325787, 14824, 0004, 1.18300, 4.8587778
0xEEEE, 46328922, 14825, 0004, 1.18220, 4.8439002
0xEEEE, 46332045, 14826, 0005, 1.55048, 4.8550393
0xEEEE, 46335152, 14827, 0005, 1.97436, 4.8628214
0xEEEE, 46338276, 14828, 0006, 1.97919, 4.8585489
0xEEEE, 46341402, 14829, 0006, 1.97355, 4.8442054
0xEEEE, 46344527, 14830, 0007, 2.36681, 4.8537423
0xEEEE, 46347659, 14831, 0007, 2.36681, 4.8613718
0xEEEE, 46350777, 14832, 0007, 2.55136, 4.8545815
0xEEEE, 46353902, 14833, 0007, 2.55700, 4.8529793
0xEEEE, 46357040, 14834, 0006, 2.55216, 4.8628977
0xEEEE, 46360163, 14835, 0006, 2.36681, 4.8554971
0xEEEE, 46363288, 14836, 0005, 2.36601, 4.8554208
0xEEEE, 46366420, 14837, 0005, 2.36601, 4.8575570
0xEEEE, 46369539, 14838, 0004, 1.97355, 4.8576333
0xEEEE, 46372671, 14839, 0004, 1.97275, 4.8565652
0xEEEE, 46375790, 14840, 0003, 1.61011, 4.8484779
0xEEEE, 46378906, 14841, 0003, 1.58110, 4.8582437
0xEEEE, 46382043, 14842, 0002, 1.18059, 4.8490883
0xEEEE, 46385161, 14843, 0002, 0.78652, 4.8450446
0xEEEE, 46388286, 14844, 0001, 0.78894, 4.8551919
0xEEEE, 46391412, 14845, 0001, 0.78894, 4.8601511
0xEEEE, 46394536, 14846, 0000, 0.39407, 4.8473335
0xEEEE, 46397668, 14847, 0000, 0.39487, 4.8486305
0xEEEE, 46400777, 14848, 0000, 0.01209, 4.8604562
0xEEEE, 46403902, 14849, 0000, 0.01209, 4.8578622
0xEEEE, 46407054, 14850, 0001, 0.01209, 4.8499275
0xEEEE, 46410153, 14851, 0001, 0.01209, 4.8522164
0xEEEE, 46413287, 14852, 0002, 0.38520, 4.8599222
0xEEEE, 46416401, 14853, 0002, 0.40857, 4.8501564
0xEEEE, 46419526, 14854, 0003, 0.78813, 4.8524453
0xEEEE, 46422662, 14855, 0003, 0.78813, 4.8586252
0xEEEE, 46425797, 14856, 0004, 1.18220, 4.8520638
0xEEEE, 46428913, 14857, 0004, 1.58674, 4.8451972
0xEEEE, 46432045, 14858, 0005, 1.57788, 4.8529793
0xEEEE, 46435164, 14859, 0005, 1.57868, 4.8605325
0xEEEE, 46438289, 14860, 0006, 1.95421, 4.8593118
0xEEEE, 46441413, 14861, 0006, 1.97275, 4.8491646
0xEEEE, 46444526, 14862, 0007, 2.36601, 4.8548104
0xEEEE, 46447679, 14863, 0007, 2.36762, 4.8638895
0xEEEE, 46450787, 14864, 0007, 2.55136, 4.8457313
0xEEEE, 46453912, 14865, 0007, 2.55216, 4.8551156
0xEEEE, 46457043, 14866, 0006, 2.55055, 4.8615244
0xEEEE, 46460162, 14867, 0006, 2.55216, 4.8520638
0xEEEE, 46463285, 14868, 0005, 2.38777, 4.8401617
0xEEEE, 46466402, 14869, 0005, 2.36520, 4.8596933
0xEEEE, 46469526, 14870, 0004, 1.97355, 4.8614481
0xEEEE, 46472670, 14871, 0004, 1.97355, 4.8519875
0xEEEE, 46475776, 14872, 0003, 1.57868, 4.8504616
0xEEEE, 46478902, 14873, 0003, 1.18542, 4.8583200
0xEEEE, 46482036, 14874, 0002, 1.16366, 4.8548867
0xEEEE, 46485152, 14875, 0002, 1.18381, 4.8514534
0xEEEE, 46488276, 14876, 0001, 0.78733, 4.8574044
0xEEEE, 46491413, 14877, 0001, 0.78733, 4.8630503
0xEEEE, 46494538, 14878, 0000, 0.38762, 4.8472572
0xEEEE, 46497676, 14879, 0000, 0.38520, 4.8472572
0xEEEE, 46500789, 14880, 0000, 0.01128, 4.8647288
0xEEEE, 46503914, 14881, 0000, 0.01209, 4.8559548
0xEEEE, 46507065, 14882, 0001, 0.01209, 4.8454261
0xEEEE, 46510172, 14883, 0001, 0.01209, 4.8506142
0xEEEE, 46513286, 14884, 0002, 0.35458, 4.8593118
0xEEEE, 46516411, 14885, 0002, 0.44161, 4.8489357
0xEEEE, 46519536, 14886, 0003, 0.78813, 4.8552682
0xEEEE, 46522668, 14887, 0003, 0.78894, 4.8604562
0xEEEE, 46525787, 14888, 0004, 1.18059, 4.8557259
0xEEEE, 46528911, 14889, 0004, 1.60930, 4.8472572
0xEEEE, 46532045, 14890, 0005, 1.57868, 4.8542000
0xEEEE, 46535152, 14891, 0005, 1.58271, 4.8654917
0xEEEE, 46538277, 14892, 0006, 1.97436, 4.8531319
0xEEEE, 46541402, 14893, 0006, 1.96952, 4.8498512
0xEEEE, 46544526, 14894, 0007, 2.36762, 4.8538949
0xEEEE, 46547659, 14895, 0007, 2.37004, 4.8590066
0xEEEE, 46550777, 14896, 0007, 2.55297, 4.8508431
0xEEEE, 46553902, 14897, 0007, 2.55216, 4.8541238
0xEEEE, 46557052, 14898, 0006, 2.53766, 4.8638895
0xEEEE, 46560163, 14899, 0006, 2.55458, 4.8557259
0xEEEE, 46563289, 14900, 0005, 2.36601, 4.8491646
0xEEEE, 46566413, 14901, 0005, 2.35634, 4.8546578
0xEEEE, 46569539, 14902, 0004, 1.97275, 4.8587015
0xEEEE, 46572672, 14903, 0004, 1.57949, 4.8542763
0xEEEE, 46575789, 14904, 0003, 1.57868, 4.8485542
0xEEEE, 46578907, 14905, 0003, 1.58110, 4.8580148
0xEEEE, 46582043, 14906, 0002, 1.23136, 4.8580911
0xEEEE, 46585161, 14907, 0002, 1.18381, 4.8490883
0xEEEE, 46588286, 14908, 0001, 0.78813, 4.8612955
0xEEEE, 46591411, 14909, 0001, 0.78652, 4.8605325
0xEEEE, 46594545, 14910, 0000, 0.37634, 4.8542000
0xEEEE, 46597668, 14911, 0000, 0.01209, 4.8532082
0xEEEE, 46600777, 14912, 0000, 0.01128, 4.8638132
0xEEEE, 46603902, 14913, 0000, 0.01209, 4.8576333
0xEEEE, 46607054, 14914, 0001, 0.01209, 4.8435187
0xEEEE, 46610153, 14915, 0001, 0.01128, 4.8529030
0xEEEE, 46613276, 14916, 0002, 0.39326, 4.8591592
0xEEEE, 46616401, 14917, 0002, 0.39245, 4.8461891
0xEEEE, 46619526, 14918, 0003, 0.78813, 4.8532082
0xEEEE, 46622664, 14919, 0003, 1.18381, 4.8601511
0xEEEE, 46625789, 14920, 0004, 1.17011, 4.8577096
0xEEEE, 46628913, 14921, 0004, 1.18220, 4.8489357
0xEEEE, 46632045, 14922, 0005, 1.57707, 4.8553445
0xEEEE, 46635164, 14923, 0005, 1.58835, 4.8635080
0xEEEE, 46638288, 14924, 0006, 1.97355, 4.8564889
0xEEEE, 46641424, 14925, 0006, 1.97758, 4.8519875
0xEEEE, 46644528, 14926, 0007, 2.36681, 4.8556497
0xEEEE, 46647668, 14927, 0007, 2.55216, 4.8570230
0xEEEE, 46650786, 14928, 0007, 2.55216, 4.8535134
0xEEEE, 46653912, 14929, 0007, 2.55538, 4.8606088
0xEEEE, 46657042, 14930, 0006, 2.55216, 4.8628977
0xEEEE, 46660161, 14931, 0006, 2.54007, 4.8550393
0xEEEE, 46663286, 14932, 0005, 2.37004, 4.8512245
0xEEEE, 46666401, 14933, 0005, 2.40066, 4.8603037
0xEEEE, 46669527, 14934, 0004, 1.97194, 4.8677043
0xEEEE, 46672659, 14935, 0004, 1.57949, 4.8496986
0xEEEE, 46675777, 14936, 0003, 1.57707, 4.8426795
0xEEEE, 46678910, 14937, 0003, 1.55128, 4.8560311
0xEEEE, 46682036, 14938, 0002, 1.18300, 4.8609903
0xEEEE, 46685152, 14939, 0002, 1.18300, 4.8506905
0xEEEE, 46688279, 14940, 0001, 0.79941, 4.8559548
0xEEEE, 46691413, 14941, 0001, 0.80344, 4.8646525
0xEEEE, 46694538, 14942, 0000, 0.39326, 4.8474861
0xEEEE, 46697670, 14943, 0000, 0.01209, 4.8524453
0xEEEE, 46700789, 14944, 0000, 0.01451, 4.8654917
0xEEEE, 46703914, 14945, 0000, 0.01209, 4.8632029
0xEEEE, 46707065, 14946, 0001, 0.01209, 4.8515297
0xEEEE, 46710153, 14947, 0001, 0.01128, 4.8519112
0xEEEE, 46713286, 14948, 0002, 0.39245, 4.8563363
0xEEEE, 46716411, 14949, 0002, 0.39245, 4.8596170
0xEEEE, 46719536, 14950, 0003, 0.78974, 4.8488594
0xEEEE, 46722668, 14951, 0003, 0.77524, 4.8587778
0xEEEE, 46725797, 14952, 0004, 1.12176, 4.8571756
0xEEEE, 46728911, 14953, 0004, 1.18220, 4.8458839
0xEEEE, 46732045, 14954, 0005, 1.59077, 4.8576333
0xEEEE, 46735152, 14955, 0005, 1.57868, 4.8664073
0xEEEE, 46738285, 14956, 0006, 1.97516, 4.8539712
0xEEEE, 46741401, 14957, 0006, 2.36762, 4.8515297
0xEEEE, 46744526, 14958, 0007, 2.36762, 4.8548104
0xEEEE, 46747659, 14959, 0007, 2.36842, 4.8583200
0xEEEE, 46750779, 14960, 0007, 2.54168, 4.8561837
0xEEEE, 46753902, 14961, 0007, 2.54813, 4.8573281
0xEEEE, 46757044, 14962, 0006, 2.55216, 4.8641947
0xEEEE, 46760163, 14963, 0006, 2.55458, 4.8543526
0xEEEE, 46763290, 14964, 0005, 2.36278, 4.8447395
0xEEEE, 46766413, 14965, 0005, 1.97355, 4.8577096
0xEEEE, 46769538, 14966, 0004, 1.96549, 4.8640421
0xEEEE, 46772671, 14967, 0004, 1.97194, 4.8482490
0xEEEE, 46775789, 14968, 0003, 1.58110, 4.8493172
0xEEEE, 46778909, 14969, 0003, 1.57788, 4.8609140
0xEEEE, 46782043, 14970, 0002, 1.18542, 4.8583963
0xEEEE, 46785171, 14971, 0002, 1.18059, 4.8495460
0xEEEE, 46788286, 14972, 0001, 0.75348, 4.8567178
0xEEEE, 46791411, 14973, 0001, 0.39165, 4.8616007
0xEEEE, 46794536, 14974, 0000, 0.39245, 4.8571756
0xEEEE, 46797668, 14975, 0000, 0.39407, 4.8519875
0xEEEE, 46800777, 14976, 0000, 0.01209, 4.8642710
0xEEEE, 46803902, 14977, 0000, 0.01209, 4.8555734
0xEEEE, 46807054, 14978, 0001, 0.01209, 4.8505379
0xEEEE, 46810163, 14979, 0001, 0.01209, 4.8479438
0xEEEE, 46813278, 14980, 0002, 0.39326, 4.8583200
0xEEEE, 46816402, 14981, 0002, 0.78974, 4.8591592
0xEEEE, 46819527, 14982, 0003, 0.78410, 4.8546578
0xEEEE, 46822674, 14983, 0003, 0.77282, 4.8633555
0xEEEE, 46825788, 14984, 0004, 1.18381, 4.8543526
0xEEEE, 46828913, 14985, 0004, 1.18300, 4.8543526
0xEEEE, 46832045, 14986, 0005, 1.55048, 4.8518349
0xEEEE, 46835164, 14987, 0005, 1.57868, 4.8636606
0xEEEE, 46838288, 14988, 0006, 1.97919, 4.8567178
0xEEEE, 46841413, 14989, 0006, 2.36681, 4.8516823
0xEEEE, 46844529, 14990, 0007, 2.37326, 4.8544289
0xEEEE, 46847668, 14991, 0007, 2.36601, 4.8569467
0xEEEE, 46850786, 14992, 0007, 2.55136, 4.8552682
0xEEEE, 46853912, 14993, 0007, 2.54652, 4.8515297
0xEEEE, 46857043, 14994, 0006, 2.55216, 4.8579385
0xEEEE, 46860161, 14995, 0006, 2.58520, 4.8490883
0xEEEE, 46863286, 14996, 0005, 2.35553, 4.8446632
0xEEEE, 46866402, 14997, 0005, 1.97436, 4.8606088
0xEEEE, 46869537, 14998, 0004, 1.97516, 4.8579385
0xEEEE, 46872659, 14999, 0004, 1.97194, 4.8521401
0xEEEE, 46875778, 15000, 0003, 1.57868, 4.8549630
0xEEEE, 46878902, 15001, 0003, 1.57868, 4.8619059
0xEEEE, 46882036, 15002, 0002, 1.18462, 4.8589303
0xEEEE, 46885151, 15003, 0002, 1.17897, 4.8513008
0xEEEE, 46888280, 15004, 0001, 0.78894, 4.8589303
0xEEEE, 46891413, 15005, 0001, 0.78813, 4.8571756
0xEEEE, 46894538, 15006, 0000, 0.39326, 4.8538949
0xEEEE, 46897670, 15007, 0000, 0.39165, 4.8535897
0xEEEE, 46900790, 15008, 0000, 0.01128, 4.8638895
0xEEEE, 46903914, 15009, 0000, 0.01209, 4.8628214
0xEEEE, 46907072, 15010, 0001, 0.01209, 4.8527504
0xEEEE, 46910153, 15011, 0001, 0.39326, 4.8560311
0xEEEE, 46913286, 15012, 0002, 0.39568, 4.8612955
0xEEEE, 46916411, 15013, 0002, 0.39971, 4.8581674
0xEEEE, 46919536, 15014, 0003, 0.75993, 4.8518349
0xEEEE, 46922668, 15015, 0003, 0.78894, 4.8627451
0xEEEE, 46925787, 15016, 0004, 1.18220, 4.8619059
0xEEEE, 46928911, 15017, 0004, 1.18462, 4.8550393
0xEEEE, 46932044, 15018, 0005, 1.57868, 4.8550393
0xEEEE, 46935152, 15019, 0005, 1.97355, 4.8644236
0xEEEE, 46938278, 15020, 0006, 1.94454, 4.8580148
0xEEEE, 46941401, 15021, 0006, 1.97355, 4.8534371
0xEEEE, 46944526, 15022, 0007, 2.33861, 4.8548867
0xEEEE, 46947659, 15023, 0007, 2.36923, 4.8578622
0xEEEE, 46950777, 15024, 0007, 2.55216, 4.8594644
0xEEEE, 46953914, 15025, 0007, 2.58440, 4.8551156
0xEEEE, 46957044, 15026, 0006, 2.55780, 4.8601511
0xEEEE, 46960163, 15027, 0006, 2.36681, 4.8522164
0xEEEE, 46963288, 15028, 0005, 2.41194, 4.8493935
0xEEEE, 46966414, 15029, 0005, 2.37487, 4.8590066
0xEEEE, 46969538, 15030, 0004, 1.97436, 4.8607614
0xEEEE, 46972671, 15031, 0004, 1.97436, 4.8559548
0xEEEE, 46975788, 15032, 0003, 1.57949, 4.8523690
0xEEEE, 46978912, 15033, 0003, 1.57868, 4.8592355
0xEEEE, 46982043, 15034, 0002, 1.20637, 4.8529030
0xEEEE, 46985161, 15035, 0002, 0.78813, 4.8513008
0xEEEE, 46988286, 15036, 0001, 0.78813, 4.8592355
0xEEEE, 46991420, 15037, 0001, 0.78974, 4.8594644
0xEEEE, 46994535, 15038, 0000, 0.39004, 4.8534371
0xEEEE, 46997668, 15039, 0000, 0.38278, 4.8564126
0xEEEE, 47000778, 15040, 0000, 0.01370, 4.8607614
0xEEEE, 47003902, 15041, 0000, 0.01209, 4.8650340
0xEEEE, 47007054, 15042, 0001, 0.01209, 4.8501564
0xEEEE, 47010153, 15043, 0001, 0.40857, 4.8521401
0xEEEE, 47013277, 15044, 0002, 0.36586, 4.8598459
0xEEEE, 47016402, 15045, 0002, 0.40938, 4.8585489
0xEEEE, 47019526, 15046, 0003, 0.78894, 4.8567941
0xEEEE, 47022667, 15047, 0003, 0.78894, 4.8615244
0xEEEE, 47025788, 15048, 0004, 1.18139, 4.8606088
0xEEEE, 47028913, 15049, 0004, 1.19993, 4.8475624
0xEEEE, 47032045, 15050, 0005, 1.57788, 4.8532082
0xEEEE, 47035164, 15051, 0005, 1.57062, 4.8653391
0xEEEE, 47038299, 15052, 0006, 1.97355, 4.8609140
0xEEEE, 47041413, 15053, 0006, 1.97839, 4.8493935
0xEEEE, 47044531, 15054, 0007, 2.36681, 4.8537423
0xEEEE, 47047668, 15055, 0007, 2.38535, 4.8634318
0xEEEE, 47050795, 15056, 0007, 2.55538, 4.8506905
0xEEEE, 47053912, 15057, 0007, 2.55055, 4.8542000
0xEEEE, 47057042, 15058, 0006, 2.58117, 4.8616007
0xEEEE, 47060161, 15059, 0006, 2.55780, 4.8548104
0xEEEE, 47063287, 15060, 0005, 2.36762, 4.8418402
0xEEEE, 47066401, 15061, 0005, 2.37568, 4.8590829
0xEEEE, 47069526, 15062, 0004, 1.97114, 4.8632792
0xEEEE, 47072659, 15063, 0004, 1.94535, 4.8542000
0xEEEE, 47075786, 15064, 0003, 1.57788, 4.8525978
0xEEEE, 47078902, 15065, 0003, 1.15722, 4.8599985
0xEEEE, 47082035, 15066, 0002, 1.18381, 4.8526741
0xEEEE, 47085152, 15067, 0002, 1.18300, 4.8503090
0xEEEE, 47088281, 15068, 0001, 0.78974, 4.8593118
0xEEEE, 47091412, 15069, 0001, 0.79941, 4.8617533
0xEEEE, 47094538, 15070, 0000, 0.37795, 4.8514534
0xEEEE, 47097681, 15071, 0000, 0.42066, 4.8461128
0xEEEE, 47100790, 15072, 0000, 0.01209, 4.8642710
0xEEEE, 47103914, 15073, 0000, 0.01209, 4.8610666
0xEEEE, 47107066, 15074, 0001, 0.01209, 4.8506142
0xEEEE, 47110154, 15075, 0001, 0.01451, 4.8570230
0xEEEE, 47113286, 15076, 0002, 0.39245, 4.8554971
0xEEEE, 47116411, 15077, 0002, 0.39245, 4.8535897
0xEEEE, 47119536, 15078, 0003, 0.78813, 4.8535134
0xEEEE, 47122677, 15079, 0003, 0.79055, 4.8631266
0xEEEE, 47125788, 15080, 0004, 1.17736, 4.8605325
0xEEEE, 47128911, 15081, 0004, 1.57707, 4.8476387
0xEEEE, 47132045, 15082, 0005, 1.57868, 4.8561074
0xEEEE, 47135160, 15083, 0005, 1.57546, 4.8635843
0xEEEE, 47138276, 15084, 0006, 1.97194, 4.8573281
0xEEEE, 47141401, 15085, 0006, 1.97678, 4.8535897
0xEEEE, 47144527, 15086, 0007, 2.36601, 4.8548867
0xEEEE, 47147660, 15087, 0007, 2.36762, 4.8558022
0xEEEE, 47150777, 15088, 0007, 2.53685, 4.8583200
0xEEEE, 47153904, 15089, 0007, 2.55136, 4.8546578
0xEEEE, 47157045, 15090, 0006, 2.55216, 4.8605325
0xEEEE, 47160163, 15091, 0006, 2.56908, 4.8503090
0xEEEE, 47163288, 15092, 0005, 2.37165, 4.8477913
0xEEEE, 47166414, 15093, 0005, 2.36681, 4.8564889
0xEEEE, 47169539, 15094, 0004, 1.96791, 4.8646525
0xEEEE, 47172670, 15095, 0004, 1.97355, 4.8435187
0xEEEE, 47175777, 15096, 0003, 1.57949, 4.8465705
0xEEEE, 47178911, 15097, 0003, 1.18945, 4.8579385
0xEEEE, 47182065, 15098, 0002, 1.18462, 4.8575570
0xEEEE, 47185161, 15099, 0002, 1.18703, 4.8650340
0xEEEE, 47188287, 15100, 0001, 0.78652, 4.8580148
0xEEEE, 47191411, 15101, 0001, 0.79458, 4.8625925
0xEEEE, 47194535, 15102, 0000, 0.39245, 4.8522927
0xEEEE, 47197669, 15103, 0000, 0.39326, 4.8406195
0xEEEE, 47200777, 15104, 0000, 0.01209, 4.8633555
0xEEEE, 47203902, 15105, 0000, 0.01209, 4.8629740
0xEEEE, 47207059, 15106, 0001, 0.01209, 4.8527504
0xEEEE, 47210153, 15107, 0001, 0.01531, 4.8537423
0xEEEE, 47213277, 15108, 0002, 0.39326, 4.8582437
0xEEEE, 47216401, 15109, 0002, 0.39326, 4.8612955
0xEEEE, 47219536, 15110, 0003, 0.78974, 4.8593881
0xEEEE, 47222668, 15111, 0003, 1.17172, 4.8636606
0xEEEE, 47225788, 15112, 0004, 1.11612, 4.8526741
0xEEEE, 47228913, 15113, 0004, 1.18300, 4.8447395
0xEEEE, 47232045, 15114, 0005, 1.57546, 4.8557259
0xEEEE, 47235164, 15115, 0005, 1.57868, 4.8651865
0xEEEE, 47238287, 15116, 0006, 1.97919, 4.8606851
0xEEEE, 47241413, 15117, 0006, 1.97355, 4.8490883
0xEEEE, 47244533, 15118, 0007, 2.36440, 4.8552682
0xEEEE, 47247668, 15119, 0007, 2.55136, 4.8567941
0xEEEE, 47250787, 15120, 0007, 2.57875, 4.8525978
0xEEEE, 47253912, 15121, 0007, 2.54813, 4.8541238
0xEEEE, 47257043, 15122, 0006, 2.55136, 4.8605325
0xEEEE, 47260161, 15123, 0006, 2.55136, 4.8516060
0xEEEE, 47263286, 15124, 0005, 2.35553, 4.8499275
0xEEEE, 47266421, 15125, 0005, 2.36842, 4.8551919
0xEEEE, 47269527, 15126, 0004, 1.99370, 4.8644236
0xEEEE, 47272659, 15127, 0004, 1.57788, 4.8550393
0xEEEE, 47275777, 15128, 0003, 1.57546, 4.8433661
0xEEEE, 47278901, 15129, 0003, 1.57868, 4.8576333
0xEEEE, 47282036, 15130, 0002, 1.18220, 4.8604562
0xEEEE, 47285151, 15131, 0002, 1.18864, 4.8531319
0xEEEE, 47288283, 15132, 0001, 0.78733, 4.8552682
0xEEEE, 47291412, 15133, 0001, 0.78894, 4.8597696
0xEEEE, 47294538, 15134, 0000, 0.39245, 4.8509194
0xEEEE, 47297670, 15135, 0000, 0.01209, 4.8479438
0xEEEE, 47300790, 15136, 0000, 0.01209, 4.8627451
0xEEEE, 47303923, 15137, 0000, 0.01128, 4.8622110
0xEEEE, 47307066, 15138, 0001, 0.01289, 4.8467231
0xEEEE, 47310155, 15139, 0001, 0.01209, 4.8530556
0xEEEE, 47313287, 15140, 0002, 0.39407, 4.8590066
0xEEEE, 47316411, 15141, 0002, 0.39004, 4.8533608
0xEEEE, 47319536, 15142, 0003, 0.77524, 4.8574807
0xEEEE, 47322668, 15143, 0003, 1.18300, 4.8549630
0xEEEE, 47325787, 15144, 0004, 1.18300, 4.8564126
0xEEEE, 47328911, 15145, 0004, 1.18462, 4.8438239
0xEEEE, 47332045, 15146, 0005, 1.57868, 4.8498512
0xEEEE, 47335152, 15147, 0005, 1.57868, 4.8658732
0xEEEE, 47338276, 15148, 0006, 1.96388, 4.8606851
0xEEEE, 47341401, 15149, 0006, 1.97275, 4.8533608
0xEEEE, 47344526, 15150, 0007, 2.33941, 4.8535897
0xEEEE, 47347660, 15151, 0007, 2.37165, 4.8612192
0xEEEE, 47350788, 15152, 0007, 2.55136, 4.8460365
0xEEEE, 47353905, 15153, 0007, 2.57392, 4.8554971
0xEEEE, 47357045, 15154, 0006, 2.55377, 4.8638132
0xEEEE, 47360163, 15155, 0006, 2.55055, 4.8506142
0xEEEE, 47363296, 15156, 0005, 2.38374, 4.8461128
0xEEEE, 47366414, 15157, 0005, 1.97919, 4.8559548
0xEEEE, 47369539, 15158, 0004, 1.97355, 4.8661021
0xEEEE, 47372671, 15159, 0004, 1.97436, 4.8513771
0xEEEE, 47375779, 15160, 0003, 1.57788, 4.8535897
0xEEEE, 47378911, 15161, 0003, 1.57949, 4.8603799
0xEEEE, 47382043, 15162, 0002, 1.18139, 4.8596933
0xEEEE, 47385161, 15163, 0002, 1.14674, 4.8512245
0xEEEE, 47388293, 15164, 0001, 0.78652, 4.8569467
0xEEEE, 47391412, 15165, 0001, 0.39487, 4.8593118
0xEEEE, 47394535, 15166, 0000, 0.39165, 4.8516823
0xEEEE, 47397669, 15167, 0000, 0.39568, 4.8481727
0xEEEE, 47400777, 15168, 0000, 0.01209, 4.8573281
0xEEEE, 47403901, 15169, 0000, 0.01128, 4.8627451
0xEEEE, 47407054, 15170, 0001, 0.01209, 4.8426032
0xEEEE, 47410153, 15171, 0001, 0.01209, 4.8546578
0xEEEE, 47413277, 15172, 0002, 0.39568, 4.8603037
0xEEEE, 47416401, 15173, 0002, 0.79780, 4.8535897
0xEEEE, 47419527, 15174, 0003, 0.76637, 4.8524453
0xEEEE, 47422670, 15175, 0003, 0.78733, 4.8567941
0xEEEE, 47425788, 15176, 0004, 1.18300, 4.8595407
0xEEEE, 47428913, 15177, 0004, 1.18300, 4.8516823
0xEEEE, 47432045, 15178, 0005, 1.57868, 4.8609140
0xEEEE, 47435174, 15179, 0005, 1.57868, 4.8616007
0xEEEE, 47438289, 15180, 0006, 2.00498, 4.8636606
0xEEEE, 47441413, 15181, 0006, 2.36681, 4.8489357
0xEEEE, 47444536, 15182, 0007, 2.33780, 4.8594644
0xEEEE, 47447688, 15183, 0007, 2.37487, 4.8603799
0xEEEE, 47450786, 15184, 0007, 2.55216, 4.8530556
0xEEEE, 47453912, 15185, 0007, 2.48366, 4.8516060
0xEEEE, 47457044, 15186, 0006, 2.54974, 4.8594644
0xEEEE, 47460161, 15187, 0006, 2.55055, 4.8547341
0xEEEE, 47463286, 15188, 0005, 2.36842, 4.8460365
0xEEEE, 47466402, 15189, 0005, 1.98322, 4.8525216
0xEEEE, 47469527, 15190, 0004, 1.97275, 4.8624399
0xEEEE, 47472661, 15191, 0004, 1.98161, 4.8518349
0xEEEE, 47475777, 15192, 0003, 1.57949, 4.8454261
0xEEEE, 47478901, 15193, 0003, 1.57788, 4.8600748
0xEEEE, 47482036, 15194, 0002, 1.19993, 4.8610666
0xEEEE, 47485151, 15195, 0002, 1.18300, 4.8464942
0xEEEE, 47488285, 15196, 0001, 0.78813, 4.8522164
0xEEEE, 47491413, 15197, 0001, 0.38681, 4.8596933
0xEEEE, 47494548, 15198, 0000, 0.39084, 4.8535134
0xEEEE, 47497670, 15199, 0000, 0.39084, 4.8482490
0xEEEE, 47500789, 15200, 0000, 0.01209, 4.8624399
0xEEEE, 47503914, 15201, 0000, 0.01128, 4.8577096
0xEEEE, 47507066, 15202, 0001, 0.01209, 4.8461128
0xEEEE, 47510158, 15203, 0001, 0.01209, 4.8513008
0xEEEE, 47513286, 15204, 0002, 0.38923, 4.8615244
0xEEEE, 47516411, 15205, 0002, 0.37311, 4.8526741
0xEEEE, 47519545, 15206, 0003, 0.78894, 4.8487831
0xEEEE, 47522669, 15207, 0003, 0.78813, 4.8616770
0xEEEE, 47525787, 15208, 0004, 1.18300, 4.8567941
0xEEEE, 47528911, 15209, 0004, 1.18059, 4.8542763
0xEEEE, 47532052, 15210, 0005, 1.57868, 4.8543526
0xEEEE, 47535151, 15211, 0005, 1.96791, 4.8648051
0xEEEE, 47538276, 15212, 0006, 1.97275, 4.8639658
0xEEEE, 47541401, 15213, 0006, 1.97114, 4.8538949
0xEEEE, 47544526, 15214, 0007, 2.36601, 4.8519875
0xEEEE, 47547659, 15215, 0007, 2.36198, 4.8605325
0xEEEE, 47550777, 15216, 0007, 2.54974, 4.8557259
0xEEEE, 47553907, 15217, 0007, 2.55055, 4.8554208
0xEEEE, 47557044, 15218, 0006, 2.56022, 4.8620584
0xEEEE, 47560163, 15219, 0006, 2.36842, 4.8638132
0xEEEE, 47563289, 15220, 0005, 2.36842, 4.8436713
0xEEEE, 47566414, 15221, 0005, 2.37004, 4.8576333
0xEEEE, 47569539, 15222, 0004, 1.97355, 4.8602274
0xEEEE, 47572670, 15223, 0004, 1.97275, 4.8503853
0xEEEE, 47575778, 15224, 0003, 1.57788, 4.8478676
0xEEEE, 47578934, 15225, 0003, 1.57707, 4.8591592
0xEEEE, 47582043, 15226, 0002, 1.14190, 4.8538949
0xEEEE, 47585161, 15227, 0002, 0.78813, 4.8556497
0xEEEE, 47588287, 15228, 0001, 0.78813, 4.8583200
0xEEEE, 47591412, 15229, 0001, 0.79216, 4.8612955
0xEEEE, 47594536, 15230, 0000, 0.39084, 4.8567941
0xEEEE, 47597668, 15231, 0000, 0.40535, 4.8573281
0xEEEE, 47600777, 15232, 0000, 0.01209, 4.8630503
0xEEEE, 47603902, 15233, 0000, 0.01128, 4.8624399
0xEEEE, 47607055, 15234, 0001, 0.01209, 4.8567178
0xEEEE, 47610153, 15235, 0001, 0.35619, 4.8466468
0xEEEE, 47613276, 15236, 0002, 0.43355, 4.8621347
0xEEEE, 47616411, 15237, 0002, 0.39245, 4.8606851
0xEEEE, 47619527, 15238, 0003, 0.78974, 4.8506905
0xEEEE, 47622670, 15239, 0003, 0.78813, 4.8602274
0xEEEE, 47625789, 15240, 0004, 1.17575, 4.8635080
0xEEEE, 47628913, 15241, 0004, 1.16850, 4.8548104
0xEEEE, 47632045, 15242, 0005, 1.57868, 4.8553445
0xEEEE, 47635164, 15243, 0005, 1.97194, 4.8638132
0xEEEE, 47638288, 15244, 0006, 1.97355, 4.8540475
0xEEEE, 47641401, 15245, 0006, 1.96952, 4.8542000
0xEEEE, 47644536, 15246, 0007, 2.36520, 4.8555734
0xEEEE, 47647668, 15247, 0007, 2.33377, 4.8589303
0xEEEE, 47650786, 15248, 0007, 2.55136, 4.8540475
0xEEEE, 47653912, 15249, 0007, 2.55216, 4.8543526
0xEEEE, 47657045, 15250, 0006, 2.49978, 4.8625925
0xEEEE, 47660160, 15251, 0006, 2.56828, 4.8502327
0xEEEE, 47663297, 15252, 0005, 2.36681, 4.8490120
0xEEEE, 47666402, 15253, 0005, 2.40711, 4.8580148
0xEEEE, 47669527, 15254, 0004, 1.97678, 4.8603037
0xEEEE, 47672659, 15255, 0004, 1.93648, 4.8561074
0xEEEE, 47675777, 15256, 0003, 1.57707, 4.8569467
0xEEEE, 47678902, 15257, 0003, 1.58352, 4.8587015
0xEEEE, 47682036, 15258, 0002, 1.18462, 4.8627451
0xEEEE, 47685151, 15259, 0002, 1.18220, 4.8537423
0xEEEE, 47688287, 15260, 0001, 0.78894, 4.8543526
0xEEEE, 47691413, 15261, 0001, 0.78410, 4.8553445
0xEEEE, 47694538, 15262, 0000, 0.37070, 4.8515297
0xEEEE, 47697670, 15263, 0000, 0.42227, 4.8512245
0xEEEE, 47700798, 15264, 0000, 0.01209, 4.8624399
0xEEEE, 47703913, 15265, 0000, 0.01209, 4.8613718
0xEEEE, 47707066, 15266, 0001, 0.01209, 4.8550393
0xEEEE, 47710158, 15267, 0001, 0.01209, 4.8551156
0xEEEE, 47713286, 15268, 0002, 0.39165, 4.8603037
0xEEEE, 47716411, 15269, 0002, 0.39326, 4.8587015
0xEEEE, 47719536, 15270, 0003, 0.78652, 4.8504616
0xEEEE, 47722669, 15271, 0003, 0.78894, 4.8587778
0xEEEE, 47725787, 15272, 0004, 1.16205, 4.8596933
0xEEEE, 47728911, 15273, 0004, 1.57949, 4.8480201
0xEEEE, 47732044, 15274, 0005, 1.57868, 4.8480964
0xEEEE, 47735151, 15275, 0005, 1.60689, 4.8628214
0xEEEE, 47738276, 15276, 0006, 1.97275, 4.8690776
0xEEEE, 47741401, 15277, 0006, 1.97194, 4.8494697
0xEEEE, 47744526, 15278, 0007, 2.36923, 4.8551156
0xEEEE, 47747670, 15279, 0007, 2.38696, 4.8607614
0xEEEE, 47750778, 15280, 0007, 2.55136, 4.8554971
0xEEEE, 47753908, 15281, 0007, 2.55377, 4.8586252
0xEEEE, 47757044, 15282, 0006, 2.55136, 4.8606088
0xEEEE, 47760171, 15283, 0006, 2.56989, 4.8578622
0xEEEE, 47763288, 15284, 0005, 2.36762, 4.8448920
0xEEEE, 47766414, 15285, 0005, 2.36601, 4.8595407
0xEEEE, 47769538, 15286, 0004, 1.97597, 4.8622873
0xEEEE, 47772670, 15287, 0004, 1.99289, 4.8577096
0xEEEE, 47775781, 15288, 0003, 1.57868, 4.8510719
0xEEEE, 47778912, 15289, 0003, 1.18381, 4.8580911
0xEEEE, 47782043, 15290, 0002, 1.18381, 4.8484016
0xEEEE, 47785167, 15291, 0002, 1.18381, 4.8612192
0xEEEE, 47788287, 15292, 0001, 0.78733, 4.8535897
0xEEEE, 47791411, 15293, 0001, 0.77040, 4.8643473
0xEEEE, 47794536, 15294, 0000, 0.39245, 4.8578622
0xEEEE, 47797668, 15295, 0000, 0.39245, 4.8515297
0xEEEE, 47800777, 15296, 0000, 0.01209, 4.8653391
0xEEEE, 47803902, 15297, 0000, 0.01209, 4.8693828
0xEEEE, 47807065, 15298, 0001, 0.01209, 4.8549630
0xEEEE, 47810153, 15299, 0001, 0.01370, 4.8477913
0xEEEE, 47813278, 15300, 0002, 0.39326, 4.8591592
0xEEEE, 47816401, 15301, 0002, 0.39245, 4.8535897
0xEEEE, 47819528, 15302, 0003, 0.79055, 4.8518349
0xEEEE, 47822670, 15303, 0003, 0.79055, 4.8543526
0xEEEE, 47825788, 15304, 0004, 1.20234, 4.8576333
0xEEEE, 47828914, 15305, 0004, 1.18300, 4.8515297
0xEEEE, 47832052, 15306, 0005, 1.58029, 4.8526741
0xEEEE, 47835163, 15307, 0005, 1.59399, 4.8599985
0xEEEE, 47838288, 15308, 0006, 1.97516, 4.8556497
0xEEEE, 47841402, 15309, 0006, 2.00821, 4.8497749
0xEEEE, 47844555, 15310, 0007, 2.36842, 4.8543526
0xEEEE, 47847668, 15311, 0007, 2.55136, 4.8595407
0xEEEE, 47850786, 15312, 0007, 2.56425, 4.8566415
0xEEEE, 47853912, 15313, 0007, 2.55055, 4.8529030
0xEEEE, 47857044, 15314, 0006, 2.55136, 4.8626688
0xEEEE, 47860160, 15315, 0006, 2.58037, 4.8575570
0xEEEE, 47863277, 15316, 0005, 2.37084, 4.8482490
0xEEEE, 47866402, 15317, 0005, 2.36762, 4.8516060
0xEEEE, 47869526, 15318, 0004, 1.96469, 4.8638895
0xEEEE, 47872659, 15319, 0004, 1.57949, 4.8575570
0xEEEE, 47875778, 15320, 0003, 1.57546, 4.8496986
0xEEEE, 47878902, 15321, 0003, 1.57868, 4.8564889
0xEEEE, 47882036, 15322, 0002, 1.18300, 4.8635080
0xEEEE, 47885151, 15323, 0002, 1.18300, 4.8509194
0xEEEE, 47888288, 15324, 0001, 0.79538, 4.8578622
0xEEEE, 47891423, 15325, 0001, 0.72366, 4.8592355
0xEEEE, 47894538, 15326, 0000, 0.39245, 4.8570993
0xEEEE, 47897670, 15327, 0000, 0.01209, 4.8485542
0xEEEE, 47900789, 15328, 0000, 0.01209, 4.8569467
0xEEEE, 47903913, 15329, 0000, 0.01209, 4.8618296
0xEEEE, 47907066, 15330, 0001, 0.01209, 4.8635080
0xEEEE, 47910160, 15331, 0001, 0.01370, 4.8503090
0xEEEE, 47913286, 15332, 0002, 0.39245, 4.8624399
0xEEEE, 47916415, 15333, 0002, 0.39326, 4.8551919
0xEEEE, 47919536, 15334, 0003, 0.78410, 4.8524453
0xEEEE, 47922669, 15335, 0003, 1.20799, 4.8566415
0xEEEE, 47925786, 15336, 0004, 1.18381, 4.8591592
0xEEEE, 47928919, 15337, 0004, 1.18381, 4.8490120
0xEEEE, 47932036, 15338, 0005, 1.56015, 4.8549630
0xEEEE, 47935151, 15339, 0005, 1.57949, 4.8647288
0xEEEE, 47938278, 15340, 0006, 1.97839, 4.8607614
0xEEEE, 47941402, 15341, 0006, 1.97436, 4.8496223
0xEEEE, 47944527, 15342, 0007, 2.37568, 4.8527504
0xEEEE, 47947660, 15343, 0007, 2.54974, 4.8596933
0xEEEE, 47950777, 15344, 0007, 2.53201, 4.8506905
0xEEEE, 47953910, 15345, 0007, 2.54491, 4.8570993
0xEEEE, 47957044, 15346, 0006, 2.55216, 4.8601511
0xEEEE, 47960163, 15347, 0006, 2.50139, 4.8538186
0xEEEE, 47963288, 15348, 0005, 2.36198, 4.8384833
0xEEEE, 47966414, 15349, 0005, 2.36762, 4.8543526
0xEEEE, 47969538, 15350, 0004, 1.98242, 4.8596170
0xEEEE, 47972670, 15351, 0004, 1.81560, 4.8582437
0xEEEE, 47975805, 15352, 0003, 1.58513, 4.8469520
0xEEEE, 47978911, 15353, 0003, 1.57949, 4.8606851
0xEEEE, 47982043, 15354, 0002, 1.18300, 4.8568704
0xEEEE, 47985161, 15355, 0002, 1.18462, 4.8506142
0xEEEE, 47988286, 15356, 0001, 0.79297, 4.8542000
0xEEEE, 47991411, 15357, 0001, 0.39245, 4.8597696
0xEEEE, 47994536, 15358, 0000, 0.39084, 4.8539712
0xEEEE, 47997668, 15359, 0000, 0.39326, 4.8519875
0xEEEE, 48000778, 15360, 0000, 0.01209, 4.8648051
0xEEEE, 48003902, 15361, 0000, 0.01209, 4.8657206
0xEEEE, 48007054, 15362, 0001, 0.01209, 4.8588540
0xEEEE, 48010153, 15363, 0001, 0.01289, 4.8564889
0xEEEE, 48013285, 15364, 0002, 0.39487, 4.8601511
0xEEEE, 48016401, 15365, 0002, 0.78491, 4.8599985
0xEEEE, 48019530, 15366, 0003, 0.79619, 4.8594644
0xEEEE, 48022670, 15367, 0003, 0.73817, 4.8572519
0xEEEE, 48025788, 15368, 0004, 1.18381, 4.8599222
0xEEEE, 48028914, 15369, 0004, 1.18381, 4.8428321
0xEEEE, 48032044, 15370, 0005, 1.60044, 4.8500038
0xEEEE, 48035163, 15371, 0005, 1.57788, 4.8652628
0xEEEE, 48038288, 15372, 0006, 1.95985, 4.8593881
0xEEEE, 48041402, 15373, 0006, 2.36762, 4.8555734
0xEEEE, 48044536, 15374, 0007, 2.36198, 4.8538949
0xEEEE, 48047668, 15375, 0007, 2.36520, 4.8576333
0xEEEE, 48050787, 15376, 0007, 2.59648, 4.8567178
0xEEEE, 48053912, 15377, 0007, 2.55055, 4.8479438
0xEEEE, 48057045, 15378, 0006, 2.55297, 4.8632029
0xEEEE, 48060172, 15379, 0006, 2.55136, 4.8586252
0xEEEE, 48063278, 15380, 0005, 2.37810, 4.8475624
0xEEEE, 48066402, 15381, 0005, 1.97436, 4.8545052
0xEEEE, 48069526, 15382, 0004, 1.94535, 4.8658732
0xEEEE, 48072659, 15383, 0004, 1.97355, 4.8577096
0xEEEE, 48075777, 15384, 0003, 1.57868, 4.8487068
0xEEEE, 48078902, 15385, 0003, 1.57788, 4.8573281
0xEEEE, 48082036, 15386, 0002, 1.18542, 4.8587778
0xEEEE, 48085152, 15387, 0002, 1.16447, 4.8465705
0xEEEE, 48088288, 15388, 0001, 0.78733, 4.8629740
0xEEEE, 48091413, 15389, 0001, 0.39245, 4.8602274
0xEEEE, 48094538, 15390, 0000, 0.39165, 4.8519112
0xEEEE, 48097678, 15391, 0000, 0.39326, 4.8484016
0xEEEE, 48100789, 15392, 0000, 0.01209, 4.8584726
0xEEEE, 48103913, 15393, 0000, 0.01209, 4.8625925
0xEEEE, 48107066, 15394, 0001, 0.01289, 4.8457313
0xEEEE, 48110162, 15395, 0001, 0.01209, 4.8462654
0xEEEE, 48113286, 15396, 0002, 0.39004, 4.8570993
0xEEEE, 48116411, 15397, 0002, 0.78974, 4.8594644
0xEEEE, 48119537, 15398, 0003, 0.76879, 4.8553445
0xEEEE, 48122669, 15399, 0003, 0.78813, 4.8609903
0xEEEE, 48125787, 15400, 0004, 1.18462, 4.8577859
0xEEEE, 48128911, 15401, 0004, 1.18059, 4.8509957
0xEEEE, 48132036, 15402, 0005, 1.59802, 4.8559548
0xEEEE, 48135151, 15403, 0005, 1.57868, 4.8630503
0xEEEE, 48138277, 15404, 0006, 1.96147, 4.8598459
0xEEEE, 48141402, 15405, 0006, 1.97355, 4.8477913
0xEEEE, 48144537, 15406, 0007, 2.35553, 4.8493935
0xEEEE, 48147659, 15407, 0007, 2.36440, 4.8619059
0xEEEE, 48150777, 15408, 0007, 2.55216, 4.8615244
0xEEEE, 48153912, 15409, 0007, 2.53846, 4.8528267
0xEEEE, 48157053, 15410, 0006, 2.55619, 4.8624399
0xEEEE, 48160163, 15411, 0006, 2.36762, 4.8563363
0xEEEE, 48163288, 15412, 0005, 2.38535, 4.8506905
0xEEEE, 48166413, 15413, 0005, 2.36842, 4.8547341
0xEEEE, 48169538, 15414, 0004, 1.90667, 4.8648814
0xEEEE, 48172670, 15415, 0004, 1.97033, 4.8504616
0xEEEE, 48175783, 15416, 0003, 1.57868, 4.8527504
0xEEEE, 48178911, 15417, 0003, 1.57868, 4.8543526
0xEEEE, 48182043, 15418, 0002, 1.19267, 4.8553445
0xEEEE, 48185161, 15419, 0002, 0.78813, 4.8529793
0xEEEE, 48188286, 15420, 0001, 0.78733, 4.8498512
0xEEEE, 48191411, 15421, 0001, 0.78813, 4.8619821
0xEEEE, 48194536, 15422, 0000, 0.39326, 4.8559548
0xEEEE, 48197668, 15423, 0000, 0.39487, 4.8522164
0xEEEE, 48200777, 15424, 0000, 0.01209, 4.8619821
0xEEEE, 48203902, 15425, 0000, 0.01209, 4.8618296
0xEEEE, 48207054, 15426, 0001, 0.01209, 4.8564126
0xEEEE, 48210153, 15427, 0001, 0.38762, 4.8484016
0xEEEE, 48213276, 15428, 0002, 0.39004, 4.8587015
0xEEEE, 48216401, 15429, 0002, 0.37795, 4.8572519
0xEEEE, 48219531, 15430, 0003, 0.78168, 4.8491646
0xEEEE, 48222670, 15431, 0003, 0.78813, 4.8567941
0xEEEE, 48225788, 15432, 0004, 1.18300, 4.8566415
0xEEEE, 48228922, 15433, 0004, 1.18139, 4.8525216
0xEEEE, 48232044, 15434, 0005, 1.57868, 4.8462654
0xEEEE, 48235163, 15435, 0005, 1.97436, 4.8639658
0xEEEE, 48238288, 15436, 0006, 1.96388, 4.8579385
0xEEEE, 48241425, 15437, 0006, 1.97275, 4.8480964
0xEEEE, 48244536, 15438, 0007, 2.36762, 4.8500038
0xEEEE, 48247668, 15439, 0007, 2.36681, 4.8591592
0xEEEE, 48250788, 15440, 0007, 2.55136, 4.8542000
0xEEEE, 48253912, 15441, 0007, 2.56344, 4.8506142
0xEEEE, 48257044, 15442, 0006, 2.55377, 4.8635843
0xEEEE, 48260161, 15443, 0006, 2.36762, 4.8634318
0xEEEE, 48263276, 15444, 0005, 2.36681, 4.8519112
0xEEEE, 48266401, 15445, 0005, 2.36681, 4.8575570
0xEEEE, 48269526, 15446, 0004, 1.97275, 4.8658732
0xEEEE, 48272659, 15447, 0004, 1.97355, 4.8518349
0xEEEE, 48275777, 15448, 0003, 1.57949, 4.8543526
0xEEEE, 48278902, 15449, 0003, 1.57868, 4.8590066
0xEEEE, 48282035, 15450, 0002, 1.17897, 4.8632029
0xEEEE, 48285154, 15451, 0002, 0.81070, 4.8478676
0xEEEE, 48288298, 15452, 0001, 0.78813, 4.8558022
0xEEEE, 48291413, 15453, 0001, 0.78894, 4.8630503
0xEEEE, 48294538, 15454, 0000, 0.39407, 4.8466468
0xEEEE, 48297670, 15455, 0000, 0.39407, 4.8435187
0xEEEE, 48300789, 15456, 0000, 0.01209, 4.8631266
0xEEEE, 48303913, 15457, 0000, 0.01209, 4.8624399
0xEEEE, 48307066, 15458, 0001, 0.01209, 4.8575570
0xEEEE, 48310162, 15459, 0001, 0.01128, 4.8454261
0xEEEE, 48313287, 15460, 0002, 0.39004, 4.8603037
0xEEEE, 48316411, 15461, 0002, 0.38681, 4.8553445
0xEEEE, 48319537, 15462, 0003, 0.74462, 4.8561074
0xEEEE, 48322669, 15463, 0003, 0.78894, 4.8569467
0xEEEE, 48325795, 15464, 0004, 1.18381, 4.8596933
0xEEEE, 48328902, 15465, 0004, 1.59077, 4.8472572
0xEEEE, 48332036, 15466, 0005, 1.57868, 4.8517586
0xEEEE, 48335152, 15467, 0005, 1.58110, 4.8634318
0xEEEE, 48338277, 15468, 0006, 1.98403, 4.8558022
0xEEEE, 48341401, 15469, 0006, 1.97436, 4.8577859
0xEEEE, 48344526, 15470, 0007, 2.36762, 4.8513008
0xEEEE, 48347659, 15471, 0007, 2.36520, 4.8616007
0xEEEE, 48350777, 15472, 0007, 2.55216, 4.8546578
0xEEEE, 48353913, 15473, 0007, 2.55216, 4.8484016
0xEEEE, 48357044, 15474, 0006, 2.55458, 4.8605325
0xEEEE, 48360163, 15475, 0006, 2.55055, 4.8505379
0xEEEE, 48363288, 15476, 0005, 2.37245, 4.8529030
0xEEEE, 48366414, 15477, 0005, 2.37245, 4.8558022
0xEEEE, 48369538, 15478, 0004, 1.97275, 4.8673228
0xEEEE, 48372681, 15479, 0004, 1.97597, 4.8602274
0xEEEE, 48375787, 15480, 0003, 1.57868, 4.8543526
0xEEEE, 48378911, 15481, 0003, 1.18300, 4.8574807
0xEEEE, 48382043, 15482, 0002, 1.19509, 4.8625162
0xEEEE, 48385161, 15483, 0002, 1.18462, 4.8578622
0xEEEE, 48388286, 15484, 0001, 0.78813, 4.8599222
0xEEEE, 48391411, 15485, 0001, 0.78733, 4.8617533
0xEEEE, 48394536, 15486, 0000, 0.39004, 4.8526741
0xEEEE, 48397659, 15487, 0000, 0.39487, 4.8467231
0xEEEE, 48400777, 15488, 0000, 0.01209, 4.8638895
0xEEEE, 48403902, 15489, 0000, 0.01128, 4.8657206
0xEEEE, 48407054, 15490, 0001, 0.01209, 4.8467994
0xEEEE, 48410161, 15491, 0001, 0.01209, 4.8441291
0xEEEE, 48413276, 15492, 0002, 0.37392, 4.8588540
0xEEEE, 48416402, 15493, 0002, 0.40777, 4.8551156
0xEEEE, 48419533, 15494, 0003, 0.78813, 4.8468757
0xEEEE, 48422670, 15495, 0003, 0.78813, 4.8570993
0xEEEE, 48425788, 15496, 0004, 1.18220, 4.8619059
0xEEEE, 48428914, 15497, 0004, 1.54967, 4.8425269
0xEEEE, 48432045, 15498, 0005, 1.57868, 4.8488594
0xEEEE, 48435163, 15499, 0005, 1.58190, 4.8615244
0xEEEE, 48438289, 15500, 0006, 1.97436, 4.8574807
0xEEEE, 48441405, 15501, 0006, 1.97597, 4.8499275
0xEEEE, 48444536, 15502, 0007, 2.36681, 4.8545052
0xEEEE, 48447668, 15503, 0007, 2.36359, 4.8554208
0xEEEE, 48450787, 15504, 0007, 2.55216, 4.8535134
0xEEEE, 48453912, 15505, 0007, 2.55136, 4.8464179
0xEEEE, 48457053, 15506, 0006, 2.55780, 4.8632029
0xEEEE, 48460160, 15507, 0006, 2.55136, 4.8532845
0xEEEE, 48463276, 15508, 0005, 2.36762, 4.8540475
0xEEEE, 48466402, 15509, 0005, 2.36278, 4.8547341
0xEEEE, 48469526, 15510, 0004, 1.97516, 4.8645762
0xEEEE, 48472659, 15511, 0004, 1.59399, 4.8516060
0xEEEE, 48475777, 15512, 0003, 1.57788, 4.8490120
0xEEEE, 48478902, 15513, 0003, 1.57868, 4.8606088
0xEEEE, 48482035, 15514, 0002, 1.20557, 4.8618296
0xEEEE, 48485155, 15515, 0002, 1.18300, 4.8467994
0xEEEE, 48488287, 15516, 0001, 0.78894, 4.8528267
0xEEEE, 48491413, 15517, 0001, 0.78894, 4.8624399
0xEEEE, 48494545, 15518, 0000, 0.39487, 4.8482490
0xEEEE, 48497670, 15519, 0000, 0.01289, 4.8450446
0xEEEE, 48500789, 15520, 0000, 0.01209, 4.8604562
0xEEEE, 48503913, 15521, 0000, 0.01209, 4.8629740
0xEEEE, 48507067, 15522, 0001, 0.01128, 4.8525216
0xEEEE, 48510162, 15523, 0001, 0.01128, 4.8482490
0xEEEE, 48513286, 15524, 0002, 0.37311, 4.8581674
0xEEEE, 48516411, 15525, 0002, 0.41018, 4.8537423
0xEEEE, 48519537, 15526, 0003, 0.78813, 4.8534371
0xEEEE, 48522669, 15527, 0003, 1.18220, 4.8605325
0xEEEE, 48525786, 15528, 0004, 1.18542, 4.8619821
0xEEEE, 48528902, 15529, 0004, 1.23055, 4.8536660
0xEEEE, 48532035, 15530, 0005, 1.57949, 4.8532082
0xEEEE, 48535152, 15531, 0005, 1.58110, 4.8660258
0xEEEE, 48538276, 15532, 0006, 1.97436, 4.8570993
0xEEEE, 48541412, 15533, 0006, 1.97114, 4.8561074
0xEEEE, 48544526, 15534, 0007, 2.36681, 4.8516060
0xEEEE, 48547659, 15535, 0007, 2.55136, 4.8603799
0xEEEE, 48550777, 15536, 0007, 2.55216, 4.8472572
0xEEEE, 48553922, 15537, 0007, 2.55055, 4.8490120
0xEEEE, 48557045, 15538, 0006, 2.55136, 4.8606851
0xEEEE, 48560163, 15539, 0006, 2.55297, 4.8554208
0xEEEE, 48563289, 15540, 0005, 2.36762, 4.8412299
0xEEEE, 48566413, 15541, 0005, 2.36198, 4.8567941
0xEEEE, 48569537, 15542, 0004, 1.97275, 4.8641184
0xEEEE, 48572671, 15543, 0004, 1.58755, 4.8565652
0xEEEE, 48575786, 15544, 0003, 1.57868, 4.8437476
0xEEEE, 48578911, 15545, 0003, 1.58674, 4.8616007
0xEEEE, 48582043, 15546, 0002, 1.18300, 4.8591592
0xEEEE, 48585162, 15547, 0002, 1.18300, 4.8453498
0xEEEE, 48588287, 15548, 0001, 0.78813, 4.8629740
0xEEEE, 48591410, 15549, 0001, 0.78894, 4.8609903
0xEEEE, 48594536, 15550, 0000, 0.39487, 4.8552682
0xEEEE, 48597659, 15551, 0000, 0.01209, 4.8470283
0xEEEE, 48600788, 15552, 0000, 0.01209, 4.8625162
0xEEEE, 48603902, 15553, 0000, 0.01209, 4.8672465
0xEEEE, 48607054, 15554, 0001, 0.01209, 4.8463416
0xEEEE, 48610153, 15555, 0001, 0.01209, 4.8433661
0xEEEE, 48613276, 15556, 0002, 0.39245, 4.8604562
0xEEEE, 48616402, 15557, 0002, 0.39326, 4.8592355
0xEEEE, 48619535, 15558, 0003, 0.78813, 4.8545052
0xEEEE, 48622670, 15559, 0003, 0.78733, 4.8576333
0xEEEE, 48625792, 15560, 0004, 1.18059, 4.8587015
0xEEEE, 48628914, 15561, 0004, 1.14513, 4.8509194
0xEEEE, 48632044, 15562, 0005, 1.57707, 4.8538186
0xEEEE, 48635163, 15563, 0005, 1.57707, 4.8639658
0xEEEE, 48638297, 15564, 0006, 1.97355, 4.8565652
0xEEEE, 48641406, 15565, 0006, 2.33377, 4.8400855
0xEEEE, 48644536, 15566, 0007, 2.36681, 4.8563363
0xEEEE, 48647668, 15567, 0007, 2.36762, 4.8596933
0xEEEE, 48650787, 15568, 0007, 2.55216, 4.8596170
0xEEEE, 48653912, 15569, 0007, 2.55136, 4.8564126
0xEEEE, 48657045, 15570, 0006, 2.55136, 4.8612192
0xEEEE, 48660160, 15571, 0006, 2.54733, 4.8538949
0xEEEE, 48663276, 15572, 0005, 2.36681, 4.8485542
0xEEEE, 48666401, 15573, 0005, 1.97194, 4.8616770
0xEEEE, 48669526, 15574, 0004, 1.97436, 4.8574807
0xEEEE, 48672659, 15575, 0004, 1.97275, 4.8619821
0xEEEE, 48675777, 15576, 0003, 1.57788, 4.8458076
0xEEEE, 48678902, 15577, 0003, 1.57626, 4.8594644
0xEEEE, 48682036, 15578, 0002, 1.18300, 4.8568704
0xEEEE, 48685168, 15579, 0002, 1.18381, 4.8493935
0xEEEE, 48688289, 15580, 0001, 0.78813, 4.8619821
0xEEEE, 48691413, 15581, 0001, 0.40777, 4.8611429
0xEEEE, 48694538, 15582, 0000, 0.41582, 4.8560311
0xEEEE, 48697670, 15583, 0000, 0.39407, 4.8483253
0xEEEE, 48700789, 15584, 0000, 0.01209, 4.8629740
0xEEEE, 48703913, 15585, 0000, 0.01209, 4.8586252
0xEEEE, 48707069, 15586, 0001, 0.01128, 4.8567941
0xEEEE, 48710162, 15587, 0001, 0.01209, 4.8561837
0xEEEE, 48713286, 15588, 0002, 0.39245, 4.8616770
0xEEEE, 48716411, 15589, 0002, 0.78813, 4.8537423
0xEEEE, 48719537, 15590, 0003, 0.78813, 4.8541238
0xEEEE, 48722677, 15591, 0003, 0.78974, 4.8561074
0xEEEE, 48725786, 15592, 0004, 1.19670, 4.8579385
0xEEEE, 48728902, 15593, 0004, 1.18381, 4.8444343
0xEEEE, 48732036, 15594, 0005, 1.57868, 4.8490120
0xEEEE, 48735151, 15595, 0005, 1.57546, 4.8660258
0xEEEE, 48738276, 15596, 0006, 1.97355, 4.8593118
0xEEEE, 48741401, 15597, 0006, 2.39663, 4.8519875
0xEEEE, 48744527, 15598, 0007, 2.36681, 4.8534371
0xEEEE, 48747659, 15599, 0007, 2.36762, 4.8588540
0xEEEE, 48750780, 15600, 0007, 2.52637, 4.8464179
0xEEEE, 48753913, 15601, 0007, 2.55136, 4.8551919
0xEEEE, 48757044, 15602, 0006, 2.55136, 4.8643473
0xEEEE, 48760163, 15603, 0006, 2.54974, 4.8572519
0xEEEE, 48763289, 15604, 0005, 2.36601, 4.8494697
0xEEEE, 48766414, 15605, 0005, 2.36601, 4.8535134
0xEEEE, 48769549, 15606, 0004, 1.97436, 4.8585489
0xEEEE, 48772671, 15607, 0004, 1.97355, 4.8519112
0xEEEE, 48775786, 15608, 0003, 1.58110, 4.8469520
0xEEEE, 48778911, 15609, 0003, 1.56095, 4.8575570
0xEEEE, 48782051, 15610, 0002, 1.18220, 4.8610666
0xEEEE, 48785162, 15611, 0002, 0.78571, 4.8518349
0xEEEE, 48788287, 15612, 0001, 0.78733, 4.8593881
0xEEEE, 48791410, 15613, 0001, 0.78088, 4.8636606
0xEEEE, 48794526, 15614, 0000, 0.42711, 4.8547341
0xEEEE, 48797659, 15615, 0000, 0.39084, 4.8451972
0xEEEE, 48800777, 15616, 0000, 0.01209, 4.8620584
0xEEEE, 48803902, 15617, 0000, 0.01209, 4.8604562
0xEEEE, 48807062, 15618, 0001, 0.01209, 4.8573281
0xEEEE, 48810153, 15619, 0001, 0.39326, 4.8500038
0xEEEE, 48813278, 15620, 0002, 0.39326, 4.8595407
0xEEEE, 48816401, 15621, 0002, 0.39245, 4.8568704
0xEEEE, 48819537, 15622, 0003, 0.78894, 4.8569467
0xEEEE, 48822670, 15623, 0003, 0.79136, 4.8619821
0xEEEE, 48825788, 15624, 0004, 1.13385, 4.8609903
0xEEEE, 48828913, 15625, 0004, 1.18300, 4.8551919
0xEEEE, 48832046, 15626, 0005, 1.57868, 4.8559548
0xEEEE, 48835163, 15627, 0005, 1.97355, 4.8668650
0xEEEE, 48838288, 15628, 0006, 1.97275, 4.8548867
0xEEEE, 48841409, 15629, 0006, 1.97355, 4.8475624
0xEEEE, 48844536, 15630, 0007, 2.36681, 4.8561837
0xEEEE, 48847668, 15631, 0007, 2.36762, 4.8603799
0xEEEE, 48850787, 15632, 0007, 2.55377, 4.8531319
0xEEEE, 48853921, 15633, 0007, 2.55216, 4.8535134
0xEEEE, 48857045, 15634, 0006, 2.55136, 4.8622873
0xEEEE, 48860161, 15635, 0006, 2.36681, 4.8491646
0xEEEE, 48863276, 15636, 0005, 2.36842, 4.8502327
0xEEEE, 48866410, 15637, 0005, 2.36681, 4.8583200
0xEEEE, 48869526, 15638, 0004, 1.97758, 4.8561837
0xEEEE, 48872659, 15639, 0004, 1.97355, 4.8570230
0xEEEE, 48875778, 15640, 0003, 1.57626, 4.8449683
0xEEEE, 48878902, 15641, 0003, 1.60769, 4.8605325
0xEEEE, 48882036, 15642, 0002, 1.18300, 4.8585489
0xEEEE, 48885158, 15643, 0002, 0.79055, 4.8542000
0xEEEE, 48888288, 15644, 0001, 0.78571, 4.8558022
0xEEEE, 48891413, 15645, 0001, 0.77846, 4.8601511
0xEEEE, 48894538, 15646, 0000, 0.39245, 4.8517586
0xEEEE, 48897672, 15647, 0000, 0.39326, 4.8552682
0xEEEE, 48900789, 15648, 0000, 0.01209, 4.8647288
0xEEEE, 48903913, 15649, 0000, 0.01209, 4.8624399
0xEEEE, 48907069, 15650, 0001, 0.01209, 4.8546578
0xEEEE, 48910162, 15651, 0001, 0.38842, 4.8525216
0xEEEE, 48913296, 15652, 0002, 0.39165, 4.8542000
0xEEEE, 48916411, 15653, 0002, 0.39487, 4.8515297
0xEEEE, 48919537, 15654, 0003, 0.78974, 4.8561074
0xEEEE, 48922668, 15655, 0003, 0.79700, 4.8596933
0xEEEE, 48925786, 15656, 0004, 1.18300, 4.8614481
0xEEEE, 48928902, 15657, 0004, 1.18381, 4.8484779
0xEEEE, 48932036, 15658, 0005, 1.58029, 4.8544289
0xEEEE, 48935152, 15659, 0005, 1.57868, 4.8655680
0xEEEE, 48938288, 15660, 0006, 1.97355, 4.8513008
0xEEEE, 48941401, 15661, 0006, 1.97275, 4.8560311
0xEEEE, 48944526, 15662, 0007, 2.35795, 4.8567178
0xEEEE, 48947659, 15663, 0007, 2.36842, 4.8595407
0xEEEE, 48950790, 15664, 0007, 2.55941, 4.8462654
0xEEEE, 48953913, 15665, 0007, 2.53766, 4.8533608
0xEEEE, 48957044, 15666, 0006, 2.55055, 4.8597696
0xEEEE, 48960163, 15667, 0006, 2.55297, 4.8488594
0xEEEE, 48963289, 15668, 0005, 2.36601, 4.8464179
0xEEEE, 48966414, 15669, 0005, 2.36762, 4.8579385
0xEEEE, 48969538, 15670, 0004, 2.00337, 4.8594644
0xEEEE, 48972670, 15671, 0004, 1.97355, 4.8477150
0xEEEE, 48975786, 15672, 0003, 1.58593, 4.8532845
0xEEEE, 48978912, 15673, 0003, 1.18220, 4.8588540
0xEEEE, 48982043, 15674, 0002, 1.18300, 4.8519112
0xEEEE, 48985162, 15675, 0002, 1.18220, 4.8560311
0xEEEE, 48988287, 15676, 0001, 0.76718, 4.8570230
0xEEEE, 48991410, 15677, 0001, 0.78813, 4.8619059
0xEEEE, 48994526, 15678, 0000, 0.39245, 4.8550393
0xEEEE, 48997679, 15679, 0000, 0.39326, 4.8532845
0xEEEE, 49000778, 15680, 0000, 0.01209, 4.8625925
0xEEEE, 49003902, 15681, 0000, 0.01209, 4.8556497
0xEEEE, 49007054, 15682, 0001, 0.01209, 4.8469520
0xEEEE, 49010153, 15683, 0001, 0.01209, 4.8526741
0xEEEE, 49013276, 15684, 0002, 0.39245, 4.8654917
0xEEEE, 49016401, 15685, 0002, 0.39084, 4.8529030
0xEEEE, 49019538, 15686, 0003, 0.79377, 4.8564126
0xEEEE, 49022670, 15687, 0003, 0.77040, 4.8606851
0xEEEE, 49025788, 15688, 0004, 1.18300, 4.8574807
0xEEEE, 49028914, 15689, 0004, 1.57868, 4.8475624
0xEEEE, 49032047, 15690, 0005, 1.58755, 4.8598459
0xEEEE, 49035172, 15691, 0005, 1.57868, 4.8647288
0xEEEE, 49038287, 15692, 0006, 1.97194, 4.8511482
0xEEEE, 49041411, 15693, 0006, 1.97355, 4.8493935
0xEEEE, 49044536, 15694, 0007, 2.38212, 4.8561074
0xEEEE, 49047668, 15695, 0007, 2.36762, 4.8602274
0xEEEE, 49050787, 15696, 0007, 2.55136, 4.8475624
0xEEEE, 49053911, 15697, 0007, 2.53604, 4.8574044
0xEEEE, 49057045, 15698, 0006, 2.55216, 4.8611429
0xEEEE, 49060161, 15699, 0006, 2.55136, 4.8570230
0xEEEE, 49063278, 15700, 0005, 2.37245, 4.8513008
0xEEEE, 49066402, 15701, 0005, 2.36681, 4.8577859
0xEEEE, 49069527, 15702, 0004, 2.02190, 4.8568704
0xEEEE, 49072659, 15703, 0004, 1.97275, 4.8510719
0xEEEE, 49075777, 15704, 0003, 1.57223, 4.8517586
0xEEEE, 49078902, 15705, 0003, 1.57868, 4.8615244
0xEEEE, 49082044, 15706, 0002, 1.18220, 4.8567178
0xEEEE, 49085160, 15707, 0002, 1.16447, 4.8509957
0xEEEE, 49088287, 15708, 0001, 0.78813, 4.8625162
0xEEEE, 49091413, 15709, 0001, 0.78894, 4.8671702
0xEEEE, 49094538, 15710, 0000, 0.39165, 4.8546578
0xEEEE, 49097672, 15711, 0000, 0.01209, 4.8506142
0xEEEE, 49100789, 15712, 0000, 0.01128, 4.8628977
0xEEEE, 49103913, 15713, 0000, 0.01209, 4.8572519
0xEEEE, 49107071, 15714, 0001, 0.01289, 4.8423743
0xEEEE, 49110162, 15715, 0001, 0.01128, 4.8570230
0xEEEE, 49113286, 15716, 0002, 0.38923, 4.8638895
0xEEEE, 49116411, 15717, 0002, 0.39326, 4.8562600
0xEEEE, 49119545, 15718, 0003, 0.80022, 4.8515297
0xEEEE, 49122669, 15719, 0003, 1.18381, 4.8641947
0xEEEE, 49125787, 15720, 0004, 1.18300, 4.8583963
0xEEEE, 49128902, 15721, 0004, 1.17978, 4.8445869
0xEEEE, 49132036, 15722, 0005, 1.56095, 4.8545815
0xEEEE, 49135151, 15723, 0005, 1.57868, 4.8609903
0xEEEE, 49138276, 15724, 0006, 2.01949, 4.8569467
0xEEEE, 49141401, 15725, 0006, 1.97355, 4.8485542
0xEEEE, 49144527, 15726, 0007, 2.30073, 4.8572519
0xEEEE, 49147659, 15727, 0007, 2.55458, 4.8566415
0xEEEE, 49150782, 15728, 0007, 2.55136, 4.8470283
0xEEEE, 49153913, 15729, 0007, 2.59971, 4.8570993
0xEEEE, 49157044, 15730, 0006, 2.55136, 4.8632792
0xEEEE, 49160163, 15731, 0006, 2.55136, 4.8478676
0xEEEE, 49163289, 15732, 0005, 2.36681, 4.8475624
0xEEEE, 49166423, 15733, 0005, 2.36842, 4.8612955
0xEEEE, 49169538, 15734, 0004, 1.97355, 4.8655680
0xEEEE, 49172672, 15735, 0004, 1.57546, 4.8554208
0xEEEE, 49175786, 15736, 0003, 1.57626, 4.8515297
0xEEEE, 49178919, 15737, 0003, 1.57868, 4.8606851
0xEEEE, 49182043, 15738, 0002, 1.18059, 4.8445106
0xEEEE, 49185162, 15739, 0002, 1.16205, 4.8564889
0xEEEE, 49188287, 15740, 0001, 0.78813, 4.8613718
0xEEEE, 49191411, 15741, 0001, 0.78894, 4.8662547
0xEEEE, 49194526, 15742, 0000, 0.39245, 4.8410773
0xEEEE, 49197659, 15743, 0000, 0.01209, 4.8490883
0xEEEE, 49200777, 15744, 0000, 0.01209, 4.8641184
0xEEEE, 49203909, 15745, 0000, 0.01370, 4.8614481
0xEEEE, 49207055, 15746, 0001, 0.01209, 4.8500038
0xEEEE, 49210153, 15747, 0001, 0.01209, 4.8564889
0xEEEE, 49213276, 15748, 0002, 0.39165, 4.8624399
0xEEEE, 49216402, 15749, 0002, 0.38842, 4.8542000
0xEEEE, 49219537, 15750, 0003, 0.82037, 4.8580911
0xEEEE, 49222671, 15751, 0003, 1.18542, 4.8630503
0xEEEE, 49225799, 15752, 0004, 1.18381, 4.8584726
0xEEEE, 49228914, 15753, 0004, 1.18864, 4.8429847
0xEEEE, 49232046, 15754, 0005, 1.57788, 4.8552682
0xEEEE, 49235163, 15755, 0005, 1.57868, 4.8667887
0xEEEE, 49238276, 15756, 0006, 1.99289, 4.8545052
0xEEEE, 49241411, 15757, 0006, 1.97275, 4.8544289
0xEEEE, 49244536, 15758, 0007, 2.36762, 4.8598459
0xEEEE, 49247668, 15759, 0007, 2.37890, 4.8592355
0xEEEE, 49250797, 15760, 0007, 2.55297, 4.8524453
0xEEEE, 49253911, 15761, 0007, 2.55216, 4.8575570
0xEEEE, 49257045, 15762, 0006, 2.53121, 4.8643473
0xEEEE, 49260160, 15763, 0006, 2.55216, 4.8472572
0xEEEE, 49263285, 15764, 0005, 2.36762, 4.8454261
0xEEEE, 49266402, 15765, 0005, 1.96549, 4.8616007
0xEEEE, 49269526, 15766, 0004, 1.97275, 4.8551919
0xEEEE, 49272659, 15767, 0004, 1.96469, 4.8479438
0xEEEE, 49275778, 15768, 0003, 1.57868, 4.8592355
0xEEEE, 49278902, 15769, 0003, 1.57949, 4.8573281
0xEEEE, 49282036, 15770, 0002, 1.18381, 4.8515297
0xEEEE, 49285163, 15771, 0002, 1.18300, 4.8493935
0xEEEE, 49288288, 15772, 0001, 0.78813, 4.8646525
0xEEEE, 49291413, 15773, 0001, 0.39326, 4.8596170
0xEEEE, 49294538, 15774, 0000, 0.39165, 4.8480201
0xEEEE, 49297672, 15775, 0000, 0.39407, 4.8500038
0xEEEE, 49300788, 15776, 0000, 0.01209, 4.8611429
0xEEEE, 49303913, 15777, 0000, 0.01289, 4.8582437
0xEEEE, 49307072, 15778, 0001, 0.01209, 4.8545815
0xEEEE, 49310172, 15779, 0001, 0.01128, 4.8560311
0xEEEE, 49313287, 15780, 0002, 0.38198, 4.8578622
0xEEEE, 49316411, 15781, 0002, 0.74945, 4.8519112
0xEEEE, 49319537, 15782, 0003, 0.78894, 4.8564126
0xEEEE, 49322669, 15783, 0003, 0.78813, 4.8635080
0xEEEE, 49325786, 15784, 0004, 1.18220, 4.8600748
0xEEEE, 49328902, 15785, 0004, 1.17736, 4.8522927
0xEEEE, 49332036, 15786, 0005, 1.57788, 4.8548104
0xEEEE, 49335153, 15787, 0005, 1.57949, 4.8584726
0xEEEE, 49338276, 15788, 0006, 1.97355, 4.8573281
0xEEEE, 49341401, 15789, 0006, 2.36440, 4.8487068
0xEEEE, 49344527, 15790, 0007, 2.36601, 4.8567941
0xEEEE, 49347668, 15791, 0007, 2.36923, 4.8475624
0xEEEE, 49350784, 15792, 0007, 2.55055, 4.8504616
0xEEEE, 49353913, 15793, 0007, 2.55216, 4.8609140
0xEEEE, 49357044, 15794, 0006, 2.52315, 4.8664836
0xEEEE, 49360163, 15795, 0006, 2.55055, 4.8557259
0xEEEE, 49363288, 15796, 0005, 2.36681, 4.8479438
0xEEEE, 49366413, 15797, 0005, 1.98403, 4.8645762
0xEEEE, 49369538, 15798, 0004, 1.97355, 4.8619059
0xEEEE, 49372674, 15799, 0004, 1.97114, 4.8406958
0xEEEE, 49375788, 15800, 0003, 1.57868, 4.8518349
0xEEEE, 49378911, 15801, 0003, 1.57949, 4.8534371
0xEEEE, 49382043, 15802, 0002, 1.18542, 4.8496223
0xEEEE, 49385162, 15803, 0002, 1.18139, 4.8525216
0xEEEE, 49388286, 15804, 0001, 0.78974, 4.8627451
0xEEEE, 49391411, 15805, 0001, 0.78571, 4.8546578
0xEEEE, 49394546, 15806, 0000, 0.38681, 4.8475624
0xEEEE, 49397659, 15807, 0000, 0.40293, 4.8535897
0xEEEE, 49400777, 15808, 0000, 0.01209, 4.8602274
0xEEEE, 49403902, 15809, 0000, 0.01451, 4.8529030
0xEEEE, 49407062, 15810, 0001, 0.01209, 4.8538186
0xEEEE, 49410153, 15811, 0001, 0.01209, 4.8580148
0xEEEE, 49413276, 15812, 0002, 0.41905, 4.8574807
0xEEEE, 49416403, 15813, 0002, 0.39326, 4.8428321
0xEEEE, 49419538, 15814, 0003, 0.78974, 4.8559548
0xEEEE, 49422670, 15815, 0003, 0.78894, 4.8623636
0xEEEE, 49425788, 15816, 0004, 1.17897, 4.8481727
0xEEEE, 49428914, 15817, 0004, 1.19993, 4.8461128
0xEEEE, 49432053, 15818, 0005, 1.57949, 4.8576333
0xEEEE, 49435163, 15819, 0005, 1.97114, 4.8594644
0xEEEE, 49438278, 15820, 0006, 1.97275, 4.8554208
0xEEEE, 49441411, 15821, 0006, 1.95985, 4.8516823
0xEEEE, 49444536, 15822, 0007, 2.36681, 4.8552682
0xEEEE, 49447668, 15823, 0007, 2.40227, 4.8581674
0xEEEE, 49450787, 15824, 0007, 2.55700, 4.8526741
0xEEEE, 49453912, 15825, 0007, 2.55297, 4.8624399
0xEEEE, 49457045, 15826, 0006, 2.55136, 4.8629740
0xEEEE, 49460152, 15827, 0006, 2.37890, 4.8494697
0xEEEE, 49463277, 15828, 0005, 2.36681, 4.8438239
0xEEEE, 49466402, 15829, 0005, 2.36762, 4.8625925
0xEEEE, 49469526, 15830, 0004, 1.97355, 4.8573281
0xEEEE, 49472659, 15831, 0004, 1.95905, 4.8548867
0xEEEE, 49475777, 15832, 0003, 1.57949, 4.8571756
0xEEEE, 49478913, 15833, 0003, 1.57062, 4.8513771
0xEEEE, 49482036, 15834, 0002, 1.18300, 4.8540475
0xEEEE, 49485163, 15835, 0002, 0.78894, 4.8527504
0xEEEE, 49488288, 15836, 0001, 0.78974, 4.8628214
0xEEEE, 49491421, 15837, 0001, 0.79216, 4.8580148
0xEEEE, 49494539, 15838, 0000, 0.41099, 4.8451209
0xEEEE, 49497672, 15839, 0000, 0.36989, 4.8589303
0xEEEE, 49500790, 15840, 0000, 0.01209, 4.8591592
0xEEEE, 49503913, 15841, 0000, 0.01451, 4.8516060
0xEEEE, 49507074, 15842, 0001, 0.01209, 4.8578622
0xEEEE, 49510162, 15843, 0001, 0.39326, 4.8628977
0xEEEE, 49513286, 15844, 0002, 0.39326, 4.8558022
0xEEEE, 49516418, 15845, 0002, 0.39407, 4.8531319
0xEEEE, 49519536, 15846, 0003, 0.78813, 4.8622873
0xEEEE, 49522669, 15847, 0003, 0.78974, 4.8653391
0xEEEE, 49525786, 15848, 0004, 1.19590, 4.8473335
0xEEEE, 49528902, 15849, 0004, 1.19832, 4.8451972
0xEEEE, 49532036, 15850, 0005, 1.57868, 4.8610666
0xEEEE, 49535151, 15851, 0005, 1.97678, 4.8635080
0xEEEE, 49538276, 15852, 0006, 1.97275, 4.8602274
0xEEEE, 49541401, 15853, 0006, 1.99692, 4.8519875
0xEEEE, 49544527, 15854, 0007, 2.36520, 4.8558785
0xEEEE, 49547659, 15855, 0007, 2.41275, 4.8536660
0xEEEE, 49550786, 15856, 0007, 2.54330, 4.8528267
0xEEEE, 49553913, 15857, 0007, 2.55136, 4.8613718
0xEEEE, 49557044, 15858, 0006, 2.55136, 4.8628214
0xEEEE, 49560163, 15859, 0006, 2.56989, 4.8489357
0xEEEE, 49563298, 15860, 0005, 2.36762, 4.8495460
0xEEEE, 49566413, 15861, 0005, 2.37407, 4.8606088
0xEEEE, 49569538, 15862, 0004, 1.97678, 4.8493935
0xEEEE, 49572675, 15863, 0004, 2.00015, 4.8434424
0xEEEE, 49575795, 15864, 0003, 1.57868, 4.8579385
0xEEEE, 49578911, 15865, 0003, 1.16850, 4.8584726
0xEEEE, 49582043, 15866, 0002, 1.18220, 4.8525978
0xEEEE, 49585161, 15867, 0002, 1.18381, 4.8581674
0xEEEE, 49588286, 15868, 0001, 0.79055, 4.8651865
0xEEEE, 49591411, 15869, 0001, 0.80505, 4.8535897
0xEEEE, 49594526, 15870, 0000, 0.41905, 4.8524453
0xEEEE, 49597659, 15871, 0000, 0.39648, 4.8537423
0xEEEE, 49600776, 15872, 0000, 0.01209, 4.8558022
0xEEEE, 49603902, 15873, 0000, 0.01209, 4.8503090
0xEEEE, 49607054, 15874, 0001, 0.01128, 4.8558022
0xEEEE, 49610153, 15875, 0001, 0.01209, 4.8608377
0xEEEE, 49613276, 15876, 0002, 0.39245, 4.8520638
0xEEEE, 49616405, 15877, 0002, 0.39326, 4.8437476
0xEEEE, 49619538, 15878, 0003, 0.78733, 4.8563363
0xEEEE, 49622681, 15879, 0003, 0.79055, 4.8629740
0xEEEE, 49625790, 15880, 0004, 1.17897, 4.8500801
0xEEEE, 49628914, 15881, 0004, 1.57868, 4.8538186
0xEEEE, 49632046, 15882, 0005, 1.57707, 4.8602274
0xEEEE, 49635163, 15883, 0005, 1.62784, 4.8652628
0xEEEE, 49638278, 15884, 0006, 1.97436, 4.8576333
0xEEEE, 49641411, 15885, 0006, 1.93729, 4.8582437
0xEEEE, 49644536, 15886, 0007, 2.36359, 4.8582437
0xEEEE, 49647678, 15887, 0007, 2.36601, 4.8475624
0xEEEE, 49650787, 15888, 0007, 2.53766, 4.8474861
0xEEEE, 49653912, 15889, 0007, 2.55619, 4.8654154
0xEEEE, 49657044, 15890, 0006, 2.55136, 4.8623636
0xEEEE, 49660169, 15891, 0006, 2.56828, 4.8484779
0xEEEE, 49663276, 15892, 0005, 2.37165, 4.8513771
0xEEEE, 49666401, 15893, 0005, 2.36681, 4.8605325
0xEEEE, 49669526, 15894, 0004, 1.98161, 4.8560311
0xEEEE, 49672659, 15895, 0004, 1.97436, 4.8516823
0xEEEE, 49675777, 15896, 0003, 1.58110, 4.8574807
0xEEEE, 49678902, 15897, 0003, 1.18462, 4.8517586
0xEEEE, 49682036, 15898, 0002, 1.18381, 4.8553445
0xEEEE, 49685163, 15899, 0002, 1.17978, 4.8612192
0xEEEE, 49688289, 15900, 0001, 0.76960, 4.8615244
0xEEEE, 49691413, 15901, 0001, 0.82117, 4.8609140
0xEEEE, 49694539, 15902, 0000, 0.39245, 4.8577096
0xEEEE, 49697672, 15903, 0000, 0.39165, 4.8585489
0xEEEE, 49700788, 15904, 0000, 0.01209, 4.8596933
0xEEEE, 49703902, 15905, 0000, 0.01128, 4.8526741
0xEEEE, 49707085, 15906, 0001, 0.01209, 4.8563363
0xEEEE, 49710162, 15907, 0001, 0.01209, 4.8609903
0xEEEE, 49713286, 15908, 0002, 0.39326, 4.8542000
0xEEEE, 49716412, 15909, 0002, 0.39245, 4.8519112
0xEEEE, 49719536, 15910, 0003, 0.78491, 4.8597696
0xEEEE, 49722669, 15911, 0003, 1.16205, 4.8614481
0xEEEE, 49725786, 15912, 0004, 1.19590, 4.8508431
0xEEEE, 49728902, 15913, 0004, 1.18381, 4.8413062
0xEEEE, 49732036, 15914, 0005, 1.57626, 4.8564126
0xEEEE, 49735152, 15915, 0005, 1.57868, 4.8644236
0xEEEE, 49738276, 15916, 0006, 1.96952, 4.8484016
0xEEEE, 49741402, 15917, 0006, 1.90989, 4.8558785
0xEEEE, 49744536, 15918, 0007, 2.36117, 4.8603037
0xEEEE, 49747660, 15919, 0007, 2.54974, 4.8548104
0xEEEE, 49750788, 15920, 0007, 2.58762, 4.8525216
0xEEEE, 49753913, 15921, 0007, 2.54974, 4.8640421
0xEEEE, 49757044, 15922, 0006, 2.55216, 4.8548867
0xEEEE, 49760163, 15923, 0006, 2.57311, 4.8513771
0xEEEE, 49763288, 15924, 0005, 2.36520, 4.8546578
0xEEEE, 49766413, 15925, 0005, 2.36762, 4.8544289
0xEEEE, 49769538, 15926, 0004, 1.96872, 4.8580148
0xEEEE, 49772677, 15927, 0004, 1.57949, 4.8467994
0xEEEE, 49775786, 15928, 0003, 1.57465, 4.8577859
0xEEEE, 49778911, 15929, 0003, 1.57949, 4.8520638
0xEEEE, 49782043, 15930, 0002, 1.18462, 4.8480964
0xEEEE, 49785162, 15931, 0002, 1.18784, 4.8583963
0xEEEE, 49788286, 15932, 0001, 0.77443, 4.8620584
0xEEEE, 49791422, 15933, 0001, 0.78894, 4.8533608
0xEEEE, 49794526, 15934, 0000, 0.39165, 4.8458076
0xEEEE, 49797659, 15935, 0000, 0.01128, 4.8596933
0xEEEE, 49800777, 15936, 0000, 0.01209, 4.8594644
0xEEEE, 49803902, 15937, 0000, 0.01209, 4.8513008
0xEEEE, 49807054, 15938, 0001, 0.01128, 4.8557259
0xEEEE, 49810153, 15939, 0001, 0.01209, 4.8604562
0xEEEE, 49813278, 15940, 0002, 0.39245, 4.8497749
0xEEEE, 49816407, 15941, 0002, 0.39165, 4.8529793
0xEEEE, 49819538, 15942, 0003, 0.78894, 4.8583963
0xEEEE, 49822670, 15943, 0003, 1.19832, 4.8665599
0xEEEE, 49825789, 15944, 0004, 1.18300, 4.8567941
0xEEEE, 49828921, 15945, 0004, 1.18462, 4.8564889
0xEEEE, 49832046, 15946, 0005, 1.56256, 4.8594644
0xEEEE, 49835163, 15947, 0005, 1.57707, 4.8548104
0xEEEE, 49838280, 15948, 0006, 1.96711, 4.8596170
0xEEEE, 49841411, 15949, 0006, 1.97275, 4.8587778
0xEEEE, 49844536, 15950, 0007, 2.37004, 4.8570230
0xEEEE, 49847668, 15951, 0007, 2.55136, 4.8439765
0xEEEE, 49850787, 15952, 0007, 2.53927, 4.8490120
0xEEEE, 49853912, 15953, 0007, 2.54491, 4.8677806
0xEEEE, 49857045, 15954, 0006, 2.54894, 4.8566415
0xEEEE, 49860151, 15955, 0006, 2.55136, 4.8451972
0xEEEE, 49863276, 15956, 0005, 2.35634, 4.8567941
0xEEEE, 49866401, 15957, 0005, 2.36842, 4.8631266
0xEEEE, 49869526, 15958, 0004, 1.96147, 4.8568704
0xEEEE, 49872659, 15959, 0004, 1.97436, 4.8536660
0xEEEE, 49875789, 15960, 0003, 1.58674, 4.8619059
0xEEEE, 49878902, 15961, 0003, 1.57949, 4.8551156
0xEEEE, 49882036, 15962, 0002, 1.18300, 4.8549630
0xEEEE, 49885163, 15963, 0002, 1.17817, 4.8616770
0xEEEE, 49888296, 15964, 0001, 0.78733, 4.8659495
0xEEEE, 49891413, 15965, 0001, 0.39245, 4.8580148
0xEEEE, 49894539, 15966, 0000, 0.39326, 4.8455787
0xEEEE, 49897671, 15967, 0000, 0.39165, 4.8608377
0xEEEE, 49900788, 15968, 0000, 0.01209, 4.8566415
0xEEEE, 49903901, 15969, 0000, 0.01209, 4.8438239
0xEEEE, 49907075, 15970, 0001, 0.01209, 4.8569467
0xEEEE, 49910162, 15971, 0001, 0.01209, 4.8537423
0xEEEE, 49913292, 15972, 0002, 0.39165, 4.8493172
0xEEEE, 49916412, 15973, 0002, 0.78410, 4.8529793
0xEEEE, 49919536, 15974, 0003, 0.80022, 4.8608377
0xEEEE, 49922668, 15975, 0003, 0.78249, 4.8562600
0xEEEE, 49925777, 15976, 0004, 1.18220, 4.8500801
0xEEEE, 49928901, 15977, 0004, 1.18462, 4.8535897
0xEEEE, 49932036, 15978, 0005, 1.60689, 4.8584726
0xEEEE, 49935151, 15979, 0005, 1.57949, 4.8551156
0xEEEE, 49938278, 15980, 0006, 1.97919, 4.8567941
0xEEEE, 49941401, 15981, 0006, 2.36601, 4.8616770
0xEEEE, 49944527, 15982, 0007, 2.35392, 4.8593881
0xEEEE, 49947660, 15983, 0007, 2.36923, 4.8495460
0xEEEE, 49950788, 15984, 0007, 2.48608, 4.8520638
0xEEEE, 49953913, 15985, 0007, 2.56264, 4.8627451
0xEEEE, 49957044, 15986, 0006, 2.55055, 4.8487068
0xEEEE, 49960171, 15987, 0006, 2.55136, 4.8477150
0xEEEE, 49963289, 15988, 0005, 2.34747, 4.8564889
0xEEEE, 49966413, 15989, 0005, 1.97436, 4.8630503
0xEEEE, 49969538, 15990, 0004, 1.96469, 4.8497749
0xEEEE, 49972688, 15991, 0004, 1.97275, 4.8572519
0xEEEE, 49975786, 15992, 0003, 1.57707, 4.8619059
0xEEEE, 49978911, 15993, 0003, 1.57868, 4.8466468
0xEEEE, 49982043, 15994, 0002, 1.18381, 4.8507668
0xEEEE, 49985162, 15995, 0002, 1.19993, 4.8608377
0xEEEE, 49988285, 15996, 0001, 0.78813, 4.8679332
0xEEEE, 49991411, 15997, 0001, 0.39245, 4.8485542
0xEEEE, 49994526, 15998, 0000, 0.39245, 4.8524453
0xEEEE, 49997659, 15999, 0000, 0.39407, 4.8572519
0xEEEE, 50000778, 16000, 0000, 0.01128, 4.8539712
0xEEEE, 50003902, 16001, 0000, 0.01209, 4.8517586
0xEEEE, 50007054, 16002, 0001, 0.01209, 4.8609903
0xEEEE, 50010153, 16003, 0001, 0.01370, 4.8558022
0xEEEE, 50013276, 16004, 0002, 0.39487, 4.8532082
0xEEEE, 50016409, 16005, 0002, 0.77363, 4.8490120
0xEEEE, 50019548, 16006, 0003, 0.79216, 4.8641947
0xEEEE, 50022670, 16007, 0003, 0.74381, 4.8624399
0xEEEE, 50025789, 16008, 0004, 1.18300, 4.8574807
0xEEEE, 50028914, 16009, 0004, 1.18220, 4.8530556
0xEEEE, 50032047, 16010, 0005, 1.57062, 4.8593118
0xEEEE, 50035163, 16011, 0005, 1.57868, 4.8589303
0xEEEE, 50038281, 16012, 0006, 1.96388, 4.8585489
0xEEEE, 50041411, 16013, 0006, 1.97436, 4.8622110
0xEEEE, 50044536, 16014, 0007, 2.37004, 4.8558785
0xEEEE, 50047668, 16015, 0007, 2.36601, 4.8496223
0xEEEE, 50050787, 16016, 0007, 2.55055, 4.8575570
0xEEEE, 50053911, 16017, 0007, 2.54330, 4.8662547
0xEEEE, 50057051, 16018, 0006, 2.55297, 4.8570230
0xEEEE, 50060151, 16019, 0006, 2.36681, 4.8539712
0xEEEE, 50063278, 16020, 0005, 2.37648, 4.8580148
0xEEEE, 50066401, 16021, 0005, 2.36520, 4.8566415
0xEEEE, 50069526, 16022, 0004, 1.96791, 4.8471809
0xEEEE, 50072659, 16023, 0004, 1.97436, 4.8559548
0xEEEE, 50075777, 16024, 0003, 1.55853, 4.8575570
0xEEEE, 50078902, 16025, 0003, 1.57949, 4.8487831
0xEEEE, 50082037, 16026, 0002, 1.18059, 4.8422217
0xEEEE, 50085163, 16027, 0002, 0.81473, 4.8603799
0xEEEE, 50088287, 16028, 0001, 0.78813, 4.8675517
0xEEEE, 50091413, 16029, 0001, 0.78894, 4.8413062
0xEEEE, 50094539, 16030, 0000, 0.39326, 4.8531319
0xEEEE, 50097671, 16031, 0000, 0.39407, 4.8591592
0xEEEE, 50100788, 16032, 0000, 0.01209, 4.8525216
0xEEEE, 50103926, 16033, 0000, 0.01209, 4.8542763
0xEEEE, 50107075, 16034, 0001, 0.01209, 4.8583963
0xEEEE, 50110162, 16035, 0001, 0.39487, 4.8605325
0xEEEE, 50113286, 16036, 0002, 0.39084, 4.8574044
0xEEEE, 50116412, 16037, 0002, 0.39245, 4.8498512
0xEEEE, 50119537, 16038, 0003, 0.76234, 4.8651102
0xEEEE, 50122669, 16039, 0003, 0.82520, 4.8507668
0xEEEE, 50125778, 16040, 0004, 1.18300, 4.8600748
0xEEEE, 50128902, 16041, 0004, 1.18220, 4.8548867
0xEEEE, 50132036, 16042, 0005, 1.58593, 4.8575570
0xEEEE, 50135152, 16043, 0005, 1.97355, 4.8540475
0xEEEE, 50138277, 16044, 0006, 1.97275, 4.8558022
0xEEEE, 50141410, 16045, 0006, 1.97275, 4.8635080
0xEEEE, 50144526, 16046, 0007, 2.36762, 4.8480964
0xEEEE, 50147659, 16047, 0007, 2.36762, 4.8514534
0xEEEE, 50150788, 16048, 0007, 2.55297, 4.8558785
0xEEEE, 50153913, 16049, 0007, 2.55055, 4.8650340
0xEEEE, 50157044, 16050, 0006, 2.55377, 4.8580911
0xEEEE, 50160164, 16051, 0006, 2.36762, 4.8460365
0xEEEE, 50163289, 16052, 0005, 2.37326, 4.8577859
0xEEEE, 50166413, 16053, 0005, 2.36842, 4.8548104
0xEEEE, 50169526, 16054, 0004, 1.97275, 4.8494697
0xEEEE, 50172679, 16055, 0004, 1.97436, 4.8609140
0xEEEE, 50175786, 16056, 0003, 1.54242, 4.8570230
0xEEEE, 50178912, 16057, 0003, 1.57788, 4.8517586
0xEEEE, 50182042, 16058, 0002, 1.18220, 4.8456550
0xEEEE, 50185161, 16059, 0002, 1.16527, 4.8670176
0xEEEE, 50188298, 16060, 0001, 0.78894, 4.8542763
0xEEEE, 50191411, 16061, 0001, 0.78813, 4.8474861
0xEEEE, 50194527, 16062, 0000, 0.39245, 4.8548104
0xEEEE, 50197659, 16063, 0000, 0.39245, 4.8582437
0xEEEE, 50200777, 16064, 0000, 0.01209, 4.8561837
0xEEEE, 50203902, 16065, 0000, 0.01209, 4.8523690
0xEEEE, 50207054, 16066, 0001, 0.01370, 4.8631266
0xEEEE, 50210153, 16067, 0001, 0.01128, 4.8529030
0xEEEE, 50213276, 16068, 0002, 0.39084, 4.8419165
0xEEEE, 50216411, 16069, 0002, 0.39648, 4.8587778
0xEEEE, 50219538, 16070, 0003, 0.76476, 4.8628977
0xEEEE, 50222670, 16071, 0003, 0.78813, 4.8503090
0xEEEE, 50225796, 16072, 0004, 1.18300, 4.8451972
0xEEEE, 50228914, 16073, 0004, 1.57465, 4.8564126
0xEEEE, 50232046, 16074, 0005, 1.61333, 4.8488594
0xEEEE, 50235163, 16075, 0005, 1.57868, 4.8596933
0xEEEE, 50238283, 16076, 0006, 1.97839, 4.8548867
0xEEEE, 50241411, 16077, 0006, 1.97355, 4.8646525
0xEEEE, 50244536, 16078, 0007, 2.36681, 4.8598459
0xEEEE, 50247679, 16079, 0007, 2.36762, 4.8504616
0xEEEE, 50250787, 16080, 0007, 2.54974, 4.8581674
0xEEEE, 50253911, 16081, 0007, 2.55216, 4.8558785
0xEEEE, 50257045, 16082, 0006, 2.55055, 4.8507668
0xEEEE, 50260151, 16083, 0006, 2.55216, 4.8462654
0xEEEE, 50263276, 16084, 0005, 2.36359, 4.8564889
0xEEEE, 50266401, 16085, 0005, 2.36842, 4.8618296
0xEEEE, 50269526, 16086, 0004, 1.97355, 4.8583200
0xEEEE, 50272670, 16087, 0004, 1.97436, 4.8624399
0xEEEE, 50275777, 16088, 0003, 1.62542, 4.8649577
0xEEEE, 50278902, 16089, 0003, 1.18381, 4.8505379
0xEEEE, 50282039, 16090, 0002, 1.18139, 4.8519875
0xEEEE, 50285172, 16091, 0002, 1.21685, 4.8641947
0xEEEE, 50288288, 16092, 0001, 0.78813, 4.8579385
0xEEEE, 50291413, 16093, 0001, 0.78894, 4.8569467
0xEEEE, 50294539, 16094, 0000, 0.39326, 4.8577859
0xEEEE, 50297671, 16095, 0000, 0.39165, 4.8624399
0xEEEE, 50300789, 16096, 0000, 0.01209, 4.8522927
0xEEEE, 50303904, 16097, 0000, 0.01209, 4.8567178
0xEEEE, 50307074, 16098, 0001, 0.01128, 4.8613718
0xEEEE, 50310162, 16099, 0001, 0.01128, 4.8545815
0xEEEE, 50313287, 16100, 0002, 0.39245, 4.8481727
0xEEEE, 50316412, 16101, 0002, 0.39165, 4.8600748
0xEEEE, 50319537, 16102, 0003, 0.79861, 4.8653391
0xEEEE, 50322669, 16103, 0003, 0.78894, 4.8668650
0xEEEE, 50325777, 16104, 0004, 1.18381, 4.8480201
0xEEEE, 50328902, 16105, 0004, 1.57788, 4.8600748
0xEEEE, 50332046, 16106, 0005, 1.57949, 4.8498512
0xEEEE, 50335151, 16107, 0005, 1.57788, 4.8540475
0xEEEE, 50338276, 16108, 0006, 1.97275, 4.8602274
0xEEEE, 50341401, 16109, 0006, 1.97275, 4.8580911
0xEEEE, 50344526, 16110, 0007, 2.36762, 4.8551919
0xEEEE, 50347661, 16111, 0007, 2.36601, 4.8482490
0xEEEE, 50350788, 16112, 0007, 2.55055, 4.8619059
0xEEEE, 50353913, 16113, 0007, 2.55136, 4.8592355
0xEEEE, 50357051, 16114, 0006, 2.55055, 4.8448920
0xEEEE, 50360164, 16115, 0006, 2.55216, 4.8500038
0xEEEE, 50363289, 16116, 0005, 2.36681, 4.8577859
0xEEEE, 50366413, 16117, 0005, 2.36520, 4.8615244
0xEEEE, 50369547, 16118, 0004, 1.97275, 4.8529030
0xEEEE, 50372680, 16119, 0004, 1.57949, 4.8601511
0xEEEE, 50375787, 16120, 0003, 1.61736, 4.8583200
0xEEEE, 50378911, 16121, 0003, 1.57788, 4.8467994
0xEEEE, 50382043, 16122, 0002, 1.18059, 4.8529793
0xEEEE, 50385162, 16123, 0002, 1.16850, 4.8619059
0xEEEE, 50388285, 16124, 0001, 0.78974, 4.8564889
0xEEEE, 50391402, 16125, 0001, 0.78894, 4.8538186
0xEEEE, 50394527, 16126, 0000, 0.39245, 4.8567941
0xEEEE, 50397659, 16127, 0000, 0.01209, 4.8566415
0xEEEE, 50400777, 16128, 0000, 0.01209, 4.8533608
0xEEEE, 50403901, 16129, 0000, 0.01209, 4.8568704
0xEEEE, 50407054, 16130, 0001, 0.01209, 4.8672465
0xEEEE, 50410153, 16131, 0001, 0.01289, 4.8556497
0xEEEE, 50413277, 16132, 0002, 0.39648, 4.8461128
0xEEEE, 50416424, 16133, 0002, 0.38923, 4.8525978
0xEEEE, 50419538, 16134, 0003, 0.83487, 4.8655680
0xEEEE, 50422670, 16135, 0003, 1.18300, 4.8583200
0xEEEE, 50425789, 16136, 0004, 1.18381, 4.8519875
0xEEEE, 50428914, 16137, 0004, 1.18462, 4.8590829
0xEEEE, 50432047, 16138, 0005, 1.57949, 4.8496223
0xEEEE, 50435163, 16139, 0005, 1.57707, 4.8460365
0xEEEE, 50438286, 16140, 0006, 1.97275, 4.8618296
0xEEEE, 50441411, 16141, 0006, 1.97275, 4.8580911
0xEEEE, 50444536, 16142, 0007, 2.36681, 4.8515297
0xEEEE, 50447668, 16143, 0007, 2.53443, 4.8439002
0xEEEE, 50450787, 16144, 0007, 2.55216, 4.8608377
0xEEEE, 50453921, 16145, 0007, 2.55055, 4.8500801
0xEEEE, 50457045, 16146, 0006, 2.52234, 4.8490120
0xEEEE, 50460152, 16147, 0006, 2.55136, 4.8570230
0xEEEE, 50463276, 16148, 0005, 2.36842, 4.8564126
0xEEEE, 50466402, 16149, 0005, 2.36762, 4.8558785
0xEEEE, 50469526, 16150, 0004, 1.97436, 4.8541238
0xEEEE, 50472659, 16151, 0004, 1.58674, 4.8651102
0xEEEE, 50475777, 16152, 0003, 1.57788, 4.8610666
0xEEEE, 50478902, 16153, 0003, 1.58110, 4.8480964
0xEEEE, 50482041, 16154, 0002, 1.20718, 4.8563363
0xEEEE, 50485163, 16155, 0002, 1.18300, 4.8608377
0xEEEE, 50488287, 16156, 0001, 0.78974, 4.8599985
0xEEEE, 50491413, 16157, 0001, 0.78652, 4.8525216
0xEEEE, 50494539, 16158, 0000, 0.39407, 4.8560311
0xEEEE, 50497670, 16159, 0000, 0.39084, 4.8503090
0xEEEE, 50500799, 16160, 0000, 0.01209, 4.8518349
0xEEEE, 50503906, 16161, 0000, 0.01451, 4.8546578
0xEEEE, 50507074, 16162, 0001, 0.01209, 4.8643473
0xEEEE, 50510162, 16163, 0001, 0.01209, 4.8568704
0xEEEE, 50513286, 16164, 0002, 0.38762, 4.8567178
0xEEEE, 50516412, 16165, 0002, 0.75993, 4.8593118
0xEEEE, 50519536, 16166, 0003, 0.78813, 4.8586252
0xEEEE, 50522668, 16167, 0003, 0.78813, 4.8507668
0xEEEE, 50525777, 16168, 0004, 1.18381, 4.8556497
0xEEEE, 50528902, 16169, 0004, 1.19509, 4.8589303
0xEEEE, 50532036, 16170, 0005, 1.57788, 4.8505379
0xEEEE, 50535151, 16171, 0005, 1.57788, 4.8476387
0xEEEE, 50538285, 16172, 0006, 1.97275, 4.8603037
0xEEEE, 50541401, 16173, 0006, 2.36037, 4.8631266
0xEEEE, 50544526, 16174, 0007, 2.36762, 4.8472572
0xEEEE, 50547663, 16175, 0007, 2.34747, 4.8460365
0xEEEE, 50550788, 16176, 0007, 2.55136, 4.8616770
0xEEEE, 50553913, 16177, 0007, 2.55216, 4.8590829
0xEEEE, 50557045, 16178, 0006, 2.57311, 4.8464179
0xEEEE, 50560164, 16179, 0006, 2.55136, 4.8553445
0xEEEE, 50563289, 16180, 0005, 2.36681, 4.8593881
0xEEEE, 50566413, 16181, 0005, 1.97758, 4.8493172
0xEEEE, 50569526, 16182, 0004, 1.97436, 4.8528267
0xEEEE, 50572679, 16183, 0004, 1.96630, 4.8661784
0xEEEE, 50575786, 16184, 0003, 1.57788, 4.8509957
0xEEEE, 50578912, 16185, 0003, 1.57788, 4.8472572
0xEEEE, 50582043, 16186, 0002, 1.23377, 4.8559548
0xEEEE, 50585172, 16187, 0002, 1.18220, 4.8590829
0xEEEE, 50588286, 16188, 0001, 0.78733, 4.8485542
0xEEEE, 50591401, 16189, 0001, 0.39407, 4.8500038
0xEEEE, 50594526, 16190, 0000, 0.39487, 4.8611429
0xEEEE, 50597668, 16191, 0000, 0.38440, 4.8503853
0xEEEE, 50600777, 16192, 0000, 0.01209, 4.8534371
0xEEEE, 50603902, 16193, 0000, 0.01370, 4.8563363
0xEEEE, 50607054, 16194, 0001, 0.01209, 4.8640421
0xEEEE, 50610153, 16195, 0001, 0.01209, 4.8549630
0xEEEE, 50613277, 16196, 0002, 0.36989, 4.8503853
0xEEEE, 50616413, 16197, 0002, 0.83648, 4.8577859
0xEEEE, 50619538, 16198, 0003, 0.78974, 4.8632029
0xEEEE, 50622674, 16199, 0003, 0.78813, 4.8577096
0xEEEE, 50625789, 16200, 0004, 1.18462, 4.8574044
0xEEEE, 50628913, 16201, 0004, 1.19509, 4.8577096
0xEEEE, 50632047, 16202, 0005, 1.57949, 4.8502327
0xEEEE, 50635163, 16203, 0005, 1.57788, 4.8525978
0xEEEE, 50638286, 16204, 0006, 1.97355, 4.8632792
0xEEEE, 50641411, 16205, 0006, 2.35956, 4.8578622
0xEEEE, 50644547, 16206, 0007, 2.36681, 4.8430610
0xEEEE, 50647669, 16207, 0007, 2.36037, 4.8480201
0xEEEE, 50650787, 16208, 0007, 2.55136, 4.8653391
0xEEEE, 50653911, 16209, 0007, 2.55136, 4.8537423
0xEEEE, 50657045, 16210, 0006, 2.53604, 4.8538186
0xEEEE, 50660152, 16211, 0006, 2.55136, 4.8593118
0xEEEE, 50663276, 16212, 0005, 2.36681, 4.8625925
0xEEEE, 50666401, 16213, 0005, 2.34747, 4.8457313
0xEEEE, 50669537, 16214, 0004, 1.97355, 4.8543526
0xEEEE, 50672660, 16215, 0004, 1.99048, 4.8632029
0xEEEE, 50675777, 16216, 0003, 1.57788, 4.8547341
0xEEEE, 50678902, 16217, 0003, 1.57707, 4.8490120
0xEEEE, 50682050, 16218, 0002, 1.22168, 4.8519112
0xEEEE, 50685163, 16219, 0002, 0.78813, 4.8606851
0xEEEE, 50688288, 16220, 0001, 0.78813, 4.8580911
0xEEEE, 50691413, 16221, 0001, 0.79136, 4.8548867
0xEEEE, 50694539, 16222, 0000, 0.38681, 4.8580148
0xEEEE, 50697672, 16223, 0000, 0.38440, 4.8581674
0xEEEE, 50700788, 16224, 0000, 0.01209, 4.8599985
0xEEEE, 50703907, 16225, 0000, 0.01128, 4.8523690
0xEEEE, 50707073, 16226, 0001, 0.01209, 4.8599985
0xEEEE, 50710162, 16227, 0001, 0.41179, 4.8535897
0xEEEE, 50713286, 16228, 0002, 0.42711, 4.8521401
0xEEEE, 50716411, 16229, 0002, 0.39165, 4.8584726
0xEEEE, 50719536, 16230, 0003, 0.78894, 4.8591592
0xEEEE, 50722668, 16231, 0003, 0.78813, 4.8611429
0xEEEE, 50725777, 16232, 0004, 1.18381, 4.8556497
0xEEEE, 50728912, 16233, 0004, 1.17736, 4.8598459
0xEEEE, 50732036, 16234, 0005, 1.57868, 4.8514534
0xEEEE, 50735151, 16235, 0005, 1.96388, 4.8594644
0xEEEE, 50738276, 16236, 0006, 1.97355, 4.8612955
0xEEEE, 50741401, 16237, 0006, 1.97839, 4.8597696
0xEEEE, 50744526, 16238, 0007, 2.36681, 4.8496986
0xEEEE, 50747664, 16239, 0007, 2.37084, 4.8565652
0xEEEE, 50750789, 16240, 0007, 2.55619, 4.8618296
0xEEEE, 50753913, 16241, 0007, 2.55136, 4.8538949
0xEEEE, 50757045, 16242, 0006, 2.56103, 4.8473335
0xEEEE, 50760164, 16243, 0006, 2.37326, 4.8550393
0xEEEE, 50763288, 16244, 0005, 2.36681, 4.8565652
0xEEEE, 50766422, 16245, 0005, 2.38777, 4.8516060
0xEEEE, 50769528, 16246, 0004, 1.97516, 4.8562600
0xEEEE, 50772668, 16247, 0004, 1.97516, 4.8647288
0xEEEE, 50775786, 16248, 0003, 1.57949, 4.8639658
0xEEEE, 50778912, 16249, 0003, 1.57788, 4.8532845
0xEEEE, 50782043, 16250, 0002, 1.12982, 4.8577859
0xEEEE, 50785161, 16251, 0002, 0.78813, 4.8674754
0xEEEE, 50788286, 16252, 0001, 0.78813, 4.8564126
0xEEEE, 50791401, 16253, 0001, 0.78652, 4.8564126
0xEEEE, 50794527, 16254, 0000, 0.39245, 4.8603799
0xEEEE, 50797659, 16255, 0000, 0.37311, 4.8503090
0xEEEE, 50800777, 16256, 0000, 0.01209, 4.8467994
0xEEEE, 50803902, 16257, 0000, 0.01128, 4.8609140
0xEEEE, 50807054, 16258, 0001, 0.01209, 4.8577096
0xEEEE, 50810153, 16259, 0001, 0.01209, 4.8480964
0xEEEE, 50813290, 16260, 0002, 0.41018, 4.8474098
0xEEEE, 50816413, 16261, 0002, 0.39326, 4.8614481
0xEEEE, 50819538, 16262, 0003, 0.78733, 4.8595407
0xEEEE, 50822670, 16263, 0003, 0.78894, 4.8486305
0xEEEE, 50825790, 16264, 0004, 1.18220, 4.8574807
0xEEEE, 50828915, 16265, 0004, 1.57868, 4.8616007
0xEEEE, 50832047, 16266, 0005, 1.57788, 4.8399329
0xEEEE, 50835152, 16267, 0005, 1.57062, 4.8556497
0xEEEE, 50838286, 16268, 0006, 1.97436, 4.8603799
0xEEEE, 50841411, 16269, 0006, 1.97758, 4.8627451
0xEEEE, 50844536, 16270, 0007, 2.36681, 4.8438239
0xEEEE, 50847668, 16271, 0007, 2.34828, 4.8558785
0xEEEE, 50850795, 16272, 0007, 2.55297, 4.8592355
0xEEEE, 50853911, 16273, 0007, 2.55136, 4.8548104
0xEEEE, 50857045, 16274, 0006, 2.53524, 4.8493172
0xEEEE, 50860152, 16275, 0006, 2.54571, 4.8583963
0xEEEE, 50863276, 16276, 0005, 2.36762, 4.8542000
0xEEEE, 50866402, 16277, 0005, 2.35875, 4.8446632
0xEEEE, 50869527, 16278, 0004, 1.97194, 4.8588540
0xEEEE, 50872659, 16279, 0004, 1.97033, 4.8637369
0xEEEE, 50875778, 16280, 0003, 1.57868, 4.8489357
0xEEEE, 50878902, 16281, 0003, 1.19912, 4.8437476
0xEEEE, 50882044, 16282, 0002, 1.18381, 4.8596933
0xEEEE, 50885163, 16283, 0002, 1.18300, 4.8572519
0xEEEE, 50888288, 16284, 0001, 0.78813, 4.8583200
0xEEEE, 50891413, 16285, 0001, 0.79136, 4.8545815
0xEEEE, 50894539, 16286, 0000, 0.37231, 4.8594644
0xEEEE, 50897682, 16287, 0000, 0.37070, 4.8603037
0xEEEE, 50900789, 16288, 0000, 0.01531, 4.8415351
0xEEEE, 50903909, 16289, 0000, 0.01209, 4.8635843
0xEEEE, 50907074, 16290, 0001, 0.01209, 4.8619821
0xEEEE, 50910170, 16291, 0001, 0.01128, 4.8461891
0xEEEE, 50913286, 16292, 0002, 0.39326, 4.8449683
0xEEEE, 50916411, 16293, 0002, 0.39165, 4.8601511
0xEEEE, 50919536, 16294, 0003, 0.78813, 4.8609140
0xEEEE, 50922668, 16295, 0003, 0.78974, 4.8578622
0xEEEE, 50925777, 16296, 0004, 1.18784, 4.8577859
0xEEEE, 50928902, 16297, 0004, 1.57868, 4.8581674
0xEEEE, 50932036, 16298, 0005, 1.57868, 4.8494697
0xEEEE, 50935160, 16299, 0005, 1.56901, 4.8556497
0xEEEE, 50938278, 16300, 0006, 1.97436, 4.8644999
0xEEEE, 50941401, 16301, 0006, 1.97839, 4.8551156
0xEEEE, 50944526, 16302, 0007, 2.36681, 4.8433661
0xEEEE, 50947666, 16303, 0007, 2.37245, 4.8514534
0xEEEE, 50950788, 16304, 0007, 2.54974, 4.8637369
0xEEEE, 50953913, 16305, 0007, 2.55055, 4.8542000
0xEEEE, 50957055, 16306, 0006, 2.56505, 4.8525978
0xEEEE, 50960164, 16307, 0006, 2.55619, 4.8615244
0xEEEE, 50963288, 16308, 0005, 2.36601, 4.8582437
0xEEEE, 50966413, 16309, 0005, 2.37568, 4.8447395
0xEEEE, 50969530, 16310, 0004, 1.97436, 4.8645762
0xEEEE, 50972668, 16311, 0004, 1.98403, 4.8613718
0xEEEE, 50975786, 16312, 0003, 1.57868, 4.8530556
0xEEEE, 50978912, 16313, 0003, 1.57788, 4.8456550
0xEEEE, 50982051, 16314, 0002, 1.13304, 4.8576333
0xEEEE, 50985161, 16315, 0002, 1.18300, 4.8619059
0xEEEE, 50988286, 16316, 0001, 0.78652, 4.8506142
0xEEEE, 50991401, 16317, 0001, 0.78330, 4.8520638
0xEEEE, 50994535, 16318, 0000, 0.39245, 4.8624399
0xEEEE, 50997660, 16319, 0000, 0.01128, 4.8517586
0xEEEE, 51000778, 16320, 0000, 0.01128, 4.8492409
0xEEEE, 51003902, 16321, 0000, 0.01209, 4.8613718
0xEEEE, 51007054, 16322, 0001, 0.01209, 4.8599985
0xEEEE, 51010153, 16323, 0001, 0.01209, 4.8468757
0xEEEE, 51013280, 16324, 0002, 0.39245, 4.8479438
0xEEEE, 51016413, 16325, 0002, 0.39165, 4.8597696
0xEEEE, 51019538, 16326, 0003, 0.78813, 4.8531319
0xEEEE, 51022670, 16327, 0003, 1.18381, 4.8531319
0xEEEE, 51025789, 16328, 0004, 1.18703, 4.8599222
0xEEEE, 51028914, 16329, 0004, 1.22974, 4.8564889
0xEEEE, 51032046, 16330, 0005, 1.57949, 4.8480964
0xEEEE, 51035152, 16331, 0005, 1.57304, 4.8566415
0xEEEE, 51038286, 16332, 0006, 1.97355, 4.8633555
0xEEEE, 51041421, 16333, 0006, 1.97194, 4.8567178
0xEEEE, 51044536, 16334, 0007, 2.36762, 4.8481727
0xEEEE, 51047668, 16335, 0007, 2.55136, 4.8558022
0xEEEE, 51050787, 16336, 0007, 2.55216, 4.8638132
0xEEEE, 51053911, 16337, 0007, 2.55136, 4.8517586
0xEEEE, 51057045, 16338, 0006, 2.55619, 4.8507668
0xEEEE, 51060152, 16339, 0006, 2.54974, 4.8613718
0xEEEE, 51063278, 16340, 0005, 2.36681, 4.8564126
0xEEEE, 51066408, 16341, 0005, 2.37004, 4.8477150
0xEEEE, 51069526, 16342, 0004, 1.97275, 4.8567178
0xEEEE, 51072659, 16343, 0004, 1.56821, 4.8701457
0xEEEE, 51075777, 16344, 0003, 1.57868, 4.8532082
0xEEEE, 51078912, 16345, 0003, 1.57707, 4.8425269
0xEEEE, 51082045, 16346, 0002, 1.18220, 4.8601511
0xEEEE, 51085163, 16347, 0002, 1.18381, 4.8530556
0xEEEE, 51088287, 16348, 0001, 0.78733, 4.8518349
0xEEEE, 51091414, 16349, 0001, 0.79055, 4.8546578
0xEEEE, 51094538, 16350, 0000, 0.39890, 4.8590829
0xEEEE, 51097671, 16351, 0000, 0.01128, 4.8522927
0xEEEE, 51100788, 16352, 0000, 0.01209, 4.8570230
0xEEEE, 51103911, 16353, 0000, 0.01209, 4.8640421
0xEEEE, 51107074, 16354, 0001, 0.01209, 4.8619059
0xEEEE, 51110162, 16355, 0001, 0.01209, 4.8464179
0xEEEE, 51113287, 16356, 0002, 0.39407, 4.8526741
0xEEEE, 51116411, 16357, 0002, 0.39245, 4.8617533
0xEEEE, 51119535, 16358, 0003, 0.78733, 4.8499275
0xEEEE, 51122669, 16359, 0003, 1.08872, 4.8538186
0xEEEE, 51125798, 16360, 0004, 1.18300, 4.8582437
0xEEEE, 51128902, 16361, 0004, 1.21604, 4.8580911
0xEEEE, 51132036, 16362, 0005, 1.57788, 4.8505379
0xEEEE, 51135151, 16363, 0005, 1.58190, 4.8543526
0xEEEE, 51138277, 16364, 0006, 1.97436, 4.8634318
0xEEEE, 51141402, 16365, 0006, 1.97114, 4.8501564
0xEEEE, 51144527, 16366, 0007, 2.36681, 4.8468757
0xEEEE, 51147667, 16367, 0007, 2.35553, 4.8570993
0xEEEE, 51150788, 16368, 0007, 2.55055, 4.8520638
0xEEEE, 51153914, 16369, 0007, 2.55216, 4.8589303
0xEEEE, 51157045, 16370, 0006, 2.56667, 4.8573281
0xEEEE, 51160164, 16371, 0006, 2.55055, 4.8580148
0xEEEE, 51163297, 16372, 0005, 2.36762, 4.8618296
0xEEEE, 51166413, 16373, 0005, 2.01223, 4.8471809
0xEEEE, 51169531, 16374, 0004, 1.97436, 4.8608377
0xEEEE, 51172668, 16375, 0004, 1.94535, 4.8600748
0xEEEE, 51175787, 16376, 0003, 1.57868, 4.8535134
0xEEEE, 51178912, 16377, 0003, 1.58110, 4.8457313
0xEEEE, 51182042, 16378, 0002, 1.18220, 4.8626688
0xEEEE, 51185161, 16379, 0002, 1.18300, 4.8567178
0xEEEE, 51188287, 16380, 0001, 0.78894, 4.8512245
0xEEEE, 51191401, 16381, 0001, 0.39326, 4.8591592
0xEEEE, 51194526, 16382, 0000, 0.39326, 4.8537423
0xEEEE, 51197659, 16383, 0000, 0.40454, 4.8548104
0xEEEE, 51200777, 16384, 0000, 0.01209, 4.8554208
0xEEEE, 51203902, 16385, 0000, 0.01209, 4.8655680
0xEEEE, 51207054, 16386, 0001, 0.01128, 4.8533608
0xEEEE, 51210163, 16387, 0001, 0.01209, 4.8467231
0xEEEE, 51213282, 16388, 0002, 0.42791, 4.8500801
0xEEEE, 51216413, 16389, 0002, 0.78813, 4.8588540
0xEEEE, 51219538, 16390, 0003, 0.78894, 4.8566415
0xEEEE, 51222678, 16391, 0003, 0.78733, 4.8518349
0xEEEE, 51225790, 16392, 0004, 1.18864, 4.8581674
0xEEEE, 51228914, 16393, 0004, 1.19106, 4.8572519
0xEEEE, 51232046, 16394, 0005, 1.57788, 4.8450446
0xEEEE, 51235154, 16395, 0005, 1.58110, 4.8591592
0xEEEE, 51238286, 16396, 0006, 1.97355, 4.8646525
0xEEEE, 51241411, 16397, 0006, 2.36842, 4.8506142
0xEEEE, 51244536, 16398, 0007, 2.36681, 4.8460365
0xEEEE, 51247676, 16399, 0007, 2.36923, 4.8533608
0xEEEE, 51250787, 16400, 0007, 2.54410, 4.8644236
0xEEEE, 51253911, 16401, 0007, 2.55216, 4.8501564
0xEEEE, 51257045, 16402, 0006, 2.52234, 4.8538949
0xEEEE, 51260152, 16403, 0006, 2.55216, 4.8590829
0xEEEE, 51263276, 16404, 0005, 2.36681, 4.8518349
0xEEEE, 51266401, 16405, 0005, 1.96469, 4.8493172
0xEEEE, 51269527, 16406, 0004, 1.97355, 4.8632029
0xEEEE, 51272659, 16407, 0004, 1.97436, 4.8609903
0xEEEE, 51275777, 16408, 0003, 1.57788, 4.8516060
0xEEEE, 51278904, 16409, 0003, 1.57868, 4.8465705
0xEEEE, 51282044, 16410, 0002, 1.13949, 4.8574807
0xEEEE, 51285163, 16411, 0002, 1.18300, 4.8559548
0xEEEE, 51288288, 16412, 0001, 0.78894, 4.8529030
0xEEEE, 51291414, 16413, 0001, 0.79216, 4.8549630
0xEEEE, 51294549, 16414, 0000, 0.39407, 4.8587778
0xEEEE, 51297670, 16415, 0000, 0.39487, 4.8491646
0xEEEE, 51300777, 16416, 0000, 0.01209, 4.8479438
0xEEEE, 51303911, 16417, 0000, 0.01370, 4.8654154
0xEEEE, 51307081, 16418, 0001, 0.01209, 4.8568704
0xEEEE, 51310162, 16419, 0001, 0.36747, 4.8467994
0xEEEE, 51313287, 16420, 0002, 0.38762, 4.8561837
0xEEEE, 51316412, 16421, 0002, 0.39326, 4.8662547
0xEEEE, 51319535, 16422, 0003, 0.78894, 4.8515297
0xEEEE, 51322669, 16423, 0003, 0.78733, 4.8553445
0xEEEE, 51325777, 16424, 0004, 1.17978, 4.8614481
0xEEEE, 51328902, 16425, 0004, 1.15802, 4.8454261
0xEEEE, 51332036, 16426, 0005, 1.57868, 4.8509957
0xEEEE, 51335151, 16427, 0005, 1.96147, 4.8600748
0xEEEE, 51338277, 16428, 0006, 1.97275, 4.8644236
0xEEEE, 51341402, 16429, 0006, 1.97839, 4.8638132
0xEEEE, 51344527, 16430, 0007, 2.36762, 4.8484779
0xEEEE, 51347670, 16431, 0007, 2.39018, 4.8577096
0xEEEE, 51350788, 16432, 0007, 2.55700, 4.8595407
0xEEEE, 51353924, 16433, 0007, 2.55055, 4.8474861
0xEEEE, 51357045, 16434, 0006, 2.58842, 4.8518349
0xEEEE, 51360163, 16435, 0006, 2.35956, 4.8615244
0xEEEE, 51363287, 16436, 0005, 2.36601, 4.8505379
0xEEEE, 51366413, 16437, 0005, 2.38857, 4.8458839
0xEEEE, 51369533, 16438, 0004, 1.97355, 4.8619821
0xEEEE, 51372668, 16439, 0004, 1.97678, 4.8633555
0xEEEE, 51375787, 16440, 0003, 1.57949, 4.8528267
0xEEEE, 51378921, 16441, 0003, 1.57949, 4.8539712
0xEEEE, 51382043, 16442, 0002, 1.12256, 4.8607614
0xEEEE, 51385161, 16443, 0002, 0.78894, 4.8572519
0xEEEE, 51388286, 16444, 0001, 0.78813, 4.8543526
0xEEEE, 51391419, 16445, 0001, 0.78813, 4.8597696
0xEEEE, 51394526, 16446, 0000, 0.39084, 4.8568704
0xEEEE, 51397659, 16447, 0000, 0.39971, 4.8568704
0xEEEE, 51400777, 16448, 0000, 0.01209, 4.8550393
0xEEEE, 51403902, 16449, 0000, 0.01128, 4.8625925
0xEEEE, 51407054, 16450, 0001, 0.01209, 4.8603799
0xEEEE, 51410153, 16451, 0001, 0.42066, 4.8536660
0xEEEE, 51413283, 16452, 0002, 0.39487, 4.8537423
0xEEEE, 51416413, 16453, 0002, 0.39326, 4.8592355
0xEEEE, 51419538, 16454, 0003, 0.78894, 4.8612192
0xEEEE, 51422670, 16455, 0003, 0.78894, 4.8532082
0xEEEE, 51425790, 16456, 0004, 1.18300, 4.8567178
0xEEEE, 51428913, 16457, 0004, 1.16205, 4.8532082
0xEEEE, 51432047, 16458, 0005, 1.57788, 4.8512245
0xEEEE, 51435154, 16459, 0005, 1.99451, 4.8535134
0xEEEE, 51438308, 16460, 0006, 1.97436, 4.8650340
0xEEEE, 51441411, 16461, 0006, 1.97516, 4.8532845
0xEEEE, 51444536, 16462, 0007, 2.36762, 4.8484016
0xEEEE, 51447668, 16463, 0007, 2.38212, 4.8597696
0xEEEE, 51450787, 16464, 0007, 2.55055, 4.8651865
0xEEEE, 51453911, 16465, 0007, 2.55136, 4.8468757
0xEEEE, 51457045, 16466, 0006, 2.56747, 4.8567178
0xEEEE, 51460151, 16467, 0006, 2.55538, 4.8579385
0xEEEE, 51463276, 16468, 0005, 2.36681, 4.8479438
0xEEEE, 51466401, 16469, 0005, 2.38293, 4.8489357
0xEEEE, 51469526, 16470, 0004, 1.97436, 4.8622873
0xEEEE, 51472659, 16471, 0004, 1.96227, 4.8618296
0xEEEE, 51475786, 16472, 0003, 1.57949, 4.8464942
0xEEEE, 51478906, 16473, 0003, 1.19429, 4.8496223
0xEEEE, 51482044, 16474, 0002, 1.23377, 4.8603799
0xEEEE, 51485163, 16475, 0002, 1.18462, 4.8462654
0xEEEE, 51488288, 16476, 0001, 0.78813, 4.8504616
0xEEEE, 51491414, 16477, 0001, 0.79136, 4.8600748
0xEEEE, 51494539, 16478, 0000, 0.39648, 4.8500801
0xEEEE, 51497671, 16479, 0000, 0.40615, 4.8533608
0xEEEE, 51500779, 16480, 0000, 0.01289, 4.8521401
0xEEEE, 51503911, 16481, 0000, 0.01209, 4.8647288
0xEEEE, 51507075, 16482, 0001, 0.01209, 4.8503090
0xEEEE, 51510162, 16483, 0001, 0.01128, 4.8491646
0xEEEE, 51513287, 16484, 0002, 0.42791, 4.8586252
0xEEEE, 51516412, 16485, 0002, 0.39245, 4.8581674
0xEEEE, 51519535, 16486, 0003, 0.78974, 4.8530556
0xEEEE, 51522680, 16487, 0003, 0.78733, 4.8499275
0xEEEE, 51525777, 16488, 0004, 1.17817, 4.8616770
0xEEEE, 51528902, 16489, 0004, 1.57868, 4.8642710
0xEEEE, 51532036, 16490, 0005, 1.58029, 4.8490120
0xEEEE, 51535152, 16491, 0005, 1.57062, 4.8588540
0xEEEE, 51538277, 16492, 0006, 1.97355, 4.8604562
0xEEEE, 51541402, 16493, 0006, 1.97597, 4.8535897
0xEEEE, 51544527, 16494, 0007, 2.36681, 4.8468757
0xEEEE, 51547670, 16495, 0007, 2.37165, 4.8567941
0xEEEE, 51550788, 16496, 0007, 2.55216, 4.8602274
0xEEEE, 51553913, 16497, 0007, 2.55136, 4.8537423
0xEEEE, 51557045, 16498, 0006, 2.55941, 4.8532845
0xEEEE, 51560172, 16499, 0006, 2.54652, 4.8590829
0xEEEE, 51563289, 16500, 0005, 2.36601, 4.8429084
0xEEEE, 51566413, 16501, 0005, 2.35473, 4.8554208
0xEEEE, 51569536, 16502, 0004, 1.97275, 4.8639658
0xEEEE, 51572668, 16503, 0004, 1.97033, 4.8624399
0xEEEE, 51575786, 16504, 0003, 1.57788, 4.8494697
0xEEEE, 51578912, 16505, 0003, 1.17172, 4.8567941
0xEEEE, 51582045, 16506, 0002, 1.11773, 4.8592355
0xEEEE, 51585160, 16507, 0002, 1.18381, 4.8556497
0xEEEE, 51588285, 16508, 0001, 0.78813, 4.8537423
0xEEEE, 51591401, 16509, 0001, 0.78491, 4.8618296
0xEEEE, 51594526, 16510, 0000, 0.39568, 4.8547341
0xEEEE, 51597660, 16511, 0000, 0.39810, 4.8528267
0xEEEE, 51600777, 16512, 0000, 0.01128, 4.8580911
0xEEEE, 51603902, 16513, 0000, 0.01128, 4.8647288
0xEEEE, 51607064, 16514, 0001, 0.01209, 4.8559548
0xEEEE, 51610153, 16515, 0001, 0.01209, 4.8480201
0xEEEE, 51613285, 16516, 0002, 0.39407, 4.8593881
0xEEEE, 51616413, 16517, 0002, 0.39245, 4.8593881
0xEEEE, 51619546, 16518, 0003, 0.78894, 4.8522927
0xEEEE, 51622670, 16519, 0003, 1.18381, 4.8513008
0xEEEE, 51625789, 16520, 0004, 1.18864, 4.8583963
0xEEEE, 51628913, 16521, 0004, 1.18300, 4.8574807
0xEEEE, 51632046, 16522, 0005, 1.57868, 4.8477913
0xEEEE, 51635157, 16523, 0005, 1.58432, 4.8596170
0xEEEE, 51638286, 16524, 0006, 1.97436, 4.8677806
0xEEEE, 51641411, 16525, 0006, 1.97758, 4.8518349
0xEEEE, 51644542, 16526, 0007, 2.36762, 4.8473335
0xEEEE, 51647669, 16527, 0007, 2.55136, 4.8576333
0xEEEE, 51650787, 16528, 0007, 2.55136, 4.8535897
0xEEEE, 51653911, 16529, 0007, 2.55216, 4.8531319
0xEEEE, 51657045, 16530, 0006, 2.55055, 4.8576333
0xEEEE, 51660151, 16531, 0006, 2.54894, 4.8595407
0xEEEE, 51663276, 16532, 0005, 2.36681, 4.8470283
0xEEEE, 51666401, 16533, 0005, 2.36198, 4.8554208
0xEEEE, 51669527, 16534, 0004, 1.97355, 4.8647288
0xEEEE, 51672659, 16535, 0004, 1.57868, 4.8569467
0xEEEE, 51675777, 16536, 0003, 1.57788, 4.8529793
0xEEEE, 51678907, 16537, 0003, 1.56337, 4.8570230
0xEEEE, 51682044, 16538, 0002, 1.15077, 4.8612192
0xEEEE, 51685163, 16539, 0002, 1.18300, 4.8520638
0xEEEE, 51688289, 16540, 0001, 0.78974, 4.8568704
0xEEEE, 51691422, 16541, 0001, 0.78410, 4.8611429
0xEEEE, 51694538, 16542, 0000, 0.37956, 4.8521401
0xEEEE, 51697671, 16543, 0000, 0.01451, 4.8447395
0xEEEE, 51700779, 16544, 0000, 0.01209, 4.8561837
0xEEEE, 51703931, 16545, 0000, 0.01209, 4.8686198
0xEEEE, 51707074, 16546, 0001, 0.01209, 4.8553445
0xEEEE, 51710162, 16547, 0001, 0.01209, 4.8561074
0xEEEE, 51713287, 16548, 0002, 0.39245, 4.8558022
0xEEEE, 51716411, 16549, 0002, 0.39245, 4.8538949
0xEEEE, 51719536, 16550, 0003, 0.78813, 4.8574044
0xEEEE, 51722668, 16551, 0003, 1.18381, 4.8538186
0xEEEE, 51725777, 16552, 0004, 1.18381, 4.8581674
0xEEEE, 51728901, 16553, 0004, 1.20234, 4.8487831
0xEEEE, 51732035, 16554, 0005, 1.57949, 4.8585489
0xEEEE, 51735152, 16555, 0005, 1.57304, 4.8599222
0xEEEE, 51738277, 16556, 0006, 1.97355, 4.8631266
0xEEEE, 51741401, 16557, 0006, 1.97355, 4.8456550
0xEEEE, 51744527, 16558, 0007, 2.36762, 4.8538949
0xEEEE, 51747670, 16559, 0007, 2.54652, 4.8578622
0xEEEE, 51750800, 16560, 0007, 2.55136, 4.8592355
0xEEEE, 51753914, 16561, 0007, 2.55136, 4.8479438
0xEEEE, 51757045, 16562, 0006, 2.55136, 4.8615244
0xEEEE, 51760164, 16563, 0006, 2.55377, 4.8628977
0xEEEE, 51763288, 16564, 0005, 2.36842, 4.8439765
0xEEEE, 51766402, 16565, 0005, 2.36278, 4.8516823
0xEEEE, 51769536, 16566, 0004, 1.97516, 4.8626688
0xEEEE, 51772668, 16567, 0004, 1.97194, 4.8510719
0xEEEE, 51775794, 16568, 0003, 1.57707, 4.8464179
0xEEEE, 51778912, 16569, 0003, 1.58674, 4.8570230
0xEEEE, 51782045, 16570, 0002, 1.18462, 4.8586252
0xEEEE, 51785160, 16571, 0002, 1.18220, 4.8551156
0xEEEE, 51788294, 16572, 0001, 0.78571, 4.8534371
0xEEEE, 51791402, 16573, 0001, 0.38923, 4.8612955
0xEEEE, 51794527, 16574, 0000, 0.38198, 4.8481727
0xEEEE, 51797659, 16575, 0000, 0.37875, 4.8445106
0xEEEE, 51800777, 16576, 0000, 0.01209, 4.8559548
0xEEEE, 51803902, 16577, 0000, 0.01209, 4.8634318
0xEEEE, 51807054, 16578, 0001, 0.01128, 4.8551919
0xEEEE, 51810153, 16579, 0001, 0.01209, 4.8535134
0xEEEE, 51813288, 16580, 0002, 0.39245, 4.8579385
0xEEEE, 51816413, 16581, 0002, 0.78894, 4.8535897
0xEEEE, 51819538, 16582, 0003, 0.78894, 4.8496223
0xEEEE, 51822670, 16583, 0003, 0.78733, 4.8609903
0xEEEE, 51825789, 16584, 0004, 1.17978, 4.8583200
0xEEEE, 51828913, 16585, 0004, 1.18381, 4.8516060
0xEEEE, 51832046, 16586, 0005, 1.57788, 4.8545815
0xEEEE, 51835180, 16587, 0005, 1.58593, 4.8593881
0xEEEE, 51838286, 16588, 0006, 1.97275, 4.8654917
0xEEEE, 51841411, 16589, 0006, 2.39905, 4.8456550
0xEEEE, 51844536, 16590, 0007, 2.36681, 4.8471809
0xEEEE, 51847669, 16591, 0007, 2.36762, 4.8570993
0xEEEE, 51850787, 16592, 0007, 2.55136, 4.8564889
0xEEEE, 51853911, 16593, 0007, 2.55216, 4.8508431
0xEEEE, 51857045, 16594, 0006, 2.55136, 4.8630503
0xEEEE, 51860152, 16595, 0006, 2.55136, 4.8587778
0xEEEE, 51863276, 16596, 0005, 2.36681, 4.8479438
0xEEEE, 51866401, 16597, 0005, 1.97275, 4.8566415
0xEEEE, 51869526, 16598, 0004, 1.97355, 4.8666361
0xEEEE, 51872668, 16599, 0004, 1.90505, 4.8596170
0xEEEE, 51875778, 16600, 0003, 1.57788, 4.8520638
0xEEEE, 51878909, 16601, 0003, 1.58513, 4.8579385
0xEEEE, 51882044, 16602, 0002, 1.18300, 4.8516823
0xEEEE, 51885163, 16603, 0002, 1.18300, 4.8500801
0xEEEE, 51888288, 16604, 0001, 0.78652, 4.8576333
0xEEEE, 51891414, 16605, 0001, 0.40293, 4.8623636
0xEEEE, 51894538, 16606, 0000, 0.38037, 4.8542763
0xEEEE, 51897670, 16607, 0000, 0.38278, 4.8454261
0xEEEE, 51900780, 16608, 0000, 0.01128, 4.8600748
0xEEEE, 51903911, 16609, 0000, 0.01209, 4.8635080
0xEEEE, 51907074, 16610, 0001, 0.01209, 4.8531319
0xEEEE, 51910162, 16611, 0001, 0.01209, 4.8519112
0xEEEE, 51913287, 16612, 0002, 0.39407, 4.8552682
0xEEEE, 51916411, 16613, 0002, 0.39245, 4.8517586
0xEEEE, 51919547, 16614, 0003, 0.78894, 4.8509194
0xEEEE, 51922668, 16615, 0003, 0.78733, 4.8581674
0xEEEE, 51925777, 16616, 0004, 1.17092, 4.8609903
0xEEEE, 51928902, 16617, 0004, 1.12659, 4.8474861
0xEEEE, 51932035, 16618, 0005, 1.57868, 4.8500801
0xEEEE, 51935152, 16619, 0005, 1.99370, 4.8637369
0xEEEE, 51938278, 16620, 0006, 1.97275, 4.8617533
0xEEEE, 51941401, 16621, 0006, 1.95502, 4.8496986
0xEEEE, 51944529, 16622, 0007, 2.36762, 4.8538186
0xEEEE, 51947670, 16623, 0007, 2.35553, 4.8594644
0xEEEE, 51950788, 16624, 0007, 2.54007, 4.8551156
0xEEEE, 51953914, 16625, 0007, 2.55136, 4.8536660
0xEEEE, 51957051, 16626, 0006, 2.55136, 4.8639658
0xEEEE, 51960164, 16627, 0006, 2.37487, 4.8502327
0xEEEE, 51963288, 16628, 0005, 2.36762, 4.8415351
0xEEEE, 51966401, 16629, 0005, 2.36681, 4.8553445
0xEEEE, 51969536, 16630, 0004, 1.97436, 4.8584726
0xEEEE, 51972668, 16631, 0004, 1.95744, 4.8565652
0xEEEE, 51975786, 16632, 0003, 1.57788, 4.8519112
0xEEEE, 51978912, 16633, 0003, 1.58432, 4.8594644
0xEEEE, 51982044, 16634, 0002, 1.18300, 4.8597696
0xEEEE, 51985160, 16635, 0002, 0.78813, 4.8564889
0xEEEE, 51988276, 16636, 0001, 0.79136, 4.8614481
0xEEEE, 51991402, 16637, 0001, 0.79458, 4.8596170
0xEEEE, 51994527, 16638, 0000, 0.37875, 4.8519112
0xEEEE, 51997659, 16639, 0000, 0.36747, 4.8495460
0xEEEE, 52000778, 16640, 0000, 0.01209, 4.8632029
0xEEEE, 52003912, 16641, 0000, 0.01370, 4.8642710
0xEEEE, 52007054, 16642, 0001, 0.01209, 4.8478676
0xEEEE, 52010153, 16643, 0001, 0.43275, 4.8506905
0xEEEE, 52013288, 16644, 0002, 0.39245, 4.8548867
0xEEEE, 52016421, 16645, 0002, 0.39326, 4.8626688
0xEEEE, 52019538, 16646, 0003, 0.78813, 4.8574044
0xEEEE, 52022670, 16647, 0003, 0.78813, 4.8627451
0xEEEE, 52025789, 16648, 0004, 1.18784, 4.8641184
0xEEEE, 52028912, 16649, 0004, 1.21766, 4.8432898
0xEEEE, 52032047, 16650, 0005, 1.57707, 4.8494697
0xEEEE, 52035161, 16651, 0005, 1.96549, 4.8627451
0xEEEE, 52038286, 16652, 0006, 1.97275, 4.8532845
0xEEEE, 52041413, 16653, 0006, 1.96308, 4.8520638
0xEEEE, 52044536, 16654, 0007, 2.36601, 4.8549630
0xEEEE, 52047669, 16655, 0007, 2.35875, 4.8538949
0xEEEE, 52050786, 16656, 0007, 2.55136, 4.8549630
0xEEEE, 52053911, 16657, 0007, 2.55216, 4.8517586
0xEEEE, 52057036, 16658, 0006, 2.56103, 4.8648814
0xEEEE, 52060151, 16659, 0006, 2.35392, 4.8577096
0xEEEE, 52063278, 16660, 0005, 2.36681, 4.8446632
0xEEEE, 52066401, 16661, 0005, 2.34103, 4.8592355
0xEEEE, 52069526, 16662, 0004, 1.97516, 4.8676280
0xEEEE, 52072659, 16663, 0004, 1.98322, 4.8484779
0xEEEE, 52075777, 16664, 0003, 1.57868, 4.8516823
0xEEEE, 52078909, 16665, 0003, 1.57868, 4.8558785
0xEEEE, 52082044, 16666, 0002, 1.18462, 4.8596170
0xEEEE, 52085163, 16667, 0002, 1.18300, 4.8522927
0xEEEE, 52088296, 16668, 0001, 0.78894, 4.8620584
0xEEEE, 52091413, 16669, 0001, 0.79538, 4.8632792
0xEEEE, 52094538, 16670, 0000, 0.38198, 4.8533608
0xEEEE, 52097670, 16671, 0000, 0.40212, 4.8487831
0xEEEE, 52100803, 16672, 0000, 0.01451, 4.8607614
0xEEEE, 52103912, 16673, 0000, 0.01209, 4.8599985
0xEEEE, 52107074, 16674, 0001, 0.01209, 4.8504616
0xEEEE, 52110162, 16675, 0001, 0.01128, 4.8543526
0xEEEE, 52113286, 16676, 0002, 0.32879, 4.8589303
0xEEEE, 52116411, 16677, 0002, 0.39245, 4.8517586
0xEEEE, 52119536, 16678, 0003, 0.78813, 4.8562600
0xEEEE, 52122668, 16679, 0003, 0.78813, 4.8647288
0xEEEE, 52125778, 16680, 0004, 1.18462, 4.8625162
0xEEEE, 52128902, 16681, 0004, 1.57949, 4.8446632
0xEEEE, 52132035, 16682, 0005, 1.57707, 4.8488594
0xEEEE, 52135151, 16683, 0005, 1.56821, 4.8667124
0xEEEE, 52138277, 16684, 0006, 1.97355, 4.8583200
0xEEEE, 52141401, 16685, 0006, 1.96791, 4.8490120
0xEEEE, 52144530, 16686, 0007, 2.36681, 4.8568704
0xEEEE, 52147681, 16687, 0007, 2.37326, 4.8564126
0xEEEE, 52150789, 16688, 0007, 2.55216, 4.8448920
0xEEEE, 52153914, 16689, 0007, 2.55297, 4.8578622
0xEEEE, 52157045, 16690, 0006, 2.56183, 4.8584726
0xEEEE, 52160164, 16691, 0006, 2.55377, 4.8561074
0xEEEE, 52163288, 16692, 0005, 2.36681, 4.8500038
0xEEEE, 52166403, 16693, 0005, 2.36601, 4.8613718
0xEEEE, 52169536, 16694, 0004, 1.97275, 4.8611429
0xEEEE, 52172668, 16695, 0004, 1.98322, 4.8525978
0xEEEE, 52175787, 16696, 0003, 1.57788, 4.8564126
0xEEEE, 52178912, 16697, 0003, 1.19590, 4.8619821
0xEEEE, 52182044, 16698, 0002, 1.22733, 4.8545052
0xEEEE, 52185170, 16699, 0002, 1.18220, 4.8506905
0xEEEE, 52188278, 16700, 0001, 0.78974, 4.8648051
0xEEEE, 52191401, 16701, 0001, 0.78410, 4.8576333
0xEEEE, 52194526, 16702, 0000, 0.38601, 4.8545815
0xEEEE, 52197660, 16703, 0000, 0.38117, 4.8540475
0xEEEE, 52200777, 16704, 0000, 0.01128, 4.8635080
0xEEEE, 52203902, 16705, 0000, 0.01209, 4.8575570
0xEEEE, 52207054, 16706, 0001, 0.01128, 4.8482490
0xEEEE, 52210154, 16707, 0001, 0.01209, 4.8551156
0xEEEE, 52213288, 16708, 0002, 0.44322, 4.8513008
0xEEEE, 52216413, 16709, 0002, 0.39245, 4.8464942
0xEEEE, 52219538, 16710, 0003, 0.78813, 4.8612192
0xEEEE, 52222670, 16711, 0003, 0.78813, 4.8636606
0xEEEE, 52225790, 16712, 0004, 1.18139, 4.8519875
0xEEEE, 52228913, 16713, 0004, 1.14916, 4.8500038
0xEEEE, 52232055, 16714, 0005, 1.57788, 4.8509957
0xEEEE, 52235161, 16715, 0005, 1.58110, 4.8607614
0xEEEE, 52238286, 16716, 0006, 1.97436, 4.8432136
0xEEEE, 52241411, 16717, 0006, 1.97194, 4.8480964
0xEEEE, 52244537, 16718, 0007, 2.36842, 4.8596170
0xEEEE, 52247670, 16719, 0007, 2.55055, 4.8525978
0xEEEE, 52250787, 16720, 0007, 2.55055, 4.8466468
0xEEEE, 52253911, 16721, 0007, 2.55136, 4.8607614
0xEEEE, 52257036, 16722, 0006, 2.55377, 4.8682383
0xEEEE, 52260151, 16723, 0006, 2.55216, 4.8504616
0xEEEE, 52263276, 16724, 0005, 2.36681, 4.8463416
0xEEEE, 52266401, 16725, 0005, 2.36681, 4.8606851
0xEEEE, 52269535, 16726, 0004, 1.97355, 4.8610666
0xEEEE, 52272659, 16727, 0004, 1.61333, 4.8506905
0xEEEE, 52275777, 16728, 0003, 1.57788, 4.8596170
0xEEEE, 52278912, 16729, 0003, 1.57465, 4.8555734
0xEEEE, 52282044, 16730, 0002, 1.18059, 4.8494697
0xEEEE, 52285163, 16731, 0002, 1.18381, 4.8480964
0xEEEE, 52288288, 16732, 0001, 0.78974, 4.8670176
0xEEEE, 52291413, 16733, 0001, 0.78733, 4.8609903
0xEEEE, 52294538, 16734, 0000, 0.39648, 4.8517586
0xEEEE, 52297670, 16735, 0000, 0.01128, 4.8464942
0xEEEE, 52300784, 16736, 0000, 0.01209, 4.8603037
0xEEEE, 52303912, 16737, 0000, 0.01209, 4.8583200
0xEEEE, 52307074, 16738, 0001, 0.01289, 4.8558785
0xEEEE, 52310162, 16739, 0001, 0.01209, 4.8598459
0xEEEE, 52313287, 16740, 0002, 0.41341, 4.8511482
0xEEEE, 52316422, 16741, 0002, 0.42227, 4.8487068
0xEEEE, 52319536, 16742, 0003, 0.78813, 4.8596933
0xEEEE, 52322659, 16743, 0003, 1.18220, 4.8669413
0xEEEE, 52325777, 16744, 0004, 1.18220, 4.8526741
0xEEEE, 52328902, 16745, 0004, 1.18945, 4.8547341
0xEEEE, 52332035, 16746, 0005, 1.57868, 4.8569467
0xEEEE, 52335151, 16747, 0005, 1.57707, 4.8561074
0xEEEE, 52338276, 16748, 0006, 1.97355, 4.8579385
0xEEEE, 52341401, 16749, 0006, 1.97436, 4.8567178
0xEEEE, 52344532, 16750, 0007, 2.36681, 4.8595407
0xEEEE, 52347670, 16751, 0007, 2.56344, 4.8533608
0xEEEE, 52350788, 16752, 0007, 2.55136, 4.8528267
0xEEEE, 52353921, 16753, 0007, 2.55136, 4.8605325
0xEEEE, 52357045, 16754, 0006, 2.55216, 4.8603799
0xEEEE, 52360163, 16755, 0006, 2.55136, 4.8397803
0xEEEE, 52363287, 16756, 0005, 2.36762, 4.8472572
0xEEEE, 52366405, 16757, 0005, 2.36601, 4.8622873
0xEEEE, 52369536, 16758, 0004, 1.97516, 4.8554208
0xEEEE, 52372668, 16759, 0004, 1.60205, 4.8510719
0xEEEE, 52375788, 16760, 0003, 1.57949, 4.8587015
0xEEEE, 52378912, 16761, 0003, 1.57707, 4.8565652
0xEEEE, 52382044, 16762, 0002, 1.20476, 4.8497749
0xEEEE, 52385161, 16763, 0002, 1.18300, 4.8554971
0xEEEE, 52388277, 16764, 0001, 0.78813, 4.8643473
0xEEEE, 52391401, 16765, 0001, 0.78894, 4.8535897
0xEEEE, 52394526, 16766, 0000, 0.39326, 4.8421454
0xEEEE, 52397659, 16767, 0000, 0.38198, 4.8573281
0xEEEE, 52400788, 16768, 0000, 0.01209, 4.8593118
0xEEEE, 52403902, 16769, 0000, 0.01128, 4.8570230
0xEEEE, 52407054, 16770, 0001, 0.01209, 4.8532845
0xEEEE, 52410155, 16771, 0001, 0.01209, 4.8615244
0xEEEE, 52413296, 16772, 0002, 0.37795, 4.8521401
0xEEEE, 52416413, 16773, 0002, 0.81875, 4.8456550
0xEEEE, 52419538, 16774, 0003, 0.78894, 4.8607614
0xEEEE, 52422670, 16775, 0003, 0.78813, 4.8627451
0xEEEE, 52425790, 16776, 0004, 1.18220, 4.8592355
0xEEEE, 52428913, 16777, 0004, 1.19751, 4.8472572
0xEEEE, 52432047, 16778, 0005, 1.57788, 4.8609140
0xEEEE, 52435161, 16779, 0005, 1.57788, 4.8606851
0xEEEE, 52438288, 16780, 0006, 1.97355, 4.8584726
0xEEEE, 52441411, 16781, 0006, 2.36842, 4.8611429
0xEEEE, 52444537, 16782, 0007, 2.36762, 4.8558022
0xEEEE, 52447669, 16783, 0007, 2.33861, 4.8502327
0xEEEE, 52450786, 16784, 0007, 2.55136, 4.8632029
0xEEEE, 52453902, 16785, 0007, 2.55136, 4.8647288
0xEEEE, 52457035, 16786, 0006, 2.59729, 4.8593118
0xEEEE, 52460162, 16787, 0006, 2.55136, 4.8474098
0xEEEE, 52463276, 16788, 0005, 2.36681, 4.8555734
0xEEEE, 52466402, 16789, 0005, 1.93890, 4.8585489
0xEEEE, 52469527, 16790, 0004, 1.97275, 4.8521401
0xEEEE, 52472659, 16791, 0004, 1.95905, 4.8574807
0xEEEE, 52475776, 16792, 0003, 1.57788, 4.8641184
0xEEEE, 52478913, 16793, 0003, 1.57707, 4.8548104
0xEEEE, 52482044, 16794, 0002, 1.18381, 4.8450446
0xEEEE, 52485168, 16795, 0002, 1.18300, 4.8582437
0xEEEE, 52488289, 16796, 0001, 0.78974, 4.8661784
0xEEEE, 52491414, 16797, 0001, 0.39165, 4.8535897
0xEEEE, 52494537, 16798, 0000, 0.39971, 4.8488594
0xEEEE, 52497679, 16799, 0000, 0.40777, 4.8602274
0xEEEE, 52500787, 16800, 0000, 0.01209, 4.8499275
0xEEEE, 52503911, 16801, 0000, 0.01209, 4.8551156
0xEEEE, 52507074, 16802, 0001, 0.01128, 4.8605325
0xEEEE, 52510162, 16803, 0001, 0.01209, 4.8597696
0xEEEE, 52513287, 16804, 0002, 0.42469, 4.8545815
0xEEEE, 52516411, 16805, 0002, 0.78894, 4.8554971
0xEEEE, 52519536, 16806, 0003, 0.78813, 4.8644999
0xEEEE, 52522659, 16807, 0003, 0.78813, 4.8600748
0xEEEE, 52525777, 16808, 0004, 1.18059, 4.8538186
0xEEEE, 52528902, 16809, 0004, 1.17414, 4.8536660
0xEEEE, 52532035, 16810, 0005, 1.57949, 4.8635080
0xEEEE, 52535151, 16811, 0005, 1.57949, 4.8542763
0xEEEE, 52538276, 16812, 0006, 1.97436, 4.8529793
0xEEEE, 52541402, 16813, 0006, 2.21451, 4.8627451
0xEEEE, 52544545, 16814, 0007, 2.36681, 4.8563363
0xEEEE, 52547670, 16815, 0007, 2.40308, 4.8451209
0xEEEE, 52550788, 16816, 0007, 2.54491, 4.8566415
0xEEEE, 52553914, 16817, 0007, 2.55216, 4.8624399
0xEEEE, 52557044, 16818, 0006, 2.50220, 4.8577096
0xEEEE, 52560163, 16819, 0006, 2.35231, 4.8478676
0xEEEE, 52563289, 16820, 0005, 2.36762, 4.8536660
0xEEEE, 52566406, 16821, 0005, 2.32733, 4.8542763
0xEEEE, 52569536, 16822, 0004, 1.97355, 4.8545052
0xEEEE, 52572668, 16823, 0004, 1.98081, 4.8597696
0xEEEE, 52575787, 16824, 0003, 1.57626, 4.8670176
0xEEEE, 52578912, 16825, 0003, 1.57707, 4.8476387
0xEEEE, 52582051, 16826, 0002, 1.18462, 4.8440528
0xEEEE, 52585161, 16827, 0002, 0.78813, 4.8608377
0xEEEE, 52588276, 16828, 0001, 0.78894, 4.8612955
0xEEEE, 52591402, 16829, 0001, 0.79297, 4.8458076
0xEEEE, 52594526, 16830, 0000, 0.39326, 4.8542000
0xEEEE, 52597659, 16831, 0000, 0.37392, 4.8612955
0xEEEE, 52600777, 16832, 0000, 0.01209, 4.8556497
0xEEEE, 52603902, 16833, 0000, 0.01289, 4.8623636
0xEEEE, 52607054, 16834, 0001, 0.01128, 4.8654154
0xEEEE, 52610157, 16835, 0001, 0.42630, 4.8622873
0xEEEE, 52613287, 16836, 0002, 0.43758, 4.8460365
0xEEEE, 52616413, 16837, 0002, 0.39165, 4.8461891
0xEEEE, 52619538, 16838, 0003, 0.78894, 4.8663310
0xEEEE, 52622670, 16839, 0003, 0.78813, 4.8553445
0xEEEE, 52625790, 16840, 0004, 1.18462, 4.8480201
0xEEEE, 52628923, 16841, 0004, 1.20154, 4.8549630
0xEEEE, 52632048, 16842, 0005, 1.57868, 4.8548867
0xEEEE, 52635161, 16843, 0005, 1.97194, 4.8537423
0xEEEE, 52638286, 16844, 0006, 1.97355, 4.8577096
0xEEEE, 52641411, 16845, 0006, 1.97678, 4.8625925
0xEEEE, 52644537, 16846, 0007, 2.36762, 4.8450446
0xEEEE, 52647669, 16847, 0007, 2.35150, 4.8495460
0xEEEE, 52650786, 16848, 0007, 2.54652, 4.8598459
0xEEEE, 52653902, 16849, 0007, 2.55216, 4.8648814
0xEEEE, 52657036, 16850, 0006, 2.52234, 4.8558022
0xEEEE, 52660151, 16851, 0006, 2.35795, 4.8505379
0xEEEE, 52663277, 16852, 0005, 2.36681, 4.8581674
0xEEEE, 52666410, 16853, 0005, 2.36762, 4.8541238
0xEEEE, 52669526, 16854, 0004, 1.97275, 4.8447395
0xEEEE, 52672659, 16855, 0004, 1.95341, 4.8609140
0xEEEE, 52675778, 16856, 0003, 1.57868, 4.8587015
0xEEEE, 52678913, 16857, 0003, 1.57707, 4.8471809
0xEEEE, 52682044, 16858, 0002, 1.11773, 4.8529030
0xEEEE, 52685163, 16859, 0002, 0.78974, 4.8660258
0xEEEE, 52688289, 16860, 0001, 0.78894, 4.8595407
0xEEEE, 52691414, 16861, 0001, 0.79377, 4.8551156
0xEEEE, 52694538, 16862, 0000, 0.40132, 4.8593881
0xEEEE, 52697671, 16863, 0000, 0.38520, 4.8603037
0xEEEE, 52700786, 16864, 0000, 0.01451, 4.8492409
0xEEEE, 52703912, 16865, 0000, 0.01128, 4.8591592
0xEEEE, 52707063, 16866, 0001, 0.01128, 4.8628977
0xEEEE, 52710162, 16867, 0001, 0.01209, 4.8607614
0xEEEE, 52713297, 16868, 0002, 0.38198, 4.8421454
0xEEEE, 52716410, 16869, 0002, 0.39487, 4.8572519
0xEEEE, 52719535, 16870, 0003, 0.78894, 4.8631266
0xEEEE, 52722659, 16871, 0003, 0.78813, 4.8555734
0xEEEE, 52725786, 16872, 0004, 1.18220, 4.8535134
0xEEEE, 52728902, 16873, 0004, 1.61414, 4.8628977
0xEEEE, 52732035, 16874, 0005, 1.57868, 4.8536660
0xEEEE, 52735152, 16875, 0005, 1.58271, 4.8451209
0xEEEE, 52738276, 16876, 0006, 1.97436, 4.8608377
0xEEEE, 52741401, 16877, 0006, 1.97436, 4.8607614
0xEEEE, 52744535, 16878, 0007, 2.36762, 4.8438239
0xEEEE, 52747670, 16879, 0007, 2.35795, 4.8451972
0xEEEE, 52750790, 16880, 0007, 2.55055, 4.8594644
0xEEEE, 52753913, 16881, 0007, 2.55216, 4.8535134
0xEEEE, 52757046, 16882, 0006, 2.56425, 4.8497749
0xEEEE, 52760163, 16883, 0006, 2.55377, 4.8590066
0xEEEE, 52763288, 16884, 0005, 2.31685, 4.8538949
0xEEEE, 52766407, 16885, 0005, 2.36842, 4.8615244
0xEEEE, 52769536, 16886, 0004, 1.97275, 4.8566415
0xEEEE, 52772678, 16887, 0004, 1.97114, 4.8645762
0xEEEE, 52775787, 16888, 0003, 1.57949, 4.8577859
0xEEEE, 52778912, 16889, 0003, 1.17575, 4.8496986
0xEEEE, 52782045, 16890, 0002, 1.15802, 4.8496986
0xEEEE, 52785160, 16891, 0002, 1.18300, 4.8651865
0xEEEE, 52788276, 16892, 0001, 0.78974, 4.8525216
0xEEEE, 52791401, 16893, 0001, 0.78974, 4.8514534
0xEEEE, 52794527, 16894, 0000, 0.39165, 4.8593118
0xEEEE, 52797670, 16895, 0000, 0.39568, 4.8578622
0xEEEE, 52800778, 16896, 0000, 0.01209, 4.8503853
0xEEEE, 52803902, 16897, 0000, 0.01209, 4.8583200
0xEEEE, 52807054, 16898, 0001, 0.01209, 4.8657206
0xEEEE, 52810166, 16899, 0001, 0.01209, 4.8559548
0xEEEE, 52813289, 16900, 0002, 0.41260, 4.8484016
0xEEEE, 52816413, 16901, 0002, 0.38520, 4.8606088
0xEEEE, 52819538, 16902, 0003, 0.78894, 4.8493172
0xEEEE, 52822670, 16903, 0003, 0.78813, 4.8530556
0xEEEE, 52825789, 16904, 0004, 1.18462, 4.8570993
0xEEEE, 52828913, 16905, 0004, 1.54161, 4.8597696
0xEEEE, 52832047, 16906, 0005, 1.57868, 4.8493935
0xEEEE, 52835161, 16907, 0005, 1.58190, 4.8527504
0xEEEE, 52838286, 16908, 0006, 1.97436, 4.8650340
0xEEEE, 52841411, 16909, 0006, 1.97436, 4.8572519
0xEEEE, 52844537, 16910, 0007, 2.36762, 4.8499275
0xEEEE, 52847669, 16911, 0007, 2.36440, 4.8533608
0xEEEE, 52850786, 16912, 0007, 2.55136, 4.8624399
0xEEEE, 52853902, 16913, 0007, 2.55136, 4.8626688
0xEEEE, 52857055, 16914, 0006, 2.55538, 4.8496986
0xEEEE, 52860152, 16915, 0006, 2.54974, 4.8628977
0xEEEE, 52863277, 16916, 0005, 2.36681, 4.8624399
0xEEEE, 52866402, 16917, 0005, 2.36278, 4.8479438
0xEEEE, 52869526, 16918, 0004, 1.97275, 4.8571756
0xEEEE, 52872659, 16919, 0004, 1.97275, 4.8634318
0xEEEE, 52875780, 16920, 0003, 1.57949, 4.8542000
0xEEEE, 52878913, 16921, 0003, 1.57385, 4.8551156
0xEEEE, 52882044, 16922, 0002, 1.16366, 4.8577859
0xEEEE, 52885163, 16923, 0002, 1.18300, 4.8555734
0xEEEE, 52888289, 16924, 0001, 0.78733, 4.8545052
0xEEEE, 52891414, 16925, 0001, 0.79136, 4.8569467
0xEEEE, 52894547, 16926, 0000, 0.38923, 4.8543526
0xEEEE, 52897671, 16927, 0000, 0.01209, 4.8503090
0xEEEE, 52900786, 16928, 0000, 0.01209, 4.8503090
0xEEEE, 52903911, 16929, 0000, 0.01209, 4.8621347
0xEEEE, 52907063, 16930, 0001, 0.01289, 4.8603037
0xEEEE, 52910161, 16931, 0001, 0.01209, 4.8530556
0xEEEE, 52913287, 16932, 0002, 0.38681, 4.8499275
0xEEEE, 52916410, 16933, 0002, 0.42711, 4.8622110
0xEEEE, 52919526, 16934, 0003, 0.78813, 4.8589303
0xEEEE, 52922659, 16935, 0003, 1.18381, 4.8541238
0xEEEE, 52925777, 16936, 0004, 1.18300, 4.8616770
0xEEEE, 52928901, 16937, 0004, 1.19509, 4.8586252
0xEEEE, 52932036, 16938, 0005, 1.57868, 4.8467994
0xEEEE, 52935151, 16939, 0005, 1.58110, 4.8491646
0xEEEE, 52938278, 16940, 0006, 1.97275, 4.8673991
0xEEEE, 52941413, 16941, 0006, 1.97275, 4.8587015
0xEEEE, 52944538, 16942, 0007, 2.36681, 4.8523690
0xEEEE, 52947670, 16943, 0007, 2.59729, 4.8538186
0xEEEE, 52950788, 16944, 0007, 2.55136, 4.8580148
0xEEEE, 52953913, 16945, 0007, 2.55055, 4.8545815
0xEEEE, 52957047, 16946, 0006, 2.55055, 4.8538186
0xEEEE, 52960163, 16947, 0006, 2.55216, 4.8601511
0xEEEE, 52963288, 16948, 0005, 2.36601, 4.8583200
0xEEEE, 52966409, 16949, 0005, 2.36520, 4.8515297
0xEEEE, 52969536, 16950, 0004, 1.97275, 4.8628977
0xEEEE, 52972668, 16951, 0004, 1.56256, 4.8637369
0xEEEE, 52975787, 16952, 0003, 1.57949, 4.8591592
0xEEEE, 52978920, 16953, 0003, 1.57626, 4.8579385
0xEEEE, 52982045, 16954, 0002, 1.18945, 4.8605325
0xEEEE, 52985161, 16955, 0002, 1.18300, 4.8605325
0xEEEE, 52988276, 16956, 0001, 0.78813, 4.8486305
0xEEEE, 52991401, 16957, 0001, 0.78974, 4.8591592
0xEEEE, 52994526, 16958, 0000, 0.39890, 4.8612192
0xEEEE, 52997659, 16959, 0000, 0.01209, 4.8479438
0xEEEE, 53000779, 16960, 0000, 0.01209, 4.8542000
0xEEEE, 53003902, 16961, 0000, 0.01209, 4.8630503
0xEEEE, 53007054, 16962, 0001, 0.01209, 4.8561837
0xEEEE, 53010159, 16963, 0001, 0.01209, 4.8516060
0xEEEE, 53013288, 16964, 0002, 0.40615, 4.8534371
0xEEEE, 53016413, 16965, 0002, 0.38762, 4.8585489
0xEEEE, 53019538, 16966, 0003, 0.78894, 4.8582437
0xEEEE, 53022671, 16967, 0003, 0.78813, 4.8480201
0xEEEE, 53025800, 16968, 0004, 1.18462, 4.8622873
0xEEEE, 53028913, 16969, 0004, 1.18381, 4.8420691
0xEEEE, 53032048, 16970, 0005, 1.57868, 4.8459602
0xEEEE, 53035161, 16971, 0005, 1.57707, 4.8554971
0xEEEE, 53038294, 16972, 0006, 1.97355, 4.8579385
0xEEEE, 53041411, 16973, 0006, 2.35392, 4.8477150
0xEEEE, 53044537, 16974, 0007, 2.36762, 4.8439765
0xEEEE, 53047669, 16975, 0007, 2.40147, 4.8567178
0xEEEE, 53050787, 16976, 0007, 2.55297, 4.8615244
0xEEEE, 53053902, 16977, 0007, 2.55216, 4.8529030
0xEEEE, 53057035, 16978, 0006, 2.59971, 4.8587015
0xEEEE, 53060152, 16979, 0006, 2.55216, 4.8617533
0xEEEE, 53063286, 16980, 0005, 2.36681, 4.8460365
0xEEEE, 53066402, 16981, 0005, 1.97194, 4.8533608
0xEEEE, 53069526, 16982, 0004, 1.97355, 4.8609140
0xEEEE, 53072659, 16983, 0004, 1.95179, 4.8593881
0xEEEE, 53075781, 16984, 0003, 1.57868, 4.8487831
0xEEEE, 53078913, 16985, 0003, 1.57949, 4.8523690
0xEEEE, 53082044, 16986, 0002, 1.11370, 4.8610666
0xEEEE, 53085174, 16987, 0002, 1.18381, 4.8480964
0xEEEE, 53088289, 16988, 0001, 0.78813, 4.8516823
0xEEEE, 53091413, 16989, 0001, 0.39084, 4.8637369
0xEEEE, 53094538, 16990, 0000, 0.39648, 4.8638895
0xEEEE, 53097671, 16991, 0000, 0.38520, 4.8500801
0xEEEE, 53100786, 16992, 0000, 0.01128, 4.8506142
0xEEEE, 53103911, 16993, 0000, 0.01128, 4.8670176
0xEEEE, 53107063, 16994, 0001, 0.01209, 4.8563363
0xEEEE, 53110172, 16995, 0001, 0.01209, 4.8468757
0xEEEE, 53113287, 16996, 0002, 0.37634, 4.8595407
0xEEEE, 53116410, 16997, 0002, 0.78894, 4.8612192
0xEEEE, 53119526, 16998, 0003, 0.78813, 4.8529793
0xEEEE, 53122677, 16999, 0003, 0.78974, 4.8577096
0xEEEE, 53125779, 17000, 0004, 1.17817, 4.8628977
0xEEEE, 53128902, 17001, 0004, 1.16366, 4.8444343
0xEEEE, 53132036, 17002, 0005, 1.57788, 4.8451209
0xEEEE, 53135151, 17003, 0005, 1.57626, 4.8587015
0xEEEE, 53138277, 17004, 0006, 1.97275, 4.8662547
0xEEEE, 53141402, 17005, 0006, 2.35956, 4.8470283
0xEEEE, 53144538, 17006, 0007, 2.36762, 4.8496986
0xEEEE, 53147670, 17007, 0007, 2.38293, 4.8615244
0xEEEE, 53150788, 17008, 0007, 2.54974, 4.8542763
0xEEEE, 53153914, 17009, 0007, 2.55055, 4.8507668
0xEEEE, 53157047, 17010, 0006, 2.52315, 4.8630503
0xEEEE, 53160162, 17011, 0006, 2.55136, 4.8601511
0xEEEE, 53163287, 17012, 0005, 2.36762, 4.8482490
0xEEEE, 53166411, 17013, 0005, 1.96469, 4.8515297
0xEEEE, 53169546, 17014, 0004, 1.97355, 4.8637369
0xEEEE, 53172668, 17015, 0004, 1.97919, 4.8551156
0xEEEE, 53175787, 17016, 0003, 1.57868, 4.8593881
0xEEEE, 53178912, 17017, 0003, 1.58029, 4.8594644
0xEEEE, 53182045, 17018, 0002, 1.18542, 4.8610666
0xEEEE, 53185160, 17019, 0002, 1.18300, 4.8556497
0xEEEE, 53188278, 17020, 0001, 0.78813, 4.8566415
0xEEEE, 53191402, 17021, 0001, 0.79055, 4.8646525
0xEEEE, 53194530, 17022, 0000, 0.39084, 4.8563363
0xEEEE, 53197659, 17023, 0000, 0.38601, 4.8474098
0xEEEE, 53200777, 17024, 0000, 0.01128, 4.8558785
0xEEEE, 53203902, 17025, 0000, 0.01209, 4.8668650
0xEEEE, 53207062, 17026, 0001, 0.01209, 4.8503853
0xEEEE, 53210161, 17027, 0001, 0.40132, 4.8461128
0xEEEE, 53213287, 17028, 0002, 0.38117, 4.8576333
0xEEEE, 53216413, 17029, 0002, 0.39165, 4.8507668
0xEEEE, 53219538, 17030, 0003, 0.78813, 4.8496986
0xEEEE, 53222671, 17031, 0003, 0.78894, 4.8558022
0xEEEE, 53225789, 17032, 0004, 1.18220, 4.8613718
0xEEEE, 53228913, 17033, 0004, 1.18220, 4.8426795
0xEEEE, 53232050, 17034, 0005, 1.57949, 4.8533608
0xEEEE, 53235161, 17035, 0005, 1.97758, 4.8632029
0xEEEE, 53238286, 17036, 0006, 1.97436, 4.8558022
0xEEEE, 53241411, 17037, 0006, 1.97194, 4.8541238
0xEEEE, 53244536, 17038, 0007, 2.31766, 4.8529030
0xEEEE, 53247668, 17039, 0007, 2.36037, 4.8610666
0xEEEE, 53250788, 17040, 0007, 2.55055, 4.8532845
0xEEEE, 53253923, 17041, 0007, 2.52637, 4.8495460
0xEEEE, 53257036, 17042, 0006, 2.53846, 4.8613718
0xEEEE, 53260151, 17043, 0006, 2.36359, 4.8570230
0xEEEE, 53263276, 17044, 0005, 2.40952, 4.8533608
0xEEEE, 53266401, 17045, 0005, 2.37084, 4.8544289
0xEEEE, 53269526, 17046, 0004, 1.97355, 4.8606851
0xEEEE, 53272659, 17047, 0004, 1.97839, 4.8545052
0xEEEE, 53275783, 17048, 0003, 1.57788, 4.8564889
0xEEEE, 53278913, 17049, 0003, 1.57868, 4.8571756
0xEEEE, 53282045, 17050, 0002, 1.16769, 4.8554971
0xEEEE, 53285163, 17051, 0002, 0.78813, 4.8489357
0xEEEE, 53288289, 17052, 0001, 0.78974, 4.8561074
0xEEEE, 53291422, 17053, 0001, 0.78733, 4.8577096
0xEEEE, 53294538, 17054, 0000, 0.39729, 4.8558785
0xEEEE, 53297672, 17055, 0000, 0.39245, 4.8480201
0xEEEE, 53300787, 17056, 0000, 0.01370, 4.8592355
0xEEEE, 53303911, 17057, 0000, 0.01128, 4.8550393
0xEEEE, 53307063, 17058, 0001, 0.01209, 4.8543526
0xEEEE, 53310162, 17059, 0001, 0.39890, 4.8547341
0xEEEE, 53313287, 17060, 0002, 0.41502, 4.8616770
0xEEEE, 53316411, 17061, 0002, 0.42227, 4.8483253
0xEEEE, 53319526, 17062, 0003, 0.78894, 4.8484016
0xEEEE, 53322659, 17063, 0003, 0.78813, 4.8641947
0xEEEE, 53325777, 17064, 0004, 1.18542, 4.8617533
0xEEEE, 53328902, 17065, 0004, 1.18059, 4.8440528
0xEEEE, 53332036, 17066, 0005, 1.57788, 4.8495460
0xEEEE, 53335152, 17067, 0005, 1.57707, 4.8629740
0xEEEE, 53338288, 17068, 0006, 1.90908, 4.8545052
0xEEEE, 53341403, 17069, 0006, 1.97516, 4.8483253
0xEEEE, 53344538, 17070, 0007, 2.36842, 4.8545052
0xEEEE, 53347670, 17071, 0007, 2.36037, 4.8582437
0xEEEE, 53350797, 17072, 0007, 2.55377, 4.8535134
0xEEEE, 53353914, 17073, 0007, 2.55055, 4.8561074
0xEEEE, 53357046, 17074, 0006, 2.55377, 4.8644236
0xEEEE, 53360162, 17075, 0006, 2.54894, 4.8502327
0xEEEE, 53363276, 17076, 0005, 2.38615, 4.8480201
0xEEEE, 53366411, 17077, 0005, 2.36117, 4.8589303
0xEEEE, 53369536, 17078, 0004, 1.97436, 4.8608377
0xEEEE, 53372668, 17079, 0004, 1.97275, 4.8486305
0xEEEE, 53375795, 17080, 0003, 1.57868, 4.8535134
0xEEEE, 53378912, 17081, 0003, 1.18945, 4.8612192
0xEEEE, 53382045, 17082, 0002, 1.17978, 4.8534371
0xEEEE, 53385151, 17083, 0002, 1.18300, 4.8472572
0xEEEE, 53388276, 17084, 0001, 0.78813, 4.8606088
0xEEEE, 53391401, 17085, 0001, 0.78652, 4.8612192
0xEEEE, 53394527, 17086, 0000, 0.38601, 4.8519112
0xEEEE, 53397659, 17087, 0000, 0.38278, 4.8521401
0xEEEE, 53400777, 17088, 0000, 0.01128, 4.8624399
0xEEEE, 53403902, 17089, 0000, 0.01209, 4.8564126
0xEEEE, 53407054, 17090, 0001, 0.01209, 4.8542000
0xEEEE, 53410164, 17091, 0001, 0.01209, 4.8622873
0xEEEE, 53413288, 17092, 0002, 0.40212, 4.8609140
0xEEEE, 53416413, 17093, 0002, 0.40293, 4.8442054
0xEEEE, 53419538, 17094, 0003, 0.78813, 4.8528267
0xEEEE, 53422680, 17095, 0003, 0.78813, 4.8651865
0xEEEE, 53425788, 17096, 0004, 1.18059, 4.8606088
0xEEEE, 53428914, 17097, 0004, 1.54161, 4.8479438
0xEEEE, 53432052, 17098, 0005, 1.57868, 4.8561837
0xEEEE, 53435169, 17099, 0005, 1.58271, 4.8663310
0xEEEE, 53438287, 17100, 0006, 1.97275, 4.8540475
0xEEEE, 53441411, 17101, 0006, 1.97436, 4.8543526
0xEEEE, 53444536, 17102, 0007, 2.36762, 4.8595407
0xEEEE, 53447669, 17103, 0007, 2.36601, 4.8531319
0xEEEE, 53450786, 17104, 0007, 2.55216, 4.8434424
0xEEEE, 53453902, 17105, 0007, 2.55136, 4.8590829
0xEEEE, 53457035, 17106, 0006, 2.55619, 4.8613718
0xEEEE, 53460152, 17107, 0006, 2.55055, 4.8485542
0xEEEE, 53463276, 17108, 0005, 2.36681, 4.8464942
0xEEEE, 53466401, 17109, 0005, 2.36520, 4.8615244
0xEEEE, 53469526, 17110, 0004, 1.97355, 4.8562600
0xEEEE, 53472659, 17111, 0004, 1.97033, 4.8579385
0xEEEE, 53475784, 17112, 0003, 1.57788, 4.8622873
0xEEEE, 53478913, 17113, 0003, 1.18542, 4.8599985
0xEEEE, 53482055, 17114, 0002, 1.16930, 4.8458839
0xEEEE, 53485163, 17115, 0002, 1.18381, 4.8470283
0xEEEE, 53488288, 17116, 0001, 0.78894, 4.8610666
0xEEEE, 53491413, 17117, 0001, 0.78733, 4.8610666
0xEEEE, 53494538, 17118, 0000, 0.39084, 4.8517586
0xEEEE, 53497674, 17119, 0000, 0.39165, 4.8547341
0xEEEE, 53500787, 17120, 0000, 0.01209, 4.8612192
0xEEEE, 53503911, 17121, 0000, 0.01209, 4.8468757
0xEEEE, 53507084, 17122, 0001, 0.01451, 4.8570230
0xEEEE, 53510161, 17123, 0001, 0.01209, 4.8599222
0xEEEE, 53513286, 17124, 0002, 0.38198, 4.8602274
0xEEEE, 53516411, 17125, 0002, 0.36828, 4.8451209
0xEEEE, 53519544, 17126, 0003, 0.78974, 4.8532082
0xEEEE, 53522659, 17127, 0003, 1.18300, 4.8616770
0xEEEE, 53525777, 17128, 0004, 1.18381, 4.8551919
0xEEEE, 53528902, 17129, 0004, 1.18220, 4.8484779
0xEEEE, 53532035, 17130, 0005, 1.57788, 4.8590066
0xEEEE, 53535152, 17131, 0005, 1.57788, 4.8590829
0xEEEE, 53538276, 17132, 0006, 1.97355, 4.8522164
0xEEEE, 53541404, 17133, 0006, 1.97275, 4.8566415
0xEEEE, 53544538, 17134, 0007, 2.36842, 4.8596933
0xEEEE, 53547670, 17135, 0007, 2.52718, 4.8417639
0xEEEE, 53550789, 17136, 0007, 2.55216, 4.8465705
0xEEEE, 53553914, 17137, 0007, 2.55055, 4.8640421
0xEEEE, 53557047, 17138, 0006, 2.55377, 4.8660258
0xEEEE, 53560163, 17139, 0006, 2.55216, 4.8479438
0xEEEE, 53563278, 17140, 0005, 2.36681, 4.8590066
0xEEEE, 53566432, 17141, 0005, 2.36762, 4.8603799
0xEEEE, 53569536, 17142, 0004, 1.97516, 4.8559548
0xEEEE, 53572668, 17143, 0004, 1.57626, 4.8577859
0xEEEE, 53575787, 17144, 0003, 1.57949, 4.8603799
0xEEEE, 53578912, 17145, 0003, 1.57626, 4.8634318
0xEEEE, 53582045, 17146, 0002, 1.16286, 4.8467994
0xEEEE, 53585151, 17147, 0002, 1.18300, 4.8514534
0xEEEE, 53588276, 17148, 0001, 0.78894, 4.8631266
0xEEEE, 53591402, 17149, 0001, 0.78894, 4.8603037
0xEEEE, 53594527, 17150, 0000, 0.39165, 4.8487068
0xEEEE, 53597659, 17151, 0000, 0.01209, 4.8579385
0xEEEE, 53600777, 17152, 0000, 0.01209, 4.8650340
0xEEEE, 53603911, 17153, 0000, 0.01531, 4.8631266
0xEEEE, 53607054, 17154, 0001, 0.01128, 4.8574807
0xEEEE, 53610164, 17155, 0001, 0.01209, 4.8632792
0xEEEE, 53613288, 17156, 0002, 0.38601, 4.8570993
0xEEEE, 53616413, 17157, 0002, 0.40293, 4.8525216
0xEEEE, 53619539, 17158, 0003, 0.78733, 4.8582437
0xEEEE, 53622671, 17159, 0003, 1.18381, 4.8637369
0xEEEE, 53625789, 17160, 0004, 1.18381, 4.8522927
0xEEEE, 53628913, 17161, 0004, 1.18784, 4.8525978
0xEEEE, 53632054, 17162, 0005, 1.57868, 4.8599985
0xEEEE, 53635161, 17163, 0005, 1.57949, 4.8608377
0xEEEE, 53638286, 17164, 0006, 1.98322, 4.8617533
0xEEEE, 53641411, 17165, 0006, 1.97275, 4.8584726
0xEEEE, 53644537, 17166, 0007, 2.34908, 4.8562600
0xEEEE, 53647669, 17167, 0007, 2.36278, 4.8469520
0xEEEE, 53650797, 17168, 0007, 2.55136, 4.8460365
0xEEEE, 53653902, 17169, 0007, 2.58520, 4.8641184
0xEEEE, 53657035, 17170, 0006, 2.54571, 4.8570993
0xEEEE, 53660151, 17171, 0006, 2.55216, 4.8528267
0xEEEE, 53663276, 17172, 0005, 2.29751, 4.8538186
0xEEEE, 53666401, 17173, 0005, 1.98000, 4.8616770
0xEEEE, 53669526, 17174, 0004, 1.97355, 4.8471809
0xEEEE, 53672659, 17175, 0004, 1.97758, 4.8572519
0xEEEE, 53675785, 17176, 0003, 1.58755, 4.8612192
0xEEEE, 53678914, 17177, 0003, 1.57788, 4.8551156
0xEEEE, 53682044, 17178, 0002, 1.18300, 4.8399329
0xEEEE, 53685163, 17179, 0002, 1.20234, 4.8586252
0xEEEE, 53688297, 17180, 0001, 0.78813, 4.8591592
0xEEEE, 53691413, 17181, 0001, 0.39165, 4.8560311
0xEEEE, 53694538, 17182, 0000, 0.39245, 4.8479438
0xEEEE, 53697675, 17183, 0000, 0.39326, 4.8603037
0xEEEE, 53700786, 17184, 0000, 0.01209, 4.8566415
0xEEEE, 53703912, 17185, 0000, 0.01209, 4.8576333
0xEEEE, 53707063, 17186, 0001, 0.01128, 4.8622873
0xEEEE, 53710161, 17187, 0001, 0.01209, 4.8655680
0xEEEE, 53713286, 17188, 0002, 0.39165, 4.8543526
0xEEEE, 53716411, 17189, 0002, 0.78249, 4.8478676
0xEEEE, 53719526, 17190, 0003, 0.76879, 4.8619821
0xEEEE, 53722659, 17191, 0003, 0.78894, 4.8632792
0xEEEE, 53725777, 17192, 0004, 1.18139, 4.8495460
0xEEEE, 53728902, 17193, 0004, 1.18381, 4.8484779
0xEEEE, 53732037, 17194, 0005, 1.51582, 4.8650340
0xEEEE, 53735162, 17195, 0005, 1.57868, 4.8576333
0xEEEE, 53738276, 17196, 0006, 1.97597, 4.8493935
0xEEEE, 53741406, 17197, 0006, 2.36601, 4.8594644
0xEEEE, 53744537, 17198, 0007, 2.37890, 4.8564126
0xEEEE, 53747679, 17199, 0007, 2.36842, 4.8423743
0xEEEE, 53750790, 17200, 0007, 2.54974, 4.8549630
0xEEEE, 53753914, 17201, 0007, 2.55297, 4.8626688
0xEEEE, 53757046, 17202, 0006, 2.55297, 4.8561074
0xEEEE, 53760163, 17203, 0006, 2.60051, 4.8490883
0xEEEE, 53763278, 17204, 0005, 2.36681, 4.8564889
0xEEEE, 53766411, 17205, 0005, 1.97194, 4.8548867
0xEEEE, 53769536, 17206, 0004, 1.96308, 4.8522164
0xEEEE, 53772675, 17207, 0004, 1.97436, 4.8561837
0xEEEE, 53775787, 17208, 0003, 1.60286, 4.8619059
0xEEEE, 53778912, 17209, 0003, 1.57868, 4.8535897
0xEEEE, 53782045, 17210, 0002, 1.18220, 4.8451209
0xEEEE, 53785151, 17211, 0002, 1.17897, 4.8608377
0xEEEE, 53788277, 17212, 0001, 0.75026, 4.8647288
0xEEEE, 53791402, 17213, 0001, 0.39326, 4.8573281
0xEEEE, 53794527, 17214, 0000, 0.39326, 4.8513008
0xEEEE, 53797659, 17215, 0000, 0.39326, 4.8574044
0xEEEE, 53800777, 17216, 0000, 0.01209, 4.8473335
0xEEEE, 53803902, 17217, 0000, 0.01209, 4.8508431
0xEEEE, 53807054, 17218, 0001, 0.01209, 4.8632792
0xEEEE, 53810164, 17219, 0001, 0.01209, 4.8588540
0xEEEE, 53813289, 17220, 0002, 0.39165, 4.8512245
0xEEEE, 53816413, 17221, 0002, 0.39245, 4.8531319
0xEEEE, 53819547, 17222, 0003, 0.78894, 4.8630503
0xEEEE, 53822672, 17223, 0003, 0.79216, 4.8594644
0xEEEE, 53825788, 17224, 0004, 1.18381, 4.8564126
0xEEEE, 53828902, 17225, 0004, 1.18300, 4.8528267
0xEEEE, 53832062, 17226, 0005, 1.57788, 4.8562600
0xEEEE, 53835161, 17227, 0005, 1.97275, 4.8513771
0xEEEE, 53838286, 17228, 0006, 1.97597, 4.8475624
0xEEEE, 53841412, 17229, 0006, 1.97275, 4.8614481
0xEEEE, 53844536, 17230, 0007, 2.36601, 4.8524453
0xEEEE, 53847669, 17231, 0007, 2.36762, 4.8458076
0xEEEE, 53850786, 17232, 0007, 2.55055, 4.8588540
0xEEEE, 53853902, 17233, 0007, 2.55216, 4.8567178
0xEEEE, 53857036, 17234, 0006, 2.55136, 4.8593118
0xEEEE, 53860151, 17235, 0006, 2.36681, 4.8504616
0xEEEE, 53863276, 17236, 0005, 2.36520, 4.8599222
0xEEEE, 53866402, 17237, 0005, 2.36842, 4.8616007
0xEEEE, 53869526, 17238, 0004, 1.96952, 4.8503853
0xEEEE, 53872659, 17239, 0004, 1.97355, 4.8615244
0xEEEE, 53875789, 17240, 0003, 1.58674, 4.8610666
0xEEEE, 53878924, 17241, 0003, 1.51985, 4.8502327
0xEEEE, 53882044, 17242, 0002, 1.18462, 4.8487068
0xEEEE, 53885163, 17243, 0002, 0.78571, 4.8609903
0xEEEE, 53888289, 17244, 0001, 0.78652, 4.8581674
0xEEEE, 53891412, 17245, 0001, 0.78813, 4.8503090
0xEEEE, 53894538, 17246, 0000, 0.39245, 4.8534371
0xEEEE, 53897677, 17247, 0000, 0.39326, 4.8603799
0xEEEE, 53900787, 17248, 0000, 0.01048, 4.8529030
0xEEEE, 53903914, 17249, 0000, 0.01128, 4.8533608
0xEEEE, 53907063, 17250, 0001, 0.01209, 4.8638895
0xEEEE, 53910161, 17251, 0001, 0.39407, 4.8595407
0xEEEE, 53913286, 17252, 0002, 0.39245, 4.8471046
0xEEEE, 53916419, 17253, 0002, 0.39245, 4.8486305
0xEEEE, 53919526, 17254, 0003, 0.78894, 4.8662547
0xEEEE, 53922659, 17255, 0003, 0.78249, 4.8595407
0xEEEE, 53925777, 17256, 0004, 1.20234, 4.8515297
0xEEEE, 53928902, 17257, 0004, 1.18300, 4.8606851
0xEEEE, 53932035, 17258, 0005, 1.57546, 4.8522164
0xEEEE, 53935151, 17259, 0005, 1.97275, 4.8573281
0xEEEE, 53938278, 17260, 0006, 1.97355, 4.8595407
0xEEEE, 53941408, 17261, 0006, 1.97436, 4.8621347
0xEEEE, 53944537, 17262, 0007, 2.37084, 4.8569467
0xEEEE, 53947670, 17263, 0007, 2.36681, 4.8537423
0xEEEE, 53950789, 17264, 0007, 2.52637, 4.8588540
0xEEEE, 53953915, 17265, 0007, 2.55216, 4.8588540
0xEEEE, 53957047, 17266, 0006, 2.55216, 4.8570230
0xEEEE, 53960163, 17267, 0006, 2.59004, 4.8507668
0xEEEE, 53963302, 17268, 0005, 2.36762, 4.8583963
0xEEEE, 53966411, 17269, 0005, 2.36842, 4.8455787
0xEEEE, 53969536, 17270, 0004, 1.98000, 4.8537423
0xEEEE, 53972668, 17271, 0004, 1.97436, 4.8615244
0xEEEE, 53975787, 17272, 0003, 1.58029, 4.8562600
0xEEEE, 53978912, 17273, 0003, 1.18381, 4.8478676
0xEEEE, 53982045, 17274, 0002, 1.18381, 4.8453498
0xEEEE, 53985152, 17275, 0002, 1.18220, 4.8614481
0xEEEE, 53988277, 17276, 0001, 0.78410, 4.8554208
0xEEEE, 53991401, 17277, 0001, 0.76879, 4.8520638
0xEEEE, 53994526, 17278, 0000, 0.40938, 4.8571756
0xEEEE, 53997659, 17279, 0000, 0.39165, 4.8563363
0xEEEE, 54000787, 17280, 0000, 0.01209, 4.8577096
0xEEEE, 54003902, 17281, 0000, 0.01209, 4.8543526
0xEEEE, 54007057, 17282, 0001, 0.01209, 4.8680858
0xEEEE, 54010164, 17283, 0001, 0.01209, 4.8493935
0xEEEE, 54013288, 17284, 0002, 0.39245, 4.8453498
0xEEEE, 54016413, 17285, 0002, 0.39245, 4.8594644
0xEEEE, 54019539, 17286, 0003, 0.78974, 4.8616770
0xEEEE, 54022671, 17287, 0003, 0.78571, 4.8480201
0xEEEE, 54025788, 17288, 0004, 1.17495, 4.8498512
0xEEEE, 54028902, 17289, 0004, 1.57707, 4.8630503
0xEEEE, 54032054, 17290, 0005, 1.57868, 4.8537423
0xEEEE, 54035161, 17291, 0005, 1.58029, 4.8460365
0xEEEE, 54038286, 17292, 0006, 1.97194, 4.8641184
0xEEEE, 54041412, 17293, 0006, 1.95985, 4.8616770
0xEEEE, 54044537, 17294, 0007, 2.36762, 4.8473335
0xEEEE, 54047679, 17295, 0007, 2.35473, 4.8543526
0xEEEE, 54050777, 17296, 0007, 2.55861, 4.8607614
0xEEEE, 54053902, 17297, 0007, 2.55216, 4.8587015
0xEEEE, 54057036, 17298, 0006, 2.53363, 4.8484779
0xEEEE, 54060151, 17299, 0006, 2.54733, 4.8565652
0xEEEE, 54063278, 17300, 0005, 2.36762, 4.8534371
0xEEEE, 54066402, 17301, 0005, 2.37004, 4.8450446
0xEEEE, 54069527, 17302, 0004, 1.97194, 4.8545815
0xEEEE, 54072659, 17303, 0004, 1.95099, 4.8613718
0xEEEE, 54075788, 17304, 0003, 1.57868, 4.8593881
0xEEEE, 54078913, 17305, 0003, 1.21282, 4.8430610
0xEEEE, 54082044, 17306, 0002, 1.18381, 4.8526741
0xEEEE, 54085171, 17307, 0002, 1.18462, 4.8594644
0xEEEE, 54088288, 17308, 0001, 0.78652, 4.8506142
0xEEEE, 54091412, 17309, 0001, 0.79538, 4.8535897
0xEEEE, 54094538, 17310, 0000, 0.41179, 4.8570230
0xEEEE, 54097680, 17311, 0000, 0.38037, 4.8519112
0xEEEE, 54100787, 17312, 0000, 0.01289, 4.8498512
0xEEEE, 54103911, 17313, 0000, 0.01209, 4.8675517
0xEEEE, 54107073, 17314, 0001, 0.01209, 4.8620584
0xEEEE, 54110161, 17315, 0001, 0.01128, 4.8465705
0xEEEE, 54113285, 17316, 0002, 0.39245, 4.8502327
0xEEEE, 54116411, 17317, 0002, 0.39326, 4.8600748
0xEEEE, 54119526, 17318, 0003, 0.78813, 4.8567941
0xEEEE, 54122659, 17319, 0003, 0.78813, 4.8471809
0xEEEE, 54125778, 17320, 0004, 1.19187, 4.8599222
0xEEEE, 54128902, 17321, 0004, 1.18381, 4.8605325
0xEEEE, 54132044, 17322, 0005, 1.57868, 4.8487068
0xEEEE, 54135151, 17323, 0005, 1.57707, 4.8516823
0xEEEE, 54138277, 17324, 0006, 1.97275, 4.8644999
0xEEEE, 54141409, 17325, 0006, 1.97839, 4.8570230
0xEEEE, 54144546, 17326, 0007, 2.36681, 4.8452735
0xEEEE, 54147670, 17327, 0007, 2.55136, 4.8575570
0xEEEE, 54150789, 17328, 0007, 2.55377, 4.8590829
0xEEEE, 54153913, 17329, 0007, 2.55136, 4.8554971
0xEEEE, 54157046, 17330, 0006, 2.55538, 4.8521401
0xEEEE, 54160163, 17331, 0006, 2.55055, 4.8614481
0xEEEE, 54163281, 17332, 0005, 2.36681, 4.8575570
0xEEEE, 54166411, 17333, 0005, 2.35311, 4.8480964
0xEEEE, 54169536, 17334, 0004, 1.97436, 4.8575570
0xEEEE, 54172668, 17335, 0004, 1.57868, 4.8593881
0xEEEE, 54175788, 17336, 0003, 1.57788, 4.8552682
0xEEEE, 54178911, 17337, 0003, 1.58593, 4.8474098
0xEEEE, 54182044, 17338, 0002, 1.22410, 4.8594644
0xEEEE, 54185152, 17339, 0002, 1.18381, 4.8542000
0xEEEE, 54188278, 17340, 0001, 0.78813, 4.8620584
0xEEEE, 54191401, 17341, 0001, 0.78410, 4.8581674
0xEEEE, 54194526, 17342, 0000, 0.37956, 4.8594644
0xEEEE, 54197659, 17343, 0000, 0.01531, 4.8512245
0xEEEE, 54200777, 17344, 0000, 0.01209, 4.8499275
0xEEEE, 54203902, 17345, 0000, 0.01209, 4.8641947
0xEEEE, 54207058, 17346, 0001, 0.01209, 4.8564126
0xEEEE, 54210164, 17347, 0001, 0.01209, 4.8553445
0xEEEE, 54213288, 17348, 0002, 0.43516, 4.8535134
0xEEEE, 54216422, 17349, 0002, 0.39245, 4.8579385
0xEEEE, 54219539, 17350, 0003, 0.78813, 4.8559548
0xEEEE, 54222671, 17351, 0003, 1.18381, 4.8527504
0xEEEE, 54225788, 17352, 0004, 1.18059, 4.8632029
0xEEEE, 54228924, 17353, 0004, 1.15238, 4.8518349
0xEEEE, 54232043, 17354, 0005, 1.57949, 4.8501564
0xEEEE, 54235161, 17355, 0005, 1.57546, 4.8539712
0xEEEE, 54238286, 17356, 0006, 1.97275, 4.8669413
0xEEEE, 54241412, 17357, 0006, 1.97355, 4.8546578
0xEEEE, 54244537, 17358, 0007, 2.36681, 4.8501564
0xEEEE, 54247669, 17359, 0007, 2.59810, 4.8587015
0xEEEE, 54250778, 17360, 0007, 2.55216, 4.8569467
0xEEEE, 54253901, 17361, 0007, 2.55055, 4.8543526
0xEEEE, 54257036, 17362, 0006, 2.55136, 4.8549630
0xEEEE, 54260151, 17363, 0006, 2.55136, 4.8635080
0xEEEE, 54263277, 17364, 0005, 2.36681, 4.8530556
0xEEEE, 54266402, 17365, 0005, 2.36842, 4.8442054
0xEEEE, 54269526, 17366, 0004, 1.97275, 4.8617533
0xEEEE, 54272660, 17367, 0004, 1.59963, 4.8638132
0xEEEE, 54275799, 17368, 0003, 1.57949, 4.8537423
0xEEEE, 54278914, 17369, 0003, 1.57546, 4.8540475
0xEEEE, 54282044, 17370, 0002, 1.21685, 4.8619821
0xEEEE, 54285164, 17371, 0002, 1.18300, 4.8550393
0xEEEE, 54288289, 17372, 0001, 0.78894, 4.8522164
0xEEEE, 54291412, 17373, 0001, 0.78974, 4.8595407
0xEEEE, 54294527, 17374, 0000, 0.39487, 4.8574044
0xEEEE, 54297680, 17375, 0000, 0.38278, 4.8583963
0xEEEE, 54300786, 17376, 0000, 0.01209, 4.8529030
0xEEEE, 54303911, 17377, 0000, 0.01209, 4.8662547
0xEEEE, 54307063, 17378, 0001, 0.01209, 4.8583963
0xEEEE, 54310162, 17379, 0001, 0.01128, 4.8523690
0xEEEE, 54313295, 17380, 0002, 0.41421, 4.8581674
0xEEEE, 54316410, 17381, 0002, 0.72930, 4.8525978
0xEEEE, 54319527, 17382, 0003, 0.78894, 4.8521401
0xEEEE, 54322659, 17383, 0003, 0.78894, 4.8564889
0xEEEE, 54325777, 17384, 0004, 1.18300, 4.8658732
0xEEEE, 54328901, 17385, 0004, 1.17817, 4.8494697
0xEEEE, 54332036, 17386, 0005, 1.57868, 4.8463416
0xEEEE, 54335151, 17387, 0005, 1.57788, 4.8587778
0xEEEE, 54338276, 17388, 0006, 1.97436, 4.8642710
0xEEEE, 54341411, 17389, 0006, 2.36440, 4.8545052
0xEEEE, 54344538, 17390, 0007, 2.36762, 4.8602274
0xEEEE, 54347670, 17391, 0007, 2.37487, 4.8595407
0xEEEE, 54350789, 17392, 0007, 2.55216, 4.8592355
0xEEEE, 54353914, 17393, 0007, 2.55458, 4.8532845
0xEEEE, 54357046, 17394, 0006, 2.56908, 4.8587778
0xEEEE, 54360174, 17395, 0006, 2.55136, 4.8654917
0xEEEE, 54363283, 17396, 0005, 2.36762, 4.8439765
0xEEEE, 54366411, 17397, 0005, 1.98564, 4.8489357
0xEEEE, 54369536, 17398, 0004, 1.97436, 4.8637369
0xEEEE, 54372676, 17399, 0004, 1.97758, 4.8489357
0xEEEE, 54375787, 17400, 0003, 1.57868, 4.8575570
0xEEEE, 54378911, 17401, 0003, 1.57788, 4.8586252
0xEEEE, 54382045, 17402, 0002, 1.16769, 4.8544289
0xEEEE, 54385152, 17403, 0002, 1.18300, 4.8503090
0xEEEE, 54388276, 17404, 0001, 0.78813, 4.8557259
0xEEEE, 54391401, 17405, 0001, 0.39165, 4.8635080
0xEEEE, 54394527, 17406, 0000, 0.39084, 4.8575570
0xEEEE, 54397667, 17407, 0000, 0.38923, 4.8443580
0xEEEE, 54400777, 17408, 0000, 0.01128, 4.8580911
0xEEEE, 54403902, 17409, 0000, 0.01209, 4.8623636
0xEEEE, 54407060, 17410, 0001, 0.01209, 4.8604562
0xEEEE, 54410164, 17411, 0001, 0.01128, 4.8502327
0xEEEE, 54413288, 17412, 0002, 0.39890, 4.8625162
0xEEEE, 54416413, 17413, 0002, 0.78652, 4.8569467
0xEEEE, 54419539, 17414, 0003, 0.75509, 4.8466468
0xEEEE, 54422671, 17415, 0003, 0.78813, 4.8609903
0xEEEE, 54425789, 17416, 0004, 1.18300, 4.8600748
0xEEEE, 54428905, 17417, 0004, 1.18139, 4.8493935
0xEEEE, 54432043, 17418, 0005, 1.57788, 4.8470283
0xEEEE, 54435161, 17419, 0005, 1.57949, 4.8612955
0xEEEE, 54438287, 17420, 0006, 1.97516, 4.8612955
0xEEEE, 54441412, 17421, 0006, 1.97355, 4.8512245
0xEEEE, 54444546, 17422, 0007, 2.35150, 4.8558785
0xEEEE, 54447668, 17423, 0007, 2.36520, 4.8564889
0xEEEE, 54450777, 17424, 0007, 2.55216, 4.8535134
0xEEEE, 54453902, 17425, 0007, 2.54168, 4.8565652
0xEEEE, 54457044, 17426, 0006, 2.54974, 4.8648051
0xEEEE, 54460152, 17427, 0006, 2.36601, 4.8593118
0xEEEE, 54463277, 17428, 0005, 2.38374, 4.8421454
0xEEEE, 54466401, 17429, 0005, 2.36842, 4.8589303
0xEEEE, 54469526, 17430, 0004, 1.98886, 4.8599985
0xEEEE, 54472661, 17431, 0004, 1.97597, 4.8541238
0xEEEE, 54475788, 17432, 0003, 1.57949, 4.8522927
0xEEEE, 54478913, 17433, 0003, 1.57788, 4.8578622
0xEEEE, 54482049, 17434, 0002, 1.18945, 4.8493935
0xEEEE, 54485164, 17435, 0002, 0.78894, 4.8493935
0xEEEE, 54488289, 17436, 0001, 0.78894, 4.8573281
0xEEEE, 54491413, 17437, 0001, 0.78974, 4.8619821
0xEEEE, 54494527, 17438, 0000, 0.39245, 4.8513008
0xEEEE, 54497679, 17439, 0000, 0.39245, 4.8417639
0xEEEE, 54500788, 17440, 0000, 0.01128, 4.8596170
0xEEEE, 54503922, 17441, 0000, 0.01209, 4.8578622
0xEEEE, 54507062, 17442, 0001, 0.01209, 4.8593118
0xEEEE, 54510162, 17443, 0001, 0.39487, 4.8532845
0xEEEE, 54513285, 17444, 0002, 0.39004, 4.8589303
0xEEEE, 54516402, 17445, 0002, 0.38842, 4.8487068
0xEEEE, 54519526, 17446, 0003, 0.80586, 4.8578622
0xEEEE, 54522659, 17447, 0003, 0.78813, 4.8641184
0xEEEE, 54525777, 17448, 0004, 1.18381, 4.8517586
0xEEEE, 54528912, 17449, 0004, 1.18381, 4.8441291
0xEEEE, 54532036, 17450, 0005, 1.51179, 4.8536660
0xEEEE, 54535151, 17451, 0005, 1.97275, 4.8648814
0xEEEE, 54538276, 17452, 0006, 1.98081, 4.8516060
0xEEEE, 54541422, 17453, 0006, 1.97355, 4.8588540
0xEEEE, 54544538, 17454, 0007, 2.36601, 4.8607614
0xEEEE, 54547670, 17455, 0007, 2.36681, 4.8593881
0xEEEE, 54550789, 17456, 0007, 2.55216, 4.8498512
0xEEEE, 54553914, 17457, 0007, 2.55136, 4.8559548
0xEEEE, 54557046, 17458, 0006, 2.55136, 4.8641947
0xEEEE, 54560163, 17459, 0006, 2.36681, 4.8528267
0xEEEE, 54563287, 17460, 0005, 2.36923, 4.8468757
0xEEEE, 54566411, 17461, 0005, 2.36762, 4.8564889
0xEEEE, 54569536, 17462, 0004, 1.97436, 4.8635080
0xEEEE, 54572669, 17463, 0004, 1.97194, 4.8564889
0xEEEE, 54575787, 17464, 0003, 1.58996, 4.8564889
0xEEEE, 54578911, 17465, 0003, 1.57949, 4.8609140
0xEEEE, 54582044, 17466, 0002, 1.18300, 4.8543526
0xEEEE, 54585151, 17467, 0002, 0.78088, 4.8502327
0xEEEE, 54588287, 17468, 0001, 0.77927, 4.8630503
0xEEEE, 54591401, 17469, 0001, 0.78813, 4.8603037
0xEEEE, 54594526, 17470, 0000, 0.39245, 4.8442054
0xEEEE, 54597659, 17471, 0000, 0.39245, 4.8479438
0xEEEE, 54600777, 17472, 0000, 0.01128, 4.8623636
0xEEEE, 54603902, 17473, 0000, 0.01209, 4.8548867
0xEEEE, 54607061, 17474, 0001, 0.01128, 4.8569467
0xEEEE, 54610164, 17475, 0001, 0.01209, 4.8618296
0xEEEE, 54613289, 17476, 0002, 0.39407, 4.8632029
0xEEEE, 54616413, 17477, 0002, 0.39084, 4.8651865
0xEEEE, 54619539, 17478, 0003, 0.78813, 4.8587015
0xEEEE, 54622671, 17479, 0003, 0.76879, 4.8692302
0xEEEE, 54625798, 17480, 0004, 1.18300, 4.8618296
0xEEEE, 54628907, 17481, 0004, 1.57707, 4.8492409
0xEEEE, 54632043, 17482, 0005, 1.58755, 4.8554208
0xEEEE, 54635161, 17483, 0005, 1.57868, 4.8590066
0xEEEE, 54638286, 17484, 0006, 1.97436, 4.8505379
0xEEEE, 54641411, 17485, 0006, 1.97355, 4.8527504
0xEEEE, 54644536, 17486, 0007, 2.36440, 4.8608377
0xEEEE, 54647668, 17487, 0007, 2.36681, 4.8533608
0xEEEE, 54650777, 17488, 0007, 2.55216, 4.8529793
0xEEEE, 54653902, 17489, 0007, 2.57392, 4.8631266
0xEEEE, 54657035, 17490, 0006, 2.55216, 4.8551919
0xEEEE, 54660152, 17491, 0006, 2.55216, 4.8439002
0xEEEE, 54663276, 17492, 0005, 2.36681, 4.8527504
0xEEEE, 54666401, 17493, 0005, 2.36762, 4.8562600
0xEEEE, 54669527, 17494, 0004, 1.95179, 4.8575570
0xEEEE, 54672674, 17495, 0004, 1.97355, 4.8509194
0xEEEE, 54675788, 17496, 0003, 1.57304, 4.8628977
0xEEEE, 54678913, 17497, 0003, 1.18381, 4.8594644
0xEEEE, 54682045, 17498, 0002, 1.18220, 4.8505379
0xEEEE, 54685164, 17499, 0002, 1.19106, 4.8559548
0xEEEE, 54688289, 17500, 0001, 0.82198, 4.8677806
0xEEEE, 54691413, 17501, 0001, 0.78813, 4.8506142
0xEEEE, 54694527, 17502, 0000, 0.39245, 4.8560311
0xEEEE, 54697679, 17503, 0000, 0.39245, 4.8551919
0xEEEE, 54700786, 17504, 0000, 0.01209, 4.8570230
0xEEEE, 54703912, 17505, 0000, 0.01128, 4.8519875
0xEEEE, 54707063, 17506, 0001, 0.01128, 4.8551919
0xEEEE, 54710170, 17507, 0001, 0.01209, 4.8557259
0xEEEE, 54713286, 17508, 0002, 0.39326, 4.8490120
0xEEEE, 54716401, 17509, 0002, 0.39245, 4.8455024
0xEEEE, 54719526, 17510, 0003, 0.78571, 4.8595407
0xEEEE, 54722659, 17511, 0003, 0.78571, 4.8658732
0xEEEE, 54725777, 17512, 0004, 1.18381, 4.8551156
0xEEEE, 54728902, 17513, 0004, 1.57788, 4.8534371
0xEEEE, 54732035, 17514, 0005, 1.58110, 4.8603799
0xEEEE, 54735151, 17515, 0005, 1.57868, 4.8538186
0xEEEE, 54738277, 17516, 0006, 1.97355, 4.8511482
0xEEEE, 54741413, 17517, 0006, 2.01868, 4.8609140
0xEEEE, 54744538, 17518, 0007, 2.36601, 4.8545052
0xEEEE, 54747670, 17519, 0007, 2.36681, 4.8470283
0xEEEE, 54750789, 17520, 0007, 2.57392, 4.8517586
0xEEEE, 54753914, 17521, 0007, 2.55700, 4.8654154
0xEEEE, 54757055, 17522, 0006, 2.55216, 4.8538186
0xEEEE, 54760151, 17523, 0006, 2.54571, 4.8545052
0xEEEE, 54763286, 17524, 0005, 2.36278, 4.8557259
0xEEEE, 54766411, 17525, 0005, 2.36762, 4.8613718
0xEEEE, 54769544, 17526, 0004, 1.97919, 4.8551919
0xEEEE, 54772668, 17527, 0004, 1.57949, 4.8542763
0xEEEE, 54775787, 17528, 0003, 1.57707, 4.8606088
0xEEEE, 54778911, 17529, 0003, 1.57949, 4.8594644
0xEEEE, 54782045, 17530, 0002, 1.18300, 4.8483253
0xEEEE, 54785151, 17531, 0002, 1.17978, 4.8594644
0xEEEE, 54788276, 17532, 0001, 0.77766, 4.8599985
0xEEEE, 54791401, 17533, 0001, 0.82359, 4.8548867
0xEEEE, 54794535, 17534, 0000, 0.39326, 4.8632792
0xEEEE, 54797659, 17535, 0000, 0.01209, 4.8596933
0xEEEE, 54800777, 17536, 0000, 0.01209, 4.8529793
0xEEEE, 54803902, 17537, 0000, 0.01209, 4.8543526
0xEEEE, 54807062, 17538, 0001, 0.01128, 4.8554208
0xEEEE, 54810164, 17539, 0001, 0.01209, 4.8605325
0xEEEE, 54813289, 17540, 0002, 0.39245, 4.8503853
0xEEEE, 54816413, 17541, 0002, 0.39326, 4.8489357
0xEEEE, 54819539, 17542, 0003, 0.78894, 4.8601511
0xEEEE, 54822671, 17543, 0003, 1.17736, 4.8550393
0xEEEE, 54825789, 17544, 0004, 1.16366, 4.8521401
0xEEEE, 54828908, 17545, 0004, 1.18381, 4.8611429
0xEEEE, 54832042, 17546, 0005, 1.57868, 4.8486305
0xEEEE, 54835161, 17547, 0005, 1.56901, 4.8524453
0xEEEE, 54838286, 17548, 0006, 1.97275, 4.8520638
0xEEEE, 54841421, 17549, 0006, 1.95905, 4.8644999
0xEEEE, 54844536, 17550, 0007, 2.36842, 4.8526741
0xEEEE, 54847668, 17551, 0007, 2.55055, 4.8490883
0xEEEE, 54850777, 17552, 0007, 2.54974, 4.8561837
0xEEEE, 54853911, 17553, 0007, 2.54974, 4.8646525
0xEEEE, 54857035, 17554, 0006, 2.55136, 4.8506905
0xEEEE, 54860151, 17555, 0006, 2.56344, 4.8567941
0xEEEE, 54863276, 17556, 0005, 2.36762, 4.8580148
0xEEEE, 54866401, 17557, 0005, 2.32813, 4.8551919
0xEEEE, 54869526, 17558, 0004, 1.97597, 4.8545052
0xEEEE, 54872664, 17559, 0004, 1.57788, 4.8575570
0xEEEE, 54875789, 17560, 0003, 1.57868, 4.8629740
0xEEEE, 54878914, 17561, 0003, 1.54725, 4.8515297
0xEEEE, 54882045, 17562, 0002, 1.18381, 4.8488594
0xEEEE, 54885164, 17563, 0002, 1.18220, 4.8632792
0xEEEE, 54888288, 17564, 0001, 0.78733, 4.8611429
0xEEEE, 54891413, 17565, 0001, 0.80183, 4.8478676
0xEEEE, 54894528, 17566, 0000, 0.38520, 4.8539712
0xEEEE, 54897668, 17567, 0000, 0.01128, 4.8577096
0xEEEE, 54900797, 17568, 0000, 0.01128, 4.8516060
0xEEEE, 54903911, 17569, 0000, 0.01209, 4.8567178
0xEEEE, 54907063, 17570, 0001, 0.01209, 4.8612955
0xEEEE, 54910162, 17571, 0001, 0.01209, 4.8606088
0xEEEE, 54913286, 17572, 0002, 0.39326, 4.8476387
0xEEEE, 54916401, 17573, 0002, 0.39245, 4.8526741
0xEEEE, 54919527, 17574, 0003, 0.78813, 4.8634318
0xEEEE, 54922659, 17575, 0003, 0.79055, 4.8588540
0xEEEE, 54925788, 17576, 0004, 1.19106, 4.8535897
0xEEEE, 54928902, 17577, 0004, 1.18300, 4.8624399
0xEEEE, 54932036, 17578, 0005, 1.57707, 4.8589303
0xEEEE, 54935151, 17579, 0005, 1.58835, 4.8542000
0xEEEE, 54938288, 17580, 0006, 1.97355, 4.8602274
0xEEEE, 54941413, 17581, 0006, 2.35392, 4.8622110
0xEEEE, 54944538, 17582, 0007, 2.36681, 4.8481727
0xEEEE, 54947670, 17583, 0007, 2.36681, 4.8477913
0xEEEE, 54950789, 17584, 0007, 2.55377, 4.8606088
0xEEEE, 54953914, 17585, 0007, 2.55136, 4.8579385
0xEEEE, 54957047, 17586, 0006, 2.55136, 4.8497749
0xEEEE, 54960151, 17587, 0006, 2.55216, 4.8591592
0xEEEE, 54963286, 17588, 0005, 2.36681, 4.8563363
0xEEEE, 54966412, 17589, 0005, 1.97355, 4.8523690
0xEEEE, 54969536, 17590, 0004, 1.97275, 4.8461128
0xEEEE, 54972669, 17591, 0004, 1.97355, 4.8605325
0xEEEE, 54975787, 17592, 0003, 1.57868, 4.8620584
0xEEEE, 54978911, 17593, 0003, 1.57868, 4.8464942
0xEEEE, 54982045, 17594, 0002, 1.18300, 4.8524453
0xEEEE, 54985162, 17595, 0002, 1.18381, 4.8638132
0xEEEE, 54988276, 17596, 0001, 0.78813, 4.8618296
0xEEEE, 54991401, 17597, 0001, 0.40454, 4.8500801
0xEEEE, 54994526, 17598, 0000, 0.40857, 4.8594644
0xEEEE, 54997660, 17599, 0000, 0.42388, 4.8527504
0xEEEE, 55000778, 17600, 0000, 0.01209, 4.8462654
0xEEEE, 55003902, 17601, 0000, 0.01209, 4.8594644
0xEEEE, 55007064, 17602, 0001, 0.01209, 4.8646525
0xEEEE, 55010164, 17603, 0001, 0.01128, 4.8554971
0xEEEE, 55013288, 17604, 0002, 0.39326, 4.8455787
0xEEEE, 55016413, 17605, 0002, 0.78813, 4.8596170
0xEEEE, 55019539, 17606, 0003, 0.78813, 4.8594644
0xEEEE, 55022680, 17607, 0003, 0.78894, 4.8584726
0xEEEE, 55025789, 17608, 0004, 1.20073, 4.8554208
0xEEEE, 55028910, 17609, 0004, 1.23297, 4.8613718
0xEEEE, 55032042, 17610, 0005, 1.57788, 4.8503090
0xEEEE, 55035161, 17611, 0005, 1.57949, 4.8515297
0xEEEE, 55038286, 17612, 0006, 1.97275, 4.8582437
0xEEEE, 55041411, 17613, 0006, 2.35634, 4.8616770
0xEEEE, 55044536, 17614, 0007, 2.36681, 4.8458076
0xEEEE, 55047668, 17615, 0007, 2.41194, 4.8560311
0xEEEE, 55050777, 17616, 0007, 2.55136, 4.8638132
0xEEEE, 55053902, 17617, 0007, 2.55216, 4.8569467
0xEEEE, 55057035, 17618, 0006, 2.55136, 4.8551156
0xEEEE, 55060151, 17619, 0006, 2.55055, 4.8580148
0xEEEE, 55063278, 17620, 0005, 2.36601, 4.8625162
0xEEEE, 55066401, 17621, 0005, 2.36681, 4.8489357
0xEEEE, 55069538, 17622, 0004, 1.97436, 4.8537423
0xEEEE, 55072666, 17623, 0004, 1.92440, 4.8688487
0xEEEE, 55075788, 17624, 0003, 1.57788, 4.8577096
0xEEEE, 55078913, 17625, 0003, 1.58352, 4.8529793
0xEEEE, 55082053, 17626, 0002, 1.18381, 4.8551919
0xEEEE, 55085164, 17627, 0002, 0.78894, 4.8638132
0xEEEE, 55088288, 17628, 0001, 0.78733, 4.8554208
0xEEEE, 55091413, 17629, 0001, 0.79377, 4.8529030
0xEEEE, 55094530, 17630, 0000, 0.40293, 4.8619059
0xEEEE, 55097668, 17631, 0000, 0.37392, 4.8485542
0xEEEE, 55100786, 17632, 0000, 0.01209, 4.8475624
0xEEEE, 55103912, 17633, 0000, 0.01451, 4.8614481
0xEEEE, 55107070, 17634, 0001, 0.01209, 4.8638895
0xEEEE, 55110162, 17635, 0001, 0.37795, 4.8517586
0xEEEE, 55113286, 17636, 0002, 0.42952, 4.8525216
0xEEEE, 55116401, 17637, 0002, 0.39245, 4.8594644
0xEEEE, 55119526, 17638, 0003, 0.78894, 4.8530556
0xEEEE, 55122659, 17639, 0003, 0.78813, 4.8596933
0xEEEE, 55125778, 17640, 0004, 1.17817, 4.8598459
0xEEEE, 55128902, 17641, 0004, 1.17253, 4.8538949
0xEEEE, 55132036, 17642, 0005, 1.57868, 4.8455787
0xEEEE, 55135152, 17643, 0005, 1.96630, 4.8511482
0xEEEE, 55138280, 17644, 0006, 1.97275, 4.8629740
0xEEEE, 55141413, 17645, 0006, 1.97114, 4.8547341
0xEEEE, 55144538, 17646, 0007, 2.36681, 4.8467994
0xEEEE, 55147670, 17647, 0007, 2.37890, 4.8513008
0xEEEE, 55150790, 17648, 0007, 2.55458, 4.8621347
0xEEEE, 55153924, 17649, 0007, 2.55136, 4.8532082
0xEEEE, 55157047, 17650, 0006, 2.55861, 4.8572519
0xEEEE, 55160152, 17651, 0006, 2.36520, 4.8606851
0xEEEE, 55163286, 17652, 0005, 2.36762, 4.8513008
0xEEEE, 55166419, 17653, 0005, 2.36923, 4.8448157
0xEEEE, 55169536, 17654, 0004, 1.97275, 4.8579385
0xEEEE, 55172668, 17655, 0004, 1.96791, 4.8661784
0xEEEE, 55175788, 17656, 0003, 1.57949, 4.8564889
0xEEEE, 55178911, 17657, 0003, 1.57626, 4.8577859
0xEEEE, 55182045, 17658, 0002, 1.16527, 4.8580148
0xEEEE, 55185151, 17659, 0002, 0.78813, 4.8508431
0xEEEE, 55188278, 17660, 0001, 0.78813, 4.8495460
0xEEEE, 55191407, 17661, 0001, 0.78733, 4.8610666
0xEEEE, 55194527, 17662, 0000, 0.39165, 4.8572519
0xEEEE, 55197659, 17663, 0000, 0.38681, 4.8465705
0xEEEE, 55200777, 17664, 0000, 0.01209, 4.8508431
0xEEEE, 55203902, 17665, 0000, 0.01209, 4.8615244
0xEEEE, 55207064, 17666, 0001, 0.01128, 4.8564889
0xEEEE, 55210164, 17667, 0001, 0.36586, 4.8538186
0xEEEE, 55213298, 17668, 0002, 0.37875, 4.8480201
0xEEEE, 55216414, 17669, 0002, 0.39568, 4.8638132
0xEEEE, 55219539, 17670, 0003, 0.78813, 4.8535897
0xEEEE, 55222671, 17671, 0003, 0.78894, 4.8477913
0xEEEE, 55225788, 17672, 0004, 1.18462, 4.8567941
0xEEEE, 55228912, 17673, 0004, 1.18381, 4.8516823
0xEEEE, 55232043, 17674, 0005, 1.57868, 4.8448920
0xEEEE, 55235161, 17675, 0005, 1.57546, 4.8532082
0xEEEE, 55238295, 17676, 0006, 1.94454, 4.8652628
0xEEEE, 55241412, 17677, 0006, 1.97275, 4.8575570
0xEEEE, 55244535, 17678, 0007, 2.36681, 4.8531319
0xEEEE, 55247669, 17679, 0007, 2.36681, 4.8565652
0xEEEE, 55250787, 17680, 0007, 2.55216, 4.8596933
0xEEEE, 55253902, 17681, 0007, 2.55136, 4.8515297
0xEEEE, 55257036, 17682, 0006, 2.55538, 4.8580911
0xEEEE, 55260151, 17683, 0006, 2.55216, 4.8618296
0xEEEE, 55263276, 17684, 0005, 2.34747, 4.8437476
0xEEEE, 55266401, 17685, 0005, 2.37084, 4.8496986
0xEEEE, 55269526, 17686, 0004, 1.97275, 4.8605325
0xEEEE, 55272668, 17687, 0004, 1.97678, 4.8594644
0xEEEE, 55275788, 17688, 0003, 1.57868, 4.8518349
0xEEEE, 55278913, 17689, 0003, 1.18220, 4.8635843
0xEEEE, 55282045, 17690, 0002, 1.18220, 4.8592355
0xEEEE, 55285164, 17691, 0002, 1.18381, 4.8486305
0xEEEE, 55288288, 17692, 0001, 0.78894, 4.8565652
0xEEEE, 55291413, 17693, 0001, 0.78733, 4.8585489
0xEEEE, 55294532, 17694, 0000, 0.39165, 4.8547341
0xEEEE, 55297690, 17695, 0000, 0.39084, 4.8490883
0xEEEE, 55300787, 17696, 0000, 0.01209, 4.8549630
0xEEEE, 55303911, 17697, 0000, 0.01209, 4.8622110
0xEEEE, 55307063, 17698, 0001, 0.01209, 4.8523690
0xEEEE, 55310162, 17699, 0001, 0.01209, 4.8499275
0xEEEE, 55313287, 17700, 0002, 0.38601, 4.8566415
0xEEEE, 55316401, 17701, 0002, 0.39004, 4.8627451
0xEEEE, 55319526, 17702, 0003, 0.72044, 4.8556497
0xEEEE, 55322660, 17703, 0003, 0.78813, 4.8566415
0xEEEE, 55325777, 17704, 0004, 1.18300, 4.8639658
0xEEEE, 55328902, 17705, 0004, 1.58513, 4.8515297
0xEEEE, 55332035, 17706, 0005, 1.62864, 4.8532845
0xEEEE, 55335161, 17707, 0005, 1.57868, 4.8595407
0xEEEE, 55338282, 17708, 0006, 1.97275, 4.8640421
0xEEEE, 55341413, 17709, 0006, 1.97275, 4.8521401
0xEEEE, 55344537, 17710, 0007, 2.36762, 4.8519875
0xEEEE, 55347670, 17711, 0007, 2.36681, 4.8589303
0xEEEE, 55350789, 17712, 0007, 2.55216, 4.8590829
0xEEEE, 55353913, 17713, 0007, 2.55136, 4.8558785
0xEEEE, 55357047, 17714, 0006, 2.55055, 4.8635843
0xEEEE, 55360154, 17715, 0006, 2.55216, 4.8555734
0xEEEE, 55363286, 17716, 0005, 2.36681, 4.8521401
0xEEEE, 55366411, 17717, 0005, 2.36762, 4.8482490
0xEEEE, 55369536, 17718, 0004, 1.97194, 4.8626688
0xEEEE, 55372668, 17719, 0004, 1.97436, 4.8616007
0xEEEE, 55375788, 17720, 0003, 1.55289, 4.8542763
0xEEEE, 55378911, 17721, 0003, 1.58029, 4.8569467
0xEEEE, 55382055, 17722, 0002, 1.18542, 4.8599985
0xEEEE, 55385151, 17723, 0002, 1.18703, 4.8472572
0xEEEE, 55388277, 17724, 0001, 0.78813, 4.8567178
0xEEEE, 55391402, 17725, 0001, 0.78894, 4.8612192
0xEEEE, 55394527, 17726, 0000, 0.39165, 4.8458839
0xEEEE, 55397659, 17727, 0000, 0.01209, 4.8496986
0xEEEE, 55400777, 17728, 0000, 0.01209, 4.8566415
0xEEEE, 55403904, 17729, 0000, 0.01209, 4.8687724
0xEEEE, 55407064, 17730, 0001, 0.01128, 4.8525978
0xEEEE, 55410164, 17731, 0001, 0.01209, 4.8515297
0xEEEE, 55413288, 17732, 0002, 0.39245, 4.8574044
0xEEEE, 55416414, 17733, 0002, 0.39245, 4.8549630
0xEEEE, 55419547, 17734, 0003, 0.77040, 4.8472572
0xEEEE, 55422671, 17735, 0003, 1.18300, 4.8558785
0xEEEE, 55425777, 17736, 0004, 1.18300, 4.8603037
0xEEEE, 55428911, 17737, 0004, 1.18059, 4.8540475
0xEEEE, 55432043, 17738, 0005, 1.57304, 4.8484016
0xEEEE, 55435161, 17739, 0005, 1.57788, 4.8606088
0xEEEE, 55438286, 17740, 0006, 1.93971, 4.8546578
0xEEEE, 55441412, 17741, 0006, 1.97355, 4.8506142
0xEEEE, 55444535, 17742, 0007, 2.40147, 4.8598459
0xEEEE, 55447668, 17743, 0007, 2.55377, 4.8609903
0xEEEE, 55450777, 17744, 0007, 2.55297, 4.8538949
0xEEEE, 55453901, 17745, 0007, 2.53604, 4.8520638
0xEEEE, 55457036, 17746, 0006, 2.55216, 4.8617533
0xEEEE, 55460151, 17747, 0006, 2.55216, 4.8554971
0xEEEE, 55463277, 17748, 0005, 2.33538, 4.8519112
0xEEEE, 55466413, 17749, 0005, 2.36681, 4.8525978
0xEEEE, 55469526, 17750, 0004, 1.97194, 4.8652628
0xEEEE, 55472670, 17751, 0004, 1.57707, 4.8536660
0xEEEE, 55475789, 17752, 0003, 1.56015, 4.8521401
0xEEEE, 55478922, 17753, 0003, 1.57868, 4.8570993
0xEEEE, 55482045, 17754, 0002, 1.18059, 4.8461128
0xEEEE, 55485164, 17755, 0002, 1.19590, 4.8536660
0xEEEE, 55488287, 17756, 0001, 0.78813, 4.8583200
0xEEEE, 55491413, 17757, 0001, 0.78894, 4.8606851
0xEEEE, 55494534, 17758, 0000, 0.39326, 4.8497749
0xEEEE, 55497668, 17759, 0000, 0.01128, 4.8572519
0xEEEE, 55500787, 17760, 0000, 0.01209, 4.8628214
0xEEEE, 55503918, 17761, 0000, 0.01128, 4.8600748
0xEEEE, 55507063, 17762, 0001, 0.01209, 4.8498512
0xEEEE, 55510162, 17763, 0001, 0.01209, 4.8590066
0xEEEE, 55513285, 17764, 0002, 0.39326, 4.8568704
0xEEEE, 55516402, 17765, 0002, 0.39407, 4.8462654
0xEEEE, 55519526, 17766, 0003, 0.78249, 4.8505379
0xEEEE, 55522659, 17767, 0003, 1.21766, 4.8632792
0xEEEE, 55525777, 17768, 0004, 1.18300, 4.8566415
0xEEEE, 55528902, 17769, 0004, 1.18139, 4.8474098
0xEEEE, 55532035, 17770, 0005, 1.54806, 4.8560311
0xEEEE, 55535151, 17771, 0005, 1.57868, 4.8609903
0xEEEE, 55538283, 17772, 0006, 1.96388, 4.8639658
0xEEEE, 55541412, 17773, 0006, 1.97355, 4.8482490
0xEEEE, 55544538, 17774, 0007, 2.37084, 4.8624399
0xEEEE, 55547670, 17775, 0007, 2.36762, 4.8586252
0xEEEE, 55550798, 17776, 0007, 2.56264, 4.8432136
0xEEEE, 55553913, 17777, 0007, 2.54249, 4.8538186
0xEEEE, 55557046, 17778, 0006, 2.55377, 4.8668650
0xEEEE, 55560155, 17779, 0006, 2.48205, 4.8519112
0xEEEE, 55563295, 17780, 0005, 2.35875, 4.8425269
0xEEEE, 55566411, 17781, 0005, 1.97436, 4.8583963
0xEEEE, 55569536, 17782, 0004, 1.99048, 4.8560311
0xEEEE, 55572668, 17783, 0004, 1.97275, 4.8494697
0xEEEE, 55575787, 17784, 0003, 1.58190, 4.8596170
0xEEEE, 55578911, 17785, 0003, 1.57868, 4.8622873
0xEEEE, 55582045, 17786, 0002, 1.18220, 4.8470283
0xEEEE, 55585152, 17787, 0002, 1.18623, 4.8437476
0xEEEE, 55588276, 17788, 0001, 0.81956, 4.8630503
0xEEEE, 55591401, 17789, 0001, 0.39326, 4.8617533
0xEEEE, 55594526, 17790, 0000, 0.39245, 4.8526741
0xEEEE, 55597659, 17791, 0000, 0.39245, 4.8490120
0xEEEE, 55600777, 17792, 0000, 0.01209, 4.8603799
0xEEEE, 55603906, 17793, 0000, 0.01209, 4.8589303
0xEEEE, 55607064, 17794, 0001, 0.01209, 4.8529030
0xEEEE, 55610174, 17795, 0001, 0.01209, 4.8636606
0xEEEE, 55613288, 17796, 0002, 0.39245, 4.8537423
0xEEEE, 55616414, 17797, 0002, 0.78813, 4.8491646
0xEEEE, 55619539, 17798, 0003, 0.78410, 4.8567178
0xEEEE, 55622671, 17799, 0003, 0.77121, 4.8676280
0xEEEE, 55625779, 17800, 0004, 1.18381, 4.8565652
0xEEEE, 55628911, 17801, 0004, 1.18462, 4.8480201
0xEEEE, 55632043, 17802, 0005, 1.59480, 4.8596170
0xEEEE, 55635170, 17803, 0005, 1.57868, 4.8562600
0xEEEE, 55638287, 17804, 0006, 1.97355, 4.8518349
0xEEEE, 55641411, 17805, 0006, 2.36681, 4.8615244
0xEEEE, 55644535, 17806, 0007, 2.36923, 4.8587015
0xEEEE, 55647677, 17807, 0007, 2.36681, 4.8522164
0xEEEE, 55650777, 17808, 0007, 2.55136, 4.8475624
0xEEEE, 55653902, 17809, 0007, 2.54894, 4.8609140
0xEEEE, 55657036, 17810, 0006, 2.55297, 4.8642710
0xEEEE, 55660151, 17811, 0006, 2.57473, 4.8533608
0xEEEE, 55663276, 17812, 0005, 2.37004, 4.8501564
0xEEEE, 55666401, 17813, 0005, 1.97436, 4.8606088
0xEEEE, 55669527, 17814, 0004, 1.96711, 4.8492409
0xEEEE, 55672670, 17815, 0004, 1.97436, 4.8515297
0xEEEE, 55675788, 17816, 0003, 1.59560, 4.8638895
0xEEEE, 55678913, 17817, 0003, 1.57868, 4.8617533
0xEEEE, 55682044, 17818, 0002, 1.18462, 4.8518349
0xEEEE, 55685163, 17819, 0002, 1.18542, 4.8594644
0xEEEE, 55688289, 17820, 0001, 0.76073, 4.8609903
0xEEEE, 55691413, 17821, 0001, 0.44645, 4.8480964
0xEEEE, 55694557, 17822, 0000, 0.39245, 4.8500801
0xEEEE, 55697669, 17823, 0000, 0.39245, 4.8554208
0xEEEE, 55700787, 17824, 0000, 0.01209, 4.8619059
0xEEEE, 55703911, 17825, 0000, 0.01209, 4.8466468
0xEEEE, 55707071, 17826, 0001, 0.01370, 4.8538949
0xEEEE, 55710162, 17827, 0001, 0.01209, 4.8652628
0xEEEE, 55713285, 17828, 0002, 0.39245, 4.8558022
0xEEEE, 55716401, 17829, 0002, 0.39407, 4.8508431
0xEEEE, 55719526, 17830, 0003, 0.78974, 4.8606851
0xEEEE, 55722659, 17831, 0003, 0.78813, 4.8589303
0xEEEE, 55725777, 17832, 0004, 1.18300, 4.8532082
0xEEEE, 55728902, 17833, 0004, 1.18300, 4.8532845
0xEEEE, 55732042, 17834, 0005, 1.57304, 4.8564889
0xEEEE, 55735151, 17835, 0005, 1.97275, 4.8474098
0xEEEE, 55738285, 17836, 0006, 1.97355, 4.8517586
0xEEEE, 55741413, 17837, 0006, 1.97355, 4.8580911
0xEEEE, 55744538, 17838, 0007, 2.36601, 4.8619059
0xEEEE, 55747670, 17839, 0007, 2.36762, 4.8533608
0xEEEE, 55750789, 17840, 0007, 2.55216, 4.8481727
0xEEEE, 55753914, 17841, 0007, 2.55136, 4.8652628
0xEEEE, 55757047, 17842, 0006, 2.55216, 4.8542763
0xEEEE, 55760157, 17843, 0006, 2.36762, 4.8548104
0xEEEE, 55763286, 17844, 0005, 2.36601, 4.8559548
0xEEEE, 55766411, 17845, 0005, 2.36601, 4.8564126
0xEEEE, 55769536, 17846, 0004, 1.97436, 4.8496223
0xEEEE, 55772669, 17847, 0004, 1.97355, 4.8514534
0xEEEE, 55775787, 17848, 0003, 1.57868, 4.8628214
0xEEEE, 55778922, 17849, 0003, 1.60447, 4.8538186
0xEEEE, 55782045, 17850, 0002, 1.18381, 4.8465705
0xEEEE, 55785152, 17851, 0002, 0.79055, 4.8554208
0xEEEE, 55788276, 17852, 0001, 0.78088, 4.8621347
0xEEEE, 55791401, 17853, 0001, 0.82762, 4.8498512
0xEEEE, 55794527, 17854, 0000, 0.39245, 4.8480201
0xEEEE, 55797659, 17855, 0000, 0.39245, 4.8580148
0xEEEE, 55800777, 17856, 0000, 0.01209, 4.8532845
0xEEEE, 55803907, 17857, 0000, 0.01128, 4.8547341
0xEEEE, 55807065, 17858, 0001, 0.01209, 4.8614481
0xEEEE, 55810164, 17859, 0001, 0.39326, 4.8551919
0xEEEE, 55813289, 17860, 0002, 0.39245, 4.8536660
0xEEEE, 55816421, 17861, 0002, 0.39165, 4.8526741
0xEEEE, 55819538, 17862, 0003, 0.78813, 4.8619059
0xEEEE, 55822670, 17863, 0003, 0.78652, 4.8576333
0xEEEE, 55825779, 17864, 0004, 1.17656, 4.8551919
0xEEEE, 55828911, 17865, 0004, 1.18300, 4.8554208
0xEEEE, 55832043, 17866, 0005, 1.57707, 4.8595407
0xEEEE, 55835161, 17867, 0005, 1.97516, 4.8556497
0xEEEE, 55838287, 17868, 0006, 1.97355, 4.8554971
0xEEEE, 55841411, 17869, 0006, 2.00418, 4.8635080
0xEEEE, 55844536, 17870, 0007, 2.36923, 4.8563363
0xEEEE, 55847668, 17871, 0007, 2.36681, 4.8399329
0xEEEE, 55850777, 17872, 0007, 2.54974, 4.8490120
0xEEEE, 55853902, 17873, 0007, 2.55216, 4.8642710
0xEEEE, 55857035, 17874, 0006, 2.55055, 4.8532082
0xEEEE, 55860151, 17875, 0006, 2.60212, 4.8493172
0xEEEE, 55863287, 17876, 0005, 2.36681, 4.8574807
0xEEEE, 55866402, 17877, 0005, 2.36762, 4.8519875
0xEEEE, 55869527, 17878, 0004, 1.96711, 4.8526741
0xEEEE, 55872670, 17879, 0004, 1.97355, 4.8567941
0xEEEE, 55875798, 17880, 0003, 1.57949, 4.8619059
0xEEEE, 55878913, 17881, 0003, 1.18300, 4.8494697
0xEEEE, 55882044, 17882, 0002, 1.18300, 4.8471046
0xEEEE, 55885163, 17883, 0002, 1.18220, 4.8596933
0xEEEE, 55888287, 17884, 0001, 0.79055, 4.8593881
0xEEEE, 55891401, 17885, 0001, 0.76879, 4.8522164
0xEEEE, 55894536, 17886, 0000, 0.39407, 4.8581674
0xEEEE, 55897668, 17887, 0000, 0.39245, 4.8616770
0xEEEE, 55900792, 17888, 0000, 0.01209, 4.8538186
0xEEEE, 55903912, 17889, 0000, 0.01209, 4.8522927
0xEEEE, 55907063, 17890, 0001, 0.01209, 4.8635080
0xEEEE, 55910161, 17891, 0001, 0.01128, 4.8597696
0xEEEE, 55913276, 17892, 0002, 0.39165, 4.8427558
0xEEEE, 55916402, 17893, 0002, 0.39165, 4.8503090
0xEEEE, 55919527, 17894, 0003, 0.78733, 4.8607614
0xEEEE, 55922670, 17895, 0003, 0.78974, 4.8480964
0xEEEE, 55925777, 17896, 0004, 1.20073, 4.8481727
0xEEEE, 55928902, 17897, 0004, 1.57788, 4.8561074
0xEEEE, 55932036, 17898, 0005, 1.57788, 4.8554208
0xEEEE, 55935151, 17899, 0005, 1.57304, 4.8439765
0xEEEE, 55938289, 17900, 0006, 1.97355, 4.8562600
0xEEEE, 55941413, 17901, 0006, 1.96630, 4.8662547
0xEEEE, 55944538, 17902, 0007, 2.36601, 4.8583200
0xEEEE, 55947679, 17903, 0007, 2.34908, 4.8458076
0xEEEE, 55950789, 17904, 0007, 2.54652, 4.8600748
0xEEEE, 55953913, 17905, 0007, 2.55136, 4.8592355
0xEEEE, 55957046, 17906, 0006, 2.54652, 4.8564889
0xEEEE, 55960179, 17907, 0006, 2.56264, 4.8481727
0xEEEE, 55963286, 17908, 0005, 2.36842, 4.8599222
0xEEEE, 55966411, 17909, 0005, 2.31766, 4.8527504
0xEEEE, 55969536, 17910, 0004, 1.97597, 4.8474861
0xEEEE, 55972669, 17911, 0004, 1.93568, 4.8632029
0xEEEE, 55975786, 17912, 0003, 1.57788, 4.8631266
0xEEEE, 55978911, 17913, 0003, 1.17172, 4.8435950
0xEEEE, 55982045, 17914, 0002, 1.18381, 4.8500801
0xEEEE, 55985151, 17915, 0002, 1.18381, 4.8632029
0xEEEE, 55988276, 17916, 0001, 0.79136, 4.8565652
0xEEEE, 55991401, 17917, 0001, 0.79619, 4.8490883
0xEEEE, 55994526, 17918, 0000, 0.37231, 4.8607614
0xEEEE, 55997659, 17919, 0000, 0.41824, 4.8543526
0xEEEE, 56000778, 17920, 0000, 0.01370, 4.8505379
0xEEEE, 56003909, 17921, 0000, 0.01289, 4.8545052
0xEEEE, 56007073, 17922, 0001, 0.01209, 4.8676280
0xEEEE, 56010164, 17923, 0001, 0.01128, 4.8533608
0xEEEE, 56013288, 17924, 0002, 0.39165, 4.8471809
0xEEEE, 56016414, 17925, 0002, 0.39245, 4.8554208
0xEEEE, 56019538, 17926, 0003, 0.78813, 4.8610666
0xEEEE, 56022670, 17927, 0003, 0.78733, 4.8499275
0xEEEE, 56025781, 17928, 0004, 1.18381, 4.8554208
0xEEEE, 56028911, 17929, 0004, 1.18381, 4.8596933
0xEEEE, 56032043, 17930, 0005, 1.57868, 4.8508431
0xEEEE, 56035161, 17931, 0005, 1.58352, 4.8482490
0xEEEE, 56038287, 17932, 0006, 1.97355, 4.8606851
0xEEEE, 56041411, 17933, 0006, 1.97275, 4.8651102
0xEEEE, 56044544, 17934, 0007, 2.36601, 4.8479438
0xEEEE, 56047668, 17935, 0007, 2.55136, 4.8478676
0xEEEE, 56050777, 17936, 0007, 2.54894, 4.8628214
0xEEEE, 56053902, 17937, 0007, 2.55136, 4.8590066
0xEEEE, 56057036, 17938, 0006, 2.56103, 4.8513008
0xEEEE, 56060152, 17939, 0006, 2.55216, 4.8576333
0xEEEE, 56063278, 17940, 0005, 2.36681, 4.8549630
0xEEEE, 56066401, 17941, 0005, 2.37326, 4.8451972
0xEEEE, 56069529, 17942, 0004, 1.97436, 4.8512245
0xEEEE, 56072670, 17943, 0004, 1.57949, 4.8619059
0xEEEE, 56075788, 17944, 0003, 1.57868, 4.8591592
0xEEEE, 56078914, 17945, 0003, 1.58755, 4.8428321
0xEEEE, 56082044, 17946, 0002, 1.22491, 4.8560311
0xEEEE, 56085164, 17947, 0002, 1.18300, 4.8606088
0xEEEE, 56088288, 17948, 0001, 0.78974, 4.8566415
0xEEEE, 56091425, 17949, 0001, 0.78410, 4.8534371
0xEEEE, 56094536, 17950, 0000, 0.37875, 4.8611429
0xEEEE, 56097668, 17951, 0000, 0.01370, 4.8558785
0xEEEE, 56100786, 17952, 0000, 0.01209, 4.8492409
0xEEEE, 56103912, 17953, 0000, 0.01209, 4.8535897
0xEEEE, 56107063, 17954, 0001, 0.01128, 4.8599222
0xEEEE, 56110161, 17955, 0001, 0.01209, 4.8451209
0xEEEE, 56113276, 17956, 0002, 0.39326, 4.8486305
0xEEEE, 56116402, 17957, 0002, 0.39326, 4.8601511
0xEEEE, 56119527, 17958, 0003, 0.78813, 4.8649577
0xEEEE, 56122659, 17959, 0003, 1.18462, 4.8531319
0xEEEE, 56125778, 17960, 0004, 1.18059, 4.8626688
0xEEEE, 56128911, 17961, 0004, 1.20073, 4.8596170
0xEEEE, 56132036, 17962, 0005, 1.57949, 4.8509194
0xEEEE, 56135151, 17963, 0005, 1.57143, 4.8572519
0xEEEE, 56138288, 17964, 0006, 1.97275, 4.8660258
0xEEEE, 56141413, 17965, 0006, 1.97597, 4.8545815
0xEEEE, 56144538, 17966, 0007, 2.36601, 4.8462654
0xEEEE, 56147670, 17967, 0007, 2.55136, 4.8537423
0xEEEE, 56150790, 17968, 0007, 2.55297, 4.8577859
0xEEEE, 56153913, 17969, 0007, 2.55297, 4.8564126
0xEEEE, 56157047, 17970, 0006, 2.55136, 4.8576333
0xEEEE, 56160161, 17971, 0006, 2.55297, 4.8626688
0xEEEE, 56163286, 17972, 0005, 2.36681, 4.8569467
0xEEEE, 56166411, 17973, 0005, 2.37165, 4.8479438
0xEEEE, 56169536, 17974, 0004, 1.97355, 4.8548867
0xEEEE, 56172669, 17975, 0004, 1.93648, 4.8645762
0xEEEE, 56175798, 17976, 0003, 1.57868, 4.8464942
0xEEEE, 56178911, 17977, 0003, 1.57385, 4.8496986
0xEEEE, 56182036, 17978, 0002, 1.18381, 4.8562600
0xEEEE, 56185151, 17979, 0002, 1.18381, 4.8583963
0xEEEE, 56188278, 17980, 0001, 0.78894, 4.8487831
0xEEEE, 56191401, 17981, 0001, 0.38440, 4.8591592
0xEEEE, 56194526, 17982, 0000, 0.38278, 4.8612955
0xEEEE, 56197659, 17983, 0000, 0.37150, 4.8453498
0xEEEE, 56200777, 17984, 0000, 0.01209, 4.8520638
0xEEEE, 56203911, 17985, 0000, 0.01209, 4.8635843
0xEEEE, 56207064, 17986, 0001, 0.01209, 4.8659495
0xEEEE, 56210164, 17987, 0001, 0.01209, 4.8468757
0xEEEE, 56213295, 17988, 0002, 0.43516, 4.8550393
0xEEEE, 56216413, 17989, 0002, 0.78813, 4.8559548
0xEEEE, 56219538, 17990, 0003, 0.78813, 4.8569467
0xEEEE, 56222670, 17991, 0003, 0.78733, 4.8528267
0xEEEE, 56225783, 17992, 0004, 1.18139, 4.8619059
0xEEEE, 56228912, 17993, 0004, 1.13062, 4.8526741
0xEEEE, 56232043, 17994, 0005, 1.57788, 4.8441291
0xEEEE, 56235161, 17995, 0005, 1.58432, 4.8583200
0xEEEE, 56238286, 17996, 0006, 1.97355, 4.8653391
0xEEEE, 56241411, 17997, 0006, 2.34667, 4.8496986
0xEEEE, 56244536, 17998, 0007, 2.36762, 4.8560311
0xEEEE, 56247668, 17999, 0007, 2.36681, 4.8623636
0xEEEE, 56250778, 18000, 0007, 2.55297, 4.8565652
0xEEEE, 56253902, 18001, 0007, 2.55216, 4.8514534
0xEEEE, 56257035, 18002, 0006, 2.55136, 4.8606851
0xEEEE, 56260163, 18003, 0006, 2.55136, 4.8667887
0xEEEE, 56263277, 18004, 0005, 2.36762, 4.8555734
0xEEEE, 56266401, 18005, 0005, 1.97275, 4.8535134
0xEEEE, 56269531, 18006, 0004, 1.97355, 4.8633555
0xEEEE, 56272679, 18007, 0004, 1.97275, 4.8620584
0xEEEE, 56275788, 18008, 0003, 1.57707, 4.8479438
0xEEEE, 56278914, 18009, 0003, 1.57626, 4.8542763
0xEEEE, 56282044, 18010, 0002, 1.18300, 4.8562600
0xEEEE, 56285164, 18011, 0002, 1.18381, 4.8535134
0xEEEE, 56288288, 18012, 0001, 0.78974, 4.8584726
0xEEEE, 56291403, 18013, 0001, 0.39326, 4.8656443
0xEEEE, 56294536, 18014, 0000, 0.38278, 4.8505379
0xEEEE, 56297668, 18015, 0000, 0.39971, 4.8438239
0xEEEE, 56300787, 18016, 0000, 0.01209, 4.8580911
0xEEEE, 56303912, 18017, 0000, 0.01209, 4.8566415
0xEEEE, 56307063, 18018, 0001, 0.01209, 4.8552682
0xEEEE, 56310162, 18019, 0001, 0.01209, 4.8480201
0xEEEE, 56313278, 18020, 0002, 0.39245, 4.8603037
0xEEEE, 56316402, 18021, 0002, 0.79216, 4.8517586
0xEEEE, 56319537, 18022, 0003, 0.78813, 4.8506142
0xEEEE, 56322659, 18023, 0003, 0.78974, 4.8603799
0xEEEE, 56325777, 18024, 0004, 1.18945, 4.8611429
0xEEEE, 56328902, 18025, 0004, 1.19348, 4.8488594
0xEEEE, 56332035, 18026, 0005, 1.57788, 4.8455787
0xEEEE, 56335152, 18027, 0005, 1.57626, 4.8599985
0xEEEE, 56338288, 18028, 0006, 1.97355, 4.8532845
0xEEEE, 56341413, 18029, 0006, 1.96388, 4.8558785
0xEEEE, 56344545, 18030, 0007, 2.36681, 4.8561837
0xEEEE, 56347670, 18031, 0007, 2.34667, 4.8603799
0xEEEE, 56350789, 18032, 0007, 2.55377, 4.8498512
0xEEEE, 56353913, 18033, 0007, 2.55055, 4.8561074
0xEEEE, 56357052, 18034, 0006, 2.48286, 4.8639658
0xEEEE, 56360161, 18035, 0006, 2.35311, 4.8507668
0xEEEE, 56363286, 18036, 0005, 2.36762, 4.8458076
0xEEEE, 56366411, 18037, 0005, 2.32974, 4.8567178
0xEEEE, 56369537, 18038, 0004, 1.97275, 4.8613718
0xEEEE, 56372670, 18039, 0004, 1.99370, 4.8583200
0xEEEE, 56375787, 18040, 0003, 1.57868, 4.8532082
0xEEEE, 56378911, 18041, 0003, 1.58110, 4.8597696
0xEEEE, 56382035, 18042, 0002, 1.18703, 4.8548104
0xEEEE, 56385151, 18043, 0002, 0.78894, 4.8501564
0xEEEE, 56388276, 18044, 0001, 0.78813, 4.8658732
0xEEEE, 56391401, 18045, 0001, 0.78974, 4.8606851
0xEEEE, 56394526, 18046, 0000, 0.38842, 4.8487068
0xEEEE, 56397659, 18047, 0000, 0.38117, 4.8484779
0xEEEE, 56400777, 18048, 0000, 0.01209, 4.8597696
0xEEEE, 56403924, 18049, 0000, 0.01128, 4.8605325
0xEEEE, 56407064, 18050, 0001, 0.01209, 4.8477150
0xEEEE, 56410164, 18051, 0001, 0.39971, 4.8579385
0xEEEE, 56413288, 18052, 0002, 0.40777, 4.8500038
0xEEEE, 56416414, 18053, 0002, 0.32557, 4.8431373
0xEEEE, 56419538, 18054, 0003, 0.78813, 4.8529030
0xEEEE, 56422670, 18055, 0003, 0.78733, 4.8654917
0xEEEE, 56425784, 18056, 0004, 1.18542, 4.8585489
0xEEEE, 56428911, 18057, 0004, 1.17897, 4.8430610
0xEEEE, 56432043, 18058, 0005, 1.57788, 4.8538186
0xEEEE, 56435161, 18059, 0005, 1.97678, 4.8602274
0xEEEE, 56438287, 18060, 0006, 1.97275, 4.8528267
0xEEEE, 56441419, 18061, 0006, 1.96872, 4.8518349
0xEEEE, 56444536, 18062, 0007, 2.36762, 4.8619821
0xEEEE, 56447659, 18063, 0007, 2.37407, 4.8506142
0xEEEE, 56450777, 18064, 0007, 2.55216, 4.8477913
0xEEEE, 56453902, 18065, 0007, 2.52396, 4.8599222
