sync, uptime, seq, step, SWPMON, adc
0xEEEE, 001434, 0000, 0000, 0.00000, 0.0011444
0xEEEE, 003529, 0001, -050, 8.04571, 0.0010681
0xEEEE, 006672, 0002, 0119, 27.02615, 0.0011444
0xEEEE, 009780, 0003, -123, 48.48139, 0.0011444
0xEEEE, 012893, 0004, -109, 3.09612, 0.0371557
0xEEEE, 016026, 0005, -098, 2.06462, 0.0377661
0xEEEE, 019142, 0006, -089, 52.19641, 0.0728618
0xEEEE, 022267, 0007, -079, 1.85912, 0.1102464
0xEEEE, 025393, 0008, -072, 31.77348, 0.1118486
0xEEEE, 028518, 0009, -065, 27.02857, 0.1117723
0xEEEE, 031650, 0010, -058, 13.82615, 0.1490806
0xEEEE, 034771, 0011, -054, 50.75392, 0.1492332
0xEEEE, 037902, 0012, -049, 46.83502, 0.1902800
0xEEEE, 041034, 0013, -043, 7.22535, 0.1864652
0xEEEE, 044158, 0014, -040, 14.65297, 0.2239261
0xEEEE, 047277, 0015, -036, 15.68447, 0.2410925
0xEEEE, 050401, 0016, -033, 37.75861, 0.2413977
0xEEEE, 053526, 0017, -031, 36.10821, 0.2413977
0xEEEE, 056659, 0018, -029, 23.72938, 0.2377356
0xEEEE, 059768, 0019, -026, 51.16733, 0.2413977
0xEEEE, 062894, 0020, -025, 47.86571, 0.2238499
0xEEEE, 066055, 0021, -023, 40.85150, 0.2254520
0xEEEE, 069143, 0022, -021, 47.03971, 0.1866178
0xEEEE, 072267, 0023, -020, 12.38125, 0.1491569
0xEEEE, 075392, 0024, -018, 15.47495, 0.1493095
0xEEEE, 078519, 0025, -017, 29.91597, 0.1495384
0xEEEE, 081661, 0026, -017, 23.31355, 0.1119249
0xEEEE, 084779, 0027, -016, 16.29934, 0.1120012
0xEEEE, 087905, 0028, -015, 44.14908, 0.0745403
0xEEEE, 091044, 0029, -015, 26.40725, 0.0688945
0xEEEE, 094154, 0030, -014, 47.24278, 0.0372320
0xEEEE, 097279, 0031, -013, 35.48366, 0.0012970
0xEEEE, 100392, 0032, -013, 21.66154, 0.0010681
0xEEEE, 103526, 0033, -013, 47.86168, 0.0011444
0xEEEE, 106650, 0034, -012, 18.15524, 0.0011444
0xEEEE, 109768, 0035, -012, 38.16637, 0.0010681
0xEEEE, 112893, 0036, -011, 27.64586, 0.0373846
0xEEEE, 116025, 0037, -011, 17.12454, 0.0370794
0xEEEE, 119142, 0038, -011, 30.53487, 0.0746166
0xEEEE, 122267, 0039, -010, 21.87026, 0.1120775
0xEEEE, 125402, 0040, -011, 42.29480, 0.1118486
0xEEEE, 128526, 0041, -011, 15.88835, 0.1118486
0xEEEE, 131659, 0042, -009, 9.08125, 0.1493858
0xEEEE, 134777, 0043, -010, 14.03245, 0.1492332
0xEEEE, 137903, 0044, -010, 28.68059, 0.1864652
0xEEEE, 141035, 0045, -009, 25.17348, 0.1866178
0xEEEE, 144151, 0046, -010, 27.44359, 0.2243839
0xEEEE, 147267, 0047, -010, 50.75553, 0.2420081
0xEEEE, 150403, 0048, -009, 32.18850, 0.2413214
0xEEEE, 153517, 0049, -010, 51.78703, 0.2415503
0xEEEE, 156650, 0050, -009, 28.06168, 0.2413214
0xEEEE, 159768, 0051, -009, 38.58300, 0.2413214
0xEEEE, 162893, 0052, -010, 50.13502, 0.2240787
0xEEEE, 166045, 0053, -008, 3.71744, 0.1865415
0xEEEE, 169153, 0054, -009, 33.63018, 0.1869993
0xEEEE, 172279, 0055, -009, 4.12923, 0.1866941
0xEEEE, 175408, 0056, -008, 19.39465, 0.1478599
0xEEEE, 178529, 0057, -009, 37.54908, 0.1493858
0xEEEE, 181662, 0058, -009, 36.72308, 0.1119249
0xEEEE, 184780, 0059, -008, 21.04425, 0.1097887
0xEEEE, 187913, 0060, -009, 32.38996, 0.0746166
0xEEEE, 191026, 0061, -009, 30.73956, 0.0370794
0xEEEE, 194142, 0062, -008, 22.48674, 0.0371557
0xEEEE, 197267, 0063, -009, 29.08835, 0.0371557
0xEEEE, 200392, 0064, -008, 20.42374, 0.0010681
0xEEEE, 203517, 0065, -008, 21.66154, 0.0011444
0xEEEE, 206650, 0066, -010, 51.36960, 0.0011444
0xEEEE, 209768, 0067, -008, 44.14908, 0.0011444
0xEEEE, 212898, 0068, -008, 21.45685, 0.0370031
0xEEEE, 216034, 0069, -009, 42.29319, 0.0743877
0xEEEE, 219151, 0070, -009, 52.60901, 0.0745403
0xEEEE, 222277, 0071, -009, 47.24520, 0.0746166
0xEEEE, 225402, 0072, -009, 50.34051, 0.1122301
0xEEEE, 228527, 0073, -008, 46.21451, 0.1110094
0xEEEE, 231659, 0074, -008, 11.76315, 0.1493095
0xEEEE, 234788, 0075, -009, 30.33018, 0.1490043
0xEEEE, 237893, 0076, -008, 28.47429, 0.1865415
0xEEEE, 241025, 0077, -009, 38.58300, 0.2236973
0xEEEE, 244142, 0078, -009, 47.86733, 0.2238499
0xEEEE, 247267, 0079, -008, 35.48930, 0.2244602
0xEEEE, 250393, 0080, -009, 36.10821, 0.2414740
0xEEEE, 253518, 0081, -008, 17.74747, 0.2413214
0xEEEE, 256654, 0082, -008, 20.63487, 0.2415503
0xEEEE, 259779, 0083, -008, 17.74667, 0.2413977
0xEEEE, 262904, 0084, -008, 34.24989, 0.2239261
0xEEEE, 266055, 0085, -008, 25.79158, 0.1863890
0xEEEE, 269155, 0086, -009, 50.34051, 0.1867704
0xEEEE, 272287, 0087, -008, 22.69626, 0.1856260
0xEEEE, 275404, 0088, -008, 9.49223, 0.1493095
0xEEEE, 278517, 0089, -009, 49.72081, 0.1486229
0xEEEE, 281650, 0090, -008, 20.63165, 0.1152819
0xEEEE, 284768, 0091, -008, 15.68044, 0.1117723
0xEEEE, 287893, 0092, -009, 19.18674, 0.0744640
0xEEEE, 291025, 0093, -008, 37.75377, 0.0373083
0xEEEE, 294142, 0094, -009, 50.13099, 0.0370794
0xEEEE, 297267, 0095, -008, 14.02842, 0.0370794
0xEEEE, 300393, 0096, -008, 43.94198, 0.0010681
0xEEEE, 303526, 0097, -009, 39.81597, 0.0011444
0xEEEE, 306659, 0098, -009, 43.32388, 0.0010681
0xEEEE, 309777, 0099, -008, 44.35538, 0.0011444
0xEEEE, 312903, 0100, -008, 3.71502, 0.0371557
0xEEEE, 316036, 0101, -007, 5.15912, 0.0401312
0xEEEE, 319162, 0102, -008, 32.80418, 0.0745403
0xEEEE, 322267, 0103, -009, 35.89868, 0.0743114
0xEEEE, 325392, 0104, -008, 47.24601, 0.1120012
0xEEEE, 328517, 0105, -008, 21.87106, 0.1119249
0xEEEE, 331651, 0106, -008, 16.30176, 0.1494621
0xEEEE, 334768, 0107, -008, 33.83729, 0.1872282
0xEEEE, 337893, 0108, -009, 44.56571, 0.1864652
0xEEEE, 341025, 0109, -008, 5.36864, 0.1858549
0xEEEE, 344142, 0110, -008, 44.56652, 0.2233921
0xEEEE, 347279, 0111, -008, 13.62147, 0.2238499
0xEEEE, 350404, 0112, -008, 9.49546, 0.2415503
0xEEEE, 353529, 0113, -008, 46.42322, 0.2415503
0xEEEE, 356669, 0114, -009, 30.74359, 0.2413214
0xEEEE, 359780, 0115, -008, 38.17040, 0.2254520
0xEEEE, 362904, 0116, -008, 47.24681, 0.2240024
0xEEEE, 366056, 0117, -009, 33.42469, 0.2238499
0xEEEE, 369143, 0118, -008, 42.08850, 0.1881437
0xEEEE, 372267, 0119, -008, 21.25216, 0.1866178
0xEEEE, 375393, 0120, -009, 47.86410, 0.1493858
0xEEEE, 378517, 0121, -008, 50.33971, 0.1493095
0xEEEE, 381650, 0122, -008, 15.26784, 0.1119249
0xEEEE, 384768, 0123, -008, 9.28513, 0.0746929
0xEEEE, 387893, 0124, -008, 43.53018, 0.0745403
0xEEEE, 391035, 0125, -009, 39.40418, 0.0745403
0xEEEE, 394151, 0126, -009, 16.50403, 0.0371557
0xEEEE, 397276, 0127, -008, 52.19399, 0.0370031
0xEEEE, 400402, 0128, -009, 33.42066, 0.0010681
0xEEEE, 403537, 0129, -008, 16.50403, 0.0011444
0xEEEE, 406660, 0130, -008, 37.54747, 0.0010681
0xEEEE, 409777, 0131, -009, 47.65619, 0.0373083
0xEEEE, 412893, 0132, -008, 21.04425, 0.0370794
0xEEEE, 416034, 0133, -008, 27.85216, 0.0371557
0xEEEE, 419142, 0134, -008, 11.34894, 0.0746166
0xEEEE, 422267, 0135, -008, 39.61209, 0.0746166
0xEEEE, 425392, 0136, -008, 10.52454, 0.1118486
0xEEEE, 428517, 0137, -008, 22.48996, 0.1114672
0xEEEE, 431650, 0138, -007, 11.14425, 0.1492332
0xEEEE, 434776, 0139, -008, 3.71744, 0.1865415
0xEEEE, 437905, 0140, -008, 17.74667, 0.1892119
0xEEEE, 441037, 0141, -007, 0.21114, 0.1866941
0xEEEE, 444154, 0142, -009, 51.37443, 0.2243839
0xEEEE, 447279, 0143, -008, 30.74440, 0.2242313
0xEEEE, 450404, 0144, -007, 2.89385, 0.2413214
0xEEEE, 453529, 0145, -009, 42.09092, 0.2412451
0xEEEE, 456662, 0146, -008, 34.04440, 0.2409400
0xEEEE, 459768, 0147, -008, 37.75780, 0.2244602
0xEEEE, 462893, 0148, -008, 14.85766, 0.2238499
0xEEEE, 466044, 0149, -008, 33.83729, 0.2241550
0xEEEE, 469143, 0150, -008, 25.37817, 0.1914244
0xEEEE, 472268, 0151, -009, 39.81919, 0.1866178
0xEEEE, 475392, 0152, -008, 37.75538, 0.1493095
0xEEEE, 478521, 0153, -008, 34.45458, 0.1496147
0xEEEE, 481659, 0154, -008, 22.07575, 0.1099413
0xEEEE, 484777, 0155, -008, 44.14989, 0.1119249
0xEEEE, 487912, 0156, -008, 4.12681, 0.0747692
0xEEEE, 491035, 0157, -008, 26.20095, 0.0746929
0xEEEE, 494152, 0158, -008, 52.19399, 0.0370031
0xEEEE, 497276, 0159, -009, 21.86784, 0.0370031
0xEEEE, 500409, 0160, -008, 41.87897, 0.0010681
0xEEEE, 503518, 0161, -008, 40.84747, 0.0010681
0xEEEE, 506650, 0162, -008, 5.57092, 0.0011444
0xEEEE, 509768, 0163, -008, 27.23245, 0.0010681
0xEEEE, 512893, 0164, -007, 6.60322, 0.0371557
0xEEEE, 516026, 0165, -009, 48.89480, 0.0370794
0xEEEE, 519142, 0166, -008, 28.67817, 0.0746166
0xEEEE, 522271, 0167, -008, 17.12535, 0.0746929
0xEEEE, 525404, 0168, -009, 27.85377, 0.1116960
0xEEEE, 528529, 0169, -007, 9.28674, 0.1465629
0xEEEE, 531662, 0170, -008, 25.99788, 0.1493858
0xEEEE, 534780, 0171, -008, 10.93795, 0.1505303
0xEEEE, 537904, 0172, -007, 0.83004, 0.1864652
0xEEEE, 541037, 0173, -009, 50.13582, 0.1846342
0xEEEE, 544142, 0174, -008, 8.05136, 0.2239261
0xEEEE, 547279, 0175, -008, 46.01062, 0.2239261
0xEEEE, 550392, 0176, -008, 8.05136, 0.2421607
0xEEEE, 553517, 0177, -008, 24.14278, 0.2413214
0xEEEE, 556651, 0178, -008, 22.49158, 0.2413977
0xEEEE, 559768, 0179, -008, 1.24264, 0.2406348
0xEEEE, 562894, 0180, -008, 49.10352, 0.2240024
0xEEEE, 566044, 0181, -008, 13.61985, 0.2239261
0xEEEE, 569152, 0182, -009, 50.13421, 0.1866178
0xEEEE, 572276, 0183, -007, 9.90564, 0.1866178
0xEEEE, 575401, 0184, -008, 13.41194, 0.1493858
0xEEEE, 578527, 0185, -007, 18.98205, 0.1109331
0xEEEE, 581660, 0186, -007, 1.23941, 0.1119249
0xEEEE, 584786, 0187, -008, 5.98432, 0.1119249
0xEEEE, 587902, 0188, -008, 45.79949, 0.0748455
0xEEEE, 591026, 0189, -008, 45.59319, 0.0744640
0xEEEE, 594142, 0190, -008, 17.74183, 0.0370031
0xEEEE, 597267, 0191, -008, 25.78755, 0.0370031
0xEEEE, 600392, 0192, -008, 38.16557, 0.0011444
0xEEEE, 603517, 0193, -008, 23.51824, 0.0010681
0xEEEE, 606650, 0194, -008, 44.35538, 0.0011444
0xEEEE, 609768, 0195, -008, 16.09223, 0.0012970
0xEEEE, 612905, 0196, -008, 11.14183, 0.0371557
0xEEEE, 616037, 0197, -007, 7.01582, 0.0371557
0xEEEE, 619154, 0198, -008, 8.25443, 0.0746166
0xEEEE, 622279, 0199, -009, 43.53179, 0.0745403
0xEEEE, 625404, 0200, -008, 44.35780, 0.1119249
0xEEEE, 628529, 0201, -008, 5.36703, 0.1119249
0xEEEE, 631672, 0202, -008, 29.71128, 0.1499199
0xEEEE, 634768, 0203, -008, 52.19802, 0.1493095
0xEEEE, 637893, 0204, -009, 41.47121, 0.1862364
0xEEEE, 641026, 0205, -008, 36.31370, 0.1867704
0xEEEE, 644143, 0206, -008, 39.20271, 0.2250706
0xEEEE, 647268, 0207, -008, 21.87348, 0.2413977
0xEEEE, 650392, 0208, -008, 44.97912, 0.2413977
0xEEEE, 653517, 0209, -008, 36.31451, 0.2404822
0xEEEE, 656656, 0210, -009, 28.68059, 0.2412451
0xEEEE, 659777, 0211, -007, 3.51194, 0.2413977
0xEEEE, 662902, 0212, -008, 12.17575, 0.2233921
0xEEEE, 666053, 0213, -008, 2.68593, 0.2238499
0xEEEE, 669160, 0214, -007, 8.25524, 0.1844053
0xEEEE, 672277, 0215, -008, 7.84264, 0.1493095
0xEEEE, 675401, 0216, -008, 17.74425, 0.1540398
0xEEEE, 678517, 0217, -007, 4.33473, 0.1493095
0xEEEE, 681650, 0218, -009, 47.65700, 0.1110857
0xEEEE, 684768, 0219, -008, 50.13260, 0.1126116
0xEEEE, 687894, 0220, -008, 39.40418, 0.0746166
0xEEEE, 691025, 0221, -009, 46.83099, 0.0747692
0xEEEE, 694142, 0222, -008, 32.38916, 0.0371557
0xEEEE, 697268, 0223, -008, 29.29465, 0.0011444
0xEEEE, 700399, 0224, -008, 15.67883, 0.0011444
0xEEEE, 703529, 0225, -008, 47.86168, 0.0012970
0xEEEE, 706661, 0226, -009, 46.00579, 0.0010681
0xEEEE, 709780, 0227, -008, 17.74264, 0.0010681
0xEEEE, 712905, 0228, -007, 7.01582, 0.0370794
0xEEEE, 716046, 0229, -008, 16.91824, 0.0371557
0xEEEE, 719154, 0230, -008, 38.99319, 0.0745403
0xEEEE, 722268, 0231, -008, 42.91289, 0.1119249
0xEEEE, 725392, 0232, -008, 18.77656, 0.1120775
0xEEEE, 728526, 0233, -007, 7.01744, 0.1115435
0xEEEE, 731651, 0234, -008, 37.96330, 0.1493095
0xEEEE, 734768, 0235, -008, 5.36784, 0.1487755
0xEEEE, 737893, 0236, -007, 12.58916, 0.1866178
0xEEEE, 741025, 0237, -008, 0.62374, 0.1869993
0xEEEE, 744144, 0238, -008, 8.05136, 0.2239261
0xEEEE, 747276, 0239, -007, 4.13165, 0.2420081
0xEEEE, 750402, 0240, -008, 26.82469, 0.2413977
0xEEEE, 753533, 0241, -008, 19.19158, 0.2412451
0xEEEE, 756659, 0242, -008, 52.61143, 0.2410163
0xEEEE, 759777, 0243, -008, 14.65216, 0.2413977
0xEEEE, 762902, 0244, -008, 27.64828, 0.2240024
0xEEEE, 766054, 0245, -007, 1.03553, 0.2211032
0xEEEE, 769143, 0246, -008, 21.04586, 0.1865415
0xEEEE, 772267, 0247, -008, 25.58447, 0.1495384
0xEEEE, 775392, 0248, -008, 29.70967, 0.1493095
0xEEEE, 778517, 0249, -008, 3.09692, 0.1494621
0xEEEE, 781651, 0250, -008, 43.94359, 0.1109331
0xEEEE, 784768, 0251, -008, 17.74344, 0.1120012
0xEEEE, 787894, 0252, -008, 1.44491, 0.0746166
0xEEEE, 791037, 0253, -008, 41.87978, 0.0745403
0xEEEE, 794154, 0254, -008, 4.74491, 0.0360876
0xEEEE, 797279, 0255, -008, 35.89626, 0.0398260
0xEEEE, 800413, 0256, -007, 3.91971, 0.0010681
0xEEEE, 803529, 0257, -008, 2.26930, 0.0010681
0xEEEE, 806662, 0258, -008, 16.29853, 0.0010681
0xEEEE, 809779, 0259, -008, 47.65619, 0.0011444
0xEEEE, 812902, 0260, -009, 26.82066, 0.0368505
0xEEEE, 816025, 0261, -008, 32.59707, 0.0720989
0xEEEE, 819142, 0262, -008, 22.48916, 0.0746929
0xEEEE, 822267, 0263, -008, 21.66396, 0.0746166
0xEEEE, 825392, 0264, -008, 36.51839, 0.1120775
0xEEEE, 828517, 0265, -008, 23.93407, 0.1119249
0xEEEE, 831651, 0266, -008, 10.11275, 0.1491569
0xEEEE, 834777, 0267, -007, 4.33634, 0.1493095
0xEEEE, 837902, 0268, -008, 13.20806, 0.1866178
0xEEEE, 841035, 0269, -008, 2.27414, 0.2234684
0xEEEE, 844152, 0270, -007, 6.19465, 0.2241550
0xEEEE, 847276, 0271, -008, 16.92227, 0.2239261
0xEEEE, 850401, 0272, -007, 4.33795, 0.2409400
0xEEEE, 853526, 0273, -008, 48.89883, 0.2413214
0xEEEE, 856650, 0274, -009, 50.34212, 0.2413977
0xEEEE, 859779, 0275, -008, 34.25070, 0.2389563
0xEEEE, 862893, 0276, -008, 29.29868, 0.2239261
0xEEEE, 866045, 0277, -008, 14.03245, 0.1866178
0xEEEE, 869143, 0278, -008, 35.48689, 0.1860075
0xEEEE, 872267, 0279, -008, 5.57333, 0.1866941
0xEEEE, 875393, 0280, -009, 35.89868, 0.1488518
0xEEEE, 878525, 0281, -007, 14.64974, 0.1491569
0xEEEE, 881661, 0282, -008, 4.33392, 0.1119249
0xEEEE, 884783, 0283, -008, 6.80952, 0.1132219
0xEEEE, 887905, 0284, -008, 40.02308, 0.0759136
0xEEEE, 891038, 0285, -009, 38.78527, 0.0353246
0xEEEE, 894154, 0286, -008, 39.19707, 0.0371557
0xEEEE, 897287, 0287, -008, 38.78447, 0.0371557
0xEEEE, 900392, 0288, -009, 50.95619, 0.0010681
0xEEEE, 903517, 0289, -007, 11.96542, 0.0011444
0xEEEE, 906650, 0290, -008, 17.94894, 0.0010681
0xEEEE, 909768, 0291, -008, 7.63392, 0.0014496
0xEEEE, 912893, 0292, -007, 11.55443, 0.0370794
0xEEEE, 916025, 0293, -008, 21.66315, 0.0745403
0xEEEE, 919142, 0294, -008, 2.27172, 0.0743877
0xEEEE, 922271, 0295, -008, 51.78381, 0.0767529
0xEEEE, 925402, 0296, -009, 42.29480, 0.1137560
0xEEEE, 928526, 0297, -008, 22.28366, 0.1120775
0xEEEE, 931659, 0298, -007, 2.06703, 0.1490806
0xEEEE, 934778, 0299, -008, 13.82615, 0.1492332
0xEEEE, 937903, 0300, -008, 50.34212, 0.1874571
0xEEEE, 941034, 0301, -008, 39.61451, 0.1895933
0xEEEE, 944162, 0302, -009, 26.41209, 0.2238499
0xEEEE, 947267, 0303, -007, 2.48125, 0.2240787
0xEEEE, 950392, 0304, -008, 23.73018, 0.2413977
0xEEEE, 953518, 0305, -009, 46.62952, 0.2405585
0xEEEE, 956651, 0306, -008, 47.66022, 0.2413977
0xEEEE, 959768, 0307, -008, 6.19385, 0.2413214
0xEEEE, 962893, 0308, -008, 10.52535, 0.2245365
0xEEEE, 966048, 0309, -007, 9.08125, 0.2239261
0xEEEE, 969154, 0310, -008, 9.49304, 0.1866941
0xEEEE, 972279, 0311, -008, 29.50418, 0.1864652
0xEEEE, 975404, 0312, -008, 46.00740, 0.1489281
0xEEEE, 978530, 0313, -008, 8.87333, 0.1492332
0xEEEE, 981670, 0314, -008, 40.64278, 0.1118486
0xEEEE, 984779, 0315, -008, 38.78608, 0.0733196
0xEEEE, 987893, 0316, -008, 13.41033, 0.0746166
0xEEEE, 991026, 0317, -008, 36.10337, 0.0746166
0xEEEE, 994142, 0318, -008, 32.80176, 0.0353246
0xEEEE, 997267, 0319, -008, 11.14022, 0.0366217
0xEEEE, 1000393, 0320, -007, 7.42681, 0.0010681
0xEEEE, 1003517, 0321, -008, 18.97963, 0.0011444
0xEEEE, 1006650, 0322, -008, 22.07495, 0.0010681
0xEEEE, 1009768, 0323, -007, 5.15832, 0.0370794
0xEEEE, 1012902, 0324, -008, 15.26784, 0.0361639
0xEEEE, 1016034, 0325, -008, 39.19868, 0.0365454
0xEEEE, 1019151, 0326, -008, 36.10498, 0.0746166
0xEEEE, 1022277, 0327, -009, 40.64359, 0.0746166
0xEEEE, 1025402, 0328, -008, 49.10271, 0.1119249
0xEEEE, 1028537, 0329, -008, 30.12308, 0.1151293
0xEEEE, 1031659, 0330, -008, 21.66557, 0.1493095
0xEEEE, 1034768, 0331, -007, 6.81194, 0.1866941
0xEEEE, 1037893, 0332, -008, 19.80967, 0.1866178
0xEEEE, 1041033, 0333, -008, 21.04747, 0.1869230
0xEEEE, 1044142, 0334, -007, 9.70176, 0.2238499
0xEEEE, 1047268, 0335, -008, 14.24037, 0.2240024
0xEEEE, 1050392, 0336, -008, 34.25150, 0.2413977
0xEEEE, 1053517, 0337, -007, 0.41824, 0.2412451
0xEEEE, 1056661, 0338, -009, 47.66022, 0.2425422
0xEEEE, 1059780, 0339, -008, 43.53421, 0.2239261
0xEEEE, 1062905, 0340, -007, 0.21033, 0.2240024
0xEEEE, 1066063, 0341, -008, 2.68593, 0.2246128
0xEEEE, 1069154, 0342, -008, 45.59560, 0.1867704
0xEEEE, 1072279, 0343, -008, 34.04278, 0.1842527
0xEEEE, 1075404, 0344, -009, 41.05619, 0.1493095
0xEEEE, 1078517, 0345, -007, 18.98205, 0.1472496
0xEEEE, 1081650, 0346, -008, 15.26784, 0.1118486
0xEEEE, 1084768, 0347, -008, 26.82066, 0.0743877
0xEEEE, 1087893, 0348, -007, 4.33311, 0.0749218
0xEEEE, 1091026, 0349, -009, 50.75070, 0.0737011
0xEEEE, 1094142, 0350, -008, 43.52938, 0.0375372
0xEEEE, 1097267, 0351, -008, 46.83018, 0.0370794
0xEEEE, 1100399, 0352, -008, 4.33231, 0.0010681
0xEEEE, 1103526, 0353, -007, 22.69304, 0.0011444
0xEEEE, 1106659, 0354, -008, 31.15216, 0.0011444
0xEEEE, 1109777, 0355, -009, 50.95700, 0.0011444
0xEEEE, 1112912, 0356, -007, 11.76073, 0.0371557
0xEEEE, 1116035, 0357, -008, 18.56864, 0.0370794
0xEEEE, 1119151, 0358, -008, 47.86410, 0.0746166
0xEEEE, 1122268, 0359, -007, 0.20872, 0.0743114
0xEEEE, 1125401, 0360, -009, 48.48381, 0.1114672
0xEEEE, 1128517, 0361, -008, 14.23795, 0.1442741
0xEEEE, 1131650, 0362, -007, 2.27333, 0.1494621
0xEEEE, 1134768, 0363, -008, 11.96945, 0.1474022
0xEEEE, 1137893, 0364, -008, 17.33407, 0.1867704
0xEEEE, 1141026, 0365, -008, 24.76088, 0.1866941
0xEEEE, 1144149, 0366, -008, 27.85619, 0.2237736
0xEEEE, 1147279, 0367, -007, 15.27187, 0.2238499
0xEEEE, 1150404, 0368, -008, 39.61531, 0.2399481
0xEEEE, 1153529, 0369, -009, 50.34293, 0.2412451
0xEEEE, 1156662, 0370, -007, 4.74974, 0.2413214
0xEEEE, 1159780, 0371, -008, 8.87575, 0.2411688
0xEEEE, 1162904, 0372, -008, 52.40432, 0.2240024
0xEEEE, 1166056, 0373, -007, 4.33634, 0.2239261
0xEEEE, 1169143, 0374, -008, 24.55297, 0.1865415
0xEEEE, 1172267, 0375, -008, 50.75311, 0.1866941
0xEEEE, 1175393, 0376, -008, 46.42000, 0.1493095
0xEEEE, 1178517, 0377, -008, 1.24022, 0.1129931
0xEEEE, 1181650, 0378, -007, 1.03311, 0.1119249
0xEEEE, 1184768, 0379, -008, 39.19868, 0.1118486
0xEEEE, 1187895, 0380, -009, 48.27509, 0.0746166
0xEEEE, 1191034, 0381, -007, 11.75993, 0.0745403
0xEEEE, 1194151, 0382, -008, 23.93084, 0.0370794
0xEEEE, 1197286, 0383, -008, 16.71033, 0.0372320
0xEEEE, 1200402, 0384, -007, 9.69612, 0.0011444
0xEEEE, 1203526, 0385, -008, 26.61275, 0.0011444
0xEEEE, 1206660, 0386, -008, 20.83714, 0.0011444
0xEEEE, 1209784, 0387, -008, 44.35538, 0.0013733
0xEEEE, 1212893, 0388, -008, 22.07575, 0.0371557
0xEEEE, 1216026, 0389, -008, 43.53099, 0.0371557
0xEEEE, 1219142, 0390, -008, 34.45458, 0.0743877
0xEEEE, 1222267, 0391, -009, 50.13341, 0.0745403
0xEEEE, 1225392, 0392, -007, 12.17495, 0.1118486
0xEEEE, 1228517, 0393, -008, 22.90256, 0.1492332
0xEEEE, 1231651, 0394, -009, 51.16652, 0.1521324
0xEEEE, 1234780, 0395, -007, 7.01824, 0.1493095
0xEEEE, 1237905, 0396, -008, 5.78125, 0.1868467
0xEEEE, 1241036, 0397, -008, 22.28527, 0.1866941
0xEEEE, 1244154, 0398, -007, 6.60725, 0.2249180
0xEEEE, 1247279, 0399, -008, 1.24344, 0.2240787
0xEEEE, 1250405, 0400, -008, 40.23421, 0.2414740
0xEEEE, 1253517, 0401, -008, 46.62952, 0.2417792
0xEEEE, 1256672, 0402, -008, 4.54344, 0.2412451
0xEEEE, 1259768, 0403, -008, 29.91839, 0.2414740
0xEEEE, 1262893, 0404, -008, 30.94908, 0.2239261
0xEEEE, 1266045, 0405, -008, 41.47040, 0.2239261
0xEEEE, 1269143, 0406, -007, 9.08044, 0.1861601
0xEEEE, 1272267, 0407, -008, 22.48996, 0.1866178
0xEEEE, 1275392, 0408, -008, 34.04198, 0.1509117
0xEEEE, 1278526, 0409, -007, 4.33473, 0.1493095
0xEEEE, 1281659, 0410, -008, 11.14183, 0.1118486
0xEEEE, 1284777, 0411, -008, 41.88059, 0.1139086
0xEEEE, 1287902, 0412, -008, 45.18059, 0.0708019
0xEEEE, 1291035, 0413, -008, 8.04652, 0.0746166
0xEEEE, 1294160, 0414, -008, 7.83941, 0.0372320
0xEEEE, 1297276, 0415, -008, 32.38916, 0.0010681
0xEEEE, 1300392, 0416, -008, 8.45832, 0.0010681
0xEEEE, 1303517, 0417, -007, 5.15751, 0.0010681
0xEEEE, 1306650, 0418, -008, 11.75993, 0.0012970
0xEEEE, 1309768, 0419, -008, 20.42454, 0.0011444
0xEEEE, 1312893, 0420, -007, 9.90403, 0.0371557
0xEEEE, 1316026, 0421, -008, 17.74344, 0.0351720
0xEEEE, 1319142, 0422, -008, 36.31128, 0.0726329
0xEEEE, 1322277, 0423, -008, 46.21370, 0.1111620
0xEEEE, 1325404, 0424, -008, 5.98593, 0.1119249
0xEEEE, 1328529, 0425, -007, 15.47575, 0.1122301
0xEEEE, 1331662, 0426, -007, 3.30484, 0.1493095
0xEEEE, 1334780, 0427, -008, 31.36168, 0.1493095
0xEEEE, 1337905, 0428, -008, 39.82081, 0.1901274
0xEEEE, 1341047, 0429, -008, 24.14198, 0.1866178
0xEEEE, 1344142, 0430, -009, 48.27993, 0.2239261
0xEEEE, 1347268, 0431, -007, 5.57575, 0.2417029
0xEEEE, 1350392, 0432, -008, 13.00256, 0.2413977
0xEEEE, 1353517, 0433, -008, 28.06249, 0.2414740
0xEEEE, 1356650, 0434, -007, 1.86154, 0.2411688
0xEEEE, 1359768, 0435, -009, 44.56571, 0.2413977
0xEEEE, 1362893, 0436, -008, 33.21839, 0.2277409
0xEEEE, 1366049, 0437, -007, 0.41663, 0.2244602
0xEEEE, 1369152, 0438, -008, 21.45846, 0.1866178
0xEEEE, 1372276, 0439, -007, 1.24103, 0.1494621
0xEEEE, 1375402, 0440, -008, 43.73810, 0.1494621
0xEEEE, 1378534, 0441, -009, 49.30821, 0.1493095
0xEEEE, 1381659, 0442, -007, 3.92132, 0.1123064
0xEEEE, 1384777, 0443, -008, 34.66007, 0.1118486
0xEEEE, 1387893, 0444, -008, 18.98044, 0.0745403
0xEEEE, 1391026, 0445, -007, 1.03231, 0.0732433
0xEEEE, 1394142, 0446, -008, 2.88821, 0.0371557
0xEEEE, 1397267, 0447, -008, 25.99385, 0.0011444
0xEEEE, 1400393, 0448, -007, 8.45832, 0.0009918
0xEEEE, 1403517, 0449, -008, 10.10872, 0.0011444
0xEEEE, 1406650, 0450, -008, 19.39304, 0.0010681
0xEEEE, 1409773, 0451, -008, 37.34117, 0.0011444
0xEEEE, 1412904, 0452, -008, 35.07267, 0.0366979
0xEEEE, 1416036, 0453, -007, 25.37656, 0.0371557
0xEEEE, 1419154, 0454, -008, 15.26864, 0.0745403
0xEEEE, 1422279, 0455, -008, 6.19143, 0.0745403
0xEEEE, 1425415, 0456, -007, 1.65363, 0.1107042
0xEEEE, 1428529, 0457, -008, 40.02549, 0.1065080
0xEEEE, 1431662, 0458, -008, 23.52227, 0.1493858
0xEEEE, 1434768, 0459, -007, 8.66864, 0.1506828
0xEEEE, 1437903, 0460, -008, 4.33714, 0.1866941
0xEEEE, 1441025, 0461, -008, 47.45392, 0.2239261
0xEEEE, 1444142, 0462, -008, 46.83582, 0.2238499
0xEEEE, 1447267, 0463, -008, 32.18850, 0.2211795
0xEEEE, 1450392, 0464, -007, 11.55846, 0.2413977
0xEEEE, 1453518, 0465, -008, 36.31451, 0.2413977
0xEEEE, 1456659, 0466, -008, 10.93875, 0.2396429
0xEEEE, 1459777, 0467, -008, 52.40513, 0.2410925
0xEEEE, 1462909, 0468, -008, 10.31905, 0.2240024
0xEEEE, 1466053, 0469, -008, 30.53648, 0.1862364
0xEEEE, 1469152, 0470, -007, 13.20645, 0.1866178
0xEEEE, 1472276, 0471, -008, 1.03473, 0.1837949
0xEEEE, 1475392, 0472, -008, 12.17414, 0.1491569
0xEEEE, 1478517, 0473, -007, 6.81033, 0.1498436
0xEEEE, 1481650, 0474, -008, 5.36542, 0.1119249
0xEEEE, 1484768, 0475, -008, 48.89480, 0.1119249
0xEEEE, 1487893, 0476, -008, 49.10029, 0.0741588
0xEEEE, 1491025, 0477, -009, 49.30659, 0.0375372
0xEEEE, 1494142, 0478, -007, 1.23780, 0.0370794
0xEEEE, 1497268, 0479, -008, 21.86784, 0.0371557
0xEEEE, 1500404, 0480, -008, 12.58432, 0.0011444
0xEEEE, 1503529, 0481, -007, 9.28352, 0.0010681
0xEEEE, 1506661, 0482, -009, 52.19480, 0.0011444
0xEEEE, 1509788, 0483, -008, 18.98044, 0.0011444
0xEEEE, 1512905, 0484, -007, 12.99853, 0.0371557
0xEEEE, 1516037, 0485, -008, 1.44571, 0.0747692
0xEEEE, 1519153, 0486, -008, 41.67509, 0.0746166
0xEEEE, 1522276, 0487, -008, 43.73810, 0.0746929
0xEEEE, 1525392, 0488, -008, 31.56718, 0.1113146
0xEEEE, 1528517, 0489, -008, 35.69319, 0.1118486
0xEEEE, 1531650, 0490, -008, 29.50498, 0.1493095
0xEEEE, 1534767, 0491, -008, 20.84037, 0.1493858
0xEEEE, 1537892, 0492, -007, 8.66945, 0.1866941
0xEEEE, 1541025, 0493, -008, 15.27106, 0.2286564
0xEEEE, 1544150, 0494, -008, 32.18850, 0.2245365
0xEEEE, 1547277, 0495, -007, 1.86234, 0.2239261
0xEEEE, 1550401, 0496, -009, 43.12242, 0.2428473
0xEEEE, 1553526, 0497, -008, 26.41209, 0.2411688
0xEEEE, 1556660, 0498, -008, 50.54842, 0.2416266
0xEEEE, 1559777, 0499, -008, 15.27106, 0.2414740
0xEEEE, 1562903, 0500, -008, 48.27832, 0.2239261
0xEEEE, 1566055, 0501, -008, 39.61370, 0.1872282
0xEEEE, 1569154, 0502, -009, 36.93099, 0.1876097
0xEEEE, 1572267, 0503, -008, 32.59868, 0.1867704
0xEEEE, 1575392, 0504, -008, 21.04505, 0.1493095
0xEEEE, 1578517, 0505, -008, 11.14264, 0.1492332
0xEEEE, 1581650, 0506, -007, 16.91824, 0.1118486
0xEEEE, 1584768, 0507, -008, 18.56864, 0.1110094
0xEEEE, 1587901, 0508, -008, 35.27817, 0.0682078
0xEEEE, 1591037, 0509, -007, 2.27011, 0.0744640
0xEEEE, 1594156, 0510, -008, 16.09143, 0.0371557
0xEEEE, 1597279, 0511, -008, 45.79868, 0.0370031
0xEEEE, 1600405, 0512, -008, 36.30886, 0.0010681
0xEEEE, 1603529, 0513, -009, 41.46637, 0.0010681
0xEEEE, 1606670, 0514, -008, 50.75070, 0.0010681
0xEEEE, 1609768, 0515, -008, 5.57092, 0.0417334
0xEEEE, 1612893, 0516, -008, 40.02388, 0.0371557
0xEEEE, 1616025, 0517, -008, 51.78300, 0.0371557
0xEEEE, 1619142, 0518, -008, 7.22293, 0.0748455
0xEEEE, 1622267, 0519, -008, 5.57253, 0.0722515
0xEEEE, 1625393, 0520, -007, 3.51033, 0.1119249
0xEEEE, 1628517, 0521, -008, 14.03165, 0.1120775
0xEEEE, 1631652, 0522, -008, 39.40740, 0.1491569
0xEEEE, 1634777, 0523, -008, 44.56491, 0.1867704
0xEEEE, 1637902, 0524, -008, 6.19385, 0.1853971
0xEEEE, 1641035, 0525, -008, 32.60029, 0.1866178
0xEEEE, 1644152, 0526, -008, 20.01678, 0.2186618
0xEEEE, 1647277, 0527, -008, 37.55231, 0.2239261
0xEEEE, 1650401, 0528, -008, 35.90190, 0.2413977
0xEEEE, 1653537, 0529, -008, 9.70176, 0.2436866
0xEEEE, 1656651, 0530, -009, 50.75473, 0.2414740
0xEEEE, 1659768, 0531, -007, 8.05055, 0.2239261
0xEEEE, 1662893, 0532, -008, 5.78044, 0.2225528
0xEEEE, 1666053, 0533, -008, 31.77429, 0.2238499
0xEEEE, 1669143, 0534, -007, 6.60484, 0.1867704
0xEEEE, 1672267, 0535, -008, 17.74505, 0.1867704
0xEEEE, 1675395, 0536, -008, 39.61209, 0.1497673
0xEEEE, 1678529, 0537, -008, 40.84989, 0.1493095
0xEEEE, 1681662, 0538, -009, 50.95780, 0.1121538
0xEEEE, 1684780, 0539, -008, 38.78608, 0.0753033
0xEEEE, 1687905, 0540, -008, 11.75993, 0.0743877
0xEEEE, 1691043, 0541, -008, 5.98352, 0.0746166
0xEEEE, 1694154, 0542, -007, 11.96542, 0.0371557
0xEEEE, 1697267, 0543, -008, 15.05993, 0.0374609
0xEEEE, 1700392, 0544, -008, 43.32308, 0.0010681
0xEEEE, 1703517, 0545, -007, 8.04571, 0.0010681
0xEEEE, 1706650, 0546, -009, 40.84828, 0.0011444
0xEEEE, 1709768, 0547, -007, 11.75993, 0.0369268
0xEEEE, 1712893, 0548, -008, 39.19868, 0.0371557
0xEEEE, 1716025, 0549, -008, 34.86637, 0.0373083
0xEEEE, 1719142, 0550, -007, 2.68432, 0.0740826
0xEEEE, 1722276, 0551, -008, 30.94747, 0.0746929
0xEEEE, 1725401, 0552, -008, 25.99707, 0.1118486
0xEEEE, 1728526, 0553, -007, 16.91985, 0.1091783
0xEEEE, 1731659, 0554, -008, 37.75700, 0.1493095
0xEEEE, 1734777, 0555, -008, 10.31905, 0.1493858
0xEEEE, 1737913, 0556, -007, 1.44894, 0.1866178
0xEEEE, 1741035, 0557, -008, 1.44894, 0.1866941
0xEEEE, 1744143, 0558, -007, 0.21194, 0.2240787
0xEEEE, 1747267, 0559, -007, 8.05136, 0.2246891
0xEEEE, 1750393, 0560, -009, 33.42630, 0.2414740
0xEEEE, 1753517, 0561, -007, 27.44359, 0.2439918
0xEEEE, 1756650, 0562, -008, 39.40821, 0.2412451
0xEEEE, 1759768, 0563, -008, 20.22227, 0.2413977
0xEEEE, 1762893, 0564, -007, 13.20725, 0.2240787
0xEEEE, 1766057, 0565, -008, 22.49077, 0.2238499
0xEEEE, 1769154, 0566, -008, 15.26945, 0.1867704
0xEEEE, 1772279, 0567, -007, 10.93714, 0.1862364
0xEEEE, 1775411, 0568, -008, 24.96476, 0.1493858
0xEEEE, 1778529, 0569, -008, 37.54908, 0.1119249
0xEEEE, 1781662, 0570, -007, 0.00161, 0.1140612
0xEEEE, 1784779, 0571, -009, 47.24440, 0.1119249
0xEEEE, 1787892, 0572, -008, 41.67348, 0.0745403
0xEEEE, 1791025, 0573, -008, 32.18366, 0.0746929
0xEEEE, 1794143, 0574, -009, 49.30579, 0.0370031
0xEEEE, 1797267, 0575, -007, 21.45524, 0.0371557
0xEEEE, 1800392, 0576, -008, 20.63004, 0.0010681
0xEEEE, 1803517, 0577, -008, 8.45832, 0.0011444
0xEEEE, 1806650, 0578, -007, 5.36462, 0.0011444
0xEEEE, 1809774, 0579, -008, 24.13795, 0.0011444
0xEEEE, 1812902, 0580, -008, 29.08996, 0.0370794
0xEEEE, 1816034, 0581, -007, 4.54022, 0.0392157
0xEEEE, 1819151, 0582, -009, 47.45150, 0.0722515
0xEEEE, 1822287, 0583, -008, 45.80110, 0.0744640
0xEEEE, 1825402, 0584, -008, 40.43810, 0.1121538
0xEEEE, 1828526, 0585, -008, 26.40967, 0.1490806
0xEEEE, 1831659, 0586, -007, 16.71436, 0.1492332
0xEEEE, 1834776, 0587, -008, 9.70015, 0.1496910
0xEEEE, 1837893, 0588, -008, 18.77817, 0.1867704
0xEEEE, 1841025, 0589, -007, 4.33714, 0.1867704
0xEEEE, 1844142, 0590, -008, 9.70176, 0.2240024
0xEEEE, 1847267, 0591, -008, 47.86733, 0.2240024
0xEEEE, 1850392, 0592, -007, 7.43245, 0.2414740
0xEEEE, 1853522, 0593, -009, 33.22000, 0.2414740
0xEEEE, 1856661, 0594, -008, 27.23648, 0.2377356
0xEEEE, 1859779, 0595, -008, 49.72322, 0.2415503
0xEEEE, 1862905, 0596, -009, 51.37282, 0.2240024
0xEEEE, 1866055, 0597, -007, 14.03245, 0.2252995
0xEEEE, 1869155, 0598, -008, 18.77656, 0.1866941
0xEEEE, 1872279, 0599, -008, 24.14037, 0.1914244
0xEEEE, 1875393, 0600, -007, 5.36623, 0.1493095
0xEEEE, 1878517, 0601, -008, 20.63245, 0.1121538
0xEEEE, 1881661, 0602, -008, 33.00967, 0.1118486
0xEEEE, 1884768, 0603, -007, 10.52293, 0.1117723
0xEEEE, 1887893, 0604, -009, 45.38689, 0.0746166
0xEEEE, 1891025, 0605, -008, 47.24359, 0.0730907
0xEEEE, 1894142, 0606, -008, 51.16249, 0.0370794
0xEEEE, 1897268, 0607, -008, 3.09451, 0.0371557
0xEEEE, 1900401, 0608, -007, 15.26623, 0.0011444
0xEEEE, 1903526, 0609, -008, 39.19707, 0.0010681
0xEEEE, 1906669, 0610, -009, 51.16330, 0.0010681
0xEEEE, 1909778, 0611, -007, 5.98352, 0.0011444
0xEEEE, 1912902, 0612, -008, 32.39077, 0.0362402
0xEEEE, 1916035, 0613, -008, 38.99238, 0.0370794
0xEEEE, 1919160, 0614, -007, 13.82454, 0.0746166
0xEEEE, 1922267, 0615, -008, 10.93634, 0.1120012
0xEEEE, 1925392, 0616, -008, 44.77040, 0.1120775
0xEEEE, 1928517, 0617, -008, 51.57832, 0.1118486
0xEEEE, 1931650, 0618, -009, 50.75392, 0.1493858
0xEEEE, 1934768, 0619, -008, 19.18996, 0.1522850
0xEEEE, 1937893, 0620, -008, 42.70901, 0.1866941
0xEEEE, 1941027, 0621, -008, 13.20806, 0.1866178
0xEEEE, 1944154, 0622, -008, 35.48930, 0.2240787
0xEEEE, 1947279, 0623, -008, 18.16007, 0.2414740
0xEEEE, 1950404, 0624, -008, 44.56652, 0.2401007
0xEEEE, 1953529, 0625, -007, 17.12857, 0.2413977
0xEEEE, 1956663, 0626, -008, 6.40015, 0.2413977
0xEEEE, 1959779, 0627, -008, 0.83004, 0.2404059
0xEEEE, 1962904, 0628, -007, 14.85766, 0.2238499
0xEEEE, 1966067, 0629, -008, 35.07509, 0.2239261
0xEEEE, 1969143, 0630, -008, 29.91678, 0.1866941
0xEEEE, 1972267, 0631, -008, 38.78769, 0.1458762
0xEEEE, 1975392, 0632, -008, 18.98205, 0.1495384
0xEEEE, 1978517, 0633, -008, 49.72081, 0.1483940
0xEEEE, 1981650, 0634, -008, 29.91516, 0.1119249
0xEEEE, 1984768, 0635, -008, 8.87253, 0.1120775
0xEEEE, 1987902, 0636, -008, 50.95700, 0.0744640
0xEEEE, 1991034, 0637, -008, 5.15832, 0.0746166
0xEEEE, 1994152, 0638, -008, 7.63311, 0.0372320
0xEEEE, 1997276, 0639, -007, 19.18593, 0.0011444
0xEEEE, 2000401, 0640, -008, 11.75912, 0.0010681
0xEEEE, 2003535, 0641, -008, 8.66462, 0.0011444
0xEEEE, 2006659, 0642, -008, 45.38689, 0.0011444
0xEEEE, 2009768, 0643, -009, 48.89399, 0.0010681
0xEEEE, 2012893, 0644, -007, 13.20484, 0.0372320
0xEEEE, 2016026, 0645, -008, 40.43648, 0.0370794
0xEEEE, 2019143, 0646, -008, 11.14264, 0.0746166
0xEEEE, 2022267, 0647, -008, 50.54601, 0.1119249
0xEEEE, 2025392, 0648, -008, 6.60484, 0.1119249
0xEEEE, 2028517, 0649, -008, 9.28674, 0.1120012
0xEEEE, 2031658, 0650, -007, 17.53956, 0.1494621
0xEEEE, 2034780, 0651, -008, 18.36476, 0.1492332
0xEEEE, 2037904, 0652, -008, 24.96718, 0.1866178
0xEEEE, 2041037, 0653, -008, 50.13582, 0.1867704
0xEEEE, 2044154, 0654, -008, 23.73018, 0.2235447
0xEEEE, 2047279, 0655, -008, 44.15392, 0.2240024
0xEEEE, 2050415, 0656, -008, 27.64989, 0.2413977
0xEEEE, 2053517, 0657, -008, 14.65297, 0.2414740
0xEEEE, 2056650, 0658, -007, 13.41436, 0.2413214
0xEEEE, 2059768, 0659, -008, 4.54344, 0.2346838
0xEEEE, 2062894, 0660, -008, 43.94601, 0.2238499
0xEEEE, 2066044, 0661, -007, 17.95216, 0.1866941
0xEEEE, 2069143, 0662, -008, 15.88835, 0.1861601
0xEEEE, 2072268, 0663, -008, 30.74198, 0.1866941
0xEEEE, 2075397, 0664, -007, 2.47802, 0.1486992
0xEEEE, 2078526, 0665, -009, 51.99011, 0.1493095
0xEEEE, 2081659, 0666, -007, 24.34505, 0.1119249
0xEEEE, 2084777, 0667, -008, 49.72000, 0.1128405
0xEEEE, 2087909, 0668, -008, 23.93165, 0.0768292
0xEEEE, 2091035, 0669, -007, 8.87172, 0.0371557
0xEEEE, 2094151, 0670, -008, 28.05685, 0.0372320
0xEEEE, 2097267, 0671, -008, 13.82212, 0.0371557
0xEEEE, 2100392, 0672, -007, 20.42374, 0.0011444
0xEEEE, 2103517, 0673, -008, 12.17172, 0.0010681
0xEEEE, 2106651, 0674, -008, 2.68271, 0.0010681
0xEEEE, 2109768, 0675, -007, 1.85751, 0.0012970
0xEEEE, 2112893, 0676, -008, 26.40806, 0.0371557
0xEEEE, 2116025, 0677, -007, 15.47414, 0.0745403
0xEEEE, 2119146, 0678, -008, 43.94440, 0.0740826
0xEEEE, 2122279, 0679, -009, 36.10498, 0.0748455
0xEEEE, 2125404, 0680, -008, 44.97670, 0.1118486
0xEEEE, 2128529, 0681, -008, 27.85377, 0.1119249
0xEEEE, 2131662, 0682, -008, 7.43084, 0.1493858
0xEEEE, 2134791, 0683, -007, 19.80886, 0.1493858
0xEEEE, 2137904, 0684, -009, 36.72630, 0.1871519
0xEEEE, 2141037, 0685, -008, 39.40821, 0.2239261
0xEEEE, 2144142, 0686, -007, 4.33795, 0.2214084
0xEEEE, 2147276, 0687, -008, 8.25766, 0.2239261
0xEEEE, 2150392, 0688, -007, 2.68755, 0.2414740
0xEEEE, 2153517, 0689, -007, 4.95685, 0.2406348
0xEEEE, 2156650, 0690, -009, 50.13582, 0.2414740
0xEEEE, 2159767, 0691, -007, 9.70095, 0.2413977
0xEEEE, 2162893, 0692, -008, 35.07509, 0.2239261
0xEEEE, 2166053, 0693, -008, 1.65443, 0.1866941
0xEEEE, 2169152, 0694, -007, 12.79385, 0.1876860
0xEEEE, 2172282, 0695, -008, 2.68513, 0.1866941
0xEEEE, 2175402, 0696, -008, 30.94747, 0.1492332
0xEEEE, 2178527, 0697, -007, 14.03084, 0.1493858
0xEEEE, 2181660, 0698, -008, 4.12762, 0.1119249
0xEEEE, 2184776, 0699, -008, 18.36234, 0.1165026
0xEEEE, 2187894, 0700, -008, 51.36960, 0.0746166
0xEEEE, 2191026, 0701, -009, 38.99158, 0.0370794
0xEEEE, 2194142, 0702, -008, 42.29158, 0.0373083
0xEEEE, 2197267, 0703, -008, 28.26315, 0.0371557
0xEEEE, 2200392, 0704, -008, 31.77026, 0.0011444
0xEEEE, 2203517, 0705, -007, 0.00000, 0.0009918
0xEEEE, 2206650, 0706, -008, 17.74264, 0.0012970
0xEEEE, 2209779, 0707, -008, 18.77414, 0.0010681
0xEEEE, 2212905, 0708, -007, 16.29934, 0.0370031
0xEEEE, 2216036, 0709, -008, 26.40806, 0.0372320
0xEEEE, 2219163, 0710, -008, 44.56330, 0.0778973
0xEEEE, 2222279, 0711, -008, 40.64359, 0.0791943
0xEEEE, 2225404, 0712, -008, 19.80806, 0.1119249
0xEEEE, 2228529, 0713, -008, 50.75311, 0.1116197
0xEEEE, 2231670, 0714, -008, 40.64520, 0.1492332
0xEEEE, 2234768, 0715, -008, 22.49077, 0.1866941
0xEEEE, 2237893, 0716, -007, 12.17656, 0.1883726
0xEEEE, 2241025, 0717, -008, 3.30564, 0.1866941
0xEEEE, 2244142, 0718, -008, 11.55846, 0.2240024
0xEEEE, 2247268, 0719, -007, 14.65297, 0.2238499
0xEEEE, 2250393, 0720, -009, 50.75553, 0.2413977
0xEEEE, 2253524, 0721, -008, 17.74747, 0.2375067
0xEEEE, 2256659, 0722, -007, 1.24264, 0.2415503
0xEEEE, 2259777, 0723, -009, 46.62872, 0.2239261
0xEEEE, 2262902, 0724, -007, 13.82615, 0.2246891
0xEEEE, 2266053, 0725, -008, 42.91451, 0.2239261
0xEEEE, 2269152, 0726, -008, 10.52454, 0.1866941
0xEEEE, 2272276, 0727, -007, 16.50725, 0.1866178
0xEEEE, 2275392, 0728, -008, 25.78996, 0.1500725
0xEEEE, 2278528, 0729, -008, 27.44037, 0.1493858
0xEEEE, 2281650, 0730, -007, 13.82374, 0.1116960
0xEEEE, 2284768, 0731, -008, 14.85524, 0.0753033
0xEEEE, 2287893, 0732, -008, 4.53941, 0.0745403
0xEEEE, 2291026, 0733, -008, 51.36960, 0.0746166
0xEEEE, 2294142, 0734, -008, 42.91048, 0.0363928
0xEEEE, 2297275, 0735, -007, 4.53861, 0.0366979
0xEEEE, 2300404, 0736, -008, 50.74989, 0.0011444
0xEEEE, 2303529, 0737, -008, 24.54974, 0.0010681
0xEEEE, 2306662, 0738, -008, 30.32696, 0.0011444
0xEEEE, 2309780, 0739, -008, 22.90015, 0.0371557
0xEEEE, 2312906, 0740, -008, 24.96396, 0.0369268
0xEEEE, 2316046, 0741, -007, 8.45993, 0.0373083
0xEEEE, 2319142, 0742, -008, 12.58674, 0.0747692
0xEEEE, 2322267, 0743, -008, 31.56637, 0.0746166
0xEEEE, 2325392, 0744, -007, 9.08044, 0.1119249
0xEEEE, 2328518, 0745, -008, 9.08044, 0.1107805
0xEEEE, 2331651, 0746, -008, 33.83729, 0.1493858
0xEEEE, 2334768, 0747, -008, 48.89722, 0.1866941
0xEEEE, 2337893, 0748, -009, 50.96103, 0.1866941
0xEEEE, 2341027, 0749, -008, 50.13582, 0.1866178
0xEEEE, 2344151, 0750, -008, 11.97106, 0.2279698
0xEEEE, 2347276, 0751, -008, 36.93341, 0.2233158
0xEEEE, 2350402, 0752, -008, 52.61223, 0.2413977
0xEEEE, 2353527, 0753, -008, 13.00256, 0.2415503
0xEEEE, 2356660, 0754, -008, 46.62872, 0.2415503
0xEEEE, 2359777, 0755, -007, 2.27414, 0.2414740
0xEEEE, 2362913, 0756, -008, 5.36784, 0.2239261
0xEEEE, 2366053, 0757, -008, 46.42161, 0.2240024
0xEEEE, 2369143, 0758, -008, 44.77040, 0.1914244
0xEEEE, 2372267, 0759, -008, 4.33553, 0.1866178
0xEEEE, 2375393, 0760, -008, 40.43729, 0.1529717
0xEEEE, 2378517, 0761, -008, 33.62938, 0.1491569
0xEEEE, 2381650, 0762, -008, 22.48835, 0.1112383
0xEEEE, 2384771, 0763, -007, 9.49143, 0.1170367
0xEEEE, 2387904, 0764, -008, 19.80564, 0.0746929
0xEEEE, 2391037, 0765, -008, 8.66542, 0.0746166
0xEEEE, 2394154, 0766, -007, 11.14022, 0.0372320
0xEEEE, 2397279, 0767, -008, 0.61890, 0.0379950
0xEEEE, 2400412, 0768, -008, 22.89934, 0.0009918
0xEEEE, 2403529, 0769, -008, 43.73568, 0.0010681
0xEEEE, 2406662, 0770, -009, 51.57590, 0.0011444
0xEEEE, 2409768, 0771, -008, 49.30659, 0.0011444
0xEEEE, 2412893, 0772, -008, 39.40498, 0.0337987
0xEEEE, 2416025, 0773, -008, 36.92938, 0.0354009
0xEEEE, 2419142, 0774, -007, 16.30015, 0.0758373
0xEEEE, 2422267, 0775, -008, 30.53487, 0.0746166
0xEEEE, 2425392, 0776, -008, 28.47267, 0.1119249
0xEEEE, 2428517, 0777, -007, 18.98286, 0.1492332
0xEEEE, 2431659, 0778, -008, 17.12696, 0.1493858
0xEEEE, 2434777, 0779, -007, 14.23875, 0.1493858
0xEEEE, 2437902, 0780, -007, 1.44894, 0.1865415
0xEEEE, 2441034, 0781, -008, 21.46007, 0.1863890
0xEEEE, 2444152, 0782, -008, 49.72403, 0.2238499
0xEEEE, 2447287, 0783, -008, 42.91612, 0.2235447
0xEEEE, 2450401, 0784, -009, 35.07670, 0.2414740
0xEEEE, 2453517, 0785, -007, 17.54117, 0.2413977
0xEEEE, 2456650, 0786, -008, 20.01597, 0.2424659
0xEEEE, 2459768, 0787, -009, 51.16733, 0.2414740
0xEEEE, 2462893, 0788, -007, 20.84037, 0.2288090
0xEEEE, 2466045, 0789, -008, 10.11275, 0.2243839
0xEEEE, 2469143, 0790, -008, 30.74198, 0.1866941
0xEEEE, 2472267, 0791, -008, 51.99092, 0.1847868
0xEEEE, 2475402, 0792, -008, 2.68432, 0.1493095
0xEEEE, 2478529, 0793, -008, 40.84989, 0.1120012
0xEEEE, 2481661, 0794, -008, 42.70579, 0.1120775
0xEEEE, 2484787, 0795, -008, 26.40806, 0.1120012
0xEEEE, 2487905, 0796, -007, 4.95201, 0.0746929
0xEEEE, 2491038, 0797, -008, 17.33004, 0.0746929
0xEEEE, 2494154, 0798, -009, 46.83018, 0.0369268
0xEEEE, 2497268, 0799, -007, 8.45832, 0.0371557
0xEEEE, 2500393, 0800, -008, 16.50403, 0.0011444
0xEEEE, 2503517, 0801, -007, 3.50711, 0.0011444
0xEEEE, 2506650, 0802, -007, 6.80872, 0.0011444
0xEEEE, 2509768, 0803, -008, 19.18674, 0.0010681
0xEEEE, 2512892, 0804, -007, 2.27092, 0.0373083
0xEEEE, 2516025, 0805, -008, 28.88366, 0.0371557
0xEEEE, 2519147, 0806, -008, 18.77575, 0.0746929
0xEEEE, 2522276, 0807, -008, 47.24520, 0.0744640
0xEEEE, 2525402, 0808, -008, 10.73084, 0.1116197
0xEEEE, 2528527, 0809, -009, 50.54681, 0.1131456
0xEEEE, 2531669, 0810, -007, 13.20725, 0.1493095
0xEEEE, 2534778, 0811, -008, 24.96637, 0.1490806
0xEEEE, 2537902, 0812, -008, 30.94989, 0.1866941
0xEEEE, 2541035, 0813, -008, 52.61143, 0.1866941
0xEEEE, 2544151, 0814, -009, 51.99333, 0.2240787
0xEEEE, 2547267, 0815, -008, 35.28300, 0.2416266
0xEEEE, 2550392, 0816, -008, 33.83890, 0.2413214
0xEEEE, 2553517, 0817, -008, 17.12857, 0.2414740
0xEEEE, 2556651, 0818, -008, 49.72322, 0.2415503
0xEEEE, 2559768, 0819, -008, 21.66637, 0.2413214
0xEEEE, 2562898, 0820, -009, 49.51612, 0.2240024
0xEEEE, 2566056, 0821, -007, 10.31905, 0.2231632
0xEEEE, 2569154, 0822, -008, 11.55604, 0.1867704
0xEEEE, 2572279, 0823, -008, 42.91370, 0.1492332
0xEEEE, 2575404, 0824, -007, 2.27172, 0.1494621
0xEEEE, 2578530, 0825, -008, 22.69546, 0.1493858
0xEEEE, 2581662, 0826, -008, 43.32469, 0.1120012
0xEEEE, 2584768, 0827, -008, 40.64278, 0.1119249
0xEEEE, 2587893, 0828, -009, 51.98850, 0.0746166
0xEEEE, 2591036, 0829, -008, 46.00579, 0.0742351
0xEEEE, 2594142, 0830, -008, 18.36073, 0.0385290
0xEEEE, 2597267, 0831, -009, 41.87897, 0.0010681
0xEEEE, 2600392, 0832, -007, 5.98271, 0.0012970
0xEEEE, 2603517, 0833, -008, 10.93392, 0.0010681
0xEEEE, 2606651, 0834, -008, 10.72842, 0.0010681
0xEEEE, 2609777, 0835, -008, 51.36960, 0.0009918
0xEEEE, 2612902, 0836, -008, 27.23326, 0.0362402
0xEEEE, 2616040, 0837, -007, 13.41114, 0.0372320
0xEEEE, 2619152, 0838, -008, 43.53179, 0.0745403
0xEEEE, 2622277, 0839, -009, 39.81839, 0.1119249
0xEEEE, 2625402, 0840, -007, 6.19223, 0.1105516
0xEEEE, 2628534, 0841, -008, 31.56718, 0.1163500
0xEEEE, 2631651, 0842, -008, 38.37590, 0.1495384
0xEEEE, 2634768, 0843, -007, 14.03245, 0.1486992
0xEEEE, 2637893, 0844, -008, 16.09626, 0.1866941
0xEEEE, 2641026, 0845, -008, 40.64601, 0.1830320
0xEEEE, 2644143, 0846, -008, 52.61223, 0.2240787
0xEEEE, 2647267, 0847, -008, 13.41516, 0.2429999
0xEEEE, 2650392, 0848, -008, 47.04212, 0.2416266
0xEEEE, 2653529, 0849, -008, 40.44051, 0.2415503
0xEEEE, 2656661, 0850, -008, 39.82081, 0.2391089
0xEEEE, 2659780, 0851, -007, 14.85846, 0.2419318
0xEEEE, 2662905, 0852, -008, 41.88300, 0.2240024
0xEEEE, 2666056, 0853, -008, 40.23260, 0.2172122
0xEEEE, 2669155, 0854, -007, 3.09773, 0.1868467
0xEEEE, 2672279, 0855, -008, 8.66784, 0.1548791
0xEEEE, 2675415, 0856, -008, 48.89560, 0.1495384
0xEEEE, 2678517, 0857, -007, 8.46073, 0.1492332
0xEEEE, 2681650, 0858, -009, 47.24440, 0.1099413
0xEEEE, 2684768, 0859, -008, 46.21289, 0.1120012
0xEEEE, 2687893, 0860, -008, 37.34117, 0.0746166
0xEEEE, 2691026, 0861, -008, 13.82293, 0.0746166
0xEEEE, 2694142, 0862, -008, 43.52938, 0.0372320
0xEEEE, 2697275, 0863, -008, 22.07414, 0.0344854
0xEEEE, 2700401, 0864, -008, 7.01421, 0.0010681
0xEEEE, 2703526, 0865, -007, 10.31502, 0.0010681
0xEEEE, 2706659, 0866, -008, 18.15524, 0.0011444
0xEEEE, 2709777, 0867, -008, 25.78835, 0.0011444
0xEEEE, 2712910, 0868, -007, 5.98432, 0.0387579
0xEEEE, 2716034, 0869, -008, 14.03004, 0.0727855
0xEEEE, 2719142, 0870, -007, 27.02777, 0.0746929
0xEEEE, 2722268, 0871, -008, 47.86410, 0.0746166
0xEEEE, 2725392, 0872, -009, 43.53260, 0.1055161
0xEEEE, 2728517, 0873, -007, 10.93714, 0.1120012
0xEEEE, 2731651, 0874, -008, 18.15846, 0.1494621
0xEEEE, 2734768, 0875, -008, 7.22454, 0.1493095
0xEEEE, 2737893, 0876, -007, 13.41436, 0.1867704
0xEEEE, 2741033, 0877, -008, 10.73245, 0.2230106
0xEEEE, 2744154, 0878, -008, 42.29722, 0.2240787
0xEEEE, 2747279, 0879, -007, 5.98835, 0.2239261
0xEEEE, 2750405, 0880, -008, 18.16007, 0.2429999
0xEEEE, 2753530, 0881, -007, 4.13165, 0.2413977
0xEEEE, 2756662, 0882, -008, 50.96103, 0.2416266
0xEEEE, 2759790, 0883, -009, 51.99253, 0.2431525
0xEEEE, 2762893, 0884, -007, 24.14117, 0.2240024
0xEEEE, 2766056, 0885, -008, 39.82000, 0.1876860
0xEEEE, 2769143, 0886, -008, 23.31516, 0.1866178
0xEEEE, 2772267, 0887, -007, 13.00015, 0.1883726
0xEEEE, 2775393, 0888, -009, 52.60901, 0.1494621
0xEEEE, 2778517, 0889, -008, 35.27978, 0.1497673
0xEEEE, 2781650, 0890, -007, 15.88674, 0.1118486
0xEEEE, 2784771, 0891, -008, 5.77802, 0.1117723
0xEEEE, 2787901, 0892, -008, 43.73648, 0.0739300
0xEEEE, 2791034, 0893, -008, 48.89399, 0.0379187
0xEEEE, 2794152, 0894, -008, 27.23165, 0.0371557
0xEEEE, 2797284, 0895, -007, 16.91663, 0.0371557
0xEEEE, 2800402, 0896, -008, 36.51516, 0.0011444
0xEEEE, 2803526, 0897, -008, 15.26623, 0.0010681
0xEEEE, 2806659, 0898, -007, 15.88593, 0.0010681
0xEEEE, 2809768, 0899, -008, 15.06073, 0.0011444
0xEEEE, 2812894, 0900, -008, 21.25055, 0.0373083
0xEEEE, 2816025, 0901, -007, 16.71194, 0.0749218
0xEEEE, 2819142, 0902, -008, 12.99934, 0.0746929
0xEEEE, 2822267, 0903, -007, 6.60403, 0.0744640
0xEEEE, 2825392, 0904, -007, 4.95443, 0.1125353
0xEEEE, 2828519, 0905, -008, 9.28674, 0.1120012
0xEEEE, 2831661, 0906, -007, 18.98366, 0.1495384
0xEEEE, 2834780, 0907, -008, 31.36168, 0.1493858
0xEEEE, 2837905, 0908, -008, 20.84117, 0.1868467
0xEEEE, 2841037, 0909, -007, 3.92454, 0.1864652
0xEEEE, 2844165, 0910, -008, 22.28608, 0.2242313
0xEEEE, 2847279, 0911, -008, 43.94762, 0.2240024
0xEEEE, 2850392, 0912, -007, 11.55846, 0.2411688
0xEEEE, 2853517, 0913, -009, 50.75553, 0.2413214
0xEEEE, 2856659, 0914, -008, 30.74359, 0.2416266
0xEEEE, 2859768, 0915, -008, 49.92952, 0.2232395
0xEEEE, 2862893, 0916, -009, 42.29560, 0.2240024
0xEEEE, 2866045, 0917, -007, 14.44505, 0.2240024
0xEEEE, 2869143, 0918, -008, 18.77656, 0.1873045
0xEEEE, 2872267, 0919, -009, 46.83341, 0.1867704
0xEEEE, 2875402, 0920, -008, 50.95861, 0.1493858
0xEEEE, 2878526, 0921, -008, 4.12842, 0.1494621
0xEEEE, 2881663, 0922, -008, 42.70579, 0.1120775
0xEEEE, 2884777, 0923, -007, 11.76073, 0.0746166
0xEEEE, 2887903, 0924, -008, 10.93473, 0.0717937
0xEEEE, 2891035, 0925, -008, 20.01194, 0.0780499
0xEEEE, 2894151, 0926, -007, 1.23780, 0.0371557
0xEEEE, 2897267, 0927, -008, 10.93392, 0.0373083
0xEEEE, 2900392, 0928, -008, 45.79868, 0.0010681
0xEEEE, 2903517, 0929, -008, 16.71033, 0.0011444
0xEEEE, 2906650, 0930, -008, 35.48447, 0.0011444
0xEEEE, 2909768, 0931, -007, 15.88593, 0.0379950
0xEEEE, 2912893, 0932, -008, 38.16718, 0.0371557
0xEEEE, 2916026, 0933, -008, 5.98432, 0.0371557
0xEEEE, 2919154, 0934, -007, 7.84183, 0.0745403
0xEEEE, 2922279, 0935, -009, 49.10190, 0.0738537
0xEEEE, 2925404, 0936, -008, 40.85070, 0.1097887
0xEEEE, 2928538, 0937, -008, 51.57832, 0.1119249
0xEEEE, 2931662, 0938, -008, 18.36476, 0.1489281
0xEEEE, 2934780, 0939, -007, 1.86073, 0.1909667
0xEEEE, 2937906, 0940, -008, 41.26491, 0.1864652
0xEEEE, 2941045, 0941, -008, 13.41436, 0.1867704
0xEEEE, 2944142, 0942, -007, 11.55846, 0.2238499
0xEEEE, 2947268, 0943, -008, 32.60110, 0.2240024
0xEEEE, 2950392, 0944, -008, 6.19465, 0.2439155
0xEEEE, 2953517, 0945, -007, 14.85927, 0.2415503
0xEEEE, 2956650, 0946, -008, 13.41436, 0.2413977
0xEEEE, 2959768, 0947, -007, 9.28835, 0.2223239
0xEEEE, 2962898, 0948, -007, 9.28755, 0.2237736
0xEEEE, 2966053, 0949, -008, 7.63714, 0.2240024
0xEEEE, 2969152, 0950, -008, 34.45538, 0.1869993
0xEEEE, 2972277, 0951, -008, 31.97978, 0.1867704
0xEEEE, 2975402, 0952, -008, 7.22293, 0.1496147
0xEEEE, 2978526, 0953, -008, 52.40271, 0.1493858
0xEEEE, 2981659, 0954, -008, 24.55136, 0.1121538
0xEEEE, 2984768, 0955, -009, 46.00659, 0.0745403
0xEEEE, 2987904, 0956, -007, 3.09531, 0.0746166
0xEEEE, 2991025, 0957, -008, 24.34425, 0.0745403
0xEEEE, 2994142, 0958, -008, 39.81597, 0.0370031
0xEEEE, 2997267, 0959, -007, 14.44103, 0.0370794
0xEEEE, 3000393, 0960, -009, 45.59238, 0.0010681
0xEEEE, 3003517, 0961, -008, 44.14828, 0.0011444
0xEEEE, 3006654, 0962, -008, 40.84828, 0.0011444
0xEEEE, 3009780, 0963, -008, 11.34733, 0.0011444
0xEEEE, 3012904, 0964, -007, 17.33084, 0.0372320
0xEEEE, 3016037, 0965, -008, 44.14989, 0.0370794
0xEEEE, 3019154, 0966, -008, 44.15070, 0.0746166
0xEEEE, 3022280, 0967, -007, 5.15993, 0.0769055
0xEEEE, 3025413, 0968, -008, 13.41275, 0.1120012
0xEEEE, 3028517, 0969, -008, 27.64747, 0.1494621
0xEEEE, 3031651, 0970, -007, 11.76315, 0.1506828
0xEEEE, 3034768, 0971, -008, 32.59949, 0.1493095
0xEEEE, 3037892, 0972, -008, 49.92952, 0.1879149
0xEEEE, 3041025, 0973, -008, 44.77201, 0.1867704
0xEEEE, 3044142, 0974, -008, 19.19158, 0.2246128
0xEEEE, 3047267, 0975, -007, 16.50967, 0.2241550
0xEEEE, 3050393, 0976, -008, 25.79319, 0.2415503
0xEEEE, 3053526, 0977, -009, 43.32872, 0.2413214
0xEEEE, 3056659, 0978, -007, 20.22227, 0.2415503
0xEEEE, 3059777, 0979, -008, 11.97026, 0.2414740
0xEEEE, 3062903, 0980, -007, 3.92374, 0.2230869
0xEEEE, 3066053, 0981, -007, 14.23875, 0.2239261
0xEEEE, 3069152, 0982, -008, 3.92293, 0.1872282
0xEEEE, 3072287, 0983, -008, 40.02549, 0.1867704
0xEEEE, 3075392, 0984, -008, 41.05619, 0.1495384
0xEEEE, 3078517, 0985, -007, 2.06542, 0.1061265
0xEEEE, 3081650, 0986, -008, 44.35619, 0.1118486
0xEEEE, 3084768, 0987, -008, 29.29626, 0.1123827
0xEEEE, 3087893, 0988, -008, 37.13487, 0.0746166
0xEEEE, 3091025, 0989, -008, 49.71919, 0.0746166
0xEEEE, 3094143, 0990, -008, 9.28352, 0.0371557
0xEEEE, 3097279, 0991, -008, 24.13714, 0.0376135
0xEEEE, 3100404, 0992, -007, 4.95121, 0.0011444
0xEEEE, 3103529, 0993, -008, 19.18593, 0.0011444
0xEEEE, 3106662, 0994, -008, 7.84022, 0.0010681
0xEEEE, 3109788, 0995, -008, 47.86249, 0.0011444
0xEEEE, 3112904, 0996, -008, 35.69158, 0.0371557
0xEEEE, 3116037, 0997, -007, 23.93245, 0.0370031
0xEEEE, 3119143, 0998, -008, 32.39158, 0.0743114
0xEEEE, 3122267, 0999, -009, 23.52066, 0.0744640
0xEEEE, 3125393, 1000, -007, 16.09465, 0.1119249
0xEEEE, 3128517, 1001, -008, 18.36396, 0.1493858
0xEEEE, 3131650, 1002, -008, 20.01516, 0.1493095
0xEEEE, 3134768, 1003, -007, 15.68286, 0.1493858
0xEEEE, 3137892, 1004, -008, 5.98755, 0.1872282
0xEEEE, 3141034, 1005, -008, 8.66945, 0.1867704
0xEEEE, 3144151, 1006, -007, 2.48125, 0.2223239
0xEEEE, 3147276, 1007, -008, 10.73326, 0.2237736
0xEEEE, 3150402, 1008, -008, 38.99641, 0.2414740
0xEEEE, 3153526, 1009, -008, 40.85311, 0.2417792
0xEEEE, 3156670, 1010, -009, 44.97832, 0.2416266
0xEEEE, 3159777, 1011, -007, 2.27414, 0.2413977
0xEEEE, 3162893, 1012, -008, 22.49077, 0.2235447
0xEEEE, 3166054, 1013, -008, 16.30176, 0.2240787
0xEEEE, 3169143, 1014, -007, 13.61905, 0.1889830
0xEEEE, 3172267, 1015, -008, 30.32938, 0.1493858
0xEEEE, 3175392, 1016, -008, 25.37736, 0.1483177
0xEEEE, 3178517, 1017, -007, 5.77883, 0.1493858
0xEEEE, 3181650, 1018, -008, 21.45685, 0.1123064
0xEEEE, 3184777, 1019, -008, 41.26168, 0.1133745
0xEEEE, 3187905, 1020, -008, 28.67656, 0.0724041
0xEEEE, 3191036, 1021, -008, 5.36462, 0.0746166
0xEEEE, 3194161, 1022, -007, 23.93084, 0.0372320
0xEEEE, 3197279, 1023, -008, 11.96542, 0.0011444
0xEEEE, 3200404, 1024, -008, 27.64425, 0.0011444
0xEEEE, 3203529, 1025, -008, 49.71839, 0.0010681
0xEEEE, 3206662, 1026, -008, 24.55055, 0.0012207
0xEEEE, 3209768, 1027, -009, 48.89399, 0.0011444
0xEEEE, 3212893, 1028, -007, 3.71502, 0.0371557
0xEEEE, 3216025, 1029, -008, 18.15604, 0.0381476
0xEEEE, 3219142, 1030, -008, 50.75231, 0.0746166
0xEEEE, 3222267, 1031, -008, 34.45458, 0.1110094
0xEEEE, 3225392, 1032, -008, 38.16879, 0.1120775
0xEEEE, 3228521, 1033, -007, 6.60484, 0.1118486
0xEEEE, 3231659, 1034, -008, 15.06396, 0.1493095
0xEEEE, 3234777, 1035, -008, 16.09546, 0.1492332
0xEEEE, 3237902, 1036, -007, 5.16234, 0.1864652
0xEEEE, 3241043, 1037, -008, 0.62374, 0.1868467
0xEEEE, 3244152, 1038, -007, 2.27495, 0.2240024
0xEEEE, 3247276, 1039, -007, 3.10015, 0.2413214
0xEEEE, 3250393, 1040, -008, 28.88769, 0.2414740
0xEEEE, 3253526, 1041, -008, 29.30029, 0.2432288
0xEEEE, 3256650, 1042, -008, 25.99868, 0.2416266
0xEEEE, 3259768, 1043, -008, 20.22227, 0.2415503
0xEEEE, 3262893, 1044, -007, 11.96945, 0.2252232
0xEEEE, 3266044, 1045, -008, 28.06088, 0.2241550
0xEEEE, 3269143, 1046, -008, 33.83648, 0.1868467
0xEEEE, 3272271, 1047, -007, 24.96557, 0.1494621
0xEEEE, 3275404, 1048, -008, 21.66396, 0.1493095
0xEEEE, 3278529, 1049, -008, 10.93634, 0.1493858
0xEEEE, 3281662, 1050, -007, 6.19062, 0.1120775
0xEEEE, 3284780, 1051, -008, 9.49143, 0.1120012
0xEEEE, 3287904, 1052, -007, 8.45912, 0.0746929
0xEEEE, 3291037, 1053, -008, 41.46718, 0.0744640
0xEEEE, 3294142, 1054, -008, 7.63311, 0.0370794
0xEEEE, 3297267, 1055, -007, 7.63311, 0.0011444
0xEEEE, 3300403, 1056, -008, 25.99385, 0.0010681
0xEEEE, 3303517, 1057, -008, 10.10872, 0.0010681
0xEEEE, 3306650, 1058, -007, 18.15524, 0.0010681
0xEEEE, 3309768, 1059, -008, 25.99465, 0.0011444
0xEEEE, 3312893, 1060, -008, 34.04117, 0.0371557
0xEEEE, 3316025, 1061, -007, 7.42842, 0.0421149
0xEEEE, 3319151, 1062, -008, 4.33473, 0.0709545
0xEEEE, 3322276, 1063, -008, 24.34586, 0.0791943
0xEEEE, 3325408, 1064, -008, 46.62711, 0.1121538
0xEEEE, 3328527, 1065, -008, 18.15766, 0.1125353
0xEEEE, 3331660, 1066, -007, 8.25604, 0.1501488
0xEEEE, 3334777, 1067, -008, 30.94908, 0.1493858
0xEEEE, 3337910, 1068, -008, 44.15311, 0.1887541
0xEEEE, 3341026, 1069, -007, 6.19385, 0.2240024
0xEEEE, 3344142, 1070, -008, 22.28608, 0.2239261
0xEEEE, 3347267, 1071, -008, 22.49238, 0.2240024
0xEEEE, 3350392, 1072, -007, 13.20886, 0.2414740
0xEEEE, 3353517, 1073, -008, 3.51275, 0.2447547
0xEEEE, 3356650, 1074, -008, 24.76088, 0.2415503
0xEEEE, 3359768, 1075, -008, 36.93260, 0.2415503
0xEEEE, 3362904, 1076, -008, 12.17575, 0.2244602
0xEEEE, 3366056, 1077, -008, 48.89722, 0.1868467
0xEEEE, 3369154, 1078, -008, 32.18608, 0.1867704
0xEEEE, 3372279, 1079, -009, 47.65861, 0.1869230
0xEEEE, 3375404, 1080, -008, 50.95861, 0.1493858
0xEEEE, 3378529, 1081, -008, 49.30821, 0.1493858
0xEEEE, 3381661, 1082, -008, 27.02696, 0.1119249
0xEEEE, 3384790, 1083, -007, 14.64894, 0.1120775
0xEEEE, 3387893, 1084, -009, 51.78220, 0.0746166
0xEEEE, 3391026, 1085, -008, 46.21209, 0.0371557
0xEEEE, 3394143, 1086, -007, 6.80791, 0.0364691
0xEEEE, 3397267, 1087, -008, 0.61890, 0.0367742
0xEEEE, 3400392, 1088, -007, 11.14022, 0.0010681
0xEEEE, 3403517, 1089, -008, 25.99385, 0.0011444
0xEEEE, 3406656, 1090, -008, 21.04344, 0.0010681
0xEEEE, 3409777, 1091, -007, 8.45912, 0.0011444
0xEEEE, 3412902, 1092, -008, 39.81758, 0.0374609
0xEEEE, 3416035, 1093, -008, 28.67736, 0.0744640
0xEEEE, 3419152, 1094, -007, 12.58674, 0.0746166
0xEEEE, 3422285, 1095, -008, 9.28593, 0.0746166
0xEEEE, 3425402, 1096, -008, 4.95443, 0.1119249
0xEEEE, 3428517, 1097, -008, 42.70740, 0.1128405
0xEEEE, 3431651, 1098, -008, 4.13004, 0.1493095
0xEEEE, 3434768, 1099, -007, 7.63714, 0.1498436
0xEEEE, 3437894, 1100, -008, 26.82388, 0.1866941
0xEEEE, 3441025, 1101, -008, 30.94989, 0.2240787
0xEEEE, 3444142, 1102, -007, 14.65297, 0.2240787
0xEEEE, 3447267, 1103, -008, 16.92227, 0.2244602
0xEEEE, 3450399, 1104, -008, 31.77590, 0.2414740
0xEEEE, 3453529, 1105, -007, 18.98527, 0.2415503
0xEEEE, 3456661, 1106, -009, 37.96410, 0.2418555
0xEEEE, 3459780, 1107, -008, 37.13890, 0.2415503
0xEEEE, 3462905, 1108, -008, 49.72242, 0.2246891
0xEEEE, 3466055, 1109, -008, 1.24183, 0.2240787
0xEEEE, 3469165, 1110, -008, 48.07121, 0.1866941
0xEEEE, 3472267, 1111, -008, 43.73890, 0.1866941
0xEEEE, 3475392, 1112, -009, 42.29399, 0.1518273
0xEEEE, 3478518, 1113, -007, 18.36315, 0.1493095
0xEEEE, 3481651, 1114, -008, 9.28513, 0.1120012
0xEEEE, 3484768, 1115, -008, 29.70886, 0.0741588
0xEEEE, 3487893, 1116, -007, 2.47641, 0.0746166
0xEEEE, 3491025, 1117, -008, 16.50484, 0.0744640
0xEEEE, 3494144, 1118, -008, 23.93084, 0.0364691
0xEEEE, 3497276, 1119, -008, 46.21128, 0.0362402
0xEEEE, 3500402, 1120, -009, 37.54667, 0.0010681
0xEEEE, 3503527, 1121, -007, 5.36381, 0.0011444
0xEEEE, 3506667, 1122, -008, 27.02615, 0.0011444
0xEEEE, 3509777, 1123, -008, 30.53326, 0.0370794
0xEEEE, 3512902, 1124, -007, 8.04733, 0.0370794
0xEEEE, 3516035, 1125, -008, 22.69465, 0.0366979
0xEEEE, 3519142, 1126, -008, 35.27978, 0.0745403
0xEEEE, 3522267, 1127, -007, 11.76154, 0.0745403
0xEEEE, 3525392, 1128, -008, 14.85685, 0.1120775
0xEEEE, 3528517, 1129, -008, 34.04278, 0.1084916
0xEEEE, 3531650, 1130, -008, 51.78542, 0.1493095
0xEEEE, 3534768, 1131, -008, 0.62293, 0.1866941
0xEEEE, 3537895, 1132, -008, 37.96410, 0.1867704
0xEEEE, 3541037, 1133, -008, 35.07590, 0.1866941
0xEEEE, 3544154, 1134, -008, 33.42630, 0.2240024
0xEEEE, 3547279, 1135, -007, 5.36945, 0.2249943
0xEEEE, 3550404, 1136, -008, 20.63568, 0.2415503
0xEEEE, 3553540, 1137, -008, 43.94762, 0.2414740
0xEEEE, 3556662, 1138, -007, 4.74974, 0.2409400
0xEEEE, 3559779, 1139, -008, 15.27106, 0.2240024
0xEEEE, 3562894, 1140, -008, 33.63099, 0.2240024
0xEEEE, 3566065, 1141, -008, 52.19802, 0.2239261
0xEEEE, 3569143, 1142, -008, 0.62212, 0.1868467
0xEEEE, 3572267, 1143, -007, 9.28674, 0.1863890
0xEEEE, 3575392, 1144, -008, 33.62938, 0.1537346
0xEEEE, 3578517, 1145, -008, 34.04198, 0.1494621
0xEEEE, 3581651, 1146, -008, 50.95780, 0.1110857
0xEEEE, 3584777, 1147, -008, 4.74652, 0.0758373
0xEEEE, 3587902, 1148, -008, 30.32696, 0.0744640
0xEEEE, 3591037, 1149, -007, 6.39612, 0.0746929
0xEEEE, 3594152, 1150, -008, 23.10564, 0.0371557
0xEEEE, 3597276, 1151, -008, 42.91048, 0.0347143
0xEEEE, 3600402, 1152, -007, 2.68190, 0.0010681
0xEEEE, 3603526, 1153, -008, 17.53553, 0.0012970
0xEEEE, 3606650, 1154, -008, 37.34117, 0.0010681
0xEEEE, 3609768, 1155, -008, 37.34117, 0.0403601
0xEEEE, 3612893, 1156, -008, 34.04117, 0.0394446
0xEEEE, 3616025, 1157, -007, 17.74344, 0.0373083
0xEEEE, 3619142, 1158, -008, 16.50645, 0.0752270
0xEEEE, 3622268, 1159, -008, 6.60403, 0.0746929
0xEEEE, 3625393, 1160, -007, 8.46154, 0.1120012
0xEEEE, 3628525, 1161, -008, 15.26945, 0.1157397
0xEEEE, 3631661, 1162, -008, 48.27832, 0.1492332
0xEEEE, 3634779, 1163, -007, 2.68593, 0.1494621
0xEEEE, 3637913, 1164, -008, 11.76396, 0.1866941
0xEEEE, 3641037, 1165, -008, 33.83810, 0.1867704
0xEEEE, 3644154, 1166, -008, 30.53810, 0.2240024
0xEEEE, 3647279, 1167, -009, 42.09092, 0.2234684
0xEEEE, 3650413, 1168, -007, 15.89077, 0.2414740
0xEEEE, 3653517, 1169, -008, 27.85619, 0.2417029
0xEEEE, 3656650, 1170, -008, 4.54344, 0.2408637
0xEEEE, 3659768, 1171, -007, 21.25377, 0.2414740
0xEEEE, 3662893, 1172, -008, 4.33634, 0.2240787
0xEEEE, 3666044, 1173, -008, 50.75392, 0.2242313
0xEEEE, 3669143, 1174, -007, 6.19223, 0.1867704
0xEEEE, 3672271, 1175, -008, 1.03473, 0.1869993
0xEEEE, 3675401, 1176, -007, 12.58674, 0.1494621
0xEEEE, 3678526, 1177, -007, 0.62132, 0.1119249
0xEEEE, 3681659, 1178, -008, 6.60322, 0.1124590
0xEEEE, 3684777, 1179, -007, 4.12762, 0.1066606
0xEEEE, 3687903, 1180, -008, 27.64505, 0.0746929
0xEEEE, 3691034, 1181, -008, 29.08916, 0.0745403
0xEEEE, 3694142, 1182, -007, 16.50403, 0.0371557
0xEEEE, 3697278, 1183, -008, 2.26930, 0.0350195
0xEEEE, 3700392, 1184, -008, 52.19399, 0.0010681
0xEEEE, 3703518, 1185, -007, 0.41260, 0.0012207
0xEEEE, 3706651, 1186, -008, 10.10952, 0.0010681
0xEEEE, 3709768, 1187, -007, 0.82601, 0.0011444
0xEEEE, 3712893, 1188, -008, 49.72000, 0.0337224
0xEEEE, 3716029, 1189, -008, 1.65201, 0.0360876
0xEEEE, 3719154, 1190, -008, 48.68930, 0.0740826
0xEEEE, 3722279, 1191, -008, 2.06542, 0.0745403
0xEEEE, 3725404, 1192, -008, 15.47575, 0.1120012
0xEEEE, 3728529, 1193, -007, 5.77963, 0.1496147
0xEEEE, 3731663, 1194, -008, 10.73165, 0.1493095
0xEEEE, 3734788, 1195, -008, 47.24681, 0.1494621
0xEEEE, 3737893, 1196, -007, 3.71824, 0.1838712
0xEEEE, 3741026, 1197, -008, 9.49465, 0.1869230
0xEEEE, 3744143, 1198, -008, 30.95070, 0.2240024
0xEEEE, 3747267, 1199, -008, 39.61531, 0.2248417
0xEEEE, 3750393, 1200, -008, 2.89385, 0.2416266
0xEEEE, 3753517, 1201, -008, 30.74440, 0.2461280
0xEEEE, 3756650, 1202, -008, 6.19385, 0.2404822
0xEEEE, 3759768, 1203, -008, 6.60645, 0.2414740
0xEEEE, 3762902, 1204, -007, 21.66557, 0.2214847
0xEEEE, 3766053, 1205, -008, 18.57106, 0.2236973
0xEEEE, 3769152, 1206, -008, 29.09158, 0.1867704
0xEEEE, 3772277, 1207, -007, 3.71663, 0.1861601
0xEEEE, 3775401, 1208, -008, 0.82762, 0.1494621
0xEEEE, 3778526, 1209, -007, 18.15685, 0.1494621
0xEEEE, 3781670, 1210, -008, 51.98930, 0.1084916
0xEEEE, 3784768, 1211, -008, 1.65201, 0.1119249
0xEEEE, 3787893, 1212, -007, 12.58513, 0.0744640
0xEEEE, 3791025, 1213, -008, 40.22938, 0.0746166
0xEEEE, 3794142, 1214, -008, 21.45524, 0.0373083
0xEEEE, 3797267, 1215, -007, 18.15443, 0.0372320
0xEEEE, 3800392, 1216, -008, 11.96542, 0.0010681
0xEEEE, 3803517, 1217, -008, 36.92777, 0.0011444
0xEEEE, 3806661, 1218, -007, 4.95201, 0.0011444
0xEEEE, 3809779, 1219, -008, 32.38996, 0.0011444
0xEEEE, 3812905, 1220, -008, 52.40190, 0.0373083
0xEEEE, 3816037, 1221, -008, 45.18139, 0.0313573
0xEEEE, 3819162, 1222, -008, 5.36623, 0.0794995
0xEEEE, 3822279, 1223, -007, 4.33473, 0.1155871
0xEEEE, 3825404, 1224, -008, 35.89949, 0.1121538
0xEEEE, 3828517, 1225, -008, 12.17495, 0.1114672
0xEEEE, 3831651, 1226, -008, 50.34132, 0.1493095
0xEEEE, 3834768, 1227, -009, 49.92872, 0.1495384
0xEEEE, 3837893, 1228, -008, 26.20498, 0.1912718
0xEEEE, 3841025, 1229, -007, 14.65216, 0.1864652
0xEEEE, 3844142, 1230, -008, 10.11436, 0.2240787
0xEEEE, 3847268, 1231, -008, 40.85311, 0.2415503
0xEEEE, 3850399, 1232, -007, 4.95685, 0.2414740
0xEEEE, 3853526, 1233, -008, 0.00564, 0.2414740
0xEEEE, 3856659, 1234, -007, 17.95297, 0.2426947
0xEEEE, 3859777, 1235, -008, 31.98139, 0.2415503
0xEEEE, 3862902, 1236, -008, 17.12696, 0.2172122
0xEEEE, 3866063, 1237, -007, 15.88916, 0.2245365
0xEEEE, 3869152, 1238, -008, 2.27253, 0.1866941
0xEEEE, 3872268, 1239, -008, 15.88835, 0.1492332
0xEEEE, 3875393, 1240, -007, 7.22293, 0.1493858
0xEEEE, 3878517, 1241, -008, 10.93634, 0.1494621
0xEEEE, 3881650, 1242, -008, 42.49949, 0.1118486
0xEEEE, 3884768, 1243, -007, 2.68352, 0.1120012
0xEEEE, 3887893, 1244, -008, 9.69692, 0.0744640
0xEEEE, 3891025, 1245, -007, 8.87172, 0.0751507
0xEEEE, 3894150, 1246, -009, 46.00498, 0.0374609
0xEEEE, 3897279, 1247, -008, 5.15751, 0.0011444
0xEEEE, 3900404, 1248, -007, 11.14022, 0.0011444
0xEEEE, 3903536, 1249, -008, 11.96542, 0.0011444
0xEEEE, 3906662, 1250, -008, 37.13487, 0.0010681
0xEEEE, 3909780, 1251, -007, 3.30161, 0.0010681
0xEEEE, 3912904, 1252, -008, 7.84103, 0.0375372
0xEEEE, 3916037, 1253, -008, 49.92630, 0.0370794
0xEEEE, 3919142, 1254, -008, 37.13648, 0.0745403
0xEEEE, 3922267, 1255, -008, 37.54908, 0.1120775
0xEEEE, 3925392, 1256, -007, 2.68513, 0.1123064
0xEEEE, 3928517, 1257, -008, 33.42388, 0.1106279
0xEEEE, 3931650, 1258, -008, 36.31289, 0.1493858
0xEEEE, 3934768, 1259, -007, 13.61985, 0.1489281
0xEEEE, 3937896, 1260, -008, 28.88689, 0.1866941
0xEEEE, 3941034, 1261, -008, 41.47121, 0.1868467
0xEEEE, 3944151, 1262, -007, 3.71905, 0.2240024
0xEEEE, 3947277, 1263, -008, 16.92227, 0.2236210
0xEEEE, 3950412, 1264, -007, 23.52388, 0.2414740
0xEEEE, 3953526, 1265, -008, 37.55231, 0.2414740
0xEEEE, 3956659, 1266, -008, 10.31985, 0.2410163
0xEEEE, 3959768, 1267, -007, 10.31985, 0.2413977
0xEEEE, 3962902, 1268, -008, 15.27026, 0.2240024
0xEEEE, 3966044, 1269, -008, 15.06396, 0.1866178
0xEEEE, 3969143, 1270, -007, 2.47883, 0.1865415
0xEEEE, 3972267, 1271, -009, 41.88220, 0.1869993
0xEEEE, 3975392, 1272, -008, 46.00740, 0.1493858
0xEEEE, 3978517, 1273, -007, 9.69853, 0.1493095
0xEEEE, 3981652, 1274, -008, 16.71194, 0.1118486
0xEEEE, 3984780, 1275, -008, 21.25055, 0.1120012
0xEEEE, 3987905, 1276, -008, 42.91128, 0.0745403
0xEEEE, 3991036, 1277, -009, 50.54440, 0.0370794
0xEEEE, 3994154, 1278, -007, 4.95121, 0.0357824
0xEEEE, 3997279, 1279, -008, 21.45524, 0.0376898
0xEEEE, 4000405, 1280, -008, 35.27736, 0.0010681
0xEEEE, 4003517, 1281, -007, 11.96542, 0.0010681
0xEEEE, 4006650, 1282, -009, 42.49868, 0.0011444
0xEEEE, 4009779, 1283, -008, 28.47026, 0.0011444
0xEEEE, 4012893, 1284, -007, 4.12762, 0.0367742
0xEEEE, 4016025, 1285, -009, 42.29319, 0.0748455
0xEEEE, 4019142, 1286, -007, 12.99934, 0.0745403
0xEEEE, 4022267, 1287, -008, 37.75538, 0.0745403
0xEEEE, 4025392, 1288, -008, 5.36703, 0.1125353
0xEEEE, 4028526, 1289, -008, 48.69011, 0.1109331
0xEEEE, 4031659, 1290, -008, 45.80271, 0.1493858
0xEEEE, 4034784, 1291, -008, 5.98674, 0.1496147
0xEEEE, 4037902, 1292, -007, 19.39707, 0.1867704
0xEEEE, 4041035, 1293, -008, 15.68366, 0.2241550
0xEEEE, 4044151, 1294, -008, 44.15392, 0.2240024
0xEEEE, 4047285, 1295, -007, 6.19465, 0.2245365
0xEEEE, 4050392, 1296, -009, 47.86733, 0.2413214
0xEEEE, 4053517, 1297, -007, 18.77897, 0.2413977
0xEEEE, 4056650, 1298, -008, 49.92952, 0.2415503
0xEEEE, 4059768, 1299, -008, 12.79546, 0.2415503
0xEEEE, 4062894, 1300, -007, 14.85766, 0.2240024
0xEEEE, 4066045, 1301, -008, 28.67978, 0.1867704
0xEEEE, 4069143, 1302, -008, 18.77656, 0.1867704
0xEEEE, 4072278, 1303, -007, 11.14344, 0.1868467
0xEEEE, 4075404, 1304, -008, 37.54908, 0.1516747
0xEEEE, 4078529, 1305, -008, 37.75538, 0.1495384
0xEEEE, 4081662, 1306, -007, 14.44264, 0.1113146
0xEEEE, 4084780, 1307, -008, 14.85524, 0.1120775
0xEEEE, 4087905, 1308, -008, 29.08916, 0.0745403
0xEEEE, 4091037, 1309, -008, 51.36960, 0.0486000
0xEEEE, 4094165, 1310, -009, 48.48059, 0.0390631
0xEEEE, 4097268, 1311, -007, 30.32615, 0.0381476
0xEEEE, 4100392, 1312, -008, 37.13407, 0.0010681
0xEEEE, 4103517, 1313, -008, 9.28352, 0.0013733
0xEEEE, 4106651, 1314, -007, 8.25282, 0.0011444
0xEEEE, 4109768, 1315, -009, 47.24359, 0.0011444
0xEEEE, 4112893, 1316, -008, 30.53407, 0.0368505
0xEEEE, 4116030, 1317, -007, 7.42842, 0.0371557
0xEEEE, 4119151, 1318, -008, 12.17414, 0.0746929
0xEEEE, 4122276, 1319, -008, 27.64667, 0.0745403
0xEEEE, 4125402, 1320, -008, 35.07429, 0.1120012
0xEEEE, 4128527, 1321, -008, 17.53875, 0.1144427
0xEEEE, 4131667, 1322, -007, 4.33634, 0.1493858
0xEEEE, 4134777, 1323, -008, 15.27026, 0.1867704
0xEEEE, 4137893, 1324, -008, 24.14198, 0.1866178
0xEEEE, 4141026, 1325, -007, 3.51194, 0.1868467
0xEEEE, 4144142, 1326, -008, 3.92535, 0.2239261
0xEEEE, 4147267, 1327, -008, 8.05136, 0.2236210
0xEEEE, 4150392, 1328, -007, 6.19465, 0.2415503
0xEEEE, 4153517, 1329, -008, 4.54425, 0.2416266
0xEEEE, 4156651, 1330, -008, 35.90110, 0.2420081
0xEEEE, 4159774, 1331, -008, 37.75780, 0.2240024
0xEEEE, 4162904, 1332, -008, 27.64828, 0.2240024
0xEEEE, 4166055, 1333, -007, 22.90337, 0.2237736
0xEEEE, 4169154, 1334, -008, 20.22066, 0.1867704
0xEEEE, 4172279, 1335, -008, 46.21451, 0.1868467
0xEEEE, 4175404, 1336, -007, 6.60403, 0.1473259
0xEEEE, 4178539, 1337, -009, 48.89560, 0.1495384
0xEEEE, 4181662, 1338, -008, 46.62549, 0.1110857
0xEEEE, 4184768, 1339, -007, 11.76073, 0.0725566
0xEEEE, 4187894, 1340, -008, 8.04652, 0.0746166
0xEEEE, 4191025, 1341, -008, 51.78220, 0.0745403
0xEEEE, 4194142, 1342, -008, 28.88205, 0.0370794
0xEEEE, 4197267, 1343, -008, 31.97656, 0.0353246
0xEEEE, 4200392, 1344, -007, 3.30081, 0.0010681
0xEEEE, 4203518, 1345, -008, 35.27736, 0.0012207
0xEEEE, 4206659, 1346, -008, 0.82601, 0.0011444
0xEEEE, 4209777, 1347, -007, 16.09223, 0.0370794
0xEEEE, 4212902, 1348, -008, 37.13568, 0.0387579
0xEEEE, 4216040, 1349, -008, 15.68044, 0.0368505
0xEEEE, 4219151, 1350, -007, 12.38044, 0.0750744
0xEEEE, 4222276, 1351, -008, 17.53795, 0.0746166
0xEEEE, 4225392, 1352, -008, 40.64440, 0.1120012
0xEEEE, 4228517, 1353, -008, 36.51839, 0.1155871
0xEEEE, 4231650, 1354, -008, 21.25297, 0.1493858
0xEEEE, 4234768, 1355, -008, 43.32711, 0.1866178
0xEEEE, 4237893, 1356, -008, 24.34828, 0.1867704
0xEEEE, 4241026, 1357, -008, 47.24762, 0.1868467
0xEEEE, 4244142, 1358, -007, 15.68447, 0.2240024
0xEEEE, 4247268, 1359, -008, 15.27187, 0.2248417
0xEEEE, 4250404, 1360, -009, 48.07363, 0.2414740
0xEEEE, 4253529, 1361, -007, 2.27495, 0.2414740
0xEEEE, 4256661, 1362, -009, 52.40513, 0.2420081
0xEEEE, 4259780, 1363, -008, 41.47121, 0.2415503
0xEEEE, 4262915, 1364, -007, 2.06703, 0.2240024
0xEEEE, 4266057, 1365, -008, 14.85766, 0.2242313
0xEEEE, 4269154, 1366, -007, 33.83648, 0.1866941
0xEEEE, 4272267, 1367, -008, 18.98286, 0.1869230
0xEEEE, 4275401, 1368, -008, 17.95055, 0.1496147
0xEEEE, 4278517, 1369, -007, 11.55524, 0.1120775
0xEEEE, 4281650, 1370, -008, 3.92132, 0.1103990
0xEEEE, 4284768, 1371, -008, 15.88674, 0.1081865
0xEEEE, 4287893, 1372, -007, 3.71421, 0.0744640
0xEEEE, 4291025, 1373, -008, 12.99773, 0.0746166
0xEEEE, 4294151, 1374, -008, 44.56088, 0.0371557
0xEEEE, 4297276, 1375, -008, 36.92777, 0.0343328
0xEEEE, 4300404, 1376, -008, 33.83326, 0.0010681
0xEEEE, 4303527, 1377, -007, 15.05993, 0.0010681
0xEEEE, 4306660, 1378, -008, 36.10337, 0.0011444
0xEEEE, 4309777, 1379, -008, 37.54747, 0.0011444
0xEEEE, 4312903, 1380, -007, 8.66623, 0.0386816
0xEEEE, 4316026, 1381, -008, 9.07883, 0.0383764
0xEEEE, 4319142, 1382, -008, 44.56330, 0.0762951
0xEEEE, 4322268, 1383, -008, 45.59480, 0.0746166
0xEEEE, 4325393, 1384, -008, 5.98593, 0.1119249
0xEEEE, 4328517, 1385, -008, 52.19722, 0.1496147
0xEEEE, 4331650, 1386, -008, 29.29868, 0.1493858
0xEEEE, 4334768, 1387, -008, 16.30176, 0.1494621
0xEEEE, 4337900, 1388, -007, 0.00484, 0.1869230
0xEEEE, 4341037, 1389, -008, 20.22227, 0.1867704
0xEEEE, 4344154, 1390, -008, 30.33179, 0.2240024
0xEEEE, 4347288, 1391, -007, 21.66718, 0.2254520
0xEEEE, 4350404, 1392, -008, 35.69560, 0.2415503
0xEEEE, 4353529, 1393, -008, 47.45473, 0.2352941
0xEEEE, 4356662, 1394, -008, 48.89802, 0.2406348
0xEEEE, 4359788, 1395, -008, 12.38286, 0.2414740
0xEEEE, 4362893, 1396, -008, 38.37590, 0.2263676
0xEEEE, 4366044, 1397, -008, 51.99172, 0.2242313
0xEEEE, 4369143, 1398, -008, 15.88835, 0.1867704
0xEEEE, 4372267, 1399, -007, 13.82535, 0.1868467
0xEEEE, 4375393, 1400, -008, 18.36315, 0.1493858
0xEEEE, 4378518, 1401, -008, 20.83875, 0.1119249
0xEEEE, 4381653, 1402, -007, 15.88674, 0.1135271
0xEEEE, 4384777, 1403, -008, 22.69465, 0.1120012
0xEEEE, 4387902, 1404, -008, 33.21516, 0.0746166
0xEEEE, 4391035, 1405, -007, 6.18982, 0.0744640
0xEEEE, 4394152, 1406, -008, 3.91971, 0.0370031
0xEEEE, 4397277, 1407, -008, 38.37187, 0.0371557
0xEEEE, 4400401, 1408, -008, 38.57817, 0.0010681
0xEEEE, 4403517, 1409, -008, 16.09143, 0.0010681
0xEEEE, 4406670, 1410, -007, 3.30161, 0.0011444
0xEEEE, 4409768, 1411, -008, 34.45297, 0.0010681
0xEEEE, 4412893, 1412, -008, 6.80952, 0.0372320
0xEEEE, 4416025, 1413, -007, 12.37963, 0.0379187
0xEEEE, 4419142, 1414, -008, 17.74425, 0.0736248
0xEEEE, 4422267, 1415, -008, 7.01663, 0.0746166
0xEEEE, 4425396, 1416, -007, 2.68513, 0.1120012
0xEEEE, 4428529, 1417, -008, 20.01436, 0.1121538
0xEEEE, 4431661, 1418, -008, 34.66249, 0.1493858
0xEEEE, 4434780, 1419, -008, 19.18996, 0.1492332
0xEEEE, 4437905, 1420, -008, 28.68059, 0.1866941
0xEEEE, 4441037, 1421, -007, 19.60337, 0.1870756
0xEEEE, 4444162, 1422, -008, 41.67832, 0.2240787
0xEEEE, 4447267, 1423, -008, 6.40095, 0.2412451
0xEEEE, 4450392, 1424, -007, 19.60418, 0.2415503
0xEEEE, 4453517, 1425, -009, 50.13663, 0.2414740
0xEEEE, 4456650, 1426, -008, 25.79238, 0.2401007
0xEEEE, 4459768, 1427, -007, 8.46315, 0.2415503
0xEEEE, 4462893, 1428, -008, 23.93487, 0.2203403
0xEEEE, 4466045, 1429, -007, 21.04667, 0.2236973
0xEEEE, 4469143, 1430, -008, 32.59868, 0.1866941
0xEEEE, 4472276, 1431, -009, 47.65861, 0.1494621
0xEEEE, 4475401, 1432, -007, 0.62132, 0.1495384
0xEEEE, 4478526, 1433, -008, 27.02777, 0.1493858
0xEEEE, 4481659, 1434, -008, 3.50872, 0.1109331
0xEEEE, 4484777, 1435, -007, 15.47414, 0.1120012
0xEEEE, 4487902, 1436, -008, 22.69385, 0.0746929
0xEEEE, 4491046, 1437, -008, 26.40725, 0.0752270
0xEEEE, 4494143, 1438, -008, 49.71839, 0.0372320
0xEEEE, 4497267, 1439, -008, 4.33231, 0.0011444
0xEEEE, 4500393, 1440, -007, 17.94813, 0.0010681
0xEEEE, 4503517, 1441, -008, 36.30886, 0.0011444
0xEEEE, 4506650, 1442, -008, 12.58513, 0.0011444
0xEEEE, 4509768, 1443, -007, 27.02615, 0.0010681
0xEEEE, 4512893, 1444, -008, 28.88366, 0.0371557
0xEEEE, 4516036, 1445, -008, 29.08996, 0.0371557
0xEEEE, 4519154, 1446, -007, 16.30015, 0.0745403
0xEEEE, 4522279, 1447, -008, 9.07963, 0.1120012
0xEEEE, 4525404, 1448, -008, 30.94828, 0.1120775
0xEEEE, 4528537, 1449, -007, 10.52454, 0.1110094
0xEEEE, 4531662, 1450, -008, 17.12696, 0.1493858
0xEEEE, 4534780, 1451, -008, 40.02630, 0.1493858
0xEEEE, 4537893, 1452, -008, 44.56571, 0.1867704
0xEEEE, 4541026, 1453, -008, 29.71209, 0.1873808
0xEEEE, 4544142, 1454, -007, 1.24344, 0.2240024
0xEEEE, 4547267, 1455, -008, 10.52696, 0.2420844
0xEEEE, 4550393, 1456, -008, 16.92227, 0.2413214
0xEEEE, 4553517, 1457, -007, 15.89077, 0.2414740
0xEEEE, 4556650, 1458, -008, 1.24264, 0.2412451
0xEEEE, 4559774, 1459, -008, 14.85846, 0.2413977
0xEEEE, 4562902, 1460, -007, 5.78044, 0.2252995
0xEEEE, 4566053, 1461, -009, 48.48462, 0.2246128
0xEEEE, 4569152, 1462, -008, 48.89641, 0.1866941
0xEEEE, 4572277, 1463, -008, 28.26637, 0.1866178
0xEEEE, 4575412, 1464, -008, 9.28593, 0.1493858
0xEEEE, 4578526, 1465, -007, 22.90176, 0.1493858
0xEEEE, 4581659, 1466, -008, 11.34813, 0.1117723
0xEEEE, 4584768, 1467, -009, 52.60821, 0.1120012
0xEEEE, 4587893, 1468, -007, 8.66542, 0.0745403
0xEEEE, 4591025, 1469, -008, 2.27011, 0.0370031
0xEEEE, 4594142, 1470, -008, 33.62696, 0.0374609
0xEEEE, 4597267, 1471, -007, 2.26930, 0.0373846
0xEEEE, 4600392, 1472, -008, 24.34344, 0.0011444
0xEEEE, 4603523, 1473, -008, 50.33729, 0.0013733
0xEEEE, 4606661, 1474, -008, 42.91128, 0.0010681
0xEEEE, 4609779, 1475, -008, 2.47641, 0.0011444
0xEEEE, 4612912, 1476, -007, 7.84103, 0.0367742
0xEEEE, 4616037, 1477, -008, 11.55443, 0.0743877
0xEEEE, 4619155, 1478, -008, 17.33165, 0.0746166
0xEEEE, 4622279, 1479, -007, 13.61824, 0.0744640
0xEEEE, 4625393, 1480, -008, 39.81919, 0.1123064
0xEEEE, 4628517, 1481, -007, 15.88835, 0.1106279
0xEEEE, 4631651, 1482, -007, 11.96945, 0.1492332
0xEEEE, 4634768, 1483, -008, 8.25604, 0.1496910
0xEEEE, 4637893, 1484, -007, 13.20806, 0.1866178
0xEEEE, 4641025, 1485, -008, 26.41128, 0.2242313
0xEEEE, 4644142, 1486, -009, 44.77282, 0.2240024
0xEEEE, 4647268, 1487, -008, 51.16813, 0.2243839
0xEEEE, 4650401, 1488, -008, 13.41516, 0.2414740
0xEEEE, 4653526, 1489, -008, 17.12857, 0.2415503
0xEEEE, 4656659, 1490, -007, 6.19385, 0.2418555
0xEEEE, 4659788, 1491, -009, 50.13582, 0.2414740
0xEEEE, 4662902, 1492, -008, 10.73165, 0.2241550
0xEEEE, 4666054, 1493, -008, 45.18381, 0.1867704
0xEEEE, 4669143, 1494, -008, 1.03473, 0.1868467
0xEEEE, 4672276, 1495, -007, 11.55604, 0.1865415
0xEEEE, 4675392, 1496, -008, 37.96168, 0.1467155
0xEEEE, 4678517, 1497, -008, 18.56945, 0.1493858
0xEEEE, 4681650, 1498, -007, 17.74344, 0.1119249
0xEEEE, 4684768, 1499, -008, 19.39385, 0.1119249
0xEEEE, 4687894, 1500, -008, 52.19480, 0.0745403
0xEEEE, 4691027, 1501, -007, 11.34733, 0.0371557
0xEEEE, 4694154, 1502, -008, 7.83941, 0.0361639
0xEEEE, 4697279, 1503, -007, 5.77641, 0.0364691
0xEEEE, 4700404, 1504, -007, 3.71341, 0.0010681
0xEEEE, 4703529, 1505, -009, 39.60967, 0.0013733
0xEEEE, 4706663, 1506, -007, 0.61971, 0.0010681
0xEEEE, 4709779, 1507, -008, 26.40725, 0.0011444
0xEEEE, 4712904, 1508, -008, 14.44264, 0.0368505
0xEEEE, 4716026, 1509, -007, 11.55443, 0.0743877
0xEEEE, 4719154, 1510, -008, 26.61516, 0.0746166
0xEEEE, 4722267, 1511, -008, 26.61516, 0.0746166
0xEEEE, 4725392, 1512, -007, 3.51033, 0.1120012
0xEEEE, 4728517, 1513, -008, 3.71663, 0.1152819
0xEEEE, 4731650, 1514, -007, 3.92374, 0.1493095
0xEEEE, 4734768, 1515, -008, 49.10352, 0.1490806
0xEEEE, 4737902, 1516, -009, 48.07282, 0.1866941
0xEEEE, 4741034, 1517, -007, 1.44894, 0.1866941
0xEEEE, 4744156, 1518, -008, 36.52081, 0.2240787
0xEEEE, 4747277, 1519, -008, 18.36637, 0.2229343
0xEEEE, 4750402, 1520, -007, 17.33487, 0.2414740
0xEEEE, 4753526, 1521, -008, 10.32066, 0.2415503
0xEEEE, 4756668, 1522, -008, 14.44586, 0.2409400
0xEEEE, 4759768, 1523, -007, 2.06784, 0.2240024
0xEEEE, 4762893, 1524, -008, 17.74586, 0.2240787
0xEEEE, 4766045, 1525, -008, 50.96022, 0.2241550
0xEEEE, 4769143, 1526, -007, 4.95443, 0.1866941
0xEEEE, 4772267, 1527, -008, 5.57333, 0.1864652
0xEEEE, 4775392, 1528, -007, 2.89062, 0.1428244
0xEEEE, 4778517, 1529, -008, 38.58059, 0.1495384
0xEEEE, 4781658, 1530, -008, 37.54828, 0.1129931
0xEEEE, 4784780, 1531, -007, 10.72923, 0.0714122
0xEEEE, 4787904, 1532, -008, 35.48447, 0.0745403
0xEEEE, 4791037, 1533, -008, 33.00886, 0.0746929
0xEEEE, 4794155, 1534, -007, 12.58432, 0.0369268
0xEEEE, 4797279, 1535, -009, 50.95619, 0.0351720
0xEEEE, 4800404, 1536, -008, 51.36879, 0.0009918
0xEEEE, 4803540, 1537, -008, 43.94198, 0.0013733
0xEEEE, 4806651, 1538, -008, 9.69692, 0.0010681
0xEEEE, 4809768, 1539, -007, 16.91744, 0.0371557
0xEEEE, 4812894, 1540, -008, 32.18447, 0.0387579
0xEEEE, 4816025, 1541, -009, 45.59399, 0.0361639
0xEEEE, 4819142, 1542, -007, 10.93634, 0.0745403
0xEEEE, 4822267, 1543, -008, 29.91597, 0.0746166
0xEEEE, 4825397, 1544, -009, 52.19722, 0.1120775
0xEEEE, 4828527, 1545, -007, 10.31824, 0.1169604
0xEEEE, 4831659, 1546, -008, 12.17575, 0.1493095
0xEEEE, 4834777, 1547, -007, 9.90645, 0.1867704
0xEEEE, 4837902, 1548, -008, 42.29641, 0.1867704
0xEEEE, 4841042, 1549, -008, 16.92147, 0.1865415
0xEEEE, 4844152, 1550, -007, 18.16007, 0.2239261
0xEEEE, 4847267, 1551, -008, 32.39480, 0.2247654
0xEEEE, 4850392, 1552, -008, 29.71289, 0.2413977
0xEEEE, 4853517, 1553, -007, 12.17736, 0.2414740
0xEEEE, 4856650, 1554, -009, 49.10432, 0.2423896
0xEEEE, 4859768, 1555, -008, 30.94989, 0.2240787
0xEEEE, 4862893, 1556, -007, 6.81194, 0.2240024
0xEEEE, 4866044, 1557, -008, 11.96945, 0.2242313
0xEEEE, 4869147, 1558, -007, 14.85685, 0.1867704
0xEEEE, 4872279, 1559, -008, 42.08850, 0.1869993
0xEEEE, 4875404, 1560, -008, 38.58059, 0.1494621
0xEEEE, 4878529, 1561, -008, 48.68930, 0.1490806
0xEEEE, 4881662, 1562, -008, 31.15297, 0.1135271
0xEEEE, 4884780, 1563, -008, 32.18447, 0.1160449
0xEEEE, 4887915, 1564, -007, 3.30161, 0.0747692
0xEEEE, 4891037, 1565, -008, 13.61663, 0.0746166
0xEEEE, 4894142, 1566, -008, 48.48059, 0.0372320
0xEEEE, 4897267, 1567, -007, 8.04571, 0.0405127
0xEEEE, 4900392, 1568, -008, 22.07414, 0.0010681
0xEEEE, 4903517, 1569, -008, 46.21128, 0.0010681
0xEEEE, 4906650, 1570, -008, 19.80564, 0.0010681
0xEEEE, 4909768, 1571, -008, 19.80564, 0.0011444
0xEEEE, 4912893, 1572, -007, 5.77802, 0.0344854
0xEEEE, 4916035, 1573, -008, 35.27897, 0.0363928
0xEEEE, 4919151, 1574, -008, 18.15685, 0.0742351
0xEEEE, 4922276, 1575, -007, 2.47802, 0.0746166
0xEEEE, 4925409, 1576, -008, 4.54183, 0.1120012
0xEEEE, 4928527, 1577, -008, 22.69626, 0.1495384
0xEEEE, 4931660, 1578, -007, 4.95524, 0.1493858
0xEEEE, 4934777, 1579, -008, 16.09546, 0.1493095
0xEEEE, 4937894, 1580, -007, 3.51194, 0.1867704
0xEEEE, 4941026, 1581, -008, 37.13890, 0.1864652
0xEEEE, 4944142, 1582, -008, 10.73326, 0.2240024
0xEEEE, 4947267, 1583, -008, 48.27993, 0.2243839
0xEEEE, 4950393, 1584, -008, 31.98220, 0.2413977
0xEEEE, 4953517, 1585, -008, 18.16007, 0.2434577
0xEEEE, 4956651, 1586, -008, 50.96103, 0.2405585
0xEEEE, 4959779, 1587, -008, 17.12777, 0.2414740
0xEEEE, 4962904, 1588, -007, 8.04974, 0.2240024
0xEEEE, 4966056, 1589, -007, 4.95524, 0.2242313
0xEEEE, 4969155, 1590, -008, 27.64747, 0.1867704
0xEEEE, 4972290, 1591, -008, 50.54681, 0.1873808
0xEEEE, 4975404, 1592, -008, 24.75846, 0.1493095
0xEEEE, 4978529, 1593, -008, 9.90484, 0.1120775
0xEEEE, 4981651, 1594, -007, 5.57172, 0.1100938
0xEEEE, 4984777, 1595, -008, 26.82066, 0.1120012
0xEEEE, 4987893, 1596, -008, 43.11758, 0.0745403
0xEEEE, 4991025, 1597, -007, 10.10952, 0.0746929
0xEEEE, 4994142, 1598, -008, 28.46945, 0.0371557
0xEEEE, 4997268, 1599, -007, 4.33231, 0.0396735
0xEEEE, 5000393, 1600, -007, 6.18901, 0.0011444
0xEEEE, 5003524, 1601, -008, 24.34344, 0.0011444
0xEEEE, 5006659, 1602, -007, 4.74571, 0.0010681
0xEEEE, 5009778, 1603, -008, 24.34425, 0.0010681
0xEEEE, 5012902, 1604, -008, 6.19062, 0.0372320
0xEEEE, 5016036, 1605, -007, 30.32777, 0.0346380
0xEEEE, 5019152, 1606, -008, 20.83875, 0.0748455
0xEEEE, 5022276, 1607, -008, 10.93634, 0.0746166
0xEEEE, 5025393, 1608, -007, 2.89143, 0.1120775
0xEEEE, 5028517, 1609, -008, 14.03165, 0.1495384
0xEEEE, 5031661, 1610, -007, 24.96637, 0.1493858
0xEEEE, 5034767, 1611, -007, 7.84344, 0.1493858
0xEEEE, 5037893, 1612, -008, 11.76396, 0.1829557
0xEEEE, 5041025, 1613, -008, 18.77817, 0.1866941
0xEEEE, 5044142, 1614, -008, 29.71289, 0.2240024
0xEEEE, 5047274, 1615, -008, 1.65604, 0.2261387
0xEEEE, 5050404, 1616, -007, 14.65297, 0.2413977
0xEEEE, 5053529, 1617, -008, 40.02791, 0.2413977
0xEEEE, 5056671, 1618, -009, 44.35941, 0.2424659
0xEEEE, 5059780, 1619, -007, 8.66945, 0.2413977
0xEEEE, 5062905, 1620, -008, 17.33326, 0.2261387
0xEEEE, 5066056, 1621, -008, 5.16154, 0.2240024
0xEEEE, 5069163, 1622, -007, 1.03473, 0.1867704
0xEEEE, 5072267, 1623, -008, 18.77656, 0.1495384
0xEEEE, 5075392, 1624, -008, 47.03890, 0.1493858
0xEEEE, 5078518, 1625, -008, 31.15377, 0.1494621
0xEEEE, 5081651, 1626, -008, 22.69465, 0.1094835
0xEEEE, 5084768, 1627, -007, 4.95282, 0.1120012
0xEEEE, 5087892, 1628, -008, 27.64505, 0.0746166
0xEEEE, 5091028, 1629, -008, 8.87172, 0.0745403
0xEEEE, 5094151, 1630, -007, 14.64733, 0.0370031
0xEEEE, 5097276, 1631, -008, 34.24586, 0.0011444
0xEEEE, 5100402, 1632, -008, 40.84747, 0.0011444
0xEEEE, 5103527, 1633, -007, 10.52132, 0.0014496
0xEEEE, 5106660, 1634, -008, 23.72535, 0.0010681
0xEEEE, 5109777, 1635, -007, 5.98352, 0.0010681
0xEEEE, 5112893, 1636, -007, 0.82681, 0.0371557
0xEEEE, 5116045, 1637, -008, 36.72308, 0.0413519
0xEEEE, 5119142, 1638, -007, 11.55524, 0.0776684
0xEEEE, 5122267, 1639, -008, 12.79304, 0.1127642
0xEEEE, 5125393, 1640, -008, 6.60484, 0.1120775
0xEEEE, 5128517, 1641, -007, 14.03165, 0.1115435
0xEEEE, 5131651, 1642, -009, 47.65941, 0.1493858
0xEEEE, 5134771, 1643, -007, 2.47963, 0.1492332
0xEEEE, 5137905, 1644, -008, 47.66022, 0.1831083
0xEEEE, 5141036, 1645, -008, 18.36557, 0.1869230
0xEEEE, 5144154, 1646, -008, 24.34908, 0.2240024
0xEEEE, 5147279, 1647, -008, 40.02791, 0.2417029
0xEEEE, 5150404, 1648, -008, 13.00256, 0.2415503
0xEEEE, 5153538, 1649, -007, 27.64989, 0.2427710
0xEEEE, 5156662, 1650, -008, 6.60645, 0.2413977
0xEEEE, 5159768, 1651, -008, 40.43971, 0.2414740
0xEEEE, 5162893, 1652, -008, 47.45311, 0.2269780
0xEEEE, 5166045, 1653, -008, 8.66864, 0.2240024
0xEEEE, 5169143, 1654, -008, 23.10886, 0.1866941
0xEEEE, 5172267, 1655, -008, 50.34051, 0.1493858
0xEEEE, 5175392, 1656, -009, 44.56330, 0.1494621
0xEEEE, 5178517, 1657, -007, 22.48916, 0.1493858
0xEEEE, 5181659, 1658, -008, 42.91209, 0.1120775
0xEEEE, 5184777, 1659, -008, 13.61744, 0.1118486
0xEEEE, 5187902, 1660, -008, 33.00886, 0.0746166
0xEEEE, 5191035, 1661, -008, 8.66542, 0.0744640
0xEEEE, 5194152, 1662, -008, 30.11985, 0.0368505
0xEEEE, 5197276, 1663, -007, 3.09451, 0.0372320
0xEEEE, 5200412, 1664, -008, 20.83634, 0.0011444
0xEEEE, 5203517, 1665, -008, 18.36073, 0.0011444
0xEEEE, 5206650, 1666, -007, 4.53941, 0.0010681
0xEEEE, 5209768, 1667, -008, 34.24667, 0.0011444
0xEEEE, 5212893, 1668, -007, 13.61744, 0.0371557
0xEEEE, 5216025, 1669, -008, 40.84908, 0.0745403
0xEEEE, 5219142, 1670, -008, 14.03084, 0.0701915
0xEEEE, 5222268, 1671, -007, 24.34586, 0.0779736
0xEEEE, 5225401, 1672, -008, 14.03165, 0.1116960
0xEEEE, 5228529, 1673, -008, 7.84264, 0.1115435
0xEEEE, 5231661, 1674, -007, 19.60256, 0.1533532
0xEEEE, 5234780, 1675, -008, 20.42777, 0.1493858
0xEEEE, 5237913, 1676, -008, 38.99560, 0.1855497
0xEEEE, 5241037, 1677, -007, 5.16234, 0.2241550
0xEEEE, 5244154, 1678, -008, 1.65604, 0.2240024
0xEEEE, 5247267, 1679, -008, 28.06249, 0.2240024
0xEEEE, 5250393, 1680, -008, 33.83890, 0.2414740
0xEEEE, 5253517, 1681, -008, 18.57267, 0.2386511
0xEEEE, 5256650, 1682, -007, 11.35136, 0.2414740
0xEEEE, 5259768, 1683, -008, 30.74359, 0.2416266
0xEEEE, 5262892, 1684, -008, 36.93179, 0.2263676
0xEEEE, 5266044, 1685, -007, 19.18996, 0.1867704
0xEEEE, 5269148, 1686, -008, 4.12923, 0.1866941
0xEEEE, 5272276, 1687, -008, 21.45846, 0.1867704
0xEEEE, 5275401, 1688, -007, 6.60403, 0.1493095
0xEEEE, 5278527, 1689, -008, 11.96784, 0.1493095
0xEEEE, 5281659, 1690, -008, 49.72000, 0.1118486
0xEEEE, 5284788, 1691, -008, 51.16410, 0.1120012
0xEEEE, 5287902, 1692, -009, 41.67348, 0.0746166
0xEEEE, 5291035, 1693, -007, 3.71421, 0.0372320
0xEEEE, 5294142, 1694, -008, 27.43795, 0.0374609
0xEEEE, 5297267, 1695, -008, 38.16557, 0.0370031
0xEEEE, 5300392, 1696, -007, 12.58432, 0.0010681
0xEEEE, 5303517, 1697, -008, 21.86784, 0.0010681
0xEEEE, 5306650, 1698, -008, 14.02923, 0.0010681
0xEEEE, 5309768, 1699, -007, 6.80872, 0.0011444
0xEEEE, 5312898, 1700, -008, 12.37963, 0.0373083
0xEEEE, 5316037, 1701, -007, 20.83795, 0.0746166
0xEEEE, 5319154, 1702, -008, 44.97590, 0.0745403
0xEEEE, 5322286, 1703, -008, 18.15685, 0.0745403
0xEEEE, 5325404, 1704, -007, 24.14037, 0.1120012
0xEEEE, 5328529, 1705, -008, 22.69626, 0.1116960
0xEEEE, 5331662, 1706, -008, 22.69707, 0.1425956
0xEEEE, 5334768, 1707, -007, 30.94908, 0.1493858
0xEEEE, 5337893, 1708, -008, 16.30256, 0.1908141
0xEEEE, 5341025, 1709, -008, 19.39707, 0.2237736
0xEEEE, 5344142, 1710, -007, 11.14586, 0.2240787
0xEEEE, 5347267, 1711, -009, 49.10513, 0.2237736
0xEEEE, 5350392, 1712, -007, 29.91919, 0.2414740
0xEEEE, 5353517, 1713, -008, 42.50352, 0.2438392
0xEEEE, 5356650, 1714, -008, 17.33407, 0.2415503
0xEEEE, 5359777, 1715, -008, 51.16733, 0.2415503
0xEEEE, 5362902, 1716, -008, 30.94908, 0.2263676
0xEEEE, 5366053, 1717, -008, 6.19304, 0.2239261
0xEEEE, 5369162, 1718, -007, 23.72777, 0.1868467
0xEEEE, 5372277, 1719, -008, 12.58755, 0.1866941
0xEEEE, 5375402, 1720, -008, 48.07040, 0.1501488
0xEEEE, 5378517, 1721, -007, 10.31744, 0.1493858
0xEEEE, 5381667, 1722, -008, 43.73729, 0.1120775
0xEEEE, 5384768, 1723, -008, 29.91516, 0.0739300
0xEEEE, 5387893, 1724, -008, 36.72227, 0.0746166
0xEEEE, 5391026, 1725, -008, 12.99773, 0.0746929
0xEEEE, 5394142, 1726, -007, 25.58125, 0.0367742
0xEEEE, 5397267, 1727, -008, 31.15136, 0.0370794
0xEEEE, 5400392, 1728, -009, 31.77026, 0.0011444
0xEEEE, 5403529, 1729, -007, 9.07722, 0.0010681
0xEEEE, 5406661, 1730, -008, 3.71421, 0.0010681
0xEEEE, 5409779, 1731, -009, 50.33810, 0.0372320
0xEEEE, 5412905, 1732, -007, 17.33084, 0.0373846
0xEEEE, 5416037, 1733, -008, 20.63165, 0.0370031
0xEEEE, 5419154, 1734, -008, 34.24828, 0.0745403
0xEEEE, 5422279, 1735, -008, 41.67509, 0.0746166
0xEEEE, 5425392, 1736, -008, 17.74505, 0.1118486
0xEEEE, 5428528, 1737, -008, 48.27751, 0.1127642
0xEEEE, 5431650, 1738, -008, 21.45927, 0.1525139
0xEEEE, 5434768, 1739, -008, 31.77429, 0.1867704
0xEEEE, 5437893, 1740, -008, 49.51692, 0.1832609
0xEEEE, 5441025, 1741, -008, 18.57187, 0.1867704
0xEEEE, 5444142, 1742, -008, 37.55231, 0.2240024
0xEEEE, 5447275, 1743, -007, 14.85927, 0.2239261
0xEEEE, 5450401, 1744, -008, 8.67026, 0.2414740
0xEEEE, 5453529, 1745, -008, 22.07978, 0.2444495
0xEEEE, 5456659, 1746, -008, 41.47121, 0.2414740
0xEEEE, 5459777, 1747, -008, 7.63795, 0.2239261
0xEEEE, 5462902, 1748, -007, 4.95524, 0.2256809
0xEEEE, 5466061, 1749, -008, 28.47348, 0.2240024
0xEEEE, 5469143, 1750, -008, 32.59868, 0.1873045
0xEEEE, 5472268, 1751, -007, 2.89143, 0.1867704
0xEEEE, 5475392, 1752, -008, 0.62132, 0.1497673
0xEEEE, 5478517, 1753, -008, 47.65780, 0.1496147
0xEEEE, 5481651, 1754, -007, 11.14183, 0.1118486
0xEEEE, 5484768, 1755, -008, 9.28513, 0.0752270
0xEEEE, 5487893, 1756, -008, 50.33810, 0.0744640
0xEEEE, 5491034, 1757, -008, 45.38689, 0.0746929
0xEEEE, 5494154, 1758, -008, 36.72147, 0.0370794
0xEEEE, 5497279, 1759, -007, 1.65040, 0.0370794
0xEEEE, 5500405, 1760, -008, 48.68689, 0.0010681
0xEEEE, 5503530, 1761, -008, 4.12601, 0.0011444
0xEEEE, 5506662, 1762, -007, 9.69692, 0.0012970
0xEEEE, 5509780, 1763, -008, 16.91744, 0.0018311
0xEEEE, 5512915, 1764, -008, 40.02388, 0.0372320
0xEEEE, 5516026, 1765, -007, 17.53714, 0.0370794
0xEEEE, 5519142, 1766, -008, 18.56945, 0.0745403
0xEEEE, 5522267, 1767, -007, 15.88755, 0.0745403
0xEEEE, 5525392, 1768, -008, 46.83341, 0.1119249
0xEEEE, 5528517, 1769, -008, 7.01744, 0.1114672
0xEEEE, 5531651, 1770, -007, 6.19304, 0.1473259
0xEEEE, 5534771, 1771, -008, 33.42469, 0.1493858
0xEEEE, 5537902, 1772, -008, 13.00176, 0.1860075
0xEEEE, 5541034, 1773, -007, 5.57495, 0.1868467
0xEEEE, 5544152, 1774, -008, 28.47509, 0.2227054
0xEEEE, 5547277, 1775, -008, 34.04520, 0.2238499
0xEEEE, 5550409, 1776, -007, 12.17736, 0.2414740
0xEEEE, 5553526, 1777, -008, 4.75055, 0.2418555
0xEEEE, 5556659, 1778, -008, 37.13890, 0.2415503
0xEEEE, 5559768, 1779, -008, 46.21612, 0.2415503
0xEEEE, 5562894, 1780, -008, 14.65136, 0.2253758
0xEEEE, 5566045, 1781, -007, 4.95524, 0.2239261
0xEEEE, 5569143, 1782, -008, 36.10579, 0.1857786
0xEEEE, 5572267, 1783, -008, 48.27751, 0.1868467
0xEEEE, 5575392, 1784, -008, 45.59480, 0.1490806
0xEEEE, 5578519, 1785, -008, 10.73004, 0.1120012
0xEEEE, 5581661, 1786, -008, 22.48835, 0.1119249
0xEEEE, 5584780, 1787, -007, 22.28205, 0.1122301
0xEEEE, 5587904, 1788, -008, 18.36154, 0.0745403
0xEEEE, 5591037, 1789, -008, 41.26088, 0.0747692
0xEEEE, 5594154, 1790, -008, 50.33729, 0.0371557
0xEEEE, 5597290, 1791, -008, 33.21436, 0.0376898
0xEEEE, 5600392, 1792, -007, 8.25201, 0.0010681
0xEEEE, 5603517, 1793, -008, 21.86784, 0.0010681
0xEEEE, 5606650, 1794, -008, 8.87172, 0.0010681
0xEEEE, 5609768, 1795, -007, 3.50791, 0.0011444
0xEEEE, 5612893, 1796, -008, 20.01275, 0.0372320
0xEEEE, 5616026, 1797, -008, 41.05538, 0.0372320
0xEEEE, 5619142, 1798, -007, 19.60095, 0.0747692
0xEEEE, 5622267, 1799, -009, 51.37121, 0.0746166
0xEEEE, 5625402, 1800, -008, 51.16571, 0.1118486
0xEEEE, 5628526, 1801, -007, 6.39853, 0.1493858
0xEEEE, 5631659, 1802, -008, 9.49385, 0.1427481
0xEEEE, 5634785, 1803, -008, 46.62791, 0.1493858
0xEEEE, 5637902, 1804, -008, 33.21919, 0.1865415
0xEEEE, 5641035, 1805, -009, 36.31370, 0.1867704
0xEEEE, 5644151, 1806, -007, 20.63568, 0.2237736
0xEEEE, 5647268, 1807, -008, 43.32872, 0.2240024
0xEEEE, 5650392, 1808, -008, 37.34601, 0.2414740
0xEEEE, 5653517, 1809, -007, 9.49546, 0.2417029
0xEEEE, 5656650, 1810, -009, 48.07282, 0.2416266
0xEEEE, 5659768, 1811, -007, 11.97026, 0.2415503
0xEEEE, 5662893, 1812, -008, 48.69092, 0.2238499
0xEEEE, 5666044, 1813, -008, 20.84037, 0.2240787
0xEEEE, 5669154, 1814, -007, 23.31516, 0.1875334
0xEEEE, 5672279, 1815, -008, 39.61289, 0.1868467
0xEEEE, 5675404, 1816, -008, 20.42615, 0.1497673
0xEEEE, 5678529, 1817, -007, 24.34586, 0.1493095
0xEEEE, 5681671, 1818, -008, 36.31048, 0.1118486
0xEEEE, 5684780, 1819, -008, 29.70886, 0.1123827
0xEEEE, 5687905, 1820, -008, 45.79949, 0.0754559
0xEEEE, 5691026, 1821, -009, 34.04037, 0.0746166
0xEEEE, 5694151, 1822, -008, 48.48059, 0.0371557
0xEEEE, 5697267, 1823, -008, 48.06799, 0.0010681
0xEEEE, 5700392, 1824, -008, 24.96234, 0.0010681
0xEEEE, 5703517, 1825, -007, 8.45832, 0.0010681
0xEEEE, 5706651, 1826, -008, 43.73648, 0.0010681
0xEEEE, 5709768, 1827, -009, 50.54440, 0.0011444
0xEEEE, 5712898, 1828, -007, 15.26784, 0.0370794
0xEEEE, 5716034, 1829, -008, 14.64894, 0.0372320
0xEEEE, 5719152, 1830, -008, 22.07656, 0.0748455
0xEEEE, 5722276, 1831, -007, 4.33473, 0.1119249
0xEEEE, 5725401, 1832, -009, 44.15150, 0.1120012
0xEEEE, 5728527, 1833, -007, 9.90564, 0.1120012
0xEEEE, 5731659, 1834, -008, 41.05780, 0.1456474
0xEEEE, 5734768, 1835, -008, 24.76007, 0.1493095
0xEEEE, 5737893, 1836, -007, 13.20806, 0.1866178
0xEEEE, 5741036, 1837, -008, 29.09319, 0.1866941
0xEEEE, 5744142, 1838, -008, 6.40095, 0.2241550
0xEEEE, 5747267, 1839, -007, 17.74747, 0.2414740
0xEEEE, 5750393, 1840, -008, 45.59802, 0.2414740
0xEEEE, 5753517, 1841, -008, 10.32066, 0.2414740
0xEEEE, 5756655, 1842, -007, 6.40015, 0.2416266
0xEEEE, 5759780, 1843, -008, 11.97026, 0.2455940
0xEEEE, 5762904, 1844, -008, 22.49077, 0.2239261
0xEEEE, 5766064, 1845, -007, 7.01824, 0.2241550
0xEEEE, 5769155, 1846, -008, 6.19223, 0.1860838
0xEEEE, 5772279, 1847, -007, 15.06315, 0.1493858
0xEEEE, 5775404, 1848, -008, 25.58366, 0.1494621
0xEEEE, 5778537, 1849, -008, 36.51758, 0.1493095
0xEEEE, 5781651, 1850, -007, 16.09304, 0.1120775
0xEEEE, 5784768, 1851, -008, 30.94667, 0.1126116
0xEEEE, 5787893, 1852, -008, 40.22938, 0.0733196
0xEEEE, 5791025, 1853, -007, 5.36462, 0.0746166
0xEEEE, 5794142, 1854, -008, 10.31502, 0.0371557
0xEEEE, 5797267, 1855, -007, 29.91355, 0.0011444
0xEEEE, 5800393, 1856, -008, 50.54359, 0.0010681
0xEEEE, 5803526, 1857, -008, 35.07106, 0.0011444
0xEEEE, 5806659, 1858, -007, 3.30161, 0.0010681
0xEEEE, 5809777, 1859, -008, 33.42147, 0.0011444
0xEEEE, 5812903, 1860, -008, 41.46799, 0.0371557
0xEEEE, 5816034, 1861, -007, 11.96703, 0.0367742
0xEEEE, 5819151, 1862, -008, 9.49223, 0.0748455
0xEEEE, 5822267, 1863, -008, 45.59480, 0.1100175
0xEEEE, 5825403, 1864, -007, 0.20952, 0.1119249
0xEEEE, 5828517, 1865, -009, 51.37201, 0.1119249
0xEEEE, 5831650, 1866, -007, 11.76315, 0.1494621
0xEEEE, 5834768, 1867, -008, 44.15231, 0.1493858
0xEEEE, 5837893, 1868, -008, 9.08205, 0.1867704
0xEEEE, 5841026, 1869, -008, 48.07282, 0.1867704
0xEEEE, 5844143, 1870, -008, 18.36637, 0.2245365
0xEEEE, 5847279, 1871, -007, 3.92535, 0.2239261
0xEEEE, 5850404, 1872, -007, 18.16007, 0.2413977
0xEEEE, 5853529, 1873, -008, 3.92535, 0.2416266
0xEEEE, 5856662, 1874, -007, 7.43165, 0.2415503
0xEEEE, 5859780, 1875, -007, 6.60645, 0.2417029
0xEEEE, 5862912, 1876, -008, 24.14117, 0.2240787
0xEEEE, 5866056, 1877, -007, 3.51114, 0.1866941
0xEEEE, 5869143, 1878, -008, 30.53568, 0.1866941
0xEEEE, 5872267, 1879, -009, 49.10271, 0.1868467
0xEEEE, 5875393, 1880, -007, 6.19143, 0.1501488
0xEEEE, 5878517, 1881, -008, 22.28286, 0.1493858
0xEEEE, 5881650, 1882, -008, 36.72308, 0.1120775
0xEEEE, 5884768, 1883, -007, 12.17333, 0.1129168
0xEEEE, 5887893, 1884, -008, 15.88593, 0.0733196
0xEEEE, 5891034, 1885, -008, 47.03729, 0.0363928
0xEEEE, 5894151, 1886, -007, 0.61890, 0.0370794
0xEEEE, 5897277, 1887, -009, 39.81597, 0.0371557
0xEEEE, 5900401, 1888, -008, 49.71839, 0.0010681
0xEEEE, 5903526, 1889, -008, 25.99385, 0.0011444
0xEEEE, 5906659, 1890, -009, 42.70498, 0.0011444
0xEEEE, 5909788, 1891, -007, 9.28432, 0.0010681
0xEEEE, 5912893, 1892, -008, 21.45685, 0.0371557
0xEEEE, 5916026, 1893, -008, 41.88059, 0.0746166
0xEEEE, 5919142, 1894, -007, 10.73004, 0.0743114
0xEEEE, 5922267, 1895, -009, 47.03890, 0.0745403
0xEEEE, 5925393, 1896, -008, 36.31209, 0.1127642
0xEEEE, 5928517, 1897, -008, 46.21451, 0.1119249
0xEEEE, 5931650, 1898, -008, 17.95216, 0.1495384
0xEEEE, 5934776, 1899, -007, 8.46234, 0.1493858
0xEEEE, 5937905, 1900, -008, 44.15311, 0.1867704
0xEEEE, 5941036, 1901, -008, 27.03018, 0.2216373
0xEEEE, 5944154, 1902, -007, 26.82469, 0.2238499
0xEEEE, 5947288, 1903, -008, 26.41209, 0.2240024
0xEEEE, 5950404, 1904, -007, 2.06864, 0.2405585
0xEEEE, 5953529, 1905, -007, 7.01985, 0.2415503
0xEEEE, 5956662, 1906, -008, 15.06476, 0.2415503
0xEEEE, 5959768, 1907, -008, 41.47121, 0.2397955
0xEEEE, 5962893, 1908, -007, 5.78044, 0.2240024
0xEEEE, 5966044, 1909, -008, 5.36784, 0.1881437
0xEEEE, 5969143, 1910, -008, 36.93099, 0.1870756
0xEEEE, 5972267, 1911, -008, 37.34359, 0.1867704
0xEEEE, 5975392, 1912, -009, 35.69238, 0.1493858
0xEEEE, 5978521, 1913, -007, 7.01663, 0.1506065
0xEEEE, 5981659, 1914, -008, 23.51985, 0.1120012
0xEEEE, 5984777, 1915, -009, 39.81758, 0.1115435
0xEEEE, 5987902, 1916, -007, 11.14103, 0.0733959
0xEEEE, 5991035, 1917, -008, 18.36154, 0.0732433
0xEEEE, 5994162, 1918, -008, 8.04571, 0.0372320
0xEEEE, 5997276, 1919, -008, 52.19399, 0.0371557
0xEEEE, 6000393, 1920, -008, 0.20630, 0.0011444
0xEEEE, 6003517, 1921, -008, 51.78139, 0.0011444
0xEEEE, 6006659, 1922, -008, 28.88286, 0.0010681
0xEEEE, 6009768, 1923, -008, 31.35846, 0.0374609
0xEEEE, 6012893, 1924, -007, 17.53714, 0.0370794
0xEEEE, 6016025, 1925, -008, 20.83795, 0.0371557
0xEEEE, 6019142, 1926, -008, 23.31436, 0.0746929
0xEEEE, 6022271, 1927, -007, 7.84183, 0.0747692
0xEEEE, 6025404, 1928, -009, 51.16571, 0.1117723
0xEEEE, 6028529, 1929, -008, 32.18608, 0.1119249
0xEEEE, 6031669, 1930, -007, 7.84344, 0.1493095
0xEEEE, 6034780, 1931, -008, 10.73165, 0.1877623
0xEEEE, 6037905, 1932, -008, 28.68059, 0.1868467
0xEEEE, 6041037, 1933, -008, 40.23341, 0.1886015
0xEEEE, 6044142, 1934, -008, 11.35216, 0.2242313
0xEEEE, 6047267, 1935, -007, 21.66718, 0.2240024
0xEEEE, 6050392, 1936, -008, 27.64989, 0.2421607
0xEEEE, 6053517, 1937, -008, 49.93033, 0.2415503
0xEEEE, 6056650, 1938, -007, 6.40015, 0.2415503
0xEEEE, 6059768, 1939, -008, 22.28527, 0.2243076
0xEEEE, 6062893, 1940, -007, 13.82615, 0.2240024
0xEEEE, 6066045, 1941, -007, 7.22454, 0.2224002
0xEEEE, 6069152, 1942, -008, 24.75927, 0.1869230
0xEEEE, 6072276, 1943, -008, 33.83648, 0.1867704
0xEEEE, 6075401, 1944, -008, 25.78996, 0.1492332
0xEEEE, 6078537, 1945, -008, 2.47802, 0.1516747
0xEEEE, 6081660, 1946, -007, 13.41114, 0.1120012
0xEEEE, 6084777, 1947, -008, 10.72923, 0.0746166
0xEEEE, 6087901, 1948, -008, 32.18366, 0.0746166
0xEEEE, 6091043, 1949, -007, 16.91744, 0.0748455
0xEEEE, 6094142, 1950, -008, 9.90242, 0.0373846
0xEEEE, 6097267, 1951, -008, 37.95927, 0.0371557
0xEEEE, 6100392, 1952, -008, 50.13099, 0.0011444
0xEEEE, 6103517, 1953, -008, 25.99385, 0.0010681
0xEEEE, 6106650, 1954, -007, 12.99773, 0.0010681
0xEEEE, 6109768, 1955, -008, 21.66234, 0.0372320
0xEEEE, 6112905, 1956, -008, 12.58593, 0.0371557
0xEEEE, 6116037, 1957, -007, 3.92132, 0.0372320
0xEEEE, 6119154, 1958, -008, 8.87333, 0.0746166
0xEEEE, 6122279, 1959, -008, 27.02777, 0.0743877
0xEEEE, 6125404, 1960, -007, 2.06623, 0.1114672
0xEEEE, 6128529, 1961, -008, 13.00015, 0.1120775
0xEEEE, 6131661, 1962, -008, 34.86879, 0.1496147
0xEEEE, 6134768, 1963, -007, 8.66864, 0.1870756
0xEEEE, 6137904, 1964, -009, 49.92952, 0.1868467
0xEEEE, 6141025, 1965, -007, 7.43165, 0.1853208
0xEEEE, 6144142, 1966, -008, 23.31758, 0.2240787
0xEEEE, 6147267, 1967, -008, 31.36330, 0.2241550
0xEEEE, 6150393, 1968, -007, 10.73326, 0.2418555
0xEEEE, 6153517, 1969, -008, 13.00256, 0.2415503
0xEEEE, 6156656, 1970, -009, 35.07590, 0.2413977
0xEEEE, 6159777, 1971, -007, 12.38286, 0.2413977
0xEEEE, 6162904, 1972, -008, 35.28139, 0.2240787
0xEEEE, 6166053, 1973, -008, 29.91758, 0.2230106
0xEEEE, 6169152, 1974, -007, 6.81114, 0.1868467
0xEEEE, 6172277, 1975, -009, 52.60982, 0.1868467
0xEEEE, 6175409, 1976, -007, 12.38044, 0.1493858
0xEEEE, 6178518, 1977, -008, 22.07656, 0.1118486
0xEEEE, 6181650, 1978, -008, 20.42535, 0.1119249
0xEEEE, 6184768, 1979, -008, 50.33890, 0.1120012
0xEEEE, 6187894, 1980, -008, 5.15832, 0.0753796
0xEEEE, 6191026, 1981, -008, 34.04037, 0.0734722
0xEEEE, 6194142, 1982, -007, 12.17172, 0.0372320
0xEEEE, 6197267, 1983, -008, 47.44908, 0.0372320
0xEEEE, 6200399, 1984, -008, 38.16557, 0.0010681
0xEEEE, 6203529, 1985, -007, 0.00000, 0.0011444
0xEEEE, 6206661, 1986, -008, 28.05766, 0.0011444
0xEEEE, 6209780, 1987, -007, 7.84022, 0.0010681
0xEEEE, 6212904, 1988, -008, 35.27897, 0.0371557
0xEEEE, 6216038, 1989, -008, 10.31663, 0.0370794
0xEEEE, 6219154, 1990, -007, 17.95055, 0.0745403
0xEEEE, 6222290, 1991, -008, 12.79304, 0.0747692
0xEEEE, 6225392, 1992, -008, 6.19223, 0.1113146
0xEEEE, 6228517, 1993, -007, 12.79385, 0.1497673
0xEEEE, 6231650, 1994, -008, 33.83729, 0.1493858
0xEEEE, 6234768, 1995, -007, 7.01824, 0.1493858
0xEEEE, 6237893, 1996, -008, 41.67751, 0.1867704
0xEEEE, 6241025, 1997, -008, 2.68674, 0.1848631
0xEEEE, 6244144, 1998, -008, 46.42322, 0.2240787
0xEEEE, 6247276, 1999, -008, 26.82469, 0.2240024
0xEEEE, 6250402, 2000, -008, 14.65297, 0.2411688
0xEEEE, 6253527, 2001, -007, 2.06864, 0.2414740
0xEEEE, 6256659, 2002, -008, 3.92454, 0.2415503
0xEEEE, 6259785, 2003, -007, 8.66945, 0.2418555
0xEEEE, 6262902, 2004, -007, 5.78044, 0.2240024
0xEEEE, 6266054, 2005, -009, 48.27832, 0.2255283
0xEEEE, 6269143, 2006, -007, 1.44733, 0.1868467
0xEEEE, 6272267, 2007, -008, 42.08850, 0.1867704
0xEEEE, 6275392, 2008, -009, 49.92711, 0.1493095
0xEEEE, 6278517, 2009, -007, 15.26864, 0.1121538
0xEEEE, 6281650, 2010, -008, 41.88059, 0.1120775
0xEEEE, 6284768, 2011, -009, 47.03810, 0.1120012
0xEEEE, 6287896, 2012, -007, 14.64813, 0.0745403
0xEEEE, 6291037, 2013, -008, 11.14103, 0.0749981
0xEEEE, 6294154, 2014, -008, 39.81597, 0.0367742
0xEEEE, 6297279, 2015, -007, 14.44103, 0.0372320
0xEEEE, 6300404, 2016, -009, 50.95619, 0.0014496
0xEEEE, 6303529, 2017, -008, 29.29465, 0.0011444
0xEEEE, 6306672, 2018, -008, 41.26088, 0.0010681
0xEEEE, 6309779, 2019, -008, 27.43875, 0.0010681
0xEEEE, 6312894, 2020, -007, 14.44264, 0.0376135
0xEEEE, 6316026, 2021, -008, 14.64894, 0.0371557
0xEEEE, 6319142, 2022, -008, 23.52066, 0.0744640
0xEEEE, 6322267, 2023, -007, 11.96784, 0.1120012
0xEEEE, 6325392, 2024, -008, 19.18916, 0.1127642
0xEEEE, 6328517, 2025, -008, 32.39238, 0.1097124
0xEEEE, 6331650, 2026, -007, 17.95216, 0.1493858
0xEEEE, 6334777, 2027, -008, 24.34747, 0.1493858
0xEEEE, 6337902, 2028, -008, 31.77509, 0.1868467
0xEEEE, 6341034, 2029, -008, 37.55150, 0.1855497
0xEEEE, 6344159, 2030, -009, 49.51773, 0.2239261
0xEEEE, 6347277, 2031, -007, 22.49238, 0.2404822
0xEEEE, 6350401, 2032, -008, 17.95377, 0.2418555
0xEEEE, 6353526, 2033, -008, 31.77590, 0.2414740
0xEEEE, 6356650, 2034, -007, 13.41436, 0.2425422
0xEEEE, 6359768, 2035, -008, 22.90418, 0.2414740
0xEEEE, 6362893, 2036, -008, 46.00901, 0.2240024
0xEEEE, 6366055, 2037, -007, 14.65136, 0.2240787
0xEEEE, 6369143, 2038, -008, 5.57333, 0.1867704
0xEEEE, 6372268, 2039, -008, 35.28059, 0.1488518
0xEEEE, 6375393, 2040, -008, 31.36007, 0.1494621
0xEEEE, 6378526, 2041, -009, 52.60901, 0.1494621
0xEEEE, 6381661, 2042, -008, 47.45070, 0.1119249
0xEEEE, 6384779, 2043, -008, 19.60015, 0.1120012
0xEEEE, 6387905, 2044, -008, 22.48755, 0.0746166
0xEEEE, 6391044, 2045, -007, 15.88593, 0.0748455
0xEEEE, 6394154, 2046, -008, 8.66462, 0.0366217
0xEEEE, 6397279, 2047, -008, 22.28044, 0.0010681
0xEEEE, 6400393, 2048, -007, 5.36381, 0.0011444
0xEEEE, 6403526, 2049, -008, 20.83634, 0.0010681
0xEEEE, 6406650, 2050, -008, 20.21824, 0.0011444
0xEEEE, 6409768, 2051, -008, 36.92857, 0.0010681
0xEEEE, 6412893, 2052, -008, 22.48835, 0.0375372
0xEEEE, 6416025, 2053, -007, 25.37656, 0.0371557
0xEEEE, 6419142, 2054, -008, 23.93326, 0.0746166
0xEEEE, 6422272, 2055, -008, 33.42308, 0.1120012
0xEEEE, 6425401, 2056, -007, 10.73084, 0.1128405
0xEEEE, 6428526, 2057, -008, 14.85685, 0.1091783
0xEEEE, 6431659, 2058, -008, 43.53341, 0.1494621
0xEEEE, 6434778, 2059, -007, 5.36784, 0.1490043
0xEEEE, 6437903, 2060, -008, 0.00484, 0.1867704
0xEEEE, 6441034, 2061, -008, 35.69480, 0.1875334
0xEEEE, 6444142, 2062, -008, 45.80432, 0.2240024
0xEEEE, 6447267, 2063, -008, 19.39788, 0.2420844
0xEEEE, 6450392, 2064, -007, 26.20579, 0.2417029
0xEEEE, 6453517, 2065, -008, 10.93956, 0.2414740
0xEEEE, 6456650, 2066, -008, 19.60337, 0.2415503
0xEEEE, 6459768, 2067, -007, 15.88996, 0.2413214
0xEEEE, 6462893, 2068, -008, 31.56799, 0.2240024
0xEEEE, 6466048, 2069, -008, 48.27832, 0.2234684
0xEEEE, 6469154, 2070, -007, 4.54183, 0.1868467
0xEEEE, 6472279, 2071, -008, 17.33245, 0.1871519
0xEEEE, 6475413, 2072, -007, 2.89062, 0.1494621
0xEEEE, 6478529, 2073, -008, 45.59480, 0.1493095
0xEEEE, 6481662, 2074, -008, 18.56864, 0.1119249
0xEEEE, 6484780, 2075, -007, 18.36234, 0.1119249
0xEEEE, 6487913, 2076, -008, 33.00886, 0.0744640
0xEEEE, 6491025, 2077, -008, 24.96315, 0.0370794
0xEEEE, 6494143, 2078, -007, 10.72762, 0.0381476
0xEEEE, 6497267, 2079, -008, 15.88513, 0.0374609
0xEEEE, 6500393, 2080, -008, 44.56088, 0.0010681
0xEEEE, 6503517, 2081, -007, 1.23780, 0.0010681
0xEEEE, 6506651, 2082, -009, 46.83099, 0.0011444
0xEEEE, 6509768, 2083, -008, 52.40110, 0.0011444
0xEEEE, 6512902, 2084, -007, 2.68352, 0.0364691
0xEEEE, 6516034, 2085, -009, 50.54520, 0.0743114
0xEEEE, 6519151, 2086, -007, 9.07963, 0.0746166
0xEEEE, 6522277, 2087, -008, 19.18835, 0.0746929
0xEEEE, 6525402, 2088, -007, 20.22066, 0.1110857
0xEEEE, 6528526, 2089, -007, 18.36396, 0.1102464
0xEEEE, 6531659, 2090, -008, 6.19304, 0.1493095
0xEEEE, 6534779, 2091, -008, 42.91451, 0.1502251
0xEEEE, 6537893, 2092, -008, 49.10432, 0.1866941
0xEEEE, 6541025, 2093, -009, 50.54842, 0.2240787
0xEEEE, 6544143, 2094, -007, 20.22308, 0.2241550
0xEEEE, 6547268, 2095, -008, 25.79319, 0.2230869
0xEEEE, 6550392, 2096, -008, 27.03099, 0.2415503
0xEEEE, 6553517, 2097, -008, 47.04212, 0.2413977
0xEEEE, 6556661, 2098, -008, 17.54037, 0.2410925
0xEEEE, 6559780, 2099, -008, 23.93568, 0.2413214
0xEEEE, 6562905, 2100, -007, 11.96945, 0.2240024
0xEEEE, 6566056, 2101, -008, 14.85766, 0.1866178
0xEEEE, 6569154, 2102, -007, 10.11194, 0.1866941
0xEEEE, 6572287, 2103, -008, 51.37201, 0.1869230
0xEEEE, 6575403, 2104, -008, 4.95363, 0.1501488
0xEEEE, 6578517, 2105, -008, 50.13341, 0.1492332
0xEEEE, 6581650, 2106, -008, 50.75150, 0.1118486
0xEEEE, 6584768, 2107, -009, 48.27590, 0.1119249
0xEEEE, 6587893, 2108, -007, 22.07495, 0.0746166
0xEEEE, 6591025, 2109, -008, 25.37575, 0.0371557
0xEEEE, 6594142, 2110, -008, 16.71033, 0.0384527
0xEEEE, 6597268, 2111, -007, 20.21744, 0.0361639
0xEEEE, 6600399, 2112, -008, 5.77641, 0.0010681
0xEEEE, 6603526, 2113, -008, 52.40029, 0.0012970
0xEEEE, 6606659, 2114, -007, 5.98352, 0.0011444
0xEEEE, 6609777, 2115, -008, 16.50484, 0.0011444
0xEEEE, 6612902, 2116, -008, 49.72000, 0.0370794
0xEEEE, 6616035, 2117, -008, 49.51370, 0.0375372
0xEEEE, 6619162, 2118, -008, 32.18527, 0.0745403
0xEEEE, 6622267, 2119, -007, 26.61516, 0.0746166
0xEEEE, 6625393, 2120, -008, 20.01436, 0.1119249
0xEEEE, 6628517, 2121, -008, 38.37509, 0.1139086
0xEEEE, 6631650, 2122, -007, 14.03245, 0.1493095
0xEEEE, 6634768, 2123, -008, 13.20725, 0.1868467
0xEEEE, 6637893, 2124, -008, 32.60029, 0.1866941
0xEEEE, 6641025, 2125, -007, 0.62374, 0.1869993
0xEEEE, 6644149, 2126, -008, 19.39788, 0.2240787
0xEEEE, 6647279, 2127, -007, 27.85619, 0.2249180
0xEEEE, 6650404, 2128, -008, 47.24842, 0.2416266
0xEEEE, 6653529, 2129, -008, 18.57267, 0.2414740
0xEEEE, 6656670, 2130, -007, 17.33407, 0.2415503
0xEEEE, 6659780, 2131, -008, 13.00176, 0.2240024
0xEEEE, 6662905, 2132, -008, 17.33326, 0.2240024
0xEEEE, 6666056, 2133, -007, 17.95216, 0.2239261
0xEEEE, 6669143, 2134, -008, 25.99707, 0.1866941
0xEEEE, 6672267, 2135, -008, 20.83956, 0.1869230
0xEEEE, 6675392, 2136, -008, 44.15070, 0.1458762
0xEEEE, 6678517, 2137, -008, 18.77575, 0.1495384
0xEEEE, 6681650, 2138, -008, 42.70579, 0.1117723
0xEEEE, 6684768, 2139, -008, 41.46799, 0.0765240
0xEEEE, 6687896, 2140, -008, 41.67348, 0.0746929
0xEEEE, 6691034, 2141, -007, 4.12681, 0.0746166
0xEEEE, 6694151, 2142, -008, 12.79062, 0.0395209
0xEEEE, 6697277, 2143, -008, 33.21436, 0.0361639
0xEEEE, 6700402, 2144, -007, 3.71341, 0.0011444
0xEEEE, 6703537, 2145, -009, 43.11678, 0.0010681
0xEEEE, 6706659, 2146, -008, 17.12374, 0.0010681
0xEEEE, 6709768, 2147, -008, 39.61048, 0.0371557
0xEEEE, 6712893, 2148, -008, 15.47414, 0.0378424
0xEEEE, 6716034, 2149, -007, 4.74652, 0.0373846
0xEEEE, 6719142, 2150, -008, 20.83875, 0.0743877
0xEEEE, 6722267, 2151, -008, 29.09077, 0.0746929
0xEEEE, 6725392, 2152, -007, 11.34974, 0.1119249
0xEEEE, 6728517, 2153, -008, 13.20645, 0.1101701
0xEEEE, 6731652, 2154, -008, 29.09238, 0.1494621
0xEEEE, 6734779, 2155, -007, 10.93795, 0.1867704
0xEEEE, 6737904, 2156, -008, 19.80967, 0.1866941
0xEEEE, 6741041, 2157, -007, 10.52615, 0.1866941
0xEEEE, 6744155, 2158, -008, 45.39172, 0.2275883
0xEEEE, 6747279, 2159, -008, 38.99641, 0.2242313
0xEEEE, 6750405, 2160, -007, 11.97106, 0.2414740
0xEEEE, 6753517, 2161, -008, 34.04520, 0.2415503
0xEEEE, 6756650, 2162, -008, 18.15927, 0.2411688
0xEEEE, 6759768, 2163, -007, 26.61758, 0.2237736
0xEEEE, 6762893, 2164, -008, 18.77736, 0.2281224
0xEEEE, 6766045, 2165, -008, 30.53648, 0.2240024
0xEEEE, 6769143, 2166, -007, 24.96557, 0.1865415
0xEEEE, 6772267, 2167, -008, 24.34667, 0.1870756
0xEEEE, 6775392, 2168, -007, 3.71582, 0.1458000
0xEEEE, 6778526, 2169, -007, 5.98513, 0.1495384
0xEEEE, 6781659, 2170, -009, 46.83179, 0.1123827
0xEEEE, 6784777, 2171, -007, 8.25363, 0.1139849
0xEEEE, 6787912, 2172, -008, 31.56476, 0.0744640
0xEEEE, 6791035, 2173, -008, 28.47026, 0.0745403
0xEEEE, 6794151, 2174, -007, 16.29773, 0.0371557
0xEEEE, 6797276, 2175, -008, 20.21744, 0.0376898
0xEEEE, 6800401, 2176, -008, 29.50095, 0.0011444
0xEEEE, 6803517, 2177, -007, 15.26623, 0.0010681
0xEEEE, 6806651, 2178, -008, 0.00081, 0.0011444
0xEEEE, 6809768, 2179, -007, 7.22132, 0.0010681
0xEEEE, 6812893, 2180, -008, 49.10110, 0.0364691
0xEEEE, 6816026, 2181, -008, 19.39385, 0.0370031
0xEEEE, 6819142, 2182, -007, 21.45766, 0.0741588
0xEEEE, 6822277, 2183, -008, 24.34586, 0.0746166
0xEEEE, 6825404, 2184, -008, 23.93407, 0.1120012
0xEEEE, 6828529, 2185, -007, 2.06623, 0.1493095
0xEEEE, 6831662, 2186, -008, 10.73165, 0.1493858
0xEEEE, 6834779, 2187, -008, 43.12081, 0.1493095
0xEEEE, 6837904, 2188, -007, 9.28835, 0.1868467
0xEEEE, 6841036, 2189, -009, 36.93260, 0.1867704
0xEEEE, 6844142, 2190, -007, 29.09399, 0.2273594
0xEEEE, 6847278, 2191, -007, 5.16315, 0.2243839
0xEEEE, 6850392, 2192, -008, 17.12857, 0.2415503
0xEEEE, 6853518, 2193, -007, 3.30645, 0.2401770
0xEEEE, 6856651, 2194, -008, 12.79546, 0.2413214
0xEEEE, 6859768, 2195, -008, 13.20806, 0.2415503
0xEEEE, 6862892, 2196, -007, 28.06088, 0.2290379
0xEEEE, 6866049, 2197, -008, 33.63099, 0.2241550
0xEEEE, 6869152, 2198, -008, 24.96557, 0.1840238
0xEEEE, 6872277, 2199, -007, 9.28674, 0.1866941
0xEEEE, 6875402, 2200, -009, 41.67509, 0.1465629
0xEEEE, 6878527, 2201, -008, 44.97590, 0.1120012
0xEEEE, 6881659, 2202, -007, 4.95282, 0.1121538
0xEEEE, 6884785, 2203, -008, 30.53407, 0.1113909
0xEEEE, 6887893, 2204, -007, 14.02923, 0.0727092
0xEEEE, 6891026, 2205, -008, 17.33004, 0.0746166
0xEEEE, 6894142, 2206, -009, 52.19399, 0.0370031
0xEEEE, 6897267, 2207, -007, 11.14022, 0.0368505
0xEEEE, 6900392, 2208, -008, 24.34344, 0.0010681
0xEEEE, 6903517, 2209, -008, 17.53553, 0.0010681
0xEEEE, 6906651, 2210, -008, 51.57590, 0.0012970
0xEEEE, 6909774, 2211, -009, 51.98850, 0.0011444
0xEEEE, 6912904, 2212, -007, 6.80952, 0.0370794
0xEEEE, 6916037, 2213, -008, 38.57978, 0.0372320
0xEEEE, 6919154, 2214, -008, 1.24022, 0.0743877
0xEEEE, 6922279, 2215, -007, 11.14264, 0.0746166
0xEEEE, 6925405, 2216, -008, 35.69319, 0.1119249
0xEEEE, 6928529, 2217, -009, 49.30901, 0.1120775
0xEEEE, 6931673, 2218, -007, 25.17267, 0.1493095
0xEEEE, 6934768, 2219, -008, 30.33018, 0.1494621
0xEEEE, 6937894, 2220, -008, 22.28527, 0.1866941
0xEEEE, 6941025, 2221, -008, 51.16733, 0.1869230
0xEEEE, 6944142, 2222, -009, 47.45473, 0.2264439
0xEEEE, 6947267, 2223, -007, 8.67026, 0.2239261
0xEEEE, 6950392, 2224, -008, 43.12242, 0.2414740
0xEEEE, 6953518, 2225, -008, 4.13165, 0.2423133
0xEEEE, 6956659, 2226, -007, 8.25685, 0.2414740
0xEEEE, 6959777, 2227, -008, 10.73245, 0.2416266
0xEEEE, 6962902, 2228, -008, 32.59949, 0.2243076
0xEEEE, 6966053, 2229, -007, 21.25297, 0.2240787
0xEEEE, 6969160, 2230, -008, 5.16073, 0.1853971
0xEEEE, 6972276, 2231, -008, 33.42388, 0.1494621
0xEEEE, 6975392, 2232, -008, 48.48300, 0.1496147
0xEEEE, 6978517, 2233, -008, 20.63245, 0.1493858
0xEEEE, 6981650, 2234, -007, 9.49143, 0.1122301
0xEEEE, 6984768, 2235, -008, 36.92938, 0.1107042
0xEEEE, 6987893, 2236, -009, 49.51289, 0.0753033
0xEEEE, 6991026, 2237, -007, 12.58513, 0.0746166
0xEEEE, 6994142, 2238, -008, 30.11985, 0.0372320
0xEEEE, 6997268, 2239, -008, 40.22857, 0.0011444
0xEEEE, 7000404, 2240, -007, 16.71033, 0.0011444
0xEEEE, 7003529, 2241, -008, 2.06300, 0.0011444
0xEEEE, 7006661, 2242, -008, 36.92857, 0.0010681
0xEEEE, 7009780, 2243, -007, 5.36462, 0.0010681
0xEEEE, 7012905, 2244, -008, 31.77187, 0.0370794
0xEEEE, 7016048, 2245, -007, 6.60322, 0.0374609
0xEEEE, 7019154, 2246, -008, 32.39158, 0.0742351
0xEEEE, 7022268, 2247, -008, 25.99626, 0.1124590
0xEEEE, 7025392, 2248, -007, 0.41582, 0.1118486
0xEEEE, 7028517, 2249, -008, 5.57333, 0.1120012
0xEEEE, 7031650, 2250, -008, 23.93487, 0.1496910
0xEEEE, 7034768, 2251, -007, 4.74894, 0.1494621
0xEEEE, 7037893, 2252, -008, 4.54344, 0.1870756
0xEEEE, 7041025, 2253, -008, 22.69788, 0.1867704
0xEEEE, 7044151, 2254, -008, 47.66103, 0.2230869
0xEEEE, 7047276, 2255, -008, 41.88462, 0.2415503
0xEEEE, 7050402, 2256, -007, 0.83084, 0.2414740
0xEEEE, 7053534, 2257, -008, 31.77590, 0.2412451
0xEEEE, 7056660, 2258, -009, 45.39092, 0.2415503
0xEEEE, 7059777, 2259, -007, 11.35136, 0.2415503
0xEEEE, 7062903, 2260, -008, 21.66557, 0.2243076
0xEEEE, 7066053, 2261, -008, 50.75392, 0.2240787
0xEEEE, 7069143, 2262, -007, 13.82535, 0.1879911
0xEEEE, 7072268, 2263, -008, 36.31209, 0.1495384
0xEEEE, 7075392, 2264, -007, 11.96784, 0.1504540
0xEEEE, 7078517, 2265, -007, 5.77883, 0.1494621
0xEEEE, 7081650, 2266, -008, 4.74652, 0.1120775
0xEEEE, 7084768, 2267, -007, 25.37656, 0.1115435
0xEEEE, 7087901, 2268, -008, 21.04344, 0.0726329
0xEEEE, 7091037, 2269, -009, 27.02615, 0.0745403
0xEEEE, 7094154, 2270, -007, 19.39223, 0.0372320
0xEEEE, 7097279, 2271, -008, 7.42681, 0.0371557
0xEEEE, 7100413, 2272, -008, 46.62388, 0.0011444
0xEEEE, 7103529, 2273, -007, 11.34652, 0.0010681
0xEEEE, 7106662, 2274, -009, 38.57897, 0.0010681
0xEEEE, 7109768, 2275, -007, 6.60242, 0.0012970
0xEEEE, 7112901, 2276, -007, 8.04733, 0.0371557
0xEEEE, 7116025, 2277, -008, 21.86945, 0.0745403
0xEEEE, 7119142, 2278, -007, 27.23407, 0.0744640
0xEEEE, 7122267, 2279, -008, 38.78689, 0.0750744
0xEEEE, 7125393, 2280, -008, 34.24908, 0.1120012
0xEEEE, 7128517, 2281, -007, 21.25216, 0.1120012
0xEEEE, 7131654, 2282, -008, 26.61678, 0.1495384
0xEEEE, 7134777, 2283, -008, 46.00901, 0.1493858
0xEEEE, 7137902, 2284, -007, 8.87575, 0.1867704
0xEEEE, 7141034, 2285, -008, 15.06476, 0.2174411
0xEEEE, 7144152, 2286, -008, 43.74132, 0.2246128
0xEEEE, 7147277, 2287, -007, 5.98835, 0.2241550
0xEEEE, 7150401, 2288, -009, 47.04212, 0.2416266
0xEEEE, 7153517, 2289, -007, 16.09707, 0.2417029
0xEEEE, 7156650, 2290, -008, 33.83810, 0.2416266
0xEEEE, 7159779, 2291, -008, 11.55766, 0.2459754
0xEEEE, 7162893, 2292, -007, 8.46234, 0.2241550
0xEEEE, 7166045, 2293, -008, 26.20418, 0.1868467
0xEEEE, 7169143, 2294, -007, 7.22374, 0.1869993
0xEEEE, 7172267, 2295, -007, 14.85685, 0.1867704
0xEEEE, 7175395, 2296, -008, 28.47187, 0.1487755
0xEEEE, 7178529, 2297, -008, 51.99011, 0.1494621
0xEEEE, 7181661, 2298, -008, 45.59399, 0.1120012
0xEEEE, 7184788, 2299, -008, 31.56557, 0.1123064
0xEEEE, 7187905, 2300, -008, 34.65927, 0.0759899
0xEEEE, 7191037, 2301, -008, 23.31275, 0.0354009
0xEEEE, 7194154, 2302, -008, 27.02535, 0.0371557
0xEEEE, 7197288, 2303, -007, 10.72762, 0.0371557
0xEEEE, 7200392, 2304, -008, 9.07722, 0.0011444
0xEEEE, 7203517, 2305, -008, 35.27736, 0.0011444
0xEEEE, 7206650, 2306, -007, 3.30161, 0.0011444
0xEEEE, 7209767, 2307, -008, 7.84022, 0.0010681
0xEEEE, 7212893, 2308, -008, 48.68850, 0.0371557
0xEEEE, 7216026, 2309, -008, 37.13568, 0.0746929
0xEEEE, 7219142, 2310, -009, 51.78381, 0.0748455
0xEEEE, 7222276, 2311, -008, 44.15070, 0.0749218
0xEEEE, 7225401, 2312, -008, 17.12615, 0.1113146
0xEEEE, 7228526, 2313, -008, 21.04586, 0.1120012
0xEEEE, 7231659, 2314, -007, 26.20418, 0.1492332
0xEEEE, 7234777, 2315, -008, 47.65941, 0.1493858
0xEEEE, 7237902, 2316, -008, 49.10432, 0.1869230
0xEEEE, 7241035, 2317, -008, 49.31062, 0.2229343
0xEEEE, 7244153, 2318, -009, 47.24842, 0.2245365
0xEEEE, 7247268, 2319, -007, 23.31758, 0.2240787
0xEEEE, 7250393, 2320, -008, 37.96491, 0.2417792
0xEEEE, 7253517, 2321, -008, 22.69868, 0.2415503
0xEEEE, 7256650, 2322, -007, 11.14505, 0.2414740
0xEEEE, 7259768, 2323, -008, 20.22227, 0.2394141
0xEEEE, 7262893, 2324, -007, 2.68593, 0.2240024
0xEEEE, 7266056, 2325, -007, 19.60256, 0.2270542
0xEEEE, 7269155, 2326, -009, 52.60982, 0.1864652
0xEEEE, 7272279, 2327, -008, 37.96249, 0.1866941
0xEEEE, 7275404, 2328, -007, 6.60403, 0.1493858
0xEEEE, 7278528, 2329, -008, 17.53795, 0.1517510
0xEEEE, 7281670, 2330, -007, 2.27092, 0.1118486
0xEEEE, 7284780, 2331, -008, 45.38769, 0.0746166
0xEEEE, 7287893, 2332, -008, 22.07495, 0.0754559
0xEEEE, 7291026, 2333, -007, 14.23553, 0.0759899
0xEEEE, 7294142, 2334, -008, 19.18593, 0.0371557
0xEEEE, 7297267, 2335, -008, 47.44908, 0.0371557
0xEEEE, 7300393, 2336, -007, 25.58125, 0.0011444
0xEEEE, 7303517, 2337, -008, 18.56703, 0.0010681
0xEEEE, 7306650, 2338, -008, 21.66234, 0.0010681
0xEEEE, 7309774, 2339, -007, 0.61971, 0.0370794
0xEEEE, 7312902, 2340, -008, 11.76073, 0.0372320
0xEEEE, 7316034, 2341, -008, 48.89480, 0.0370031
0xEEEE, 7319152, 2342, -008, 42.50029, 0.0745403
0xEEEE, 7322277, 2343, -008, 11.96784, 0.0746166
0xEEEE, 7325402, 2344, -007, 5.98593, 0.1125353
0xEEEE, 7328537, 2345, -008, 14.85685, 0.1119249
0xEEEE, 7331659, 2346, -008, 26.82308, 0.1493858
0xEEEE, 7334768, 2347, -007, 19.18996, 0.1858549
0xEEEE, 7337893, 2348, -008, 5.57495, 0.1868467
0xEEEE, 7341025, 2349, -007, 7.22535, 0.1855497
0xEEEE, 7344142, 2350, -007, 7.84505, 0.2240024
0xEEEE, 7347267, 2351, -008, 13.41516, 0.2240787
0xEEEE, 7350392, 2352, -007, 14.85927, 0.2417792
0xEEEE, 7353523, 2353, -008, 25.99949, 0.2413977
0xEEEE, 7356661, 2354, -008, 6.19385, 0.2415503
0xEEEE, 7359780, 2355, -007, 10.11355, 0.2237736
0xEEEE, 7362905, 2356, -008, 16.50806, 0.2240787
0xEEEE, 7366063, 2357, -008, 30.94908, 0.2246891
0xEEEE, 7369155, 2358, -007, 10.52454, 0.1867704
0xEEEE, 7372279, 2359, -009, 51.16571, 0.1889830
0xEEEE, 7375393, 2360, -008, 28.05927, 0.1493858
0xEEEE, 7378517, 2361, -007, 14.23714, 0.1528191
0xEEEE, 7381651, 2362, -008, 8.66623, 0.1120012
0xEEEE, 7384768, 2363, -007, 23.10725, 0.0746166
0xEEEE, 7387893, 2364, -008, 31.56476, 0.0754559
0xEEEE, 7391025, 2365, -009, 49.30659, 0.0740063
0xEEEE, 7394142, 2366, -007, 15.67883, 0.0376135
0xEEEE, 7397269, 2367, -008, 13.20322, 0.0370794
0xEEEE, 7400401, 2368, -007, 1.85670, 0.0011444
0xEEEE, 7403526, 2369, -007, 6.39531, 0.0010681
0xEEEE, 7406659, 2370, -008, 7.22132, 0.0011444
0xEEEE, 7409777, 2371, -007, 3.71421, 0.0012970
0xEEEE, 7412913, 2372, -007, 5.77802, 0.0372320
0xEEEE, 7416035, 2373, -008, 6.80952, 0.0370031
0xEEEE, 7419142, 2374, -007, 3.50952, 0.0745403
0xEEEE, 7422267, 2375, -008, 35.89868, 0.0744640
0xEEEE, 7425401, 2376, -009, 50.75311, 0.1117723
0xEEEE, 7428517, 2377, -007, 4.12923, 0.1486992
0xEEEE, 7431650, 2378, -008, 14.03245, 0.1494621
0xEEEE, 7434768, 2379, -008, 5.16154, 0.1493095
0xEEEE, 7437893, 2380, -007, 10.93875, 0.1868467
0xEEEE, 7441028, 2381, -008, 29.71209, 0.1858549
0xEEEE, 7444154, 2382, -008, 50.13663, 0.2240024
0xEEEE, 7447279, 2383, -007, 7.84505, 0.2241550
0xEEEE, 7450409, 2384, -008, 8.25766, 0.2417029
0xEEEE, 7453529, 2385, -007, 18.16007, 0.2415503
0xEEEE, 7456662, 2386, -008, 40.02711, 0.2439918
0xEEEE, 7459779, 2387, -009, 49.72322, 0.2413977
0xEEEE, 7462904, 2388, -007, 24.14117, 0.2240787
0xEEEE, 7466056, 2389, -008, 25.17267, 0.2230869
0xEEEE, 7469143, 2390, -008, 6.39853, 0.1867704
0xEEEE, 7472267, 2391, -007, 15.06315, 0.1869993
0xEEEE, 7475392, 2392, -009, 38.58059, 0.1493858
0xEEEE, 7478517, 2393, -008, 27.64667, 0.1118486
0xEEEE, 7481651, 2394, -007, 2.88982, 0.1120775
0xEEEE, 7484768, 2395, -008, 20.21905, 0.1120012
0xEEEE, 7487902, 2396, -008, 47.65619, 0.0749218
0xEEEE, 7491034, 2397, -008, 32.38996, 0.0745403
0xEEEE, 7494151, 2398, -008, 16.09143, 0.0373846
0xEEEE, 7497287, 2399, -007, 10.52132, 0.0371557
0xEEEE, 7500402, 2400, -008, 5.57011, 0.0011444
0xEEEE, 7503526, 2401, -008, 7.83941, 0.0011444
0xEEEE, 7506659, 2402, -007, 7.42762, 0.0011444
0xEEEE, 7509777, 2403, -008, 4.95201, 0.0010681
0xEEEE, 7512893, 2404, -007, 2.06462, 0.0371557
0xEEEE, 7516025, 2405, -007, 6.60322, 0.0378424
0xEEEE, 7519142, 2406, -008, 30.53487, 0.0794995
0xEEEE, 7522267, 2407, -007, 11.76154, 0.0746929
0xEEEE, 7525393, 2408, -008, 29.09158, 0.1122301
0xEEEE, 7528517, 2409, -009, 39.81919, 0.1497673
0xEEEE, 7531658, 2410, -007, 21.25297, 0.1493858
0xEEEE, 7534780, 2411, -009, 43.53341, 0.1492332
0xEEEE, 7537904, 2412, -008, 36.10740, 0.1873045
0xEEEE, 7541037, 2413, -007, 13.00176, 0.1873808
0xEEEE, 7544154, 2414, -008, 7.63875, 0.2240024
0xEEEE, 7547279, 2415, -008, 51.37443, 0.2208743
0xEEEE, 7550404, 2416, -008, 51.99333, 0.2413977
0xEEEE, 7553517, 2417, -008, 0.21194, 0.2415503
0xEEEE, 7556662, 2418, -007, 12.79546, 0.2410163
0xEEEE, 7559768, 2419, -008, 41.05861, 0.2415503
0xEEEE, 7562894, 2420, -008, 35.28139, 0.2283513
0xEEEE, 7566044, 2421, -007, 8.46234, 0.2237736
0xEEEE, 7569143, 2422, -008, 3.30403, 0.1867704
0xEEEE, 7572267, 2423, -008, 28.47267, 0.1853208
0xEEEE, 7575396, 2424, -007, 4.54103, 0.1494621
0xEEEE, 7578526, 2425, -008, 10.11114, 0.1493858
0xEEEE, 7581659, 2426, -007, 27.23326, 0.1071946
0xEEEE, 7584777, 2427, -008, 41.67429, 0.1120012
0xEEEE, 7587902, 2428, -008, 12.58513, 0.0746929
0xEEEE, 7591035, 2429, -008, 44.97429, 0.0749981
0xEEEE, 7594159, 2430, -008, 40.02227, 0.0374609
0xEEEE, 7597267, 2431, -008, 21.04264, 0.0011444
0xEEEE, 7600392, 2432, -007, 16.09143, 0.0011444
0xEEEE, 7603517, 2433, -008, 29.08835, 0.0012207
0xEEEE, 7606651, 2434, -008, 36.72227, 0.0011444
0xEEEE, 7609768, 2435, -007, 9.07802, 0.0009918
0xEEEE, 7612893, 2436, -008, 14.85524, 0.0372320
0xEEEE, 7616025, 2437, -008, 35.89788, 0.0376135
0xEEEE, 7619147, 2438, -008, 50.95861, 0.0753796
0xEEEE, 7622279, 2439, -008, 19.39465, 0.1168841
0xEEEE, 7625404, 2440, -007, 0.82842, 0.1121538
0xEEEE, 7628529, 2441, -008, 36.51839, 0.1116960
0xEEEE, 7631662, 2442, -009, 51.16652, 0.1493095
0xEEEE, 7634780, 2443, -007, 21.45927, 0.1493858
0xEEEE, 7637905, 2444, -008, 2.48044, 0.1838712
0xEEEE, 7641047, 2445, -007, 0.41744, 0.1869993
0xEEEE, 7644142, 2446, -007, 5.78205, 0.2240787
0xEEEE, 7647267, 2447, -009, 52.61223, 0.2413977
0xEEEE, 7650392, 2448, -008, 46.42322, 0.2414740
0xEEEE, 7653517, 2449, -008, 44.56652, 0.2388800
0xEEEE, 7656650, 2450, -008, 12.38286, 0.2413977
0xEEEE, 7659768, 2451, -007, 12.17656, 0.2414740
0xEEEE, 7662892, 2452, -008, 29.29868, 0.2252232
0xEEEE, 7666054, 2453, -008, 13.82615, 0.2243076
0xEEEE, 7669152, 2454, -007, 15.88835, 0.1867704
0xEEEE, 7672276, 2455, -008, 11.14344, 0.1493858
0xEEEE, 7675402, 2456, -008, 31.36007, 0.1494621
0xEEEE, 7678535, 2457, -007, 6.60403, 0.1492332
0xEEEE, 7681660, 2458, -008, 7.63473, 0.1120775
0xEEEE, 7684776, 2459, -008, 39.61128, 0.1119249
0xEEEE, 7687894, 2460, -008, 30.12066, 0.0746166
0xEEEE, 7691026, 2461, -008, 18.77414, 0.0746929
0xEEEE, 7694142, 2462, -007, 7.42681, 0.0370031
0xEEEE, 7697267, 2463, -008, 10.72762, 0.0010681
0xEEEE, 7700393, 2464, -008, 22.28044, 0.0010681
0xEEEE, 7703517, 2465, -007, 14.64733, 0.0011444
0xEEEE, 7706650, 2466, -008, 22.28125, 0.0010681
0xEEEE, 7709779, 2467, -008, 11.14103, 0.0011444
0xEEEE, 7712905, 2468, -007, 5.15912, 0.0372320
0xEEEE, 7716036, 2469, -008, 33.00967, 0.0394446
0xEEEE, 7719154, 2470, -008, 34.24828, 0.0728618
0xEEEE, 7722279, 2471, -008, 35.69238, 0.0737011
0xEEEE, 7725415, 2472, -008, 8.25524, 0.1119249
0xEEEE, 7728529, 2473, -007, 14.03165, 0.1118486
0xEEEE, 7731651, 2474, -008, 18.98366, 0.1486229
0xEEEE, 7734768, 2475, -008, 0.21033, 0.1493095
0xEEEE, 7737893, 2476, -007, 20.84117, 0.1854734
0xEEEE, 7741025, 2477, -008, 10.52615, 0.2240024
0xEEEE, 7744142, 2478, -008, 39.82161, 0.2268254
0xEEEE, 7747267, 2479, -007, 3.51275, 0.2240787
0xEEEE, 7750393, 2480, -008, 5.57575, 0.2414740
0xEEEE, 7753525, 2481, -007, 4.75055, 0.2424659
0xEEEE, 7756659, 2482, -008, 42.50271, 0.2415503
0xEEEE, 7759777, 2483, -008, 2.48044, 0.2413977
0xEEEE, 7762909, 2484, -007, 17.33326, 0.2235447
0xEEEE, 7766053, 2485, -008, 32.18689, 0.1867704
0xEEEE, 7769152, 2486, -008, 28.06007, 0.1857786
0xEEEE, 7772276, 2487, -007, 15.26945, 0.1867704
0xEEEE, 7775393, 2488, -008, 15.68125, 0.1543450
0xEEEE, 7778517, 2489, -007, 18.15685, 0.1494621
0xEEEE, 7781650, 2490, -007, 5.98432, 0.1119249
0xEEEE, 7784768, 2491, -008, 4.54022, 0.1156634
0xEEEE, 7787893, 2492, -008, 36.92857, 0.0746929
0xEEEE, 7791025, 2493, -008, 35.89707, 0.0371557
0xEEEE, 7794142, 2494, -008, 3.71341, 0.0371557
0xEEEE, 7797275, 2495, -007, 1.65040, 0.0370794
0xEEEE, 7800404, 2496, -008, 27.64425, 0.0011444
0xEEEE, 7803529, 2497, -008, 22.07414, 0.0011444
0xEEEE, 7806662, 2498, -007, 20.21824, 0.0012207
0xEEEE, 7809789, 2499, -008, 3.71421, 0.0010681
0xEEEE, 7812906, 2500, -007, 3.92132, 0.0371557
0xEEEE, 7816037, 2501, -007, 0.62051, 0.0745403
0xEEEE, 7819142, 2502, -008, 9.49223, 0.0732433
0xEEEE, 7822276, 2503, -007, 2.06542, 0.0759899
0xEEEE, 7825392, 2504, -008, 16.50725, 0.1161212
0xEEEE, 7828517, 2505, -008, 29.50418, 0.1118486
0xEEEE, 7831650, 2506, -008, 49.10352, 0.1501488
0xEEEE, 7834768, 2507, -008, 8.25604, 0.1493858
0xEEEE, 7837893, 2508, -008, 24.55458, 0.1871519
0xEEEE, 7841028, 2509, -007, 5.98755, 0.2240787
0xEEEE, 7844151, 2510, -008, 9.28916, 0.2261387
0xEEEE, 7847276, 2511, -009, 49.72403, 0.2240787
0xEEEE, 7850402, 2512, -008, 48.07363, 0.2444495
0xEEEE, 7853527, 2513, -008, 38.79011, 0.2409400
0xEEEE, 7856660, 2514, -007, 5.98755, 0.2415503
0xEEEE, 7859777, 2515, -008, 33.42549, 0.2414740
0xEEEE, 7862893, 2516, -008, 21.04667, 0.2241550
0xEEEE, 7866054, 2517, -007, 16.09546, 0.1863127
0xEEEE, 7869154, 2518, -008, 16.91985, 0.1852445
0xEEEE, 7872267, 2519, -008, 26.20337, 0.1868467
0xEEEE, 7875393, 2520, -007, 6.60403, 0.1496147
0xEEEE, 7878517, 2521, -008, 18.56945, 0.1494621
0xEEEE, 7881650, 2522, -008, 35.89788, 0.1120012
0xEEEE, 7884771, 2523, -008, 46.41919, 0.1113146
0xEEEE, 7887905, 2524, -008, 27.23245, 0.0705730
0xEEEE, 7891037, 2525, -008, 46.21209, 0.0740826
0xEEEE, 7894163, 2526, -008, 43.94198, 0.0370794
0xEEEE, 7897279, 2527, -008, 6.39531, 0.0370031
0xEEEE, 7900404, 2528, -007, 21.45524, 0.0011444
0xEEEE, 7903529, 2529, -008, 8.25201, 0.0011444
0xEEEE, 7906670, 2530, -008, 27.85136, 0.0010681
0xEEEE, 7909768, 2531, -007, 8.87172, 0.0371557
0xEEEE, 7912893, 2532, -008, 19.39385, 0.0371557
0xEEEE, 7916025, 2533, -007, 16.09304, 0.0372320
0xEEEE, 7919143, 2534, -007, 3.09692, 0.0746166
0xEEEE, 7922267, 2535, -009, 46.83260, 0.0739300
0xEEEE, 7925392, 2536, -007, 7.84264, 0.1109331
0xEEEE, 7928517, 2537, -008, 31.56718, 0.1120775
0xEEEE, 7931659, 2538, -008, 40.85150, 0.1490806
0xEEEE, 7934777, 2539, -007, 17.74586, 0.1882963
0xEEEE, 7937902, 2540, -008, 22.90418, 0.1870756
0xEEEE, 7941035, 2541, -008, 14.03326, 0.1915770
0xEEEE, 7944151, 2542, -007, 3.10015, 0.2246128
0xEEEE, 7947276, 2543, -008, 15.47817, 0.2240787
0xEEEE, 7950401, 2544, -008, 49.93033, 0.2404059
0xEEEE, 7953537, 2545, -008, 41.67832, 0.2417792
0xEEEE, 7956650, 2546, -008, 5.57495, 0.2415503
0xEEEE, 7959768, 2547, -007, 24.96718, 0.2246891
0xEEEE, 7962893, 2548, -008, 51.37282, 0.2242313
0xEEEE, 7966044, 2549, -008, 11.55685, 0.2241550
0xEEEE, 7969143, 2550, -007, 27.02857, 0.1870756
0xEEEE, 7972268, 2551, -009, 48.89641, 0.1868467
0xEEEE, 7975402, 2552, -008, 27.23407, 0.1496147
0xEEEE, 7978529, 2553, -007, 7.63553, 0.1493095
0xEEEE, 7981661, 2554, -008, 31.35927, 0.1119249
0xEEEE, 7984780, 2555, -008, 35.07267, 0.0745403
0xEEEE, 7987905, 2556, -008, 38.57897, 0.0730144
0xEEEE, 7991046, 2557, -008, 23.10645, 0.0736248
0xEEEE, 7994154, 2558, -008, 17.53553, 0.0378424
0xEEEE, 7997267, 2559, -008, 13.40952, 0.0371557
0xEEEE, 8000393, 2560, -008, 16.50403, 0.0011444
0xEEEE, 8003517, 2561, -007, 10.72762, 0.0009918
0xEEEE, 8006650, 2562, -008, 30.53326, 0.0011444
0xEEEE, 8009768, 2563, -008, 16.91744, 0.0384527
0xEEEE, 8012893, 2564, -007, 6.19062, 0.0370794
0xEEEE, 8016025, 2565, -008, 28.05846, 0.0371557
0xEEEE, 8019147, 2566, -008, 41.67509, 0.0746166
0xEEEE, 8022276, 2567, -008, 42.08769, 0.0750744
0xEEEE, 8025401, 2568, -009, 47.03971, 0.1122301
0xEEEE, 8028527, 2569, -008, 48.69011, 0.1120775
0xEEEE, 8031660, 2570, -008, 27.85458, 0.1495384
0xEEEE, 8034777, 2571, -008, 39.82000, 0.1490806
0xEEEE, 8037913, 2572, -007, 15.68366, 0.1868467
0xEEEE, 8041034, 2573, -008, 11.35136, 0.1840238
0xEEEE, 8044142, 2574, -008, 39.40901, 0.2240024
0xEEEE, 8047267, 2575, -007, 6.40095, 0.2240787
0xEEEE, 8050392, 2576, -009, 42.09092, 0.2416266
0xEEEE, 8053517, 2577, -007, 17.12857, 0.2413977
0xEEEE, 8056650, 2578, -008, 32.60029, 0.2414740
0xEEEE, 8059768, 2579, -008, 18.36557, 0.2414740
0xEEEE, 8062898, 2580, -008, 52.61062, 0.2240787
0xEEEE, 8066056, 2581, -008, 15.88916, 0.2211795
0xEEEE, 8069154, 2582, -008, 43.32630, 0.1869230
0xEEEE, 8072279, 2583, -007, 14.23795, 0.1867704
0xEEEE, 8075412, 2584, -008, 12.38044, 0.1493858
0xEEEE, 8078529, 2585, -008, 12.79304, 0.1122301
0xEEEE, 8081662, 2586, -007, 4.54022, 0.1119249
0xEEEE, 8084768, 2587, -008, 4.74652, 0.1120012
0xEEEE, 8087893, 2588, -008, 52.19480, 0.0733196
0xEEEE, 8091025, 2589, -008, 39.40418, 0.0762188
0xEEEE, 8094142, 2590, -008, 9.90242, 0.0361639
0xEEEE, 8097267, 2591, -007, 9.48982, 0.0371557
0xEEEE, 8100392, 2592, -008, 20.21744, 0.0011444
0xEEEE, 8103517, 2593, -008, 23.10564, 0.0010681
0xEEEE, 8106650, 2594, -007, 13.82293, 0.0011444
0xEEEE, 8109777, 2595, -008, 2.27011, 0.0010681
0xEEEE, 8112902, 2596, -008, 30.53407, 0.0371557
0xEEEE, 8116035, 2597, -007, 11.76073, 0.0371557
0xEEEE, 8119152, 2598, -008, 10.52374, 0.0746166
0xEEEE, 8122287, 2599, -007, 12.58674, 0.0747692
0xEEEE, 8125402, 2600, -008, 29.09158, 0.1124590
0xEEEE, 8128517, 2601, -008, 15.06315, 0.1486229
0xEEEE, 8131650, 2602, -007, 24.55377, 0.1493858
0xEEEE, 8134777, 2603, -008, 17.74586, 0.1499962
0xEEEE, 8137893, 2604, -008, 20.84117, 0.1866941
0xEEEE, 8141025, 2605, -007, 10.31985, 0.1857786
0xEEEE, 8144143, 2606, -009, 48.48623, 0.2240024
0xEEEE, 8147267, 2607, -008, 45.39172, 0.2239261
0xEEEE, 8150392, 2608, -007, 5.57575, 0.2413214
0xEEEE, 8153529, 2609, -009, 50.54923, 0.2414740
0xEEEE, 8156661, 2610, -007, 18.77817, 0.2442969
0xEEEE, 8159784, 2611, -008, 27.85538, 0.2417029
0xEEEE, 8162905, 2612, -008, 9.49385, 0.2240024
0xEEEE, 8166056, 2613, -007, 29.91758, 0.2249943
0xEEEE, 8169155, 2614, -008, 36.31209, 0.1867704
0xEEEE, 8172279, 2615, -008, 4.33553, 0.1839475
0xEEEE, 8175392, 2616, -007, 11.14264, 0.1493858
0xEEEE, 8178517, 2617, -008, 22.69546, 0.1122301
0xEEEE, 8181661, 2618, -008, 25.78916, 0.1120012
0xEEEE, 8184768, 2619, -008, 40.64278, 0.1121538
0xEEEE, 8187893, 2620, -008, 25.78835, 0.0745403
0xEEEE, 8191025, 2621, -007, 4.74571, 0.0753033
0xEEEE, 8194142, 2622, -008, 27.23165, 0.0370794
0xEEEE, 8197275, 2623, -008, 14.44103, 0.0370794
0xEEEE, 8200402, 2624, -007, 13.82212, 0.0010681
0xEEEE, 8203526, 2625, -008, 25.16864, 0.0010681
0xEEEE, 8206669, 2626, -008, 10.10952, 0.0011444
0xEEEE, 8209777, 2627, -007, 11.55363, 0.0010681
0xEEEE, 8212902, 2628, -008, 11.34813, 0.0370794
0xEEEE, 8216034, 2629, -007, 15.68044, 0.0371557
0xEEEE, 8219151, 2630, -008, 42.91289, 0.0746166
0xEEEE, 8222267, 2631, -009, 42.08769, 0.1120012
0xEEEE, 8225392, 2632, -008, 50.75311, 0.1117723
0xEEEE, 8228518, 2633, -008, 29.29788, 0.1124590
0xEEEE, 8231651, 2634, -008, 51.37282, 0.1493858
0xEEEE, 8234768, 2635, -007, 9.70015, 0.1493095
0xEEEE, 8237893, 2636, -008, 16.92147, 0.1895933
0xEEEE, 8241033, 2637, -008, 45.59722, 0.1864652
0xEEEE, 8244154, 2638, -007, 15.89077, 0.2241550
0xEEEE, 8247279, 2639, -008, 14.65297, 0.2415503
0xEEEE, 8250405, 2640, -007, 2.68755, 0.2413214
0xEEEE, 8253529, 2641, -008, 47.04212, 0.2415503
0xEEEE, 8256662, 2642, -008, 14.85846, 0.2431525
0xEEEE, 8259780, 2643, -007, 17.54037, 0.2415503
0xEEEE, 8262893, 2644, -008, 48.89722, 0.2219425
0xEEEE, 8266067, 2645, -008, 3.51114, 0.2239261
0xEEEE, 8269143, 2646, -007, 15.06315, 0.1869230
0xEEEE, 8272267, 2647, -009, 37.96249, 0.1493858
0xEEEE, 8275392, 2648, -008, 5.15993, 0.1493095
0xEEEE, 8278517, 2649, -007, 9.49223, 0.1493858
0xEEEE, 8281651, 2650, -009, 41.46799, 0.1051347
0xEEEE, 8284771, 2651, -007, 10.93553, 0.1120012
0xEEEE, 8287902, 2652, -008, 32.38996, 0.0746929
0xEEEE, 8291034, 2653, -008, 35.89707, 0.0749981
0xEEEE, 8294152, 2654, -008, 47.24278, 0.0373083
0xEEEE, 8297277, 2655, -008, 40.43487, 0.0011444
0xEEEE, 8300402, 2656, -009, 51.98769, 0.0011444
0xEEEE, 8303535, 2657, -007, 14.23473, 0.0012207
0xEEEE, 8306659, 2658, -008, 15.67963, 0.0011444
0xEEEE, 8309768, 2659, -008, 41.67348, 0.0011444
0xEEEE, 8312894, 2660, -007, 6.19062, 0.0370794
0xEEEE, 8316026, 2661, -008, 35.27897, 0.0347143
0xEEEE, 8319142, 2662, -007, 18.98205, 0.0709545
0xEEEE, 8322267, 2663, -008, 38.99319, 0.1110857
0xEEEE, 8325392, 2664, -008, 16.71355, 0.1120012
0xEEEE, 8328520, 2665, -007, 16.50725, 0.1123827
0xEEEE, 8331661, 2666, -008, 40.02630, 0.1501488
0xEEEE, 8334779, 2667, -008, 16.71436, 0.1493095
0xEEEE, 8337905, 2668, -007, 6.19385, 0.1866941
0xEEEE, 8341037, 2669, -008, 31.15619, 0.1869230
0xEEEE, 8344154, 2670, -007, 14.65297, 0.2240787
0xEEEE, 8347279, 2671, -007, 9.08286, 0.2240787
0xEEEE, 8350414, 2672, -008, 23.52388, 0.2414740
0xEEEE, 8353517, 2673, -008, 46.01062, 0.2395666
0xEEEE, 8356650, 2674, -008, 27.64908, 0.2414740
0xEEEE, 8359768, 2675, -008, 1.44894, 0.2415503
0xEEEE, 8362893, 2676, -007, 12.58835, 0.2227817
0xEEEE, 8366045, 2677, -008, 15.88916, 0.1868467
0xEEEE, 8369143, 2678, -008, 30.12308, 0.1867704
0xEEEE, 8372267, 2679, -007, 16.71355, 0.1866941
0xEEEE, 8375402, 2680, -008, 11.76154, 0.1495384
0xEEEE, 8378526, 2681, -007, 0.41502, 0.1494621
0xEEEE, 8381659, 2682, -007, 0.00161, 0.1120775
0xEEEE, 8384778, 2683, -008, 14.44264, 0.1121538
0xEEEE, 8387910, 2684, -007, 0.41341, 0.0746929
0xEEEE, 8391035, 2685, -008, 41.87978, 0.0371557
0xEEEE, 8394151, 2686, -008, 49.92469, 0.0373083
0xEEEE, 8397268, 2687, -007, 15.26623, 0.0373083
0xEEEE, 8400392, 2688, -008, 30.53245, 0.0010681
0xEEEE, 8403517, 2689, -008, 43.11678, 0.0011444
0xEEEE, 8406650, 2690, -007, 10.93473, 0.0009918
0xEEEE, 8409768, 2691, -008, 25.16945, 0.0011444
0xEEEE, 8412893, 2692, -008, 25.37656, 0.0371557
0xEEEE, 8416025, 2693, -008, 51.37040, 0.0745403
0xEEEE, 8419154, 2694, -008, 26.40886, 0.0762951
0xEEEE, 8422279, 2695, -008, 52.19641, 0.0756085
0xEEEE, 8425404, 2696, -008, 15.68205, 0.1120012
0xEEEE, 8428529, 2697, -008, 39.61289, 0.1121538
0xEEEE, 8431662, 2698, -007, 22.69707, 0.1491569
0xEEEE, 8434790, 2699, -008, 15.27026, 0.1493095
0xEEEE, 8437905, 2700, -008, 7.22535, 0.1879911
0xEEEE, 8441026, 2701, -007, 10.52615, 0.2240787
0xEEEE, 8444142, 2702, -008, 10.11436, 0.2203403
0xEEEE, 8447267, 2703, -008, 26.61839, 0.2238499
0xEEEE, 8450392, 2704, -007, 6.40095, 0.2415503
0xEEEE, 8453518, 2705, -009, 31.77590, 0.2410925
0xEEEE, 8456651, 2706, -007, 15.88996, 0.2415503
0xEEEE, 8459767, 2707, -008, 25.58608, 0.2415503
0xEEEE, 8462898, 2708, -008, 21.87187, 0.2235447
0xEEEE, 8466053, 2709, -007, 21.87187, 0.1867704
0xEEEE, 8469152, 2710, -008, 36.10579, 0.1848631
0xEEEE, 8472283, 2711, -008, 39.61289, 0.1867704
0xEEEE, 8475402, 2712, -007, 4.74733, 0.1494621
0xEEEE, 8478527, 2713, -009, 42.08769, 0.1494621
0xEEEE, 8481659, 2714, -007, 21.66315, 0.1119249
0xEEEE, 8484768, 2715, -008, 52.60821, 0.1096361
0xEEEE, 8487893, 2716, -008, 32.18366, 0.0745403
0xEEEE, 8491025, 2717, -008, 47.86249, 0.0370031
0xEEEE, 8494142, 2718, -008, 11.14022, 0.0371557
0xEEEE, 8497267, 2719, -008, 10.31502, 0.0370031
0xEEEE, 8500393, 2720, -008, 51.78139, 0.0011444
0xEEEE, 8503517, 2721, -008, 9.28352, 0.0011444
0xEEEE, 8506655, 2722, -008, 17.33004, 0.0010681
0xEEEE, 8509780, 2723, -007, 9.28432, 0.0012970
0xEEEE, 8512904, 2724, -008, 19.18755, 0.0372320
0xEEEE, 8516037, 2725, -008, 46.00659, 0.0371557
0xEEEE, 8519163, 2726, -008, 46.00740, 0.0757610
0xEEEE, 8522280, 2727, -008, 1.03392, 0.0738537
0xEEEE, 8525404, 2728, -007, 16.91985, 0.1094835
0xEEEE, 8528518, 2729, -008, 26.40967, 0.1120012
0xEEEE, 8531659, 2730, -008, 46.00901, 0.1495384
0xEEEE, 8534768, 2731, -007, 10.52535, 0.1902800
0xEEEE, 8537893, 2732, -008, 1.86154, 0.1866178
0xEEEE, 8541026, 2733, -008, 38.99560, 0.1868467
0xEEEE, 8544142, 2734, -007, 10.32066, 0.2256046
0xEEEE, 8547267, 2735, -008, 18.16007, 0.2240787
0xEEEE, 8550393, 2736, -008, 52.61223, 0.2446021
0xEEEE, 8553526, 2737, -008, 50.34293, 0.2412451
0xEEEE, 8556659, 2738, -009, 48.07282, 0.2415503
0xEEEE, 8559777, 2739, -007, 8.66945, 0.2255283
0xEEEE, 8562903, 2740, -008, 13.00095, 0.2243076
0xEEEE, 8566054, 2741, -009, 52.40432, 0.2240787
0xEEEE, 8569152, 2742, -007, 16.71355, 0.1872282
0xEEEE, 8572267, 2743, -008, 12.17495, 0.1866941
0xEEEE, 8575392, 2744, -008, 37.75538, 0.1493095
0xEEEE, 8578528, 2745, -007, 7.84183, 0.1495384
0xEEEE, 8581650, 2746, -008, 29.08996, 0.1120775
0xEEEE, 8584768, 2747, -008, 47.24440, 0.0744640
0xEEEE, 8587893, 2748, -008, 42.29238, 0.0796521
0xEEEE, 8591026, 2749, -008, 9.07802, 0.0772107
0xEEEE, 8594143, 2750, -007, 7.01421, 0.0372320
0xEEEE, 8597279, 2751, -008, 29.91355, 0.0370794
0xEEEE, 8600404, 2752, -008, 24.54974, 0.0011444
0xEEEE, 8603536, 2753, -007, 16.09143, 0.0010681
0xEEEE, 8606662, 2754, -008, 21.45604, 0.0011444
0xEEEE, 8609779, 2755, -008, 34.24667, 0.0376135
0xEEEE, 8612904, 2756, -007, 9.07883, 0.0371557
0xEEEE, 8616045, 2757, -008, 13.20484, 0.0372320
0xEEEE, 8619142, 2758, -007, 2.27172, 0.0746166
0xEEEE, 8622268, 2759, -008, 35.69238, 0.0753796
0xEEEE, 8625393, 2760, -008, 0.00322, 0.1142901
0xEEEE, 8628517, 2761, -008, 51.57832, 0.1120012
0xEEEE, 8631650, 2762, -008, 15.06396, 0.1495384
0xEEEE, 8634768, 2763, -008, 11.96945, 0.1888304
0xEEEE, 8637893, 2764, -007, 22.69788, 0.1865415
0xEEEE, 8641034, 2765, -008, 18.36557, 0.1915007
0xEEEE, 8644151, 2766, -007, 15.68447, 0.2240024
0xEEEE, 8647276, 2767, -007, 11.35216, 0.2240787
0xEEEE, 8650402, 2768, -008, 5.16315, 0.2413977
0xEEEE, 8653526, 2769, -008, 45.39172, 0.2416266
0xEEEE, 8656659, 2770, -008, 39.61451, 0.2416266
0xEEEE, 8659777, 2771, -008, 2.48044, 0.2278935
0xEEEE, 8662913, 2772, -007, 19.39626, 0.2241550
0xEEEE, 8666054, 2773, -008, 8.04974, 0.2240024
0xEEEE, 8669143, 2774, -008, 43.53260, 0.1867704
0xEEEE, 8672267, 2775, -007, 10.31824, 0.1868467
0xEEEE, 8675393, 2776, -008, 3.30322, 0.1493095
0xEEEE, 8678518, 2777, -007, 8.04813, 0.1493858
0xEEEE, 8681650, 2778, -007, 2.27092, 0.1121538
0xEEEE, 8684778, 2779, -008, 22.28205, 0.1120012
0xEEEE, 8687904, 2780, -008, 34.45297, 0.0760662
0xEEEE, 8691036, 2781, -008, 25.58205, 0.0725566
0xEEEE, 8694154, 2782, -008, 19.39223, 0.0353246
0xEEEE, 8697280, 2783, -007, 4.53861, 0.0370794
0xEEEE, 8700413, 2784, -008, 24.13714, 0.0010681
0xEEEE, 8703529, 2785, -008, 29.91355, 0.0011444
0xEEEE, 8706662, 2786, -007, 9.49062, 0.0011444
0xEEEE, 8709768, 2787, -009, 49.10029, 0.0010681
0xEEEE, 8712893, 2788, -007, 8.25363, 0.0372320
0xEEEE, 8716025, 2789, -007, 1.85832, 0.0371557
0xEEEE, 8719142, 2790, -009, 45.18220, 0.0747692
0xEEEE, 8722267, 2791, -007, 9.49223, 0.0749981
0xEEEE, 8725392, 2792, -008, 31.36088, 0.1124590
0xEEEE, 8728521, 2793, -009, 43.94520, 0.1511406
0xEEEE, 8731659, 2794, -007, 19.60256, 0.1491569
0xEEEE, 8734777, 2795, -008, 17.33326, 0.1473259
0xEEEE, 8737902, 2796, -009, 51.99253, 0.1868467
0xEEEE, 8741035, 2797, -007, 11.76396, 0.1843290
0xEEEE, 8744152, 2798, -008, 38.58381, 0.2240787
0xEEEE, 8747287, 2799, -007, 1.44974, 0.2240024
0xEEEE, 8750393, 2800, -007, 2.89385, 0.2409400
0xEEEE, 8753517, 2801, -008, 3.30645, 0.2415503
0xEEEE, 8756650, 2802, -008, 39.20190, 0.2416266
0xEEEE, 8759768, 2803, -008, 34.86960, 0.2419318
0xEEEE, 8762893, 2804, -008, 5.98674, 0.2240787
0xEEEE, 8766045, 2805, -007, 23.72857, 0.2175937
0xEEEE, 8769143, 2806, -008, 19.18916, 0.1867704
0xEEEE, 8772271, 2807, -008, 16.30095, 0.1867704
0xEEEE, 8775404, 2808, -007, 11.55524, 0.1493095
0xEEEE, 8778529, 2809, -008, 11.55524, 0.1120775
0xEEEE, 8781662, 2810, -007, 23.51985, 0.1120012
0xEEEE, 8784787, 2811, -007, 0.62051, 0.1120012
0xEEEE, 8787904, 2812, -008, 18.98044, 0.0746166
0xEEEE, 8791037, 2813, -008, 47.65619, 0.0733959
0xEEEE, 8794142, 2814, -008, 30.94505, 0.0376898
0xEEEE, 8797267, 2815, -008, 28.26315, 0.0372320
0xEEEE, 8800392, 2816, -007, 20.63004, 0.0011444
0xEEEE, 8803517, 2817, -008, 21.24894, 0.0011444
0xEEEE, 8806650, 2818, -008, 23.72535, 0.0010681
0xEEEE, 8809768, 2819, -007, 15.88593, 0.0010681
0xEEEE, 8812893, 2820, -008, 9.07883, 0.0365454
0xEEEE, 8816026, 2821, -008, 38.37348, 0.0371557
0xEEEE, 8819151, 2822, -007, 0.82762, 0.0746929
0xEEEE, 8822276, 2823, -009, 51.99011, 0.0748455
0xEEEE, 8825401, 2824, -007, 2.06623, 0.1129168
0xEEEE, 8828527, 2825, -008, 38.37509, 0.1155871
0xEEEE, 8831669, 2826, -008, 14.03245, 0.1493858
0xEEEE, 8834777, 2827, -007, 12.79465, 0.1481651
0xEEEE, 8837901, 2828, -008, 15.06476, 0.1867704
0xEEEE, 8841026, 2829, -008, 28.47429, 0.1839475
0xEEEE, 8844151, 2830, -007, 11.55846, 0.2241550
0xEEEE, 8847268, 2831, -008, 21.46088, 0.2398718
0xEEEE, 8850392, 2832, -008, 18.57267, 0.2413214
0xEEEE, 8853517, 2833, -008, 36.93341, 0.2414740
0xEEEE, 8856650, 2834, -008, 8.25685, 0.2414740
0xEEEE, 8859768, 2835, -007, 11.97026, 0.2416266
0xEEEE, 8862904, 2836, -008, 28.88608, 0.2242313
0xEEEE, 8866056, 2837, -008, 37.55070, 0.2218662
0xEEEE, 8869157, 2838, -007, 12.58755, 0.1868467
0xEEEE, 8872279, 2839, -009, 49.92791, 0.1499962
0xEEEE, 8875404, 2840, -008, 33.21678, 0.1494621
0xEEEE, 8878529, 2841, -007, 11.14264, 0.1493095
0xEEEE, 8881661, 2842, -008, 12.99853, 0.1120012
0xEEEE, 8884768, 2843, -007, 3.09612, 0.1120012
0xEEEE, 8887893, 2844, -008, 47.86249, 0.0746166
0xEEEE, 8891036, 2845, -009, 42.70498, 0.0746929
0xEEEE, 8894142, 2846, -007, 23.93084, 0.0358587
0xEEEE, 8897267, 2847, -008, 33.42066, 0.0010681
0xEEEE, 8900393, 2848, -008, 9.90242, 0.0011444
0xEEEE, 8903517, 2849, -007, 22.69304, 0.0011444
0xEEEE, 8906657, 2850, -008, 33.00886, 0.0011444
0xEEEE, 8909777, 2851, -008, 15.88593, 0.0010681
0xEEEE, 8912902, 2852, -007, 5.77802, 0.0369268
0xEEEE, 8916043, 2853, -008, 24.34505, 0.0372320
0xEEEE, 8919151, 2854, -008, 50.75231, 0.0746166
0xEEEE, 8922277, 2855, -008, 34.66088, 0.1120012
0xEEEE, 8925401, 2856, -008, 22.07736, 0.1123827
0xEEEE, 8928534, 2857, -007, 25.79077, 0.1100175
0xEEEE, 8931651, 2858, -008, 31.15538, 0.1495384
0xEEEE, 8934768, 2859, -008, 26.61678, 0.1493095
0xEEEE, 8937894, 2860, -007, 13.00176, 0.1867704
0xEEEE, 8941026, 2861, -008, 23.72938, 0.1878386
0xEEEE, 8944142, 2862, -009, 50.13663, 0.2241550
0xEEEE, 8947267, 2863, -007, 1.24344, 0.2423896
0xEEEE, 8950399, 2864, -008, 9.08286, 0.2417792
0xEEEE, 8953529, 2865, -007, 5.36945, 0.2415503
0xEEEE, 8956661, 2866, -008, 29.09319, 0.2414740
0xEEEE, 8959780, 2867, -008, 5.57495, 0.2415503
0xEEEE, 8962905, 2868, -007, 34.66249, 0.2284276
0xEEEE, 8966056, 2869, -008, 8.66864, 0.2243076
0xEEEE, 8969155, 2870, -007, 3.92293, 0.1867704
0xEEEE, 8972267, 2871, -007, 10.93714, 0.1485466
0xEEEE, 8975403, 2872, -008, 16.30015, 0.1493095
0xEEEE, 8978517, 2873, -008, 52.19641, 0.1495384
0xEEEE, 8981650, 2874, -007, 6.39692, 0.1122301
0xEEEE, 8984768, 2875, -009, 51.16410, 0.1120012
0xEEEE, 8987893, 2876, -008, 35.89707, 0.0746929
0xEEEE, 8991025, 2877, -008, 22.48755, 0.0751507
0xEEEE, 8994144, 2878, -008, 32.59546, 0.0368505
0xEEEE, 8997276, 2879, -007, 25.16864, 0.0374609
0xEEEE, 9000402, 2880, -008, 19.39223, 0.0011444
0xEEEE, 9003527, 2881, -008, 21.45524, 0.0012970
0xEEEE, 9006659, 2882, -007, 7.42762, 0.0011444
0xEEEE, 9009777, 2883, -008, 14.02923, 0.0010681
0xEEEE, 9012911, 2884, -008, 39.40498, 0.0373846
0xEEEE, 9016034, 2885, -008, 50.33890, 0.0746929
0xEEEE, 9019142, 2886, -008, 37.75538, 0.0744640
0xEEEE, 9022268, 2887, -007, 9.28593, 0.0746166
0xEEEE, 9025392, 2888, -008, 38.16879, 0.1117723
0xEEEE, 9028517, 2889, -008, 14.03165, 0.1118486
0xEEEE, 9031650, 2890, -007, 23.52227, 0.1499199
0xEEEE, 9034768, 2891, -008, 21.04667, 0.1492332
0xEEEE, 9037895, 2892, -008, 28.26799, 0.1877623
0xEEEE, 9041037, 2893, -007, 12.79546, 0.2240787
0xEEEE, 9044154, 2894, -008, 6.60725, 0.2241550
0xEEEE, 9047279, 2895, -007, 16.50967, 0.2239261
0xEEEE, 9050404, 2896, -008, 49.10513, 0.2415503
0xEEEE, 9053529, 2897, -008, 29.71289, 0.2376593
0xEEEE, 9056662, 2898, -008, 40.23341, 0.2417029
0xEEEE, 9059790, 2899, -008, 39.61451, 0.2416266
0xEEEE, 9062894, 2900, -008, 40.23260, 0.2254520
0xEEEE, 9066057, 2901, -007, 21.87187, 0.1868467
0xEEEE, 9069143, 2902, -008, 5.77963, 0.1867704
0xEEEE, 9072267, 2903, -008, 28.26637, 0.1868467
0xEEEE, 9075392, 2904, -007, 6.39773, 0.1493858
0xEEEE, 9078517, 2905, -008, 11.76154, 0.1495384
0xEEEE, 9081650, 2906, -007, 0.62051, 0.1123064
0xEEEE, 9084777, 2907, -008, 52.40190, 0.1120012
0xEEEE, 9087902, 2908, -008, 1.03231, 0.0745403
0xEEEE, 9091034, 2909, -008, 28.26396, 0.0372320
0xEEEE, 9094152, 2910, -008, 23.31194, 0.0370794
0xEEEE, 9097285, 2911, -008, 50.95619, 0.0370031
0xEEEE, 9100401, 2912, -007, 15.47253, 0.0010681
0xEEEE, 9103526, 2913, -008, 16.29773, 0.0010681
0xEEEE, 9106650, 2914, -008, 27.02615, 0.0010681
0xEEEE, 9109768, 2915, -007, 12.17253, 0.0010681
0xEEEE, 9112893, 2916, -008, 11.34813, 0.0370031
0xEEEE, 9116025, 2917, -008, 48.27590, 0.0746166
0xEEEE, 9119142, 2918, -007, 0.41502, 0.0708782
0xEEEE, 9122267, 2919, -009, 41.67509, 0.0759899
0xEEEE, 9125393, 2920, -007, 2.47883, 0.1120012
0xEEEE, 9128526, 2921, -008, 49.51531, 0.1121538
0xEEEE, 9131661, 2922, -008, 19.60256, 0.1509117
0xEEEE, 9134779, 2923, -007, 26.20418, 0.1495384
0xEEEE, 9137905, 2924, -008, 17.74667, 0.1873808
0xEEEE, 9141037, 2925, -008, 10.93875, 0.1867704
0xEEEE, 9144165, 2926, -007, 11.97106, 0.2208743
0xEEEE, 9147279, 2927, -008, 15.27187, 0.2240024
0xEEEE, 9150392, 2928, -007, 25.38059, 0.2415503
0xEEEE, 9153517, 2929, -008, 46.42322, 0.2422370
0xEEEE, 9156659, 2930, -008, 5.57495, 0.2416266
0xEEEE, 9159768, 2931, -008, 43.12161, 0.2274357
0xEEEE, 9162893, 2932, -008, 39.40740, 0.2235447
0xEEEE, 9166044, 2933, -008, 25.99788, 0.2242313
0xEEEE, 9169143, 2934, -007, 28.47267, 0.1863127
0xEEEE, 9172272, 2935, -008, 18.36396, 0.1868467
0xEEEE, 9175401, 2936, -008, 5.98513, 0.1493095
0xEEEE, 9178526, 2937, -007, 10.93634, 0.1493858
0xEEEE, 9181666, 2938, -008, 16.09304, 0.1121538
0xEEEE, 9184778, 2939, -008, 29.50256, 0.0744640
0xEEEE, 9187903, 2940, -008, 43.53018, 0.0747692
0xEEEE, 9191034, 2941, -008, 15.67963, 0.0744640
0xEEEE, 9194142, 2942, -007, 18.77333, 0.0371557
0xEEEE, 9197267, 2943, -008, 29.91355, 0.0371557
0xEEEE, 9200392, 2944, -008, 35.68996, 0.0011444
0xEEEE, 9203517, 2945, -007, 19.80484, 0.0011444
0xEEEE, 9206651, 2946, -008, 9.07802, 0.0010681
0xEEEE, 9209768, 2947, -008, 16.91744, 0.0354772
0xEEEE, 9212893, 2948, -007, 14.23634, 0.0370031
0xEEEE, 9216031, 2949, -008, 30.74037, 0.0371557
0xEEEE, 9219154, 2950, -008, 28.88447, 0.0737011
0xEEEE, 9222279, 2951, -008, 31.97897, 0.0739300
0xEEEE, 9225404, 2952, -008, 42.91370, 0.1143664
0xEEEE, 9228538, 2953, -007, 9.08044, 0.1120775
0xEEEE, 9231662, 2954, -008, 17.74586, 0.1493095
0xEEEE, 9234780, 2955, -008, 9.08125, 0.1914244
0xEEEE, 9237893, 2956, -008, 51.16733, 0.1864652
0xEEEE, 9241045, 2957, -009, 51.37363, 0.1866941
0xEEEE, 9244142, 2958, -007, 4.75055, 0.2240024
0xEEEE, 9247267, 2959, -007, 10.11436, 0.2240787
0xEEEE, 9250393, 2960, -008, 19.39788, 0.2425422
0xEEEE, 9253517, 2961, -008, 51.37443, 0.2420844
0xEEEE, 9256650, 2962, -008, 39.20190, 0.2415503
0xEEEE, 9259768, 2963, -009, 38.17040, 0.2227054
0xEEEE, 9262902, 2964, -008, 45.18381, 0.2239261
0xEEEE, 9266053, 2965, -008, 32.59949, 0.2240024
0xEEEE, 9269152, 2966, -008, 5.16073, 0.1866941
0xEEEE, 9272277, 2967, -007, 23.31516, 0.1868467
0xEEEE, 9275402, 2968, -009, 45.18220, 0.1495384
0xEEEE, 9278526, 2969, -008, 48.27670, 0.1493858
0xEEEE, 9281659, 2970, -007, 14.85524, 0.1120012
0xEEEE, 9284768, 2971, -008, 27.23326, 0.0752270
0xEEEE, 9287904, 2972, -008, 51.78220, 0.0761425
0xEEEE, 9291025, 2973, -008, 44.56168, 0.0759136
0xEEEE, 9294143, 2974, -008, 38.78447, 0.0389868
0xEEEE, 9297267, 2975, -007, 12.17172, 0.0371557
0xEEEE, 9300392, 2976, -008, 27.23165, 0.0011444
0xEEEE, 9303517, 2977, -008, 46.41758, 0.0011444
0xEEEE, 9306661, 2978, -007, 7.84022, 0.0010681
0xEEEE, 9309780, 2979, -008, 1.23861, 0.0010681
0xEEEE, 9312911, 2980, -008, 11.34813, 0.0371557
0xEEEE, 9316037, 2981, -007, 7.63473, 0.0371557
0xEEEE, 9319154, 2982, -008, 15.26864, 0.0746166
0xEEEE, 9322279, 2983, -007, 4.54103, 0.0739300
0xEEEE, 9325413, 2984, -008, 34.66168, 0.1135271
0xEEEE, 9328517, 2985, -008, 25.99707, 0.1428244
0xEEEE, 9331650, 2986, -007, 13.20725, 0.1493858
0xEEEE, 9334768, 2987, -008, 33.21839, 0.1503777
0xEEEE, 9337893, 2988, -008, 33.01289, 0.1867704
0xEEEE, 9341025, 2989, -007, 15.27106, 0.1847868
0xEEEE, 9344142, 2990, -008, 11.35216, 0.2241550
0xEEEE, 9347267, 2991, -008, 17.95377, 0.2240787
0xEEEE, 9350400, 2992, -007, 7.01985, 0.2410163
0xEEEE, 9353527, 2993, -008, 16.09707, 0.2415503
0xEEEE, 9356659, 2994, -008, 23.11048, 0.2416266
0xEEEE, 9359777, 2995, -008, 43.94681, 0.2419318
0xEEEE, 9362902, 2996, -008, 2.89223, 0.2241550
0xEEEE, 9366054, 2997, -007, 10.31905, 0.2226291
0xEEEE, 9369152, 2998, -008, 13.20645, 0.1867704
0xEEEE, 9372287, 2999, -008, 8.46154, 0.1868467
0xEEEE, 9375393, 3000, -007, 14.85604, 0.1493858
0xEEEE, 9378517, 3001, -008, 3.92212, 0.1122301
0xEEEE, 9381650, 3002, -008, 50.33890, 0.1120012
0xEEEE, 9384768, 3003, -007, 7.84103, 0.1120012
0xEEEE, 9387893, 3004, -008, 3.30161, 0.0736248
0xEEEE, 9391025, 3005, -008, 51.98850, 0.0727855
0xEEEE, 9394150, 3006, -008, 45.17978, 0.0361639
0xEEEE, 9397279, 3007, -008, 6.18901, 0.0372320
0xEEEE, 9400404, 3008, -007, 17.12293, 0.0011444
0xEEEE, 9403529, 3009, -008, 24.34344, 0.0010681
0xEEEE, 9406662, 3010, -008, 35.48447, 0.0011444
0xEEEE, 9409787, 3011, -007, 8.04652, 0.0010681
0xEEEE, 9412905, 3012, -008, 32.18447, 0.0375372
0xEEEE, 9416037, 3013, -007, 1.85832, 0.0371557
0xEEEE, 9419142, 3014, -007, 9.90484, 0.0745403
0xEEEE, 9422267, 3015, -008, 1.85912, 0.0743877
0xEEEE, 9425392, 3016, -008, 50.95941, 0.1113146
0xEEEE, 9428517, 3017, -008, 42.70740, 0.1508354
0xEEEE, 9431650, 3018, -008, 2.68593, 0.1493095
0xEEEE, 9434768, 3019, -007, 24.55377, 0.1497673
0xEEEE, 9437896, 3020, -008, 4.95604, 0.1866941
0xEEEE, 9441034, 3021, -008, 19.60337, 0.1866178
0xEEEE, 9444151, 3022, -007, 15.68447, 0.2240787
0xEEEE, 9447277, 3023, -008, 11.55846, 0.2240787
0xEEEE, 9450402, 3024, -007, 20.84198, 0.2415503
0xEEEE, 9453527, 3025, -007, 4.95685, 0.2416266
0xEEEE, 9456669, 3026, -008, 0.41744, 0.2384985
0xEEEE, 9459767, 3027, -007, 11.76396, 0.2415503
0xEEEE, 9462893, 3028, -008, 36.51919, 0.2240787
0xEEEE, 9466045, 3029, -008, 12.79465, 0.2242313
0xEEEE, 9469143, 3030, -007, 8.87414, 0.1868467
0xEEEE, 9472267, 3031, -008, 20.63326, 0.1491569
0xEEEE, 9475392, 3032, -008, 37.13648, 0.1494621
0xEEEE, 9478517, 3033, -007, 13.41194, 0.1494621
0xEEEE, 9481652, 3034, -008, 8.66623, 0.1120775
0xEEEE, 9484779, 3035, -008, 43.73729, 0.1120775
0xEEEE, 9487905, 3036, -008, 51.16330, 0.0746166
0xEEEE, 9491037, 3037, -009, 50.95700, 0.0737774
0xEEEE, 9494162, 3038, -008, 43.11678, 0.0372320
0xEEEE, 9497279, 3039, -008, 51.57509, 0.0011444
0xEEEE, 9500405, 3040, -008, 28.67575, 0.0010681
0xEEEE, 9503517, 3041, -007, 21.24894, 0.0011444
0xEEEE, 9506651, 3042, -008, 29.50176, 0.0011444
0xEEEE, 9509768, 3043, -008, 29.91436, 0.0011444
0xEEEE, 9512893, 3044, -008, 50.75150, 0.0373083
0xEEEE, 9516025, 3045, -008, 28.67736, 0.0372320
0xEEEE, 9519142, 3046, -008, 18.77575, 0.0746166
0xEEEE, 9522267, 3047, -008, 42.29399, 0.1120012
0xEEEE, 9525392, 3048, -009, 44.97670, 0.1117723
0xEEEE, 9528526, 3049, -007, 4.95443, 0.1110094
0xEEEE, 9531659, 3050, -008, 40.64520, 0.1493858
0xEEEE, 9534777, 3051, -008, 9.49385, 0.1492332
0xEEEE, 9537902, 3052, -007, 20.84117, 0.1867704
0xEEEE, 9541043, 3053, -008, 24.14198, 0.1862364
0xEEEE, 9544151, 3054, -008, 50.54923, 0.2241550
0xEEEE, 9547276, 3055, -007, 1.65604, 0.2411688
0xEEEE, 9550393, 3056, -008, 7.43245, 0.2414740
0xEEEE, 9553526, 3057, -008, 52.40593, 0.2415503
0xEEEE, 9556650, 3058, -007, 5.16234, 0.2419318
0xEEEE, 9559768, 3059, -008, 25.79238, 0.2415503
0xEEEE, 9562893, 3060, -007, 30.12388, 0.2290379
0xEEEE, 9566044, 3061, -008, 44.56491, 0.2238499
0xEEEE, 9569143, 3062, -008, 27.85377, 0.1868467
0xEEEE, 9572279, 3063, -007, 1.85993, 0.1493858
0xEEEE, 9575404, 3064, -008, 5.77883, 0.1494621
0xEEEE, 9578530, 3065, -008, 26.61516, 0.1493858
0xEEEE, 9581662, 3066, -007, 21.45685, 0.1117723
0xEEEE, 9584780, 3067, -008, 2.88982, 0.1120775
0xEEEE, 9587905, 3068, -008, 31.77106, 0.0746166
0xEEEE, 9591037, 3069, -007, 9.28432, 0.0742351
0xEEEE, 9594142, 3070, -008, 10.31502, 0.0374609
0xEEEE, 9597267, 3071, -007, 4.33231, 0.0009918
0xEEEE, 9600392, 3072, -008, 38.99077, 0.0011444
0xEEEE, 9603518, 3073, -009, 51.16249, 0.0013733
0xEEEE, 9606651, 3074, -007, 20.21824, 0.0011444
0xEEEE, 9609768, 3075, -008, 30.12066, 0.0011444
0xEEEE, 9612893, 3076, -007, 13.41114, 0.0372320
0xEEEE, 9616031, 3077, -007, 18.77495, 0.0371557
0xEEEE, 9619151, 3078, -008, 26.82147, 0.0746929
0xEEEE, 9622276, 3079, -008, 33.62938, 0.0746166
0xEEEE, 9625412, 3080, -008, 48.89641, 0.1123064
0xEEEE, 9628526, 3081, -008, 18.98286, 0.1113909
0xEEEE, 9631660, 3082, -007, 3.51114, 0.1441215
0xEEEE, 9634777, 3083, -008, 31.56799, 0.1492332
0xEEEE, 9637910, 3084, -008, 16.92147, 0.1905852
0xEEEE, 9641025, 3085, -007, 7.63795, 0.2240787
0xEEEE, 9644142, 3086, -008, 34.04520, 0.2240787
0xEEEE, 9647267, 3087, -008, 15.68447, 0.2242313
0xEEEE, 9650392, 3088, -007, 21.04828, 0.2416266
0xEEEE, 9653517, 3089, -008, 27.64989, 0.2365911
0xEEEE, 9656650, 3090, -008, 29.71209, 0.2417029
0xEEEE, 9659774, 3091, -008, 51.16733, 0.2415503
0xEEEE, 9662905, 3092, -008, 14.23875, 0.2259861
0xEEEE, 9666056, 3093, -008, 39.82000, 0.1867704
0xEEEE, 9669154, 3094, -008, 30.74198, 0.1868467
0xEEEE, 9672279, 3095, -009, 36.51839, 0.1868467
0xEEEE, 9675404, 3096, -008, 50.54601, 0.1495384
0xEEEE, 9678529, 3097, -008, 11.96784, 0.1494621
0xEEEE, 9681662, 3098, -008, 15.47414, 0.1120012
0xEEEE, 9684779, 3099, -007, 0.41421, 0.1121538
0xEEEE, 9687894, 3100, -008, 7.22132, 0.0746166
0xEEEE, 9691025, 3101, -008, 42.91128, 0.0371557
0xEEEE, 9694142, 3102, -007, 4.12601, 0.0370031
0xEEEE, 9697267, 3103, -009, 44.76718, 0.0370794
0xEEEE, 9700392, 3104, -008, 49.09949, 0.0011444
0xEEEE, 9703517, 3105, -008, 40.43487, 0.0010681
0xEEEE, 9706659, 3106, -009, 24.55055, 0.0014496
0xEEEE, 9709777, 3107, -007, 18.15524, 0.0011444
0xEEEE, 9712902, 3108, -008, 29.08996, 0.0372320
0xEEEE, 9716036, 3109, -008, 37.75458, 0.0746166
0xEEEE, 9719151, 3110, -007, 17.53795, 0.0728618
0xEEEE, 9722285, 3111, -009, 44.35700, 0.0776684
0xEEEE, 9725392, 3112, -008, 38.37509, 0.1119249
0xEEEE, 9728517, 3113, -007, 11.14344, 0.1120012
0xEEEE, 9731650, 3114, -008, 35.90029, 0.1506065
0xEEEE, 9734768, 3115, -007, 13.20725, 0.1494621
0xEEEE, 9737893, 3116, -008, 34.04440, 0.1876860
0xEEEE, 9741025, 3117, -009, 40.23341, 0.2240787
0xEEEE, 9744142, 3118, -007, 9.28916, 0.2245365
0xEEEE, 9747269, 3119, -008, 45.80432, 0.2241550
0xEEEE, 9750404, 3120, -008, 34.04520, 0.2416266
0xEEEE, 9753529, 3121, -007, 16.92227, 0.2424659
0xEEEE, 9756661, 3122, -008, 22.69788, 0.2415503
0xEEEE, 9759780, 3123, -007, 0.21114, 0.2417029
0xEEEE, 9762904, 3124, -007, 2.47963, 0.2246891
0xEEEE, 9766056, 3125, -008, 1.44813, 0.2240787
0xEEEE, 9769165, 3126, -007, 9.28674, 0.1892119
0xEEEE, 9772267, 3127, -008, 32.18608, 0.1869230
0xEEEE, 9775392, 3128, -008, 23.72696, 0.1493095
0xEEEE, 9778517, 3129, -007, 16.09385, 0.1494621
0xEEEE, 9781650, 3130, -008, 32.18447, 0.1119249
0xEEEE, 9784768, 3131, -008, 36.31048, 0.0745403
0xEEEE, 9787893, 3132, -007, 23.51905, 0.0788891
0xEEEE, 9791025, 3133, -008, 39.19788, 0.0746166
0xEEEE, 9794151, 3134, -008, 23.51824, 0.0371557
0xEEEE, 9797276, 3135, -007, 6.39531, 0.0370031
0xEEEE, 9800402, 3136, -008, 1.65040, 0.0011444
0xEEEE, 9803527, 3137, -007, 7.42681, 0.0011444
0xEEEE, 9806667, 3138, -008, 46.00579, 0.0010681
0xEEEE, 9809777, 3139, -009, 45.79949, 0.0402075
0xEEEE, 9812903, 3140, -007, 14.85524, 0.0370794
0xEEEE, 9816026, 3141, -008, 21.25055, 0.0371557
0xEEEE, 9819142, 3142, -008, 41.46879, 0.0741588
0xEEEE, 9822267, 3143, -007, 16.50645, 0.0738537
0xEEEE, 9825392, 3144, -008, 20.83956, 0.1098650
0xEEEE, 9828518, 3145, -007, 10.73084, 0.1120012
0xEEEE, 9831651, 3146, -007, 11.14425, 0.1490806
0xEEEE, 9834768, 3147, -008, 18.36476, 0.1911955
0xEEEE, 9837902, 3148, -008, 47.24762, 0.1867704
0xEEEE, 9841037, 3149, -008, 41.05861, 0.1868467
0xEEEE, 9844154, 3150, -008, 37.13971, 0.2245365
0xEEEE, 9847279, 3151, -008, 41.67832, 0.2241550
0xEEEE, 9850404, 3152, -008, 15.68447, 0.2407874
0xEEEE, 9853540, 3153, -008, 34.87040, 0.2413214
0xEEEE, 9856661, 3154, -007, 8.66945, 0.2414740
0xEEEE, 9859768, 3155, -008, 10.31985, 0.2239261
0xEEEE, 9862893, 3156, -008, 25.99788, 0.2240024
0xEEEE, 9866064, 3157, -007, 3.30484, 0.2242313
0xEEEE, 9869143, 3158, -008, 12.58755, 0.1867704
0xEEEE, 9872267, 3159, -007, 4.54183, 0.1867704
0xEEEE, 9875393, 3160, -008, 47.03890, 0.1494621
0xEEEE, 9878517, 3161, -008, 2.68432, 0.1494621
0xEEEE, 9881654, 3162, -007, 20.21905, 0.1120012
0xEEEE, 9884777, 3163, -008, 17.94974, 0.0746166
0xEEEE, 9887902, 3164, -008, 8.66542, 0.0768292
0xEEEE, 9891040, 3165, -007, 17.12374, 0.0718700
0xEEEE, 9894152, 3166, -009, 45.79868, 0.0357824
0xEEEE, 9897277, 3167, -008, 32.59546, 0.0370794
0xEEEE, 9900401, 3168, -008, 45.59238, 0.0011444
0xEEEE, 9903517, 3169, -008, 31.97656, 0.0011444
0xEEEE, 9906650, 3170, -007, 26.40725, 0.0011444
0xEEEE, 9909768, 3171, -008, 42.29238, 0.0357824
0xEEEE, 9912893, 3172, -008, 19.60015, 0.0371557
0xEEEE, 9916025, 3173, -007, 13.20484, 0.0371557
0xEEEE, 9919142, 3174, -008, 34.86718, 0.0746166
0xEEEE, 9922267, 3175, -008, 21.25136, 0.0742351
0xEEEE, 9925396, 3176, -007, 17.74505, 0.1110094
0xEEEE, 9928529, 3177, -008, 31.77348, 0.1120012
0xEEEE, 9931661, 3178, -008, 29.91758, 0.1496147
0xEEEE, 9934780, 3179, -007, 1.24183, 0.1496910
0xEEEE, 9937914, 3180, -007, 11.55766, 0.1867704
0xEEEE, 9941037, 3181, -008, 48.07282, 0.1892882
0xEEEE, 9944154, 3182, -008, 28.88769, 0.2240024
0xEEEE, 9947267, 3183, -008, 14.03407, 0.2241550
0xEEEE, 9950401, 3184, -007, 12.38366, 0.2420081
0xEEEE, 9953517, 3185, -008, 5.36945, 0.2415503
0xEEEE, 9956650, 3186, -008, 48.69172, 0.2414740
0xEEEE, 9959768, 3187, -007, 7.84425, 0.2414740
0xEEEE, 9962893, 3188, -008, 15.47656, 0.2240787
0xEEEE, 9966045, 3189, -008, 45.80271, 0.2236210
0xEEEE, 9969143, 3190, -008, 41.46960, 0.1867704
0xEEEE, 9972276, 3191, -008, 40.64440, 0.1915007
0xEEEE, 9975401, 3192, -008, 33.42308, 0.1494621
0xEEEE, 9978526, 3193, -008, 42.29399, 0.1120775
0xEEEE, 9981659, 3194, -008, 27.43956, 0.1120012
0xEEEE, 9984777, 3195, -007, 11.14183, 0.1120775
0xEEEE, 9987902, 3196, -008, 8.25282, 0.0748455
0xEEEE, 9991034, 3197, -007, 2.88901, 0.0739300
0xEEEE, 9994142, 3198, -007, 6.80791, 0.0377661
0xEEEE, 9997279, 3199, -008, 12.58432, 0.0370794
0xEEEE, 10000393, 3200, -008, 35.89626, 0.0012970
0xEEEE, 10003517, 3201, -008, 38.37187, 0.0011444
0xEEEE, 10006650, 3202, -008, 6.60242, 0.0010681
0xEEEE, 10009768, 3203, -007, 11.75993, 0.0011444
0xEEEE, 10012893, 3204, -008, 16.91824, 0.0370794
0xEEEE, 10016037, 3205, -008, 30.53407, 0.0370794
0xEEEE, 10019154, 3206, -007, 22.28286, 0.0746929
0xEEEE, 10022284, 3207, -008, 19.18835, 0.0746166
0xEEEE, 10025404, 3208, -008, 44.77040, 0.1122301
0xEEEE, 10028529, 3209, -007, 9.90564, 0.1490043
0xEEEE, 10031662, 3210, -008, 13.61985, 0.1494621
0xEEEE, 10034788, 3211, -008, 42.91451, 0.1498436
0xEEEE, 10037893, 3212, -008, 29.09319, 0.1868467
0xEEEE, 10041026, 3213, -008, 3.92454, 0.1862364
0xEEEE, 10044142, 3214, -007, 17.74747, 0.2240787
0xEEEE, 10047267, 3215, -008, 9.49546, 0.2185092
0xEEEE, 10050392, 3216, -008, 33.83890, 0.2416266
0xEEEE, 10053517, 3217, -007, 8.05136, 0.2415503
0xEEEE, 10056651, 3218, -008, 5.36864, 0.2408637
0xEEEE, 10059774, 3219, -008, 32.60029, 0.2414740
0xEEEE, 10062902, 3220, -007, 14.03245, 0.2264439
0xEEEE, 10066053, 3221, -008, 2.27333, 0.2236973
0xEEEE, 10069152, 3222, -007, 3.51033, 0.1867704
0xEEEE, 10072277, 3223, -008, 43.12000, 0.1852445
0xEEEE, 10075402, 3224, -008, 39.19949, 0.1493858
0xEEEE, 10078527, 3225, -007, 30.94747, 0.1277943
0xEEEE, 10081671, 3226, -008, 30.94667, 0.1139849
0xEEEE, 10084768, 3227, -008, 17.12454, 0.1120775
0xEEEE, 10087893, 3228, -007, 7.42762, 0.0746166
0xEEEE, 10091025, 3229, -008, 3.71421, 0.0751507
0xEEEE, 10094142, 3230, -008, 14.02842, 0.0368505
0xEEEE, 10097267, 3231, -008, 49.92469, 0.0370794
0xEEEE, 10100392, 3232, -008, 15.88513, 0.0010681
0xEEEE, 10103523, 3233, -008, 44.14828, 0.0011444
0xEEEE, 10106661, 3234, -008, 39.81678, 0.0010681
0xEEEE, 10109780, 3235, -008, 5.98352, 0.0011444
0xEEEE, 10112905, 3236, -007, 3.71502, 0.0373846
0xEEEE, 10116037, 3237, -008, 27.23326, 0.0419623
0xEEEE, 10119161, 3238, -008, 38.37429, 0.0777447
0xEEEE, 10122279, 3239, -007, 10.31744, 0.1052873
0xEEEE, 10125393, 3240, -008, 31.56718, 0.1121538
0xEEEE, 10128517, 3241, -008, 29.71048, 0.1116960
0xEEEE, 10131650, 3242, -007, 5.98674, 0.1493858
0xEEEE, 10134768, 3243, -008, 34.86879, 0.1496910
0xEEEE, 10137893, 3244, -007, 10.93875, 0.1877623
0xEEEE, 10141025, 3245, -008, 40.23341, 0.1868467
0xEEEE, 10144142, 3246, -008, 30.53810, 0.2240787
0xEEEE, 10147269, 3247, -007, 11.35216, 0.2416266
0xEEEE, 10150401, 3248, -008, 16.92227, 0.2415503
0xEEEE, 10153526, 3249, -008, 25.58689, 0.2397955
0xEEEE, 10156659, 3250, -007, 10.11355, 0.2421607
0xEEEE, 10159777, 3251, -008, 25.99868, 0.2416266
0xEEEE, 10162902, 3252, -008, 32.59949, 0.2264439
0xEEEE, 10166064, 3253, -008, 49.92872, 0.2240787
0xEEEE, 10169143, 3254, -009, 49.72161, 0.1867704
0xEEEE, 10172267, 3255, -008, 52.40352, 0.1495384
0xEEEE, 10175392, 3256, -008, 32.80418, 0.1494621
0xEEEE, 10178517, 3257, -008, 23.93326, 0.1494621
0xEEEE, 10181650, 3258, -007, 25.17026, 0.1120012
0xEEEE, 10184768, 3259, -008, 17.12454, 0.1120012
0xEEEE, 10187893, 3260, -008, 17.33004, 0.0745403
0xEEEE, 10191027, 3261, -007, 23.51905, 0.0744640
0xEEEE, 10194154, 3262, -008, 7.22051, 0.0371557
0xEEEE, 10197279, 3263, -008, 39.60967, 0.0011444
0xEEEE, 10200404, 3264, -007, 2.06300, 0.0011444
0xEEEE, 10203536, 3265, -008, 6.39531, 0.0010681
0xEEEE, 10206662, 3266, -008, 43.53018, 0.0011444
0xEEEE, 10209779, 3267, -008, 34.45297, 0.0010681
0xEEEE, 10212904, 3268, -008, 9.07883, 0.0370794
0xEEEE, 10216026, 3269, -007, 30.74037, 0.0395972
0xEEEE, 10219142, 3270, -008, 36.93018, 0.0733196
0xEEEE, 10222268, 3271, -008, 37.96168, 0.1097887
0xEEEE, 10225392, 3272, -007, 13.00015, 0.1120775
0xEEEE, 10228517, 3273, -008, 16.50725, 0.1116197
0xEEEE, 10231650, 3274, -008, 40.85150, 0.1505303
0xEEEE, 10234768, 3275, -007, 3.09853, 0.1493858
0xEEEE, 10237902, 3276, -009, 38.17040, 0.1863127
0xEEEE, 10241034, 3277, -008, 38.37670, 0.1869230
0xEEEE, 10244151, 3278, -008, 42.91612, 0.2218662
0xEEEE, 10247277, 3279, -008, 15.68447, 0.2241550
0xEEEE, 10250413, 3280, -008, 41.47201, 0.2415503
0xEEEE, 10253527, 3281, -008, 1.44974, 0.2421607
0xEEEE, 10256659, 3282, -008, 14.23956, 0.2415503
0xEEEE, 10259768, 3283, -007, 11.35136, 0.2414740
0xEEEE, 10262902, 3284, -008, 48.89722, 0.2239261
0xEEEE, 10266044, 3285, -008, 34.24989, 0.1867704
0xEEEE, 10269143, 3286, -008, 50.13421, 0.1837949
0xEEEE, 10272267, 3287, -009, 52.19722, 0.1867704
0xEEEE, 10275393, 3288, -007, 3.09692, 0.1454948
0xEEEE, 10278517, 3289, -008, 25.17106, 0.1494621
0xEEEE, 10281658, 3290, -008, 41.46799, 0.1120012
0xEEEE, 10284779, 3291, -007, 22.48835, 0.1165789
0xEEEE, 10287905, 3292, -008, 6.80872, 0.0762188
0xEEEE, 10291037, 3293, -008, 44.76799, 0.0370794
0xEEEE, 10294154, 3294, -007, 11.55282, 0.0371557
0xEEEE, 10297279, 3295, -009, 52.40029, 0.0372320
0xEEEE, 10300404, 3296, -008, 37.34037, 0.0010681
0xEEEE, 10303517, 3297, -008, 51.16249, 0.0010681
0xEEEE, 10306651, 3298, -009, 51.57590, 0.0010681
0xEEEE, 10309768, 3299, -008, 38.57897, 0.0010681
0xEEEE, 10312894, 3300, -008, 36.51678, 0.0370794
0xEEEE, 10316025, 3301, -008, 15.88674, 0.0746929
0xEEEE, 10319142, 3302, -007, 2.68432, 0.0754559
0xEEEE, 10322267, 3303, -009, 43.53179, 0.0749981
0xEEEE, 10325397, 3304, -008, 49.10271, 0.1120775
0xEEEE, 10328526, 3305, -007, 3.71663, 0.1120775
0xEEEE, 10331659, 3306, -008, 1.86073, 0.1489281
0xEEEE, 10334787, 3307, -007, 18.15846, 0.1493858
0xEEEE, 10337903, 3308, -008, 50.75473, 0.1869230
0xEEEE, 10341036, 3309, -008, 2.48044, 0.2240787
0xEEEE, 10344151, 3310, -008, 50.13663, 0.2230106
0xEEEE, 10347284, 3311, -008, 46.62952, 0.2241550
0xEEEE, 10350392, 3312, -008, 18.57267, 0.2409400
0xEEEE, 10353517, 3313, -007, 16.30337, 0.2413214
0xEEEE, 10356650, 3314, -008, 6.60645, 0.2415503
0xEEEE, 10359768, 3315, -008, 25.17348, 0.2415503
0xEEEE, 10362893, 3316, -007, 7.43084, 0.2240024
0xEEEE, 10366045, 3317, -008, 23.52227, 0.1869230
0xEEEE, 10369148, 3318, -007, 7.84264, 0.1860075
0xEEEE, 10372279, 3319, -008, 47.65861, 0.1867704
0xEEEE, 10375404, 3320, -008, 8.25443, 0.1494621
0xEEEE, 10378529, 3321, -007, 1.65282, 0.1494621
0xEEEE, 10381662, 3322, -008, 44.76879, 0.1120775
0xEEEE, 10384780, 3323, -008, 23.93245, 0.1109331
0xEEEE, 10387904, 3324, -007, 14.23553, 0.0738537
0xEEEE, 10391037, 3325, -008, 16.71114, 0.0363928
0xEEEE, 10394153, 3326, -009, 48.68689, 0.0372320
0xEEEE, 10397267, 3327, -007, 21.24894, 0.0371557
0xEEEE, 10400392, 3328, -008, 11.34652, 0.0010681
0xEEEE, 10403517, 3329, -007, 10.52132, 0.0010681
0xEEEE, 10406650, 3330, -008, 42.70498, 0.0011444
0xEEEE, 10409768, 3331, -008, 5.98352, 0.0010681
0xEEEE, 10412892, 3332, -008, 38.57978, 0.0372320
0xEEEE, 10416034, 3333, -008, 17.94974, 0.0370794
0xEEEE, 10419151, 3334, -008, 23.52066, 0.0749218
0xEEEE, 10422276, 3335, -007, 14.23714, 0.0749218
0xEEEE, 10425402, 3336, -008, 40.23179, 0.1124590
0xEEEE, 10428526, 3337, -008, 7.84264, 0.1120012
0xEEEE, 10431668, 3338, -007, 12.79465, 0.1492332
0xEEEE, 10434777, 3339, -008, 14.44505, 0.1860838
0xEEEE, 10437894, 3340, -008, 48.48542, 0.1866941
0xEEEE, 10441026, 3341, -008, 51.16733, 0.1839475
0xEEEE, 10444142, 3342, -008, 4.13165, 0.2242313
0xEEEE, 10447268, 3343, -008, 48.89883, 0.2240787
0xEEEE, 10450392, 3344, -007, 3.10015, 0.2412451
0xEEEE, 10453517, 3345, -008, 33.63260, 0.2416266
0xEEEE, 10456650, 3346, -008, 51.99253, 0.2415503
0xEEEE, 10459779, 3347, -008, 24.14198, 0.2237736
0xEEEE, 10462905, 3348, -009, 51.78542, 0.2241550
0xEEEE, 10466055, 3349, -007, 20.42777, 0.2201877
0xEEEE, 10469155, 3350, -008, 3.09773, 0.1870756
0xEEEE, 10472279, 3351, -008, 21.04586, 0.1868467
0xEEEE, 10475404, 3352, -007, 5.15993, 0.1495384
0xEEEE, 10478540, 3353, -008, 20.01355, 0.1509117
0xEEEE, 10481650, 3354, -008, 49.10110, 0.1119249
0xEEEE, 10484768, 3355, -008, 23.72615, 0.0746166
0xEEEE, 10487893, 3356, -008, 45.38689, 0.0750744
0xEEEE, 10491025, 3357, -007, 8.66542, 0.0744640
0xEEEE, 10494142, 3358, -008, 18.15443, 0.0367742
0xEEEE, 10497267, 3359, -008, 9.07722, 0.0371557
0xEEEE, 10500393, 3360, -007, 23.10564, 0.0010681
0xEEEE, 10503525, 3361, -008, 16.71033, 0.0011444
0xEEEE, 10506659, 3362, -008, 22.28125, 0.0011444
0xEEEE, 10509777, 3363, -007, 7.22132, 0.0368505
0xEEEE, 10512902, 3364, -008, 9.49143, 0.0372320
0xEEEE, 10516041, 3365, -008, 36.92938, 0.0372320
0xEEEE, 10519151, 3366, -008, 34.86718, 0.0746929
0xEEEE, 10522276, 3367, -008, 1.03392, 0.0746166
0xEEEE, 10525392, 3368, -007, 13.20645, 0.1119249
0xEEEE, 10528517, 3369, -008, 22.07736, 0.1120012
0xEEEE, 10531651, 3370, -008, 34.45619, 0.1494621
0xEEEE, 10534768, 3371, -007, 1.24183, 0.1873045
0xEEEE, 10537893, 3372, -008, 31.56879, 0.1867704
0xEEEE, 10541025, 3373, -008, 46.42242, 0.1874571
0xEEEE, 10544142, 3374, -007, 4.54425, 0.2242313
0xEEEE, 10547275, 3375, -008, 20.01678, 0.2278935
0xEEEE, 10550404, 3376, -008, 46.01062, 0.2414740
0xEEEE, 10553529, 3377, -008, 48.69253, 0.2415503
0xEEEE, 10556662, 3378, -008, 25.99868, 0.2407111
0xEEEE, 10559780, 3379, -007, 26.41128, 0.2416266
0xEEEE, 10562915, 3380, -008, 33.83729, 0.2240787
0xEEEE, 10566056, 3381, -008, 36.93179, 0.2244602
0xEEEE, 10569143, 3382, -007, 15.68205, 0.1868467
0xEEEE, 10572267, 3383, -008, 7.84264, 0.1856260
0xEEEE, 10575392, 3384, -007, 2.89062, 0.1493858
0xEEEE, 10578517, 3385, -007, 10.73004, 0.1120012
0xEEEE, 10581651, 3386, -008, 42.08689, 0.1134508
0xEEEE, 10584768, 3387, -008, 50.13260, 0.1120012
0xEEEE, 10587893, 3388, -008, 29.50176, 0.0745403
0xEEEE, 10591028, 3389, -008, 25.78835, 0.0746166
0xEEEE, 10594151, 3390, -007, 1.65040, 0.0370794
0xEEEE, 10597276, 3391, -008, 23.51824, 0.0370794
0xEEEE, 10600408, 3392, -008, 5.57011, 0.0010681
0xEEEE, 10603527, 3393, -007, 24.13714, 0.0011444
0xEEEE, 10606659, 3394, -008, 20.42454, 0.0011444
0xEEEE, 10609777, 3395, -009, 49.92549, 0.0010681
0xEEEE, 10612893, 3396, -007, 1.03311, 0.0383001
0xEEEE, 10616026, 3397, -008, 8.25363, 0.0389868
0xEEEE, 10619142, 3398, -008, 46.42000, 0.0727092
0xEEEE, 10622267, 3399, -008, 36.31128, 0.0746929
0xEEEE, 10625393, 3400, -008, 8.87414, 0.1119249
0xEEEE, 10628517, 3401, -007, 22.69626, 0.1496147
0xEEEE, 10631650, 3402, -008, 25.99788, 0.1494621
0xEEEE, 10634771, 3403, -008, 3.09853, 0.1494621
0xEEEE, 10637904, 3404, -007, 15.88996, 0.1868467
0xEEEE, 10641037, 3405, -008, 25.17348, 0.1870756
0xEEEE, 10644154, 3406, -008, 34.25150, 0.2240787
0xEEEE, 10647288, 3407, -007, 10.73326, 0.2256046
0xEEEE, 10650404, 3408, -008, 0.21194, 0.2415503
0xEEEE, 10653529, 3409, -008, 33.63260, 0.2415503
0xEEEE, 10656662, 3410, -008, 42.70901, 0.2422370
0xEEEE, 10659777, 3411, -008, 51.78623, 0.2415503
0xEEEE, 10662893, 3412, -007, 18.98366, 0.2238499
0xEEEE, 10666044, 3413, -008, 34.24989, 0.2240024
0xEEEE, 10669143, 3414, -008, 1.24103, 0.1867704
0xEEEE, 10672267, 3415, -007, 16.71355, 0.1866178
0xEEEE, 10675392, 3416, -008, 5.98513, 0.1493858
0xEEEE, 10678517, 3417, -008, 49.72081, 0.1117723
0xEEEE, 10681659, 3418, -007, 12.99853, 0.1138323
0xEEEE, 10684777, 3419, -008, 6.60322, 0.1069657
0xEEEE, 10687902, 3420, -007, 0.61971, 0.0746929
0xEEEE, 10691035, 3421, -008, 37.34117, 0.0747692
0xEEEE, 10694151, 3422, -009, 51.16249, 0.0370794
0xEEEE, 10697276, 3423, -007, 28.05685, 0.0398260
0xEEEE, 10700401, 3424, -008, 13.40952, 0.0010681
0xEEEE, 10703517, 3425, -008, 33.42066, 0.0010681
0xEEEE, 10706661, 3426, -007, 11.14103, 0.0010681
0xEEEE, 10709768, 3427, -008, 8.87172, 0.0011444
0xEEEE, 10712893, 3428, -008, 51.37040, 0.0371557
0xEEEE, 10716025, 3429, -007, 5.36542, 0.0365454
0xEEEE, 10719142, 3430, -008, 33.62938, 0.0753796
0xEEEE, 10722267, 3431, -008, 38.58059, 0.0746929
0xEEEE, 10725402, 3432, -008, 28.26637, 0.1118486
0xEEEE, 10728529, 3433, -008, 24.96557, 0.1119249
0xEEEE, 10731665, 3434, -007, 30.53648, 0.1493858
0xEEEE, 10734780, 3435, -008, 28.67978, 0.1494621
0xEEEE, 10737905, 3436, -008, 30.12469, 0.1861601
0xEEEE, 10741038, 3437, -007, 7.63795, 0.1868467
0xEEEE, 10744162, 3438, -008, 22.28608, 0.2227817
0xEEEE, 10747267, 3439, -008, 18.98527, 0.2416266
0xEEEE, 10750393, 3440, -007, 3.71905, 0.2417029
0xEEEE, 10753517, 3441, -008, 17.12857, 0.2408637
0xEEEE, 10756651, 3442, -008, 25.17348, 0.2416266
0xEEEE, 10759768, 3443, -008, 36.10740, 0.2416266
0xEEEE, 10762892, 3444, -008, 41.26410, 0.2242313
0xEEEE, 10766044, 3445, -007, 16.50806, 0.2240787
0xEEEE, 10769148, 3446, -008, 29.09158, 0.1885252
0xEEEE, 10772276, 3447, -008, 9.28674, 0.1494621
0xEEEE, 10775401, 3448, -007, 5.77883, 0.1476310
0xEEEE, 10778526, 3449, -008, 9.69853, 0.1494621
0xEEEE, 10781660, 3450, -008, 14.64894, 0.1122301
0xEEEE, 10784777, 3451, -007, 5.77802, 0.1108568
0xEEEE, 10787902, 3452, -008, 34.65927, 0.0765240
0xEEEE, 10791045, 3453, -007, 8.25282, 0.0745403
0xEEEE, 10794142, 3454, -008, 25.99385, 0.0371557
0xEEEE, 10797267, 3455, -008, 24.54974, 0.0009918
0xEEEE, 10800392, 3456, -007, 15.26623, 0.0010681
0xEEEE, 10803517, 3457, -008, 27.85055, 0.0010681
0xEEEE, 10806650, 3458, -008, 47.65619, 0.0010681
0xEEEE, 10809768, 3459, -007, 13.20403, 0.0010681
0xEEEE, 10812899, 3460, -008, 18.56864, 0.0371557
0xEEEE, 10816036, 3461, -008, 49.92630, 0.0375372
0xEEEE, 10819154, 3462, -007, 5.98513, 0.0747692
0xEEEE, 10822279, 3463, -009, 44.35700, 0.1123064
0xEEEE, 10825404, 3464, -007, 9.08044, 0.1119249
0xEEEE, 10828537, 3465, -008, 42.70740, 0.1120012
0xEEEE, 10831662, 3466, -008, 21.45927, 0.1496147
0xEEEE, 10834768, 3467, -007, 12.17575, 0.1493858
0xEEEE, 10837893, 3468, -008, 24.14198, 0.1866178
0xEEEE, 10841026, 3469, -008, 9.90725, 0.1868467
0xEEEE, 10844142, 3470, -007, 8.25766, 0.2239261
0xEEEE, 10847267, 3471, -008, 22.28608, 0.2415503
0xEEEE, 10850392, 3472, -008, 37.75861, 0.2416266
0xEEEE, 10853517, 3473, -008, 48.89883, 0.2418555
0xEEEE, 10856651, 3474, -008, 6.81275, 0.2416266
0xEEEE, 10859777, 3475, -007, 2.89304, 0.2466621
0xEEEE, 10862902, 3476, -008, 33.63099, 0.2240024
0xEEEE, 10866053, 3477, -009, 44.77121, 0.2241550
0xEEEE, 10869152, 3478, -007, 21.87106, 0.1863127
0xEEEE, 10872276, 3479, -008, 17.33245, 0.1869230
0xEEEE, 10875413, 3480, -008, 13.41194, 0.1499199
0xEEEE, 10878517, 3481, -007, 20.01355, 0.1541161
0xEEEE, 10881650, 3482, -008, 12.58593, 0.1120775
0xEEEE, 10884768, 3483, -008, 28.47106, 0.1123064
0xEEEE, 10887893, 3484, -008, 47.86249, 0.0744640
0xEEEE, 10891025, 3485, -008, 6.80872, 0.0371557
0xEEEE, 10894143, 3486, -007, 9.28352, 0.0371557
0xEEEE, 10897268, 3487, -008, 36.30886, 0.0370794
0xEEEE, 10900393, 3488, -008, 24.54974, 0.0011444
0xEEEE, 10903529, 3489, -007, 8.66462, 0.0011444
0xEEEE, 10906661, 3490, -008, 11.34733, 0.0010681
0xEEEE, 10909779, 3491, -008, 37.96007, 0.0010681
0xEEEE, 10912912, 3492, -007, 16.71194, 0.0371557
0xEEEE, 10916037, 3493, -008, 11.14183, 0.0794232
0xEEEE, 10919154, 3494, -008, 48.48300, 0.0747692
0xEEEE, 10922278, 3495, -008, 42.08769, 0.0746929
0xEEEE, 10925393, 3496, -008, 22.28366, 0.1120012
0xEEEE, 10928517, 3497, -007, 11.34974, 0.1120775
0xEEEE, 10931650, 3498, -008, 51.37282, 0.1495384
0xEEEE, 10934768, 3499, -008, 27.44198, 0.1494621
0xEEEE, 10937893, 3500, -007, 1.86154, 0.1867704
0xEEEE, 10941025, 3501, -008, 18.57187, 0.2231632
0xEEEE, 10944142, 3502, -008, 43.12242, 0.2240787
0xEEEE, 10947276, 3503, -007, 12.79626, 0.2240024
0xEEEE, 10950401, 3504, -008, 2.89385, 0.2401007
0xEEEE, 10953527, 3505, -007, 21.87348, 0.2414740
0xEEEE, 10956660, 3506, -008, 46.62872, 0.2400244
0xEEEE, 10959788, 3507, -008, 7.84425, 0.2414740
0xEEEE, 10962902, 3508, -007, 4.33634, 0.2240024
0xEEEE, 10966055, 3509, -008, 31.56799, 0.1864652
0xEEEE, 10969143, 3510, -008, 8.46154, 0.1867704
0xEEEE, 10972276, 3511, -007, 20.83956, 0.1840238
0xEEEE, 10975392, 3512, -008, 33.62938, 0.1495384
0xEEEE, 10978518, 3513, -007, 18.36315, 0.1505303
0xEEEE, 10981651, 3514, -007, 21.45685, 0.1153582
0xEEEE, 10984768, 3515, -008, 25.17026, 0.1120775
0xEEEE, 10987893, 3516, -008, 42.29238, 0.0744640
0xEEEE, 10991034, 3517, -008, 50.54440, 0.0373083
0xEEEE, 10994154, 3518, -008, 13.61582, 0.0371557
0xEEEE, 10997279, 3519, -007, 15.47253, 0.0335698
0xEEEE, 11000405, 3520, -008, 19.18593, 0.0011444
0xEEEE, 11003529, 3521, -008, 42.49788, 0.0011444
0xEEEE, 11006662, 3522, -007, 12.58513, 0.0010681
0xEEEE, 11009780, 3523, -008, 6.18982, 0.0011444
0xEEEE, 11012893, 3524, -008, 30.74037, 0.0333410
0xEEEE, 11016026, 3525, -007, 8.45993, 0.0754559
0xEEEE, 11019142, 3526, -008, 18.77575, 0.0746166
0xEEEE, 11022267, 3527, -008, 28.26557, 0.0745403
0xEEEE, 11025392, 3528, -008, 42.91370, 0.1122301
0xEEEE, 11028517, 3529, -009, 41.05700, 0.1120012
0xEEEE, 11031650, 3530, -007, 6.19304, 0.1493858
0xEEEE, 11034772, 3531, -008, 15.47656, 0.1468681
0xEEEE, 11037902, 3532, -008, 8.66945, 0.1867704
0xEEEE, 11041035, 3533, -008, 52.40513, 0.1864652
0xEEEE, 11044161, 3534, -008, 13.00256, 0.2240787
0xEEEE, 11047277, 3535, -008, 39.82161, 0.2259098
0xEEEE, 11050402, 3536, -007, 16.50967, 0.2417029
0xEEEE, 11053526, 3537, -009, 46.01062, 0.2414740
0xEEEE, 11056667, 3538, -008, 49.51692, 0.2395666
0xEEEE, 11059768, 3539, -008, 37.34520, 0.2240024
0xEEEE, 11062894, 3540, -008, 22.90337, 0.2240787
0xEEEE, 11066045, 3541, -007, 20.42777, 0.2244602
0xEEEE, 11069143, 3542, -008, 22.28366, 0.1867704
0xEEEE, 11072267, 3543, -008, 7.01744, 0.1869993
0xEEEE, 11075392, 3544, -007, 14.64974, 0.1493858
0xEEEE, 11078520, 3545, -008, 16.71275, 0.1493095
0xEEEE, 11081661, 3546, -008, 40.02388, 0.1100938
0xEEEE, 11084779, 3547, -007, 0.00161, 0.0791180
0xEEEE, 11087905, 3548, -008, 7.01502, 0.0745403
0xEEEE, 11091037, 3549, -007, 8.87172, 0.0746929
0xEEEE, 11094154, 3550, -008, 51.57509, 0.0308232
0xEEEE, 11097279, 3551, -008, 13.20322, 0.0363165
0xEEEE, 11100392, 3552, -007, 20.42374, 0.0010681
0xEEEE, 11103529, 3553, -008, 11.96542, 0.0010681
0xEEEE, 11106650, 3554, -007, 2.68271, 0.0010681
0xEEEE, 11109768, 3555, -008, 46.21209, 0.0373083
0xEEEE, 11112893, 3556, -008, 13.20484, 0.0379950
0xEEEE, 11116025, 3557, -008, 49.72000, 0.0377661
0xEEEE, 11119142, 3558, -007, 7.22293, 0.0746929
0xEEEE, 11122268, 3559, -008, 23.93326, 0.0745403
0xEEEE, 11125402, 3560, -008, 48.27751, 0.1120775
0xEEEE, 11128526, 3561, -007, 0.00322, 0.1082628
0xEEEE, 11131659, 3562, -008, 24.34747, 0.1493095
0xEEEE, 11134777, 3563, -007, 17.95216, 0.1867704
0xEEEE, 11137902, 3564, -008, 9.70095, 0.1868467
0xEEEE, 11141043, 3565, -008, 36.52000, 0.1868467
0xEEEE, 11144151, 3566, -007, 16.50967, 0.2267491
0xEEEE, 11147267, 3567, -008, 17.33487, 0.2234684
0xEEEE, 11150393, 3568, -007, 7.43245, 0.2416266
0xEEEE, 11153517, 3569, -007, 2.27495, 0.2416266
0xEEEE, 11156650, 3570, -008, 5.78125, 0.2413214
0xEEEE, 11159767, 3571, -007, 18.98447, 0.2240787
0xEEEE, 11162893, 3572, -008, 40.43890, 0.2281987
0xEEEE, 11166044, 3573, -008, 39.40740, 0.2241550
0xEEEE, 11169154, 3574, -007, 9.69934, 0.1874571
0xEEEE, 11172279, 3575, -008, 16.71355, 0.1869230
0xEEEE, 11175404, 3576, -008, 33.62938, 0.1517510
0xEEEE, 11178529, 3577, -007, 15.88755, 0.1494621
0xEEEE, 11181662, 3578, -008, 24.55136, 0.1120775
0xEEEE, 11184780, 3579, -008, 37.13568, 0.1126879
0xEEEE, 11187916, 3580, -008, 51.36960, 0.0746929
0xEEEE, 11191026, 3581, -009, 39.19788, 0.0746166
0xEEEE, 11194142, 3582, -008, 49.71839, 0.0371557
0xEEEE, 11197267, 3583, -008, 41.05377, 0.0376898
0xEEEE, 11200392, 3584, -008, 42.91048, 0.0010681
0xEEEE, 11203518, 3585, -007, 2.88821, 0.0010681
0xEEEE, 11206651, 3586, -008, 30.94586, 0.0014496
0xEEEE, 11209768, 3587, -008, 21.04344, 0.0011444
0xEEEE, 11212899, 3588, -007, 10.72923, 0.0372320
0xEEEE, 11216034, 3589, -008, 9.69773, 0.0373083
0xEEEE, 11219151, 3590, -007, 21.25136, 0.0747692
0xEEEE, 11222276, 3591, -007, 4.54103, 0.0746166
0xEEEE, 11225410, 3592, -008, 41.05700, 0.1120775
0xEEEE, 11228527, 3593, -008, 43.73890, 0.1493858
0xEEEE, 11231659, 3594, -008, 35.69399, 0.1439689
0xEEEE, 11234768, 3595, -008, 43.32711, 0.1493858
0xEEEE, 11237893, 3596, -007, 7.01905, 0.1842527
0xEEEE, 11241026, 3597, -008, 1.86154, 0.1868467
0xEEEE, 11244142, 3598, -008, 12.38366, 0.2238499
0xEEEE, 11247267, 3599, -007, 15.89077, 0.2239261
0xEEEE, 11250393, 3600, -008, 26.61839, 0.2414740
0xEEEE, 11253517, 3601, -008, 29.50659, 0.2418555
0xEEEE, 11256655, 3602, -007, 3.92454, 0.2414740
0xEEEE, 11259780, 3603, -009, 47.04132, 0.2415503
0xEEEE, 11262904, 3604, -008, 41.05780, 0.2237736
0xEEEE, 11266056, 3605, -008, 30.53648, 0.2241550
0xEEEE, 11269155, 3606, -008, 32.59868, 0.1863890
0xEEEE, 11272289, 3607, -007, 21.04586, 0.1869230
0xEEEE, 11275404, 3608, -008, 33.83568, 0.1488518
0xEEEE, 11278518, 3609, -008, 42.08769, 0.1133745
0xEEEE, 11281650, 3610, -007, 12.79223, 0.1120775
0xEEEE, 11284776, 3611, -008, 13.20484, 0.1117723
0xEEEE, 11287893, 3612, -008, 49.92549, 0.0746929
0xEEEE, 11291026, 3613, -008, 36.51597, 0.0746929
0xEEEE, 11294142, 3614, -008, 4.95121, 0.0372320
0xEEEE, 11297267, 3615, -007, 13.82212, 0.0370031
0xEEEE, 11300393, 3616, -008, 41.26007, 0.0011444
0xEEEE, 11303526, 3617, -008, 0.61890, 0.0010681
0xEEEE, 11306659, 3618, -007, 16.50484, 0.0010681
0xEEEE, 11309784, 3619, -008, 21.24974, 0.0012970
0xEEEE, 11312903, 3620, -008, 48.06960, 0.0372320
0xEEEE, 11316035, 3621, -007, 15.88674, 0.0370794
0xEEEE, 11319151, 3622, -008, 16.50645, 0.0746929
0xEEEE, 11322267, 3623, -007, 7.84183, 0.0718700
0xEEEE, 11325392, 3624, -007, 2.27253, 0.1120012
0xEEEE, 11328517, 3625, -008, 10.52454, 0.1494621
0xEEEE, 11331650, 3626, -007, 15.47656, 0.1505303
0xEEEE, 11334767, 3627, -008, 23.52227, 0.1494621
0xEEEE, 11337893, 3628, -008, 22.69788, 0.1868467
0xEEEE, 11341025, 3629, -007, 18.36557, 0.1868467
0xEEEE, 11344144, 3630, -008, 3.51275, 0.2240024
0xEEEE, 11347279, 3631, -008, 41.26571, 0.2238499
0xEEEE, 11350404, 3632, -007, 13.62147, 0.2410925
0xEEEE, 11353529, 3633, -008, 10.32066, 0.2415503
0xEEEE, 11356670, 3634, -008, 17.74667, 0.2416266
0xEEEE, 11359780, 3635, -008, 43.32791, 0.2410163
0xEEEE, 11362904, 3636, -008, 33.21839, 0.2240787
0xEEEE, 11366056, 3637, -007, 11.76315, 0.2240787
0xEEEE, 11369152, 3638, -008, 34.24908, 0.1868467
0xEEEE, 11372268, 3639, -008, 12.58755, 0.1466392
0xEEEE, 11375393, 3640, -007, 12.17414, 0.1493858
0xEEEE, 11378517, 3641, -008, 36.72388, 0.1499199
0xEEEE, 11381650, 3642, -008, 28.88366, 0.1120775
0xEEEE, 11384768, 3643, -007, 7.42842, 0.1120775
0xEEEE, 11387892, 3644, -008, 17.33004, 0.0747692
0xEEEE, 11391034, 3645, -008, 29.29546, 0.0746929
0xEEEE, 11394151, 3646, -008, 45.17978, 0.0313573
0xEEEE, 11397276, 3647, -008, 11.14022, 0.0012970
0xEEEE, 11400402, 3648, -008, 49.09949, 0.0011444
0xEEEE, 11403526, 3649, -008, 31.15136, 0.0011444
0xEEEE, 11406660, 3650, -008, 8.66542, 0.0011444
0xEEEE, 11409777, 3651, -007, 4.95201, 0.0010681
0xEEEE, 11412893, 3652, -008, 8.04733, 0.0379950
0xEEEE, 11416037, 3653, -008, 29.29626, 0.0371557
0xEEEE, 11419142, 3654, -007, 7.42923, 0.0747692
0xEEEE, 11422267, 3655, -008, 0.82762, 0.1120775
0xEEEE, 11425392, 3656, -007, 4.12923, 0.1132982
0xEEEE, 11428517, 3657, -008, 45.80190, 0.1107042
0xEEEE, 11431651, 3658, -008, 7.43084, 0.1495384
0xEEEE, 11434778, 3659, -007, 7.84344, 0.1482414
0xEEEE, 11437905, 3660, -008, 11.76396, 0.1866941
0xEEEE, 11441036, 3661, -008, 40.02711, 0.1840238
0xEEEE, 11444154, 3662, -007, 2.68755, 0.2242313
0xEEEE, 11447279, 3663, -008, 14.44667, 0.2411688
0xEEEE, 11450404, 3664, -008, 29.71289, 0.2412451
0xEEEE, 11453537, 3665, -007, 4.75055, 0.2416266
0xEEEE, 11456661, 3666, -008, 13.82696, 0.2425422
0xEEEE, 11459768, 3667, -007, 17.33407, 0.2413977
0xEEEE, 11462893, 3668, -008, 50.13502, 0.2241550
0xEEEE, 11466044, 3669, -008, 22.49077, 0.2220951
0xEEEE, 11469143, 3670, -007, 22.69626, 0.1869230
0xEEEE, 11472267, 3671, -008, 21.45846, 0.1497673
0xEEEE, 11475392, 3672, -008, 43.94440, 0.1494621
0xEEEE, 11478522, 3673, -007, 16.09385, 0.1494621
0xEEEE, 11481659, 3674, -008, 20.42535, 0.1125353
0xEEEE, 11484777, 3675, -008, 29.70886, 0.1120012
0xEEEE, 11487903, 3676, -007, 11.14103, 0.0746929
0xEEEE, 11491035, 3677, -008, 21.04344, 0.0753033
0xEEEE, 11494152, 3678, -008, 29.91355, 0.0381476
0xEEEE, 11497276, 3679, -008, 41.26007, 0.0337224
0xEEEE, 11500413, 3680, -008, 10.52132, 0.0010681
0xEEEE, 11503517, 3681, -007, 12.79062, 0.0011444
0xEEEE, 11506650, 3682, -008, 21.04344, 0.0010681
0xEEEE, 11509768, 3683, -008, 24.55055, 0.0011444
0xEEEE, 11512893, 3684, -007, 22.48835, 0.0368505
0xEEEE, 11516026, 3685, -008, 36.31048, 0.0745403
0xEEEE, 11519142, 3686, -008, 47.24520, 0.0746166
0xEEEE, 11522272, 3687, -007, 10.11114, 0.0745403
0xEEEE, 11525404, 3688, -008, 10.73084, 0.1123827
0xEEEE, 11528529, 3689, -008, 33.63018, 0.1124590
0xEEEE, 11531662, 3690, -008, 31.98059, 0.1495384
0xEEEE, 11534780, 3691, -008, 28.67978, 0.1496910
0xEEEE, 11537913, 3692, -008, 41.47121, 0.1868467
0xEEEE, 11541036, 3693, -008, 22.90418, 0.2240787
0xEEEE, 11544143, 3694, -008, 36.72711, 0.2240787
0xEEEE, 11547268, 3695, -007, 15.68447, 0.2244602
0xEEEE, 11550392, 3696, -008, 44.15392, 0.2415503
0xEEEE, 11553517, 3697, -008, 31.77590, 0.2416266
0xEEEE, 11556650, 3698, -007, 3.51194, 0.2417029
0xEEEE, 11559768, 3699, -008, 18.15927, 0.2414740
0xEEEE, 11562893, 3700, -008, 42.91451, 0.2224765
0xEEEE, 11566045, 3701, -008, 39.20110, 0.1868467
0xEEEE, 11569152, 3702, -009, 38.16879, 0.1867704
0xEEEE, 11572276, 3703, -008, 52.19722, 0.1869230
0xEEEE, 11575401, 3704, -008, 26.20256, 0.1494621
0xEEEE, 11578527, 3705, -008, 9.28593, 0.1494621
0xEEEE, 11581660, 3706, -007, 15.68044, 0.1119249
0xEEEE, 11584788, 3707, -008, 23.51985, 0.1120012
0xEEEE, 11587902, 3708, -008, 24.13795, 0.0745403
0xEEEE, 11591026, 3709, -007, 5.15832, 0.0371557
0xEEEE, 11594142, 3710, -008, 28.26315, 0.0373846
0xEEEE, 11597268, 3711, -008, 40.84747, 0.0372320
0xEEEE, 11600392, 3712, -008, 32.18286, 0.0011444
0xEEEE, 11603517, 3713, -008, 29.70725, 0.0010681
0xEEEE, 11606650, 3714, -007, 17.33004, 0.0011444
0xEEEE, 11609768, 3715, -008, 28.47026, 0.0011444
0xEEEE, 11612904, 3716, -008, 4.33392, 0.0373083
0xEEEE, 11616037, 3717, -007, 10.31663, 0.0746929
0xEEEE, 11619154, 3718, -008, 17.95055, 0.0731670
0xEEEE, 11622287, 3719, -008, 47.03890, 0.0744640
0xEEEE, 11625404, 3720, -008, 52.60982, 0.1120775
0xEEEE, 11628529, 3721, -008, 27.02857, 0.1117723
0xEEEE, 11631661, 3722, -008, 34.45619, 0.1511406
0xEEEE, 11634768, 3723, -008, 28.06088, 0.1494621
0xEEEE, 11637893, 3724, -008, 40.02711, 0.1879149
0xEEEE, 11641026, 3725, -008, 34.86960, 0.2241550
0xEEEE, 11644142, 3726, -008, 11.35216, 0.2234684
0xEEEE, 11647267, 3727, -007, 4.54425, 0.2240787
0xEEEE, 11650392, 3728, -007, 15.06557, 0.2415503
0xEEEE, 11653517, 3729, -008, 13.82777, 0.2414740
0xEEEE, 11656657, 3730, -008, 27.23648, 0.2415503
0xEEEE, 11659777, 3731, -007, 1.03634, 0.2416266
0xEEEE, 11662902, 3732, -009, 48.69092, 0.2236973
0xEEEE, 11666053, 3733, -008, 48.07201, 0.2240787
0xEEEE, 11669162, 3734, -008, 36.51839, 0.1902800
0xEEEE, 11672276, 3735, -008, 20.63326, 0.1867704
0xEEEE, 11675401, 3736, -007, 24.96476, 0.1493095
0xEEEE, 11678517, 3737, -008, 30.94747, 0.1493858
0xEEEE, 11681659, 3738, -008, 35.69158, 0.1120012
0xEEEE, 11684768, 3739, -007, 20.01275, 0.0744640
0xEEEE, 11687894, 3740, -008, 19.59934, 0.0747692
0xEEEE, 11691025, 3741, -008, 34.65927, 0.0745403
0xEEEE, 11694142, 3742, -007, 6.60161, 0.0372320
0xEEEE, 11697267, 3743, -008, 20.01114, 0.0372320
0xEEEE, 11700399, 3744, -008, 50.33729, 0.0011444
0xEEEE, 11703529, 3745, -008, 26.61275, 0.0010681
0xEEEE, 11706661, 3746, -009, 47.03729, 0.0010681
0xEEEE, 11709780, 3747, -008, 42.91128, 0.0381476
0xEEEE, 11712905, 3748, -008, 28.67736, 0.0372320
0xEEEE, 11716038, 3749, -008, 9.28513, 0.0371557
0xEEEE, 11719154, 3750, -007, 11.55524, 0.0746166
0xEEEE, 11722267, 3751, -009, 52.19641, 0.0754559
0xEEEE, 11725392, 3752, -008, 30.32938, 0.1107805
0xEEEE, 11728517, 3753, -007, 8.87414, 0.1119249
0xEEEE, 11731650, 3754, -009, 49.92872, 0.1490043
0xEEEE, 11734768, 3755, -007, 12.58835, 0.1859312
0xEEEE, 11737893, 3756, -008, 44.35941, 0.1866178
0xEEEE, 11741026, 3757, -009, 48.69172, 0.1879911
0xEEEE, 11744145, 3758, -007, 17.74747, 0.2240024
0xEEEE, 11747276, 3759, -008, 21.04828, 0.2240787
0xEEEE, 11750402, 3760, -008, 17.74747, 0.2421607
0xEEEE, 11753536, 3761, -007, 17.74747, 0.2417792
0xEEEE, 11756659, 3762, -009, 47.45392, 0.2415503
0xEEEE, 11759777, 3763, -008, 42.29641, 0.2246128
0xEEEE, 11762902, 3764, -007, 12.79465, 0.2240787
0xEEEE, 11766062, 3765, -008, 17.95216, 0.2248417
0xEEEE, 11769143, 3766, -007, 20.01436, 0.1867704
0xEEEE, 11772268, 3767, -008, 35.89949, 0.1867704
0xEEEE, 11775392, 3768, -008, 0.82762, 0.1494621
0xEEEE, 11778517, 3769, -007, 8.46073, 0.1499199
0xEEEE, 11781650, 3770, -008, 17.74344, 0.1120775
0xEEEE, 11784768, 3771, -008, 42.49949, 0.0746929
0xEEEE, 11787895, 3772, -007, 13.82293, 0.0751507
0xEEEE, 11791037, 3773, -008, 18.77414, 0.0739300
0xEEEE, 11794154, 3774, -008, 49.30579, 0.0372320
0xEEEE, 11797279, 3775, -007, 11.75912, 0.0371557
0xEEEE, 11800404, 3776, -008, 18.36073, 0.0011444
0xEEEE, 11803529, 3777, -007, 0.82520, 0.0011444
0xEEEE, 11806662, 3778, -008, 50.33810, 0.0011444
0xEEEE, 11809768, 3779, -008, 11.55363, 0.0415808
0xEEEE, 11812905, 3780, -007, 24.96396, 0.0372320
0xEEEE, 11816025, 3781, -008, 18.77495, 0.0371557
0xEEEE, 11819142, 3782, -008, 14.85604, 0.0747692
0xEEEE, 11822268, 3783, -007, 10.73004, 0.0743114
0xEEEE, 11825393, 3784, -008, 17.53875, 0.1125353
0xEEEE, 11828517, 3785, -008, 33.21758, 0.1120775
0xEEEE, 11831650, 3786, -007, 14.85766, 0.1493858
0xEEEE, 11834777, 3787, -009, 44.15231, 0.1488518
0xEEEE, 11837902, 3788, -007, 13.62066, 0.1867704
0xEEEE, 11841034, 3789, -008, 36.52000, 0.1873808
0xEEEE, 11844152, 3790, -008, 21.46088, 0.2240024
0xEEEE, 11847276, 3791, -008, 46.21692, 0.2240787
0xEEEE, 11850410, 3792, -008, 12.79626, 0.2418555
0xEEEE, 11853526, 3793, -008, 51.58073, 0.2416266
0xEEEE, 11856651, 3794, -007, 16.09626, 0.2416266
0xEEEE, 11859768, 3795, -008, 16.50886, 0.2415503
0xEEEE, 11862893, 3796, -008, 16.71436, 0.2241550
0xEEEE, 11866045, 3797, -007, 3.30484, 0.2252995
0xEEEE, 11869143, 3798, -009, 51.99092, 0.1868467
0xEEEE, 11872267, 3799, -008, 51.37201, 0.1833371
0xEEEE, 11875393, 3800, -008, 50.75231, 0.1495384
0xEEEE, 11878526, 3801, -008, 23.31436, 0.1122301
0xEEEE, 11881661, 3802, -007, 35.89788, 0.1119249
0xEEEE, 11884779, 3803, -008, 22.28205, 0.1120012
0xEEEE, 11887904, 3804, -008, 7.42762, 0.0752270
0xEEEE, 11891037, 3805, -007, 19.80564, 0.0740063
0xEEEE, 11894154, 3806, -008, 22.89934, 0.0368505
0xEEEE, 11897290, 3807, -008, 28.67575, 0.0370794
0xEEEE, 11900392, 3808, -007, 6.80791, 0.0012970
0xEEEE, 11903517, 3809, -008, 11.55282, 0.0011444
0xEEEE, 11906650, 3810, -007, 12.17253, 0.0011444
0xEEEE, 11909768, 3811, -008, 40.43568, 0.0010681
0xEEEE, 11912893, 3812, -009, 52.60821, 0.0373846
0xEEEE, 11916025, 3813, -007, 44.76879, 0.0409705
0xEEEE, 11919142, 3814, -008, 31.36007, 0.0704967
0xEEEE, 11922273, 3815, -008, 13.61824, 0.0747692
0xEEEE, 11925401, 3816, -007, 16.09465, 0.1118486
0xEEEE, 11928526, 3817, -008, 15.06315, 0.1496147
0xEEEE, 11931659, 3818, -007, 29.91758, 0.1493858
0xEEEE, 11934785, 3819, -007, 2.27333, 0.1493858
0xEEEE, 11937903, 3820, -009, 45.59722, 0.1916533
0xEEEE, 11941034, 3821, -007, 4.13084, 0.1869993
0xEEEE, 11944142, 3822, -008, 31.36330, 0.2240787
0xEEEE, 11947267, 3823, -008, 42.09092, 0.2274357
0xEEEE, 11950392, 3824, -007, 2.68755, 0.2417029
0xEEEE, 11953517, 3825, -008, 23.93648, 0.2415503
0xEEEE, 11956651, 3826, -008, 39.40821, 0.2425422
0xEEEE, 11959768, 3827, -007, 1.44894, 0.2416266
0xEEEE, 11962893, 3828, -008, 15.88916, 0.2201877
0xEEEE, 11966049, 3829, -008, 33.42469, 0.2237736
0xEEEE, 11969154, 3830, -007, 0.62212, 0.1867704
0xEEEE, 11972279, 3831, -008, 16.50725, 0.1878386
0xEEEE, 11975404, 3832, -008, 52.60901, 0.1493858
0xEEEE, 11978529, 3833, -008, 33.21678, 0.1494621
0xEEEE, 11981672, 3834, -008, 35.89788, 0.1151293
0xEEEE, 11984779, 3835, -007, 20.83795, 0.1120775
0xEEEE, 11987893, 3836, -008, 7.42762, 0.0746166
0xEEEE, 11991026, 3837, -008, 33.42147, 0.0747692
0xEEEE, 11994151, 3838, -007, 17.53553, 0.0371557
0xEEEE, 11997267, 3839, -008, 12.79062, 0.0010681
0xEEEE, 12000393, 3840, -007, 6.39531, 0.0011444
0xEEEE, 12003517, 3841, -007, 3.91971, 0.0012207
0xEEEE, 12006650, 3842, -008, 3.92051, 0.0011444
0xEEEE, 12009769, 3843, -008, 46.00579, 0.0011444
0xEEEE, 12012902, 3844, -008, 37.96088, 0.0370794
0xEEEE, 12016034, 3845, -008, 38.78608, 0.0360876
0xEEEE, 12019159, 3846, -007, 13.20564, 0.0746929
0xEEEE, 12022277, 3847, -008, 15.06234, 0.1099413
0xEEEE, 12025401, 3848, -008, 19.39546, 0.1121538
0xEEEE, 12028526, 3849, -007, 20.22066, 0.1121538
0xEEEE, 12031659, 3850, -008, 27.85458, 0.1495384
0xEEEE, 12034768, 3851, -008, 30.53648, 0.1493858
0xEEEE, 12037893, 3852, -008, 46.62872, 0.1876860
0xEEEE, 12041036, 3853, -009, 49.51692, 0.1868467
0xEEEE, 12044142, 3854, -007, 7.84505, 0.2289616
0xEEEE, 12047267, 3855, -008, 44.77282, 0.2416266
0xEEEE, 12050393, 3856, -009, 51.99333, 0.2415503
0xEEEE, 12053517, 3857, -007, 21.66718, 0.2401770
0xEEEE, 12056661, 3858, -008, 23.93568, 0.2414740
0xEEEE, 12059780, 3859, -008, 40.02711, 0.2415503
0xEEEE, 12062905, 3860, -007, 13.41355, 0.2236973
0xEEEE, 12066064, 3861, -008, 10.52535, 0.2240787
0xEEEE, 12069154, 3862, -008, 41.46960, 0.1848631
0xEEEE, 12072279, 3863, -008, 46.42081, 0.1493858
0xEEEE, 12075404, 3864, -008, 24.13956, 0.1477073
0xEEEE, 12078526, 3865, -007, 2.68432, 0.1494621
0xEEEE, 12081650, 3866, -008, 22.69465, 0.1121538
0xEEEE, 12084768, 3867, -008, 20.21905, 0.1121538
0xEEEE, 12087893, 3868, -007, 9.69692, 0.0774395
0xEEEE, 12091025, 3869, -008, 4.33311, 0.0746929
0xEEEE, 12094142, 3870, -008, 31.56396, 0.0371557
0xEEEE, 12097267, 3871, -007, 14.02842, 0.0011444
0xEEEE, 12100400, 3872, -009, 51.78139, 0.0011444
0xEEEE, 12103527, 3873, -007, 0.20630, 0.0011444
0xEEEE, 12106659, 3874, -008, 44.56168, 0.0010681
0xEEEE, 12109777, 3875, -009, 51.98850, 0.0013733
0xEEEE, 12112902, 3876, -007, 33.62857, 0.0371557
0xEEEE, 12116035, 3877, -008, 48.27590, 0.0374609
0xEEEE, 12119151, 3878, -008, 23.52066, 0.0749218
0xEEEE, 12122267, 3879, -007, 8.46073, 0.1116960
0xEEEE, 12125404, 3880, -008, 12.38125, 0.1120012
0xEEEE, 12128517, 3881, -008, 51.16571, 0.1119249
0xEEEE, 12131651, 3882, -007, 16.71436, 0.1492332
0xEEEE, 12134768, 3883, -009, 40.02630, 0.1494621
0xEEEE, 12137893, 3884, -008, 36.52000, 0.1868467
0xEEEE, 12141025, 3885, -008, 44.97832, 0.1869230
0xEEEE, 12144150, 3886, -008, 9.70176, 0.2234684
0xEEEE, 12147279, 3887, -007, 23.93648, 0.2241550
0xEEEE, 12150406, 3888, -008, 31.36330, 0.2415503
0xEEEE, 12153529, 3889, -008, 8.87656, 0.2417029
0xEEEE, 12156662, 3890, -007, 10.11355, 0.2415503
0xEEEE, 12159780, 3891, -008, 20.01597, 0.2460517
0xEEEE, 12162913, 3892, -008, 26.61678, 0.2240024
0xEEEE, 12166056, 3893, -007, 20.63407, 0.1898985
0xEEEE, 12169143, 3894, -008, 12.38125, 0.1872282
0xEEEE, 12172267, 3895, -008, 35.48689, 0.1869230
0xEEEE, 12175392, 3896, -008, 49.30821, 0.1489281
0xEEEE, 12178517, 3897, -009, 45.38850, 0.1543450
0xEEEE, 12181650, 3898, -007, 39.81758, 0.1121538
0xEEEE, 12184768, 3899, -008, 33.00967, 0.1125353
0xEEEE, 12187896, 3900, -008, 20.42454, 0.0740063
0xEEEE, 12191034, 3901, -007, 21.86864, 0.0379950
0xEEEE, 12194151, 3902, -008, 31.77026, 0.0372320
0xEEEE, 12197277, 3903, -008, 3.09451, 0.0370794
0xEEEE, 12200402, 3904, -007, 11.14022, 0.0011444
0xEEEE, 12203527, 3905, -008, 3.30081, 0.0010681
0xEEEE, 12206659, 3906, -008, 41.46718, 0.0010681
0xEEEE, 12209788, 3907, -008, 44.56168, 0.0010681
0xEEEE, 12212893, 3908, -008, 3.92132, 0.0372320
0xEEEE, 12216027, 3909, -008, 42.91209, 0.0721752
0xEEEE, 12219142, 3910, -008, 21.25136, 0.0746929
0xEEEE, 12222267, 3911, -008, 19.80725, 0.0747692
0xEEEE, 12225392, 3912, -007, 6.81114, 0.1120012
0xEEEE, 12228517, 3913, -008, 17.74505, 0.1120775
0xEEEE, 12231652, 3914, -007, 0.62293, 0.1493095
0xEEEE, 12234779, 3915, -007, 14.65136, 0.1495384
0xEEEE, 12237905, 3916, -008, 15.47736, 0.1866941
0xEEEE, 12241037, 3917, -008, 36.52000, 0.2236973
0xEEEE, 12244154, 3918, -008, 50.34293, 0.2239261
0xEEEE, 12247287, 3919, -008, 2.27495, 0.2240787
0xEEEE, 12250405, 3920, -007, 10.52696, 0.2418555
0xEEEE, 12253517, 3921, -008, 24.14278, 0.2414740
0xEEEE, 12256650, 3922, -008, 31.77509, 0.2465095
0xEEEE, 12259768, 3923, -007, 11.55766, 0.2410163
0xEEEE, 12262893, 3924, -008, 35.07509, 0.2240024
0xEEEE, 12266044, 3925, -008, 38.99480, 0.1878386
0xEEEE, 12269143, 3926, -007, 8.04894, 0.1869230
0xEEEE, 12272267, 3927, -008, 3.51033, 0.1903563
0xEEEE, 12275392, 3928, -007, 2.47802, 0.1494621
0xEEEE, 12278526, 3929, -007, 7.01663, 0.1488518
0xEEEE, 12281659, 3930, -008, 30.53407, 0.1062028
0xEEEE, 12284777, 3931, -008, 46.41919, 0.1120775
0xEEEE, 12287902, 3932, -008, 42.29238, 0.0744640
0xEEEE, 12291035, 3933, -009, 51.78220, 0.0749981
0xEEEE, 12294162, 3934, -007, 21.66154, 0.0371557
0xEEEE, 12297276, 3935, -008, 29.29465, 0.0417334
0xEEEE, 12300393, 3936, -008, 37.13407, 0.0011444
0xEEEE, 12303518, 3937, -008, 49.92469, 0.0011444
0xEEEE, 12306659, 3938, -008, 10.52212, 0.0011444
0xEEEE, 12309768, 3939, -007, 10.31582, 0.0370794
0xEEEE, 12312893, 3940, -008, 36.92938, 0.0358587
0xEEEE, 12316025, 3941, -008, 19.18755, 0.0358587
0xEEEE, 12319142, 3942, -007, 11.14264, 0.0746929
0xEEEE, 12322279, 3943, -008, 32.39158, 0.0746929
0xEEEE, 12325404, 3944, -008, 43.94520, 0.1120012
0xEEEE, 12328529, 3945, -007, 22.69626, 0.1121538
0xEEEE, 12331669, 3946, -008, 27.02938, 0.1493858
0xEEEE, 12334779, 3947, -007, 0.00403, 0.1868467
0xEEEE, 12337905, 3948, -007, 2.89304, 0.1867704
0xEEEE, 12341037, 3949, -008, 7.84425, 0.1866178
0xEEEE, 12344142, 3950, -008, 41.26571, 0.2240787
0xEEEE, 12347267, 3951, -007, 4.13165, 0.2223239
0xEEEE, 12350392, 3952, -008, 31.56960, 0.2415503
0xEEEE, 12353517, 3953, -007, 12.58996, 0.2416266
0xEEEE, 12356650, 3954, -008, 10.73245, 0.2420844
0xEEEE, 12359768, 3955, -009, 49.92952, 0.2240787
0xEEEE, 12362893, 3956, -007, 20.01516, 0.2240787
0xEEEE, 12366050, 3957, -008, 20.01516, 0.2242313
0xEEEE, 12369152, 3958, -008, 22.28366, 0.1868467
0xEEEE, 12372276, 3959, -007, 1.44733, 0.1872282
0xEEEE, 12375402, 3960, -008, 6.81033, 0.1493858
0xEEEE, 12378536, 3961, -008, 36.72388, 0.1494621
0xEEEE, 12381659, 3962, -008, 24.75766, 0.1108568
0xEEEE, 12384777, 3963, -008, 33.21597, 0.0760662
0xEEEE, 12387893, 3964, -007, 10.72842, 0.0746166
0xEEEE, 12391034, 3965, -008, 17.12374, 0.0746929
0xEEEE, 12394142, 3966, -008, 44.76718, 0.0371557
0xEEEE, 12397267, 3967, -007, 10.93392, 0.0363928
0xEEEE, 12400392, 3968, -009, 48.27429, 0.0010681
0xEEEE, 12403517, 3969, -008, 41.05377, 0.0011444
0xEEEE, 12406650, 3970, -007, 4.74571, 0.0011444
0xEEEE, 12409774, 3971, -009, 49.10029, 0.0372320
0xEEEE, 12412905, 3972, -007, 15.06154, 0.0377661
0xEEEE, 12416037, 3973, -008, 50.95780, 0.0372320
0xEEEE, 12419154, 3974, -009, 41.88139, 0.0750744
0xEEEE, 12422279, 3975, -008, 45.59480, 0.0745403
0xEEEE, 12425404, 3976, -008, 11.76234, 0.1120012
0xEEEE, 12428529, 3977, -008, 35.89949, 0.1142901
0xEEEE, 12431662, 3978, -007, 12.17575, 0.1493858
0xEEEE, 12434768, 3979, -008, 6.19304, 0.1869230
0xEEEE, 12437905, 3980, -007, 1.03634, 0.1866941
0xEEEE, 12441026, 3981, -008, 50.54842, 0.1867704
0xEEEE, 12444142, 3982, -009, 44.97912, 0.2231632
0xEEEE, 12447267, 3983, -007, 10.93956, 0.2239261
0xEEEE, 12450392, 3984, -008, 44.77282, 0.2416266
0xEEEE, 12453518, 3985, -008, 10.11436, 0.2429236
0xEEEE, 12456659, 3986, -007, 11.55766, 0.2417029
0xEEEE, 12459777, 3987, -008, 9.08205, 0.2416266
0xEEEE, 12462912, 3988, -008, 43.94601, 0.2238499
0xEEEE, 12466054, 3989, -007, 18.36476, 0.2242313
0xEEEE, 12469152, 3990, -008, 25.58447, 0.1860075
0xEEEE, 12472276, 3991, -008, 41.26330, 0.1869993
0xEEEE, 12475409, 3992, -007, 3.50952, 0.1488518
0xEEEE, 12478517, 3993, -008, 26.20256, 0.1120775
0xEEEE, 12481650, 3994, -007, 10.11033, 0.1120775
0xEEEE, 12484768, 3995, -008, 42.29319, 0.1123827
0xEEEE, 12487893, 3996, -008, 27.23245, 0.0746929
0xEEEE, 12491026, 3997, -007, 25.78835, 0.0746929
0xEEEE, 12494142, 3998, -008, 27.23165, 0.0373083
0xEEEE, 12497269, 3999, -008, 41.05377, 0.0368505
0xEEEE, 12500404, 4000, -007, 16.91663, 0.0011444
0xEEEE, 12503529, 4001, -009, 51.36879, 0.0011444
0xEEEE, 12506661, 4002, -007, 4.95201, 0.0010681
0xEEEE, 12509780, 4003, -007, 0.20711, 0.0011444
0xEEEE, 12512904, 4004, -008, 25.37656, 0.0373083
0xEEEE, 12516037, 4005, -008, 52.40190, 0.0370794
0xEEEE, 12519154, 4006, -008, 35.07348, 0.0745403
0xEEEE, 12522278, 4007, -008, 34.04198, 0.0749981
0xEEEE, 12525393, 4008, -007, 12.79385, 0.1121538
0xEEEE, 12528517, 4009, -008, 34.45538, 0.1494621
0xEEEE, 12531650, 4010, -008, 36.93179, 0.1487755
0xEEEE, 12534768, 4011, -007, 11.14425, 0.1495384
0xEEEE, 12537892, 4012, -009, 47.24762, 0.1880674
0xEEEE, 12541025, 4013, -008, 50.96103, 0.1868467
0xEEEE, 12544151, 4014, -007, 6.19465, 0.2241550
0xEEEE, 12547276, 4015, -008, 0.62454, 0.2239261
0xEEEE, 12550401, 4016, -007, 22.69868, 0.2408637
0xEEEE, 12553526, 4017, -008, 29.91919, 0.2415503
0xEEEE, 12556660, 4018, -008, 4.13084, 0.2416266
0xEEEE, 12559786, 4019, -007, 2.68674, 0.2393378
0xEEEE, 12562903, 4020, -008, 22.69707, 0.2240787
0xEEEE, 12566054, 4021, -008, 21.87187, 0.2243076
0xEEEE, 12569143, 4022, -007, 10.93714, 0.1867704
0xEEEE, 12572267, 4023, -008, 13.20645, 0.1867704
0xEEEE, 12575392, 4024, -008, 49.72081, 0.1493095
0xEEEE, 12578518, 4025, -007, 4.54103, 0.1136797
0xEEEE, 12581651, 4026, -009, 51.57670, 0.1120012
0xEEEE, 12584768, 4027, -007, 6.19062, 0.1120012
0xEEEE, 12587902, 4028, -008, 25.78835, 0.0746166
0xEEEE, 12591037, 4029, -008, 18.77414, 0.0745403
0xEEEE, 12594154, 4030, -007, 20.21744, 0.0370794
0xEEEE, 12597279, 4031, -008, 22.48674, 0.0373846
0xEEEE, 12600405, 4032, -008, 47.86168, 0.0011444
0xEEEE, 12603529, 4033, -007, 13.82212, 0.0010681
0xEEEE, 12606673, 4034, -008, 10.52212, 0.0010681
0xEEEE, 12609768, 4035, -008, 50.33810, 0.0010681
0xEEEE, 12612893, 4036, -008, 51.78300, 0.0384527
0xEEEE, 12616026, 4037, -008, 18.15604, 0.0370794
0xEEEE, 12619142, 4038, -007, 2.06542, 0.0746166
0xEEEE, 12622267, 4039, -008, 16.91905, 0.1119249
0xEEEE, 12625393, 4040, -008, 18.36396, 0.1112383
0xEEEE, 12628517, 4041, -007, 22.48996, 0.1119249
0xEEEE, 12631654, 4042, -008, 21.66557, 0.1497673
0xEEEE, 12634777, 4043, -008, 33.63099, 0.1464866
0xEEEE, 12637902, 4044, -007, 12.17656, 0.1868467
0xEEEE, 12641035, 4045, -008, 10.73245, 0.1905852
0xEEEE, 12644158, 4046, -007, 9.49546, 0.2241550
0xEEEE, 12647277, 4047, -007, 2.68755, 0.2349889
0xEEEE, 12650402, 4048, -008, 7.63875, 0.2423133
0xEEEE, 12653517, 4049, -007, 15.06557, 0.2416266
0xEEEE, 12656650, 4050, -008, 23.31678, 0.2415503
0xEEEE, 12659768, 4051, -008, 14.44586, 0.2412451
0xEEEE, 12662893, 4052, -007, 21.45927, 0.2240024
0xEEEE, 12666056, 4053, -008, 17.33326, 0.2185855
0xEEEE, 12669143, 4054, -008, 43.32630, 0.1868467
0xEEEE, 12672267, 4055, -007, 10.11194, 0.1494621
0xEEEE, 12675397, 4056, -008, 16.50645, 0.1495384
0xEEEE, 12678529, 4057, -008, 48.89560, 0.1497673
0xEEEE, 12681661, 4058, -007, 3.09612, 0.1120775
0xEEEE, 12684780, 4059, -008, 19.18755, 0.1121538
0xEEEE, 12687905, 4060, -008, 39.19788, 0.0746929
0xEEEE, 12691046, 4061, -008, 25.16945, 0.0708019
0xEEEE, 12694154, 4062, -008, 38.37187, 0.0395209
0xEEEE, 12697267, 4063, -007, 23.72454, 0.0010681
0xEEEE, 12700392, 4064, -008, 29.29465, 0.0013733
0xEEEE, 12703526, 4065, -008, 34.65846, 0.0011444
0xEEEE, 12706650, 4066, -007, 4.12681, 0.0011444
0xEEEE, 12709768, 4067, -008, 8.45912, 0.0011444
0xEEEE, 12712893, 4068, -007, 22.90095, 0.0378424
0xEEEE, 12716025, 4069, -008, 50.33890, 0.0372320
0xEEEE, 12719142, 4070, -008, 8.87333, 0.0746929
0xEEEE, 12722277, 4071, -007, 9.90484, 0.1120775
0xEEEE, 12725401, 4072, -007, 2.68513, 0.1111620
0xEEEE, 12728531, 4073, -008, 7.84264, 0.1100938
0xEEEE, 12731659, 4074, -007, 21.87187, 0.1493858
0xEEEE, 12734777, 4075, -008, 17.12696, 0.1486229
0xEEEE, 12737902, 4076, -008, 49.92952, 0.1867704
0xEEEE, 12741034, 4077, -008, 48.48542, 0.1880674
0xEEEE, 12744142, 4078, -009, 46.83582, 0.2241550
0xEEEE, 12747267, 4079, -008, 39.20271, 0.2425422
0xEEEE, 12750393, 4080, -008, 52.61223, 0.2417029
0xEEEE, 12753517, 4081, -008, 0.21194, 0.2416266
0xEEEE, 12756650, 4082, -008, 42.09011, 0.2422370
0xEEEE, 12759768, 4083, -008, 35.69480, 0.2413977
0xEEEE, 12762893, 4084, -008, 11.96945, 0.2240024
0xEEEE, 12766055, 4085, -007, 5.98674, 0.2251469
0xEEEE, 12769154, 4086, -008, 12.58755, 0.1868467
0xEEEE, 12772279, 4087, -008, 27.64747, 0.1867704
0xEEEE, 12775413, 4088, -007, 10.11114, 0.1493858
0xEEEE, 12778529, 4089, -008, 15.26864, 0.1494621
0xEEEE, 12781662, 4090, -007, 11.96703, 0.1116960
0xEEEE, 12784780, 4091, -007, 2.06462, 0.1120775
0xEEEE, 12787902, 4092, -008, 38.78527, 0.0746929
0xEEEE, 12791025, 4093, -008, 45.59319, 0.0371557
0xEEEE, 12794142, 4094, -008, 30.53245, 0.0370794
0xEEEE, 12797267, 4095, -008, 37.54667, 0.0368505
0xEEEE, 12800392, 4096, -008, 34.24586, 0.0010681
0xEEEE, 12803517, 4097, -009, 52.60659, 0.0013733
0xEEEE, 12806651, 4098, -008, 23.51905, 0.0011444
0xEEEE, 12809775, 4099, -007, 14.23553, 0.0010681
0xEEEE, 12812902, 4100, -008, 30.53407, 0.0373846
0xEEEE, 12816034, 4101, -007, 9.49143, 0.0746929
0xEEEE, 12819151, 4102, -007, 7.63553, 0.0746929
0xEEEE, 12822276, 4103, -009, 46.83260, 0.0747692
0xEEEE, 12825402, 4104, -007, 8.04894, 0.1117723
0xEEEE, 12828526, 4105, -008, 40.02549, 0.1115435
0xEEEE, 12831659, 4106, -008, 14.85766, 0.1512932
0xEEEE, 12834779, 4107, -007, 18.57106, 0.1493095
0xEEEE, 12837893, 4108, -008, 6.40015, 0.1837186
0xEEEE, 12841025, 4109, -008, 37.13890, 0.2241550
0xEEEE, 12844142, 4110, -007, 10.32066, 0.2241550
0xEEEE, 12847267, 4111, -009, 47.45473, 0.2238499
0xEEEE, 12850392, 4112, -008, 44.77282, 0.2415503
0xEEEE, 12853523, 4113, -008, 44.97912, 0.2377356
0xEEEE, 12856661, 4114, -008, 18.98447, 0.2416266
0xEEEE, 12859781, 4115, -007, 3.71824, 0.2416266
0xEEEE, 12862905, 4116, -008, 34.45619, 0.2253758
0xEEEE, 12866056, 4117, -008, 14.85766, 0.1868467
0xEEEE, 12869155, 4118, -007, 31.15458, 0.1868467
0xEEEE, 12872287, 4119, -008, 19.80806, 0.1869230
0xEEEE, 12875393, 4120, -008, 44.35700, 0.1496910
0xEEEE, 12878517, 4121, -007, 14.03084, 0.1493858
0xEEEE, 12881650, 4122, -008, 47.86330, 0.1120012
0xEEEE, 12884768, 4123, -008, 31.97817, 0.1121538
0xEEEE, 12887893, 4124, -008, 47.44989, 0.0746166
0xEEEE, 12891026, 4125, -008, 3.92051, 0.0371557
0xEEEE, 12894142, 4126, -007, 19.39223, 0.0372320
0xEEEE, 12897269, 4127, -008, 40.22857, 0.0372320
0xEEEE, 12900401, 4128, -008, 17.12293, 0.0010681
0xEEEE, 12903526, 4129, -008, 48.68689, 0.0011444
0xEEEE, 12906659, 4130, -008, 15.06073, 0.0011444
0xEEEE, 12909777, 4131, -008, 25.58205, 0.0010681
0xEEEE, 12912902, 4132, -007, 15.47414, 0.0372320
0xEEEE, 12916034, 4133, -008, 23.72615, 0.0372320
0xEEEE, 12919162, 4134, -008, 39.19949, 0.0733959
0xEEEE, 12922267, 4135, -008, 46.62630, 0.0744640
0xEEEE, 12925393, 4136, -008, 11.34974, 0.1104753
0xEEEE, 12928517, 4137, -007, 5.16073, 0.1120775
0xEEEE, 12931650, 4138, -008, 36.51919, 0.1483177
0xEEEE, 12934768, 4139, -008, 21.25297, 0.1493858
0xEEEE, 12937893, 4140, -007, 15.88996, 0.1863890
0xEEEE, 12941028, 4141, -008, 41.47121, 0.1868467
0xEEEE, 12944154, 4142, -008, 43.53502, 0.2243839
0xEEEE, 12947279, 4143, -007, 8.25766, 0.2240787
0xEEEE, 12950404, 4144, -008, 21.04828, 0.2401770
0xEEEE, 12953529, 4145, -008, 36.72711, 0.2410163
0xEEEE, 12956669, 4146, -008, 45.80352, 0.2416266
0xEEEE, 12959779, 4147, -008, 33.01289, 0.2244602
0xEEEE, 12962904, 4148, -007, 9.28755, 0.2241550
0xEEEE, 12966056, 4149, -008, 27.64828, 0.2242313
0xEEEE, 12969143, 4150, -008, 28.06007, 0.1863127
0xEEEE, 12972268, 4151, -008, 48.48381, 0.1868467
0xEEEE, 12975393, 4152, -008, 21.04505, 0.1496910
0xEEEE, 12978517, 4153, -008, 38.99319, 0.1493858
0xEEEE, 12981650, 4154, -007, 8.25363, 0.1120012
0xEEEE, 12984768, 4155, -008, 31.15297, 0.0746929
0xEEEE, 12987902, 4156, -008, 48.27509, 0.0796521
0xEEEE, 12991034, 4157, -008, 42.08608, 0.0682078
0xEEEE, 12994151, 4158, -009, 50.95619, 0.0372320
0xEEEE, 12997277, 4159, -007, 5.77641, 0.0372320
0xEEEE, 13000402, 4160, -008, 18.77333, 0.0011444
0xEEEE, 13003537, 4161, -008, 19.39223, 0.0011444
0xEEEE, 13006659, 4162, -007, 5.77722, 0.0011444
0xEEEE, 13009768, 4163, -008, 24.13795, 0.0386053
0xEEEE, 13012893, 4164, -008, 17.53714, 0.0372320
0xEEEE, 13016034, 4165, -007, 13.20484, 0.0371557
0xEEEE, 13019142, 4166, -009, 51.16491, 0.0745403
0xEEEE, 13022267, 4167, -008, 29.70967, 0.0740826
0xEEEE, 13025392, 4168, -008, 49.92791, 0.1124590
0xEEEE, 13028517, 4169, -008, 18.77656, 0.1120775
0xEEEE, 13031659, 4170, -007, 10.11275, 0.1492332
0xEEEE, 13034780, 4171, -008, 36.72549, 0.1890593
0xEEEE, 13037904, 4172, -009, 46.21612, 0.1868467
0xEEEE, 13041042, 4173, -007, 22.49158, 0.1850156
0xEEEE, 13044154, 4174, -008, 15.68447, 0.2240787
0xEEEE, 13047279, 4175, -008, 28.47509, 0.2240787
0xEEEE, 13050404, 4176, -007, 15.06557, 0.2417029
0xEEEE, 13053517, 4177, -008, 35.69560, 0.2414740
0xEEEE, 13056650, 4178, -008, 41.47121, 0.2416266
0xEEEE, 13059768, 4179, -008, 45.39092, 0.2244602
0xEEEE, 13062894, 4180, -008, 7.22454, 0.2242313
0xEEEE, 13066044, 4181, -007, 1.65443, 0.2288853
0xEEEE, 13069143, 4182, -008, 32.80498, 0.1867704
0xEEEE, 13072267, 4183, -008, 32.39238, 0.1868467
0xEEEE, 13075397, 4184, -007, 2.27172, 0.1495384
0xEEEE, 13078526, 4185, -008, 29.50337, 0.1427481
0xEEEE, 13081659, 4186, -008, 19.80645, 0.1119249
0xEEEE, 13084778, 4187, -007, 19.18755, 0.1119249
0xEEEE, 13087912, 4188, -009, 50.13179, 0.0753033
0xEEEE, 13091035, 4189, -008, 51.78220, 0.0759899
0xEEEE, 13094152, 4190, -008, 50.74989, 0.0366217
0xEEEE, 13097267, 4191, -008, 19.39223, 0.0372320
0xEEEE, 13100401, 4192, -007, 22.28044, 0.0010681
0xEEEE, 13103517, 4193, -008, 30.53245, 0.0011444
0xEEEE, 13106650, 4194, -008, 39.61048, 0.0011444
0xEEEE, 13109768, 4195, -007, 18.98044, 0.0010681
0xEEEE, 13112893, 4196, -008, 13.82374, 0.0371557
0xEEEE, 13116026, 4197, -007, 9.49143, 0.0371557
0xEEEE, 13119147, 4198, -008, 52.19641, 0.0746929
0xEEEE, 13122279, 4199, -009, 49.51451, 0.0744640
0xEEEE, 13125404, 4200, -007, 14.23795, 0.1119249
0xEEEE, 13128529, 4201, -008, 47.86491, 0.1505303
0xEEEE, 13131662, 4202, -008, 34.24989, 0.1493095
0xEEEE, 13134780, 4203, -007, 14.44505, 0.1493858
0xEEEE, 13137904, 4204, -008, 27.23648, 0.1867704
0xEEEE, 13141036, 4205, -007, 8.66945, 0.1869230
0xEEEE, 13144143, 4206, -007, 13.62147, 0.2240787
0xEEEE, 13147278, 4207, -008, 3.30645, 0.2196536
0xEEEE, 13150392, 4208, -007, 21.04828, 0.2417029
0xEEEE, 13153517, 4209, -007, 10.93956, 0.2416266
0xEEEE, 13156650, 4210, -008, 14.03326, 0.2398718
0xEEEE, 13159768, 4211, -007, 14.23956, 0.2415503
0xEEEE, 13162892, 4212, -008, 44.97751, 0.2240787
0xEEEE, 13166053, 4213, -008, 10.73165, 0.2248417
0xEEEE, 13169152, 4214, -007, 20.22066, 0.1868467
0xEEEE, 13172284, 4215, -008, 17.53875, 0.1885252
0xEEEE, 13175402, 4216, -008, 29.29707, 0.1493858
0xEEEE, 13178527, 4217, -007, 13.82454, 0.1120012
0xEEEE, 13181660, 4218, -008, 14.23634, 0.1138323
0xEEEE, 13184785, 4219, -008, 45.80029, 0.1120775
0xEEEE, 13187894, 4220, -008, 44.56168, 0.0746166
0xEEEE, 13191026, 4221, -008, 27.23245, 0.0746929
0xEEEE, 13194142, 4222, -007, 4.74491, 0.0373083
0xEEEE, 13197268, 4223, -008, 27.64425, 0.0372320
0xEEEE, 13200393, 4224, -008, 23.93084, 0.0010681
0xEEEE, 13203517, 4225, -007, 10.31502, 0.0011444
0xEEEE, 13206650, 4226, -008, 33.62777, 0.0011444
0xEEEE, 13209779, 4227, -008, 6.80872, 0.0011444
0xEEEE, 13212905, 4228, -007, 14.64894, 0.0372320
0xEEEE, 13216037, 4229, -008, 15.88674, 0.0383764
0xEEEE, 13219154, 4230, -008, 23.10806, 0.0728618
0xEEEE, 13222279, 4231, -007, 1.65282, 0.0746929
0xEEEE, 13225404, 4232, -008, 6.39853, 0.1120012
0xEEEE, 13228529, 4233, -007, 3.71663, 0.1431296
0xEEEE, 13231672, 4234, -008, 39.40740, 0.1494621
0xEEEE, 13234768, 4235, -008, 38.99480, 0.1493095
0xEEEE, 13237893, 4236, -008, 48.07282, 0.1857786
0xEEEE, 13241025, 4237, -008, 30.74359, 0.1868467
0xEEEE, 13244142, 4238, -008, 9.08286, 0.2241550
0xEEEE, 13247267, 4239, -007, 11.97106, 0.2243076
0xEEEE, 13250393, 4240, -008, 18.57267, 0.2415503
0xEEEE, 13253525, 4241, -008, 40.02791, 0.2391852
0xEEEE, 13256659, 4242, -008, 52.61143, 0.2420081
0xEEEE, 13259777, 4243, -008, 9.49465, 0.2417029
0xEEEE, 13262902, 4244, -007, 28.26718, 0.2245365
0xEEEE, 13266053, 4245, -008, 38.99480, 0.2240787
0xEEEE, 13269160, 4246, -008, 7.84264, 0.1881437
0xEEEE, 13272276, 4247, -007, 2.47883, 0.1493858
0xEEEE, 13275392, 4248, -008, 14.03084, 0.1499199
0xEEEE, 13278517, 4249, -008, 34.04198, 0.1494621
0xEEEE, 13281651, 4250, -007, 16.50564, 0.1126879
0xEEEE, 13284768, 4251, -008, 12.37963, 0.1096361
0xEEEE, 13287893, 4252, -008, 29.91436, 0.0776684
0xEEEE, 13291025, 4253, -007, 0.61971, 0.0746929
0xEEEE, 13294142, 4254, -009, 44.14828, 0.0371557
0xEEEE, 13297275, 4255, -007, 4.74491, 0.0011444
0xEEEE, 13300404, 4256, -008, 34.86476, 0.0011444
0xEEEE, 13303529, 4257, -008, 45.17978, 0.0011444
0xEEEE, 13306662, 4258, -007, 4.12681, 0.0010681
0xEEEE, 13309780, 4259, -008, 30.53326, 0.0011444
0xEEEE, 13312906, 4260, -008, 22.48835, 0.0371557
0xEEEE, 13316048, 4261, -007, 15.26784, 0.0372320
0xEEEE, 13319142, 4262, -008, 33.42308, 0.0743114
0xEEEE, 13322267, 4263, -008, 49.30821, 0.1119249
0xEEEE, 13325392, 4264, -007, 0.62212, 0.1120012
0xEEEE, 13328517, 4265, -008, 9.28674, 0.1120012
0xEEEE, 13331651, 4266, -008, 50.13502, 0.1493858
0xEEEE, 13334768, 4267, -008, 38.37590, 0.1494621
0xEEEE, 13337893, 4268, -008, 0.83004, 0.1869230
0xEEEE, 13341029, 4269, -007, 25.37978, 0.1868467
0xEEEE, 13344152, 4270, -008, 25.17429, 0.2243839
0xEEEE, 13347276, 4271, -008, 29.09399, 0.2414740
0xEEEE, 13350402, 4272, -007, 23.31758, 0.2415503
0xEEEE, 13353534, 4273, -008, 27.85619, 0.2415503
0xEEEE, 13356659, 4274, -008, 45.39092, 0.2417029
0xEEEE, 13359777, 4275, -007, 1.65524, 0.2452125
0xEEEE, 13362893, 4276, -008, 22.90337, 0.2241550
0xEEEE, 13366054, 4277, -008, 39.82000, 0.2242313
0xEEEE, 13369143, 4278, -008, 41.26330, 0.1866178
0xEEEE, 13372267, 4279, -008, 24.96557, 0.1493858
0xEEEE, 13375393, 4280, -007, 11.76154, 0.1492332
0xEEEE, 13378517, 4281, -008, 20.63245, 0.1486992
0xEEEE, 13381650, 4282, -008, 37.13568, 0.1120775
0xEEEE, 13384771, 4283, -007, 21.04425, 0.1117723
0xEEEE, 13387904, 4284, -008, 35.27817, 0.0751507
0xEEEE, 13391036, 4285, -008, 23.10645, 0.0747692
0xEEEE, 13394154, 4286, -007, 10.31502, 0.0371557
0xEEEE, 13397280, 4287, -008, 16.71033, 0.0371557
0xEEEE, 13400415, 4288, -007, 35.89626, 0.0011444
0xEEEE, 13403529, 4289, -008, 47.65538, 0.0011444
0xEEEE, 13406662, 4290, -008, 31.35846, 0.0010681
0xEEEE, 13409768, 4291, -007, 26.40725, 0.0011444
0xEEEE, 13412902, 4292, -008, 26.61436, 0.0371557
0xEEEE, 13416025, 4293, -008, 20.42535, 0.0720989
0xEEEE, 13419142, 4294, -007, 7.42923, 0.0746166
0xEEEE, 13422267, 4295, -008, 6.81033, 0.0747692
0xEEEE, 13425393, 4296, -008, 14.44425, 0.1120775
0xEEEE, 13428517, 4297, -007, 8.46154, 0.1120012
0xEEEE, 13431659, 4298, -008, 17.74586, 0.1494621
0xEEEE, 13434777, 4299, -007, 11.14425, 0.1494621
0xEEEE, 13437907, 4300, -008, 48.89802, 0.1869230
0xEEEE, 13441035, 4301, -008, 13.82696, 0.2244602
0xEEEE, 13444152, 4302, -007, 18.98527, 0.2240787
0xEEEE, 13447276, 4303, -008, 41.05941, 0.2240787
0xEEEE, 13450401, 4304, -008, 40.64681, 0.2425422
0xEEEE, 13453518, 4305, -007, 19.19158, 0.2415503
0xEEEE, 13456651, 4306, -008, 5.78125, 0.2382696
0xEEEE, 13459768, 4307, -008, 4.13084, 0.2411688
0xEEEE, 13462893, 4308, -007, 4.33634, 0.2240787
0xEEEE, 13466044, 4309, -008, 17.95216, 0.1863127
0xEEEE, 13469143, 4310, -007, 1.03473, 0.1868467
0xEEEE, 13472267, 4311, -008, 31.56718, 0.1856260
0xEEEE, 13475404, 4312, -008, 7.84183, 0.1493095
0xEEEE, 13478529, 4313, -007, 24.13956, 0.1499199
0xEEEE, 13481661, 4314, -008, 20.63165, 0.1141375
0xEEEE, 13484788, 4315, -008, 18.15604, 0.1120012
0xEEEE, 13487904, 4316, -007, 6.80872, 0.0747692
0xEEEE, 13491037, 4317, -008, 16.29853, 0.0370794
0xEEEE, 13494154, 4318, -007, 20.63004, 0.0347906
0xEEEE, 13497276, 4319, -007, 4.12601, 0.0394446
0xEEEE, 13500393, 4320, -008, 12.17172, 0.0012970
0xEEEE, 13503517, 4321, -007, 2.88821, 0.0010681
0xEEEE, 13506651, 4322, -008, 23.72535, 0.0011444
0xEEEE, 13509767, 4323, -009, 48.48139, 0.0011444
0xEEEE, 13512893, 4324, -007, 30.12147, 0.0371557
0xEEEE, 13516025, 4325, -008, 35.69158, 0.0749218
0xEEEE, 13519148, 4326, -008, 23.72696, 0.0746166
0xEEEE, 13522276, 4327, -007, 0.41502, 0.0746929
0xEEEE, 13525401, 4328, -008, 3.09773, 0.1121538
0xEEEE, 13528527, 4329, -008, 37.96249, 0.1126879
0xEEEE, 13531660, 4330, -007, 13.61985, 0.1494621
0xEEEE, 13534777, 4331, -008, 4.33634, 0.1494621
0xEEEE, 13537902, 4332, -007, 23.11048, 0.1869230
0xEEEE, 13541035, 4333, -008, 22.28527, 0.2242313
0xEEEE, 13544153, 4334, -009, 51.58073, 0.2240787
0xEEEE, 13547267, 4335, -007, 23.93648, 0.2246891
0xEEEE, 13550392, 4336, -008, 23.11128, 0.2415503
0xEEEE, 13553517, 4337, -008, 28.06249, 0.2416266
0xEEEE, 13556650, 4338, -007, 15.47736, 0.2413977
0xEEEE, 13559768, 4339, -009, 43.32791, 0.2416266
0xEEEE, 13562899, 4340, -007, 11.76315, 0.2288853
0xEEEE, 13566056, 4341, -007, 6.81194, 0.2240787
0xEEEE, 13569154, 4342, -008, 42.29480, 0.1868467
0xEEEE, 13572279, 4343, -008, 37.13729, 0.1866941
0xEEEE, 13575404, 4344, -008, 22.48916, 0.1506065
0xEEEE, 13578529, 4345, -008, 9.07963, 0.1494621
0xEEEE, 13581670, 4346, -007, 17.94974, 0.1119249
0xEEEE, 13584768, 4347, -008, 18.98125, 0.0752270
0xEEEE, 13587893, 4348, -008, 24.55055, 0.0746929
