uptime, sync, seq, adc
001470, 0xFFFF, 0000, 0.0000000
063198, 0xFFFF, 0001, 0.3178454
