uptime, sync, seq, adc
001091, 0xFFFF, 0000, 0.0000000
062358, 0xFFFF, 0001, 5.0000000
124858, 0xFFFF, 0002, 3.2227817
187354, 0xFFFF, 0003, 3.2229343
249848, 0xFFFF, 0004, 3.2231632
312368, 0xFFFF, 0005, 3.2227817
374854, 0xFFFF, 0006, 3.2228580
437366, 0xFFFF, 0007, 3.2227817
499850, 0xFFFF, 0008, 3.2226291
562358, 0xFFFF, 0009, 3.2227817
624864, 0xFFFF, 0010, 3.2227054
687366, 0xFFFF, 0011, 3.2230106
749861, 0xFFFF, 0012, 3.2230106
812354, 0xFFFF, 0013, 3.2228580
874847, 0xFFFF, 0014, 3.2226291
937379, 0xFFFF, 0015, 3.2230106
999849, 0xFFFF, 0016, 3.2227054
1062366, 0xFFFF, 0017, 3.2227054
1124849, 0xFFFF, 0018, 3.2227054
1187356, 0xFFFF, 0019, 3.2226291
1249858, 0xFFFF, 0020, 3.2231632
1312355, 0xFFFF, 0021, 3.2224765
1374868, 0xFFFF, 0022, 3.2227054
1437355, 0xFFFF, 0023, 3.2226291
1499847, 0xFFFF, 0024, 3.2227054
1562367, 0xFFFF, 0025, 3.2228580
1624849, 0xFFFF, 0026, 3.2228580
1687374, 0xFFFF, 0027, 3.2226291
1749845, 0xFFFF, 0028, 3.2228580
1812356, 0xFFFF, 0029, 3.2227054
1874857, 0xFFFF, 0030, 3.2227054
1937356, 0xFFFF, 0031, 3.2227054
1999870, 0xFFFF, 0032, 3.2227817
2062368, 0xFFFF, 0033, 3.2227054
2124854, 0xFFFF, 0034, 3.2226291
2187366, 0xFFFF, 0035, 3.2226291
2249848, 0xFFFF, 0036, 3.2227054
2312374, 0xFFFF, 0037, 3.2227817
2374846, 0xFFFF, 0038, 3.2226291
2437367, 0xFFFF, 0039, 3.2227054
2499857, 0xFFFF, 0040, 3.2227054
2562355, 0xFFFF, 0041, 3.2228580
2624860, 0xFFFF, 0042, 3.2226291
2687357, 0xFFFF, 0043, 3.2227054
2749857, 0xFFFF, 0044, 3.2227054
2812369, 0xFFFF, 0045, 3.2227054
2874848, 0xFFFF, 0046, 3.2226291
2937366, 0xFFFF, 0047, 3.2227054
2999853, 0xFFFF, 0048, 3.2227054
3062369, 0xFFFF, 0049, 3.2227817
3124867, 0xFFFF, 0050, 3.2227817
3187355, 0xFFFF, 0051, 3.2225528
3249860, 0xFFFF, 0052, 3.2224765
3312365, 0xFFFF, 0053, 3.2224002
3374856, 0xFFFF, 0054, 3.2225528
3437378, 0xFFFF, 0055, 3.2222477
3499859, 0xFFFF, 0056, 3.2225528
3562365, 0xFFFF, 0057, 3.2227054
3624855, 0xFFFF, 0058, 3.2224765
3687368, 0xFFFF, 0059, 3.2227817
3749860, 0xFFFF, 0060, 3.2227054
3812363, 0xFFFF, 0061, 3.2229343
3874849, 0xFFFF, 0062, 3.2226291
3937366, 0xFFFF, 0063, 3.2226291
3999847, 0xFFFF, 0064, 3.2226291
4062366, 0xFFFF, 0065, 3.2224765
4124861, 0xFFFF, 0066, 3.2227817
4187355, 0xFFFF, 0067, 3.2225528
4249856, 0xFFFF, 0068, 3.2227817
4312356, 0xFFFF, 0069, 3.2225528
4374860, 0xFFFF, 0070, 3.2228580
4437365, 0xFFFF, 0071, 3.2226291
4499857, 0xFFFF, 0072, 3.2225528
4562367, 0xFFFF, 0073, 3.2228580
4624848, 0xFFFF, 0074, 3.2224765
4687355, 0xFFFF, 0075, 3.2225528
4749868, 0xFFFF, 0076, 3.2227054
4812366, 0xFFFF, 0077, 3.2227817
4874859, 0xFFFF, 0078, 3.2226291
4937356, 0xFFFF, 0079, 3.2227817
4999849, 0xFFFF, 0080, 3.2227054
5062374, 0xFFFF, 0081, 3.2226291
5124847, 0xFFFF, 0082, 3.2226291
5187368, 0xFFFF, 0083, 3.2224765
5249848, 0xFFFF, 0084, 3.2227054
5312353, 0xFFFF, 0085, 3.2228580
5374857, 0xFFFF, 0086, 3.2227054
5437357, 0xFFFF, 0087, 3.2226291
5499863, 0xFFFF, 0088, 3.2227054
5562356, 0xFFFF, 0089, 3.2226291
5624849, 0xFFFF, 0090, 3.2227054
5687362, 0xFFFF, 0091, 3.2226291
5749848, 0xFFFF, 0092, 3.2227054
5812375, 0xFFFF, 0093, 3.2226291
5874856, 0xFFFF, 0094, 3.2230106
5937356, 0xFFFF, 0095, 3.2227054
5999858, 0xFFFF, 0096, 3.2226291
6062357, 0xFFFF, 0097, 3.2227054
6124864, 0xFFFF, 0098, 3.2227054
6187366, 0xFFFF, 0099, 3.2225528
6249861, 0xFFFF, 0100, 3.2225528
6312363, 0xFFFF, 0101, 3.2223239
6374846, 0xFFFF, 0102, 3.2226291
6437377, 0xFFFF, 0103, 3.2226291
6499849, 0xFFFF, 0104, 3.2227054
6562363, 0xFFFF, 0105, 3.2227054
6624857, 0xFFFF, 0106, 3.2227054
6687357, 0xFFFF, 0107, 3.2227817
6749856, 0xFFFF, 0108, 3.2230869
6812355, 0xFFFF, 0109, 3.2228580
6874859, 0xFFFF, 0110, 3.2228580
6937362, 0xFFFF, 0111, 3.2230869
6999846, 0xFFFF, 0112, 3.2227054
7062366, 0xFFFF, 0113, 3.2226291
7124850, 0xFFFF, 0114, 3.2226291
7187364, 0xFFFF, 0115, 3.2227054
7249866, 0xFFFF, 0116, 3.2230869
7312355, 0xFFFF, 0117, 3.2225528
7374855, 0xFFFF, 0118, 3.2225528
7437356, 0xFFFF, 0119, 3.2226291
7499860, 0xFFFF, 0120, 3.2227054
7562373, 0xFFFF, 0121, 3.2227817
7624855, 0xFFFF, 0122, 3.2225528
7687364, 0xFFFF, 0123, 3.2224002
7749850, 0xFFFF, 0124, 3.2230106
7812365, 0xFFFF, 0125, 3.2225528
7874855, 0xFFFF, 0126, 3.2229343
7937368, 0xFFFF, 0127, 3.2226291
7999847, 0xFFFF, 0128, 3.2227054
8062354, 0xFFFF, 0129, 3.2224002
8124849, 0xFFFF, 0130, 3.2229343
8187366, 0xFFFF, 0131, 3.2225528
8249857, 0xFFFF, 0132, 3.2231632
8312357, 0xFFFF, 0133, 3.2225528
8374849, 0xFFFF, 0134, 3.2227817
8437354, 0xFFFF, 0135, 3.2226291
8499856, 0xFFFF, 0136, 3.2227054
8562369, 0xFFFF, 0137, 3.2224002
8624856, 0xFFFF, 0138, 3.2224765
8687354, 0xFFFF, 0139, 3.2227054
8749850, 0xFFFF, 0140, 3.2230106
8812366, 0xFFFF, 0141, 3.2227054
8874857, 0xFFFF, 0142, 3.2225528
8937366, 0xFFFF, 0143, 3.2227054
8999859, 0xFFFF, 0144, 3.2227054
9062354, 0xFFFF, 0145, 3.2227054
9124847, 0xFFFF, 0146, 3.2225528
9187369, 0xFFFF, 0147, 3.2229343
9249849, 0xFFFF, 0148, 3.2230106
9312362, 0xFFFF, 0149, 3.2230869
9374849, 0xFFFF, 0150, 3.2227054
9437358, 0xFFFF, 0151, 3.2226291
9499846, 0xFFFF, 0152, 3.2227054
9562354, 0xFFFF, 0153, 3.2227817
9624860, 0xFFFF, 0154, 3.2227817
9687355, 0xFFFF, 0155, 3.2229343
9749846, 0xFFFF, 0156, 3.2230869
9812357, 0xFFFF, 0157, 3.2232395
9874850, 0xFFFF, 0158, 3.2222477
9937365, 0xFFFF, 0159, 3.2227817
9999845, 0xFFFF, 0160, 3.2226291
10062357, 0xFFFF, 0161, 3.2225528
10124847, 0xFFFF, 0162, 3.2220951
10187353, 0xFFFF, 0163, 3.2225528
10249860, 0xFFFF, 0164, 3.2229343
10312367, 0xFFFF, 0165, 3.2230106
10374854, 0xFFFF, 0166, 3.2224765
10437357, 0xFFFF, 0167, 3.2225528
10499848, 0xFFFF, 0168, 3.2225528
10562366, 0xFFFF, 0169, 3.2225528
10624847, 0xFFFF, 0170, 3.2227054
10687367, 0xFFFF, 0171, 3.2224765
10749848, 0xFFFF, 0172, 3.2229343
10812355, 0xFFFF, 0173, 3.2230106
10874849, 0xFFFF, 0174, 3.2224002
10937358, 0xFFFF, 0175, 3.2225528
10999856, 0xFFFF, 0176, 3.2226291
11062357, 0xFFFF, 0177, 3.2226291
11124848, 0xFFFF, 0178, 3.2226291
11187354, 0xFFFF, 0179, 3.2224765
11249848, 0xFFFF, 0180, 3.2229343
11312368, 0xFFFF, 0181, 3.2230106
11374856, 0xFFFF, 0182, 3.2227054
11437355, 0xFFFF, 0183, 3.2224765
11499850, 0xFFFF, 0184, 3.2226291
11562359, 0xFFFF, 0185, 3.2226291
11624855, 0xFFFF, 0186, 3.2226291
11687354, 0xFFFF, 0187, 3.2224765
11749860, 0xFFFF, 0188, 3.2226291
11812355, 0xFFFF, 0189, 3.2226291
11874847, 0xFFFF, 0190, 3.2227817
11937369, 0xFFFF, 0191, 3.2224002
11999848, 0xFFFF, 0192, 3.2227054
12062363, 0xFFFF, 0193, 3.2224765
12124849, 0xFFFF, 0194, 3.2225528
12187356, 0xFFFF, 0195, 3.2226291
12249847, 0xFFFF, 0196, 3.2226291
12312355, 0xFFFF, 0197, 3.2226291
12374860, 0xFFFF, 0198, 3.2226291
12437358, 0xFFFF, 0199, 3.2225528
12499847, 0xFFFF, 0200, 3.2226291
12562357, 0xFFFF, 0201, 3.2224002
12624849, 0xFFFF, 0202, 3.2226291
12687364, 0xFFFF, 0203, 3.2227054
12749857, 0xFFFF, 0204, 3.2225528
12812355, 0xFFFF, 0205, 3.2225528
12874847, 0xFFFF, 0206, 3.2224765
12937355, 0xFFFF, 0207, 3.2225528
12999861, 0xFFFF, 0208, 3.2226291
13062366, 0xFFFF, 0209, 3.2223239
13124854, 0xFFFF, 0210, 3.2226291
13187357, 0xFFFF, 0211, 3.2224765
13249850, 0xFFFF, 0212, 3.2227054
13312364, 0xFFFF, 0213, 3.2224002
13374846, 0xFFFF, 0214, 3.2225528
13437368, 0xFFFF, 0215, 3.2224765
13499847, 0xFFFF, 0216, 3.2226291
13562355, 0xFFFF, 0217, 3.2225528
13624848, 0xFFFF, 0218, 3.2225528
13687360, 0xFFFF, 0219, 3.2224765
13749857, 0xFFFF, 0220, 3.2224765
13812358, 0xFFFF, 0221, 3.2224765
13874849, 0xFFFF, 0222, 3.2225528
13937354, 0xFFFF, 0223, 3.2228580
13999857, 0xFFFF, 0224, 3.2224002
14062370, 0xFFFF, 0225, 3.2227054
14124859, 0xFFFF, 0226, 3.2225528
14187353, 0xFFFF, 0227, 3.2227054
14249849, 0xFFFF, 0228, 3.2224765
14312366, 0xFFFF, 0229, 3.2225528
14374855, 0xFFFF, 0230, 3.2225528
14437367, 0xFFFF, 0231, 3.2227054
14499859, 0xFFFF, 0232, 3.2224002
14562355, 0xFFFF, 0233, 3.2226291
14624857, 0xFFFF, 0234, 3.2224765
14687368, 0xFFFF, 0235, 3.2225528
14749850, 0xFFFF, 0236, 3.2223239
14812364, 0xFFFF, 0237, 3.2221714
14874849, 0xFFFF, 0238, 3.2223239
14937369, 0xFFFF, 0239, 3.2225528
14999847, 0xFFFF, 0240, 3.2224765
15062355, 0xFFFF, 0241, 3.2226291
15124859, 0xFFFF, 0242, 3.2224765
15187355, 0xFFFF, 0243, 3.2224765
15249859, 0xFFFF, 0244, 3.2224002
15312356, 0xFFFF, 0245, 3.2225528
15374849, 0xFFFF, 0246, 3.2225528
15437365, 0xFFFF, 0247, 3.2225528
15499858, 0xFFFF, 0248, 3.2226291
15562369, 0xFFFF, 0249, 3.2225528
15624848, 0xFFFF, 0250, 3.2228580
15687355, 0xFFFF, 0251, 3.2226291
15749871, 0xFFFF, 0252, 3.2226291
15812365, 0xFFFF, 0253, 3.2224765
15874858, 0xFFFF, 0254, 3.2227054
15937357, 0xFFFF, 0255, 3.2225528
15999850, 0xFFFF, 0256, 3.2226291
16062374, 0xFFFF, 0257, 3.2225528
16124846, 0xFFFF, 0258, 3.2225528
16187369, 0xFFFF, 0259, 3.2225528
16249848, 0xFFFF, 0260, 3.2220951
16312354, 0xFFFF, 0261, 3.2227054
16374859, 0xFFFF, 0262, 3.2227054
16437358, 0xFFFF, 0263, 3.2228580
16499865, 0xFFFF, 0264, 3.2225528
16562358, 0xFFFF, 0265, 3.2226291
16624849, 0xFFFF, 0266, 3.2224765
16687364, 0xFFFF, 0267, 3.2226291
16749848, 0xFFFF, 0268, 3.2233921
16812378, 0xFFFF, 0269, 3.2229343
16874859, 0xFFFF, 0270, 3.2227054
16937355, 0xFFFF, 0271, 3.2225528
16999860, 0xFFFF, 0272, 3.2220951
17062357, 0xFFFF, 0273, 3.2225528
17124866, 0xFFFF, 0274, 3.2224765
17187366, 0xFFFF, 0275, 3.2227054
17249859, 0xFFFF, 0276, 3.2229343
17312364, 0xFFFF, 0277, 3.2229343
17374847, 0xFFFF, 0278, 3.2227054
17437379, 0xFFFF, 0279, 3.2224765
17499849, 0xFFFF, 0280, 3.2224765
17562363, 0xFFFF, 0281, 3.2225528
17624859, 0xFFFF, 0282, 3.2227054
17687355, 0xFFFF, 0283, 3.2226291
17749859, 0xFFFF, 0284, 3.2229343
17812356, 0xFFFF, 0285, 3.2228580
17874860, 0xFFFF, 0286, 3.2226291
17937367, 0xFFFF, 0287, 3.2227054
17999847, 0xFFFF, 0288, 3.2224765
18062369, 0xFFFF, 0289, 3.2225528
18124856, 0xFFFF, 0290, 3.2225528
18187365, 0xFFFF, 0291, 3.2225528
18249869, 0xFFFF, 0292, 3.2231632
18312357, 0xFFFF, 0293, 3.2228580
18374857, 0xFFFF, 0294, 3.2224765
18437363, 0xFFFF, 0295, 3.2224765
18499860, 0xFFFF, 0296, 3.2225528
18562375, 0xFFFF, 0297, 3.2227817
18624854, 0xFFFF, 0298, 3.2225528
18687367, 0xFFFF, 0299, 3.2224765
18749858, 0xFFFF, 0300, 3.2229343
18812365, 0xFFFF, 0301, 3.2230106
18874857, 0xFFFF, 0302, 3.2227054
18937367, 0xFFFF, 0303, 3.2225528
18999847, 0xFFFF, 0304, 3.2222477
19062362, 0xFFFF, 0305, 3.2224765
19124849, 0xFFFF, 0306, 3.2225528
19187368, 0xFFFF, 0307, 3.2226291
19249857, 0xFFFF, 0308, 3.2230106
19312358, 0xFFFF, 0309, 3.2229343
19374858, 0xFFFF, 0310, 3.2224002
19437354, 0xFFFF, 0311, 3.2226291
19499847, 0xFFFF, 0312, 3.2227054
19562368, 0xFFFF, 0313, 3.2226291
19624858, 0xFFFF, 0314, 3.2225528
19687363, 0xFFFF, 0315, 3.2224002
19749850, 0xFFFF, 0316, 3.2230106
19812368, 0xFFFF, 0317, 3.2230106
19874863, 0xFFFF, 0318, 3.2224765
19937366, 0xFFFF, 0319, 3.2225528
19999862, 0xFFFF, 0320, 3.2226291
20062355, 0xFFFF, 0321, 3.2225528
20124847, 0xFFFF, 0322, 3.2225528
20187375, 0xFFFF, 0323, 3.2226291
20249850, 0xFFFF, 0324, 3.2230106
20312366, 0xFFFF, 0325, 3.2229343
20374849, 0xFFFF, 0326, 3.2225528
20437356, 0xFFFF, 0327, 3.2224765
20499856, 0xFFFF, 0328, 3.2224002
20562356, 0xFFFF, 0329, 3.2224765
20624866, 0xFFFF, 0330, 3.2224765
20687356, 0xFFFF, 0331, 3.2227054
20749847, 0xFFFF, 0332, 3.2229343
20812365, 0xFFFF, 0333, 3.2228580
20874848, 0xFFFF, 0334, 3.2226291
20937372, 0xFFFF, 0335, 3.2225528
20999858, 0xFFFF, 0336, 3.2225528
21062357, 0xFFFF, 0337, 3.2224765
21124856, 0xFFFF, 0338, 3.2226291
21187355, 0xFFFF, 0339, 3.2224002
21249869, 0xFFFF, 0340, 3.2229343
21312365, 0xFFFF, 0341, 3.2229343
21374854, 0xFFFF, 0342, 3.2226291
21437365, 0xFFFF, 0343, 3.2225528
21499848, 0xFFFF, 0344, 3.2225528
21562374, 0xFFFF, 0345, 3.2227054
21624846, 0xFFFF, 0346, 3.2227054
21687367, 0xFFFF, 0347, 3.2224765
21749854, 0xFFFF, 0348, 3.2227817
21812355, 0xFFFF, 0349, 3.2225528
21874858, 0xFFFF, 0350, 3.2225528
21937358, 0xFFFF, 0351, 3.2224765
21999856, 0xFFFF, 0352, 3.2225528
22062366, 0xFFFF, 0353, 3.2224765
22124849, 0xFFFF, 0354, 3.2224765
22187364, 0xFFFF, 0355, 3.2225528
22249848, 0xFFFF, 0356, 3.2226291
22312368, 0xFFFF, 0357, 3.2226291
22374866, 0xFFFF, 0358, 3.2224765
22437354, 0xFFFF, 0359, 3.2227054
22499857, 0xFFFF, 0360, 3.2225528
22562358, 0xFFFF, 0361, 3.2224765
22624856, 0xFFFF, 0362, 3.2229343
22687374, 0xFFFF, 0363, 3.2224765
22749859, 0xFFFF, 0364, 3.2225528
22812363, 0xFFFF, 0365, 3.2224002
22874847, 0xFFFF, 0366, 3.2225528
22937370, 0xFFFF, 0367, 3.2224002
22999857, 0xFFFF, 0368, 3.2224765
23062364, 0xFFFF, 0369, 3.2226291
23124847, 0xFFFF, 0370, 3.2225528
23187355, 0xFFFF, 0371, 3.2225528
23249848, 0xFFFF, 0372, 3.2225528
23312363, 0xFFFF, 0373, 3.2225528
23374859, 0xFFFF, 0374, 3.2224002
23437356, 0xFFFF, 0375, 3.2224002
23499847, 0xFFFF, 0376, 3.2225528
23562356, 0xFFFF, 0377, 3.2224002
23624857, 0xFFFF, 0378, 3.2224765
23687365, 0xFFFF, 0379, 3.2228580
23749846, 0xFFFF, 0380, 3.2225528
23812357, 0xFFFF, 0381, 3.2224765
23874847, 0xFFFF, 0382, 3.2225528
23937356, 0xFFFF, 0383, 3.2225528
23999860, 0xFFFF, 0384, 3.2225528
24062367, 0xFFFF, 0385, 3.2224765
24124854, 0xFFFF, 0386, 3.2224002
24187356, 0xFFFF, 0387, 3.2224765
24249850, 0xFFFF, 0388, 3.2225528
24312364, 0xFFFF, 0389, 3.2225528
24374846, 0xFFFF, 0390, 3.2225528
24437367, 0xFFFF, 0391, 3.2224765
24499847, 0xFFFF, 0392, 3.2224765
24562354, 0xFFFF, 0393, 3.2225528
24624849, 0xFFFF, 0394, 3.2225528
24687358, 0xFFFF, 0395, 3.2227054
24749857, 0xFFFF, 0396, 3.2224765
24812358, 0xFFFF, 0397, 3.2226291
24874849, 0xFFFF, 0398, 3.2226291
24937356, 0xFFFF, 0399, 3.2224765
24999848, 0xFFFF, 0400, 3.2225528
25062369, 0xFFFF, 0401, 3.2225528
25124859, 0xFFFF, 0402, 3.2224765
25187354, 0xFFFF, 0403, 3.2224765
25249849, 0xFFFF, 0404, 3.2225528
25312356, 0xFFFF, 0405, 3.2228580
25374855, 0xFFFF, 0406, 3.2224765
25437367, 0xFFFF, 0407, 3.2224765
25499858, 0xFFFF, 0408, 3.2225528
25562354, 0xFFFF, 0409, 3.2223239
25624847, 0xFFFF, 0410, 3.2224765
25687369, 0xFFFF, 0411, 3.2224765
25749850, 0xFFFF, 0412, 3.2224002
25812364, 0xFFFF, 0413, 3.2225528
25874847, 0xFFFF, 0414, 3.2226291
25937358, 0xFFFF, 0415, 3.2225528
25999847, 0xFFFF, 0416, 3.2225528
26062355, 0xFFFF, 0417, 3.2225528
26124859, 0xFFFF, 0418, 3.2227054
26187357, 0xFFFF, 0419, 3.2221714
26249847, 0xFFFF, 0420, 3.2225528
26312356, 0xFFFF, 0421, 3.2224765
26374849, 0xFFFF, 0422, 3.2223239
26437365, 0xFFFF, 0423, 3.2219425
26499846, 0xFFFF, 0424, 3.2225528
26562357, 0xFFFF, 0425, 3.2223239
26624847, 0xFFFF, 0426, 3.2224765
26687355, 0xFFFF, 0427, 3.2224765
26749860, 0xFFFF, 0428, 3.2230869
26812367, 0xFFFF, 0429, 3.2227817
26874854, 0xFFFF, 0430, 3.2224765
26937357, 0xFFFF, 0431, 3.2225528
26999849, 0xFFFF, 0432, 3.2227054
27062365, 0xFFFF, 0433, 3.2224765
27124847, 0xFFFF, 0434, 3.2224765
27187366, 0xFFFF, 0435, 3.2226291
27249848, 0xFFFF, 0436, 3.2230106
27312353, 0xFFFF, 0437, 3.2228580
27374849, 0xFFFF, 0438, 3.2224002
27437358, 0xFFFF, 0439, 3.2226291
27499856, 0xFFFF, 0440, 3.2224765
27562359, 0xFFFF, 0441, 3.2224002
27624847, 0xFFFF, 0442, 3.2224765
27687354, 0xFFFF, 0443, 3.2226291
27749847, 0xFFFF, 0444, 3.2228580
27812368, 0xFFFF, 0445, 3.2227054
27874858, 0xFFFF, 0446, 3.2224765
27937355, 0xFFFF, 0447, 3.2226291
27999849, 0xFFFF, 0448, 3.2224002
28062358, 0xFFFF, 0449, 3.2224002
28124855, 0xFFFF, 0450, 3.2224765
28187355, 0xFFFF, 0451, 3.2226291
28249858, 0xFFFF, 0452, 3.2229343
28312354, 0xFFFF, 0453, 3.2228580
28374846, 0xFFFF, 0454, 3.2225528
28437368, 0xFFFF, 0455, 3.2226291
28499849, 0xFFFF, 0456, 3.2224002
28562363, 0xFFFF, 0457, 3.2225528
28624849, 0xFFFF, 0458, 3.2224765
28687357, 0xFFFF, 0459, 3.2225528
28749847, 0xFFFF, 0460, 3.2229343
28812359, 0xFFFF, 0461, 3.2228580
28874860, 0xFFFF, 0462, 3.2225528
28937356, 0xFFFF, 0463, 3.2226291
28999846, 0xFFFF, 0464, 3.2225528
29062358, 0xFFFF, 0465, 3.2224002
29124858, 0xFFFF, 0466, 3.2225528
29187364, 0xFFFF, 0467, 3.2224765
29249859, 0xFFFF, 0468, 3.2229343
29312357, 0xFFFF, 0469, 3.2230106
29374847, 0xFFFF, 0470, 3.2224765
29437366, 0xFFFF, 0471, 3.2224002
29499862, 0xFFFF, 0472, 3.2225528
29562366, 0xFFFF, 0473, 3.2224002
29624855, 0xFFFF, 0474, 3.2224002
29687357, 0xFFFF, 0475, 3.2224765
29749860, 0xFFFF, 0476, 3.2227817
29812364, 0xFFFF, 0477, 3.2229343
29874846, 0xFFFF, 0478, 3.2226291
29937367, 0xFFFF, 0479, 3.2224765
29999845, 0xFFFF, 0480, 3.2224765
30062365, 0xFFFF, 0481, 3.2225528
30124849, 0xFFFF, 0482, 3.2224765
30187357, 0xFFFF, 0483, 3.2224765
30249855, 0xFFFF, 0484, 3.2228580
30312358, 0xFFFF, 0485, 3.2227817
30374859, 0xFFFF, 0486, 3.2225528
30437355, 0xFFFF, 0487, 3.2226291
30499847, 0xFFFF, 0488, 3.2224765
30562369, 0xFFFF, 0489, 3.2226291
30624858, 0xFFFF, 0490, 3.2226291
30687365, 0xFFFF, 0491, 3.2225528
30749850, 0xFFFF, 0492, 3.2229343
30812358, 0xFFFF, 0493, 3.2226291
30874864, 0xFFFF, 0494, 3.2225528
30937367, 0xFFFF, 0495, 3.2224765
30999862, 0xFFFF, 0496, 3.2226291
31062355, 0xFFFF, 0497, 3.2226291
31124847, 0xFFFF, 0498, 3.2227054
31187378, 0xFFFF, 0499, 3.2226291
31249850, 0xFFFF, 0500, 3.2229343
31312366, 0xFFFF, 0501, 3.2227817
31374849, 0xFFFF, 0502, 3.2225528
31437357, 0xFFFF, 0503, 3.2225528
31499858, 0xFFFF, 0504, 3.2224765
31562355, 0xFFFF, 0505, 3.2226291
31624869, 0xFFFF, 0506, 3.2226291
31687357, 0xFFFF, 0507, 3.2224002
31749848, 0xFFFF, 0508, 3.2226291
31812366, 0xFFFF, 0509, 3.2228580
31874849, 0xFFFF, 0510, 3.2224765
31937374, 0xFFFF, 0511, 3.2224002
31999847, 0xFFFF, 0512, 3.2224765
32062357, 0xFFFF, 0513, 3.2224002
32124858, 0xFFFF, 0514, 3.2226291
32187355, 0xFFFF, 0515, 3.2224002
32249870, 0xFFFF, 0516, 3.2224002
32312365, 0xFFFF, 0517, 3.2224002
32374854, 0xFFFF, 0518, 3.2224765
32437368, 0xFFFF, 0519, 3.2226291
32499848, 0xFFFF, 0520, 3.2225528
32562376, 0xFFFF, 0521, 3.2222477
32624846, 0xFFFF, 0522, 3.2224765
32687367, 0xFFFF, 0523, 3.2224002
32749858, 0xFFFF, 0524, 3.2225528
32812356, 0xFFFF, 0525, 3.2224765
32874860, 0xFFFF, 0526, 3.2227054
32937361, 0xFFFF, 0527, 3.2224002
32999856, 0xFFFF, 0528, 3.2224765
33062370, 0xFFFF, 0529, 3.2224002
33124848, 0xFFFF, 0530, 3.2225528
33187367, 0xFFFF, 0531, 3.2225528
33249854, 0xFFFF, 0532, 3.2225528
33312368, 0xFFFF, 0533, 3.2224765
33374868, 0xFFFF, 0534, 3.2224765
33437355, 0xFFFF, 0535, 3.2224002
33499850, 0xFFFF, 0536, 3.2225528
33562366, 0xFFFF, 0537, 3.2227054
33624855, 0xFFFF, 0538, 3.2224765
33687376, 0xFFFF, 0539, 3.2224765
33749859, 0xFFFF, 0540, 3.2224765
33812354, 0xFFFF, 0541, 3.2225528
33874855, 0xFFFF, 0542, 3.2224765
33937369, 0xFFFF, 0543, 3.2225528
33999860, 0xFFFF, 0544, 3.2225528
34062364, 0xFFFF, 0545, 3.2225528
34124849, 0xFFFF, 0546, 3.2223239
34187364, 0xFFFF, 0547, 3.2224765
34249847, 0xFFFF, 0548, 3.2224002
34312366, 0xFFFF, 0549, 3.2224765
34374860, 0xFFFF, 0550, 3.2224002
34437359, 0xFFFF, 0551, 3.2224765
34499856, 0xFFFF, 0552, 3.2227054
34562357, 0xFFFF, 0553, 3.2225528
34624860, 0xFFFF, 0554, 3.2224765
34687364, 0xFFFF, 0555, 3.2224002
34749848, 0xFFFF, 0556, 3.2222477
34812365, 0xFFFF, 0557, 3.2224002
34874847, 0xFFFF, 0558, 3.2225528
34937354, 0xFFFF, 0559, 3.2226291
34999867, 0xFFFF, 0560, 3.2219425
35062368, 0xFFFF, 0561, 3.2224765
35124860, 0xFFFF, 0562, 3.2220951
35187355, 0xFFFF, 0563, 3.2224002
35249849, 0xFFFF, 0564, 3.2224765
35312372, 0xFFFF, 0565, 3.2222477
35374847, 0xFFFF, 0566, 3.2224765
35437371, 0xFFFF, 0567, 3.2227054
35499847, 0xFFFF, 0568, 3.2224002
35562356, 0xFFFF, 0569, 3.2224002
35624857, 0xFFFF, 0570, 3.2224002
35687357, 0xFFFF, 0571, 3.2224002
35749864, 0xFFFF, 0572, 3.2224765
35812359, 0xFFFF, 0573, 3.2225528
35874849, 0xFFFF, 0574, 3.2225528
35937362, 0xFFFF, 0575, 3.2225528
35999847, 0xFFFF, 0576, 3.2223239
36062376, 0xFFFF, 0577, 3.2220188
36124858, 0xFFFF, 0578, 3.2224002
36187355, 0xFFFF, 0579, 3.2224765
36249859, 0xFFFF, 0580, 3.2224765
36312356, 0xFFFF, 0581, 3.2224002
36374864, 0xFFFF, 0582, 3.2224765
36437367, 0xFFFF, 0583, 3.2224002
36499859, 0xFFFF, 0584, 3.2224765
36562363, 0xFFFF, 0585, 3.2227817
36624845, 0xFFFF, 0586, 3.2224002
36687377, 0xFFFF, 0587, 3.2223239
36749850, 0xFFFF, 0588, 3.2228580
36812364, 0xFFFF, 0589, 3.2228580
36874857, 0xFFFF, 0590, 3.2228580
36937358, 0xFFFF, 0591, 3.2224765
36999856, 0xFFFF, 0592, 3.2224765
37062356, 0xFFFF, 0593, 3.2224002
37124860, 0xFFFF, 0594, 3.2225528
37187364, 0xFFFF, 0595, 3.2226291
37249846, 0xFFFF, 0596, 3.2228580
37312365, 0xFFFF, 0597, 3.2229343
37374849, 0xFFFF, 0598, 3.2227054
37437365, 0xFFFF, 0599, 3.2224002
37499867, 0xFFFF, 0600, 3.2224002
37562357, 0xFFFF, 0601, 3.2224002
37624847, 0xFFFF, 0602, 3.2224002
37687355, 0xFFFF, 0603, 3.2224765
37749862, 0xFFFF, 0604, 3.2228580
37812375, 0xFFFF, 0605, 3.2228580
37874855, 0xFFFF, 0606, 3.2224765
37937358, 0xFFFF, 0607, 3.2224002
37999849, 0xFFFF, 0608, 3.2224765
38062365, 0xFFFF, 0609, 3.2224765
38124854, 0xFFFF, 0610, 3.2226291
38187367, 0xFFFF, 0611, 3.2224002
38249848, 0xFFFF, 0612, 3.2227817
38312356, 0xFFFF, 0613, 3.2227054
38374849, 0xFFFF, 0614, 3.2224002
38437367, 0xFFFF, 0615, 3.2224002
38499856, 0xFFFF, 0616, 3.2224765
38562359, 0xFFFF, 0617, 3.2224765
38624849, 0xFFFF, 0618, 3.2224002
38687353, 0xFFFF, 0619, 3.2224765
38749848, 0xFFFF, 0620, 3.2224002
38812369, 0xFFFF, 0621, 3.2223239
38874848, 0xFFFF, 0622, 3.2224765
38937355, 0xFFFF, 0623, 3.2224765
38999849, 0xFFFF, 0624, 3.2226291
39062367, 0xFFFF, 0625, 3.2225528
39124856, 0xFFFF, 0626, 3.2225528
39187354, 0xFFFF, 0627, 3.2225528
39249859, 0xFFFF, 0628, 3.2229343
39312353, 0xFFFF, 0629, 3.2230106
39374845, 0xFFFF, 0630, 3.2227054
39437369, 0xFFFF, 0631, 3.2223239
39499849, 0xFFFF, 0632, 3.2223239
39562364, 0xFFFF, 0633, 3.2223239
39624849, 0xFFFF, 0634, 3.2221714
39687355, 0xFFFF, 0635, 3.2223239
39749847, 0xFFFF, 0636, 3.2227054
39812355, 0xFFFF, 0637, 3.2227817
39874859, 0xFFFF, 0638, 3.2222477
39937360, 0xFFFF, 0639, 3.2224002
39999847, 0xFFFF, 0640, 3.2224002
40062357, 0xFFFF, 0641, 3.2224002
40124848, 0xFFFF, 0642, 3.2224765
40187365, 0xFFFF, 0643, 3.2223239
40249848, 0xFFFF, 0644, 3.2229343
40312355, 0xFFFF, 0645, 3.2229343
40374846, 0xFFFF, 0646, 3.2225528
40437357, 0xFFFF, 0647, 3.2224002
40499861, 0xFFFF, 0648, 3.2225528
40562365, 0xFFFF, 0649, 3.2225528
40624855, 0xFFFF, 0650, 3.2225528
40687357, 0xFFFF, 0651, 3.2222477
40749849, 0xFFFF, 0652, 3.2222477
40812364, 0xFFFF, 0653, 3.2227054
40874846, 0xFFFF, 0654, 3.2224002
40937367, 0xFFFF, 0655, 3.2220188
40999847, 0xFFFF, 0656, 3.2220951
41062355, 0xFFFF, 0657, 3.2222477
41124849, 0xFFFF, 0658, 3.2220951
41187357, 0xFFFF, 0659, 3.2224765
41249857, 0xFFFF, 0660, 3.2227054
41312358, 0xFFFF, 0661, 3.2227817
41374848, 0xFFFF, 0662, 3.2223239
41437354, 0xFFFF, 0663, 3.2223239
41499848, 0xFFFF, 0664, 3.2224002
41562370, 0xFFFF, 0665, 3.2224002
41624857, 0xFFFF, 0666, 3.2224002
41687354, 0xFFFF, 0667, 3.2223239
41749850, 0xFFFF, 0668, 3.2223239
41812358, 0xFFFF, 0669, 3.2223239
41874855, 0xFFFF, 0670, 3.2224765
41937355, 0xFFFF, 0671, 3.2223239
41999859, 0xFFFF, 0672, 3.2224765
42062354, 0xFFFF, 0673, 3.2222477
42124846, 0xFFFF, 0674, 3.2221714
42187368, 0xFFFF, 0675, 3.2222477
42249849, 0xFFFF, 0676, 3.2221714
42312364, 0xFFFF, 0677, 3.2225528
42374849, 0xFFFF, 0678, 3.2224002
42437356, 0xFFFF, 0679, 3.2224765
42499847, 0xFFFF, 0680, 3.2224002
42562356, 0xFFFF, 0681, 3.2223239
42624859, 0xFFFF, 0682, 3.2224002
42687359, 0xFFFF, 0683, 3.2224002
42749848, 0xFFFF, 0684, 3.2224002
42812356, 0xFFFF, 0685, 3.2223239
42874849, 0xFFFF, 0686, 3.2223239
42937366, 0xFFFF, 0687, 3.2224002
42999847, 0xFFFF, 0688, 3.2224002
43062357, 0xFFFF, 0689, 3.2222477
43124847, 0xFFFF, 0690, 3.2223239
43187354, 0xFFFF, 0691, 3.2224765
43249861, 0xFFFF, 0692, 3.2224002
43312356, 0xFFFF, 0693, 3.2221714
43374855, 0xFFFF, 0694, 3.2223239
43437357, 0xFFFF, 0695, 3.2223239
43499849, 0xFFFF, 0696, 3.2222477
43562365, 0xFFFF, 0697, 3.2222477
43624846, 0xFFFF, 0698, 3.2224002
43687367, 0xFFFF, 0699, 3.2222477
43749846, 0xFFFF, 0700, 3.2223239
43812354, 0xFFFF, 0701, 3.2224002
43874849, 0xFFFF, 0702, 3.2222477
43937363, 0xFFFF, 0703, 3.2224002
43999856, 0xFFFF, 0704, 3.2223239
44062358, 0xFFFF, 0705, 3.2223239
44124849, 0xFFFF, 0706, 3.2223239
44187354, 0xFFFF, 0707, 3.2224002
44249857, 0xFFFF, 0708, 3.2223239
44312369, 0xFFFF, 0709, 3.2228580
44374848, 0xFFFF, 0710, 3.2223239
44437354, 0xFFFF, 0711, 3.2222477
44499848, 0xFFFF, 0712, 3.2223239
44562367, 0xFFFF, 0713, 3.2223239
44624855, 0xFFFF, 0714, 3.2222477
44687355, 0xFFFF, 0715, 3.2224002
44749859, 0xFFFF, 0716, 3.2223239
44812354, 0xFFFF, 0717, 3.2223239
44874858, 0xFFFF, 0718, 3.2222477
44937369, 0xFFFF, 0719, 3.2225528
44999849, 0xFFFF, 0720, 3.2223239
45062363, 0xFFFF, 0721, 3.2222477
45124848, 0xFFFF, 0722, 3.2224002
45187368, 0xFFFF, 0723, 3.2225528
45249848, 0xFFFF, 0724, 3.2224765
45312355, 0xFFFF, 0725, 3.2224765
45374859, 0xFFFF, 0726, 3.2226291
45437360, 0xFFFF, 0727, 3.2225528
45499858, 0xFFFF, 0728, 3.2224002
45562356, 0xFFFF, 0729, 3.2223239
45624849, 0xFFFF, 0730, 3.2224002
45687364, 0xFFFF, 0731, 3.2224002
45749847, 0xFFFF, 0732, 3.2223239
45812368, 0xFFFF, 0733, 3.2224002
45874845, 0xFFFF, 0734, 3.2223239
45937356, 0xFFFF, 0735, 3.2223239
45999870, 0xFFFF, 0736, 3.2223239
46062366, 0xFFFF, 0737, 3.2223239
46124861, 0xFFFF, 0738, 3.2222477
46187355, 0xFFFF, 0739, 3.2223239
46249848, 0xFFFF, 0740, 3.2223239
46312373, 0xFFFF, 0741, 3.2222477
46374846, 0xFFFF, 0742, 3.2223239
46437372, 0xFFFF, 0743, 3.2222477
46499847, 0xFFFF, 0744, 3.2221714
46562356, 0xFFFF, 0745, 3.2224765
46624858, 0xFFFF, 0746, 3.2224765
46687358, 0xFFFF, 0747, 3.2227054
46749865, 0xFFFF, 0748, 3.2223239
46812360, 0xFFFF, 0749, 3.2227817
46874849, 0xFFFF, 0750, 3.2224765
46937365, 0xFFFF, 0751, 3.2224002
46999847, 0xFFFF, 0752, 3.2224002
47062378, 0xFFFF, 0753, 3.2221714
47124858, 0xFFFF, 0754, 3.2220188
47187354, 0xFFFF, 0755, 3.2224002
47249861, 0xFFFF, 0756, 3.2223239
47312356, 0xFFFF, 0757, 3.2226291
47374866, 0xFFFF, 0758, 3.2222477
47437356, 0xFFFF, 0759, 3.2224765
47499858, 0xFFFF, 0760, 3.2224002
47562365, 0xFFFF, 0761, 3.2224002
47624847, 0xFFFF, 0762, 3.2224002
47687378, 0xFFFF, 0763, 3.2224002
47749850, 0xFFFF, 0764, 3.2224002
47812363, 0xFFFF, 0765, 3.2226291
47874860, 0xFFFF, 0766, 3.2222477
47937357, 0xFFFF, 0767, 3.2222477
47999859, 0xFFFF, 0768, 3.2221714
48062359, 0xFFFF, 0769, 3.2223239
48124860, 0xFFFF, 0770, 3.2222477
48187371, 0xFFFF, 0771, 3.2227054
48249847, 0xFFFF, 0772, 3.2224002
48312367, 0xFFFF, 0773, 3.2227054
48374856, 0xFFFF, 0774, 3.2224002
48437365, 0xFFFF, 0775, 3.2219425
48499869, 0xFFFF, 0776, 3.2223239
48562356, 0xFFFF, 0777, 3.2222477
48624846, 0xFFFF, 0778, 3.2223239
48687362, 0xFFFF, 0779, 3.2223239
48749850, 0xFFFF, 0780, 3.2222477
48812376, 0xFFFF, 0781, 3.2225528
48874854, 0xFFFF, 0782, 3.2224002
48937356, 0xFFFF, 0783, 3.2224002
48999858, 0xFFFF, 0784, 3.2224765
49062355, 0xFFFF, 0785, 3.2223239
49124857, 0xFFFF, 0786, 3.2223239
49187367, 0xFFFF, 0787, 3.2222477
49249847, 0xFFFF, 0788, 3.2223239
49312362, 0xFFFF, 0789, 3.2226291
49374849, 0xFFFF, 0790, 3.2223239
49437369, 0xFFFF, 0791, 3.2224002
49499856, 0xFFFF, 0792, 3.2224002
49562360, 0xFFFF, 0793, 3.2222477
49624858, 0xFFFF, 0794, 3.2223239
49687354, 0xFFFF, 0795, 3.2220188
49749848, 0xFFFF, 0796, 3.2223239
49812368, 0xFFFF, 0797, 3.2226291
49874849, 0xFFFF, 0798, 3.2223239
49937364, 0xFFFF, 0799, 3.2224765
49999849, 0xFFFF, 0800, 3.2221714
50062358, 0xFFFF, 0801, 3.2224002
50124856, 0xFFFF, 0802, 3.2222477
50187354, 0xFFFF, 0803, 3.2222477
50249864, 0xFFFF, 0804, 3.2224765
50312354, 0xFFFF, 0805, 3.2223239
50374846, 0xFFFF, 0806, 3.2223239
50437376, 0xFFFF, 0807, 3.2226291
50499850, 0xFFFF, 0808, 3.2224765
50562369, 0xFFFF, 0809, 3.2222477
50624849, 0xFFFF, 0810, 3.2222477
50687356, 0xFFFF, 0811, 3.2223239
50749856, 0xFFFF, 0812, 3.2222477
50812353, 0xFFFF, 0813, 3.2227817
50874867, 0xFFFF, 0814, 3.2221714
50937360, 0xFFFF, 0815, 3.2224002
50999847, 0xFFFF, 0816, 3.2223239
51062365, 0xFFFF, 0817, 3.2223239
51124848, 0xFFFF, 0818, 3.2222477
51187372, 0xFFFF, 0819, 3.2222477
51249848, 0xFFFF, 0820, 3.2221714
51312357, 0xFFFF, 0821, 3.2228580
51374856, 0xFFFF, 0822, 3.2222477
51437356, 0xFFFF, 0823, 3.2224002
51499868, 0xFFFF, 0824, 3.2222477
51562357, 0xFFFF, 0825, 3.2222477
51624855, 0xFFFF, 0826, 3.2224765
51687364, 0xFFFF, 0827, 3.2222477
51749849, 0xFFFF, 0828, 3.2223239
51812373, 0xFFFF, 0829, 3.2223239
51874846, 0xFFFF, 0830, 3.2223239
51937367, 0xFFFF, 0831, 3.2222477
51999853, 0xFFFF, 0832, 3.2222477
52062356, 0xFFFF, 0833, 3.2221714
52124858, 0xFFFF, 0834, 3.2221714
52187357, 0xFFFF, 0835, 3.2222477
52249856, 0xFFFF, 0836, 3.2224002
52312369, 0xFFFF, 0837, 3.2221714
52374849, 0xFFFF, 0838, 3.2221714
52437365, 0xFFFF, 0839, 3.2222477
52499847, 0xFFFF, 0840, 3.2221714
52562369, 0xFFFF, 0841, 3.2220188
52624865, 0xFFFF, 0842, 3.2220951
52687353, 0xFFFF, 0843, 3.2222477
52749848, 0xFFFF, 0844, 3.2221714
52812356, 0xFFFF, 0845, 3.2222477
52874846, 0xFFFF, 0846, 3.2221714
52937375, 0xFFFF, 0847, 3.2220951
52999859, 0xFFFF, 0848, 3.2224765
53062355, 0xFFFF, 0849, 3.2222477
53124847, 0xFFFF, 0850, 3.2221714
53187357, 0xFFFF, 0851, 3.2221714
53249858, 0xFFFF, 0852, 3.2222477
53312363, 0xFFFF, 0853, 3.2226291
53374848, 0xFFFF, 0854, 3.2221714
53437358, 0xFFFF, 0855, 3.2227054
53499847, 0xFFFF, 0856, 3.2220951
53562364, 0xFFFF, 0857, 3.2222477
53624860, 0xFFFF, 0858, 3.2222477
53687360, 0xFFFF, 0859, 3.2223239
53749846, 0xFFFF, 0860, 3.2224002
53812356, 0xFFFF, 0861, 3.2221714
53874849, 0xFFFF, 0862, 3.2222477
53937365, 0xFFFF, 0863, 3.2221714
53999847, 0xFFFF, 0864, 3.2225528
54062357, 0xFFFF, 0865, 3.2224765
54124847, 0xFFFF, 0866, 3.2221714
54187353, 0xFFFF, 0867, 3.2221714
54249850, 0xFFFF, 0868, 3.2221714
54312367, 0xFFFF, 0869, 3.2222477
54374855, 0xFFFF, 0870, 3.2220951
54437357, 0xFFFF, 0871, 3.2222477
54499849, 0xFFFF, 0872, 3.2220951
54562355, 0xFFFF, 0873, 3.2221714
54624846, 0xFFFF, 0874, 3.2221714
54687367, 0xFFFF, 0875, 3.2223239
54749846, 0xFFFF, 0876, 3.2222477
54812354, 0xFFFF, 0877, 3.2221714
54874848, 0xFFFF, 0878, 3.2222477
54937358, 0xFFFF, 0879, 3.2221714
54999855, 0xFFFF, 0880, 3.2224002
55062361, 0xFFFF, 0881, 3.2220188
55124849, 0xFFFF, 0882, 3.2220951
55187353, 0xFFFF, 0883, 3.2221714
55249848, 0xFFFF, 0884, 3.2220951
55312369, 0xFFFF, 0885, 3.2225528
55374848, 0xFFFF, 0886, 3.2222477
55437356, 0xFFFF, 0887, 3.2220951
55499848, 0xFFFF, 0888, 3.2220951
55562358, 0xFFFF, 0889, 3.2220188
55624847, 0xFFFF, 0890, 3.2220951
55687354, 0xFFFF, 0891, 3.2220951
55749859, 0xFFFF, 0892, 3.2220188
55812353, 0xFFFF, 0893, 3.2220951
55874847, 0xFFFF, 0894, 3.2221714
55937357, 0xFFFF, 0895, 3.2222477
55999849, 0xFFFF, 0896, 3.2222477
56062364, 0xFFFF, 0897, 3.2221714
56124848, 0xFFFF, 0898, 3.2221714
56187357, 0xFFFF, 0899, 3.2220951
56249847, 0xFFFF, 0900, 3.2221714
56312355, 0xFFFF, 0901, 3.2220951
56374860, 0xFFFF, 0902, 3.2220951
56437360, 0xFFFF, 0903, 3.2220951
56499847, 0xFFFF, 0904, 3.2224002
56562357, 0xFFFF, 0905, 3.2221714
56624850, 0xFFFF, 0906, 3.2220951
56687364, 0xFFFF, 0907, 3.2221714
56749846, 0xFFFF, 0908, 3.2224002
56812356, 0xFFFF, 0909, 3.2225528
56874847, 0xFFFF, 0910, 3.2222477
56937356, 0xFFFF, 0911, 3.2220951
56999850, 0xFFFF, 0912, 3.2220188
57062367, 0xFFFF, 0913, 3.2224002
57124855, 0xFFFF, 0914, 3.2221714
57187357, 0xFFFF, 0915, 3.2222477
57249850, 0xFFFF, 0916, 3.2220951
57312355, 0xFFFF, 0917, 3.2225528
57374847, 0xFFFF, 0918, 3.2225528
57437368, 0xFFFF, 0919, 3.2221714
57499847, 0xFFFF, 0920, 3.2220188
57562356, 0xFFFF, 0921, 3.2224002
57624849, 0xFFFF, 0922, 3.2220951
57687357, 0xFFFF, 0923, 3.2221714
57749857, 0xFFFF, 0924, 3.2219425
57812362, 0xFFFF, 0925, 3.2226291
57874849, 0xFFFF, 0926, 3.2220951
57937355, 0xFFFF, 0927, 3.2220188
57999846, 0xFFFF, 0928, 3.2220951
58062369, 0xFFFF, 0929, 3.2220951
58124849, 0xFFFF, 0930, 3.2221714
58187355, 0xFFFF, 0931, 3.2222477
58249850, 0xFFFF, 0932, 3.2221714
58312358, 0xFFFF, 0933, 3.2224765
58374847, 0xFFFF, 0934, 3.2221714
58437356, 0xFFFF, 0935, 3.2220951
58499859, 0xFFFF, 0936, 3.2220951
58562354, 0xFFFF, 0937, 3.2221714
58624846, 0xFFFF, 0938, 3.2221714
58687357, 0xFFFF, 0939, 3.2221714
58749850, 0xFFFF, 0940, 3.2224002
58812363, 0xFFFF, 0941, 3.2225528
58874849, 0xFFFF, 0942, 3.2222477
58937358, 0xFFFF, 0943, 3.2219425
58999847, 0xFFFF, 0944, 3.2221714
59062362, 0xFFFF, 0945, 3.2222477
59124860, 0xFFFF, 0946, 3.2219425
59187360, 0xFFFF, 0947, 3.2220951
59249846, 0xFFFF, 0948, 3.2221714
59312358, 0xFFFF, 0949, 3.2226291
59374858, 0xFFFF, 0950, 3.2225528
59437365, 0xFFFF, 0951, 3.2217899
59499847, 0xFFFF, 0952, 3.2220951
59562357, 0xFFFF, 0953, 3.2220951
59624845, 0xFFFF, 0954, 3.2220188
59687365, 0xFFFF, 0955, 3.2223239
59749851, 0xFFFF, 0956, 3.2221714
59812356, 0xFFFF, 0957, 3.2224002
59874856, 0xFFFF, 0958, 3.2220188
59937358, 0xFFFF, 0959, 3.2220951
59999860, 0xFFFF, 0960, 3.2224002
60062355, 0xFFFF, 0961, 3.2220951
60124847, 0xFFFF, 0962, 3.2222477
60187367, 0xFFFF, 0963, 3.2220188
60249846, 0xFFFF, 0964, 3.2221714
60312365, 0xFFFF, 0965, 3.2224765
60374849, 0xFFFF, 0966, 3.2220951
60437359, 0xFFFF, 0967, 3.2219425
60499857, 0xFFFF, 0968, 3.2220188
60562361, 0xFFFF, 0969, 3.2223239
60624860, 0xFFFF, 0970, 3.2220951
60687354, 0xFFFF, 0971, 3.2217136
60749848, 0xFFFF, 0972, 3.2224002
60812369, 0xFFFF, 0973, 3.2224765
60874847, 0xFFFF, 0974, 3.2220951
60937367, 0xFFFF, 0975, 3.2223239
60999849, 0xFFFF, 0976, 3.2221714
61062358, 0xFFFF, 0977, 3.2217899
61124858, 0xFFFF, 0978, 3.2220188
61187354, 0xFFFF, 0979, 3.2221714
61249864, 0xFFFF, 0980, 3.2220951
61312353, 0xFFFF, 0981, 3.2224002
61374847, 0xFFFF, 0982, 3.2220951
61437368, 0xFFFF, 0983, 3.2219425
61499849, 0xFFFF, 0984, 3.2220951
61562371, 0xFFFF, 0985, 3.2220951
61624849, 0xFFFF, 0986, 3.2220188
61687356, 0xFFFF, 0987, 3.2220188
61749858, 0xFFFF, 0988, 3.2220951
61812355, 0xFFFF, 0989, 3.2220188
61874869, 0xFFFF, 0990, 3.2220951
61937361, 0xFFFF, 0991, 3.2223239
61999847, 0xFFFF, 0992, 3.2220188
62062366, 0xFFFF, 0993, 3.2219425
62124849, 0xFFFF, 0994, 3.2220188
62187374, 0xFFFF, 0995, 3.2220951
62249848, 0xFFFF, 0996, 3.2220188
62312357, 0xFFFF, 0997, 3.2220188
62374858, 0xFFFF, 0998, 3.2220951
62437356, 0xFFFF, 0999, 3.2220951
62499871, 0xFFFF, 1000, 3.2220188
62562357, 0xFFFF, 1001, 3.2220951
62624855, 0xFFFF, 1002, 3.2223239
62687366, 0xFFFF, 1003, 3.2220188
62749848, 0xFFFF, 1004, 3.2221714
62812375, 0xFFFF, 1005, 3.2220188
62874846, 0xFFFF, 1006, 3.2218662
62937368, 0xFFFF, 1007, 3.2220188
62999857, 0xFFFF, 1008, 3.2219425
63062356, 0xFFFF, 1009, 3.2221714
63124860, 0xFFFF, 1010, 3.2221714
63187362, 0xFFFF, 1011, 3.2221714
63249857, 0xFFFF, 1012, 3.2220188
63312371, 0xFFFF, 1013, 3.2221714
63374849, 0xFFFF, 1014, 3.2220188
63437366, 0xFFFF, 1015, 3.2217136
63499854, 0xFFFF, 1016, 3.2221714
63562369, 0xFFFF, 1017, 3.2221714
63624867, 0xFFFF, 1018, 3.2220951
63687354, 0xFFFF, 1019, 3.2221714
63749850, 0xFFFF, 1020, 3.2218662
63812365, 0xFFFF, 1021, 3.2219425
63874847, 0xFFFF, 1022, 3.2222477
63937376, 0xFFFF, 1023, 3.2220951
63999858, 0xFFFF, 1024, 3.2220188
64062356, 0xFFFF, 1025, 3.2221714
64124855, 0xFFFF, 1026, 3.2220188
64187356, 0xFFFF, 1027, 3.2220188
64249860, 0xFFFF, 1028, 3.2221714
64312363, 0xFFFF, 1029, 3.2218662
64374849, 0xFFFF, 1030, 3.2220951
64437365, 0xFFFF, 1031, 3.2221714
64499847, 0xFFFF, 1032, 3.2220951
64562366, 0xFFFF, 1033, 3.2221714
64624859, 0xFFFF, 1034, 3.2219425
64687360, 0xFFFF, 1035, 3.2220951
64749857, 0xFFFF, 1036, 3.2222477
64812356, 0xFFFF, 1037, 3.2220951
64874850, 0xFFFF, 1038, 3.2220188
64937365, 0xFFFF, 1039, 3.2219425
64999847, 0xFFFF, 1040, 3.2220951
65062367, 0xFFFF, 1041, 3.2220188
65124847, 0xFFFF, 1042, 3.2220188
65187353, 0xFFFF, 1043, 3.2220188
65249858, 0xFFFF, 1044, 3.2219425
65312357, 0xFFFF, 1045, 3.2220188
65374863, 0xFFFF, 1046, 3.2219425
65437357, 0xFFFF, 1047, 3.2220188
65499849, 0xFFFF, 1048, 3.2222477
65562364, 0xFFFF, 1049, 3.2220188
65624847, 0xFFFF, 1050, 3.2220188
65687372, 0xFFFF, 1051, 3.2221714
65749848, 0xFFFF, 1052, 3.2218662
65812354, 0xFFFF, 1053, 3.2219425
65874857, 0xFFFF, 1054, 3.2222477
65937357, 0xFFFF, 1055, 3.2220188
65999865, 0xFFFF, 1056, 3.2219425
66062362, 0xFFFF, 1057, 3.2220188
66124849, 0xFFFF, 1058, 3.2219425
66187361, 0xFFFF, 1059, 3.2222477
66249848, 0xFFFF, 1060, 3.2219425
66312376, 0xFFFF, 1061, 3.2218662
66374848, 0xFFFF, 1062, 3.2220951
66437356, 0xFFFF, 1063, 3.2219425
66499858, 0xFFFF, 1064, 3.2220188
66562357, 0xFFFF, 1065, 3.2220951
66624864, 0xFFFF, 1066, 3.2219425
66687355, 0xFFFF, 1067, 3.2219425
66749859, 0xFFFF, 1068, 3.2220951
66812363, 0xFFFF, 1069, 3.2223239
66874846, 0xFFFF, 1070, 3.2220951
66937377, 0xFFFF, 1071, 3.2219425
66999849, 0xFFFF, 1072, 3.2221714
67062364, 0xFFFF, 1073, 3.2220188
67124857, 0xFFFF, 1074, 3.2219425
67187357, 0xFFFF, 1075, 3.2219425
67249856, 0xFFFF, 1076, 3.2219425
67312355, 0xFFFF, 1077, 3.2225528
67374859, 0xFFFF, 1078, 3.2220951
67437370, 0xFFFF, 1079, 3.2218662
67499848, 0xFFFF, 1080, 3.2219425
67562366, 0xFFFF, 1081, 3.2221714
67624850, 0xFFFF, 1082, 3.2222477
67687364, 0xFFFF, 1083, 3.2217136
67749868, 0xFFFF, 1084, 3.2217899
67812357, 0xFFFF, 1085, 3.2224002
67874847, 0xFFFF, 1086, 3.2217899
67937355, 0xFFFF, 1087, 3.2223239
67999849, 0xFFFF, 1088, 3.2215610
68062374, 0xFFFF, 1089, 3.2219425
68124855, 0xFFFF, 1090, 3.2219425
68187357, 0xFFFF, 1091, 3.2220188
68249850, 0xFFFF, 1092, 3.2220188
68312355, 0xFFFF, 1093, 3.2224002
68374855, 0xFFFF, 1094, 3.2224765
68437368, 0xFFFF, 1095, 3.2220188
68499846, 0xFFFF, 1096, 3.2219425
68562356, 0xFFFF, 1097, 3.2216373
68624849, 0xFFFF, 1098, 3.2220188
68687365, 0xFFFF, 1099, 3.2219425
68749856, 0xFFFF, 1100, 3.2219425
68812361, 0xFFFF, 1101, 3.2224765
68874849, 0xFFFF, 1102, 3.2219425
68937354, 0xFFFF, 1103, 3.2223239
68999847, 0xFFFF, 1104, 3.2220188
69062369, 0xFFFF, 1105, 3.2212558
69124849, 0xFFFF, 1106, 3.2220951
69187355, 0xFFFF, 1107, 3.2219425
69249850, 0xFFFF, 1108, 3.2223239
69312356, 0xFFFF, 1109, 3.2223239
69374847, 0xFFFF, 1110, 3.2220951
69437355, 0xFFFF, 1111, 3.2220188
69499858, 0xFFFF, 1112, 3.2215610
69562355, 0xFFFF, 1113, 3.2220188
69624847, 0xFFFF, 1114, 3.2219425
69687356, 0xFFFF, 1115, 3.2221714
69749850, 0xFFFF, 1116, 3.2220188
69812363, 0xFFFF, 1117, 3.2224765
69874849, 0xFFFF, 1118, 3.2220188
69937356, 0xFFFF, 1119, 3.2218662
69999847, 0xFFFF, 1120, 3.2219425
70062355, 0xFFFF, 1121, 3.2220951
70124859, 0xFFFF, 1122, 3.2220188
70187361, 0xFFFF, 1123, 3.2219425
70249848, 0xFFFF, 1124, 3.2220951
70312356, 0xFFFF, 1125, 3.2223239
70374849, 0xFFFF, 1126, 3.2224765
70437365, 0xFFFF, 1127, 3.2219425
70499847, 0xFFFF, 1128, 3.2221714
70562359, 0xFFFF, 1129, 3.2219425
70624846, 0xFFFF, 1130, 3.2220188
70687355, 0xFFFF, 1131, 3.2220188
70749850, 0xFFFF, 1132, 3.2218662
70812356, 0xFFFF, 1133, 3.2223239
70874854, 0xFFFF, 1134, 3.2221714
70937356, 0xFFFF, 1135, 3.2224002
70999849, 0xFFFF, 1136, 3.2219425
71062355, 0xFFFF, 1137, 3.2221714
71124846, 0xFFFF, 1138, 3.2219425
71187366, 0xFFFF, 1139, 3.2220188
71249847, 0xFFFF, 1140, 3.2219425
71312355, 0xFFFF, 1141, 3.2221714
71374849, 0xFFFF, 1142, 3.2224002
71437358, 0xFFFF, 1143, 3.2219425
71499856, 0xFFFF, 1144, 3.2218662
71562361, 0xFFFF, 1145, 3.2218662
71624850, 0xFFFF, 1146, 3.2219425
71687354, 0xFFFF, 1147, 3.2218662
71749848, 0xFFFF, 1148, 3.2219425
71812369, 0xFFFF, 1149, 3.2222477
71874848, 0xFFFF, 1150, 3.2220188
71937356, 0xFFFF, 1151, 3.2218662
71999849, 0xFFFF, 1152, 3.2227054
72062357, 0xFFFF, 1153, 3.2218662
72124848, 0xFFFF, 1154, 3.2222477
72187354, 0xFFFF, 1155, 3.2218662
72249859, 0xFFFF, 1156, 3.2223239
72312354, 0xFFFF, 1157, 3.2218662
72374847, 0xFFFF, 1158, 3.2218662
72437358, 0xFFFF, 1159, 3.2218662
72499848, 0xFFFF, 1160, 3.2218662
72562364, 0xFFFF, 1161, 3.2218662
72624849, 0xFFFF, 1162, 3.2217899
72687356, 0xFFFF, 1163, 3.2218662
72749848, 0xFFFF, 1164, 3.2217899
72812355, 0xFFFF, 1165, 3.2218662
72874859, 0xFFFF, 1166, 3.2218662
72937363, 0xFFFF, 1167, 3.2219425
72999847, 0xFFFF, 1168, 3.2218662
73062356, 0xFFFF, 1169, 3.2218662
73124849, 0xFFFF, 1170, 3.2220188
73187364, 0xFFFF, 1171, 3.2219425
73249848, 0xFFFF, 1172, 3.2218662
73312357, 0xFFFF, 1173, 3.2220188
73374845, 0xFFFF, 1174, 3.2218662
73437355, 0xFFFF, 1175, 3.2220188
73499849, 0xFFFF, 1176, 3.2217899
73562358, 0xFFFF, 1177, 3.2219425
73624855, 0xFFFF, 1178, 3.2218662
73687357, 0xFFFF, 1179, 3.2220951
73749850, 0xFFFF, 1180, 3.2218662
73812354, 0xFFFF, 1181, 3.2220188
73874846, 0xFFFF, 1182, 3.2218662
73937367, 0xFFFF, 1183, 3.2220951
73999845, 0xFFFF, 1184, 3.2220188
74062355, 0xFFFF, 1185, 3.2220951
74124848, 0xFFFF, 1186, 3.2219425
74187365, 0xFFFF, 1187, 3.2220951
74249856, 0xFFFF, 1188, 3.2220188
74312362, 0xFFFF, 1189, 3.2220188
74374849, 0xFFFF, 1190, 3.2217899
74437355, 0xFFFF, 1191, 3.2219425
74499856, 0xFFFF, 1192, 3.2217899
74562369, 0xFFFF, 1193, 3.2218662
74624849, 0xFFFF, 1194, 3.2217899
74687355, 0xFFFF, 1195, 3.2219425
74749850, 0xFFFF, 1196, 3.2218662
74812366, 0xFFFF, 1197, 3.2220188
74874848, 0xFFFF, 1198, 3.2217899
74937356, 0xFFFF, 1199, 3.2219425
74999859, 0xFFFF, 1200, 3.2218662
75062354, 0xFFFF, 1201, 3.2220951
75124858, 0xFFFF, 1202, 3.2215610
75187356, 0xFFFF, 1203, 3.2218662
75249849, 0xFFFF, 1204, 3.2217899
75312362, 0xFFFF, 1205, 3.2218662
75374848, 0xFFFF, 1206, 3.2221714
75437370, 0xFFFF, 1207, 3.2218662
75499847, 0xFFFF, 1208, 3.2220188
75562355, 0xFFFF, 1209, 3.2217899
75624861, 0xFFFF, 1210, 3.2220188
75687362, 0xFFFF, 1211, 3.2218662
75749859, 0xFFFF, 1212, 3.2218662
75812356, 0xFFFF, 1213, 3.2217899
75874849, 0xFFFF, 1214, 3.2218662
75937369, 0xFFFF, 1215, 3.2217899
75999846, 0xFFFF, 1216, 3.2217136
76062368, 0xFFFF, 1217, 3.2217136
76124847, 0xFFFF, 1218, 3.2218662
76187355, 0xFFFF, 1219, 3.2217899
76249861, 0xFFFF, 1220, 3.2217899
76312356, 0xFFFF, 1221, 3.2220188
76374863, 0xFFFF, 1222, 3.2217899
76437358, 0xFFFF, 1223, 3.2219425
76499848, 0xFFFF, 1224, 3.2217899
76562366, 0xFFFF, 1225, 3.2219425
76624846, 0xFFFF, 1226, 3.2218662
76687374, 0xFFFF, 1227, 3.2218662
76749848, 0xFFFF, 1228, 3.2220951
76812354, 0xFFFF, 1229, 3.2221714
76874858, 0xFFFF, 1230, 3.2223239
76937359, 0xFFFF, 1231, 3.2217136
76999866, 0xFFFF, 1232, 3.2218662
77062363, 0xFFFF, 1233, 3.2218662
77124849, 0xFFFF, 1234, 3.2217899
77187364, 0xFFFF, 1235, 3.2220188
77249847, 0xFFFF, 1236, 3.2217899
77312378, 0xFFFF, 1237, 3.2222477
77374849, 0xFFFF, 1238, 3.2220951
77437356, 0xFFFF, 1239, 3.2218662
77499861, 0xFFFF, 1240, 3.2217136
77562356, 0xFFFF, 1241, 3.2226291
77624866, 0xFFFF, 1242, 3.2220951
77687355, 0xFFFF, 1243, 3.2217136
77749859, 0xFFFF, 1244, 3.2218662
77812365, 0xFFFF, 1245, 3.2218662
77874847, 0xFFFF, 1246, 3.2221714
77937380, 0xFFFF, 1247, 3.2217136
77999849, 0xFFFF, 1248, 3.2218662
78062364, 0xFFFF, 1249, 3.2218662
78124859, 0xFFFF, 1250, 3.2218662
78187356, 0xFFFF, 1251, 3.2218662
78249857, 0xFFFF, 1252, 3.2218662
78312360, 0xFFFF, 1253, 3.2222477
78374859, 0xFFFF, 1254, 3.2223239
78437373, 0xFFFF, 1255, 3.2219425
78499847, 0xFFFF, 1256, 3.2219425
78562370, 0xFFFF, 1257, 3.2218662
78624857, 0xFFFF, 1258, 3.2218662
78687363, 0xFFFF, 1259, 3.2216373
78749869, 0xFFFF, 1260, 3.2217899
78812358, 0xFFFF, 1261, 3.2222477
78874846, 0xFFFF, 1262, 3.2220188
78937363, 0xFFFF, 1263, 3.2219425
78999850, 0xFFFF, 1264, 3.2218662
79062378, 0xFFFF, 1265, 3.2218662
79124855, 0xFFFF, 1266, 3.2219425
79187356, 0xFFFF, 1267, 3.2218662
79249858, 0xFFFF, 1268, 3.2218662
79312355, 0xFFFF, 1269, 3.2223239
79374857, 0xFFFF, 1270, 3.2222477
79437369, 0xFFFF, 1271, 3.2217136
79499846, 0xFFFF, 1272, 3.2217899
79562362, 0xFFFF, 1273, 3.2217136
79624849, 0xFFFF, 1274, 3.2218662
79687368, 0xFFFF, 1275, 3.2217136
79749858, 0xFFFF, 1276, 3.2216373
79812362, 0xFFFF, 1277, 3.2221714
79874858, 0xFFFF, 1278, 3.2222477
79937354, 0xFFFF, 1279, 3.2218662
79999847, 0xFFFF, 1280, 3.2217899
80062368, 0xFFFF, 1281, 3.2219425
80124848, 0xFFFF, 1282, 3.2218662
80187363, 0xFFFF, 1283, 3.2219425
80249850, 0xFFFF, 1284, 3.2218662
80312356, 0xFFFF, 1285, 3.2220951
80374855, 0xFFFF, 1286, 3.2221714
80437355, 0xFFFF, 1287, 3.2217899
80499866, 0xFFFF, 1288, 3.2217899
80562355, 0xFFFF, 1289, 3.2219425
80624847, 0xFFFF, 1290, 3.2219425
80687365, 0xFFFF, 1291, 3.2217136
80749850, 0xFFFF, 1292, 3.2217899
80812371, 0xFFFF, 1293, 3.2224765
80874849, 0xFFFF, 1294, 3.2221714
80937356, 0xFFFF, 1295, 3.2218662
80999855, 0xFFFF, 1296, 3.2217136
81062356, 0xFFFF, 1297, 3.2219425
81124868, 0xFFFF, 1298, 3.2218662
81187362, 0xFFFF, 1299, 3.2216373
81249850, 0xFFFF, 1300, 3.2217899
81312364, 0xFFFF, 1301, 3.2223239
81374849, 0xFFFF, 1302, 3.2223239
81437374, 0xFFFF, 1303, 3.2218662
81499847, 0xFFFF, 1304, 3.2220951
81562360, 0xFFFF, 1305, 3.2217136
81624855, 0xFFFF, 1306, 3.2218662
81687355, 0xFFFF, 1307, 3.2217899
81749868, 0xFFFF, 1308, 3.2217136
81812358, 0xFFFF, 1309, 3.2219425
81874854, 0xFFFF, 1310, 3.2217136
81937364, 0xFFFF, 1311, 3.2217136
81999849, 0xFFFF, 1312, 3.2217899
82062373, 0xFFFF, 1313, 3.2216373
82124846, 0xFFFF, 1314, 3.2218662
82187367, 0xFFFF, 1315, 3.2218662
82249855, 0xFFFF, 1316, 3.2217136
82312355, 0xFFFF, 1317, 3.2217899
82374858, 0xFFFF, 1318, 3.2215610
82437358, 0xFFFF, 1319, 3.2216373
82499856, 0xFFFF, 1320, 3.2217136
82562371, 0xFFFF, 1321, 3.2215610
82624851, 0xFFFF, 1322, 3.2218662
82687364, 0xFFFF, 1323, 3.2218662
82749848, 0xFFFF, 1324, 3.2216373
82812368, 0xFFFF, 1325, 3.2216373
82874866, 0xFFFF, 1326, 3.2218662
82937357, 0xFFFF, 1327, 3.2216373
82999848, 0xFFFF, 1328, 3.2217899
83062358, 0xFFFF, 1329, 3.2220188
83124848, 0xFFFF, 1330, 3.2217899
83187375, 0xFFFF, 1331, 3.2216373
83249860, 0xFFFF, 1332, 3.2218662
83312354, 0xFFFF, 1333, 3.2217136
83374847, 0xFFFF, 1334, 3.2217136
83437357, 0xFFFF, 1335, 3.2221714
83499858, 0xFFFF, 1336, 3.2217899
83562364, 0xFFFF, 1337, 3.2217899
83624847, 0xFFFF, 1338, 3.2220188
83687358, 0xFFFF, 1339, 3.2216373
83749848, 0xFFFF, 1340, 3.2215610
83812364, 0xFFFF, 1341, 3.2220188
83874859, 0xFFFF, 1342, 3.2217899
83937363, 0xFFFF, 1343, 3.2217899
83999849, 0xFFFF, 1344, 3.2216373
84062357, 0xFFFF, 1345, 3.2216373
84124850, 0xFFFF, 1346, 3.2217136
84187364, 0xFFFF, 1347, 3.2217136
84249848, 0xFFFF, 1348, 3.2220951
84312358, 0xFFFF, 1349, 3.2218662
84374847, 0xFFFF, 1350, 3.2220951
84437356, 0xFFFF, 1351, 3.2216373
84499850, 0xFFFF, 1352, 3.2217899
84562358, 0xFFFF, 1353, 3.2220188
84624855, 0xFFFF, 1354, 3.2217136
84687356, 0xFFFF, 1355, 3.2217136
84749849, 0xFFFF, 1356, 3.2219425
84812356, 0xFFFF, 1357, 3.2220951
84874846, 0xFFFF, 1358, 3.2218662
84937367, 0xFFFF, 1359, 3.2215610
84999847, 0xFFFF, 1360, 3.2217136
85062354, 0xFFFF, 1361, 3.2216373
85124847, 0xFFFF, 1362, 3.2217899
85187358, 0xFFFF, 1363, 3.2217136
85249857, 0xFFFF, 1364, 3.2218662
85312363, 0xFFFF, 1365, 3.2219425
85374851, 0xFFFF, 1366, 3.2216373
85437356, 0xFFFF, 1367, 3.2214847
85499847, 0xFFFF, 1368, 3.2217136
85562369, 0xFFFF, 1369, 3.2217136
85624849, 0xFFFF, 1370, 3.2216373
85687357, 0xFFFF, 1371, 3.2217136
85749849, 0xFFFF, 1372, 3.2220951
85812358, 0xFFFF, 1373, 3.2219425
85874848, 0xFFFF, 1374, 3.2217136
85937356, 0xFFFF, 1375, 3.2218662
85999859, 0xFFFF, 1376, 3.2217899
86062354, 0xFFFF, 1377, 3.2217899
86124847, 0xFFFF, 1378, 3.2217899
86187356, 0xFFFF, 1379, 3.2215610
86249850, 0xFFFF, 1380, 3.2216373
86312363, 0xFFFF, 1381, 3.2214847
86374836, 0xFFFF, 1382, 3.2219425
86437358, 0xFFFF, 1383, 3.2217136
86499847, 0xFFFF, 1384, 3.2217136
86562356, 0xFFFF, 1385, 3.2217899
86624860, 0xFFFF, 1386, 3.2216373
86687362, 0xFFFF, 1387, 3.2216373
86749850, 0xFFFF, 1388, 3.2217136
86812356, 0xFFFF, 1389, 3.2224765
86874849, 0xFFFF, 1390, 3.2220188
86937365, 0xFFFF, 1391, 3.2217136
86999846, 0xFFFF, 1392, 3.2216373
87062359, 0xFFFF, 1393, 3.2217136
87124847, 0xFFFF, 1394, 3.2216373
87187355, 0xFFFF, 1395, 3.2217136
87249850, 0xFFFF, 1396, 3.2218662
87312357, 0xFFFF, 1397, 3.2220188
87374854, 0xFFFF, 1398, 3.2218662
87437356, 0xFFFF, 1399, 3.2217136
87499849, 0xFFFF, 1400, 3.2220188
87562355, 0xFFFF, 1401, 3.2216373
87624847, 0xFFFF, 1402, 3.2217136
87687367, 0xFFFF, 1403, 3.2218662
87749848, 0xFFFF, 1404, 3.2216373
87812355, 0xFFFF, 1405, 3.2219425
87874849, 0xFFFF, 1406, 3.2219425
87937358, 0xFFFF, 1407, 3.2217136
87999856, 0xFFFF, 1408, 3.2217136
88062365, 0xFFFF, 1409, 3.2216373
88124851, 0xFFFF, 1410, 3.2215610
88187354, 0xFFFF, 1411, 3.2220188
88249849, 0xFFFF, 1412, 3.2214847
88312368, 0xFFFF, 1413, 3.2221714
88374849, 0xFFFF, 1414, 3.2219425
88437358, 0xFFFF, 1415, 3.2216373
88499849, 0xFFFF, 1416, 3.2216373
88562358, 0xFFFF, 1417, 3.2217136
88624848, 0xFFFF, 1418, 3.2216373
88687355, 0xFFFF, 1419, 3.2218662
88749859, 0xFFFF, 1420, 3.2214847
88812354, 0xFFFF, 1421, 3.2220188
88874846, 0xFFFF, 1422, 3.2218662
88937358, 0xFFFF, 1423, 3.2217136
88999851, 0xFFFF, 1424, 3.2216373
89062364, 0xFFFF, 1425, 3.2215610
89124849, 0xFFFF, 1426, 3.2216373
89187357, 0xFFFF, 1427, 3.2218662
89249848, 0xFFFF, 1428, 3.2214847
89312363, 0xFFFF, 1429, 3.2219425
89374860, 0xFFFF, 1430, 3.2220188
89437363, 0xFFFF, 1431, 3.2217136
89499848, 0xFFFF, 1432, 3.2215610
89562356, 0xFFFF, 1433, 3.2215610
89624858, 0xFFFF, 1434, 3.2213321
89687364, 0xFFFF, 1435, 3.2216373
89749848, 0xFFFF, 1436, 3.2219425
89812357, 0xFFFF, 1437, 3.2218662
89874845, 0xFFFF, 1438, 3.2219425
89937366, 0xFFFF, 1439, 3.2215610
89999849, 0xFFFF, 1440, 3.2218662
90062358, 0xFFFF, 1441, 3.2214847
90124854, 0xFFFF, 1442, 3.2217136
90187357, 0xFFFF, 1443, 3.2214847
90249860, 0xFFFF, 1444, 3.2217136
90312354, 0xFFFF, 1445, 3.2220188
90374847, 0xFFFF, 1446, 3.2219425
90437368, 0xFFFF, 1447, 3.2215610
90499847, 0xFFFF, 1448, 3.2215610
90562366, 0xFFFF, 1449, 3.2217899
90624849, 0xFFFF, 1450, 3.2215610
90687358, 0xFFFF, 1451, 3.2215610
90749862, 0xFFFF, 1452, 3.2215610
90812363, 0xFFFF, 1453, 3.2220951
90874860, 0xFFFF, 1454, 3.2222477
90937354, 0xFFFF, 1455, 3.2215610
90999848, 0xFFFF, 1456, 3.2215610
91062373, 0xFFFF, 1457, 3.2216373
91124849, 0xFFFF, 1458, 3.2217136
91187366, 0xFFFF, 1459, 3.2216373
91249850, 0xFFFF, 1460, 3.2217136
91312358, 0xFFFF, 1461, 3.2220188
91374858, 0xFFFF, 1462, 3.2218662
91437355, 0xFFFF, 1463, 3.2217899
91499866, 0xFFFF, 1464, 3.2220951
91562355, 0xFFFF, 1465, 3.2214847
91624847, 0xFFFF, 1466, 3.2216373
91687367, 0xFFFF, 1467, 3.2217136
91749850, 0xFFFF, 1468, 3.2218662
91812371, 0xFFFF, 1469, 3.2215610
91874849, 0xFFFF, 1470, 3.2214847
91937356, 0xFFFF, 1471, 3.2214847
91999858, 0xFFFF, 1472, 3.2216373
92062355, 0xFFFF, 1473, 3.2218662
92124870, 0xFFFF, 1474, 3.2211795
92187363, 0xFFFF, 1475, 3.2216373
92249849, 0xFFFF, 1476, 3.2216373
92312366, 0xFFFF, 1477, 3.2215610
92374850, 0xFFFF, 1478, 3.2218662
92437376, 0xFFFF, 1479, 3.2215610
92499847, 0xFFFF, 1480, 3.2220188
92562360, 0xFFFF, 1481, 3.2217899
92624855, 0xFFFF, 1482, 3.2217899
92687355, 0xFFFF, 1483, 3.2214847
92749871, 0xFFFF, 1484, 3.2214847
92812358, 0xFFFF, 1485, 3.2215610
92874854, 0xFFFF, 1486, 3.2215610
92937369, 0xFFFF, 1487, 3.2216373
92999848, 0xFFFF, 1488, 3.2219425
93062375, 0xFFFF, 1489, 3.2215610
93124846, 0xFFFF, 1490, 3.2215610
93187367, 0xFFFF, 1491, 3.2216373
93249859, 0xFFFF, 1492, 3.2216373
93312355, 0xFFFF, 1493, 3.2218662
93374859, 0xFFFF, 1494, 3.2215610
93437365, 0xFFFF, 1495, 3.2219425
93499856, 0xFFFF, 1496, 3.2215610
93562374, 0xFFFF, 1497, 3.2217136
93624852, 0xFFFF, 1498, 3.2216373
93687365, 0xFFFF, 1499, 3.2213321
93749855, 0xFFFF, 1500, 3.2215610
93812369, 0xFFFF, 1501, 3.2215610
93874868, 0xFFFF, 1502, 3.2214847
93937358, 0xFFFF, 1503, 3.2214847
93999849, 0xFFFF, 1504, 3.2217136
94062365, 0xFFFF, 1505, 3.2216373
94124848, 0xFFFF, 1506, 3.2214847
94187377, 0xFFFF, 1507, 3.2215610
94249860, 0xFFFF, 1508, 3.2215610
94312355, 0xFFFF, 1509, 3.2215610
94374855, 0xFFFF, 1510, 3.2217136
94437357, 0xFFFF, 1511, 3.2215610
94499859, 0xFFFF, 1512, 3.2216373
94562363, 0xFFFF, 1513, 3.2215610
94624849, 0xFFFF, 1514, 3.2214084
94687365, 0xFFFF, 1515, 3.2216373
94749848, 0xFFFF, 1516, 3.2216373
94812366, 0xFFFF, 1517, 3.2214847
94874861, 0xFFFF, 1518, 3.2214847
94937364, 0xFFFF, 1519, 3.2214847
94999855, 0xFFFF, 1520, 3.2214847
95062357, 0xFFFF, 1521, 3.2216373
95124850, 0xFFFF, 1522, 3.2216373
95187369, 0xFFFF, 1523, 3.2214847
95249847, 0xFFFF, 1524, 3.2215610
95312364, 0xFFFF, 1525, 3.2215610
95374845, 0xFFFF, 1526, 3.2215610
95437356, 0xFFFF, 1527, 3.2214084
95499858, 0xFFFF, 1528, 3.2215610
95562357, 0xFFFF, 1529, 3.2217136
95624862, 0xFFFF, 1530, 3.2215610
95687357, 0xFFFF, 1531, 3.2215610
95749850, 0xFFFF, 1532, 3.2214847
95812363, 0xFFFF, 1533, 3.2216373
95874847, 0xFFFF, 1534, 3.2215610
95937376, 0xFFFF, 1535, 3.2217136
95999847, 0xFFFF, 1536, 3.2217136
96062354, 0xFFFF, 1537, 3.2214847
96124857, 0xFFFF, 1538, 3.2214847
96187356, 0xFFFF, 1539, 3.2213321
96249865, 0xFFFF, 1540, 3.2214084
96312364, 0xFFFF, 1541, 3.2217136
96374851, 0xFFFF, 1542, 3.2216373
96437362, 0xFFFF, 1543, 3.2214847
96499847, 0xFFFF, 1544, 3.2214084
96562378, 0xFFFF, 1545, 3.2215610
96624849, 0xFFFF, 1546, 3.2214847
96687357, 0xFFFF, 1547, 3.2214847
96749858, 0xFFFF, 1548, 3.2216373
96812358, 0xFFFF, 1549, 3.2220188
96874863, 0xFFFF, 1550, 3.2214847
96937356, 0xFFFF, 1551, 3.2214084
96999858, 0xFFFF, 1552, 3.2214084
97062363, 0xFFFF, 1553, 3.2214084
97124846, 0xFFFF, 1554, 3.2214847
97187376, 0xFFFF, 1555, 3.2215610
97249850, 0xFFFF, 1556, 3.2215610
97312363, 0xFFFF, 1557, 3.2222477
97374857, 0xFFFF, 1558, 3.2217136
97437358, 0xFFFF, 1559, 3.2214847
97499855, 0xFFFF, 1560, 3.2214847
97562356, 0xFFFF, 1561, 3.2214847
97624860, 0xFFFF, 1562, 3.2213321
97687371, 0xFFFF, 1563, 3.2213321
97749851, 0xFFFF, 1564, 3.2215610
97812365, 0xFFFF, 1565, 3.2220951
97874849, 0xFFFF, 1566, 3.2217899
97937365, 0xFFFF, 1567, 3.2214084
97999867, 0xFFFF, 1568, 3.2214847
98062360, 0xFFFF, 1569, 3.2214847
98124847, 0xFFFF, 1570, 3.2213321
98187353, 0xFFFF, 1571, 3.2214847
98249850, 0xFFFF, 1572, 3.2215610
98312375, 0xFFFF, 1573, 3.2218662
98374855, 0xFFFF, 1574, 3.2221714
98437357, 0xFFFF, 1575, 3.2214084
98499849, 0xFFFF, 1576, 3.2214847
98562356, 0xFFFF, 1577, 3.2215610
98624855, 0xFFFF, 1578, 3.2214084
98687367, 0xFFFF, 1579, 3.2214084
98749849, 0xFFFF, 1580, 3.2214084
98812353, 0xFFFF, 1581, 3.2219425
98874848, 0xFFFF, 1582, 3.2220188
98937367, 0xFFFF, 1583, 3.2214847
98999857, 0xFFFF, 1584, 3.2215610
99062365, 0xFFFF, 1585, 3.2213321
99124851, 0xFFFF, 1586, 3.2214084
99187353, 0xFFFF, 1587, 3.2214084
99249848, 0xFFFF, 1588, 3.2214847
99312369, 0xFFFF, 1589, 3.2217136
99374848, 0xFFFF, 1590, 3.2218662
99437358, 0xFFFF, 1591, 3.2214847
99499849, 0xFFFF, 1592, 3.2216373
99562358, 0xFFFF, 1593, 3.2217136
99624847, 0xFFFF, 1594, 3.2214084
99687354, 0xFFFF, 1595, 3.2214084
99749858, 0xFFFF, 1596, 3.2214084
99812354, 0xFFFF, 1597, 3.2218662
99874847, 0xFFFF, 1598, 3.2219425
99937358, 0xFFFF, 1599, 3.2214847
99999849, 0xFFFF, 1600, 3.2215610
100062363, 0xFFFF, 1601, 3.2207980
100124848, 0xFFFF, 1602, 3.2214847
100187356, 0xFFFF, 1603, 3.2215610
100249845, 0xFFFF, 1604, 3.2215610
100312355, 0xFFFF, 1605, 3.2220188
100374859, 0xFFFF, 1606, 3.2217899
100437365, 0xFFFF, 1607, 3.2213321
100499849, 0xFFFF, 1608, 3.2215610
100562357, 0xFFFF, 1609, 3.2213321
100624849, 0xFFFF, 1610, 3.2212558
100687365, 0xFFFF, 1611, 3.2213321
100749847, 0xFFFF, 1612, 3.2213321
100812359, 0xFFFF, 1613, 3.2215610
100874847, 0xFFFF, 1614, 3.2218662
100937355, 0xFFFF, 1615, 3.2214847
100999850, 0xFFFF, 1616, 3.2216373
101062358, 0xFFFF, 1617, 3.2215610
101124854, 0xFFFF, 1618, 3.2213321
101187356, 0xFFFF, 1619, 3.2213321
101249850, 0xFFFF, 1620, 3.2214084
101312355, 0xFFFF, 1621, 3.2215610
101374846, 0xFFFF, 1622, 3.2217136
101437367, 0xFFFF, 1623, 3.2214084
101499848, 0xFFFF, 1624, 3.2214084
101562356, 0xFFFF, 1625, 3.2215610
101624849, 0xFFFF, 1626, 3.2214847
101687358, 0xFFFF, 1627, 3.2214084
101749857, 0xFFFF, 1628, 3.2214084
101812363, 0xFFFF, 1629, 3.2215610
101874852, 0xFFFF, 1630, 3.2216373
101937353, 0xFFFF, 1631, 3.2217136
101999847, 0xFFFF, 1632, 3.2214084
102062368, 0xFFFF, 1633, 3.2214847
102124848, 0xFFFF, 1634, 3.2214847
102187357, 0xFFFF, 1635, 3.2213321
102249850, 0xFFFF, 1636, 3.2214847
102312357, 0xFFFF, 1637, 3.2214084
102374848, 0xFFFF, 1638, 3.2216373
102437354, 0xFFFF, 1639, 3.2214847
102499859, 0xFFFF, 1640, 3.2212558
102562355, 0xFFFF, 1641, 3.2213321
102624848, 0xFFFF, 1642, 3.2214084
102687357, 0xFFFF, 1643, 3.2214847
102749849, 0xFFFF, 1644, 3.2214847
102812363, 0xFFFF, 1645, 3.2213321
102874849, 0xFFFF, 1646, 3.2214847
102937357, 0xFFFF, 1647, 3.2215610
102999847, 0xFFFF, 1648, 3.2214847
103062356, 0xFFFF, 1649, 3.2214847
103124859, 0xFFFF, 1650, 3.2212558
103187364, 0xFFFF, 1651, 3.2215610
103249852, 0xFFFF, 1652, 3.2218662
103312356, 0xFFFF, 1653, 3.2214084
103374849, 0xFFFF, 1654, 3.2214084
103437365, 0xFFFF, 1655, 3.2213321
103499847, 0xFFFF, 1656, 3.2213321
103562361, 0xFFFF, 1657, 3.2212558
103624845, 0xFFFF, 1658, 3.2212558
103687354, 0xFFFF, 1659, 3.2213321
103749850, 0xFFFF, 1660, 3.2214084
103812356, 0xFFFF, 1661, 3.2214084
103874855, 0xFFFF, 1662, 3.2212558
103937357, 0xFFFF, 1663, 3.2214847
103999849, 0xFFFF, 1664, 3.2213321
104062355, 0xFFFF, 1665, 3.2213321
104124848, 0xFFFF, 1666, 3.2214084
104187367, 0xFFFF, 1667, 3.2214084
104249850, 0xFFFF, 1668, 3.2212558
104312355, 0xFFFF, 1669, 3.2214084
104374848, 0xFFFF, 1670, 3.2213321
104437367, 0xFFFF, 1671, 3.2214084
104499856, 0xFFFF, 1672, 3.2214084
104562365, 0xFFFF, 1673, 3.2213321
104624851, 0xFFFF, 1674, 3.2213321
104687353, 0xFFFF, 1675, 3.2213321
104749858, 0xFFFF, 1676, 3.2214084
104812369, 0xFFFF, 1677, 3.2214847
104874849, 0xFFFF, 1678, 3.2214847
104937359, 0xFFFF, 1679, 3.2211795
104999849, 0xFFFF, 1680, 3.2213321
105062367, 0xFFFF, 1681, 3.2213321
105124848, 0xFFFF, 1682, 3.2214084
105187355, 0xFFFF, 1683, 3.2213321
105249859, 0xFFFF, 1684, 3.2214847
105312354, 0xFFFF, 1685, 3.2214847
105374858, 0xFFFF, 1686, 3.2214847
105437357, 0xFFFF, 1687, 3.2214084
105499849, 0xFFFF, 1688, 3.2215610
105562363, 0xFFFF, 1689, 3.2214084
105624837, 0xFFFF, 1690, 3.2215610
105687367, 0xFFFF, 1691, 3.2214084
105749848, 0xFFFF, 1692, 3.2214847
105812355, 0xFFFF, 1693, 3.2215610
105874865, 0xFFFF, 1694, 3.2215610
105937365, 0xFFFF, 1695, 3.2214084
105999858, 0xFFFF, 1696, 3.2214847
106062355, 0xFFFF, 1697, 3.2214847
106124849, 0xFFFF, 1698, 3.2211795
106187370, 0xFFFF, 1699, 3.2214847
106249847, 0xFFFF, 1700, 3.2214084
106312367, 0xFFFF, 1701, 3.2214084
106374847, 0xFFFF, 1702, 3.2214847
106437356, 0xFFFF, 1703, 3.2213321
106499861, 0xFFFF, 1704, 3.2211795
106562357, 0xFFFF, 1705, 3.2214084
106624865, 0xFFFF, 1706, 3.2214084
106687357, 0xFFFF, 1707, 3.2214847
106749850, 0xFFFF, 1708, 3.2214084
106812365, 0xFFFF, 1709, 3.2212558
106874846, 0xFFFF, 1710, 3.2217899
106937376, 0xFFFF, 1711, 3.2212558
106999849, 0xFFFF, 1712, 3.2213321
107062354, 0xFFFF, 1713, 3.2211795
107124859, 0xFFFF, 1714, 3.2213321
107187358, 0xFFFF, 1715, 3.2214084
107249867, 0xFFFF, 1716, 3.2212558
107312365, 0xFFFF, 1717, 3.2212558
107374853, 0xFFFF, 1718, 3.2216373
107437365, 0xFFFF, 1719, 3.2213321
107499847, 0xFFFF, 1720, 3.2213321
107562379, 0xFFFF, 1721, 3.2213321
107624849, 0xFFFF, 1722, 3.2214847
107687357, 0xFFFF, 1723, 3.2212558
107749860, 0xFFFF, 1724, 3.2213321
107812356, 0xFFFF, 1725, 3.2212558
107874866, 0xFFFF, 1726, 3.2217136
107937356, 0xFFFF, 1727, 3.2214084
107999858, 0xFFFF, 1728, 3.2214847
108062365, 0xFFFF, 1729, 3.2217136
108124847, 0xFFFF, 1730, 3.2215610
108187380, 0xFFFF, 1731, 3.2215610
108249850, 0xFFFF, 1732, 3.2214084
108312363, 0xFFFF, 1733, 3.2213321
108374858, 0xFFFF, 1734, 3.2217136
108437356, 0xFFFF, 1735, 3.2212558
108499858, 0xFFFF, 1736, 3.2214847
108562362, 0xFFFF, 1737, 3.2213321
108624859, 0xFFFF, 1738, 3.2213321
108687375, 0xFFFF, 1739, 3.2210269
108749849, 0xFFFF, 1740, 3.2214084
108812367, 0xFFFF, 1741, 3.2213321
108874857, 0xFFFF, 1742, 3.2216373
108937365, 0xFFFF, 1743, 3.2212558
108999869, 0xFFFF, 1744, 3.2213321
109062361, 0xFFFF, 1745, 3.2213321
109124847, 0xFFFF, 1746, 3.2214847
109187363, 0xFFFF, 1747, 3.2212558
109249851, 0xFFFF, 1748, 3.2212558
109312378, 0xFFFF, 1749, 3.2211032
109374854, 0xFFFF, 1750, 3.2219425
109437357, 0xFFFF, 1751, 3.2214084
109499857, 0xFFFF, 1752, 3.2214084
109562355, 0xFFFF, 1753, 3.2213321
109624857, 0xFFFF, 1754, 3.2213321
109687368, 0xFFFF, 1755, 3.2214084
109749849, 0xFFFF, 1756, 3.2214084
109812361, 0xFFFF, 1757, 3.2212558
109874849, 0xFFFF, 1758, 3.2215610
109937369, 0xFFFF, 1759, 3.2211795
109999862, 0xFFFF, 1760, 3.2213321
110062365, 0xFFFF, 1761, 3.2212558
110124857, 0xFFFF, 1762, 3.2211795
110187354, 0xFFFF, 1763, 3.2215610
110249848, 0xFFFF, 1764, 3.2213321
110312369, 0xFFFF, 1765, 3.2213321
110374848, 0xFFFF, 1766, 3.2217899
110437363, 0xFFFF, 1767, 3.2214084
110499849, 0xFFFF, 1768, 3.2213321
110562358, 0xFFFF, 1769, 3.2213321
110624856, 0xFFFF, 1770, 3.2212558
110687354, 0xFFFF, 1771, 3.2213321
110749868, 0xFFFF, 1772, 3.2212558
110812354, 0xFFFF, 1773, 3.2213321
110874847, 0xFFFF, 1774, 3.2219425
110937365, 0xFFFF, 1775, 3.2214084
110999849, 0xFFFF, 1776, 3.2213321
111062371, 0xFFFF, 1777, 3.2213321
111124837, 0xFFFF, 1778, 3.2212558
111187356, 0xFFFF, 1779, 3.2211795
111249855, 0xFFFF, 1780, 3.2212558
111312356, 0xFFFF, 1781, 3.2213321
111374868, 0xFFFF, 1782, 3.2215610
111437365, 0xFFFF, 1783, 3.2211795
111499851, 0xFFFF, 1784, 3.2211795
111562366, 0xFFFF, 1785, 3.2214847
111624849, 0xFFFF, 1786, 3.2214084
111687372, 0xFFFF, 1787, 3.2211795
111749847, 0xFFFF, 1788, 3.2212558
111812362, 0xFFFF, 1789, 3.2219425
111874856, 0xFFFF, 1790, 3.2212558
111937356, 0xFFFF, 1791, 3.2211795
111999868, 0xFFFF, 1792, 3.2211795
112062359, 0xFFFF, 1793, 3.2212558
112124855, 0xFFFF, 1794, 3.2211795
112187365, 0xFFFF, 1795, 3.2214084
112249849, 0xFFFF, 1796, 3.2214084
112312374, 0xFFFF, 1797, 3.2212558
112374847, 0xFFFF, 1798, 3.2211795
112437367, 0xFFFF, 1799, 3.2213321
112499857, 0xFFFF, 1800, 3.2214084
112562355, 0xFFFF, 1801, 3.2211795
112624857, 0xFFFF, 1802, 3.2212558
112687358, 0xFFFF, 1803, 3.2212558
112749856, 0xFFFF, 1804, 3.2214084
112812373, 0xFFFF, 1805, 3.2213321
112874853, 0xFFFF, 1806, 3.2211795
112937363, 0xFFFF, 1807, 3.2212558
112999848, 0xFFFF, 1808, 3.2211795
113062369, 0xFFFF, 1809, 3.2208743
113124866, 0xFFFF, 1810, 3.2212558
113187359, 0xFFFF, 1811, 3.2211032
113249849, 0xFFFF, 1812, 3.2214847
113312358, 0xFFFF, 1813, 3.2213321
113374847, 0xFFFF, 1814, 3.2211795
113437376, 0xFFFF, 1815, 3.2212558
113499859, 0xFFFF, 1816, 3.2213321
113562355, 0xFFFF, 1817, 3.2211795
113624847, 0xFFFF, 1818, 3.2211795
113687357, 0xFFFF, 1819, 3.2211795
113749858, 0xFFFF, 1820, 3.2214084
113812363, 0xFFFF, 1821, 3.2211795
113874837, 0xFFFF, 1822, 3.2212558
113937356, 0xFFFF, 1823, 3.2212558
113999847, 0xFFFF, 1824, 3.2211032
114062365, 0xFFFF, 1825, 3.2211795
114124860, 0xFFFF, 1826, 3.2212558
114187365, 0xFFFF, 1827, 3.2214847
114249851, 0xFFFF, 1828, 3.2209506
114312356, 0xFFFF, 1829, 3.2211795
114374849, 0xFFFF, 1830, 3.2211032
114437365, 0xFFFF, 1831, 3.2212558
114499847, 0xFFFF, 1832, 3.2212558
114562362, 0xFFFF, 1833, 3.2211795
114624847, 0xFFFF, 1834, 3.2213321
114687354, 0xFFFF, 1835, 3.2212558
114749850, 0xFFFF, 1836, 3.2211795
114812358, 0xFFFF, 1837, 3.2212558
114874855, 0xFFFF, 1838, 3.2211795
114937358, 0xFFFF, 1839, 3.2212558
114999850, 0xFFFF, 1840, 3.2211795
115062356, 0xFFFF, 1841, 3.2211795
115124847, 0xFFFF, 1842, 3.2211795
115187366, 0xFFFF, 1843, 3.2212558
115249850, 0xFFFF, 1844, 3.2211795
115312353, 0xFFFF, 1845, 3.2211795
115374847, 0xFFFF, 1846, 3.2211032
115437359, 0xFFFF, 1847, 3.2214847
115499856, 0xFFFF, 1848, 3.2212558
115562366, 0xFFFF, 1849, 3.2211795
115624853, 0xFFFF, 1850, 3.2211032
115687356, 0xFFFF, 1851, 3.2212558
115749848, 0xFFFF, 1852, 3.2211795
115812368, 0xFFFF, 1853, 3.2214847
115874849, 0xFFFF, 1854, 3.2211795
115937360, 0xFFFF, 1855, 3.2211795
115999848, 0xFFFF, 1856, 3.2211032
116062358, 0xFFFF, 1857, 3.2211795
116124848, 0xFFFF, 1858, 3.2211795
116187355, 0xFFFF, 1859, 3.2213321
116249859, 0xFFFF, 1860, 3.2214084
116312355, 0xFFFF, 1861, 3.2211795
116374847, 0xFFFF, 1862, 3.2211032
116437357, 0xFFFF, 1863, 3.2211032
116499849, 0xFFFF, 1864, 3.2211032
116562364, 0xFFFF, 1865, 3.2214084
116624836, 0xFFFF, 1866, 3.2211795
116687357, 0xFFFF, 1867, 3.2211032
116749847, 0xFFFF, 1868, 3.2211032
116812355, 0xFFFF, 1869, 3.2212558
116874860, 0xFFFF, 1870, 3.2218662
116937367, 0xFFFF, 1871, 3.2211795
116999851, 0xFFFF, 1872, 3.2211032
117062356, 0xFFFF, 1873, 3.2211032
117124850, 0xFFFF, 1874, 3.2211795
117187365, 0xFFFF, 1875, 3.2211032
117249848, 0xFFFF, 1876, 3.2212558
117312360, 0xFFFF, 1877, 3.2211795
117374847, 0xFFFF, 1878, 3.2214847
117437354, 0xFFFF, 1879, 3.2211032
117499849, 0xFFFF, 1880, 3.2214847
117562358, 0xFFFF, 1881, 3.2212558
117624855, 0xFFFF, 1882, 3.2212558
117687355, 0xFFFF, 1883, 3.2211032
117749848, 0xFFFF, 1884, 3.2211032
117812355, 0xFFFF, 1885, 3.2213321
117874847, 0xFFFF, 1886, 3.2214847
117937367, 0xFFFF, 1887, 3.2211032
117999849, 0xFFFF, 1888, 3.2211795
118062354, 0xFFFF, 1889, 3.2211032
118124849, 0xFFFF, 1890, 3.2211795
118187357, 0xFFFF, 1891, 3.2211032
118249856, 0xFFFF, 1892, 3.2208743
118312367, 0xFFFF, 1893, 3.2211032
118374853, 0xFFFF, 1894, 3.2217899
118437354, 0xFFFF, 1895, 3.2214084
118499847, 0xFFFF, 1896, 3.2211795
118562368, 0xFFFF, 1897, 3.2210269
118624849, 0xFFFF, 1898, 3.2211032
118687359, 0xFFFF, 1899, 3.2211795
118749850, 0xFFFF, 1900, 3.2211032
118812357, 0xFFFF, 1901, 3.2211032
118874847, 0xFFFF, 1902, 3.2214084
118937356, 0xFFFF, 1903, 3.2214084
118999858, 0xFFFF, 1904, 3.2211795
119062355, 0xFFFF, 1905, 3.2211032
119124846, 0xFFFF, 1906, 3.2210269
119187357, 0xFFFF, 1907, 3.2210269
119249853, 0xFFFF, 1908, 3.2212558
119312363, 0xFFFF, 1909, 3.2210269
119374838, 0xFFFF, 1910, 3.2214847
119437358, 0xFFFF, 1911, 3.2208743
119499847, 0xFFFF, 1912, 3.2212558
119562365, 0xFFFF, 1913, 3.2211795
119624860, 0xFFFF, 1914, 3.2208743
119687367, 0xFFFF, 1915, 3.2209506
119749852, 0xFFFF, 1916, 3.2210269
119812357, 0xFFFF, 1917, 3.2213321
119874859, 0xFFFF, 1918, 3.2214847
119937365, 0xFFFF, 1919, 3.2211032
119999847, 0xFFFF, 1920, 3.2213321
120062362, 0xFFFF, 1921, 3.2211032
120124845, 0xFFFF, 1922, 3.2211032
120187363, 0xFFFF, 1923, 3.2211032
120249850, 0xFFFF, 1924, 3.2209506
120312358, 0xFFFF, 1925, 3.2211795
120374854, 0xFFFF, 1926, 3.2214847
120437358, 0xFFFF, 1927, 3.2211032
120499860, 0xFFFF, 1928, 3.2213321
120562355, 0xFFFF, 1929, 3.2210269
120624846, 0xFFFF, 1930, 3.2211032
120687367, 0xFFFF, 1931, 3.2211032
120749849, 0xFFFF, 1932, 3.2212558
120812365, 0xFFFF, 1933, 3.2211032
120874849, 0xFFFF, 1934, 3.2213321
120937358, 0xFFFF, 1935, 3.2209506
120999863, 0xFFFF, 1936, 3.2214084
121062367, 0xFFFF, 1937, 3.2211795
121124860, 0xFFFF, 1938, 3.2211032
121187352, 0xFFFF, 1939, 3.2210269
121249846, 0xFFFF, 1940, 3.2213321
121312375, 0xFFFF, 1941, 3.2210269
121374849, 0xFFFF, 1942, 3.2213321
121437366, 0xFFFF, 1943, 3.2209506
121499849, 0xFFFF, 1944, 3.2211795
121562356, 0xFFFF, 1945, 3.2210269
121624857, 0xFFFF, 1946, 3.2211032
121687354, 0xFFFF, 1947, 3.2211795
121749870, 0xFFFF, 1948, 3.2211032
121812354, 0xFFFF, 1949, 3.2212558
121874848, 0xFFFF, 1950, 3.2210269
121937367, 0xFFFF, 1951, 3.2213321
121999849, 0xFFFF, 1952, 3.2211032
122062373, 0xFFFF, 1953, 3.2210269
122124838, 0xFFFF, 1954, 3.2210269
122187355, 0xFFFF, 1955, 3.2213321
122249858, 0xFFFF, 1956, 3.2210269
122312355, 0xFFFF, 1957, 3.2211032
122374870, 0xFFFF, 1958, 3.2210269
122437366, 0xFFFF, 1959, 3.2211795
122499851, 0xFFFF, 1960, 3.2210269
122562366, 0xFFFF, 1961, 3.2210269
122624850, 0xFFFF, 1962, 3.2208743
122687375, 0xFFFF, 1963, 3.2211032
122749847, 0xFFFF, 1964, 3.2210269
122812361, 0xFFFF, 1965, 3.2209506
122874858, 0xFFFF, 1966, 3.2210269
122937356, 0xFFFF, 1967, 3.2211032
122999870, 0xFFFF, 1968, 3.2211032
123062358, 0xFFFF, 1969, 3.2209506
123124855, 0xFFFF, 1970, 3.2213321
123187367, 0xFFFF, 1971, 3.2209506
123249850, 0xFFFF, 1972, 3.2209506
123312375, 0xFFFF, 1973, 3.2209506
123374849, 0xFFFF, 1974, 3.2209506
123437367, 0xFFFF, 1975, 3.2209506
123499861, 0xFFFF, 1976, 3.2211032
123562354, 0xFFFF, 1977, 3.2212558
123624859, 0xFFFF, 1978, 3.2211032
123687365, 0xFFFF, 1979, 3.2210269
123749857, 0xFFFF, 1980, 3.2208743
123812377, 0xFFFF, 1981, 3.2211795
123874853, 0xFFFF, 1982, 3.2210269
123937365, 0xFFFF, 1983, 3.2210269
123999855, 0xFFFF, 1984, 3.2213321
124062369, 0xFFFF, 1985, 3.2210269
124124868, 0xFFFF, 1986, 3.2208743
124187358, 0xFFFF, 1987, 3.2210269
124249849, 0xFFFF, 1988, 3.2211032
124312366, 0xFFFF, 1989, 3.2210269
124374847, 0xFFFF, 1990, 3.2210269
124437378, 0xFFFF, 1991, 3.2212558
124499860, 0xFFFF, 1992, 3.2211032
124562356, 0xFFFF, 1993, 3.2209506
124624855, 0xFFFF, 1994, 3.2211032
124687358, 0xFFFF, 1995, 3.2210269
124749860, 0xFFFF, 1996, 3.2210269
124812362, 0xFFFF, 1997, 3.2210269
124874839, 0xFFFF, 1998, 3.2210269
124937367, 0xFFFF, 1999, 3.2210269
124999847, 0xFFFF, 2000, 3.2210269
125062367, 0xFFFF, 2001, 3.2211795
125124863, 0xFFFF, 2002, 3.2209506
125187366, 0xFFFF, 2003, 3.2208743
125249855, 0xFFFF, 2004, 3.2212558
125312355, 0xFFFF, 2005, 3.2211032
125374849, 0xFFFF, 2006, 3.2211032
125437371, 0xFFFF, 2007, 3.2209506
125499847, 0xFFFF, 2008, 3.2211032
125562367, 0xFFFF, 2009, 3.2209506
125624847, 0xFFFF, 2010, 3.2207980
125687354, 0xFFFF, 2011, 3.2211032
125749859, 0xFFFF, 2012, 3.2210269
125812357, 0xFFFF, 2013, 3.2209506
125874863, 0xFFFF, 2014, 3.2211032
125937356, 0xFFFF, 2015, 3.2209506
125999850, 0xFFFF, 2016, 3.2210269
126062363, 0xFFFF, 2017, 3.2212558
126124847, 0xFFFF, 2018, 3.2209506
126187375, 0xFFFF, 2019, 3.2208743
126249850, 0xFFFF, 2020, 3.2214084
126312355, 0xFFFF, 2021, 3.2210269
126374857, 0xFFFF, 2022, 3.2209506
126437357, 0xFFFF, 2023, 3.2209506
126499865, 0xFFFF, 2024, 3.2210269
126562367, 0xFFFF, 2025, 3.2209506
126624855, 0xFFFF, 2026, 3.2209506
126687362, 0xFFFF, 2027, 3.2211032
126749848, 0xFFFF, 2028, 3.2208743
126812377, 0xFFFF, 2029, 3.2209506
126874849, 0xFFFF, 2030, 3.2216373
126937359, 0xFFFF, 2031, 3.2214084
126999858, 0xFFFF, 2032, 3.2212558
127062356, 0xFFFF, 2033, 3.2210269
127124864, 0xFFFF, 2034, 3.2209506
127187355, 0xFFFF, 2035, 3.2212558
127249859, 0xFFFF, 2036, 3.2208743
127312362, 0xFFFF, 2037, 3.2209506
127374847, 0xFFFF, 2038, 3.2214847
127437377, 0xFFFF, 2039, 3.2211032
127499849, 0xFFFF, 2040, 3.2209506
127562363, 0xFFFF, 2041, 3.2211795
127624858, 0xFFFF, 2042, 3.2210269
127687357, 0xFFFF, 2043, 3.2209506
127749855, 0xFFFF, 2044, 3.2211795
127812355, 0xFFFF, 2045, 3.2210269
127874860, 0xFFFF, 2046, 3.2212558
127937377, 0xFFFF, 2047, 3.2214847
127999852, 0xFFFF, 2048, 3.2208743
128062366, 0xFFFF, 2049, 3.2211032
128124849, 0xFFFF, 2050, 3.2210269
128187365, 0xFFFF, 2051, 3.2209506
128249868, 0xFFFF, 2052, 3.2209506
128312361, 0xFFFF, 2053, 3.2209506
128374846, 0xFFFF, 2054, 3.2212558
128437356, 0xFFFF, 2055, 3.2208743
128499850, 0xFFFF, 2056, 3.2209506
128562375, 0xFFFF, 2057, 3.2211032
128624855, 0xFFFF, 2058, 3.2210269
128687357, 0xFFFF, 2059, 3.2208743
128749850, 0xFFFF, 2060, 3.2207980
128812355, 0xFFFF, 2061, 3.2209506
128874855, 0xFFFF, 2062, 3.2212558
128937368, 0xFFFF, 2063, 3.2212558
128999850, 0xFFFF, 2064, 3.2209506
129062355, 0xFFFF, 2065, 3.2211032
129124849, 0xFFFF, 2066, 3.2210269
129187366, 0xFFFF, 2067, 3.2208743
129249856, 0xFFFF, 2068, 3.2211032
129312367, 0xFFFF, 2069, 3.2210269
129374854, 0xFFFF, 2070, 3.2215610
129437354, 0xFFFF, 2071, 3.2212558
129499847, 0xFFFF, 2072, 3.2208743
129562369, 0xFFFF, 2073, 3.2210269
129624848, 0xFFFF, 2074, 3.2208743
129687359, 0xFFFF, 2075, 3.2209506
129749850, 0xFFFF, 2076, 3.2209506
129812355, 0xFFFF, 2077, 3.2209506
129874847, 0xFFFF, 2078, 3.2214084
129937356, 0xFFFF, 2079, 3.2212558
129999858, 0xFFFF, 2080, 3.2211795
130062355, 0xFFFF, 2081, 3.2209506
130124847, 0xFFFF, 2082, 3.2204929
130187357, 0xFFFF, 2083, 3.2211032
130249849, 0xFFFF, 2084, 3.2208743
130312363, 0xFFFF, 2085, 3.2208743
130374839, 0xFFFF, 2086, 3.2212558
130437358, 0xFFFF, 2087, 3.2212558
130499847, 0xFFFF, 2088, 3.2210269
130562356, 0xFFFF, 2089, 3.2208743
130624860, 0xFFFF, 2090, 3.2212558
130687367, 0xFFFF, 2091, 3.2209506
130749853, 0xFFFF, 2092, 3.2211032
130812357, 0xFFFF, 2093, 3.2208743
130874849, 0xFFFF, 2094, 3.2212558
130937365, 0xFFFF, 2095, 3.2213321
130999847, 0xFFFF, 2096, 3.2208743
131062361, 0xFFFF, 2097, 3.2207980
131124846, 0xFFFF, 2098, 3.2210269
131187355, 0xFFFF, 2099, 3.2210269
131249851, 0xFFFF, 2100, 3.2208743
131312358, 0xFFFF, 2101, 3.2209506
131374854, 0xFFFF, 2102, 3.2212558
131437357, 0xFFFF, 2103, 3.2214847
131499849, 0xFFFF, 2104, 3.2208743
131562356, 0xFFFF, 2105, 3.2211032
131624846, 0xFFFF, 2106, 3.2208743
131687367, 0xFFFF, 2107, 3.2210269
131749850, 0xFFFF, 2108, 3.2210269
131812355, 0xFFFF, 2109, 3.2207980
131874849, 0xFFFF, 2110, 3.2209506
131937359, 0xFFFF, 2111, 3.2209506
131999856, 0xFFFF, 2112, 3.2208743
132062366, 0xFFFF, 2113, 3.2209506
132124854, 0xFFFF, 2114, 3.2207980
132187354, 0xFFFF, 2115, 3.2209506
132249848, 0xFFFF, 2116, 3.2209506
132312369, 0xFFFF, 2117, 3.2211032
132374848, 0xFFFF, 2118, 3.2208743
132437360, 0xFFFF, 2119, 3.2207218
132499849, 0xFFFF, 2120, 3.2209506
132562356, 0xFFFF, 2121, 3.2210269
132624848, 0xFFFF, 2122, 3.2211032
132687353, 0xFFFF, 2123, 3.2209506
132749860, 0xFFFF, 2124, 3.2204929
132812354, 0xFFFF, 2125, 3.2209506
132874848, 0xFFFF, 2126, 3.2208743
132937358, 0xFFFF, 2127, 3.2208743
132999848, 0xFFFF, 2128, 3.2208743
133062364, 0xFFFF, 2129, 3.2213321
133124839, 0xFFFF, 2130, 3.2209506
133187356, 0xFFFF, 2131, 3.2207218
133249847, 0xFFFF, 2132, 3.2208743
133312356, 0xFFFF, 2133, 3.2209506
133374861, 0xFFFF, 2134, 3.2207218
133437367, 0xFFFF, 2135, 3.2208743
133499853, 0xFFFF, 2136, 3.2207980
133562357, 0xFFFF, 2137, 3.2207980
133624849, 0xFFFF, 2138, 3.2207218
133687365, 0xFFFF, 2139, 3.2208743
133749848, 0xFFFF, 2140, 3.2208743
133812361, 0xFFFF, 2141, 3.2211032
133874847, 0xFFFF, 2142, 3.2207980
133937355, 0xFFFF, 2143, 3.2211032
133999849, 0xFFFF, 2144, 3.2209506
134062358, 0xFFFF, 2145, 3.2209506
134124855, 0xFFFF, 2146, 3.2207980
134187355, 0xFFFF, 2147, 3.2208743
134249850, 0xFFFF, 2148, 3.2209506
134312355, 0xFFFF, 2149, 3.2207218
134374850, 0xFFFF, 2150, 3.2208743
134437368, 0xFFFF, 2151, 3.2207980
134499850, 0xFFFF, 2152, 3.2211795
134562355, 0xFFFF, 2153, 3.2207980
134624848, 0xFFFF, 2154, 3.2205692
134687366, 0xFFFF, 2155, 3.2208743
134749856, 0xFFFF, 2156, 3.2207980
134812367, 0xFFFF, 2157, 3.2207980
134874852, 0xFFFF, 2158, 3.2208743
134937354, 0xFFFF, 2159, 3.2209506
134999857, 0xFFFF, 2160, 3.2209506
135062369, 0xFFFF, 2161, 3.2207218
135124849, 0xFFFF, 2162, 3.2207980
135187360, 0xFFFF, 2163, 3.2207980
135249849, 0xFFFF, 2164, 3.2208743
135312368, 0xFFFF, 2165, 3.2207980
135374846, 0xFFFF, 2166, 3.2209506
135437356, 0xFFFF, 2167, 3.2207980
135499859, 0xFFFF, 2168, 3.2209506
135562355, 0xFFFF, 2169, 3.2207980
135624857, 0xFFFF, 2170, 3.2211032
135687357, 0xFFFF, 2171, 3.2207980
135749850, 0xFFFF, 2172, 3.2207218
135812363, 0xFFFF, 2173, 3.2207980
135874838, 0xFFFF, 2174, 3.2208743
135937368, 0xFFFF, 2175, 3.2209506
135999847, 0xFFFF, 2176, 3.2204166
136062356, 0xFFFF, 2177, 3.2209506
136124868, 0xFFFF, 2178, 3.2209506
136187367, 0xFFFF, 2179, 3.2209506
136249858, 0xFFFF, 2180, 3.2208743
136312356, 0xFFFF, 2181, 3.2208743
136374849, 0xFFFF, 2182, 3.2208743
136437371, 0xFFFF, 2183, 3.2210269
136499846, 0xFFFF, 2184, 3.2208743
136562367, 0xFFFF, 2185, 3.2207980
136624847, 0xFFFF, 2186, 3.2209506
136687353, 0xFFFF, 2187, 3.2204166
136749860, 0xFFFF, 2188, 3.2207980
136812356, 0xFFFF, 2189, 3.2207980
136874864, 0xFFFF, 2190, 3.2211795
136937358, 0xFFFF, 2191, 3.2211795
136999849, 0xFFFF, 2192, 3.2209506
137062365, 0xFFFF, 2193, 3.2207218
137124846, 0xFFFF, 2194, 3.2207980
137187377, 0xFFFF, 2195, 3.2207980
137249852, 0xFFFF, 2196, 3.2207980
137312354, 0xFFFF, 2197, 3.2207980
137374858, 0xFFFF, 2198, 3.2211795
137437358, 0xFFFF, 2199, 3.2211795
137499867, 0xFFFF, 2200, 3.2207980
137562367, 0xFFFF, 2201, 3.2207980
137624855, 0xFFFF, 2202, 3.2208743
137687365, 0xFFFF, 2203, 3.2207218
137749848, 0xFFFF, 2204, 3.2207980
137812379, 0xFFFF, 2205, 3.2207980
137874849, 0xFFFF, 2206, 3.2214084
137937362, 0xFFFF, 2207, 3.2207980
137999860, 0xFFFF, 2208, 3.2207980
138062356, 0xFFFF, 2209, 3.2208743
138124867, 0xFFFF, 2210, 3.2207218
138187355, 0xFFFF, 2211, 3.2207980
138249860, 0xFFFF, 2212, 3.2207980
138312365, 0xFFFF, 2213, 3.2211032
138374847, 0xFFFF, 2214, 3.2212558
138437380, 0xFFFF, 2215, 3.2212558
138499852, 0xFFFF, 2216, 3.2205692
138562364, 0xFFFF, 2217, 3.2208743
138624861, 0xFFFF, 2218, 3.2207980
138687356, 0xFFFF, 2219, 3.2207218
138749857, 0xFFFF, 2220, 3.2207980
138812361, 0xFFFF, 2221, 3.2210269
138874860, 0xFFFF, 2222, 3.2213321
138937378, 0xFFFF, 2223, 3.2211795
138999852, 0xFFFF, 2224, 3.2207980
139062367, 0xFFFF, 2225, 3.2208743
139124857, 0xFFFF, 2226, 3.2208743
139187365, 0xFFFF, 2227, 3.2208743
139249870, 0xFFFF, 2228, 3.2207218
139312363, 0xFFFF, 2229, 3.2208743
139374846, 0xFFFF, 2230, 3.2211795
139437364, 0xFFFF, 2231, 3.2211032
139499850, 0xFFFF, 2232, 3.2207980
139562377, 0xFFFF, 2233, 3.2209506
139624855, 0xFFFF, 2234, 3.2207218
139687356, 0xFFFF, 2235, 3.2206455
139749858, 0xFFFF, 2236, 3.2207980
139812355, 0xFFFF, 2237, 3.2204929
139874857, 0xFFFF, 2238, 3.2211795
139937368, 0xFFFF, 2239, 3.2211795
139999851, 0xFFFF, 2240, 3.2210269
140062364, 0xFFFF, 2241, 3.2208743
140124849, 0xFFFF, 2242, 3.2209506
140187369, 0xFFFF, 2243, 3.2207980
140249864, 0xFFFF, 2244, 3.2208743
140312367, 0xFFFF, 2245, 3.2207980
140374857, 0xFFFF, 2246, 3.2214084
140437354, 0xFFFF, 2247, 3.2211795
140499847, 0xFFFF, 2248, 3.2208743
140562374, 0xFFFF, 2249, 3.2206455
140624849, 0xFFFF, 2250, 3.2201114
140687362, 0xFFFF, 2251, 3.2207218
140749850, 0xFFFF, 2252, 3.2208743
140812357, 0xFFFF, 2253, 3.2205692
140874855, 0xFFFF, 2254, 3.2211795
140937354, 0xFFFF, 2255, 3.2213321
140999867, 0xFFFF, 2256, 3.2208743
141062354, 0xFFFF, 2257, 3.2208743
141124847, 0xFFFF, 2258, 3.2206455
141187365, 0xFFFF, 2259, 3.2207980
141249848, 0xFFFF, 2260, 3.2207980
141312372, 0xFFFF, 2261, 3.2206455
141374839, 0xFFFF, 2262, 3.2211795
141437358, 0xFFFF, 2263, 3.2211032
141499856, 0xFFFF, 2264, 3.2207218
141562357, 0xFFFF, 2265, 3.2207218
141624869, 0xFFFF, 2266, 3.2210269
141687367, 0xFFFF, 2267, 3.2207218
141749855, 0xFFFF, 2268, 3.2204166
141812365, 0xFFFF, 2269, 3.2207218
141874849, 0xFFFF, 2270, 3.2208743
141937374, 0xFFFF, 2271, 3.2205692
141999847, 0xFFFF, 2272, 3.2205692
142062363, 0xFFFF, 2273, 3.2208743
142124856, 0xFFFF, 2274, 3.2207218
142187354, 0xFFFF, 2275, 3.2207980
142249871, 0xFFFF, 2276, 3.2207218
142312358, 0xFFFF, 2277, 3.2206455
142374855, 0xFFFF, 2278, 3.2207218
142437366, 0xFFFF, 2279, 3.2208743
142499849, 0xFFFF, 2280, 3.2207218
142562374, 0xFFFF, 2281, 3.2207218
142624847, 0xFFFF, 2282, 3.2206455
142687367, 0xFFFF, 2283, 3.2207980
142749858, 0xFFFF, 2284, 3.2207218
142812354, 0xFFFF, 2285, 3.2207980
142874856, 0xFFFF, 2286, 3.2206455
142937359, 0xFFFF, 2287, 3.2207980
142999856, 0xFFFF, 2288, 3.2209506
143062374, 0xFFFF, 2289, 3.2207218
143124855, 0xFFFF, 2290, 3.2207980
143187362, 0xFFFF, 2291, 3.2206455
143249848, 0xFFFF, 2292, 3.2204166
143312369, 0xFFFF, 2293, 3.2206455
143374866, 0xFFFF, 2294, 3.2207980
143437362, 0xFFFF, 2295, 3.2207980
143499849, 0xFFFF, 2296, 3.2206455
143562356, 0xFFFF, 2297, 3.2209506
143624848, 0xFFFF, 2298, 3.2207218
143687364, 0xFFFF, 2299, 3.2207980
143749860, 0xFFFF, 2300, 3.2205692
143812353, 0xFFFF, 2301, 3.2208743
143874847, 0xFFFF, 2302, 3.2207218
143937357, 0xFFFF, 2303, 3.2206455
143999858, 0xFFFF, 2304, 3.2207218
144062365, 0xFFFF, 2305, 3.2207218
144124840, 0xFFFF, 2306, 3.2208743
144187356, 0xFFFF, 2307, 3.2207980
144249847, 0xFFFF, 2308, 3.2207980
144312364, 0xFFFF, 2309, 3.2206455
144374860, 0xFFFF, 2310, 3.2208743
144437367, 0xFFFF, 2311, 3.2207218
144499853, 0xFFFF, 2312, 3.2205692
144562355, 0xFFFF, 2313, 3.2209506
144624850, 0xFFFF, 2314, 3.2206455
144687364, 0xFFFF, 2315, 3.2208743
144749848, 0xFFFF, 2316, 3.2206455
144812363, 0xFFFF, 2317, 3.2208743
144874847, 0xFFFF, 2318, 3.2207980
144937356, 0xFFFF, 2319, 3.2208743
144999850, 0xFFFF, 2320, 3.2204929
145062358, 0xFFFF, 2321, 3.2207218
145124855, 0xFFFF, 2322, 3.2204929
145187357, 0xFFFF, 2323, 3.2206455
145249848, 0xFFFF, 2324, 3.2211795
145312356, 0xFFFF, 2325, 3.2207218
145374847, 0xFFFF, 2326, 3.2207980
145437368, 0xFFFF, 2327, 3.2209506
145499851, 0xFFFF, 2328, 3.2207218
145562356, 0xFFFF, 2329, 3.2207218
145624847, 0xFFFF, 2330, 3.2207218
145687358, 0xFFFF, 2331, 3.2206455
145749857, 0xFFFF, 2332, 3.2209506
145812367, 0xFFFF, 2333, 3.2207218
145874855, 0xFFFF, 2334, 3.2207980
145937356, 0xFFFF, 2335, 3.2205692
145999847, 0xFFFF, 2336, 3.2207218
146062369, 0xFFFF, 2337, 3.2210269
146124849, 0xFFFF, 2338, 3.2205692
146187361, 0xFFFF, 2339, 3.2207218
146249848, 0xFFFF, 2340, 3.2206455
146312357, 0xFFFF, 2341, 3.2201114
146374848, 0xFFFF, 2342, 3.2204929
146437354, 0xFFFF, 2343, 3.2206455
146499859, 0xFFFF, 2344, 3.2207980
146562356, 0xFFFF, 2345, 3.2206455
146624847, 0xFFFF, 2346, 3.2205692
146687356, 0xFFFF, 2347, 3.2206455
146749849, 0xFFFF, 2348, 3.2207218
146812364, 0xFFFF, 2349, 3.2207218
146874839, 0xFFFF, 2350, 3.2211032
146937357, 0xFFFF, 2351, 3.2210269
146999846, 0xFFFF, 2352, 3.2208743
147062355, 0xFFFF, 2353, 3.2205692
147124860, 0xFFFF, 2354, 3.2207218
147187366, 0xFFFF, 2355, 3.2206455
147249853, 0xFFFF, 2356, 3.2211032
147312357, 0xFFFF, 2357, 3.2208743
147374850, 0xFFFF, 2358, 3.2210269
147437365, 0xFFFF, 2359, 3.2211032
147499848, 0xFFFF, 2360, 3.2208743
147562364, 0xFFFF, 2361, 3.2207218
147624847, 0xFFFF, 2362, 3.2207980
147687355, 0xFFFF, 2363, 3.2207218
147749850, 0xFFFF, 2364, 3.2207218
147812357, 0xFFFF, 2365, 3.2203403
147874855, 0xFFFF, 2366, 3.2208743
147937358, 0xFFFF, 2367, 3.2211032
147999849, 0xFFFF, 2368, 3.2207980
148062355, 0xFFFF, 2369, 3.2207218
148124847, 0xFFFF, 2370, 3.2207218
148187367, 0xFFFF, 2371, 3.2205692
148249853, 0xFFFF, 2372, 3.2207218
148312355, 0xFFFF, 2373, 3.2207980
148374848, 0xFFFF, 2374, 3.2208743
148437358, 0xFFFF, 2375, 3.2208743
148499856, 0xFFFF, 2376, 3.2206455
148562367, 0xFFFF, 2377, 3.2204929
148624855, 0xFFFF, 2378, 3.2205692
148687354, 0xFFFF, 2379, 3.2210269
148749847, 0xFFFF, 2380, 3.2205692
148812368, 0xFFFF, 2381, 3.2206455
148874849, 0xFFFF, 2382, 3.2209506
148937362, 0xFFFF, 2383, 3.2209506
148999849, 0xFFFF, 2384, 3.2206455
149062358, 0xFFFF, 2385, 3.2207218
149124847, 0xFFFF, 2386, 3.2206455
149187353, 0xFFFF, 2387, 3.2207980
149249860, 0xFFFF, 2388, 3.2206455
149312354, 0xFFFF, 2389, 3.2206455
149374846, 0xFFFF, 2390, 3.2210269
149437359, 0xFFFF, 2391, 3.2210269
149499855, 0xFFFF, 2392, 3.2205692
149562364, 0xFFFF, 2393, 3.2206455
149624840, 0xFFFF, 2394, 3.2204929
149687357, 0xFFFF, 2395, 3.2207218
149749848, 0xFFFF, 2396, 3.2204929
149812365, 0xFFFF, 2397, 3.2205692
149874860, 0xFFFF, 2398, 3.2211032
149937368, 0xFFFF, 2399, 3.2208743
149999853, 0xFFFF, 2400, 3.2206455
150062358, 0xFFFF, 2401, 3.2207218
150124858, 0xFFFF, 2402, 3.2204929
150187365, 0xFFFF, 2403, 3.2205692
150249847, 0xFFFF, 2404, 3.2207980
150312363, 0xFFFF, 2405, 3.2204929
150374845, 0xFFFF, 2406, 3.2210269
150437367, 0xFFFF, 2407, 3.2210269
150499850, 0xFFFF, 2408, 3.2205692
150562358, 0xFFFF, 2409, 3.2205692
150624854, 0xFFFF, 2410, 3.2207980
150687357, 0xFFFF, 2411, 3.2204929
150749861, 0xFFFF, 2412, 3.2207218
150812354, 0xFFFF, 2413, 3.2203403
150874846, 0xFFFF, 2414, 3.2207980
150937368, 0xFFFF, 2415, 3.2210269
150999851, 0xFFFF, 2416, 3.2205692
151062365, 0xFFFF, 2417, 3.2204166
151124849, 0xFFFF, 2418, 3.2205692
151187357, 0xFFFF, 2419, 3.2204929
151249866, 0xFFFF, 2420, 3.2205692
151312366, 0xFFFF, 2421, 3.2205692
151374859, 0xFFFF, 2422, 3.2208743
151437354, 0xFFFF, 2423, 3.2208743
151499848, 0xFFFF, 2424, 3.2205692
151562377, 0xFFFF, 2425, 3.2205692
151624849, 0xFFFF, 2426, 3.2205692
151687365, 0xFFFF, 2427, 3.2205692
151749850, 0xFFFF, 2428, 3.2204166
151812355, 0xFFFF, 2429, 3.2206455
151874858, 0xFFFF, 2430, 3.2206455
151937355, 0xFFFF, 2431, 3.2204929
151999869, 0xFFFF, 2432, 3.2205692
152062354, 0xFFFF, 2433, 3.2204929
152124847, 0xFFFF, 2434, 3.2205692
152187368, 0xFFFF, 2435, 3.2205692
152249850, 0xFFFF, 2436, 3.2205692
152312373, 0xFFFF, 2437, 3.2204929
152374840, 0xFFFF, 2438, 3.2206455
152437356, 0xFFFF, 2439, 3.2206455
152499858, 0xFFFF, 2440, 3.2205692
152562356, 0xFFFF, 2441, 3.2206455
152624870, 0xFFFF, 2442, 3.2206455
152687367, 0xFFFF, 2443, 3.2204929
152749855, 0xFFFF, 2444, 3.2206455
152812367, 0xFFFF, 2445, 3.2205692
152874848, 0xFFFF, 2446, 3.2210269
152937376, 0xFFFF, 2447, 3.2204929
152999847, 0xFFFF, 2448, 3.2204929
153062363, 0xFFFF, 2449, 3.2207980
153124856, 0xFFFF, 2450, 3.2204929
153187355, 0xFFFF, 2451, 3.2205692
153249871, 0xFFFF, 2452, 3.2206455
153312358, 0xFFFF, 2453, 3.2206455
153374855, 0xFFFF, 2454, 3.2205692
153437367, 0xFFFF, 2455, 3.2206455
153499848, 0xFFFF, 2456, 3.2205692
153562376, 0xFFFF, 2457, 3.2205692
153624851, 0xFFFF, 2458, 3.2207218
153687367, 0xFFFF, 2459, 3.2204166
153749864, 0xFFFF, 2460, 3.2206455
153812355, 0xFFFF, 2461, 3.2206455
153874859, 0xFFFF, 2462, 3.2204166
153937365, 0xFFFF, 2463, 3.2205692
153999856, 0xFFFF, 2464, 3.2205692
154062377, 0xFFFF, 2465, 3.2207218
154124855, 0xFFFF, 2466, 3.2204929
154187364, 0xFFFF, 2467, 3.2203403
154249855, 0xFFFF, 2468, 3.2206455
154312369, 0xFFFF, 2469, 3.2204929
154374868, 0xFFFF, 2470, 3.2204166
154437361, 0xFFFF, 2471, 3.2206455
154499849, 0xFFFF, 2472, 3.2205692
154562366, 0xFFFF, 2473, 3.2204929
154624848, 0xFFFF, 2474, 3.2204929
154687376, 0xFFFF, 2475, 3.2208743
154749862, 0xFFFF, 2476, 3.2207980
154812353, 0xFFFF, 2477, 3.2204929
154874855, 0xFFFF, 2478, 3.2204166
154937357, 0xFFFF, 2479, 3.2204929
154999860, 0xFFFF, 2480, 3.2205692
155062364, 0xFFFF, 2481, 3.2204929
155124840, 0xFFFF, 2482, 3.2204166
155187364, 0xFFFF, 2483, 3.2204166
155249847, 0xFFFF, 2484, 3.2204929
155312366, 0xFFFF, 2485, 3.2207980
155374865, 0xFFFF, 2486, 3.2205692
155437368, 0xFFFF, 2487, 3.2201114
155499855, 0xFFFF, 2488, 3.2203403
155562356, 0xFFFF, 2489, 3.2203403
155624849, 0xFFFF, 2490, 3.2204929
155687373, 0xFFFF, 2491, 3.2206455
155749847, 0xFFFF, 2492, 3.2206455
155812365, 0xFFFF, 2493, 3.2203403
155874846, 0xFFFF, 2494, 3.2204929
155937354, 0xFFFF, 2495, 3.2206455
155999858, 0xFFFF, 2496, 3.2203403
156062358, 0xFFFF, 2497, 3.2204929
156124863, 0xFFFF, 2498, 3.2205692
156187357, 0xFFFF, 2499, 3.2206455
156249848, 0xFFFF, 2500, 3.2204929
156312362, 0xFFFF, 2501, 3.2204166
156374847, 0xFFFF, 2502, 3.2205692
156437376, 0xFFFF, 2503, 3.2208743
156499852, 0xFFFF, 2504, 3.2204929
156562355, 0xFFFF, 2505, 3.2204929
156624858, 0xFFFF, 2506, 3.2206455
156687358, 0xFFFF, 2507, 3.2206455
156749864, 0xFFFF, 2508, 3.2204929
156812365, 0xFFFF, 2509, 3.2204929
156874856, 0xFFFF, 2510, 3.2211032
156937363, 0xFFFF, 2511, 3.2207980
156999847, 0xFFFF, 2512, 3.2204929
157062378, 0xFFFF, 2513, 3.2205692
157124849, 0xFFFF, 2514, 3.2205692
157187361, 0xFFFF, 2515, 3.2204166
157249859, 0xFFFF, 2516, 3.2207218
157312356, 0xFFFF, 2517, 3.2205692
157374864, 0xFFFF, 2518, 3.2207218
157437356, 0xFFFF, 2519, 3.2207980
157499859, 0xFFFF, 2520, 3.2203403
157562363, 0xFFFF, 2521, 3.2205692
157624846, 0xFFFF, 2522, 3.2204166
157687377, 0xFFFF, 2523, 3.2204166
157749849, 0xFFFF, 2524, 3.2204929
157812363, 0xFFFF, 2525, 3.2207218
157874860, 0xFFFF, 2526, 3.2207218
157937356, 0xFFFF, 2527, 3.2207980
157999854, 0xFFFF, 2528, 3.2204929
158062356, 0xFFFF, 2529, 3.2206455
158124860, 0xFFFF, 2530, 3.2203403
158187373, 0xFFFF, 2531, 3.2202640
158249854, 0xFFFF, 2532, 3.2204929
158312365, 0xFFFF, 2533, 3.2203403
158374849, 0xFFFF, 2534, 3.2207218
158437365, 0xFFFF, 2535, 3.2207980
158499856, 0xFFFF, 2536, 3.2202640
158562364, 0xFFFF, 2537, 3.2208743
158624846, 0xFFFF, 2538, 3.2204166
158687355, 0xFFFF, 2539, 3.2204929
158749850, 0xFFFF, 2540, 3.2206455
158812375, 0xFFFF, 2541, 3.2203403
158874855, 0xFFFF, 2542, 3.2207218
158937358, 0xFFFF, 2543, 3.2204166
158999849, 0xFFFF, 2544, 3.2204166
159062356, 0xFFFF, 2545, 3.2205692
159124856, 0xFFFF, 2546, 3.2203403
159187368, 0xFFFF, 2547, 3.2204166
159249853, 0xFFFF, 2548, 3.2204166
159312354, 0xFFFF, 2549, 3.2204929
159374848, 0xFFFF, 2550, 3.2207218
159437367, 0xFFFF, 2551, 3.2207980
159499856, 0xFFFF, 2552, 3.2204166
159562366, 0xFFFF, 2553, 3.2204929
159624857, 0xFFFF, 2554, 3.2203403
159687353, 0xFFFF, 2555, 3.2204166
159749848, 0xFFFF, 2556, 3.2204166
159812369, 0xFFFF, 2557, 3.2204166
159874848, 0xFFFF, 2558, 3.2204929
159937362, 0xFFFF, 2559, 3.2207218
159999849, 0xFFFF, 2560, 3.2204166
160062356, 0xFFFF, 2561, 3.2204929
160124847, 0xFFFF, 2562, 3.2207218
160187355, 0xFFFF, 2563, 3.2203403
160249860, 0xFFFF, 2564, 3.2204929
160312353, 0xFFFF, 2565, 3.2204929
160374845, 0xFFFF, 2566, 3.2207218
160437358, 0xFFFF, 2567, 3.2207218
160499849, 0xFFFF, 2568, 3.2204166
160562364, 0xFFFF, 2569, 3.2204929
160624841, 0xFFFF, 2570, 3.2204929
160687356, 0xFFFF, 2571, 3.2203403
160749847, 0xFFFF, 2572, 3.2204166
160812354, 0xFFFF, 2573, 3.2203403
160874859, 0xFFFF, 2574, 3.2204166
160937368, 0xFFFF, 2575, 3.2207218
160999855, 0xFFFF, 2576, 3.2203403
161062357, 0xFFFF, 2577, 3.2203403
161124849, 0xFFFF, 2578, 3.2204166
161187365, 0xFFFF, 2579, 3.2205692
161249847, 0xFFFF, 2580, 3.2205692
161312364, 0xFFFF, 2581, 3.2204166
161374846, 0xFFFF, 2582, 3.2205692
161437355, 0xFFFF, 2583, 3.2207980
161499850, 0xFFFF, 2584, 3.2204166
161562358, 0xFFFF, 2585, 3.2205692
161624855, 0xFFFF, 2586, 3.2203403
161687356, 0xFFFF, 2587, 3.2204166
161749849, 0xFFFF, 2588, 3.2204929
161812355, 0xFFFF, 2589, 3.2204166
161874847, 0xFFFF, 2590, 3.2207218
161937369, 0xFFFF, 2591, 3.2204166
161999852, 0xFFFF, 2592, 3.2203403
162062356, 0xFFFF, 2593, 3.2204929
162124848, 0xFFFF, 2594, 3.2204166
162187358, 0xFFFF, 2595, 3.2203403
162249856, 0xFFFF, 2596, 3.2204166
162312367, 0xFFFF, 2597, 3.2204166
162374857, 0xFFFF, 2598, 3.2204929
162437354, 0xFFFF, 2599, 3.2204929
162499847, 0xFFFF, 2600, 3.2203403
162562369, 0xFFFF, 2601, 3.2203403
162624848, 0xFFFF, 2602, 3.2204166
162687361, 0xFFFF, 2603, 3.2202640
162749850, 0xFFFF, 2604, 3.2207980
162812357, 0xFFFF, 2605, 3.2202640
162874847, 0xFFFF, 2606, 3.2204166
162937356, 0xFFFF, 2607, 3.2204929
162999859, 0xFFFF, 2608, 3.2205692
163062354, 0xFFFF, 2609, 3.2204929
163124847, 0xFFFF, 2610, 3.2202640
163187356, 0xFFFF, 2611, 3.2203403
163249849, 0xFFFF, 2612, 3.2203403
163312364, 0xFFFF, 2613, 3.2204166
163374841, 0xFFFF, 2614, 3.2202640
163437356, 0xFFFF, 2615, 3.2204929
163499847, 0xFFFF, 2616, 3.2204166
163562355, 0xFFFF, 2617, 3.2204166
163624859, 0xFFFF, 2618, 3.2207218
163687367, 0xFFFF, 2619, 3.2202640
163749855, 0xFFFF, 2620, 3.2202640
163812355, 0xFFFF, 2621, 3.2203403
163874849, 0xFFFF, 2622, 3.2203403
163937365, 0xFFFF, 2623, 3.2206455
163999847, 0xFFFF, 2624, 3.2203403
164062364, 0xFFFF, 2625, 3.2203403
164124847, 0xFFFF, 2626, 3.2204166
164187354, 0xFFFF, 2627, 3.2203403
164249850, 0xFFFF, 2628, 3.2204929
164312358, 0xFFFF, 2629, 3.2202640
164374855, 0xFFFF, 2630, 3.2202640
164437358, 0xFFFF, 2631, 3.2203403
164499849, 0xFFFF, 2632, 3.2202640
164562356, 0xFFFF, 2633, 3.2204929
164624853, 0xFFFF, 2634, 3.2203403
164687368, 0xFFFF, 2635, 3.2203403
164749854, 0xFFFF, 2636, 3.2202640
164812354, 0xFFFF, 2637, 3.2202640
164874849, 0xFFFF, 2638, 3.2204166
164937367, 0xFFFF, 2639, 3.2202640
164999856, 0xFFFF, 2640, 3.2203403
165062368, 0xFFFF, 2641, 3.2204929
165124856, 0xFFFF, 2642, 3.2203403
165187354, 0xFFFF, 2643, 3.2205692
165249858, 0xFFFF, 2644, 3.2201877
165312370, 0xFFFF, 2645, 3.2204929
165374849, 0xFFFF, 2646, 3.2203403
165437363, 0xFFFF, 2647, 3.2204166
165499848, 0xFFFF, 2648, 3.2204166
165562368, 0xFFFF, 2649, 3.2204929
165624847, 0xFFFF, 2650, 3.2202640
165687355, 0xFFFF, 2651, 3.2202640
165749860, 0xFFFF, 2652, 3.2201114
165812354, 0xFFFF, 2653, 3.2202640
165874858, 0xFFFF, 2654, 3.2198825
165937357, 0xFFFF, 2655, 3.2204929
165999849, 0xFFFF, 2656, 3.2201877
166062364, 0xFFFF, 2657, 3.2201877
166124841, 0xFFFF, 2658, 3.2202640
166187366, 0xFFFF, 2659, 3.2201877
166249847, 0xFFFF, 2660, 3.2204166
166312356, 0xFFFF, 2661, 3.2203403
166374869, 0xFFFF, 2662, 3.2203403
166437367, 0xFFFF, 2663, 3.2202640
166499857, 0xFFFF, 2664, 3.2200351
166562357, 0xFFFF, 2665, 3.2203403
166624849, 0xFFFF, 2666, 3.2204929
166687374, 0xFFFF, 2667, 3.2201877
166749847, 0xFFFF, 2668, 3.2203403
166812367, 0xFFFF, 2669, 3.2203403
166874846, 0xFFFF, 2670, 3.2203403
166937356, 0xFFFF, 2671, 3.2207218
166999859, 0xFFFF, 2672, 3.2204166
167062357, 0xFFFF, 2673, 3.2206455
167124865, 0xFFFF, 2674, 3.2203403
167187357, 0xFFFF, 2675, 3.2204166
167249850, 0xFFFF, 2676, 3.2203403
167312365, 0xFFFF, 2677, 3.2203403
167374847, 0xFFFF, 2678, 3.2202640
167437379, 0xFFFF, 2679, 3.2206455
167499853, 0xFFFF, 2680, 3.2206455
167562354, 0xFFFF, 2681, 3.2202640
167624860, 0xFFFF, 2682, 3.2202640
167687357, 0xFFFF, 2683, 3.2202640
167749868, 0xFFFF, 2684, 3.2202640
167812367, 0xFFFF, 2685, 3.2204929
167874856, 0xFFFF, 2686, 3.2205692
167937365, 0xFFFF, 2687, 3.2205692
167999847, 0xFFFF, 2688, 3.2201114
168062380, 0xFFFF, 2689, 3.2202640
168124850, 0xFFFF, 2690, 3.2202640
168187363, 0xFFFF, 2691, 3.2203403
168249860, 0xFFFF, 2692, 3.2203403
168312355, 0xFFFF, 2693, 3.2204929
168374866, 0xFFFF, 2694, 3.2201877
168437356, 0xFFFF, 2695, 3.2206455
168499860, 0xFFFF, 2696, 3.2201877
168562365, 0xFFFF, 2697, 3.2202640
168624846, 0xFFFF, 2698, 3.2203403
168687379, 0xFFFF, 2699, 3.2203403
168749855, 0xFFFF, 2700, 3.2207980
168812364, 0xFFFF, 2701, 3.2202640
168874863, 0xFFFF, 2702, 3.2201877
168937357, 0xFFFF, 2703, 3.2207218
168999856, 0xFFFF, 2704, 3.2203403
169062362, 0xFFFF, 2705, 3.2202640
169124859, 0xFFFF, 2706, 3.2203403
169187376, 0xFFFF, 2707, 3.2204166
169249854, 0xFFFF, 2708, 3.2207980
169312367, 0xFFFF, 2709, 3.2202640
169374857, 0xFFFF, 2710, 3.2202640
169437365, 0xFFFF, 2711, 3.2205692
169499857, 0xFFFF, 2712, 3.2202640
169562366, 0xFFFF, 2713, 3.2203403
169624846, 0xFFFF, 2714, 3.2203403
169687363, 0xFFFF, 2715, 3.2202640
169749850, 0xFFFF, 2716, 3.2204166
169812378, 0xFFFF, 2717, 3.2201877
169874856, 0xFFFF, 2718, 3.2199588
169937356, 0xFFFF, 2719, 3.2206455
169999858, 0xFFFF, 2720, 3.2201114
170062355, 0xFFFF, 2721, 3.2202640
170124858, 0xFFFF, 2722, 3.2201114
170187367, 0xFFFF, 2723, 3.2204166
170249854, 0xFFFF, 2724, 3.2203403
170312362, 0xFFFF, 2725, 3.2201877
170374849, 0xFFFF, 2726, 3.2201877
170437369, 0xFFFF, 2727, 3.2204929
170499863, 0xFFFF, 2728, 3.2201877
170562366, 0xFFFF, 2729, 3.2201877
170624858, 0xFFFF, 2730, 3.2203403
170687353, 0xFFFF, 2731, 3.2202640
170749849, 0xFFFF, 2732, 3.2202640
170812375, 0xFFFF, 2733, 3.2203403
170874847, 0xFFFF, 2734, 3.2200351
170937363, 0xFFFF, 2735, 3.2205692
170999849, 0xFFFF, 2736, 3.2201877
171062356, 0xFFFF, 2737, 3.2201877
171124855, 0xFFFF, 2738, 3.2202640
171187353, 0xFFFF, 2739, 3.2202640
171249868, 0xFFFF, 2740, 3.2201877
171312354, 0xFFFF, 2741, 3.2202640
171374845, 0xFFFF, 2742, 3.2203403
171437366, 0xFFFF, 2743, 3.2205692
171499850, 0xFFFF, 2744, 3.2204166
171562373, 0xFFFF, 2745, 3.2201877
171624842, 0xFFFF, 2746, 3.2202640
171687356, 0xFFFF, 2747, 3.2203403
171749857, 0xFFFF, 2748, 3.2201877
171812356, 0xFFFF, 2749, 3.2201114
171874867, 0xFFFF, 2750, 3.2202640
171937366, 0xFFFF, 2751, 3.2202640
171999854, 0xFFFF, 2752, 3.2203403
172062365, 0xFFFF, 2753, 3.2201114
172124849, 0xFFFF, 2754, 3.2199588
172187372, 0xFFFF, 2755, 3.2201877
172249847, 0xFFFF, 2756, 3.2195773
172312365, 0xFFFF, 2757, 3.2201877
172374856, 0xFFFF, 2758, 3.2201877
172437355, 0xFFFF, 2759, 3.2202640
172499858, 0xFFFF, 2760, 3.2201877
172562359, 0xFFFF, 2761, 3.2204929
172624856, 0xFFFF, 2762, 3.2202640
172687367, 0xFFFF, 2763, 3.2198825
172749850, 0xFFFF, 2764, 3.2199588
172812365, 0xFFFF, 2765, 3.2201114
172874847, 0xFFFF, 2766, 3.2201114
172937369, 0xFFFF, 2767, 3.2201114
172999862, 0xFFFF, 2768, 3.2201114
173062354, 0xFFFF, 2769, 3.2201114
173124857, 0xFFFF, 2770, 3.2202640
173187358, 0xFFFF, 2771, 3.2202640
173249856, 0xFFFF, 2772, 3.2203403
173312375, 0xFFFF, 2773, 3.2206455
173374857, 0xFFFF, 2774, 3.2203403
173437362, 0xFFFF, 2775, 3.2201877
173499848, 0xFFFF, 2776, 3.2201114
173562369, 0xFFFF, 2777, 3.2201877
173624857, 0xFFFF, 2778, 3.2200351
173687362, 0xFFFF, 2779, 3.2201114
173749849, 0xFFFF, 2780, 3.2201877
173812355, 0xFFFF, 2781, 3.2201877
173874848, 0xFFFF, 2782, 3.2202640
173937364, 0xFFFF, 2783, 3.2202640
173999860, 0xFFFF, 2784, 3.2199588
174062354, 0xFFFF, 2785, 3.2200351
174124847, 0xFFFF, 2786, 3.2201114
174187356, 0xFFFF, 2787, 3.2201114
174249858, 0xFFFF, 2788, 3.2201114
174312364, 0xFFFF, 2789, 3.2201114
174374842, 0xFFFF, 2790, 3.2202640
174437358, 0xFFFF, 2791, 3.2201114
174499846, 0xFFFF, 2792, 3.2201114
174562365, 0xFFFF, 2793, 3.2204929
174624859, 0xFFFF, 2794, 3.2199588
174687367, 0xFFFF, 2795, 3.2202640
174749854, 0xFFFF, 2796, 3.2200351
174812356, 0xFFFF, 2797, 3.2200351
174874849, 0xFFFF, 2798, 3.2200351
174937365, 0xFFFF, 2799, 3.2201114
174999847, 0xFFFF, 2800, 3.2203403
175062365, 0xFFFF, 2801, 3.2201114
175124846, 0xFFFF, 2802, 3.2202640
175187353, 0xFFFF, 2803, 3.2201877
175249850, 0xFFFF, 2804, 3.2201877
175312357, 0xFFFF, 2805, 3.2202640
175374855, 0xFFFF, 2806, 3.2203403
175437358, 0xFFFF, 2807, 3.2200351
175499850, 0xFFFF, 2808, 3.2200351
175562354, 0xFFFF, 2809, 3.2200351
175624847, 0xFFFF, 2810, 3.2200351
175687368, 0xFFFF, 2811, 3.2199588
175749855, 0xFFFF, 2812, 3.2200351
175812355, 0xFFFF, 2813, 3.2200351
175874847, 0xFFFF, 2814, 3.2201114
175937358, 0xFFFF, 2815, 3.2201877
175999856, 0xFFFF, 2816, 3.2200351
176062367, 0xFFFF, 2817, 3.2204166
176124858, 0xFFFF, 2818, 3.2204166
176187354, 0xFFFF, 2819, 3.2203403
176249848, 0xFFFF, 2820, 3.2200351
176312368, 0xFFFF, 2821, 3.2201114
176374849, 0xFFFF, 2822, 3.2199588
176437363, 0xFFFF, 2823, 3.2199588
176499848, 0xFFFF, 2824, 3.2201877
176562357, 0xFFFF, 2825, 3.2201114
176624847, 0xFFFF, 2826, 3.2200351
176687355, 0xFFFF, 2827, 3.2200351
176749860, 0xFFFF, 2828, 3.2201114
176812355, 0xFFFF, 2829, 3.2200351
176874847, 0xFFFF, 2830, 3.2202640
176937359, 0xFFFF, 2831, 3.2204166
176999849, 0xFFFF, 2832, 3.2201877
177062365, 0xFFFF, 2833, 3.2200351
177124843, 0xFFFF, 2834, 3.2203403
177187357, 0xFFFF, 2835, 3.2200351
177249846, 0xFFFF, 2836, 3.2201877
177312356, 0xFFFF, 2837, 3.2201877
177374859, 0xFFFF, 2838, 3.2201877
177437368, 0xFFFF, 2839, 3.2201877
177499854, 0xFFFF, 2840, 3.2202640
177562356, 0xFFFF, 2841, 3.2202640
177624849, 0xFFFF, 2842, 3.2204929
177687365, 0xFFFF, 2843, 3.2199588
177749848, 0xFFFF, 2844, 3.2199588
177812365, 0xFFFF, 2845, 3.2199588
177874847, 0xFFFF, 2846, 3.2198062
177937354, 0xFFFF, 2847, 3.2203403
177999849, 0xFFFF, 2848, 3.2201114
178062358, 0xFFFF, 2849, 3.2199588
178124855, 0xFFFF, 2850, 3.2200351
178187357, 0xFFFF, 2851, 3.2205692
178249850, 0xFFFF, 2852, 3.2202640
178312354, 0xFFFF, 2853, 3.2202640
178374848, 0xFFFF, 2854, 3.2200351
178437368, 0xFFFF, 2855, 3.2204166
178499854, 0xFFFF, 2856, 3.2202640
178562356, 0xFFFF, 2857, 3.2201114
178624848, 0xFFFF, 2858, 3.2201114
178687357, 0xFFFF, 2859, 3.2201114
178749856, 0xFFFF, 2860, 3.2201114
178812366, 0xFFFF, 2861, 3.2201114
178874858, 0xFFFF, 2862, 3.2201114
178937354, 0xFFFF, 2863, 3.2204929
178999846, 0xFFFF, 2864, 3.2204929
179062368, 0xFFFF, 2865, 3.2201114
179124849, 0xFFFF, 2866, 3.2200351
179187362, 0xFFFF, 2867, 3.2199588
179249849, 0xFFFF, 2868, 3.2200351
179312357, 0xFFFF, 2869, 3.2201877
179374847, 0xFFFF, 2870, 3.2200351
179437355, 0xFFFF, 2871, 3.2204929
179499860, 0xFFFF, 2872, 3.2204166
179562354, 0xFFFF, 2873, 3.2199588
179624846, 0xFFFF, 2874, 3.2201114
179687357, 0xFFFF, 2875, 3.2200351
179749858, 0xFFFF, 2876, 3.2201114
179812364, 0xFFFF, 2877, 3.2199588
179874842, 0xFFFF, 2878, 3.2201114
179937358, 0xFFFF, 2879, 3.2205692
179999847, 0xFFFF, 2880, 3.2201114
180062365, 0xFFFF, 2881, 3.2201114
180124860, 0xFFFF, 2882, 3.2202640
180187365, 0xFFFF, 2883, 3.2202640
180249855, 0xFFFF, 2884, 3.2201114
180312357, 0xFFFF, 2885, 3.2201114
180374858, 0xFFFF, 2886, 3.2201114
180437366, 0xFFFF, 2887, 3.2204929
180499846, 0xFFFF, 2888, 3.2201114
180562365, 0xFFFF, 2889, 3.2200351
180624845, 0xFFFF, 2890, 3.2201114
180687367, 0xFFFF, 2891, 3.2201114
180749850, 0xFFFF, 2892, 3.2201877
180812358, 0xFFFF, 2893, 3.2206455
180874856, 0xFFFF, 2894, 3.2201114
180937357, 0xFFFF, 2895, 3.2206455
180999860, 0xFFFF, 2896, 3.2201877
181062355, 0xFFFF, 2897, 3.2204929
181124847, 0xFFFF, 2898, 3.2201114
181187367, 0xFFFF, 2899, 3.2201877
181249853, 0xFFFF, 2900, 3.2201114
181312364, 0xFFFF, 2901, 3.2201877
181374849, 0xFFFF, 2902, 3.2203403
181437358, 0xFFFF, 2903, 3.2204929
181499864, 0xFFFF, 2904, 3.2204929
181562367, 0xFFFF, 2905, 3.2199588
181624859, 0xFFFF, 2906, 3.2200351
181687354, 0xFFFF, 2907, 3.2200351
181749848, 0xFFFF, 2908, 3.2199588
181812379, 0xFFFF, 2909, 3.2200351
181874849, 0xFFFF, 2910, 3.2200351
181937366, 0xFFFF, 2911, 3.2199588
181999849, 0xFFFF, 2912, 3.2201114
182062356, 0xFFFF, 2913, 3.2199588
182124858, 0xFFFF, 2914, 3.2200351
182187354, 0xFFFF, 2915, 3.2198825
182249869, 0xFFFF, 2916, 3.2199588
182312354, 0xFFFF, 2917, 3.2199588
182374847, 0xFFFF, 2918, 3.2199588
182437367, 0xFFFF, 2919, 3.2201114
182499849, 0xFFFF, 2920, 3.2200351
182562374, 0xFFFF, 2921, 3.2198825
182624843, 0xFFFF, 2922, 3.2200351
182687356, 0xFFFF, 2923, 3.2199588
182749859, 0xFFFF, 2924, 3.2199588
182812355, 0xFFFF, 2925, 3.2199588
182874870, 0xFFFF, 2926, 3.2201114
182937367, 0xFFFF, 2927, 3.2200351
182999854, 0xFFFF, 2928, 3.2200351
183062368, 0xFFFF, 2929, 3.2199588
183124848, 0xFFFF, 2930, 3.2199588
183187376, 0xFFFF, 2931, 3.2200351
183249847, 0xFFFF, 2932, 3.2200351
183312365, 0xFFFF, 2933, 3.2196536
183374858, 0xFFFF, 2934, 3.2199588
183437355, 0xFFFF, 2935, 3.2200351
183499870, 0xFFFF, 2936, 3.2198062
183562358, 0xFFFF, 2937, 3.2198825
183624856, 0xFFFF, 2938, 3.2198825
183687366, 0xFFFF, 2939, 3.2196536
183749848, 0xFFFF, 2940, 3.2198062
183812375, 0xFFFF, 2941, 3.2199588
183874853, 0xFFFF, 2942, 3.2198825
183937369, 0xFFFF, 2943, 3.2198825
183999865, 0xFFFF, 2944, 3.2203403
184062356, 0xFFFF, 2945, 3.2202640
184124859, 0xFFFF, 2946, 3.2201114
184187365, 0xFFFF, 2947, 3.2200351
184249856, 0xFFFF, 2948, 3.2199588
184312378, 0xFFFF, 2949, 3.2201114
184374858, 0xFFFF, 2950, 3.2200351
184437365, 0xFFFF, 2951, 3.2200351
184499854, 0xFFFF, 2952, 3.2200351
184562369, 0xFFFF, 2953, 3.2198825
184624869, 0xFFFF, 2954, 3.2200351
184687362, 0xFFFF, 2955, 3.2201114
184749850, 0xFFFF, 2956, 3.2199588
184812366, 0xFFFF, 2957, 3.2200351
184874847, 0xFFFF, 2958, 3.2198825
184937366, 0xFFFF, 2959, 3.2199588
184999860, 0xFFFF, 2960, 3.2196536
185062355, 0xFFFF, 2961, 3.2199588
185124856, 0xFFFF, 2962, 3.2199588
185187356, 0xFFFF, 2963, 3.2200351
185249861, 0xFFFF, 2964, 3.2200351
185312364, 0xFFFF, 2965, 3.2199588
185374843, 0xFFFF, 2966, 3.2199588
185437365, 0xFFFF, 2967, 3.2201114
185499847, 0xFFFF, 2968, 3.2197299
185562367, 0xFFFF, 2969, 3.2199588
185624866, 0xFFFF, 2970, 3.2199588
185687367, 0xFFFF, 2971, 3.2198062
185749858, 0xFFFF, 2972, 3.2198062
185812356, 0xFFFF, 2973, 3.2200351
185874847, 0xFFFF, 2974, 3.2198062
185937372, 0xFFFF, 2975, 3.2201877
185999847, 0xFFFF, 2976, 3.2202640
186062366, 0xFFFF, 2977, 3.2200351
186124847, 0xFFFF, 2978, 3.2201877
186187355, 0xFFFF, 2979, 3.2199588
186249859, 0xFFFF, 2980, 3.2200351
186312357, 0xFFFF, 2981, 3.2199588
186374863, 0xFFFF, 2982, 3.2199588
186437357, 0xFFFF, 2983, 3.2199588
186499849, 0xFFFF, 2984, 3.2198825
186562363, 0xFFFF, 2985, 3.2198825
186624847, 0xFFFF, 2986, 3.2200351
186687375, 0xFFFF, 2987, 3.2197299
186749855, 0xFFFF, 2988, 3.2198062
186812356, 0xFFFF, 2989, 3.2200351
186874857, 0xFFFF, 2990, 3.2198825
186937359, 0xFFFF, 2991, 3.2202640
186999864, 0xFFFF, 2992, 3.2204929
187062367, 0xFFFF, 2993, 3.2199588
187124858, 0xFFFF, 2994, 3.2200351
187187363, 0xFFFF, 2995, 3.2199588
187249847, 0xFFFF, 2996, 3.2199588
187312376, 0xFFFF, 2997, 3.2198825
187374849, 0xFFFF, 2998, 3.2199588
187437363, 0xFFFF, 2999, 3.2203403
187499858, 0xFFFF, 3000, 3.2202640
187562357, 0xFFFF, 3001, 3.2200351
187624856, 0xFFFF, 3002, 3.2198825
187687355, 0xFFFF, 3003, 3.2198825
187749860, 0xFFFF, 3004, 3.2201114
187812361, 0xFFFF, 3005, 3.2202640
187874846, 0xFFFF, 3006, 3.2201114
187937366, 0xFFFF, 3007, 3.2203403
187999850, 0xFFFF, 3008, 3.2203403
188062365, 0xFFFF, 3009, 3.2198825
188124863, 0xFFFF, 3010, 3.2200351
188187357, 0xFFFF, 3011, 3.2199588
188249856, 0xFFFF, 3012, 3.2199588
188312356, 0xFFFF, 3013, 3.2197299
188374860, 0xFFFF, 3014, 3.2198825
188437374, 0xFFFF, 3015, 3.2202640
188499855, 0xFFFF, 3016, 3.2204929
188562365, 0xFFFF, 3017, 3.2199588
188624849, 0xFFFF, 3018, 3.2196536
188687364, 0xFFFF, 3019, 3.2201114
188749856, 0xFFFF, 3020, 3.2198825
188812365, 0xFFFF, 3021, 3.2199588
188874847, 0xFFFF, 3022, 3.2198825
188937354, 0xFFFF, 3023, 3.2203403
188999849, 0xFFFF, 3024, 3.2201114
189062368, 0xFFFF, 3025, 3.2198062
189124855, 0xFFFF, 3026, 3.2200351
189187357, 0xFFFF, 3027, 3.2199588
189249848, 0xFFFF, 3028, 3.2199588
189312354, 0xFFFF, 3029, 3.2199588
189374856, 0xFFFF, 3030, 3.2198062
189437369, 0xFFFF, 3031, 3.2202640
189499854, 0xFFFF, 3032, 3.2202640
189562356, 0xFFFF, 3033, 3.2198825
189624849, 0xFFFF, 3034, 3.2198825
189687366, 0xFFFF, 3035, 3.2201114
189749856, 0xFFFF, 3036, 3.2198825
189812365, 0xFFFF, 3037, 3.2196536
189874859, 0xFFFF, 3038, 3.2199588
189937354, 0xFFFF, 3039, 3.2203403
189999848, 0xFFFF, 3040, 3.2202640
190062369, 0xFFFF, 3041, 3.2204166
190124849, 0xFFFF, 3042, 3.2199588
190187362, 0xFFFF, 3043, 3.2199588
190249849, 0xFFFF, 3044, 3.2198825
190312356, 0xFFFF, 3045, 3.2200351
190374846, 0xFFFF, 3046, 3.2199588
190437356, 0xFFFF, 3047, 3.2208743
190499860, 0xFFFF, 3048, 3.2202640
190562355, 0xFFFF, 3049, 3.2198062
190624847, 0xFFFF, 3050, 3.2198825
190687357, 0xFFFF, 3051, 3.2198825
190749851, 0xFFFF, 3052, 3.2197299
190812364, 0xFFFF, 3053, 3.2198062
190874843, 0xFFFF, 3054, 3.2201114
190937357, 0xFFFF, 3055, 3.2204166
190999847, 0xFFFF, 3056, 3.2204166
191062355, 0xFFFF, 3057, 3.2198062
191124860, 0xFFFF, 3058, 3.2198825
191187365, 0xFFFF, 3059, 3.2199588
191249855, 0xFFFF, 3060, 3.2199588
191312357, 0xFFFF, 3061, 3.2198825
191374849, 0xFFFF, 3062, 3.2201114
191437365, 0xFFFF, 3063, 3.2204166
191499847, 0xFFFF, 3064, 3.2202640
191562367, 0xFFFF, 3065, 3.2198062
191624847, 0xFFFF, 3066, 3.2194247
191687354, 0xFFFF, 3067, 3.2201114
191749850, 0xFFFF, 3068, 3.2198825
191812357, 0xFFFF, 3069, 3.2199588
191874855, 0xFFFF, 3070, 3.2201114
191937357, 0xFFFF, 3071, 3.2197299
191999848, 0xFFFF, 3072, 3.2198062
192062355, 0xFFFF, 3073, 3.2196536
192124847, 0xFFFF, 3074, 3.2198062
192187368, 0xFFFF, 3075, 3.2198062
192249855, 0xFFFF, 3076, 3.2195010
192312355, 0xFFFF, 3077, 3.2201114
192374849, 0xFFFF, 3078, 3.2200351
192437357, 0xFFFF, 3079, 3.2198825
192499856, 0xFFFF, 3080, 3.2199588
192562366, 0xFFFF, 3081, 3.2198825
192624860, 0xFFFF, 3082, 3.2197299
192687354, 0xFFFF, 3083, 3.2198825
192749848, 0xFFFF, 3084, 3.2197299
192812368, 0xFFFF, 3085, 3.2195010
192874848, 0xFFFF, 3086, 3.2198825
192937363, 0xFFFF, 3087, 3.2198825
192999849, 0xFFFF, 3088, 3.2198062
193062356, 0xFFFF, 3089, 3.2198825
193124848, 0xFFFF, 3090, 3.2198062
193187355, 0xFFFF, 3091, 3.2198062
193249861, 0xFFFF, 3092, 3.2194247
193312354, 0xFFFF, 3093, 3.2201114
193374847, 0xFFFF, 3094, 3.2199588
193437357, 0xFFFF, 3095, 3.2199588
193499849, 0xFFFF, 3096, 3.2198062
193562365, 0xFFFF, 3097, 3.2198062
193624844, 0xFFFF, 3098, 3.2198825
193687357, 0xFFFF, 3099, 3.2198062
193749848, 0xFFFF, 3100, 3.2197299
193812354, 0xFFFF, 3101, 3.2199588
193874859, 0xFFFF, 3102, 3.2198062
193937366, 0xFFFF, 3103, 3.2198062
193999854, 0xFFFF, 3104, 3.2197299
194062357, 0xFFFF, 3105, 3.2198062
194124849, 0xFFFF, 3106, 3.2198062
194187365, 0xFFFF, 3107, 3.2196536
194249847, 0xFFFF, 3108, 3.2199588
194312367, 0xFFFF, 3109, 3.2198062
194374847, 0xFFFF, 3110, 3.2198062
194437355, 0xFFFF, 3111, 3.2198062
194499849, 0xFFFF, 3112, 3.2196536
194562359, 0xFFFF, 3113, 3.2197299
194624856, 0xFFFF, 3114, 3.2199588
194687357, 0xFFFF, 3115, 3.2198825
194749850, 0xFFFF, 3116, 3.2198825
194812355, 0xFFFF, 3117, 3.2198062
194874856, 0xFFFF, 3118, 3.2197299
194937369, 0xFFFF, 3119, 3.2197299
194999855, 0xFFFF, 3120, 3.2198062
195062355, 0xFFFF, 3121, 3.2199588
195124849, 0xFFFF, 3122, 3.2203403
195187366, 0xFFFF, 3123, 3.2198062
195249857, 0xFFFF, 3124, 3.2198062
195312367, 0xFFFF, 3125, 3.2196536
195374858, 0xFFFF, 3126, 3.2195010
195437354, 0xFFFF, 3127, 3.2199588
195499858, 0xFFFF, 3128, 3.2198062
195562369, 0xFFFF, 3129, 3.2196536
195624849, 0xFFFF, 3130, 3.2198062
195687363, 0xFFFF, 3131, 3.2198062
195749850, 0xFFFF, 3132, 3.2197299
195812368, 0xFFFF, 3133, 3.2191958
195874847, 0xFFFF, 3134, 3.2198062
195937355, 0xFFFF, 3135, 3.2198062
195999859, 0xFFFF, 3136, 3.2198062
196062355, 0xFFFF, 3137, 3.2197299
196124858, 0xFFFF, 3138, 3.2198062
196187356, 0xFFFF, 3139, 3.2201114
196249850, 0xFFFF, 3140, 3.2198062
196312363, 0xFFFF, 3141, 3.2198062
196374843, 0xFFFF, 3142, 3.2200351
196437367, 0xFFFF, 3143, 3.2197299
196499848, 0xFFFF, 3144, 3.2195773
196562357, 0xFFFF, 3145, 3.2200351
196624869, 0xFFFF, 3146, 3.2198062
196687366, 0xFFFF, 3147, 3.2197299
196749858, 0xFFFF, 3148, 3.2197299
196812356, 0xFFFF, 3149, 3.2197299
196874849, 0xFFFF, 3150, 3.2196536
196937373, 0xFFFF, 3151, 3.2201877
196999846, 0xFFFF, 3152, 3.2201114
197062368, 0xFFFF, 3153, 3.2197299
197124847, 0xFFFF, 3154, 3.2197299
197187355, 0xFFFF, 3155, 3.2196536
197249859, 0xFFFF, 3156, 3.2198825
197312358, 0xFFFF, 3157, 3.2197299
197374865, 0xFFFF, 3158, 3.2197299
197437357, 0xFFFF, 3159, 3.2200351
197499849, 0xFFFF, 3160, 3.2198825
197562365, 0xFFFF, 3161, 3.2199588
197624847, 0xFFFF, 3162, 3.2198062
197687378, 0xFFFF, 3163, 3.2191196
197749857, 0xFFFF, 3164, 3.2198062
197812355, 0xFFFF, 3165, 3.2197299
197874860, 0xFFFF, 3166, 3.2196536
197937358, 0xFFFF, 3167, 3.2203403
197999867, 0xFFFF, 3168, 3.2200351
198062367, 0xFFFF, 3169, 3.2197299
198124860, 0xFFFF, 3170, 3.2196536
198187365, 0xFFFF, 3171, 3.2196536
198249848, 0xFFFF, 3172, 3.2196536
198312379, 0xFFFF, 3173, 3.2198825
198374849, 0xFFFF, 3174, 3.2198062
198437363, 0xFFFF, 3175, 3.2202640
198499860, 0xFFFF, 3176, 3.2199588
198562356, 0xFFFF, 3177, 3.2196536
198624858, 0xFFFF, 3178, 3.2199588
198687354, 0xFFFF, 3179, 3.2198062
198749860, 0xFFFF, 3180, 3.2197299
198812364, 0xFFFF, 3181, 3.2196536
198874847, 0xFFFF, 3182, 3.2193484
198937368, 0xFFFF, 3183, 3.2202640
198999857, 0xFFFF, 3184, 3.2201114
199062365, 0xFFFF, 3185, 3.2198825
199124865, 0xFFFF, 3186, 3.2198062
199187356, 0xFFFF, 3187, 3.2195773
199249858, 0xFFFF, 3188, 3.2196536
199312362, 0xFFFF, 3189, 3.2198062
199374859, 0xFFFF, 3190, 3.2197299
199437377, 0xFFFF, 3191, 3.2200351
199499854, 0xFFFF, 3192, 3.2202640
199562368, 0xFFFF, 3193, 3.2198062
199624857, 0xFFFF, 3194, 3.2197299
199687365, 0xFFFF, 3195, 3.2197299
199749858, 0xFFFF, 3196, 3.2198062
199812367, 0xFFFF, 3197, 3.2196536
199874846, 0xFFFF, 3198, 3.2201114
199937362, 0xFFFF, 3199, 3.2201877
199999849, 0xFFFF, 3200, 3.2199588
200062368, 0xFFFF, 3201, 3.2197299
200124855, 0xFFFF, 3202, 3.2196536
200187357, 0xFFFF, 3203, 3.2198062
200249858, 0xFFFF, 3204, 3.2196536
200312354, 0xFFFF, 3205, 3.2195010
200374858, 0xFFFF, 3206, 3.2197299
200437368, 0xFFFF, 3207, 3.2200351
200499855, 0xFFFF, 3208, 3.2198825
200562364, 0xFFFF, 3209, 3.2198062
200624848, 0xFFFF, 3210, 3.2197299
200687369, 0xFFFF, 3211, 3.2198062
200749864, 0xFFFF, 3212, 3.2198062
200812365, 0xFFFF, 3213, 3.2196536
200874859, 0xFFFF, 3214, 3.2197299
200937354, 0xFFFF, 3215, 3.2200351
200999847, 0xFFFF, 3216, 3.2202640
201062376, 0xFFFF, 3217, 3.2197299
201124849, 0xFFFF, 3218, 3.2198062
201187364, 0xFFFF, 3219, 3.2197299
201249848, 0xFFFF, 3220, 3.2198062
201312355, 0xFFFF, 3221, 3.2199588
201374855, 0xFFFF, 3222, 3.2198062
201437356, 0xFFFF, 3223, 3.2200351
201499867, 0xFFFF, 3224, 3.2200351
201562355, 0xFFFF, 3225, 3.2201114
201624847, 0xFFFF, 3226, 3.2199588
201687364, 0xFFFF, 3227, 3.2196536
201749851, 0xFFFF, 3228, 3.2197299
201812372, 0xFFFF, 3229, 3.2197299
201874844, 0xFFFF, 3230, 3.2198825
201937356, 0xFFFF, 3231, 3.2197299
201999856, 0xFFFF, 3232, 3.2196536
202062356, 0xFFFF, 3233, 3.2195773
202124868, 0xFFFF, 3234, 3.2196536
202187365, 0xFFFF, 3235, 3.2196536
202249855, 0xFFFF, 3236, 3.2195773
202312365, 0xFFFF, 3237, 3.2196536
202374848, 0xFFFF, 3238, 3.2195773
202437373, 0xFFFF, 3239, 3.2198062
202499846, 0xFFFF, 3240, 3.2196536
202562367, 0xFFFF, 3241, 3.2196536
202624853, 0xFFFF, 3242, 3.2193484
202687354, 0xFFFF, 3243, 3.2197299
202749859, 0xFFFF, 3244, 3.2197299
202812358, 0xFFFF, 3245, 3.2197299
202874855, 0xFFFF, 3246, 3.2196536
202937365, 0xFFFF, 3247, 3.2196536
202999849, 0xFFFF, 3248, 3.2198062
203062365, 0xFFFF, 3249, 3.2196536
203124847, 0xFFFF, 3250, 3.2196536
203187369, 0xFFFF, 3251, 3.2197299
203249865, 0xFFFF, 3252, 3.2200351
203312354, 0xFFFF, 3253, 3.2198062
203374857, 0xFFFF, 3254, 3.2196536
203437358, 0xFFFF, 3255, 3.2197299
203499856, 0xFFFF, 3256, 3.2195773
203562375, 0xFFFF, 3257, 3.2196536
203624858, 0xFFFF, 3258, 3.2195773
203687363, 0xFFFF, 3259, 3.2197299
203749847, 0xFFFF, 3260, 3.2195773
203812369, 0xFFFF, 3261, 3.2198062
203874857, 0xFFFF, 3262, 3.2195773
203937363, 0xFFFF, 3263, 3.2196536
203999848, 0xFFFF, 3264, 3.2196536
204062356, 0xFFFF, 3265, 3.2197299
204124847, 0xFFFF, 3266, 3.2197299
204187363, 0xFFFF, 3267, 3.2197299
204249860, 0xFFFF, 3268, 3.2195773
204312356, 0xFFFF, 3269, 3.2198825
204374847, 0xFFFF, 3270, 3.2195773
204437356, 0xFFFF, 3271, 3.2196536
204499858, 0xFFFF, 3272, 3.2197299
204562364, 0xFFFF, 3273, 3.2198062
204624845, 0xFFFF, 3274, 3.2197299
204687355, 0xFFFF, 3275, 3.2197299
204749848, 0xFFFF, 3276, 3.2196536
204812364, 0xFFFF, 3277, 3.2198062
204874860, 0xFFFF, 3278, 3.2193484
204937368, 0xFFFF, 3279, 3.2196536
204999854, 0xFFFF, 3280, 3.2196536
205062356, 0xFFFF, 3281, 3.2197299
205124848, 0xFFFF, 3282, 3.2198825
205187364, 0xFFFF, 3283, 3.2196536
205249847, 0xFFFF, 3284, 3.2195773
205312366, 0xFFFF, 3285, 3.2198062
205374845, 0xFFFF, 3286, 3.2198062
205437354, 0xFFFF, 3287, 3.2195773
205499849, 0xFFFF, 3288, 3.2195773
205562357, 0xFFFF, 3289, 3.2197299
205624856, 0xFFFF, 3290, 3.2195773
205687356, 0xFFFF, 3291, 3.2196536
205749850, 0xFFFF, 3292, 3.2196536
205812355, 0xFFFF, 3293, 3.2198825
205874847, 0xFFFF, 3294, 3.2195773
205937368, 0xFFFF, 3295, 3.2198825
205999856, 0xFFFF, 3296, 3.2198825
206062356, 0xFFFF, 3297, 3.2196536
206124848, 0xFFFF, 3298, 3.2195010
206187358, 0xFFFF, 3299, 3.2195773
206249857, 0xFFFF, 3300, 3.2196536
206312366, 0xFFFF, 3301, 3.2195773
206374858, 0xFFFF, 3302, 3.2195773
206437356, 0xFFFF, 3303, 3.2195773
206499847, 0xFFFF, 3304, 3.2197299
206562370, 0xFFFF, 3305, 3.2196536
206624849, 0xFFFF, 3306, 3.2195010
206687362, 0xFFFF, 3307, 3.2198825
206749849, 0xFFFF, 3308, 3.2192721
206812357, 0xFFFF, 3309, 3.2195773
206874847, 0xFFFF, 3310, 3.2194247
206937355, 0xFFFF, 3311, 3.2199588
206999860, 0xFFFF, 3312, 3.2199588
207062355, 0xFFFF, 3313, 3.2196536
207124847, 0xFFFF, 3314, 3.2198062
207187357, 0xFFFF, 3315, 3.2197299
207249850, 0xFFFF, 3316, 3.2195773
207312363, 0xFFFF, 3317, 3.2196536
207374845, 0xFFFF, 3318, 3.2197299
207437357, 0xFFFF, 3319, 3.2199588
207499847, 0xFFFF, 3320, 3.2198825
207562356, 0xFFFF, 3321, 3.2198062
207624860, 0xFFFF, 3322, 3.2195773
207687366, 0xFFFF, 3323, 3.2193484
207749855, 0xFFFF, 3324, 3.2199588
207812357, 0xFFFF, 3325, 3.2195010
207874849, 0xFFFF, 3326, 3.2195773
207937366, 0xFFFF, 3327, 3.2200351
207999847, 0xFFFF, 3328, 3.2199588
208062368, 0xFFFF, 3329, 3.2195773
208124847, 0xFFFF, 3330, 3.2195773
208187353, 0xFFFF, 3331, 3.2197299
208249850, 0xFFFF, 3332, 3.2197299
208312357, 0xFFFF, 3333, 3.2196536
208374856, 0xFFFF, 3334, 3.2195773
208437357, 0xFFFF, 3335, 3.2199588
208499849, 0xFFFF, 3336, 3.2200351
208562355, 0xFFFF, 3337, 3.2195773
208624846, 0xFFFF, 3338, 3.2196536
208687368, 0xFFFF, 3339, 3.2196536
208749857, 0xFFFF, 3340, 3.2195010
208812355, 0xFFFF, 3341, 3.2198825
208874849, 0xFFFF, 3342, 3.2197299
208937358, 0xFFFF, 3343, 3.2198062
208999856, 0xFFFF, 3344, 3.2199588
209062368, 0xFFFF, 3345, 3.2194247
209124858, 0xFFFF, 3346, 3.2195773
209187354, 0xFFFF, 3347, 3.2195010
209249847, 0xFFFF, 3348, 3.2195010
209312368, 0xFFFF, 3349, 3.2195773
209374849, 0xFFFF, 3350, 3.2195010
209437363, 0xFFFF, 3351, 3.2201114
209499849, 0xFFFF, 3352, 3.2198825
209562358, 0xFFFF, 3353, 3.2195010
209624847, 0xFFFF, 3354, 3.2196536
209687356, 0xFFFF, 3355, 3.2195773
209749860, 0xFFFF, 3356, 3.2195773
209812354, 0xFFFF, 3357, 3.2198062
209874846, 0xFFFF, 3358, 3.2195773
209937358, 0xFFFF, 3359, 3.2195773
209999858, 0xFFFF, 3360, 3.2202640
210062365, 0xFFFF, 3361, 3.2197299
210124845, 0xFFFF, 3362, 3.2195010
210187357, 0xFFFF, 3363, 3.2196536
210249848, 0xFFFF, 3364, 3.2197299
210312365, 0xFFFF, 3365, 3.2195773
210374860, 0xFFFF, 3366, 3.2194247
210437368, 0xFFFF, 3367, 3.2201114
210499854, 0xFFFF, 3368, 3.2198825
210562356, 0xFFFF, 3369, 3.2194247
210624858, 0xFFFF, 3370, 3.2195010
210687365, 0xFFFF, 3371, 3.2195773
210749848, 0xFFFF, 3372, 3.2195010
210812366, 0xFFFF, 3373, 3.2196536
210874847, 0xFFFF, 3374, 3.2196536
210937366, 0xFFFF, 3375, 3.2198062
210999850, 0xFFFF, 3376, 3.2200351
211062358, 0xFFFF, 3377, 3.2195773
211124856, 0xFFFF, 3378, 3.2194247
211187357, 0xFFFF, 3379, 3.2196536
211249859, 0xFFFF, 3380, 3.2195010
211312354, 0xFFFF, 3381, 3.2194247
211374847, 0xFFFF, 3382, 3.2198062
211437369, 0xFFFF, 3383, 3.2199588
211499855, 0xFFFF, 3384, 3.2198062
211562367, 0xFFFF, 3385, 3.2196536
211624849, 0xFFFF, 3386, 3.2195773
211687358, 0xFFFF, 3387, 3.2196536
211749866, 0xFFFF, 3388, 3.2197299
211812366, 0xFFFF, 3389, 3.2195773
211874861, 0xFFFF, 3390, 3.2195773
211937354, 0xFFFF, 3391, 3.2198062
211999847, 0xFFFF, 3392, 3.2196536
212062378, 0xFFFF, 3393, 3.2196536
212124849, 0xFFFF, 3394, 3.2196536
212187366, 0xFFFF, 3395, 3.2195773
212249850, 0xFFFF, 3396, 3.2196536
212312356, 0xFFFF, 3397, 3.2195010
212374858, 0xFFFF, 3398, 3.2195010
212437355, 0xFFFF, 3399, 3.2195010
212499869, 0xFFFF, 3400, 3.2195010
212562357, 0xFFFF, 3401, 3.2197299
212624845, 0xFFFF, 3402, 3.2195010
212687366, 0xFFFF, 3403, 3.2193484
212749851, 0xFFFF, 3404, 3.2195773
212812374, 0xFFFF, 3405, 3.2195010
212874845, 0xFFFF, 3406, 3.2195010
212937358, 0xFFFF, 3407, 3.2195010
212999858, 0xFFFF, 3408, 3.2194247
213062356, 0xFFFF, 3409, 3.2194247
213124870, 0xFFFF, 3410, 3.2195010
213187366, 0xFFFF, 3411, 3.2195010
213249855, 0xFFFF, 3412, 3.2193484
213312367, 0xFFFF, 3413, 3.2195773
213374848, 0xFFFF, 3414, 3.2195010
213437375, 0xFFFF, 3415, 3.2193484
213499847, 0xFFFF, 3416, 3.2196536
213562367, 0xFFFF, 3417, 3.2195010
213624857, 0xFFFF, 3418, 3.2195010
213687354, 0xFFFF, 3419, 3.2195010
213749861, 0xFFFF, 3420, 3.2195773
213812358, 0xFFFF, 3421, 3.2195010
213874856, 0xFFFF, 3422, 3.2195773
213937368, 0xFFFF, 3423, 3.2195010
213999848, 0xFFFF, 3424, 3.2195010
214062366, 0xFFFF, 3425, 3.2196536
214124853, 0xFFFF, 3426, 3.2195773
214187368, 0xFFFF, 3427, 3.2193484
214249868, 0xFFFF, 3428, 3.2195010
214312355, 0xFFFF, 3429, 3.2194247
214374859, 0xFFFF, 3430, 3.2194247
214437366, 0xFFFF, 3431, 3.2195773
214499856, 0xFFFF, 3432, 3.2194247
214562376, 0xFFFF, 3433, 3.2197299
214624859, 0xFFFF, 3434, 3.2194247
214687365, 0xFFFF, 3435, 3.2195010
214749856, 0xFFFF, 3436, 3.2197299
214812369, 0xFFFF, 3437, 3.2195010
214874860, 0xFFFF, 3438, 3.2195773
214937363, 0xFFFF, 3439, 3.2194247
214999849, 0xFFFF, 3440, 3.2194247
215062366, 0xFFFF, 3441, 3.2195010
215124845, 0xFFFF, 3442, 3.2195773
215187366, 0xFFFF, 3443, 3.2195010
215249861, 0xFFFF, 3444, 3.2198825
215312357, 0xFFFF, 3445, 3.2195773
215374856, 0xFFFF, 3446, 3.2195773
215437357, 0xFFFF, 3447, 3.2197299
215499860, 0xFFFF, 3448, 3.2195773
215562365, 0xFFFF, 3449, 3.2195010
215624845, 0xFFFF, 3450, 3.2197299
215687366, 0xFFFF, 3451, 3.2193484
215749848, 0xFFFF, 3452, 3.2195010
215812355, 0xFFFF, 3453, 3.2195010
215874867, 0xFFFF, 3454, 3.2196536
215937367, 0xFFFF, 3455, 3.2198825
215999859, 0xFFFF, 3456, 3.2195010
216062356, 0xFFFF, 3457, 3.2195010
216124849, 0xFFFF, 3458, 3.2197299
216187372, 0xFFFF, 3459, 3.2199588
216249848, 0xFFFF, 3460, 3.2194247
216312368, 0xFFFF, 3461, 3.2195773
216374847, 0xFFFF, 3462, 3.2195773
216437356, 0xFFFF, 3463, 3.2195010
216499858, 0xFFFF, 3464, 3.2195010
216562357, 0xFFFF, 3465, 3.2195010
216624863, 0xFFFF, 3466, 3.2196536
216687358, 0xFFFF, 3467, 3.2194247
216749848, 0xFFFF, 3468, 3.2193484
216812362, 0xFFFF, 3469, 3.2196536
216874847, 0xFFFF, 3470, 3.2193484
216937376, 0xFFFF, 3471, 3.2201114
216999856, 0xFFFF, 3472, 3.2198062
217062356, 0xFFFF, 3473, 3.2195010
217124858, 0xFFFF, 3474, 3.2194247
217187356, 0xFFFF, 3475, 3.2194247
217249864, 0xFFFF, 3476, 3.2195010
217312366, 0xFFFF, 3477, 3.2194247
217374858, 0xFFFF, 3478, 3.2195010
217437365, 0xFFFF, 3479, 3.2198825
217499847, 0xFFFF, 3480, 3.2198825
217562377, 0xFFFF, 3481, 3.2195773
217624850, 0xFFFF, 3482, 3.2195010
217687363, 0xFFFF, 3483, 3.2195773
217749858, 0xFFFF, 3484, 3.2195010
217812356, 0xFFFF, 3485, 3.2194247
217874856, 0xFFFF, 3486, 3.2195773
217937356, 0xFFFF, 3487, 3.2198825
217999860, 0xFFFF, 3488, 3.2201114
218062363, 0xFFFF, 3489, 3.2194247
218124846, 0xFFFF, 3490, 3.2193484
218187365, 0xFFFF, 3491, 3.2191196
218249851, 0xFFFF, 3492, 3.2195010
218312365, 0xFFFF, 3493, 3.2195773
218374866, 0xFFFF, 3494, 3.2195010
218437357, 0xFFFF, 3495, 3.2196536
218499854, 0xFFFF, 3496, 3.2198825
218562356, 0xFFFF, 3497, 3.2194247
218624859, 0xFFFF, 3498, 3.2195773
218687373, 0xFFFF, 3499, 3.2195010
218749856, 0xFFFF, 3500, 3.2193484
218812364, 0xFFFF, 3501, 3.2195010
218874849, 0xFFFF, 3502, 3.2196536
218937365, 0xFFFF, 3503, 3.2198825
218999855, 0xFFFF, 3504, 3.2198825
219062367, 0xFFFF, 3505, 3.2196536
219124846, 0xFFFF, 3506, 3.2194247
219187353, 0xFFFF, 3507, 3.2193484
219249850, 0xFFFF, 3508, 3.2195773
219312366, 0xFFFF, 3509, 3.2194247
219374856, 0xFFFF, 3510, 3.2195773
219437358, 0xFFFF, 3511, 3.2198825
219499848, 0xFFFF, 3512, 3.2201114
219562355, 0xFFFF, 3513, 3.2194247
219624847, 0xFFFF, 3514, 3.2193484
219687368, 0xFFFF, 3515, 3.2192721
219749859, 0xFFFF, 3516, 3.2194247
219812355, 0xFFFF, 3517, 3.2194247
219874850, 0xFFFF, 3518, 3.2192721
219937367, 0xFFFF, 3519, 3.2198825
219999857, 0xFFFF, 3520, 3.2197299
220062354, 0xFFFF, 3521, 3.2193484
220124859, 0xFFFF, 3522, 3.2195010
220187354, 0xFFFF, 3523, 3.2193484
220249847, 0xFFFF, 3524, 3.2196536
220312369, 0xFFFF, 3525, 3.2195010
220374849, 0xFFFF, 3526, 3.2195773
220437363, 0xFFFF, 3527, 3.2198062
220499850, 0xFFFF, 3528, 3.2197299
220562356, 0xFFFF, 3529, 3.2195010
220624846, 0xFFFF, 3530, 3.2194247
220687356, 0xFFFF, 3531, 3.2195010
220749861, 0xFFFF, 3532, 3.2194247
220812356, 0xFFFF, 3533, 3.2195010
220874847, 0xFFFF, 3534, 3.2193484
220937357, 0xFFFF, 3535, 3.2193484
220999850, 0xFFFF, 3536, 3.2198062
221062365, 0xFFFF, 3537, 3.2193484
221124846, 0xFFFF, 3538, 3.2195010
221187357, 0xFFFF, 3539, 3.2196536
221249847, 0xFFFF, 3540, 3.2195010
221312354, 0xFFFF, 3541, 3.2194247
221374859, 0xFFFF, 3542, 3.2195010
221437366, 0xFFFF, 3543, 3.2198062
221499855, 0xFFFF, 3544, 3.2199588
221562358, 0xFFFF, 3545, 3.2193484
221624848, 0xFFFF, 3546, 3.2192721
221687365, 0xFFFF, 3547, 3.2196536
221749847, 0xFFFF, 3548, 3.2194247
221812367, 0xFFFF, 3549, 3.2195773
221874847, 0xFFFF, 3550, 3.2194247
221937355, 0xFFFF, 3551, 3.2195010
221999850, 0xFFFF, 3552, 3.2195010
222062358, 0xFFFF, 3553, 3.2197299
222124856, 0xFFFF, 3554, 3.2192721
222187356, 0xFFFF, 3555, 3.2192721
222249849, 0xFFFF, 3556, 3.2195773
222312354, 0xFFFF, 3557, 3.2193484
222374848, 0xFFFF, 3558, 3.2194247
222437369, 0xFFFF, 3559, 3.2194247
222499858, 0xFFFF, 3560, 3.2195010
222562355, 0xFFFF, 3561, 3.2191958
222624849, 0xFFFF, 3562, 3.2195010
222687358, 0xFFFF, 3563, 3.2192721
222749856, 0xFFFF, 3564, 3.2191958
222812354, 0xFFFF, 3565, 3.2193484
222874858, 0xFFFF, 3566, 3.2192721
222937355, 0xFFFF, 3567, 3.2195010
222999847, 0xFFFF, 3568, 3.2193484
223062369, 0xFFFF, 3569, 3.2194247
223124848, 0xFFFF, 3570, 3.2193484
223187363, 0xFFFF, 3571, 3.2195010
223249850, 0xFFFF, 3572, 3.2193484
223312356, 0xFFFF, 3573, 3.2197299
223374846, 0xFFFF, 3574, 3.2192721
223437356, 0xFFFF, 3575, 3.2192721
223499860, 0xFFFF, 3576, 3.2195010
223562356, 0xFFFF, 3577, 3.2192721
223624847, 0xFFFF, 3578, 3.2194247
223687356, 0xFFFF, 3579, 3.2191958
223749850, 0xFFFF, 3580, 3.2195010
223812364, 0xFFFF, 3581, 3.2191196
223874846, 0xFFFF, 3582, 3.2195010
223937358, 0xFFFF, 3583, 3.2196536
223999848, 0xFFFF, 3584, 3.2193484
224062355, 0xFFFF, 3585, 3.2193484
224124861, 0xFFFF, 3586, 3.2192721
224187365, 0xFFFF, 3587, 3.2194247
224249855, 0xFFFF, 3588, 3.2192721
224312357, 0xFFFF, 3589, 3.2193484
224374848, 0xFFFF, 3590, 3.2192721
224437365, 0xFFFF, 3591, 3.2195010
224499846, 0xFFFF, 3592, 3.2193484
224562368, 0xFFFF, 3593, 3.2197299
224624847, 0xFFFF, 3594, 3.2193484
224687354, 0xFFFF, 3595, 3.2195010
224749848, 0xFFFF, 3596, 3.2195773
224812359, 0xFFFF, 3597, 3.2196536
224874856, 0xFFFF, 3598, 3.2192721
224937358, 0xFFFF, 3599, 3.2191958
224999849, 0xFFFF, 3600, 3.2193484
225062355, 0xFFFF, 3601, 3.2192721
225124856, 0xFFFF, 3602, 3.2194247
225187368, 0xFFFF, 3603, 3.2192721
225249859, 0xFFFF, 3604, 3.2194247
225312354, 0xFFFF, 3605, 3.2195010
225374849, 0xFFFF, 3606, 3.2193484
225437368, 0xFFFF, 3607, 3.2192721
225499855, 0xFFFF, 3608, 3.2195010
225562354, 0xFFFF, 3609, 3.2194247
225624858, 0xFFFF, 3610, 3.2194247
225687354, 0xFFFF, 3611, 3.2193484
225749858, 0xFFFF, 3612, 3.2191196
225812369, 0xFFFF, 3613, 3.2193484
225874849, 0xFFFF, 3614, 3.2194247
225937363, 0xFFFF, 3615, 3.2193484
225999849, 0xFFFF, 3616, 3.2195010
226062367, 0xFFFF, 3617, 3.2192721
226124847, 0xFFFF, 3618, 3.2195010
226187354, 0xFFFF, 3619, 3.2192721
226249861, 0xFFFF, 3620, 3.2195010
226312356, 0xFFFF, 3621, 3.2194247
226374858, 0xFFFF, 3622, 3.2192721
226437357, 0xFFFF, 3623, 3.2194247
226499850, 0xFFFF, 3624, 3.2194247
226562365, 0xFFFF, 3625, 3.2194247
226624846, 0xFFFF, 3626, 3.2192721
226687368, 0xFFFF, 3627, 3.2195010
226749847, 0xFFFF, 3628, 3.2192721
226812354, 0xFFFF, 3629, 3.2195773
226874868, 0xFFFF, 3630, 3.2193484
226937366, 0xFFFF, 3631, 3.2195010
226999859, 0xFFFF, 3632, 3.2195773
227062357, 0xFFFF, 3633, 3.2191958
227124849, 0xFFFF, 3634, 3.2193484
227187373, 0xFFFF, 3635, 3.2192721
227249847, 0xFFFF, 3636, 3.2191958
227312368, 0xFFFF, 3637, 3.2193484
227374847, 0xFFFF, 3638, 3.2192721
227437354, 0xFFFF, 3639, 3.2192721
227499859, 0xFFFF, 3640, 3.2196536
227562358, 0xFFFF, 3641, 3.2192721
227624865, 0xFFFF, 3642, 3.2195010
227687358, 0xFFFF, 3643, 3.2192721
227749848, 0xFFFF, 3644, 3.2195010
227812364, 0xFFFF, 3645, 3.2192721
227874847, 0xFFFF, 3646, 3.2191958
227937379, 0xFFFF, 3647, 3.2191958
227999859, 0xFFFF, 3648, 3.2198062
228062355, 0xFFFF, 3649, 3.2192721
228124860, 0xFFFF, 3650, 3.2195010
228187356, 0xFFFF, 3651, 3.2194247
228249868, 0xFFFF, 3652, 3.2195010
228312355, 0xFFFF, 3653, 3.2192721
228374858, 0xFFFF, 3654, 3.2195773
228437365, 0xFFFF, 3655, 3.2192721
228499846, 0xFFFF, 3656, 3.2195010
228562379, 0xFFFF, 3657, 3.2191196
228624849, 0xFFFF, 3658, 3.2193484
228687363, 0xFFFF, 3659, 3.2191958
228749860, 0xFFFF, 3660, 3.2193484
228812355, 0xFFFF, 3661, 3.2192721
228874858, 0xFFFF, 3662, 3.2192721
228937357, 0xFFFF, 3663, 3.2194247
228999860, 0xFFFF, 3664, 3.2200351
229062367, 0xFFFF, 3665, 3.2192721
229124846, 0xFFFF, 3666, 3.2191958
229187367, 0xFFFF, 3667, 3.2194247
229249857, 0xFFFF, 3668, 3.2191958
229312365, 0xFFFF, 3669, 3.2192721
229374869, 0xFFFF, 3670, 3.2192721
229437356, 0xFFFF, 3671, 3.2192721
229499858, 0xFFFF, 3672, 3.2197299
229562362, 0xFFFF, 3673, 3.2198062
229624860, 0xFFFF, 3674, 3.2193484
229687375, 0xFFFF, 3675, 3.2194247
229749855, 0xFFFF, 3676, 3.2193484
229812367, 0xFFFF, 3677, 3.2193484
229874858, 0xFFFF, 3678, 3.2192721
229937365, 0xFFFF, 3679, 3.2189670
229999857, 0xFFFF, 3680, 3.2196536
230062366, 0xFFFF, 3681, 3.2193484
230124847, 0xFFFF, 3682, 3.2196536
230187361, 0xFFFF, 3683, 3.2192721
230249850, 0xFFFF, 3684, 3.2192721
230312368, 0xFFFF, 3685, 3.2191958
230374855, 0xFFFF, 3686, 3.2191958
230437358, 0xFFFF, 3687, 3.2192721
230499858, 0xFFFF, 3688, 3.2199588
230562354, 0xFFFF, 3689, 3.2190433
230624847, 0xFFFF, 3690, 3.2192721
230687368, 0xFFFF, 3691, 3.2191196
230749859, 0xFFFF, 3692, 3.2192721
230812363, 0xFFFF, 3693, 3.2191958
230874849, 0xFFFF, 3694, 3.2193484
230937369, 0xFFFF, 3695, 3.2191958
230999863, 0xFFFF, 3696, 3.2195773
231062355, 0xFFFF, 3697, 3.2191196
231124862, 0xFFFF, 3698, 3.2190433
231187353, 0xFFFF, 3699, 3.2190433
231249846, 0xFFFF, 3700, 3.2192721
231312376, 0xFFFF, 3701, 3.2194247
231374849, 0xFFFF, 3702, 3.2192721
231437368, 0xFFFF, 3703, 3.2193484
231499850, 0xFFFF, 3704, 3.2196536
231562356, 0xFFFF, 3705, 3.2195010
231624855, 0xFFFF, 3706, 3.2191196
231687355, 0xFFFF, 3707, 3.2192721
231749867, 0xFFFF, 3708, 3.2191958
231812357, 0xFFFF, 3709, 3.2192721
231874847, 0xFFFF, 3710, 3.2191958
231937365, 0xFFFF, 3711, 3.2192721
231999848, 0xFFFF, 3712, 3.2195010
232062372, 0xFFFF, 3713, 3.2192721
232124847, 0xFFFF, 3714, 3.2193484
232187357, 0xFFFF, 3715, 3.2192721
232249855, 0xFFFF, 3716, 3.2192721
232312354, 0xFFFF, 3717, 3.2191196
232374868, 0xFFFF, 3718, 3.2193484
232437366, 0xFFFF, 3719, 3.2192721
232499854, 0xFFFF, 3720, 3.2191958
232562366, 0xFFFF, 3721, 3.2192721
232624848, 0xFFFF, 3722, 3.2192721
232687373, 0xFFFF, 3723, 3.2191196
232749847, 0xFFFF, 3724, 3.2194247
232812366, 0xFFFF, 3725, 3.2193484
232874853, 0xFFFF, 3726, 3.2192721
232937355, 0xFFFF, 3727, 3.2191196
232999858, 0xFFFF, 3728, 3.2192721
233062358, 0xFFFF, 3729, 3.2193484
233124856, 0xFFFF, 3730, 3.2194247
233187367, 0xFFFF, 3731, 3.2193484
233249850, 0xFFFF, 3732, 3.2192721
233312363, 0xFFFF, 3733, 3.2191958
233374847, 0xFFFF, 3734, 3.2193484
233437369, 0xFFFF, 3735, 3.2191196
233499866, 0xFFFF, 3736, 3.2192721
233562354, 0xFFFF, 3737, 3.2192721
233624847, 0xFFFF, 3738, 3.2191958
233687356, 0xFFFF, 3739, 3.2193484
233749856, 0xFFFF, 3740, 3.2192721
233812376, 0xFFFF, 3741, 3.2193484
233874858, 0xFFFF, 3742, 3.2191958
233937355, 0xFFFF, 3743, 3.2192721
233999847, 0xFFFF, 3744, 3.2191196
234062370, 0xFFFF, 3745, 3.2191958
234124857, 0xFFFF, 3746, 3.2192721
234187363, 0xFFFF, 3747, 3.2191958
234249849, 0xFFFF, 3748, 3.2190433
234312356, 0xFFFF, 3749, 3.2192721
234374846, 0xFFFF, 3750, 3.2191196
234437364, 0xFFFF, 3751, 3.2193484
234499860, 0xFFFF, 3752, 3.2191958
234562357, 0xFFFF, 3753, 3.2191958
234624847, 0xFFFF, 3754, 3.2195773
234687356, 0xFFFF, 3755, 3.2192721
234749859, 0xFFFF, 3756, 3.2191958
234812364, 0xFFFF, 3757, 3.2192721
234874847, 0xFFFF, 3758, 3.2191958
234937358, 0xFFFF, 3759, 3.2191196
234999847, 0xFFFF, 3760, 3.2192721
235062356, 0xFFFF, 3761, 3.2192721
235124860, 0xFFFF, 3762, 3.2193484
235187365, 0xFFFF, 3763, 3.2191958
235249856, 0xFFFF, 3764, 3.2191958
235312356, 0xFFFF, 3765, 3.2191958
235374848, 0xFFFF, 3766, 3.2191958
235437364, 0xFFFF, 3767, 3.2194247
235499847, 0xFFFF, 3768, 3.2192721
235562367, 0xFFFF, 3769, 3.2192721
235624847, 0xFFFF, 3770, 3.2191958
235687355, 0xFFFF, 3771, 3.2191196
235749850, 0xFFFF, 3772, 3.2193484
235812358, 0xFFFF, 3773, 3.2191196
235874856, 0xFFFF, 3774, 3.2191958
235937359, 0xFFFF, 3775, 3.2191958
235999848, 0xFFFF, 3776, 3.2190433
236062354, 0xFFFF, 3777, 3.2195010
236124847, 0xFFFF, 3778, 3.2191958
236187368, 0xFFFF, 3779, 3.2192721
236249860, 0xFFFF, 3780, 3.2191958
236312355, 0xFFFF, 3781, 3.2192721
236374850, 0xFFFF, 3782, 3.2193484
236437357, 0xFFFF, 3783, 3.2191196
236499856, 0xFFFF, 3784, 3.2192721
236562367, 0xFFFF, 3785, 3.2191196
236624858, 0xFFFF, 3786, 3.2191958
236687355, 0xFFFF, 3787, 3.2192721
236749848, 0xFFFF, 3788, 3.2195010
236812369, 0xFFFF, 3789, 3.2192721
236874849, 0xFFFF, 3790, 3.2191958
236937364, 0xFFFF, 3791, 3.2191196
236999848, 0xFFFF, 3792, 3.2197299
237062358, 0xFFFF, 3793, 3.2191958
237124847, 0xFFFF, 3794, 3.2192721
237187354, 0xFFFF, 3795, 3.2191958
237249861, 0xFFFF, 3796, 3.2191958
237312358, 0xFFFF, 3797, 3.2192721
237374847, 0xFFFF, 3798, 3.2191958
237437357, 0xFFFF, 3799, 3.2191958
237499850, 0xFFFF, 3800, 3.2194247
237562365, 0xFFFF, 3801, 3.2190433
237624847, 0xFFFF, 3802, 3.2192721
237687356, 0xFFFF, 3803, 3.2191196
237749848, 0xFFFF, 3804, 3.2191196
237812355, 0xFFFF, 3805, 3.2195010
237874859, 0xFFFF, 3806, 3.2188907
237937368, 0xFFFF, 3807, 3.2191958
237999855, 0xFFFF, 3808, 3.2195010
238062357, 0xFFFF, 3809, 3.2190433
238124848, 0xFFFF, 3810, 3.2194247
238187364, 0xFFFF, 3811, 3.2191958
238249848, 0xFFFF, 3812, 3.2191958
238312367, 0xFFFF, 3813, 3.2191196
238374847, 0xFFFF, 3814, 3.2191196
238437356, 0xFFFF, 3815, 3.2191958
238499849, 0xFFFF, 3816, 3.2193484
238562357, 0xFFFF, 3817, 3.2191196
238624856, 0xFFFF, 3818, 3.2192721
238687360, 0xFFFF, 3819, 3.2191196
238749848, 0xFFFF, 3820, 3.2191958
238812354, 0xFFFF, 3821, 3.2195010
238874846, 0xFFFF, 3822, 3.2191196
238937369, 0xFFFF, 3823, 3.2192721
238999858, 0xFFFF, 3824, 3.2191196
239062355, 0xFFFF, 3825, 3.2191196
239124849, 0xFFFF, 3826, 3.2193484
239187357, 0xFFFF, 3827, 3.2190433
239249856, 0xFFFF, 3828, 3.2191958
239312356, 0xFFFF, 3829, 3.2194247
239374858, 0xFFFF, 3830, 3.2190433
239437354, 0xFFFF, 3831, 3.2191958
239499846, 0xFFFF, 3832, 3.2195010
239562368, 0xFFFF, 3833, 3.2191196
239624849, 0xFFFF, 3834, 3.2194247
239687363, 0xFFFF, 3835, 3.2191196
239749850, 0xFFFF, 3836, 3.2191958
239812358, 0xFFFF, 3837, 3.2194247
239874845, 0xFFFF, 3838, 3.2191958
239937360, 0xFFFF, 3839, 3.2191958
239999860, 0xFFFF, 3840, 3.2201114
240062357, 0xFFFF, 3841, 3.2190433
240124846, 0xFFFF, 3842, 3.2191958
240187357, 0xFFFF, 3843, 3.2195010
240249858, 0xFFFF, 3844, 3.2191958
240312365, 0xFFFF, 3845, 3.2190433
240374847, 0xFFFF, 3846, 3.2190433
240437357, 0xFFFF, 3847, 3.2191196
240499846, 0xFFFF, 3848, 3.2196536
240562365, 0xFFFF, 3849, 3.2191196
240624859, 0xFFFF, 3850, 3.2191958
240687365, 0xFFFF, 3851, 3.2191958
240749855, 0xFFFF, 3852, 3.2191196
240812355, 0xFFFF, 3853, 3.2189670
240874859, 0xFFFF, 3854, 3.2192721
240937365, 0xFFFF, 3855, 3.2191958
240999847, 0xFFFF, 3856, 3.2197299
241062367, 0xFFFF, 3857, 3.2191196
241124845, 0xFFFF, 3858, 3.2191196
241187365, 0xFFFF, 3859, 3.2191196
241249848, 0xFFFF, 3860, 3.2193484
241312357, 0xFFFF, 3861, 3.2190433
241374857, 0xFFFF, 3862, 3.2190433
241437360, 0xFFFF, 3863, 3.2192721
241499859, 0xFFFF, 3864, 3.2195010
241562355, 0xFFFF, 3865, 3.2191958
241624847, 0xFFFF, 3866, 3.2191958
241687368, 0xFFFF, 3867, 3.2191196
241749857, 0xFFFF, 3868, 3.2191958
241812366, 0xFFFF, 3869, 3.2191958
241874849, 0xFFFF, 3870, 3.2190433
241937358, 0xFFFF, 3871, 3.2191958
241999864, 0xFFFF, 3872, 3.2193484
242062355, 0xFFFF, 3873, 3.2191196
242124861, 0xFFFF, 3874, 3.2191958
242187355, 0xFFFF, 3875, 3.2193484
242249847, 0xFFFF, 3876, 3.2191196
242312378, 0xFFFF, 3877, 3.2191196
242374849, 0xFFFF, 3878, 3.2193484
242437369, 0xFFFF, 3879, 3.2191196
242499849, 0xFFFF, 3880, 3.2191196
242562357, 0xFFFF, 3881, 3.2194247
242624858, 0xFFFF, 3882, 3.2191196
242687354, 0xFFFF, 3883, 3.2192721
242749869, 0xFFFF, 3884, 3.2195010
242812358, 0xFFFF, 3885, 3.2190433
242874847, 0xFFFF, 3886, 3.2191958
242937366, 0xFFFF, 3887, 3.2191196
242999850, 0xFFFF, 3888, 3.2186618
243062374, 0xFFFF, 3889, 3.2190433
243124847, 0xFFFF, 3890, 3.2193484
243187357, 0xFFFF, 3891, 3.2191196
243249859, 0xFFFF, 3892, 3.2191958
243312355, 0xFFFF, 3893, 3.2195010
243374870, 0xFFFF, 3894, 3.2191196
243437366, 0xFFFF, 3895, 3.2191196
243499855, 0xFFFF, 3896, 3.2195010
243562367, 0xFFFF, 3897, 3.2190433
243624847, 0xFFFF, 3898, 3.2191196
243687375, 0xFFFF, 3899, 3.2193484
243749847, 0xFFFF, 3900, 3.2191196
243812367, 0xFFFF, 3901, 3.2191196
243874858, 0xFFFF, 3902, 3.2194247
243937355, 0xFFFF, 3903, 3.2191196
243999860, 0xFFFF, 3904, 3.2191196
244062361, 0xFFFF, 3905, 3.2193484
244124856, 0xFFFF, 3906, 3.2191196
244187369, 0xFFFF, 3907, 3.2191196
244249848, 0xFFFF, 3908, 3.2192721
244312366, 0xFFFF, 3909, 3.2189670
244374854, 0xFFFF, 3910, 3.2191958
244437369, 0xFFFF, 3911, 3.2191958
244499868, 0xFFFF, 3912, 3.2190433
244562355, 0xFFFF, 3913, 3.2191196
244624849, 0xFFFF, 3914, 3.2191196
244687365, 0xFFFF, 3915, 3.2190433
244749856, 0xFFFF, 3916, 3.2191196
244812377, 0xFFFF, 3917, 3.2191958
244874860, 0xFFFF, 3918, 3.2189670
244937356, 0xFFFF, 3919, 3.2189670
244999856, 0xFFFF, 3920, 3.2189670
245062369, 0xFFFF, 3921, 3.2190433
245124859, 0xFFFF, 3922, 3.2190433
245187363, 0xFFFF, 3923, 3.2188907
245249850, 0xFFFF, 3924, 3.2190433
245312366, 0xFFFF, 3925, 3.2190433
245374847, 0xFFFF, 3926, 3.2189670
245437366, 0xFFFF, 3927, 3.2190433
245499861, 0xFFFF, 3928, 3.2191196
245562359, 0xFFFF, 3929, 3.2190433
245624857, 0xFFFF, 3930, 3.2193484
245687356, 0xFFFF, 3931, 3.2191196
245749861, 0xFFFF, 3932, 3.2190433
245812365, 0xFFFF, 3933, 3.2193484
245874847, 0xFFFF, 3934, 3.2190433
245937367, 0xFFFF, 3935, 3.2190433
245999847, 0xFFFF, 3936, 3.2191958
246062354, 0xFFFF, 3937, 3.2190433
246124868, 0xFFFF, 3938, 3.2188144
246187366, 0xFFFF, 3939, 3.2192721
246249861, 0xFFFF, 3940, 3.2190433
246312358, 0xFFFF, 3941, 3.2189670
246374849, 0xFFFF, 3942, 3.2190433
246437373, 0xFFFF, 3943, 3.2189670
246499847, 0xFFFF, 3944, 3.2189670
246562371, 0xFFFF, 3945, 3.2190433
246624847, 0xFFFF, 3946, 3.2189670
246687353, 0xFFFF, 3947, 3.2189670
246749858, 0xFFFF, 3948, 3.2186618
246812357, 0xFFFF, 3949, 3.2192721
246874863, 0xFFFF, 3950, 3.2188144
246937360, 0xFFFF, 3951, 3.2190433
246999849, 0xFFFF, 3952, 3.2194247
247062362, 0xFFFF, 3953, 3.2189670
247124847, 0xFFFF, 3954, 3.2189670
247187375, 0xFFFF, 3955, 3.2191196
247249848, 0xFFFF, 3956, 3.2191196
247312355, 0xFFFF, 3957, 3.2189670
247374857, 0xFFFF, 3958, 3.2191196
247437357, 0xFFFF, 3959, 3.2191958
247499864, 0xFFFF, 3960, 3.2194247
247562356, 0xFFFF, 3961, 3.2189670
247624859, 0xFFFF, 3962, 3.2191196
247687362, 0xFFFF, 3963, 3.2191958
247749846, 0xFFFF, 3964, 3.2191196
247812377, 0xFFFF, 3965, 3.2191196
247874849, 0xFFFF, 3966, 3.2191196
247937364, 0xFFFF, 3967, 3.2188907
247999857, 0xFFFF, 3968, 3.2195010
248062357, 0xFFFF, 3969, 3.2193484
248124856, 0xFFFF, 3970, 3.2191196
248187355, 0xFFFF, 3971, 3.2189670
248249861, 0xFFFF, 3972, 3.2189670
248312365, 0xFFFF, 3973, 3.2190433
248374845, 0xFFFF, 3974, 3.2193484
248437366, 0xFFFF, 3975, 3.2189670
248499850, 0xFFFF, 3976, 3.2193484
248562365, 0xFFFF, 3977, 3.2195010
248624866, 0xFFFF, 3978, 3.2194247
248687356, 0xFFFF, 3979, 3.2190433
248749848, 0xFFFF, 3980, 3.2188907
248812354, 0xFFFF, 3981, 3.2191196
248874861, 0xFFFF, 3982, 3.2184329
248937374, 0xFFFF, 3983, 3.2190433
248999855, 0xFFFF, 3984, 3.2194247
249062358, 0xFFFF, 3985, 3.2196536
249124849, 0xFFFF, 3986, 3.2190433
249187364, 0xFFFF, 3987, 3.2189670
249249855, 0xFFFF, 3988, 3.2190433
249312367, 0xFFFF, 3989, 3.2191196
249374846, 0xFFFF, 3990, 3.2188144
249437354, 0xFFFF, 3991, 3.2189670
249499849, 0xFFFF, 3992, 3.2193484
249562367, 0xFFFF, 3993, 3.2193484
249624856, 0xFFFF, 3994, 3.2189670
249687358, 0xFFFF, 3995, 3.2189670
249749850, 0xFFFF, 3996, 3.2190433
249812354, 0xFFFF, 3997, 3.2188907
249874847, 0xFFFF, 3998, 3.2190433
249937369, 0xFFFF, 3999, 3.2189670
249999858, 0xFFFF, 4000, 3.2195773
250062355, 0xFFFF, 4001, 3.2189670
250124849, 0xFFFF, 4002, 3.2190433
250187358, 0xFFFF, 4003, 3.2190433
250249857, 0xFFFF, 4004, 3.2190433
250312354, 0xFFFF, 4005, 3.2192721
250374858, 0xFFFF, 4006, 3.2189670
250437355, 0xFFFF, 4007, 3.2190433
250499847, 0xFFFF, 4008, 3.2196536
250562369, 0xFFFF, 4009, 3.2191196
250624848, 0xFFFF, 4010, 3.2190433
250687363, 0xFFFF, 4011, 3.2191958
250749850, 0xFFFF, 4012, 3.2189670
250812356, 0xFFFF, 4013, 3.2189670
250874846, 0xFFFF, 4014, 3.2189670
250937355, 0xFFFF, 4015, 3.2191196
250999860, 0xFFFF, 4016, 3.2191958
251062360, 0xFFFF, 4017, 3.2193484
251124847, 0xFFFF, 4018, 3.2189670
251187357, 0xFFFF, 4019, 3.2188907
251249849, 0xFFFF, 4020, 3.2189670
251312365, 0xFFFF, 4021, 3.2190433
251374847, 0xFFFF, 4022, 3.2190433
251437357, 0xFFFF, 4023, 3.2191196
251499847, 0xFFFF, 4024, 3.2192721
251562354, 0xFFFF, 4025, 3.2194247
251624861, 0xFFFF, 4026, 3.2191196
251687356, 0xFFFF, 4027, 3.2191196
251749856, 0xFFFF, 4028, 3.2189670
251812356, 0xFFFF, 4029, 3.2189670
251874848, 0xFFFF, 4030, 3.2191196
251937365, 0xFFFF, 4031, 3.2191196
251999846, 0xFFFF, 4032, 3.2187381
252062367, 0xFFFF, 4033, 3.2188907
252124847, 0xFFFF, 4034, 3.2189670
252187355, 0xFFFF, 4035, 3.2191196
252249850, 0xFFFF, 4036, 3.2189670
252312358, 0xFFFF, 4037, 3.2190433
252374856, 0xFFFF, 4038, 3.2190433
252437360, 0xFFFF, 4039, 3.2191958
252499848, 0xFFFF, 4040, 3.2188907
252562354, 0xFFFF, 4041, 3.2188907
252624847, 0xFFFF, 4042, 3.2190433
252687369, 0xFFFF, 4043, 3.2192721
252749859, 0xFFFF, 4044, 3.2188907
252812354, 0xFFFF, 4045, 3.2189670
252874849, 0xFFFF, 4046, 3.2189670
252937359, 0xFFFF, 4047, 3.2192721
252999856, 0xFFFF, 4048, 3.2189670
253062354, 0xFFFF, 4049, 3.2188907
253124858, 0xFFFF, 4050, 3.2189670
253187354, 0xFFFF, 4051, 3.2191958
253249848, 0xFFFF, 4052, 3.2188144
253312368, 0xFFFF, 4053, 3.2190433
253374848, 0xFFFF, 4054, 3.2189670
253437364, 0xFFFF, 4055, 3.2192721
253499849, 0xFFFF, 4056, 3.2189670
253562356, 0xFFFF, 4057, 3.2188907
253624846, 0xFFFF, 4058, 3.2190433
253687355, 0xFFFF, 4059, 3.2188907
253749861, 0xFFFF, 4060, 3.2189670
253812360, 0xFFFF, 4061, 3.2190433
253874847, 0xFFFF, 4062, 3.2189670
253937356, 0xFFFF, 4063, 3.2192721
253999849, 0xFFFF, 4064, 3.2191958
254062365, 0xFFFF, 4065, 3.2189670
254124846, 0xFFFF, 4066, 3.2189670
254187357, 0xFFFF, 4067, 3.2193484
254249848, 0xFFFF, 4068, 3.2189670
254312355, 0xFFFF, 4069, 3.2188907
254374849, 0xFFFF, 4070, 3.2189670
254437366, 0xFFFF, 4071, 3.2190433
254499855, 0xFFFF, 4072, 3.2188907
254562356, 0xFFFF, 4073, 3.2188907
254624849, 0xFFFF, 4074, 3.2188907
254687364, 0xFFFF, 4075, 3.2191196
254749847, 0xFFFF, 4076, 3.2188144
254812367, 0xFFFF, 4077, 3.2189670
254874845, 0xFFFF, 4078, 3.2190433
254937355, 0xFFFF, 4079, 3.2189670
254999848, 0xFFFF, 4080, 3.2192721
255062364, 0xFFFF, 4081, 3.2188907
255124856, 0xFFFF, 4082, 3.2188907
255187357, 0xFFFF, 4083, 3.2189670
255249849, 0xFFFF, 4084, 3.2190433
255312354, 0xFFFF, 4085, 3.2188907
255374856, 0xFFFF, 4086, 3.2188907
255437370, 0xFFFF, 4087, 3.2188907
255499858, 0xFFFF, 4088, 3.2189670
255562354, 0xFFFF, 4089, 3.2188907
255624849, 0xFFFF, 4090, 3.2188907
255687367, 0xFFFF, 4091, 3.2189670
255749848, 0xFFFF, 4092, 3.2189670
255812355, 0xFFFF, 4093, 3.2191958
255874858, 0xFFFF, 4094, 3.2189670
255937355, 0xFFFF, 4095, 3.2188144
255999858, 0xFFFF, 4096, 3.2189670
256062358, 0xFFFF, 4097, 3.2190433
256124849, 0xFFFF, 4098, 3.2189670
256187362, 0xFFFF, 4099, 3.2189670
256249849, 0xFFFF, 4100, 3.2188907
256312369, 0xFFFF, 4101, 3.2188907
256374847, 0xFFFF, 4102, 3.2189670
256437355, 0xFFFF, 4103, 3.2188144
256499860, 0xFFFF, 4104, 3.2188907
256562359, 0xFFFF, 4105, 3.2189670
256624858, 0xFFFF, 4106, 3.2191196
256687356, 0xFFFF, 4107, 3.2188144
256749850, 0xFFFF, 4108, 3.2188144
256812366, 0xFFFF, 4109, 3.2189670
256874846, 0xFFFF, 4110, 3.2189670
256937368, 0xFFFF, 4111, 3.2185855
256999845, 0xFFFF, 4112, 3.2191196
257062356, 0xFFFF, 4113, 3.2199588
257124861, 0xFFFF, 4114, 3.2188907
257187356, 0xFFFF, 4115, 3.2188907
257249862, 0xFFFF, 4116, 3.2191196
257312355, 0xFFFF, 4117, 3.2189670
257374850, 0xFFFF, 4118, 3.2188907
257437365, 0xFFFF, 4119, 3.2188907
257499846, 0xFFFF, 4120, 3.2194247
257562372, 0xFFFF, 4121, 3.2194247
257624845, 0xFFFF, 4122, 3.2188907
257687356, 0xFFFF, 4123, 3.2188144
257749858, 0xFFFF, 4124, 3.2189670
257812356, 0xFFFF, 4125, 3.2189670
257874865, 0xFFFF, 4126, 3.2190433
257937362, 0xFFFF, 4127, 3.2187381
257999849, 0xFFFF, 4128, 3.2194247
258062365, 0xFFFF, 4129, 3.2192721
258124846, 0xFFFF, 4130, 3.2188907
258187377, 0xFFFF, 4131, 3.2188144
258249859, 0xFFFF, 4132, 3.2189670
258312355, 0xFFFF, 4133, 3.2188144
258374859, 0xFFFF, 4134, 3.2188907
258437358, 0xFFFF, 4135, 3.2188907
258499867, 0xFFFF, 4136, 3.2192721
258562356, 0xFFFF, 4137, 3.2193484
258624859, 0xFFFF, 4138, 3.2188144
258687366, 0xFFFF, 4139, 3.2188144
258749848, 0xFFFF, 4140, 3.2189670
258812378, 0xFFFF, 4141, 3.2192721
258874849, 0xFFFF, 4142, 3.2188907
258937364, 0xFFFF, 4143, 3.2188144
258999860, 0xFFFF, 4144, 3.2191958
259062357, 0xFFFF, 4145, 3.2191196
259124858, 0xFFFF, 4146, 3.2187381
259187359, 0xFFFF, 4147, 3.2189670
259249860, 0xFFFF, 4148, 3.2189670
259312372, 0xFFFF, 4149, 3.2188907
259374846, 0xFFFF, 4150, 3.2188907
259437369, 0xFFFF, 4151, 3.2188144
259499856, 0xFFFF, 4152, 3.2195773
259562364, 0xFFFF, 4153, 3.2193484
259624869, 0xFFFF, 4154, 3.2190433
259687355, 0xFFFF, 4155, 3.2188144
259749847, 0xFFFF, 4156, 3.2188907
259812362, 0xFFFF, 4157, 3.2188144
259874850, 0xFFFF, 4158, 3.2188907
259937376, 0xFFFF, 4159, 3.2188907
259999855, 0xFFFF, 4160, 3.2193484
260062356, 0xFFFF, 4161, 3.2191958
260124858, 0xFFFF, 4162, 3.2188907
260187354, 0xFFFF, 4163, 3.2188907
260249858, 0xFFFF, 4164, 3.2189670
260312368, 0xFFFF, 4165, 3.2191196
260374846, 0xFFFF, 4166, 3.2188907
260437365, 0xFFFF, 4167, 3.2185855
260499849, 0xFFFF, 4168, 3.2193484
260562369, 0xFFFF, 4169, 3.2194247
260624855, 0xFFFF, 4170, 3.2189670
260687361, 0xFFFF, 4171, 3.2188907
260749859, 0xFFFF, 4172, 3.2188907
260812354, 0xFFFF, 4173, 3.2188907
260874847, 0xFFFF, 4174, 3.2188144
260937369, 0xFFFF, 4175, 3.2188144
260999849, 0xFFFF, 4176, 3.2192721
261062364, 0xFFFF, 4177, 3.2191958
261124849, 0xFFFF, 4178, 3.2190433
261187357, 0xFFFF, 4179, 3.2188907
261249857, 0xFFFF, 4180, 3.2188907
261312354, 0xFFFF, 4181, 3.2189670
261374863, 0xFFFF, 4182, 3.2188907
261437354, 0xFFFF, 4183, 3.2190433
261499847, 0xFFFF, 4184, 3.2194247
261562365, 0xFFFF, 4185, 3.2194247
261624849, 0xFFFF, 4186, 3.2188144
261687369, 0xFFFF, 4187, 3.2188907
261749850, 0xFFFF, 4188, 3.2190433
261812358, 0xFFFF, 4189, 3.2189670
261874855, 0xFFFF, 4190, 3.2188907
261937356, 0xFFFF, 4191, 3.2191958
261999868, 0xFFFF, 4192, 3.2188907
262062361, 0xFFFF, 4193, 3.2189670
262124847, 0xFFFF, 4194, 3.2188144
262187364, 0xFFFF, 4195, 3.2189670
262249850, 0xFFFF, 4196, 3.2188907
262312373, 0xFFFF, 4197, 3.2189670
262374847, 0xFFFF, 4198, 3.2187381
262437357, 0xFFFF, 4199, 3.2187381
262499856, 0xFFFF, 4200, 3.2186618
262562356, 0xFFFF, 4201, 3.2190433
262624868, 0xFFFF, 4202, 3.2188907
262687367, 0xFFFF, 4203, 3.2188907
262749856, 0xFFFF, 4204, 3.2189670
262812364, 0xFFFF, 4205, 3.2188144
262874849, 0xFFFF, 4206, 3.2188144
262937374, 0xFFFF, 4207, 3.2188144
262999847, 0xFFFF, 4208, 3.2188907
263062367, 0xFFFF, 4209, 3.2190433
263124855, 0xFFFF, 4210, 3.2188144
263187355, 0xFFFF, 4211, 3.2190433
263249857, 0xFFFF, 4212, 3.2187381
263312357, 0xFFFF, 4213, 3.2188144
263374855, 0xFFFF, 4214, 3.2188144
263437370, 0xFFFF, 4215, 3.2188144
263499849, 0xFFFF, 4216, 3.2186618
263562363, 0xFFFF, 4217, 3.2189670
263624847, 0xFFFF, 4218, 3.2191196
263687369, 0xFFFF, 4219, 3.2188144
263749867, 0xFFFF, 4220, 3.2188144
263812353, 0xFFFF, 4221, 3.2188907
263874847, 0xFFFF, 4222, 3.2188907
263937358, 0xFFFF, 4223, 3.2189670
263999848, 0xFFFF, 4224, 3.2189670
264062376, 0xFFFF, 4225, 3.2189670
264124859, 0xFFFF, 4226, 3.2187381
264187353, 0xFFFF, 4227, 3.2188144
264249848, 0xFFFF, 4228, 3.2185855
264312357, 0xFFFF, 4229, 3.2187381
264374857, 0xFFFF, 4230, 3.2185855
264437364, 0xFFFF, 4231, 3.2188144
264499848, 0xFFFF, 4232, 3.2188907
264562358, 0xFFFF, 4233, 3.2191196
264624847, 0xFFFF, 4234, 3.2188907
264687363, 0xFFFF, 4235, 3.2187381
264749861, 0xFFFF, 4236, 3.2188144
264812361, 0xFFFF, 4237, 3.2187381
264874847, 0xFFFF, 4238, 3.2189670
264937357, 0xFFFF, 4239, 3.2188907
264999850, 0xFFFF, 4240, 3.2188907
265062365, 0xFFFF, 4241, 3.2190433
265124847, 0xFFFF, 4242, 3.2187381
265187357, 0xFFFF, 4243, 3.2189670
265249848, 0xFFFF, 4244, 3.2189670
265312355, 0xFFFF, 4245, 3.2188144
265374848, 0xFFFF, 4246, 3.2188144
265437357, 0xFFFF, 4247, 3.2187381
265499855, 0xFFFF, 4248, 3.2188144
265562357, 0xFFFF, 4249, 3.2195010
265624849, 0xFFFF, 4250, 3.2189670
265687356, 0xFFFF, 4251, 3.2187381
265749847, 0xFFFF, 4252, 3.2188144
265812367, 0xFFFF, 4253, 3.2188907
265874847, 0xFFFF, 4254, 3.2188144
265937355, 0xFFFF, 4255, 3.2188144
265999850, 0xFFFF, 4256, 3.2188144
266062358, 0xFFFF, 4257, 3.2190433
266124855, 0xFFFF, 4258, 3.2189670
266187361, 0xFFFF, 4259, 3.2187381
266249850, 0xFFFF, 4260, 3.2191196
266312355, 0xFFFF, 4261, 3.2188144
266374847, 0xFFFF, 4262, 3.2188144
266437370, 0xFFFF, 4263, 3.2188907
266499848, 0xFFFF, 4264, 3.2188144
266562356, 0xFFFF, 4265, 3.2187381
266624847, 0xFFFF, 4266, 3.2188144
266687357, 0xFFFF, 4267, 3.2192721
266749848, 0xFFFF, 4268, 3.2186618
266812356, 0xFFFF, 4269, 3.2188144
266874858, 0xFFFF, 4270, 3.2187381
266937356, 0xFFFF, 4271, 3.2188144
266999847, 0xFFFF, 4272, 3.2192721
267062357, 0xFFFF, 4273, 3.2191958
267124849, 0xFFFF, 4274, 3.2188144
267187362, 0xFFFF, 4275, 3.2188144
267249848, 0xFFFF, 4276, 3.2188907
267312357, 0xFFFF, 4277, 3.2190433
267374847, 0xFFFF, 4278, 3.2187381
267437355, 0xFFFF, 4279, 3.2187381
267499860, 0xFFFF, 4280, 3.2191196
267562361, 0xFFFF, 4281, 3.2191958
267624847, 0xFFFF, 4282, 3.2188907
267687356, 0xFFFF, 4283, 3.2188144
267749851, 0xFFFF, 4284, 3.2188144
267812364, 0xFFFF, 4285, 3.2188907
267874845, 0xFFFF, 4286, 3.2187381
267937359, 0xFFFF, 4287, 3.2189670
267999847, 0xFFFF, 4288, 3.2193484
268062356, 0xFFFF, 4289, 3.2193484
268124849, 0xFFFF, 4290, 3.2193484
268187357, 0xFFFF, 4291, 3.2188907
268249856, 0xFFFF, 4292, 3.2187381
268312356, 0xFFFF, 4293, 3.2188144
268374847, 0xFFFF, 4294, 3.2187381
268437355, 0xFFFF, 4295, 3.2186618
268499847, 0xFFFF, 4296, 3.2191958
268562368, 0xFFFF, 4297, 3.2191196
268624847, 0xFFFF, 4298, 3.2187381
268687356, 0xFFFF, 4299, 3.2188144
268749850, 0xFFFF, 4300, 3.2188144
268812357, 0xFFFF, 4301, 3.2189670
268874855, 0xFFFF, 4302, 3.2191958
268937363, 0xFFFF, 4303, 3.2187381
268999849, 0xFFFF, 4304, 3.2191196
269062354, 0xFFFF, 4305, 3.2190433
269124846, 0xFFFF, 4306, 3.2187381
269187368, 0xFFFF, 4307, 3.2188144
269249850, 0xFFFF, 4308, 3.2188907
269312356, 0xFFFF, 4309, 3.2187381
269374848, 0xFFFF, 4310, 3.2186618
269437358, 0xFFFF, 4311, 3.2186618
269499848, 0xFFFF, 4312, 3.2193484
269562356, 0xFFFF, 4313, 3.2192721
269624858, 0xFFFF, 4314, 3.2188907
269687353, 0xFFFF, 4315, 3.2191196
269749847, 0xFFFF, 4316, 3.2189670
269812358, 0xFFFF, 4317, 3.2191958
269874849, 0xFFFF, 4318, 3.2187381
269937364, 0xFFFF, 4319, 3.2188144
269999849, 0xFFFF, 4320, 3.2191196
270062358, 0xFFFF, 4321, 3.2190433
270124847, 0xFFFF, 4322, 3.2187381
270187361, 0xFFFF, 4323, 3.2187381
270249860, 0xFFFF, 4324, 3.2186618
270312361, 0xFFFF, 4325, 3.2188144
270374846, 0xFFFF, 4326, 3.2188144
270437358, 0xFFFF, 4327, 3.2188144
270499858, 0xFFFF, 4328, 3.2191196
270562364, 0xFFFF, 4329, 3.2191196
270624847, 0xFFFF, 4330, 3.2188907
270687357, 0xFFFF, 4331, 3.2189670
270749848, 0xFFFF, 4332, 3.2188907
270812365, 0xFFFF, 4333, 3.2189670
270874849, 0xFFFF, 4334, 3.2187381
270937357, 0xFFFF, 4335, 3.2187381
270999856, 0xFFFF, 4336, 3.2190433
271062358, 0xFFFF, 4337, 3.2190433
271124860, 0xFFFF, 4338, 3.2187381
271187354, 0xFFFF, 4339, 3.2186618
271249848, 0xFFFF, 4340, 3.2186618
271312367, 0xFFFF, 4341, 3.2187381
271374845, 0xFFFF, 4342, 3.2187381
271437366, 0xFFFF, 4343, 3.2188144
271499848, 0xFFFF, 4344, 3.2191196
271562359, 0xFFFF, 4345, 3.2191196
271624859, 0xFFFF, 4346, 3.2188144
271687361, 0xFFFF, 4347, 3.2188907
271749859, 0xFFFF, 4348, 3.2188144
271812354, 0xFFFF, 4349, 3.2188144
271874847, 0xFFFF, 4350, 3.2185855
271937371, 0xFFFF, 4351, 3.2187381
271999850, 0xFFFF, 4352, 3.2187381
272062367, 0xFFFF, 4353, 3.2186618
272124849, 0xFFFF, 4354, 3.2188144
272187356, 0xFFFF, 4355, 3.2186618
272249859, 0xFFFF, 4356, 3.2186618
272312354, 0xFFFF, 4357, 3.2188907
272374863, 0xFFFF, 4358, 3.2185092
272437355, 0xFFFF, 4359, 3.2188144
272499848, 0xFFFF, 4360, 3.2188907
272562368, 0xFFFF, 4361, 3.2188907
272624849, 0xFFFF, 4362, 3.2188907
272687371, 0xFFFF, 4363, 3.2188907
272749850, 0xFFFF, 4364, 3.2191196
272812356, 0xFFFF, 4365, 3.2186618
272874857, 0xFFFF, 4366, 3.2188144
272937355, 0xFFFF, 4367, 3.2186618
272999870, 0xFFFF, 4368, 3.2187381
273062362, 0xFFFF, 4369, 3.2185855
273124847, 0xFFFF, 4370, 3.2187381
273187365, 0xFFFF, 4371, 3.2186618
273249851, 0xFFFF, 4372, 3.2185855
273312375, 0xFFFF, 4373, 3.2187381
273374847, 0xFFFF, 4374, 3.2185855
273437358, 0xFFFF, 4375, 3.2188907
273499859, 0xFFFF, 4376, 3.2187381
273562356, 0xFFFF, 4377, 3.2187381
273624870, 0xFFFF, 4378, 3.2188144
273687356, 0xFFFF, 4379, 3.2187381
273749856, 0xFFFF, 4380, 3.2188907
273812366, 0xFFFF, 4381, 3.2188144
273874848, 0xFFFF, 4382, 3.2188907
273937376, 0xFFFF, 4383, 3.2188907
273999847, 0xFFFF, 4384, 3.2189670
274062368, 0xFFFF, 4385, 3.2189670
274124857, 0xFFFF, 4386, 3.2190433
274187355, 0xFFFF, 4387, 3.2186618
274249861, 0xFFFF, 4388, 3.2187381
274312363, 0xFFFF, 4389, 3.2185855
274374855, 0xFFFF, 4390, 3.2188144
274437372, 0xFFFF, 4391, 3.2186618
274499850, 0xFFFF, 4392, 3.2187381
274562366, 0xFFFF, 4393, 3.2187381
274624854, 0xFFFF, 4394, 3.2189670
274687368, 0xFFFF, 4395, 3.2185855
274749869, 0xFFFF, 4396, 3.2189670
274812355, 0xFFFF, 4397, 3.2187381
274874849, 0xFFFF, 4398, 3.2187381
274937366, 0xFFFF, 4399, 3.2191958
274999848, 0xFFFF, 4400, 3.2186618
275062376, 0xFFFF, 4401, 3.2186618
275124858, 0xFFFF, 4402, 3.2188144
275187355, 0xFFFF, 4403, 3.2185855
275249856, 0xFFFF, 4404, 3.2187381
275312356, 0xFFFF, 4405, 3.2188907
275374859, 0xFFFF, 4406, 3.2188907
275437364, 0xFFFF, 4407, 3.2188907
275499849, 0xFFFF, 4408, 3.2188144
275562365, 0xFFFF, 4409, 3.2190433
275624847, 0xFFFF, 4410, 3.2187381
275687365, 0xFFFF, 4411, 3.2187381
275749860, 0xFFFF, 4412, 3.2185855
275812361, 0xFFFF, 4413, 3.2188144
275874855, 0xFFFF, 4414, 3.2185092
275937356, 0xFFFF, 4415, 3.2185855
275999850, 0xFFFF, 4416, 3.2186618
276062367, 0xFFFF, 4417, 3.2186618
276124847, 0xFFFF, 4418, 3.2188907
276187365, 0xFFFF, 4419, 3.2185855
276249846, 0xFFFF, 4420, 3.2186618
276312354, 0xFFFF, 4421, 3.2186618
276374858, 0xFFFF, 4422, 3.2185092
276437358, 0xFFFF, 4423, 3.2186618
276499862, 0xFFFF, 4424, 3.2186618
276562356, 0xFFFF, 4425, 3.2185855
276624849, 0xFFFF, 4426, 3.2187381
276687363, 0xFFFF, 4427, 3.2187381
276749848, 0xFFFF, 4428, 3.2185855
276812374, 0xFFFF, 4429, 3.2188144
276874845, 0xFFFF, 4430, 3.2187381
276937354, 0xFFFF, 4431, 3.2186618
276999857, 0xFFFF, 4432, 3.2190433
277062357, 0xFFFF, 4433, 3.2191196
277124865, 0xFFFF, 4434, 3.2187381
277187362, 0xFFFF, 4435, 3.2186618
277249850, 0xFFFF, 4436, 3.2186618
277312362, 0xFFFF, 4437, 3.2186618
277374847, 0xFFFF, 4438, 3.2189670
277437377, 0xFFFF, 4439, 3.2187381
277499849, 0xFFFF, 4440, 3.2191196
277562356, 0xFFFF, 4441, 3.2189670
277624858, 0xFFFF, 4442, 3.2185855
277687356, 0xFFFF, 4443, 3.2185855
277749864, 0xFFFF, 4444, 3.2185855
277812353, 0xFFFF, 4445, 3.2187381
277874858, 0xFFFF, 4446, 3.2188907
277937363, 0xFFFF, 4447, 3.2188144
277999847, 0xFFFF, 4448, 3.2190433
278062377, 0xFFFF, 4449, 3.2190433
278124849, 0xFFFF, 4450, 3.2186618
278187363, 0xFFFF, 4451, 3.2186618
278249858, 0xFFFF, 4452, 3.2187381
278312357, 0xFFFF, 4453, 3.2186618
278374855, 0xFFFF, 4454, 3.2188144
278437355, 0xFFFF, 4455, 3.2187381
278499860, 0xFFFF, 4456, 3.2191958
278562368, 0xFFFF, 4457, 3.2191196
278624848, 0xFFFF, 4458, 3.2188144
278687365, 0xFFFF, 4459, 3.2187381
278749850, 0xFFFF, 4460, 3.2188907
278812362, 0xFFFF, 4461, 3.2188144
278874867, 0xFFFF, 4462, 3.2188144
278937359, 0xFFFF, 4463, 3.2187381
278999847, 0xFFFF, 4464, 3.2190433
279062356, 0xFFFF, 4465, 3.2191196
279124850, 0xFFFF, 4466, 3.2186618
279187373, 0xFFFF, 4467, 3.2186618
279249855, 0xFFFF, 4468, 3.2187381
279312357, 0xFFFF, 4469, 3.2185855
279374849, 0xFFFF, 4470, 3.2186618
279437355, 0xFFFF, 4471, 3.2186618
279499855, 0xFFFF, 4472, 3.2188144
279562368, 0xFFFF, 4473, 3.2192721
279624846, 0xFFFF, 4474, 3.2187381
279687353, 0xFFFF, 4475, 3.2185855
279749849, 0xFFFF, 4476, 3.2186618
279812366, 0xFFFF, 4477, 3.2187381
279874855, 0xFFFF, 4478, 3.2185092
279937363, 0xFFFF, 4479, 3.2185855
279999849, 0xFFFF, 4480, 3.2188907
280062355, 0xFFFF, 4481, 3.2190433
280124847, 0xFFFF, 4482, 3.2186618
280187368, 0xFFFF, 4483, 3.2186618
280249849, 0xFFFF, 4484, 3.2185855
280312356, 0xFFFF, 4485, 3.2188907
280374849, 0xFFFF, 4486, 3.2186618
280437357, 0xFFFF, 4487, 3.2185855
280499847, 0xFFFF, 4488, 3.2189670
280562355, 0xFFFF, 4489, 3.2191196
280624859, 0xFFFF, 4490, 3.2185092
280687354, 0xFFFF, 4491, 3.2185855
280749848, 0xFFFF, 4492, 3.2186618
280812357, 0xFFFF, 4493, 3.2186618
280874848, 0xFFFF, 4494, 3.2185855
280937364, 0xFFFF, 4495, 3.2185092
280999849, 0xFFFF, 4496, 3.2190433
281062358, 0xFFFF, 4497, 3.2188907
281124846, 0xFFFF, 4498, 3.2186618
281187355, 0xFFFF, 4499, 3.2187381
281249860, 0xFFFF, 4500, 3.2187381
281312362, 0xFFFF, 4501, 3.2185855
281374847, 0xFFFF, 4502, 3.2186618
281437357, 0xFFFF, 4503, 3.2185855
281499850, 0xFFFF, 4504, 3.2189670
281562365, 0xFFFF, 4505, 3.2189670
281624847, 0xFFFF, 4506, 3.2185092
281687357, 0xFFFF, 4507, 3.2185855
281749848, 0xFFFF, 4508, 3.2185855
281812356, 0xFFFF, 4509, 3.2185855
281874849, 0xFFFF, 4510, 3.2185855
281937359, 0xFFFF, 4511, 3.2185092
281999855, 0xFFFF, 4512, 3.2187381
282062357, 0xFFFF, 4513, 3.2185092
282124849, 0xFFFF, 4514, 3.2189670
282187354, 0xFFFF, 4515, 3.2189670
282249847, 0xFFFF, 4516, 3.2188907
282312367, 0xFFFF, 4517, 3.2188907
282374846, 0xFFFF, 4518, 3.2187381
282437356, 0xFFFF, 4519, 3.2188144
282499849, 0xFFFF, 4520, 3.2187381
282562359, 0xFFFF, 4521, 3.2185855
282624856, 0xFFFF, 4522, 3.2188907
282687363, 0xFFFF, 4523, 3.2186618
282749851, 0xFFFF, 4524, 3.2188907
282812353, 0xFFFF, 4525, 3.2185855
282874847, 0xFFFF, 4526, 3.2187381
282937369, 0xFFFF, 4527, 3.2186618
282999848, 0xFFFF, 4528, 3.2185855
283062358, 0xFFFF, 4529, 3.2185092
283124849, 0xFFFF, 4530, 3.2185855
283187358, 0xFFFF, 4531, 3.2184329
283249849, 0xFFFF, 4532, 3.2185855
283312354, 0xFFFF, 4533, 3.2185855
283374859, 0xFFFF, 4534, 3.2185092
283437354, 0xFFFF, 4535, 3.2183566
283499848, 0xFFFF, 4536, 3.2185092
283562357, 0xFFFF, 4537, 3.2185855
283624848, 0xFFFF, 4538, 3.2185092
283687363, 0xFFFF, 4539, 3.2185855
283749850, 0xFFFF, 4540, 3.2185092
283812358, 0xFFFF, 4541, 3.2185092
283874847, 0xFFFF, 4542, 3.2185092
283937355, 0xFFFF, 4543, 3.2185092
283999860, 0xFFFF, 4544, 3.2185092
284062363, 0xFFFF, 4545, 3.2185855
284124847, 0xFFFF, 4546, 3.2187381
284187355, 0xFFFF, 4547, 3.2185092
284249850, 0xFFFF, 4548, 3.2185092
284312364, 0xFFFF, 4549, 3.2188907
284374847, 0xFFFF, 4550, 3.2188907
284437360, 0xFFFF, 4551, 3.2188907
284499847, 0xFFFF, 4552, 3.2185855
284562354, 0xFFFF, 4553, 3.2187381
284624849, 0xFFFF, 4554, 3.2186618
284687358, 0xFFFF, 4555, 3.2187381
284749855, 0xFFFF, 4556, 3.2186618
284812356, 0xFFFF, 4557, 3.2188907
284874849, 0xFFFF, 4558, 3.2185855
284937355, 0xFFFF, 4559, 3.2186618
284999847, 0xFFFF, 4560, 3.2188144
285062368, 0xFFFF, 4561, 3.2187381
285124847, 0xFFFF, 4562, 3.2185855
285187354, 0xFFFF, 4563, 3.2185855
285249849, 0xFFFF, 4564, 3.2185855
285312364, 0xFFFF, 4565, 3.2184329
285374855, 0xFFFF, 4566, 3.2187381
285437364, 0xFFFF, 4567, 3.2185092
285499849, 0xFFFF, 4568, 3.2185855
285562354, 0xFFFF, 4569, 3.2185855
285624857, 0xFFFF, 4570, 3.2185092
285687368, 0xFFFF, 4571, 3.2186618
285749849, 0xFFFF, 4572, 3.2185092
285812356, 0xFFFF, 4573, 3.2185092
285874848, 0xFFFF, 4574, 3.2189670
285937367, 0xFFFF, 4575, 3.2188144
285999848, 0xFFFF, 4576, 3.2187381
286062356, 0xFFFF, 4577, 3.2187381
286124858, 0xFFFF, 4578, 3.2185855
286187354, 0xFFFF, 4579, 3.2186618
286249859, 0xFFFF, 4580, 3.2185092
286312357, 0xFFFF, 4581, 3.2186618
286374849, 0xFFFF, 4582, 3.2188907
286437363, 0xFFFF, 4583, 3.2186618
286499848, 0xFFFF, 4584, 3.2185092
286562368, 0xFFFF, 4585, 3.2185092
286624847, 0xFFFF, 4586, 3.2185855
286687355, 0xFFFF, 4587, 3.2185855
286749865, 0xFFFF, 4588, 3.2184329
286812361, 0xFFFF, 4589, 3.2185092
286874857, 0xFFFF, 4590, 3.2185855
286937357, 0xFFFF, 4591, 3.2185092
286999850, 0xFFFF, 4592, 3.2188907
287062368, 0xFFFF, 4593, 3.2189670
287124846, 0xFFFF, 4594, 3.2184329
287187368, 0xFFFF, 4595, 3.2187381
287249848, 0xFFFF, 4596, 3.2186618
287312355, 0xFFFF, 4597, 3.2187381
287374860, 0xFFFF, 4598, 3.2185855
287437357, 0xFFFF, 4599, 3.2185855
287499863, 0xFFFF, 4600, 3.2187381
287562357, 0xFFFF, 4601, 3.2190433
287624850, 0xFFFF, 4602, 3.2185092
287687365, 0xFFFF, 4603, 3.2185092
287749847, 0xFFFF, 4604, 3.2185092
287812374, 0xFFFF, 4605, 3.2185855
287874847, 0xFFFF, 4606, 3.2182803
287937355, 0xFFFF, 4607, 3.2185092
287999859, 0xFFFF, 4608, 3.2185855
288062358, 0xFFFF, 4609, 3.2189670
288124867, 0xFFFF, 4610, 3.2183566
288187363, 0xFFFF, 4611, 3.2188144
288249852, 0xFFFF, 4612, 3.2185855
288312364, 0xFFFF, 4613, 3.2188907
288374847, 0xFFFF, 4614, 3.2186618
288437379, 0xFFFF, 4615, 3.2185855
288499849, 0xFFFF, 4616, 3.2189670
288562358, 0xFFFF, 4617, 3.2188144
288624859, 0xFFFF, 4618, 3.2185092
288687356, 0xFFFF, 4619, 3.2184329
288749867, 0xFFFF, 4620, 3.2185855
288812355, 0xFFFF, 4621, 3.2185092
288874858, 0xFFFF, 4622, 3.2180514
288937365, 0xFFFF, 4623, 3.2184329
288999847, 0xFFFF, 4624, 3.2192721
289062380, 0xFFFF, 4625, 3.2190433
289124848, 0xFFFF, 4626, 3.2185092
289187363, 0xFFFF, 4627, 3.2185855
289249859, 0xFFFF, 4628, 3.2185092
289312356, 0xFFFF, 4629, 3.2185092
289374858, 0xFFFF, 4630, 3.2187381
289437362, 0xFFFF, 4631, 3.2184329
289499860, 0xFFFF, 4632, 3.2188144
289562372, 0xFFFF, 4633, 3.2186618
289624846, 0xFFFF, 4634, 3.2182803
289687367, 0xFFFF, 4635, 3.2185855
289749858, 0xFFFF, 4636, 3.2187381
289812364, 0xFFFF, 4637, 3.2186618
289874869, 0xFFFF, 4638, 3.2185855
289937359, 0xFFFF, 4639, 3.2185092
289999846, 0xFFFF, 4640, 3.2188144
290062363, 0xFFFF, 4641, 3.2188144
290124850, 0xFFFF, 4642, 3.2185855
290187376, 0xFFFF, 4643, 3.2185855
290249855, 0xFFFF, 4644, 3.2185092
290312356, 0xFFFF, 4645, 3.2185092
290374858, 0xFFFF, 4646, 3.2185092
290437356, 0xFFFF, 4647, 3.2188144
290499857, 0xFFFF, 4648, 3.2190433
290562369, 0xFFFF, 4649, 3.2189670
290624846, 0xFFFF, 4650, 3.2184329
290687362, 0xFFFF, 4651, 3.2185092
290749849, 0xFFFF, 4652, 3.2185092
290812368, 0xFFFF, 4653, 3.2185092
290874858, 0xFFFF, 4654, 3.2185092
290937364, 0xFFFF, 4655, 3.2186618
290999858, 0xFFFF, 4656, 3.2187381
291062354, 0xFFFF, 4657, 3.2188144
291124847, 0xFFFF, 4658, 3.2188144
291187367, 0xFFFF, 4659, 3.2186618
291249849, 0xFFFF, 4660, 3.2185855
291312364, 0xFFFF, 4661, 3.2185092
291374849, 0xFFFF, 4662, 3.2185092
291437359, 0xFFFF, 4663, 3.2185092
291499857, 0xFFFF, 4664, 3.2191196
291562355, 0xFFFF, 4665, 3.2188907
291624866, 0xFFFF, 4666, 3.2185092
291687353, 0xFFFF, 4667, 3.2184329
291749848, 0xFFFF, 4668, 3.2188144
291812365, 0xFFFF, 4669, 3.2185855
291874849, 0xFFFF, 4670, 3.2187381
291937371, 0xFFFF, 4671, 3.2185092
291999849, 0xFFFF, 4672, 3.2184329
292062356, 0xFFFF, 4673, 3.2185092
292124855, 0xFFFF, 4674, 3.2185092
292187355, 0xFFFF, 4675, 3.2185855
292249869, 0xFFFF, 4676, 3.2185092
292312363, 0xFFFF, 4677, 3.2184329
292374849, 0xFFFF, 4678, 3.2184329
292437365, 0xFFFF, 4679, 3.2187381
292499850, 0xFFFF, 4680, 3.2185855
292562373, 0xFFFF, 4681, 3.2184329
292624847, 0xFFFF, 4682, 3.2185092
292687359, 0xFFFF, 4683, 3.2184329
292749856, 0xFFFF, 4684, 3.2185092
292812355, 0xFFFF, 4685, 3.2185855
292874868, 0xFFFF, 4686, 3.2184329
292937359, 0xFFFF, 4687, 3.2184329
292999855, 0xFFFF, 4688, 3.2185092
293062365, 0xFFFF, 4689, 3.2185855
293124849, 0xFFFF, 4690, 3.2185092
293187373, 0xFFFF, 4691, 3.2185855
293249847, 0xFFFF, 4692, 3.2184329
293312366, 0xFFFF, 4693, 3.2185855
293374854, 0xFFFF, 4694, 3.2184329
293437356, 0xFFFF, 4695, 3.2183566
293499856, 0xFFFF, 4696, 3.2188144
293562358, 0xFFFF, 4697, 3.2183566
293624856, 0xFFFF, 4698, 3.2187381
293687372, 0xFFFF, 4699, 3.2186618
293749852, 0xFFFF, 4700, 3.2185855
293812362, 0xFFFF, 4701, 3.2185855
293874847, 0xFFFF, 4702, 3.2183566
293937369, 0xFFFF, 4703, 3.2184329
293999867, 0xFFFF, 4704, 3.2186618
294062357, 0xFFFF, 4705, 3.2174411
294124848, 0xFFFF, 4706, 3.2183566
294187358, 0xFFFF, 4707, 3.2185855
294249849, 0xFFFF, 4708, 3.2187381
294312376, 0xFFFF, 4709, 3.2185855
294374859, 0xFFFF, 4710, 3.2184329
294437354, 0xFFFF, 4711, 3.2185092
294499847, 0xFFFF, 4712, 3.2185092
294562357, 0xFFFF, 4713, 3.2183566
294624857, 0xFFFF, 4714, 3.2183566
294687363, 0xFFFF, 4715, 3.2186618
294749848, 0xFFFF, 4716, 3.2185092
294812358, 0xFFFF, 4717, 3.2185855
294874847, 0xFFFF, 4718, 3.2186618
294937365, 0xFFFF, 4719, 3.2185092
294999860, 0xFFFF, 4720, 3.2185092
295062363, 0xFFFF, 4721, 3.2184329
295124849, 0xFFFF, 4722, 3.2185092
295187356, 0xFFFF, 4723, 3.2184329
295249851, 0xFFFF, 4724, 3.2185855
295312364, 0xFFFF, 4725, 3.2183566
295374847, 0xFFFF, 4726, 3.2189670
295437360, 0xFFFF, 4727, 3.2186618
295499846, 0xFFFF, 4728, 3.2184329
295562356, 0xFFFF, 4729, 3.2184329
295624850, 0xFFFF, 4730, 3.2182040
295687357, 0xFFFF, 4731, 3.2184329
295749855, 0xFFFF, 4732, 3.2183566
295812358, 0xFFFF, 4733, 3.2182803
295874849, 0xFFFF, 4734, 3.2184329
295937356, 0xFFFF, 4735, 3.2185092
295999847, 0xFFFF, 4736, 3.2185092
296062368, 0xFFFF, 4737, 3.2183566
296124847, 0xFFFF, 4738, 3.2183566
296187353, 0xFFFF, 4739, 3.2184329
296249848, 0xFFFF, 4740, 3.2183566
296312358, 0xFFFF, 4741, 3.2184329
296374856, 0xFFFF, 4742, 3.2184329
296437364, 0xFFFF, 4743, 3.2186618
296499852, 0xFFFF, 4744, 3.2185092
296562356, 0xFFFF, 4745, 3.2184329
296624847, 0xFFFF, 4746, 3.2185092
296687368, 0xFFFF, 4747, 3.2181277
296749850, 0xFFFF, 4748, 3.2185092
296812358, 0xFFFF, 4749, 3.2184329
296874848, 0xFFFF, 4750, 3.2184329
296937359, 0xFFFF, 4751, 3.2187381
296999848, 0xFFFF, 4752, 3.2185092
297062354, 0xFFFF, 4753, 3.2188907
297124859, 0xFFFF, 4754, 3.2184329
297187355, 0xFFFF, 4755, 3.2184329
297249848, 0xFFFF, 4756, 3.2183566
297312357, 0xFFFF, 4757, 3.2183566
297374849, 0xFFFF, 4758, 3.2185092
297437364, 0xFFFF, 4759, 3.2184329
297499836, 0xFFFF, 4760, 3.2184329
297562357, 0xFFFF, 4761, 3.2187381
297624847, 0xFFFF, 4762, 3.2183566
297687355, 0xFFFF, 4763, 3.2183566
297749860, 0xFFFF, 4764, 3.2183566
297812363, 0xFFFF, 4765, 3.2185855
297874849, 0xFFFF, 4766, 3.2185092
297937357, 0xFFFF, 4767, 3.2184329
297999850, 0xFFFF, 4768, 3.2184329
298062365, 0xFFFF, 4769, 3.2186618
298124847, 0xFFFF, 4770, 3.2182803
298187360, 0xFFFF, 4771, 3.2180514
298249848, 0xFFFF, 4772, 3.2184329
298312354, 0xFFFF, 4773, 3.2185092
298374849, 0xFFFF, 4774, 3.2185092
298437358, 0xFFFF, 4775, 3.2184329
298499855, 0xFFFF, 4776, 3.2184329
298562356, 0xFFFF, 4777, 3.2187381
298624849, 0xFFFF, 4778, 3.2182803
298687354, 0xFFFF, 4779, 3.2182803
298749848, 0xFFFF, 4780, 3.2185092
298812367, 0xFFFF, 4781, 3.2185855
298874847, 0xFFFF, 4782, 3.2185855
298937354, 0xFFFF, 4783, 3.2183566
298999849, 0xFFFF, 4784, 3.2183566
299062358, 0xFFFF, 4785, 3.2187381
299124856, 0xFFFF, 4786, 3.2179751
299187365, 0xFFFF, 4787, 3.2184329
299249852, 0xFFFF, 4788, 3.2185855
299312354, 0xFFFF, 4789, 3.2185092
299374848, 0xFFFF, 4790, 3.2183566
299437369, 0xFFFF, 4791, 3.2183566
299499849, 0xFFFF, 4792, 3.2184329
299562358, 0xFFFF, 4793, 3.2186618
299624849, 0xFFFF, 4794, 3.2185855
299687356, 0xFFFF, 4795, 3.2183566
299749848, 0xFFFF, 4796, 3.2185092
299812355, 0xFFFF, 4797, 3.2183566
299874858, 0xFFFF, 4798, 3.2182803
299937355, 0xFFFF, 4799, 3.2182803
299999846, 0xFFFF, 4800, 3.2183566
300062358, 0xFFFF, 4801, 3.2186618
300124851, 0xFFFF, 4802, 3.2184329
300187363, 0xFFFF, 4803, 3.2183566
300249849, 0xFFFF, 4804, 3.2185092
300312357, 0xFFFF, 4805, 3.2183566
300374847, 0xFFFF, 4806, 3.2182040
300437366, 0xFFFF, 4807, 3.2186618
300499860, 0xFFFF, 4808, 3.2185092
300562364, 0xFFFF, 4809, 3.2186618
300624849, 0xFFFF, 4810, 3.2183566
300687357, 0xFFFF, 4811, 3.2182803
300749859, 0xFFFF, 4812, 3.2182803
300812364, 0xFFFF, 4813, 3.2182803
300874847, 0xFFFF, 4814, 3.2186618
300937359, 0xFFFF, 4815, 3.2184329
300999846, 0xFFFF, 4816, 3.2185092
301062366, 0xFFFF, 4817, 3.2187381
301124849, 0xFFFF, 4818, 3.2182040
301187358, 0xFFFF, 4819, 3.2182040
301249855, 0xFFFF, 4820, 3.2182803
301312357, 0xFFFF, 4821, 3.2185092
301374860, 0xFFFF, 4822, 3.2184329
301437355, 0xFFFF, 4823, 3.2184329
301499847, 0xFFFF, 4824, 3.2178988
301562368, 0xFFFF, 4825, 3.2185855
301624848, 0xFFFF, 4826, 3.2180514
301687367, 0xFFFF, 4827, 3.2181277
301749850, 0xFFFF, 4828, 3.2185092
301812358, 0xFFFF, 4829, 3.2184329
301874860, 0xFFFF, 4830, 3.2183566
301937364, 0xFFFF, 4831, 3.2184329
301999860, 0xFFFF, 4832, 3.2184329
302062355, 0xFFFF, 4833, 3.2182040
302124847, 0xFFFF, 4834, 3.2186618
302187372, 0xFFFF, 4835, 3.2184329
302249850, 0xFFFF, 4836, 3.2182803
302312365, 0xFFFF, 4837, 3.2183566
302374849, 0xFFFF, 4838, 3.2182803
302437358, 0xFFFF, 4839, 3.2182803
302499858, 0xFFFF, 4840, 3.2182040
302562355, 0xFFFF, 4841, 3.2185092
302624868, 0xFFFF, 4842, 3.2183566
302687354, 0xFFFF, 4843, 3.2182803
302749848, 0xFFFF, 4844, 3.2184329
302812369, 0xFFFF, 4845, 3.2183566
302874849, 0xFFFF, 4846, 3.2182040
302937374, 0xFFFF, 4847, 3.2182040
302999849, 0xFFFF, 4848, 3.2184329
303062357, 0xFFFF, 4849, 3.2184329
303124858, 0xFFFF, 4850, 3.2183566
303187355, 0xFFFF, 4851, 3.2182040
303249871, 0xFFFF, 4852, 3.2184329
303312364, 0xFFFF, 4853, 3.2182040
303374848, 0xFFFF, 4854, 3.2185092
303437367, 0xFFFF, 4855, 3.2183566
303499850, 0xFFFF, 4856, 3.2183566
303562376, 0xFFFF, 4857, 3.2183566
303624846, 0xFFFF, 4858, 3.2183566
303687359, 0xFFFF, 4859, 3.2182803
303749857, 0xFFFF, 4860, 3.2185092
303812354, 0xFFFF, 4861, 3.2184329
303874870, 0xFFFF, 4862, 3.2185092
303937359, 0xFFFF, 4863, 3.2181277
303999855, 0xFFFF, 4864, 3.2183566
304062367, 0xFFFF, 4865, 3.2178225
304124850, 0xFFFF, 4866, 3.2185092
304187375, 0xFFFF, 4867, 3.2182803
304249848, 0xFFFF, 4868, 3.2182803
304312367, 0xFFFF, 4869, 3.2183566
304374858, 0xFFFF, 4870, 3.2184329
304437356, 0xFFFF, 4871, 3.2182803
304499860, 0xFFFF, 4872, 3.2183566
304562366, 0xFFFF, 4873, 3.2185855
304624856, 0xFFFF, 4874, 3.2183566
304687374, 0xFFFF, 4875, 3.2182803
304749852, 0xFFFF, 4876, 3.2182803
304812365, 0xFFFF, 4877, 3.2183566
304874855, 0xFFFF, 4878, 3.2185855
304937369, 0xFFFF, 4879, 3.2184329
304999869, 0xFFFF, 4880, 3.2182040
305062357, 0xFFFF, 4881, 3.2182803
305124849, 0xFFFF, 4882, 3.2181277
305187365, 0xFFFF, 4883, 3.2182040
305249848, 0xFFFF, 4884, 3.2184329
305312376, 0xFFFF, 4885, 3.2179751
305374858, 0xFFFF, 4886, 3.2182040
305437355, 0xFFFF, 4887, 3.2182803
305499855, 0xFFFF, 4888, 3.2182803
305562357, 0xFFFF, 4889, 3.2182803
305624859, 0xFFFF, 4890, 3.2184329
305687363, 0xFFFF, 4891, 3.2182803
305749850, 0xFFFF, 4892, 3.2182040
305812365, 0xFFFF, 4893, 3.2182803
305874846, 0xFFFF, 4894, 3.2182040
305937366, 0xFFFF, 4895, 3.2181277
305999861, 0xFFFF, 4896, 3.2184329
306062364, 0xFFFF, 4897, 3.2182803
306124854, 0xFFFF, 4898, 3.2184329
306187355, 0xFFFF, 4899, 3.2182803
306249850, 0xFFFF, 4900, 3.2182040
306312369, 0xFFFF, 4901, 3.2182040
306374847, 0xFFFF, 4902, 3.2183566
306437367, 0xFFFF, 4903, 3.2182803
306499846, 0xFFFF, 4904, 3.2182803
306562354, 0xFFFF, 4905, 3.2182803
306624858, 0xFFFF, 4906, 3.2182040
306687357, 0xFFFF, 4907, 3.2183566
306749863, 0xFFFF, 4908, 3.2182040
306812358, 0xFFFF, 4909, 3.2182803
306874849, 0xFFFF, 4910, 3.2182040
306937362, 0xFFFF, 4911, 3.2182040
306999847, 0xFFFF, 4912, 3.2182803
307062375, 0xFFFF, 4913, 3.2187381
307124847, 0xFFFF, 4914, 3.2181277
307187353, 0xFFFF, 4915, 3.2182040
307249858, 0xFFFF, 4916, 3.2181277
307312356, 0xFFFF, 4917, 3.2182803
307374865, 0xFFFF, 4918, 3.2182803
307437365, 0xFFFF, 4919, 3.2182803
307499851, 0xFFFF, 4920, 3.2178988
307562362, 0xFFFF, 4921, 3.2185855
307624847, 0xFFFF, 4922, 3.2183566
307687376, 0xFFFF, 4923, 3.2182803
307749850, 0xFFFF, 4924, 3.2182040
307812357, 0xFFFF, 4925, 3.2182803
307874858, 0xFFFF, 4926, 3.2181277
307937356, 0xFFFF, 4927, 3.2182803
307999864, 0xFFFF, 4928, 3.2181277
308062355, 0xFFFF, 4929, 3.2185092
308124858, 0xFFFF, 4930, 3.2182040
308187362, 0xFFFF, 4931, 3.2178988
308249847, 0xFFFF, 4932, 3.2182803
308312377, 0xFFFF, 4933, 3.2182040
308374849, 0xFFFF, 4934, 3.2182803
308437364, 0xFFFF, 4935, 3.2183566
308499858, 0xFFFF, 4936, 3.2182040
308562358, 0xFFFF, 4937, 3.2186618
308624855, 0xFFFF, 4938, 3.2182040
308687355, 0xFFFF, 4939, 3.2181277
308749860, 0xFFFF, 4940, 3.2182040
308812372, 0xFFFF, 4941, 3.2183566
308874850, 0xFFFF, 4942, 3.2182803
308937366, 0xFFFF, 4943, 3.2182040
308999849, 0xFFFF, 4944, 3.2181277
309062366, 0xFFFF, 4945, 3.2185092
309124867, 0xFFFF, 4946, 3.2183566
309187361, 0xFFFF, 4947, 3.2182040
309249847, 0xFFFF, 4948, 3.2182040
309312354, 0xFFFF, 4949, 3.2180514
309374849, 0xFFFF, 4950, 3.2181277
309437375, 0xFFFF, 4951, 3.2182803
309499855, 0xFFFF, 4952, 3.2182040
309562358, 0xFFFF, 4953, 3.2185092
309624849, 0xFFFF, 4954, 3.2183566
309687355, 0xFFFF, 4955, 3.2185092
309749856, 0xFFFF, 4956, 3.2182803
309812367, 0xFFFF, 4957, 3.2182803
309874848, 0xFFFF, 4958, 3.2181277
309937356, 0xFFFF, 4959, 3.2182803
309999849, 0xFFFF, 4960, 3.2183566
310062367, 0xFFFF, 4961, 3.2185855
310124856, 0xFFFF, 4962, 3.2185092
310187364, 0xFFFF, 4963, 3.2180514
310249854, 0xFFFF, 4964, 3.2181277
310312354, 0xFFFF, 4965, 3.2182803
310374848, 0xFFFF, 4966, 3.2182803
310437370, 0xFFFF, 4967, 3.2185092
310499849, 0xFFFF, 4968, 3.2182040
310562358, 0xFFFF, 4969, 3.2184329
310624849, 0xFFFF, 4970, 3.2182040
310687358, 0xFFFF, 4971, 3.2181277
310749848, 0xFFFF, 4972, 3.2182040
310812354, 0xFFFF, 4973, 3.2182040
310874858, 0xFFFF, 4974, 3.2184329
310937355, 0xFFFF, 4975, 3.2182803
310999848, 0xFFFF, 4976, 3.2183566
311062358, 0xFFFF, 4977, 3.2185855
311124848, 0xFFFF, 4978, 3.2181277
311187363, 0xFFFF, 4979, 3.2185092
311249849, 0xFFFF, 4980, 3.2182040
311312357, 0xFFFF, 4981, 3.2178225
311374846, 0xFFFF, 4982, 3.2182040
311437356, 0xFFFF, 4983, 3.2181277
311499859, 0xFFFF, 4984, 3.2182803
311562365, 0xFFFF, 4985, 3.2185855
311624851, 0xFFFF, 4986, 3.2182803
311687356, 0xFFFF, 4987, 3.2182040
311749850, 0xFFFF, 4988, 3.2182803
311812365, 0xFFFF, 4989, 3.2181277
311874847, 0xFFFF, 4990, 3.2182040
311937362, 0xFFFF, 4991, 3.2181277
311999847, 0xFFFF, 4992, 3.2182040
312062356, 0xFFFF, 4993, 3.2181277
312124850, 0xFFFF, 4994, 3.2181277
312187358, 0xFFFF, 4995, 3.2182040
312249855, 0xFFFF, 4996, 3.2184329
312312357, 0xFFFF, 4997, 3.2182040
312374849, 0xFFFF, 4998, 3.2182040
312437355, 0xFFFF, 4999, 3.2181277
312499847, 0xFFFF, 5000, 3.2181277
312562367, 0xFFFF, 5001, 3.2182803
312624848, 0xFFFF, 5002, 3.2182040
312687355, 0xFFFF, 5003, 3.2181277
312749850, 0xFFFF, 5004, 3.2178988
312812358, 0xFFFF, 5005, 3.2182803
312874856, 0xFFFF, 5006, 3.2182040
312937366, 0xFFFF, 5007, 3.2181277
312999853, 0xFFFF, 5008, 3.2181277
313062354, 0xFFFF, 5009, 3.2181277
313124847, 0xFFFF, 5010, 3.2182803
313187369, 0xFFFF, 5011, 3.2182803
313249849, 0xFFFF, 5012, 3.2182803
313312358, 0xFFFF, 5013, 3.2182040
313374849, 0xFFFF, 5014, 3.2183566
313437358, 0xFFFF, 5015, 3.2182803
313499848, 0xFFFF, 5016, 3.2185855
313562354, 0xFFFF, 5017, 3.2181277
313624858, 0xFFFF, 5018, 3.2182040
313687353, 0xFFFF, 5019, 3.2181277
313749848, 0xFFFF, 5020, 3.2182040
313812357, 0xFFFF, 5021, 3.2181277
313874848, 0xFFFF, 5022, 3.2181277
313937363, 0xFFFF, 5023, 3.2185092
313999838, 0xFFFF, 5024, 3.2182803
314062357, 0xFFFF, 5025, 3.2182040
314124847, 0xFFFF, 5026, 3.2183566
314187356, 0xFFFF, 5027, 3.2183566
314249860, 0xFFFF, 5028, 3.2182803
314312365, 0xFFFF, 5029, 3.2181277
314374851, 0xFFFF, 5030, 3.2182040
314437356, 0xFFFF, 5031, 3.2181277
314499849, 0xFFFF, 5032, 3.2182040
314562365, 0xFFFF, 5033, 3.2181277
314624847, 0xFFFF, 5034, 3.2182040
314687361, 0xFFFF, 5035, 3.2180514
314749848, 0xFFFF, 5036, 3.2184329
314812354, 0xFFFF, 5037, 3.2182040
314874849, 0xFFFF, 5038, 3.2181277
314937358, 0xFFFF, 5039, 3.2178988
314999854, 0xFFFF, 5040, 3.2181277
315062357, 0xFFFF, 5041, 3.2182803
315124849, 0xFFFF, 5042, 3.2181277
315187354, 0xFFFF, 5043, 3.2181277
315249850, 0xFFFF, 5044, 3.2177462
315312366, 0xFFFF, 5045, 3.2184329
315374838, 0xFFFF, 5046, 3.2180514
315437355, 0xFFFF, 5047, 3.2178988
315499848, 0xFFFF, 5048, 3.2182040
315562366, 0xFFFF, 5049, 3.2185855
315624856, 0xFFFF, 5050, 3.2181277
315687365, 0xFFFF, 5051, 3.2181277
315749851, 0xFFFF, 5052, 3.2180514
315812353, 0xFFFF, 5053, 3.2183566
315874857, 0xFFFF, 5054, 3.2182040
315937369, 0xFFFF, 5055, 3.2182040
315999849, 0xFFFF, 5056, 3.2181277
316062359, 0xFFFF, 5057, 3.2184329
316124848, 0xFFFF, 5058, 3.2182040
316187366, 0xFFFF, 5059, 3.2180514
316249848, 0xFFFF, 5060, 3.2180514
316312355, 0xFFFF, 5061, 3.2181277
316374858, 0xFFFF, 5062, 3.2182040
316437355, 0xFFFF, 5063, 3.2180514
316499856, 0xFFFF, 5064, 3.2182040
316562358, 0xFFFF, 5065, 3.2180514
316624848, 0xFFFF, 5066, 3.2183566
316687362, 0xFFFF, 5067, 3.2181277
316749838, 0xFFFF, 5068, 3.2182040
316812367, 0xFFFF, 5069, 3.2179751
316874846, 0xFFFF, 5070, 3.2181277
316937356, 0xFFFF, 5071, 3.2180514
316999866, 0xFFFF, 5072, 3.2182803
317062364, 0xFFFF, 5073, 3.2184329
317124858, 0xFFFF, 5074, 3.2182040
317187356, 0xFFFF, 5075, 3.2180514
317249850, 0xFFFF, 5076, 3.2180514
317312369, 0xFFFF, 5077, 3.2182803
317374846, 0xFFFF, 5078, 3.2182040
317437365, 0xFFFF, 5079, 3.2182803
317499847, 0xFFFF, 5080, 3.2181277
317562354, 0xFFFF, 5081, 3.2185855
317624860, 0xFFFF, 5082, 3.2181277
317687358, 0xFFFF, 5083, 3.2181277
317749865, 0xFFFF, 5084, 3.2182040
317812356, 0xFFFF, 5085, 3.2182803
317874847, 0xFFFF, 5086, 3.2183566
317937365, 0xFFFF, 5087, 3.2184329
317999846, 0xFFFF, 5088, 3.2181277
318062376, 0xFFFF, 5089, 3.2187381
318124850, 0xFFFF, 5090, 3.2183566
318187353, 0xFFFF, 5091, 3.2181277
318249859, 0xFFFF, 5092, 3.2179751
318312358, 0xFFFF, 5093, 3.2182040
318374866, 0xFFFF, 5094, 3.2181277
318437366, 0xFFFF, 5095, 3.2183566
318499853, 0xFFFF, 5096, 3.2179751
318562365, 0xFFFF, 5097, 3.2185092
318624847, 0xFFFF, 5098, 3.2185092
318687378, 0xFFFF, 5099, 3.2180514
318749850, 0xFFFF, 5100, 3.2180514
318812358, 0xFFFF, 5101, 3.2182040
318874860, 0xFFFF, 5102, 3.2179751
318937357, 0xFFFF, 5103, 3.2179751
318999866, 0xFFFF, 5104, 3.2179751
319062356, 0xFFFF, 5105, 3.2185855
319124858, 0xFFFF, 5106, 3.2182040
319187365, 0xFFFF, 5107, 3.2179751
319249847, 0xFFFF, 5108, 3.2182040
319312379, 0xFFFF, 5109, 3.2180514
319374849, 0xFFFF, 5110, 3.2180514
319437363, 0xFFFF, 5111, 3.2179751
319499860, 0xFFFF, 5112, 3.2182803
319562357, 0xFFFF, 5113, 3.2185092
319624859, 0xFFFF, 5114, 3.2184329
319687361, 0xFFFF, 5115, 3.2179751
319749861, 0xFFFF, 5116, 3.2180514
319812376, 0xFFFF, 5117, 3.2181277
319874849, 0xFFFF, 5118, 3.2181277
319937367, 0xFFFF, 5119, 3.2184329
319999858, 0xFFFF, 5120, 3.2181277
320062365, 0xFFFF, 5121, 3.2184329
320124869, 0xFFFF, 5122, 3.2179751
320187361, 0xFFFF, 5123, 3.2181277
320249847, 0xFFFF, 5124, 3.2181277
320312362, 0xFFFF, 5125, 3.2181277
320374850, 0xFFFF, 5126, 3.2180514
320437379, 0xFFFF, 5127, 3.2182040
320499854, 0xFFFF, 5128, 3.2180514
320562357, 0xFFFF, 5129, 3.2183566
320624857, 0xFFFF, 5130, 3.2185855
320687355, 0xFFFF, 5131, 3.2181277
320749858, 0xFFFF, 5132, 3.2175174
320812366, 0xFFFF, 5133, 3.2179751
320874849, 0xFFFF, 5134, 3.2180514
320937364, 0xFFFF, 5135, 3.2181277
320999848, 0xFFFF, 5136, 3.2178225
321062369, 0xFFFF, 5137, 3.2185092
321124862, 0xFFFF, 5138, 3.2185855
321187366, 0xFFFF, 5139, 3.2181277
321249858, 0xFFFF, 5140, 3.2180514
321312354, 0xFFFF, 5141, 3.2180514
321374847, 0xFFFF, 5142, 3.2178988
321437372, 0xFFFF, 5143, 3.2182040
321499849, 0xFFFF, 5144, 3.2183566
321562363, 0xFFFF, 5145, 3.2184329
321624849, 0xFFFF, 5146, 3.2184329
321687355, 0xFFFF, 5147, 3.2182803
321749856, 0xFFFF, 5148, 3.2180514
321812354, 0xFFFF, 5149, 3.2180514
321874867, 0xFFFF, 5150, 3.2180514
321937354, 0xFFFF, 5151, 3.2182803
321999847, 0xFFFF, 5152, 3.2181277
322062365, 0xFFFF, 5153, 3.2181277
322124849, 0xFFFF, 5154, 3.2182803
322187371, 0xFFFF, 5155, 3.2179751
322249850, 0xFFFF, 5156, 3.2181277
322312355, 0xFFFF, 5157, 3.2179751
322374855, 0xFFFF, 5158, 3.2181277
322437355, 0xFFFF, 5159, 3.2181277
322499869, 0xFFFF, 5160, 3.2181277
322562367, 0xFFFF, 5161, 3.2182803
322624851, 0xFFFF, 5162, 3.2179751
322687366, 0xFFFF, 5163, 3.2180514
322749850, 0xFFFF, 5164, 3.2180514
322812372, 0xFFFF, 5165, 3.2181277
322874847, 0xFFFF, 5166, 3.2182040
322937362, 0xFFFF, 5167, 3.2181277
322999856, 0xFFFF, 5168, 3.2182803
323062355, 0xFFFF, 5169, 3.2181277
323124868, 0xFFFF, 5170, 3.2185855
323187358, 0xFFFF, 5171, 3.2180514
323249855, 0xFFFF, 5172, 3.2181277
323312366, 0xFFFF, 5173, 3.2179751
323374848, 0xFFFF, 5174, 3.2179751
323437373, 0xFFFF, 5175, 3.2181277
323499847, 0xFFFF, 5176, 3.2180514
323562367, 0xFFFF, 5177, 3.2180514
323624857, 0xFFFF, 5178, 3.2183566
323687354, 0xFFFF, 5179, 3.2181277
323749857, 0xFFFF, 5180, 3.2179751
323812358, 0xFFFF, 5181, 3.2179751
323874856, 0xFFFF, 5182, 3.2181277
323937374, 0xFFFF, 5183, 3.2180514
323999854, 0xFFFF, 5184, 3.2179751
324062363, 0xFFFF, 5185, 3.2182803
324124847, 0xFFFF, 5186, 3.2179751
324187368, 0xFFFF, 5187, 3.2179751
324249866, 0xFFFF, 5188, 3.2175937
324312359, 0xFFFF, 5189, 3.2181277
324374847, 0xFFFF, 5190, 3.2180514
324437356, 0xFFFF, 5191, 3.2180514
324499848, 0xFFFF, 5192, 3.2183566
324562374, 0xFFFF, 5193, 3.2180514
324624859, 0xFFFF, 5194, 3.2179751
324687356, 0xFFFF, 5195, 3.2179751
324749848, 0xFFFF, 5196, 3.2181277
324812357, 0xFFFF, 5197, 3.2180514
324874857, 0xFFFF, 5198, 3.2179751
324937364, 0xFFFF, 5199, 3.2182040
324999839, 0xFFFF, 5200, 3.2178988
325062356, 0xFFFF, 5201, 3.2179751
325124847, 0xFFFF, 5202, 3.2182803
325187364, 0xFFFF, 5203, 3.2179751
325249861, 0xFFFF, 5204, 3.2180514
325312366, 0xFFFF, 5205, 3.2185092
325374851, 0xFFFF, 5206, 3.2181277
325437357, 0xFFFF, 5207, 3.2179751
325499849, 0xFFFF, 5208, 3.2179751
325562364, 0xFFFF, 5209, 3.2182040
325624847, 0xFFFF, 5210, 3.2179751
325687361, 0xFFFF, 5211, 3.2179751
325749848, 0xFFFF, 5212, 3.2180514
325812353, 0xFFFF, 5213, 3.2181277
325874850, 0xFFFF, 5214, 3.2178988
325937358, 0xFFFF, 5215, 3.2180514
325999855, 0xFFFF, 5216, 3.2181277
326062356, 0xFFFF, 5217, 3.2181277
326124849, 0xFFFF, 5218, 3.2180514
326187355, 0xFFFF, 5219, 3.2180514
326249847, 0xFFFF, 5220, 3.2178225
326312366, 0xFFFF, 5221, 3.2182040
326374849, 0xFFFF, 5222, 3.2181277
326437356, 0xFFFF, 5223, 3.2180514
326499849, 0xFFFF, 5224, 3.2179751
326562357, 0xFFFF, 5225, 3.2182040
326624856, 0xFFFF, 5226, 3.2180514
326687367, 0xFFFF, 5227, 3.2181277
326749855, 0xFFFF, 5228, 3.2182040
326812356, 0xFFFF, 5229, 3.2178225
326874847, 0xFFFF, 5230, 3.2178988
326937369, 0xFFFF, 5231, 3.2180514
326999849, 0xFFFF, 5232, 3.2179751
327062360, 0xFFFF, 5233, 3.2182803
327124848, 0xFFFF, 5234, 3.2184329
327187357, 0xFFFF, 5235, 3.2179751
327249848, 0xFFFF, 5236, 3.2180514
327312355, 0xFFFF, 5237, 3.2181277
327374858, 0xFFFF, 5238, 3.2179751
327437356, 0xFFFF, 5239, 3.2179751
327499847, 0xFFFF, 5240, 3.2182040
327562357, 0xFFFF, 5241, 3.2183566
327624849, 0xFFFF, 5242, 3.2182803
327687362, 0xFFFF, 5243, 3.2181277
327749838, 0xFFFF, 5244, 3.2178988
327812357, 0xFFFF, 5245, 3.2179751
327874846, 0xFFFF, 5246, 3.2181277
327937356, 0xFFFF, 5247, 3.2182040
327999860, 0xFFFF, 5248, 3.2182040
328062367, 0xFFFF, 5249, 3.2185092
328124851, 0xFFFF, 5250, 3.2182803
328187356, 0xFFFF, 5251, 3.2179751
328249849, 0xFFFF, 5252, 3.2182803
328312365, 0xFFFF, 5253, 3.2182040
328374847, 0xFFFF, 5254, 3.2179751
328437362, 0xFFFF, 5255, 3.2183566
328499845, 0xFFFF, 5256, 3.2179751
328562354, 0xFFFF, 5257, 3.2181277
328624850, 0xFFFF, 5258, 3.2188907
328687357, 0xFFFF, 5259, 3.2179751
328749856, 0xFFFF, 5260, 3.2182040
328812358, 0xFFFF, 5261, 3.2179751
328874847, 0xFFFF, 5262, 3.2180514
328937355, 0xFFFF, 5263, 3.2181277
328999847, 0xFFFF, 5264, 3.2179751
329062368, 0xFFFF, 5265, 3.2182803
329124849, 0xFFFF, 5266, 3.2182803
329187353, 0xFFFF, 5267, 3.2184329
329249850, 0xFFFF, 5268, 3.2179751
329312357, 0xFFFF, 5269, 3.2179751
329374855, 0xFFFF, 5270, 3.2182040
329437367, 0xFFFF, 5271, 3.2179751
329499853, 0xFFFF, 5272, 3.2179751
329562354, 0xFFFF, 5273, 3.2184329
329624846, 0xFFFF, 5274, 3.2185855
329687368, 0xFFFF, 5275, 3.2180514
329749849, 0xFFFF, 5276, 3.2182803
329812359, 0xFFFF, 5277, 3.2179751
329874849, 0xFFFF, 5278, 3.2178988
329937356, 0xFFFF, 5279, 3.2182040
329999848, 0xFFFF, 5280, 3.2179751
330062355, 0xFFFF, 5281, 3.2185092
330124859, 0xFFFF, 5282, 3.2186618
330187353, 0xFFFF, 5283, 3.2180514
330249847, 0xFFFF, 5284, 3.2182040
330312357, 0xFFFF, 5285, 3.2182040
330374853, 0xFFFF, 5286, 3.2182040
330437364, 0xFFFF, 5287, 3.2178988
330499838, 0xFFFF, 5288, 3.2184329
330562358, 0xFFFF, 5289, 3.2183566
330624845, 0xFFFF, 5290, 3.2182803
330687365, 0xFFFF, 5291, 3.2181277
330749861, 0xFFFF, 5292, 3.2180514
330812367, 0xFFFF, 5293, 3.2179751
330874851, 0xFFFF, 5294, 3.2179751
330937356, 0xFFFF, 5295, 3.2178225
330999859, 0xFFFF, 5296, 3.2180514
331062365, 0xFFFF, 5297, 3.2185092
331124846, 0xFFFF, 5298, 3.2182803
331187361, 0xFFFF, 5299, 3.2178988
331249846, 0xFFFF, 5300, 3.2178225
331312366, 0xFFFF, 5301, 3.2178988
331374849, 0xFFFF, 5302, 3.2178988
331437359, 0xFFFF, 5303, 3.2179751
331499854, 0xFFFF, 5304, 3.2178225
331562359, 0xFFFF, 5305, 3.2182803
331624860, 0xFFFF, 5306, 3.2182803
331687355, 0xFFFF, 5307, 3.2178988
331749847, 0xFFFF, 5308, 3.2180514
331812366, 0xFFFF, 5309, 3.2178988
331874850, 0xFFFF, 5310, 3.2181277
331937366, 0xFFFF, 5311, 3.2182040
331999849, 0xFFFF, 5312, 3.2180514
332062358, 0xFFFF, 5313, 3.2175174
332124863, 0xFFFF, 5314, 3.2180514
332187366, 0xFFFF, 5315, 3.2179751
332249860, 0xFFFF, 5316, 3.2178225
332312353, 0xFFFF, 5317, 3.2180514
332374847, 0xFFFF, 5318, 3.2179751
332437375, 0xFFFF, 5319, 3.2178988
332499849, 0xFFFF, 5320, 3.2180514
332562367, 0xFFFF, 5321, 3.2179751
332624849, 0xFFFF, 5322, 3.2178988
332687356, 0xFFFF, 5323, 3.2179751
332749858, 0xFFFF, 5324, 3.2178988
332812355, 0xFFFF, 5325, 3.2176699
332874869, 0xFFFF, 5326, 3.2181277
332937355, 0xFFFF, 5327, 3.2178988
332999848, 0xFFFF, 5328, 3.2177462
333062367, 0xFFFF, 5329, 3.2180514
333124849, 0xFFFF, 5330, 3.2178988
333187373, 0xFFFF, 5331, 3.2178225
333249839, 0xFFFF, 5332, 3.2179751
333312356, 0xFFFF, 5333, 3.2180514
333374857, 0xFFFF, 5334, 3.2178225
333437355, 0xFFFF, 5335, 3.2180514
333499871, 0xFFFF, 5336, 3.2178988
333562367, 0xFFFF, 5337, 3.2178988
333624853, 0xFFFF, 5338, 3.2180514
333687365, 0xFFFF, 5339, 3.2178988
333749849, 0xFFFF, 5340, 3.2179751
333812375, 0xFFFF, 5341, 3.2180514
333874847, 0xFFFF, 5342, 3.2179751
333937361, 0xFFFF, 5343, 3.2178225
333999856, 0xFFFF, 5344, 3.2179751
334062355, 0xFFFF, 5345, 3.2178988
334124870, 0xFFFF, 5346, 3.2178225
334187356, 0xFFFF, 5347, 3.2180514
334249855, 0xFFFF, 5348, 3.2178988
334312366, 0xFFFF, 5349, 3.2178225
334374850, 0xFFFF, 5350, 3.2180514
334437376, 0xFFFF, 5351, 3.2181277
334499849, 0xFFFF, 5352, 3.2176699
334562367, 0xFFFF, 5353, 3.2180514
334624861, 0xFFFF, 5354, 3.2178988
334687355, 0xFFFF, 5355, 3.2179751
334749860, 0xFFFF, 5356, 3.2180514
334812365, 0xFFFF, 5357, 3.2179751
334874856, 0xFFFF, 5358, 3.2178988
334937378, 0xFFFF, 5359, 3.2179751
334999853, 0xFFFF, 5360, 3.2178988
335062365, 0xFFFF, 5361, 3.2180514
335124854, 0xFFFF, 5362, 3.2180514
335187368, 0xFFFF, 5363, 3.2178225
335249869, 0xFFFF, 5364, 3.2177462
335312359, 0xFFFF, 5365, 3.2178988
335374849, 0xFFFF, 5366, 3.2175937
335437367, 0xFFFF, 5367, 3.2183566
335499848, 0xFFFF, 5368, 3.2178225
335562378, 0xFFFF, 5369, 3.2178225
335624860, 0xFFFF, 5370, 3.2181277
335687355, 0xFFFF, 5371, 3.2179751
335749856, 0xFFFF, 5372, 3.2179751
335812357, 0xFFFF, 5373, 3.2182040
335874860, 0xFFFF, 5374, 3.2179751
335937363, 0xFFFF, 5375, 3.2178988
335999851, 0xFFFF, 5376, 3.2180514
336062365, 0xFFFF, 5377, 3.2179751
336124847, 0xFFFF, 5378, 3.2178988
336187366, 0xFFFF, 5379, 3.2181277
336249865, 0xFFFF, 5380, 3.2182040
336312367, 0xFFFF, 5381, 3.2178225
336374854, 0xFFFF, 5382, 3.2180514
336437356, 0xFFFF, 5383, 3.2178225
336499850, 0xFFFF, 5384, 3.2178225
336562371, 0xFFFF, 5385, 3.2179751
336624847, 0xFFFF, 5386, 3.2178225
336687365, 0xFFFF, 5387, 3.2178225
336749848, 0xFFFF, 5388, 3.2179751
336812354, 0xFFFF, 5389, 3.2176699
336874858, 0xFFFF, 5390, 3.2178225
336937357, 0xFFFF, 5391, 3.2178988
336999863, 0xFFFF, 5392, 3.2178988
337062356, 0xFFFF, 5393, 3.2186618
337124850, 0xFFFF, 5394, 3.2182803
337187361, 0xFFFF, 5395, 3.2178225
337249848, 0xFFFF, 5396, 3.2180514
337312375, 0xFFFF, 5397, 3.2179751
337374850, 0xFFFF, 5398, 3.2179751
337437356, 0xFFFF, 5399, 3.2179751
337499858, 0xFFFF, 5400, 3.2177462
337562357, 0xFFFF, 5401, 3.2181277
337624864, 0xFFFF, 5402, 3.2183566
337687367, 0xFFFF, 5403, 3.2178988
337749855, 0xFFFF, 5404, 3.2181277
337812363, 0xFFFF, 5405, 3.2178988
337874847, 0xFFFF, 5406, 3.2178225
337937378, 0xFFFF, 5407, 3.2181277
337999849, 0xFFFF, 5408, 3.2178225
338062360, 0xFFFF, 5409, 3.2181277
338124858, 0xFFFF, 5410, 3.2182803
338187355, 0xFFFF, 5411, 3.2178225
338249865, 0xFFFF, 5412, 3.2178225
338312355, 0xFFFF, 5413, 3.2177462
338374858, 0xFFFF, 5414, 3.2178225
338437363, 0xFFFF, 5415, 3.2182040
338499847, 0xFFFF, 5416, 3.2178988
338562378, 0xFFFF, 5417, 3.2182040
338624849, 0xFFFF, 5418, 3.2182803
338687363, 0xFFFF, 5419, 3.2178225
338749860, 0xFFFF, 5420, 3.2177462
338812357, 0xFFFF, 5421, 3.2179751
338874854, 0xFFFF, 5422, 3.2177462
338937356, 0xFFFF, 5423, 3.2179751
338999860, 0xFFFF, 5424, 3.2177462
339062376, 0xFFFF, 5425, 3.2178225
339124851, 0xFFFF, 5426, 3.2185855
339187364, 0xFFFF, 5427, 3.2178988
339249850, 0xFFFF, 5428, 3.2178225
339312365, 0xFFFF, 5429, 3.2182803
339374856, 0xFFFF, 5430, 3.2178225
339437363, 0xFFFF, 5431, 3.2178988
339499847, 0xFFFF, 5432, 3.2182040
339562356, 0xFFFF, 5433, 3.2183566
339624850, 0xFFFF, 5434, 3.2182040
339687375, 0xFFFF, 5435, 3.2178988
339749856, 0xFFFF, 5436, 3.2178225
339812356, 0xFFFF, 5437, 3.2178225
339874850, 0xFFFF, 5438, 3.2178225
339937355, 0xFFFF, 5439, 3.2178988
339999855, 0xFFFF, 5440, 3.2181277
340062368, 0xFFFF, 5441, 3.2182803
340124850, 0xFFFF, 5442, 3.2180514
340187355, 0xFFFF, 5443, 3.2178988
340249849, 0xFFFF, 5444, 3.2178988
340312366, 0xFFFF, 5445, 3.2178225
340374856, 0xFFFF, 5446, 3.2178225
340437367, 0xFFFF, 5447, 3.2178988
340499855, 0xFFFF, 5448, 3.2182803
340562354, 0xFFFF, 5449, 3.2182040
340624847, 0xFFFF, 5450, 3.2181277
340687369, 0xFFFF, 5451, 3.2178225
340749849, 0xFFFF, 5452, 3.2178225
340812359, 0xFFFF, 5453, 3.2177462
340874848, 0xFFFF, 5454, 3.2180514
340937358, 0xFFFF, 5455, 3.2180514
340999847, 0xFFFF, 5456, 3.2181277
341062354, 0xFFFF, 5457, 3.2182040
341124858, 0xFFFF, 5458, 3.2181277
341187355, 0xFFFF, 5459, 3.2179751
341249848, 0xFFFF, 5460, 3.2178988
341312357, 0xFFFF, 5461, 3.2178225
341374848, 0xFFFF, 5462, 3.2175937
341437364, 0xFFFF, 5463, 3.2178988
341499839, 0xFFFF, 5464, 3.2176699
341562357, 0xFFFF, 5465, 3.2182040
341624846, 0xFFFF, 5466, 3.2182803
341687356, 0xFFFF, 5467, 3.2178225
341749861, 0xFFFF, 5468, 3.2178225
341812367, 0xFFFF, 5469, 3.2180514
341874852, 0xFFFF, 5470, 3.2178225
341937357, 0xFFFF, 5471, 3.2177462
341999849, 0xFFFF, 5472, 3.2179751
342062365, 0xFFFF, 5473, 3.2178225
342124847, 0xFFFF, 5474, 3.2178225
342187363, 0xFFFF, 5475, 3.2178988
342249847, 0xFFFF, 5476, 3.2178225
342312355, 0xFFFF, 5477, 3.2179751
342374850, 0xFFFF, 5478, 3.2178988
342437358, 0xFFFF, 5479, 3.2180514
342499855, 0xFFFF, 5480, 3.2179751
342562357, 0xFFFF, 5481, 3.2178225
342624849, 0xFFFF, 5482, 3.2182803
342687354, 0xFFFF, 5483, 3.2178225
342749847, 0xFFFF, 5484, 3.2178225
342812367, 0xFFFF, 5485, 3.2178988
342874850, 0xFFFF, 5486, 3.2178988
342937357, 0xFFFF, 5487, 3.2178988
342999848, 0xFFFF, 5488, 3.2178988
343062358, 0xFFFF, 5489, 3.2177462
343124856, 0xFFFF, 5490, 3.2184329
343187365, 0xFFFF, 5491, 3.2180514
343249855, 0xFFFF, 5492, 3.2180514
343312354, 0xFFFF, 5493, 3.2178988
343374847, 0xFFFF, 5494, 3.2177462
343437370, 0xFFFF, 5495, 3.2181277
343499849, 0xFFFF, 5496, 3.2178988
343562360, 0xFFFF, 5497, 3.2178988
343624849, 0xFFFF, 5498, 3.2181277
343687357, 0xFFFF, 5499, 3.2178988
343749848, 0xFFFF, 5500, 3.2182040
343812354, 0xFFFF, 5501, 3.2178988
343874858, 0xFFFF, 5502, 3.2178225
343937354, 0xFFFF, 5503, 3.2179751
343999848, 0xFFFF, 5504, 3.2178988
344062358, 0xFFFF, 5505, 3.2177462
344124848, 0xFFFF, 5506, 3.2178225
344187363, 0xFFFF, 5507, 3.2178225
344249851, 0xFFFF, 5508, 3.2179751
344312356, 0xFFFF, 5509, 3.2178225
344374846, 0xFFFF, 5510, 3.2179751
344437356, 0xFFFF, 5511, 3.2178225
344499859, 0xFFFF, 5512, 3.2178988
344562367, 0xFFFF, 5513, 3.2182040
344624852, 0xFFFF, 5514, 3.2177462
344687356, 0xFFFF, 5515, 3.2177462
344749850, 0xFFFF, 5516, 3.2179751
344812364, 0xFFFF, 5517, 3.2177462
344874847, 0xFFFF, 5518, 3.2178988
344937364, 0xFFFF, 5519, 3.2178988
344999847, 0xFFFF, 5520, 3.2181277
345062354, 0xFFFF, 5521, 3.2178225
345124849, 0xFFFF, 5522, 3.2178225
345187358, 0xFFFF, 5523, 3.2177462
345249855, 0xFFFF, 5524, 3.2178988
345312356, 0xFFFF, 5525, 3.2178988
345374849, 0xFFFF, 5526, 3.2182040
345437355, 0xFFFF, 5527, 3.2178225
345499852, 0xFFFF, 5528, 3.2177462
345562368, 0xFFFF, 5529, 3.2178988
345624851, 0xFFFF, 5530, 3.2177462
345687354, 0xFFFF, 5531, 3.2179751
345749849, 0xFFFF, 5532, 3.2178988
345812366, 0xFFFF, 5533, 3.2174411
345874855, 0xFFFF, 5534, 3.2178225
345937367, 0xFFFF, 5535, 3.2178988
345999853, 0xFFFF, 5536, 3.2180514
346062355, 0xFFFF, 5537, 3.2178988
346124857, 0xFFFF, 5538, 3.2177462
346187368, 0xFFFF, 5539, 3.2178225
346249849, 0xFFFF, 5540, 3.2178225
346312360, 0xFFFF, 5541, 3.2180514
346374848, 0xFFFF, 5542, 3.2178225
346437369, 0xFFFF, 5543, 3.2177462
346499848, 0xFFFF, 5544, 3.2179751
346562356, 0xFFFF, 5545, 3.2176699
346624859, 0xFFFF, 5546, 3.2179751
346687354, 0xFFFF, 5547, 3.2177462
346749858, 0xFFFF, 5548, 3.2178988
346812357, 0xFFFF, 5549, 3.2178988
346874849, 0xFFFF, 5550, 3.2177462
346937363, 0xFFFF, 5551, 3.2181277
346999839, 0xFFFF, 5552, 3.2179751
347062367, 0xFFFF, 5553, 3.2183566
347124846, 0xFFFF, 5554, 3.2182040
347187355, 0xFFFF, 5555, 3.2177462
347249869, 0xFFFF, 5556, 3.2178988
347312366, 0xFFFF, 5557, 3.2179751
347374857, 0xFFFF, 5558, 3.2180514
347437356, 0xFFFF, 5559, 3.2178988
347499850, 0xFFFF, 5560, 3.2178225
347562374, 0xFFFF, 5561, 3.2183566
347624847, 0xFFFF, 5562, 3.2182040
347687367, 0xFFFF, 5563, 3.2179751
347749848, 0xFFFF, 5564, 3.2177462
347812355, 0xFFFF, 5565, 3.2178988
347874860, 0xFFFF, 5566, 3.2178225
347937357, 0xFFFF, 5567, 3.2177462
347999865, 0xFFFF, 5568, 3.2178225
348062356, 0xFFFF, 5569, 3.2182040
348124849, 0xFFFF, 5570, 3.2182803
348187365, 0xFFFF, 5571, 3.2177462
348249847, 0xFFFF, 5572, 3.2179751
348312377, 0xFFFF, 5573, 3.2177462
348374851, 0xFFFF, 5574, 3.2179751
348437355, 0xFFFF, 5575, 3.2178225
348499859, 0xFFFF, 5576, 3.2177462
348562359, 0xFFFF, 5577, 3.2181277
348624866, 0xFFFF, 5578, 3.2180514
348687366, 0xFFFF, 5579, 3.2180514
348749856, 0xFFFF, 5580, 3.2176699
348812366, 0xFFFF, 5581, 3.2178225
348874847, 0xFFFF, 5582, 3.2178225
348937380, 0xFFFF, 5583, 3.2175937
348999849, 0xFFFF, 5584, 3.2178988
349062362, 0xFFFF, 5585, 3.2178225
349124860, 0xFFFF, 5586, 3.2180514
349187356, 0xFFFF, 5587, 3.2178225
349249867, 0xFFFF, 5588, 3.2180514
349312356, 0xFFFF, 5589, 3.2176699
349374859, 0xFFFF, 5590, 3.2177462
349437365, 0xFFFF, 5591, 3.2178225
349499847, 0xFFFF, 5592, 3.2178225
349562380, 0xFFFF, 5593, 3.2183566
349624852, 0xFFFF, 5594, 3.2181277
349687364, 0xFFFF, 5595, 3.2178988
349749862, 0xFFFF, 5596, 3.2178988
349812356, 0xFFFF, 5597, 3.2178225
349874858, 0xFFFF, 5598, 3.2178225
349937362, 0xFFFF, 5599, 3.2178988
349999860, 0xFFFF, 5600, 3.2178225
350062377, 0xFFFF, 5601, 3.2181277
350124852, 0xFFFF, 5602, 3.2182040
350187366, 0xFFFF, 5603, 3.2178225
350249858, 0xFFFF, 5604, 3.2178225
350312365, 0xFFFF, 5605, 3.2176699
350374869, 0xFFFF, 5606, 3.2178225
350437363, 0xFFFF, 5607, 3.2178225
350499846, 0xFFFF, 5608, 3.2172885
350562364, 0xFFFF, 5609, 3.2184329
350624850, 0xFFFF, 5610, 3.2180514
350687378, 0xFFFF, 5611, 3.2177462
350749856, 0xFFFF, 5612, 3.2177462
350812356, 0xFFFF, 5613, 3.2178988
350874856, 0xFFFF, 5614, 3.2178225
350937355, 0xFFFF, 5615, 3.2175174
350999857, 0xFFFF, 5616, 3.2178988
351062369, 0xFFFF, 5617, 3.2178988
351124851, 0xFFFF, 5618, 3.2180514
351187362, 0xFFFF, 5619, 3.2177462
351249850, 0xFFFF, 5620, 3.2176699
351312368, 0xFFFF, 5621, 3.2179751
351374863, 0xFFFF, 5622, 3.2177462
351437367, 0xFFFF, 5623, 3.2182040
351499858, 0xFFFF, 5624, 3.2178988
351562354, 0xFFFF, 5625, 3.2179751
351624847, 0xFFFF, 5626, 3.2181277
351687373, 0xFFFF, 5627, 3.2175174
351749850, 0xFFFF, 5628, 3.2176699
351812362, 0xFFFF, 5629, 3.2178225
351874849, 0xFFFF, 5630, 3.2179751
351937356, 0xFFFF, 5631, 3.2176699
351999855, 0xFFFF, 5632, 3.2176699
352062354, 0xFFFF, 5633, 3.2178988
352124867, 0xFFFF, 5634, 3.2177462
352187353, 0xFFFF, 5635, 3.2175174
352249848, 0xFFFF, 5636, 3.2177462
352312365, 0xFFFF, 5637, 3.2179751
352374849, 0xFFFF, 5638, 3.2178988
352437373, 0xFFFF, 5639, 3.2176699
352499840, 0xFFFF, 5640, 3.2177462
352562356, 0xFFFF, 5641, 3.2176699
352624856, 0xFFFF, 5642, 3.2178988
352687355, 0xFFFF, 5643, 3.2178225
352749869, 0xFFFF, 5644, 3.2178225
352812365, 0xFFFF, 5645, 3.2178988
352874853, 0xFFFF, 5646, 3.2176699
352937366, 0xFFFF, 5647, 3.2178988
352999850, 0xFFFF, 5648, 3.2175937
353062374, 0xFFFF, 5649, 3.2175174
353124846, 0xFFFF, 5650, 3.2176699
353187363, 0xFFFF, 5651, 3.2175937
353249857, 0xFFFF, 5652, 3.2177462
353312354, 0xFFFF, 5653, 3.2175937
353374868, 0xFFFF, 5654, 3.2178225
353437358, 0xFFFF, 5655, 3.2175937
353499855, 0xFFFF, 5656, 3.2179751
353562365, 0xFFFF, 5657, 3.2177462
353624849, 0xFFFF, 5658, 3.2175937
353687373, 0xFFFF, 5659, 3.2177462
353749848, 0xFFFF, 5660, 3.2178225
353812367, 0xFFFF, 5661, 3.2178988
353874858, 0xFFFF, 5662, 3.2177462
353937355, 0xFFFF, 5663, 3.2179751
353999856, 0xFFFF, 5664, 3.2178225
354062359, 0xFFFF, 5665, 3.2176699
354124855, 0xFFFF, 5666, 3.2177462
354187374, 0xFFFF, 5667, 3.2177462
354249857, 0xFFFF, 5668, 3.2179751
354312362, 0xFFFF, 5669, 3.2177462
354374847, 0xFFFF, 5670, 3.2175937
354437369, 0xFFFF, 5671, 3.2177462
354499866, 0xFFFF, 5672, 3.2177462
354562362, 0xFFFF, 5673, 3.2176699
354624848, 0xFFFF, 5674, 3.2177462
354687356, 0xFFFF, 5675, 3.2178225
354749848, 0xFFFF, 5676, 3.2176699
354812364, 0xFFFF, 5677, 3.2176699
354874859, 0xFFFF, 5678, 3.2176699
354937354, 0xFFFF, 5679, 3.2175174
354999847, 0xFFFF, 5680, 3.2180514
355062357, 0xFFFF, 5681, 3.2177462
355124858, 0xFFFF, 5682, 3.2180514
355187364, 0xFFFF, 5683, 3.2175174
355249852, 0xFFFF, 5684, 3.2176699
355312356, 0xFFFF, 5685, 3.2177462
355374845, 0xFFFF, 5686, 3.2175937
355437365, 0xFFFF, 5687, 3.2175174
355499860, 0xFFFF, 5688, 3.2175937
355562368, 0xFFFF, 5689, 3.2180514
355624854, 0xFFFF, 5690, 3.2177462
355687356, 0xFFFF, 5691, 3.2175174
355749851, 0xFFFF, 5692, 3.2177462
355812364, 0xFFFF, 5693, 3.2175937
355874846, 0xFFFF, 5694, 3.2177462
355937363, 0xFFFF, 5695, 3.2175937
355999847, 0xFFFF, 5696, 3.2178988
356062354, 0xFFFF, 5697, 3.2175937
356124850, 0xFFFF, 5698, 3.2175937
356187356, 0xFFFF, 5699, 3.2173648
356249856, 0xFFFF, 5700, 3.2175937
356312357, 0xFFFF, 5701, 3.2176699
356374849, 0xFFFF, 5702, 3.2178225
356437357, 0xFFFF, 5703, 3.2178225
356499846, 0xFFFF, 5704, 3.2176699
356562368, 0xFFFF, 5705, 3.2178225
356624852, 0xFFFF, 5706, 3.2178225
356687353, 0xFFFF, 5707, 3.2181277
356749850, 0xFFFF, 5708, 3.2176699
356812358, 0xFFFF, 5709, 3.2176699
356874855, 0xFFFF, 5710, 3.2177462
356937367, 0xFFFF, 5711, 3.2178225
356999857, 0xFFFF, 5712, 3.2178225
357062356, 0xFFFF, 5713, 3.2176699
357124847, 0xFFFF, 5714, 3.2181277
357187368, 0xFFFF, 5715, 3.2175937
357249850, 0xFFFF, 5716, 3.2179751
357312361, 0xFFFF, 5717, 3.2178225
357374847, 0xFFFF, 5718, 3.2180514
357437358, 0xFFFF, 5719, 3.2176699
357499848, 0xFFFF, 5720, 3.2175937
357562355, 0xFFFF, 5721, 3.2177462
357624859, 0xFFFF, 5722, 3.2179751
357687354, 0xFFFF, 5723, 3.2176699
357749848, 0xFFFF, 5724, 3.2178225
357812358, 0xFFFF, 5725, 3.2177462
357874849, 0xFFFF, 5726, 3.2175937
357937364, 0xFFFF, 5727, 3.2178225
357999853, 0xFFFF, 5728, 3.2178225
358062357, 0xFFFF, 5729, 3.2185855
358124847, 0xFFFF, 5730, 3.2179751
358187355, 0xFFFF, 5731, 3.2178225
358249861, 0xFFFF, 5732, 3.2179751
358312367, 0xFFFF, 5733, 3.2179751
358374854, 0xFFFF, 5734, 3.2176699
358437356, 0xFFFF, 5735, 3.2176699
358499850, 0xFFFF, 5736, 3.2178225
358562365, 0xFFFF, 5737, 3.2178988
358624845, 0xFFFF, 5738, 3.2178225
358687363, 0xFFFF, 5739, 3.2176699
358749846, 0xFFFF, 5740, 3.2177462
358812353, 0xFFFF, 5741, 3.2175937
358874849, 0xFFFF, 5742, 3.2177462
358937358, 0xFFFF, 5743, 3.2176699
358999855, 0xFFFF, 5744, 3.2178225
359062357, 0xFFFF, 5745, 3.2175174
359124849, 0xFFFF, 5746, 3.2182040
359187354, 0xFFFF, 5747, 3.2178988
359249847, 0xFFFF, 5748, 3.2178225
359312368, 0xFFFF, 5749, 3.2177462
359374851, 0xFFFF, 5750, 3.2178988
359437356, 0xFFFF, 5751, 3.2175937
359499849, 0xFFFF, 5752, 3.2178988
359562358, 0xFFFF, 5753, 3.2177462
359624855, 0xFFFF, 5754, 3.2182803
359687366, 0xFFFF, 5755, 3.2176699
359749857, 0xFFFF, 5756, 3.2178988
359812353, 0xFFFF, 5757, 3.2178988
359874846, 0xFFFF, 5758, 3.2176699
359937369, 0xFFFF, 5759, 3.2175174
359999849, 0xFFFF, 5760, 3.2175174
360062361, 0xFFFF, 5761, 3.2175937
360124849, 0xFFFF, 5762, 3.2180514
360187357, 0xFFFF, 5763, 3.2176699
360249847, 0xFFFF, 5764, 3.2177462
360312355, 0xFFFF, 5765, 3.2177462
360374859, 0xFFFF, 5766, 3.2176699
360437354, 0xFFFF, 5767, 3.2177462
360499846, 0xFFFF, 5768, 3.2175937
360562357, 0xFFFF, 5769, 3.2176699
360624856, 0xFFFF, 5770, 3.2179751
360687364, 0xFFFF, 5771, 3.2178225
360749853, 0xFFFF, 5772, 3.2176699
360812357, 0xFFFF, 5773, 3.2177462
360874846, 0xFFFF, 5774, 3.2175937
360937366, 0xFFFF, 5775, 3.2177462
360999860, 0xFFFF, 5776, 3.2175937
361062367, 0xFFFF, 5777, 3.2178225
361124853, 0xFFFF, 5778, 3.2180514
361187355, 0xFFFF, 5779, 3.2178225
361249860, 0xFFFF, 5780, 3.2175937
361312365, 0xFFFF, 5781, 3.2180514
361374847, 0xFFFF, 5782, 3.2176699
361437363, 0xFFFF, 5783, 3.2179751
361499845, 0xFFFF, 5784, 3.2177462
361562367, 0xFFFF, 5785, 3.2175937
361624849, 0xFFFF, 5786, 3.2181277
361687358, 0xFFFF, 5787, 3.2179751
361749857, 0xFFFF, 5788, 3.2176699
361812357, 0xFFFF, 5789, 3.2176699
361874859, 0xFFFF, 5790, 3.2175937
361937355, 0xFFFF, 5791, 3.2176699
361999847, 0xFFFF, 5792, 3.2176699
362062368, 0xFFFF, 5793, 3.2176699
362124853, 0xFFFF, 5794, 3.2176699
362187365, 0xFFFF, 5795, 3.2175937
362249849, 0xFFFF, 5796, 3.2177462
362312358, 0xFFFF, 5797, 3.2177462
362374864, 0xFFFF, 5798, 3.2176699
362437367, 0xFFFF, 5799, 3.2177462
362499860, 0xFFFF, 5800, 3.2176699
362562355, 0xFFFF, 5801, 3.2176699
362624847, 0xFFFF, 5802, 3.2177462
362687376, 0xFFFF, 5803, 3.2175937
362749850, 0xFFFF, 5804, 3.2177462
362812366, 0xFFFF, 5805, 3.2177462
362874847, 0xFFFF, 5806, 3.2176699
362937358, 0xFFFF, 5807, 3.2175937
362999858, 0xFFFF, 5808, 3.2177462
363062355, 0xFFFF, 5809, 3.2173648
363124869, 0xFFFF, 5810, 3.2178225
363187354, 0xFFFF, 5811, 3.2177462
363249848, 0xFFFF, 5812, 3.2178225
363312366, 0xFFFF, 5813, 3.2175937
363374849, 0xFFFF, 5814, 3.2178988
363437374, 0xFFFF, 5815, 3.2176699
363499841, 0xFFFF, 5816, 3.2178988
363562356, 0xFFFF, 5817, 3.2175937
363624857, 0xFFFF, 5818, 3.2178988
363687356, 0xFFFF, 5819, 3.2175937
363749871, 0xFFFF, 5820, 3.2180514
363812366, 0xFFFF, 5821, 3.2175937
363874855, 0xFFFF, 5822, 3.2176699
363937368, 0xFFFF, 5823, 3.2177462
363999848, 0xFFFF, 5824, 3.2176699
364062375, 0xFFFF, 5825, 3.2177462
364124846, 0xFFFF, 5826, 3.2175937
364187363, 0xFFFF, 5827, 3.2176699
364249858, 0xFFFF, 5828, 3.2175937
364312355, 0xFFFF, 5829, 3.2172122
364374870, 0xFFFF, 5830, 3.2175937
364437357, 0xFFFF, 5831, 3.2176699
364499855, 0xFFFF, 5832, 3.2176699
364562368, 0xFFFF, 5833, 3.2176699
364624848, 0xFFFF, 5834, 3.2179751
364687375, 0xFFFF, 5835, 3.2176699
364749852, 0xFFFF, 5836, 3.2173648
364812368, 0xFFFF, 5837, 3.2176699
364874862, 0xFFFF, 5838, 3.2176699
364937356, 0xFFFF, 5839, 3.2176699
364999859, 0xFFFF, 5840, 3.2175937
365062365, 0xFFFF, 5841, 3.2177462
365124855, 0xFFFF, 5842, 3.2173648
365187377, 0xFFFF, 5843, 3.2178988
365249856, 0xFFFF, 5844, 3.2176699
365312364, 0xFFFF, 5845, 3.2176699
365374855, 0xFFFF, 5846, 3.2175937
365437369, 0xFFFF, 5847, 3.2177462
365499868, 0xFFFF, 5848, 3.2175937
365562361, 0xFFFF, 5849, 3.2176699
365624848, 0xFFFF, 5850, 3.2175174
365687366, 0xFFFF, 5851, 3.2175937
365749848, 0xFFFF, 5852, 3.2175174
365812365, 0xFFFF, 5853, 3.2176699
365874860, 0xFFFF, 5854, 3.2175937
365937356, 0xFFFF, 5855, 3.2176699
365999856, 0xFFFF, 5856, 3.2175174
366062357, 0xFFFF, 5857, 3.2173648
366124859, 0xFFFF, 5858, 3.2175174
366187363, 0xFFFF, 5859, 3.2176699
366249853, 0xFFFF, 5860, 3.2175174
366312364, 0xFFFF, 5861, 3.2178988
366374847, 0xFFFF, 5862, 3.2175937
366437367, 0xFFFF, 5863, 3.2175174
366499866, 0xFFFF, 5864, 3.2175937
366562368, 0xFFFF, 5865, 3.2175937
366624854, 0xFFFF, 5866, 3.2176699
366687356, 0xFFFF, 5867, 3.2175174
366749850, 0xFFFF, 5868, 3.2177462
366812373, 0xFFFF, 5869, 3.2175937
366874847, 0xFFFF, 5870, 3.2175937
366937366, 0xFFFF, 5871, 3.2176699
366999847, 0xFFFF, 5872, 3.2175937
367062354, 0xFFFF, 5873, 3.2176699
367124858, 0xFFFF, 5874, 3.2178988
367187357, 0xFFFF, 5875, 3.2175174
367249864, 0xFFFF, 5876, 3.2175174
367312356, 0xFFFF, 5877, 3.2176699
367374849, 0xFFFF, 5878, 3.2175174
367437363, 0xFFFF, 5879, 3.2175937
367499847, 0xFFFF, 5880, 3.2175937
367562376, 0xFFFF, 5881, 3.2176699
367624842, 0xFFFF, 5882, 3.2178988
367687355, 0xFFFF, 5883, 3.2176699
367749858, 0xFFFF, 5884, 3.2181277
367812358, 0xFFFF, 5885, 3.2175174
367874863, 0xFFFF, 5886, 3.2178988
367937368, 0xFFFF, 5887, 3.2181277
367999857, 0xFFFF, 5888, 3.2178988
368062363, 0xFFFF, 5889, 3.2176699
368124846, 0xFFFF, 5890, 3.2181277
368187377, 0xFFFF, 5891, 3.2175937
368249850, 0xFFFF, 5892, 3.2177462
368312361, 0xFFFF, 5893, 3.2175174
368374858, 0xFFFF, 5894, 3.2176699
368437357, 0xFFFF, 5895, 3.2175937
368499856, 0xFFFF, 5896, 3.2175937
368562355, 0xFFFF, 5897, 3.2172122
368624860, 0xFFFF, 5898, 3.2179751
368687362, 0xFFFF, 5899, 3.2179751
368749847, 0xFFFF, 5900, 3.2175937
368812365, 0xFFFF, 5901, 3.2178988
368874849, 0xFFFF, 5902, 3.2175174
368937365, 0xFFFF, 5903, 3.2179751
368999862, 0xFFFF, 5904, 3.2178988
369062356, 0xFFFF, 5905, 3.2178988
369124855, 0xFFFF, 5906, 3.2179751
369187356, 0xFFFF, 5907, 3.2175937
369249859, 0xFFFF, 5908, 3.2175174
369312375, 0xFFFF, 5909, 3.2175937
369374855, 0xFFFF, 5910, 3.2176699
369437365, 0xFFFF, 5911, 3.2176699
369499850, 0xFFFF, 5912, 3.2175937
369562365, 0xFFFF, 5913, 3.2176699
369624855, 0xFFFF, 5914, 3.2179751
369687364, 0xFFFF, 5915, 3.2176699
369749847, 0xFFFF, 5916, 3.2178988
369812354, 0xFFFF, 5917, 3.2178225
369874849, 0xFFFF, 5918, 3.2176699
369937376, 0xFFFF, 5919, 3.2172885
369999856, 0xFFFF, 5920, 3.2176699
370062357, 0xFFFF, 5921, 3.2175174
370124847, 0xFFFF, 5922, 3.2182803
370187354, 0xFFFF, 5923, 3.2175937
370249856, 0xFFFF, 5924, 3.2175937
370312368, 0xFFFF, 5925, 3.2175174
370374852, 0xFFFF, 5926, 3.2176699
370437355, 0xFFFF, 5927, 3.2175174
370499848, 0xFFFF, 5928, 3.2174411
370562367, 0xFFFF, 5929, 3.2178225
370624855, 0xFFFF, 5930, 3.2178988
370687366, 0xFFFF, 5931, 3.2176699
370749857, 0xFFFF, 5932, 3.2175937
370812353, 0xFFFF, 5933, 3.2176699
370874847, 0xFFFF, 5934, 3.2175937
370937370, 0xFFFF, 5935, 3.2175937
370999848, 0xFFFF, 5936, 3.2175937
371062363, 0xFFFF, 5937, 3.2176699
371124849, 0xFFFF, 5938, 3.2178225
371187356, 0xFFFF, 5939, 3.2178225
371249847, 0xFFFF, 5940, 3.2178988
371312355, 0xFFFF, 5941, 3.2175174
371374859, 0xFFFF, 5942, 3.2176699
371437354, 0xFFFF, 5943, 3.2175937
371499847, 0xFFFF, 5944, 3.2175937
371562357, 0xFFFF, 5945, 3.2176699
371624848, 0xFFFF, 5946, 3.2178225
371687364, 0xFFFF, 5947, 3.2172122
371749854, 0xFFFF, 5948, 3.2175937
371812356, 0xFFFF, 5949, 3.2174411
371874846, 0xFFFF, 5950, 3.2175937
371937357, 0xFFFF, 5951, 3.2174411
371999860, 0xFFFF, 5952, 3.2175937
372062366, 0xFFFF, 5953, 3.2175174
372124854, 0xFFFF, 5954, 3.2175174
372187356, 0xFFFF, 5955, 3.2182040
372249849, 0xFFFF, 5956, 3.2175174
372312365, 0xFFFF, 5957, 3.2175937
372374847, 0xFFFF, 5958, 3.2176699
372437365, 0xFFFF, 5959, 3.2177462
372499846, 0xFFFF, 5960, 3.2175937
372562355, 0xFFFF, 5961, 3.2176699
372624849, 0xFFFF, 5962, 3.2175174
372687358, 0xFFFF, 5963, 3.2172122
372749856, 0xFFFF, 5964, 3.2175174
372812356, 0xFFFF, 5965, 3.2175937
372874848, 0xFFFF, 5966, 3.2174411
372937356, 0xFFFF, 5967, 3.2175174
372999847, 0xFFFF, 5968, 3.2175174
373062369, 0xFFFF, 5969, 3.2175174
373124852, 0xFFFF, 5970, 3.2174411
373187355, 0xFFFF, 5971, 3.2178988
373249849, 0xFFFF, 5972, 3.2178225
373312358, 0xFFFF, 5973, 3.2175937
373374855, 0xFFFF, 5974, 3.2176699
373437366, 0xFFFF, 5975, 3.2174411
373499856, 0xFFFF, 5976, 3.2174411
373562354, 0xFFFF, 5977, 3.2175937
373624847, 0xFFFF, 5978, 3.2175937
373687368, 0xFFFF, 5979, 3.2172885
373749849, 0xFFFF, 5980, 3.2174411
373812363, 0xFFFF, 5981, 3.2175174
373874849, 0xFFFF, 5982, 3.2175937
373937356, 0xFFFF, 5983, 3.2177462
373999848, 0xFFFF, 5984, 3.2174411
374062355, 0xFFFF, 5985, 3.2175174
374124859, 0xFFFF, 5986, 3.2174411
374187354, 0xFFFF, 5987, 3.2175937
374249848, 0xFFFF, 5988, 3.2175174
374312356, 0xFFFF, 5989, 3.2175174
374374848, 0xFFFF, 5990, 3.2173648
374437365, 0xFFFF, 5991, 3.2175174
374499842, 0xFFFF, 5992, 3.2176699
374562356, 0xFFFF, 5993, 3.2174411
374624846, 0xFFFF, 5994, 3.2175937
374687354, 0xFFFF, 5995, 3.2175174
374749859, 0xFFFF, 5996, 3.2175174
374812367, 0xFFFF, 5997, 3.2175937
374874854, 0xFFFF, 5998, 3.2176699
374937356, 0xFFFF, 5999, 3.2176699
374999849, 0xFFFF, 6000, 3.2175937
375062365, 0xFFFF, 6001, 3.2174411
375124846, 0xFFFF, 6002, 3.2175174
375187364, 0xFFFF, 6003, 3.2175174
375249848, 0xFFFF, 6004, 3.2175174
375312354, 0xFFFF, 6005, 3.2175174
375374849, 0xFFFF, 6006, 3.2174411
375437358, 0xFFFF, 6007, 3.2175174
375499856, 0xFFFF, 6008, 3.2173648
375562356, 0xFFFF, 6009, 3.2175174
375624849, 0xFFFF, 6010, 3.2177462
375687355, 0xFFFF, 6011, 3.2175937
375749855, 0xFFFF, 6012, 3.2176699
375812368, 0xFFFF, 6013, 3.2174411
375874853, 0xFFFF, 6014, 3.2175174
375937355, 0xFFFF, 6015, 3.2174411
375999849, 0xFFFF, 6016, 3.2175937
376062366, 0xFFFF, 6017, 3.2175937
376124855, 0xFFFF, 6018, 3.2173648
376187365, 0xFFFF, 6019, 3.2179751
376249857, 0xFFFF, 6020, 3.2175174
376312354, 0xFFFF, 6021, 3.2172122
376374858, 0xFFFF, 6022, 3.2175174
376437369, 0xFFFF, 6023, 3.2175174
376499849, 0xFFFF, 6024, 3.2174411
376562363, 0xFFFF, 6025, 3.2174411
376624848, 0xFFFF, 6026, 3.2173648
376687366, 0xFFFF, 6027, 3.2175174
376749848, 0xFFFF, 6028, 3.2178225
376812355, 0xFFFF, 6029, 3.2174411
376874859, 0xFFFF, 6030, 3.2176699
376937355, 0xFFFF, 6031, 3.2175174
376999858, 0xFFFF, 6032, 3.2175174
377062357, 0xFFFF, 6033, 3.2175174
377124849, 0xFFFF, 6034, 3.2178988
377187363, 0xFFFF, 6035, 3.2178225
377249842, 0xFFFF, 6036, 3.2172122
377312367, 0xFFFF, 6037, 3.2176699
377374846, 0xFFFF, 6038, 3.2174411
377437357, 0xFFFF, 6039, 3.2174411
377499869, 0xFFFF, 6040, 3.2174411
377562366, 0xFFFF, 6041, 3.2173648
377624857, 0xFFFF, 6042, 3.2182803
377687356, 0xFFFF, 6043, 3.2175174
377749850, 0xFFFF, 6044, 3.2175174
377812372, 0xFFFF, 6045, 3.2175174
377874846, 0xFFFF, 6046, 3.2175174
377937367, 0xFFFF, 6047, 3.2174411
377999846, 0xFFFF, 6048, 3.2172885
378062356, 0xFFFF, 6049, 3.2175174
378124859, 0xFFFF, 6050, 3.2178225
378187356, 0xFFFF, 6051, 3.2175937
378249866, 0xFFFF, 6052, 3.2174411
378312356, 0xFFFF, 6053, 3.2175174
378374849, 0xFFFF, 6054, 3.2175174
378437365, 0xFFFF, 6055, 3.2175174
378499847, 0xFFFF, 6056, 3.2175174
378562378, 0xFFFF, 6057, 3.2175937
378624852, 0xFFFF, 6058, 3.2177462
378687354, 0xFFFF, 6059, 3.2174411
378749861, 0xFFFF, 6060, 3.2172885
378812358, 0xFFFF, 6061, 3.2175937
378874867, 0xFFFF, 6062, 3.2174411
378937367, 0xFFFF, 6063, 3.2175174
378999857, 0xFFFF, 6064, 3.2173648
379062366, 0xFFFF, 6065, 3.2176699
379124847, 0xFFFF, 6066, 3.2179751
379187379, 0xFFFF, 6067, 3.2177462
379249850, 0xFFFF, 6068, 3.2173648
379312363, 0xFFFF, 6069, 3.2174411
379374860, 0xFFFF, 6070, 3.2175174
379437356, 0xFFFF, 6071, 3.2174411
379499866, 0xFFFF, 6072, 3.2174411
379562355, 0xFFFF, 6073, 3.2172122
379624859, 0xFFFF, 6074, 3.2177462
379687364, 0xFFFF, 6075, 3.2177462
379749848, 0xFFFF, 6076, 3.2178988
379812379, 0xFFFF, 6077, 3.2175174
379874854, 0xFFFF, 6078, 3.2175937
379937365, 0xFFFF, 6079, 3.2173648
379999865, 0xFFFF, 6080, 3.2175174
380062357, 0xFFFF, 6081, 3.2173648
380124858, 0xFFFF, 6082, 3.2178225
380187361, 0xFFFF, 6083, 3.2175174
380249860, 0xFFFF, 6084, 3.2174411
380312376, 0xFFFF, 6085, 3.2174411
380374853, 0xFFFF, 6086, 3.2176699
380437367, 0xFFFF, 6087, 3.2174411
380499857, 0xFFFF, 6088, 3.2171359
380562364, 0xFFFF, 6089, 3.2173648
380624857, 0xFFFF, 6090, 3.2176699
380687365, 0xFFFF, 6091, 3.2175937
380749847, 0xFFFF, 6092, 3.2173648
380812362, 0xFFFF, 6093, 3.2175937
380874849, 0xFFFF, 6094, 3.2173648
380937378, 0xFFFF, 6095, 3.2174411
380999855, 0xFFFF, 6096, 3.2177462
381062356, 0xFFFF, 6097, 3.2174411
381124858, 0xFFFF, 6098, 3.2177462
381187354, 0xFFFF, 6099, 3.2174411
381249859, 0xFFFF, 6100, 3.2174411
381312367, 0xFFFF, 6101, 3.2178225
381374853, 0xFFFF, 6102, 3.2173648
381437364, 0xFFFF, 6103, 3.2175174
381499849, 0xFFFF, 6104, 3.2173648
381562369, 0xFFFF, 6105, 3.2172885
381624863, 0xFFFF, 6106, 3.2178988
381687365, 0xFFFF, 6107, 3.2174411
381749859, 0xFFFF, 6108, 3.2174411
381812354, 0xFFFF, 6109, 3.2174411
381874847, 0xFFFF, 6110, 3.2174411
381937376, 0xFFFF, 6111, 3.2174411
381999849, 0xFFFF, 6112, 3.2174411
382062364, 0xFFFF, 6113, 3.2176699
382124849, 0xFFFF, 6114, 3.2178225
382187355, 0xFFFF, 6115, 3.2173648
382249856, 0xFFFF, 6116, 3.2172885
382312354, 0xFFFF, 6117, 3.2174411
382374867, 0xFFFF, 6118, 3.2175174
382437354, 0xFFFF, 6119, 3.2175937
382499848, 0xFFFF, 6120, 3.2172122
382562365, 0xFFFF, 6121, 3.2173648
382624848, 0xFFFF, 6122, 3.2174411
382687371, 0xFFFF, 6123, 3.2174411
382749854, 0xFFFF, 6124, 3.2175937
382812356, 0xFFFF, 6125, 3.2174411
382874854, 0xFFFF, 6126, 3.2172885
382937356, 0xFFFF, 6127, 3.2174411
382999868, 0xFFFF, 6128, 3.2175174
383062368, 0xFFFF, 6129, 3.2172885
383124854, 0xFFFF, 6130, 3.2174411
383187365, 0xFFFF, 6131, 3.2173648
383249849, 0xFFFF, 6132, 3.2176699
383312371, 0xFFFF, 6133, 3.2175174
383374846, 0xFFFF, 6134, 3.2174411
383437365, 0xFFFF, 6135, 3.2175174
383499856, 0xFFFF, 6136, 3.2172885
383562355, 0xFFFF, 6137, 3.2174411
383624858, 0xFFFF, 6138, 3.2174411
383687358, 0xFFFF, 6139, 3.2174411
383749856, 0xFFFF, 6140, 3.2175937
383812366, 0xFFFF, 6141, 3.2174411
383874849, 0xFFFF, 6142, 3.2175174
383937365, 0xFFFF, 6143, 3.2174411
383999847, 0xFFFF, 6144, 3.2174411
384062369, 0xFFFF, 6145, 3.2177462
384124861, 0xFFFF, 6146, 3.2173648
384187354, 0xFFFF, 6147, 3.2173648
384249858, 0xFFFF, 6148, 3.2173648
384312358, 0xFFFF, 6149, 3.2172122
384374856, 0xFFFF, 6150, 3.2175174
384437376, 0xFFFF, 6151, 3.2173648
384499859, 0xFFFF, 6152, 3.2170596
384562362, 0xFFFF, 6153, 3.2178988
384624847, 0xFFFF, 6154, 3.2174411
384687368, 0xFFFF, 6155, 3.2173648
384749858, 0xFFFF, 6156, 3.2169833
384812363, 0xFFFF, 6157, 3.2172885
384874848, 0xFFFF, 6158, 3.2174411
384937358, 0xFFFF, 6159, 3.2171359
384999847, 0xFFFF, 6160, 3.2172885
385062364, 0xFFFF, 6161, 3.2172885
385124859, 0xFFFF, 6162, 3.2173648
385187354, 0xFFFF, 6163, 3.2175174
385249848, 0xFFFF, 6164, 3.2174411
385312357, 0xFFFF, 6165, 3.2173648
385374858, 0xFFFF, 6166, 3.2176699
385437365, 0xFFFF, 6167, 3.2173648
385499855, 0xFFFF, 6168, 3.2174411
385562356, 0xFFFF, 6169, 3.2172885
385624847, 0xFFFF, 6170, 3.2172885
385687364, 0xFFFF, 6171, 3.2175937
385749860, 0xFFFF, 6172, 3.2173648
385812367, 0xFFFF, 6173, 3.2173648
385874854, 0xFFFF, 6174, 3.2173648
385937356, 0xFFFF, 6175, 3.2174411
385999850, 0xFFFF, 6176, 3.2174411
386062364, 0xFFFF, 6177, 3.2173648
386124846, 0xFFFF, 6178, 3.2173648
386187366, 0xFFFF, 6179, 3.2172885
386249846, 0xFFFF, 6180, 3.2173648
386312353, 0xFFFF, 6181, 3.2174411
386374849, 0xFFFF, 6182, 3.2174411
386437358, 0xFFFF, 6183, 3.2172885
386499855, 0xFFFF, 6184, 3.2175174
386562357, 0xFFFF, 6185, 3.2173648
386624849, 0xFFFF, 6186, 3.2174411
386687356, 0xFFFF, 6187, 3.2172122
386749848, 0xFFFF, 6188, 3.2174411
386812368, 0xFFFF, 6189, 3.2175937
386874855, 0xFFFF, 6190, 3.2173648
386937354, 0xFFFF, 6191, 3.2172885
386999848, 0xFFFF, 6192, 3.2174411
387062358, 0xFFFF, 6193, 3.2173648
387124856, 0xFFFF, 6194, 3.2176699
387187366, 0xFFFF, 6195, 3.2180514
387249859, 0xFFFF, 6196, 3.2173648
387312354, 0xFFFF, 6197, 3.2173648
387374847, 0xFFFF, 6198, 3.2173648
387437369, 0xFFFF, 6199, 3.2172885
387499849, 0xFFFF, 6200, 3.2175174
387562362, 0xFFFF, 6201, 3.2173648
387624848, 0xFFFF, 6202, 3.2178988
387687357, 0xFFFF, 6203, 3.2178988
387749848, 0xFFFF, 6204, 3.2173648
387812355, 0xFFFF, 6205, 3.2175174
387874860, 0xFFFF, 6206, 3.2179751
387937356, 0xFFFF, 6207, 3.2172885
387999847, 0xFFFF, 6208, 3.2173648
388062357, 0xFFFF, 6209, 3.2177462
388124849, 0xFFFF, 6210, 3.2176699
388187364, 0xFFFF, 6211, 3.2178225
388249856, 0xFFFF, 6212, 3.2173648
388312357, 0xFFFF, 6213, 3.2173648
388374847, 0xFFFF, 6214, 3.2174411
388437355, 0xFFFF, 6215, 3.2172885
388499860, 0xFFFF, 6216, 3.2175174
388562368, 0xFFFF, 6217, 3.2175174
388624854, 0xFFFF, 6218, 3.2175937
388687356, 0xFFFF, 6219, 3.2176699
388749850, 0xFFFF, 6220, 3.2175937
388812365, 0xFFFF, 6221, 3.2172122
388874847, 0xFFFF, 6222, 3.2173648
388937367, 0xFFFF, 6223, 3.2175937
388999846, 0xFFFF, 6224, 3.2172885
389062354, 0xFFFF, 6225, 3.2172885
389124849, 0xFFFF, 6226, 3.2180514
389187357, 0xFFFF, 6227, 3.2176699
389249857, 0xFFFF, 6228, 3.2173648
389312356, 0xFFFF, 6229, 3.2173648
389374849, 0xFFFF, 6230, 3.2176699
389437355, 0xFFFF, 6231, 3.2173648
389499846, 0xFFFF, 6232, 3.2172122
389562368, 0xFFFF, 6233, 3.2169833
389624854, 0xFFFF, 6234, 3.2177462
389687355, 0xFFFF, 6235, 3.2176699
389749849, 0xFFFF, 6236, 3.2172122
389812357, 0xFFFF, 6237, 3.2172885
389874856, 0xFFFF, 6238, 3.2172885
389937367, 0xFFFF, 6239, 3.2173648
389999859, 0xFFFF, 6240, 3.2174411
390062354, 0xFFFF, 6241, 3.2172122
390124846, 0xFFFF, 6242, 3.2176699
390187368, 0xFFFF, 6243, 3.2178988
390249849, 0xFFFF, 6244, 3.2172885
390312362, 0xFFFF, 6245, 3.2172885
390374849, 0xFFFF, 6246, 3.2174411
390437358, 0xFFFF, 6247, 3.2172885
390499847, 0xFFFF, 6248, 3.2173648
390562356, 0xFFFF, 6249, 3.2172122
390624859, 0xFFFF, 6250, 3.2176699
390687354, 0xFFFF, 6251, 3.2175937
390749847, 0xFFFF, 6252, 3.2172885
390812356, 0xFFFF, 6253, 3.2172885
390874857, 0xFFFF, 6254, 3.2172885
390937365, 0xFFFF, 6255, 3.2173648
390999843, 0xFFFF, 6256, 3.2173648
391062358, 0xFFFF, 6257, 3.2172885
391124845, 0xFFFF, 6258, 3.2176699
391187365, 0xFFFF, 6259, 3.2177462
391249861, 0xFFFF, 6260, 3.2173648
391312365, 0xFFFF, 6261, 3.2172122
391374854, 0xFFFF, 6262, 3.2172885
391437356, 0xFFFF, 6263, 3.2172885
391499859, 0xFFFF, 6264, 3.2174411
391562365, 0xFFFF, 6265, 3.2176699
391624847, 0xFFFF, 6266, 3.2175937
391687364, 0xFFFF, 6267, 3.2175937
391749846, 0xFFFF, 6268, 3.2175174
391812365, 0xFFFF, 6269, 3.2173648
391874849, 0xFFFF, 6270, 3.2172885
391937358, 0xFFFF, 6271, 3.2175937
391999856, 0xFFFF, 6272, 3.2172885
392062358, 0xFFFF, 6273, 3.2173648
392124860, 0xFFFF, 6274, 3.2172122
392187354, 0xFFFF, 6275, 3.2172885
392249848, 0xFFFF, 6276, 3.2173648
392312368, 0xFFFF, 6277, 3.2172885
392374853, 0xFFFF, 6278, 3.2172885
392437365, 0xFFFF, 6279, 3.2172885
392499849, 0xFFFF, 6280, 3.2172122
392562359, 0xFFFF, 6281, 3.2172122
392624864, 0xFFFF, 6282, 3.2172885
392687366, 0xFFFF, 6283, 3.2172122
392749859, 0xFFFF, 6284, 3.2173648
392812354, 0xFFFF, 6285, 3.2172885
392874847, 0xFFFF, 6286, 3.2171359
392937379, 0xFFFF, 6287, 3.2172885
392999849, 0xFFFF, 6288, 3.2172885
393062366, 0xFFFF, 6289, 3.2172122
393124849, 0xFFFF, 6290, 3.2172885
393187357, 0xFFFF, 6291, 3.2172885
393249859, 0xFFFF, 6292, 3.2172885
393312354, 0xFFFF, 6293, 3.2172885
393374869, 0xFFFF, 6294, 3.2172885
393437354, 0xFFFF, 6295, 3.2172885
393499847, 0xFFFF, 6296, 3.2172885
393562367, 0xFFFF, 6297, 3.2172885
393624850, 0xFFFF, 6298, 3.2172885
393687373, 0xFFFF, 6299, 3.2172885
393749844, 0xFFFF, 6300, 3.2174411
393812355, 0xFFFF, 6301, 3.2172122
393874857, 0xFFFF, 6302, 3.2172885
393937357, 0xFFFF, 6303, 3.2172885
393999871, 0xFFFF, 6304, 3.2179751
394062366, 0xFFFF, 6305, 3.2172122
394124854, 0xFFFF, 6306, 3.2172885
394187367, 0xFFFF, 6307, 3.2176699
394249849, 0xFFFF, 6308, 3.2172122
394312375, 0xFFFF, 6309, 3.2172885
394374846, 0xFFFF, 6310, 3.2172122
394437366, 0xFFFF, 6311, 3.2173648
394499856, 0xFFFF, 6312, 3.2172885
394562355, 0xFFFF, 6313, 3.2175174
394624860, 0xFFFF, 6314, 3.2172122
394687357, 0xFFFF, 6315, 3.2172122
394749856, 0xFFFF, 6316, 3.2175174
394812368, 0xFFFF, 6317, 3.2171359
394874848, 0xFFFF, 6318, 3.2172885
394937366, 0xFFFF, 6319, 3.2173648
394999854, 0xFFFF, 6320, 3.2172885
395062369, 0xFFFF, 6321, 3.2172122
395124864, 0xFFFF, 6322, 3.2173648
395187354, 0xFFFF, 6323, 3.2177462
395249860, 0xFFFF, 6324, 3.2172885
395312365, 0xFFFF, 6325, 3.2173648
395374856, 0xFFFF, 6326, 3.2172885
395437378, 0xFFFF, 6327, 3.2172122
395499858, 0xFFFF, 6328, 3.2174411
395562365, 0xFFFF, 6329, 3.2172885
395624854, 0xFFFF, 6330, 3.2172122
395687369, 0xFFFF, 6331, 3.2172885
395749869, 0xFFFF, 6332, 3.2172885
395812362, 0xFFFF, 6333, 3.2173648
395874849, 0xFFFF, 6334, 3.2173648
395937365, 0xFFFF, 6335, 3.2172885
395999848, 0xFFFF, 6336, 3.2172122
396062366, 0xFFFF, 6337, 3.2173648
396124860, 0xFFFF, 6338, 3.2172885
396187354, 0xFFFF, 6339, 3.2172885
396249857, 0xFFFF, 6340, 3.2172885
396312356, 0xFFFF, 6341, 3.2169070
396374860, 0xFFFF, 6342, 3.2172885
396437365, 0xFFFF, 6343, 3.2173648
396499856, 0xFFFF, 6344, 3.2172885
396562365, 0xFFFF, 6345, 3.2172885
396624847, 0xFFFF, 6346, 3.2172122
396687366, 0xFFFF, 6347, 3.2172122
396749867, 0xFFFF, 6348, 3.2171359
396812367, 0xFFFF, 6349, 3.2173648
396874857, 0xFFFF, 6350, 3.2169070
396937357, 0xFFFF, 6351, 3.2170596
396999848, 0xFFFF, 6352, 3.2177462
397062371, 0xFFFF, 6353, 3.2172885
397124847, 0xFFFF, 6354, 3.2176699
397187365, 0xFFFF, 6355, 3.2175937
397249848, 0xFFFF, 6356, 3.2174411
397312355, 0xFFFF, 6357, 3.2172122
397374858, 0xFFFF, 6358, 3.2172885
397437358, 0xFFFF, 6359, 3.2175174
397499863, 0xFFFF, 6360, 3.2172885
397562357, 0xFFFF, 6361, 3.2172122
397624849, 0xFFFF, 6362, 3.2180514
397687362, 0xFFFF, 6363, 3.2175174
397749848, 0xFFFF, 6364, 3.2172885
397812375, 0xFFFF, 6365, 3.2174411
397874854, 0xFFFF, 6366, 3.2170596
397937356, 0xFFFF, 6367, 3.2172122
397999858, 0xFFFF, 6368, 3.2172122
398062357, 0xFFFF, 6369, 3.2172122
398124864, 0xFFFF, 6370, 3.2174411
398187367, 0xFFFF, 6371, 3.2176699
398249861, 0xFFFF, 6372, 3.2174411
398312363, 0xFFFF, 6373, 3.2172885
398374847, 0xFFFF, 6374, 3.2172122
398437377, 0xFFFF, 6375, 3.2176699
398499849, 0xFFFF, 6376, 3.2171359
398562363, 0xFFFF, 6377, 3.2172122
398624857, 0xFFFF, 6378, 3.2177462
398687357, 0xFFFF, 6379, 3.2176699
398749857, 0xFFFF, 6380, 3.2171359
398812355, 0xFFFF, 6381, 3.2172885
398874859, 0xFFFF, 6382, 3.2175174
398937362, 0xFFFF, 6383, 3.2171359
398999846, 0xFFFF, 6384, 3.2171359
399062366, 0xFFFF, 6385, 3.2173648
399124849, 0xFFFF, 6386, 3.2175937
399187364, 0xFFFF, 6387, 3.2175174
399249865, 0xFFFF, 6388, 3.2172885
399312358, 0xFFFF, 6389, 3.2171359
399374854, 0xFFFF, 6390, 3.2171359
399437357, 0xFFFF, 6391, 3.2172122
399499860, 0xFFFF, 6392, 3.2172885
399562373, 0xFFFF, 6393, 3.2168307
399624855, 0xFFFF, 6394, 3.2175174
399687365, 0xFFFF, 6395, 3.2177462
399749850, 0xFFFF, 6396, 3.2171359
399812365, 0xFFFF, 6397, 3.2173648
399874855, 0xFFFF, 6398, 3.2172122
399937368, 0xFFFF, 6399, 3.2175174
399999847, 0xFFFF, 6400, 3.2172885
400062354, 0xFFFF, 6401, 3.2172122
400124849, 0xFFFF, 6402, 3.2177462
400187366, 0xFFFF, 6403, 3.2174411
400249857, 0xFFFF, 6404, 3.2175174
400312358, 0xFFFF, 6405, 3.2172885
400374849, 0xFFFF, 6406, 3.2174411
400437355, 0xFFFF, 6407, 3.2172885
400499856, 0xFFFF, 6408, 3.2172885
400562369, 0xFFFF, 6409, 3.2173648
400624855, 0xFFFF, 6410, 3.2174411
400687355, 0xFFFF, 6411, 3.2174411
400749849, 0xFFFF, 6412, 3.2172885
400812365, 0xFFFF, 6413, 3.2173648
400874856, 0xFFFF, 6414, 3.2172122
400937366, 0xFFFF, 6415, 3.2172122
400999859, 0xFFFF, 6416, 3.2172885
401062355, 0xFFFF, 6417, 3.2172122
401124847, 0xFFFF, 6418, 3.2175174
401187369, 0xFFFF, 6419, 3.2175937
401249849, 0xFFFF, 6420, 3.2174411
401312363, 0xFFFF, 6421, 3.2171359
401374849, 0xFFFF, 6422, 3.2172122
401437356, 0xFFFF, 6423, 3.2170596
401499847, 0xFFFF, 6424, 3.2172122
401562355, 0xFFFF, 6425, 3.2172122
401624859, 0xFFFF, 6426, 3.2176699
401687354, 0xFFFF, 6427, 3.2178225
401749848, 0xFFFF, 6428, 3.2170596
401812357, 0xFFFF, 6429, 3.2172885
401874848, 0xFFFF, 6430, 3.2174411
401937365, 0xFFFF, 6431, 3.2171359
401999844, 0xFFFF, 6432, 3.2172122
402062356, 0xFFFF, 6433, 3.2172885
402124847, 0xFFFF, 6434, 3.2176699
402187353, 0xFFFF, 6435, 3.2172122
402249860, 0xFFFF, 6436, 3.2172885
402312367, 0xFFFF, 6437, 3.2172885
402374854, 0xFFFF, 6438, 3.2172122
402437357, 0xFFFF, 6439, 3.2173648
402499848, 0xFFFF, 6440, 3.2172122
402562365, 0xFFFF, 6441, 3.2174411
402624846, 0xFFFF, 6442, 3.2172885
402687367, 0xFFFF, 6443, 3.2175174
402749848, 0xFFFF, 6444, 3.2176699
402812354, 0xFFFF, 6445, 3.2171359
402874849, 0xFFFF, 6446, 3.2171359
402937359, 0xFFFF, 6447, 3.2172122
402999856, 0xFFFF, 6448, 3.2174411
403062357, 0xFFFF, 6449, 3.2172122
403124848, 0xFFFF, 6450, 3.2171359
403187354, 0xFFFF, 6451, 3.2175937
403249849, 0xFFFF, 6452, 3.2171359
403312368, 0xFFFF, 6453, 3.2172122
403374855, 0xFFFF, 6454, 3.2172122
403437356, 0xFFFF, 6455, 3.2173648
403499850, 0xFFFF, 6456, 3.2171359
403562358, 0xFFFF, 6457, 3.2171359
403624856, 0xFFFF, 6458, 3.2172885
403687365, 0xFFFF, 6459, 3.2174411
403749860, 0xFFFF, 6460, 3.2170596
403812354, 0xFFFF, 6461, 3.2172122
403874847, 0xFFFF, 6462, 3.2172885
403937369, 0xFFFF, 6463, 3.2173648
403999848, 0xFFFF, 6464, 3.2172122
404062364, 0xFFFF, 6465, 3.2172885
404124849, 0xFFFF, 6466, 3.2173648
404187357, 0xFFFF, 6467, 3.2171359
404249848, 0xFFFF, 6468, 3.2172885
404312354, 0xFFFF, 6469, 3.2172885
404374859, 0xFFFF, 6470, 3.2174411
404437355, 0xFFFF, 6471, 3.2172885
404499847, 0xFFFF, 6472, 3.2171359
404562357, 0xFFFF, 6473, 3.2171359
404624849, 0xFFFF, 6474, 3.2172885
404687364, 0xFFFF, 6475, 3.2171359
404749856, 0xFFFF, 6476, 3.2172885
404812356, 0xFFFF, 6477, 3.2175174
404874847, 0xFFFF, 6478, 3.2171359
404937354, 0xFFFF, 6479, 3.2172885
404999861, 0xFFFF, 6480, 3.2172122
405062366, 0xFFFF, 6481, 3.2173648
405124854, 0xFFFF, 6482, 3.2171359
405187356, 0xFFFF, 6483, 3.2172122
405249849, 0xFFFF, 6484, 3.2172885
405312364, 0xFFFF, 6485, 3.2171359
405374847, 0xFFFF, 6486, 3.2172122
405437368, 0xFFFF, 6487, 3.2172122
405499847, 0xFFFF, 6488, 3.2172122
405562355, 0xFFFF, 6489, 3.2169833
405624848, 0xFFFF, 6490, 3.2171359
405687358, 0xFFFF, 6491, 3.2171359
405749857, 0xFFFF, 6492, 3.2171359
405812358, 0xFFFF, 6493, 3.2172122
405874848, 0xFFFF, 6494, 3.2169070
405937355, 0xFFFF, 6495, 3.2172122
405999857, 0xFFFF, 6496, 3.2174411
406062369, 0xFFFF, 6497, 3.2171359
406124856, 0xFFFF, 6498, 3.2171359
406187353, 0xFFFF, 6499, 3.2172885
406249849, 0xFFFF, 6500, 3.2171359
406312366, 0xFFFF, 6501, 3.2172885
406374855, 0xFFFF, 6502, 3.2172122
406437367, 0xFFFF, 6503, 3.2172885
406499858, 0xFFFF, 6504, 3.2172122
406562355, 0xFFFF, 6505, 3.2171359
406624857, 0xFFFF, 6506, 3.2175174
406687369, 0xFFFF, 6507, 3.2172885
406749850, 0xFFFF, 6508, 3.2170596
406812363, 0xFFFF, 6509, 3.2171359
406874848, 0xFFFF, 6510, 3.2171359
406937369, 0xFFFF, 6511, 3.2170596
406999847, 0xFFFF, 6512, 3.2171359
407062355, 0xFFFF, 6513, 3.2170596
407124859, 0xFFFF, 6514, 3.2175174
407187354, 0xFFFF, 6515, 3.2175174
407249858, 0xFFFF, 6516, 3.2175937
407312356, 0xFFFF, 6517, 3.2172122
407374850, 0xFFFF, 6518, 3.2171359
407437365, 0xFFFF, 6519, 3.2172885
407499845, 0xFFFF, 6520, 3.2166781
407562366, 0xFFFF, 6521, 3.2170596
407624846, 0xFFFF, 6522, 3.2172885
407687355, 0xFFFF, 6523, 3.2175174
407749869, 0xFFFF, 6524, 3.2170596
407812365, 0xFFFF, 6525, 3.2172885
407874857, 0xFFFF, 6526, 3.2171359
407937356, 0xFFFF, 6527, 3.2171359
407999850, 0xFFFF, 6528, 3.2172122
408062374, 0xFFFF, 6529, 3.2172122
408124846, 0xFFFF, 6530, 3.2175174
408187367, 0xFFFF, 6531, 3.2174411
408249848, 0xFFFF, 6532, 3.2170596
408312353, 0xFFFF, 6533, 3.2172122
408374858, 0xFFFF, 6534, 3.2171359
408437357, 0xFFFF, 6535, 3.2171359
408499866, 0xFFFF, 6536, 3.2171359
408562357, 0xFFFF, 6537, 3.2170596
408624849, 0xFFFF, 6538, 3.2175174
408687365, 0xFFFF, 6539, 3.2175174
408749848, 0xFFFF, 6540, 3.2172122
408812377, 0xFFFF, 6541, 3.2171359
408874857, 0xFFFF, 6542, 3.2171359
408937355, 0xFFFF, 6543, 3.2171359
408999860, 0xFFFF, 6544, 3.2172885
409062357, 0xFFFF, 6545, 3.2171359
409124866, 0xFFFF, 6546, 3.2173648
409187366, 0xFFFF, 6547, 3.2175174
409249859, 0xFFFF, 6548, 3.2172122
409312365, 0xFFFF, 6549, 3.2175937
409374846, 0xFFFF, 6550, 3.2171359
409437379, 0xFFFF, 6551, 3.2171359
409499849, 0xFFFF, 6552, 3.2171359
409562363, 0xFFFF, 6553, 3.2171359
409624859, 0xFFFF, 6554, 3.2174411
409687356, 0xFFFF, 6555, 3.2175174
409749859, 0xFFFF, 6556, 3.2169833
409812355, 0xFFFF, 6557, 3.2175174
409874859, 0xFFFF, 6558, 3.2172885
409937365, 0xFFFF, 6559, 3.2170596
409999847, 0xFFFF, 6560, 3.2171359
410062368, 0xFFFF, 6561, 3.2170596
410124857, 0xFFFF, 6562, 3.2175937
410187364, 0xFFFF, 6563, 3.2179751
410249866, 0xFFFF, 6564, 3.2172122
410312356, 0xFFFF, 6565, 3.2172885
410374856, 0xFFFF, 6566, 3.2171359
410437363, 0xFFFF, 6567, 3.2172885
410499860, 0xFFFF, 6568, 3.2166018
410562376, 0xFFFF, 6569, 3.2170596
410624853, 0xFFFF, 6570, 3.2175174
410687368, 0xFFFF, 6571, 3.2174411
410749858, 0xFFFF, 6572, 3.2172122
410812365, 0xFFFF, 6573, 3.2171359
410874857, 0xFFFF, 6574, 3.2171359
410937367, 0xFFFF, 6575, 3.2171359
410999847, 0xFFFF, 6576, 3.2174411
411062362, 0xFFFF, 6577, 3.2172885
411124849, 0xFFFF, 6578, 3.2174411
411187368, 0xFFFF, 6579, 3.2175174
411249857, 0xFFFF, 6580, 3.2172122
411312357, 0xFFFF, 6581, 3.2174411
411374857, 0xFFFF, 6582, 3.2169833
411437354, 0xFFFF, 6583, 3.2170596
411499858, 0xFFFF, 6584, 3.2169833
411562369, 0xFFFF, 6585, 3.2174411
411624856, 0xFFFF, 6586, 3.2174411
411687361, 0xFFFF, 6587, 3.2173648
411749848, 0xFFFF, 6588, 3.2169833
411812367, 0xFFFF, 6589, 3.2171359
411874863, 0xFFFF, 6590, 3.2169833
411937367, 0xFFFF, 6591, 3.2171359
411999860, 0xFFFF, 6592, 3.2172122
412062355, 0xFFFF, 6593, 3.2172122
412124845, 0xFFFF, 6594, 3.2172885
412187375, 0xFFFF, 6595, 3.2170596
412249850, 0xFFFF, 6596, 3.2171359
412312365, 0xFFFF, 6597, 3.2171359
412374850, 0xFFFF, 6598, 3.2172122
412437356, 0xFFFF, 6599, 3.2164492
412499855, 0xFFFF, 6600, 3.2169070
412562356, 0xFFFF, 6601, 3.2172122
412624866, 0xFFFF, 6602, 3.2171359
412687355, 0xFFFF, 6603, 3.2175174
412749846, 0xFFFF, 6604, 3.2171359
412812365, 0xFFFF, 6605, 3.2170596
412874848, 0xFFFF, 6606, 3.2169833
412937372, 0xFFFF, 6607, 3.2172885
412999845, 0xFFFF, 6608, 3.2171359
413062356, 0xFFFF, 6609, 3.2169070
413124856, 0xFFFF, 6610, 3.2171359
413187355, 0xFFFF, 6611, 3.2172122
413249868, 0xFFFF, 6612, 3.2170596
413312365, 0xFFFF, 6613, 3.2170596
413374854, 0xFFFF, 6614, 3.2171359
413437366, 0xFFFF, 6615, 3.2172122
413499848, 0xFFFF, 6616, 3.2174411
413562373, 0xFFFF, 6617, 3.2172885
413624846, 0xFFFF, 6618, 3.2170596
413687366, 0xFFFF, 6619, 3.2172122
413749854, 0xFFFF, 6620, 3.2171359
413812354, 0xFFFF, 6621, 3.2170596
413874858, 0xFFFF, 6622, 3.2170596
413937358, 0xFFFF, 6623, 3.2172122
413999856, 0xFFFF, 6624, 3.2172885
414062366, 0xFFFF, 6625, 3.2173648
414124849, 0xFFFF, 6626, 3.2170596
414187364, 0xFFFF, 6627, 3.2170596
414249848, 0xFFFF, 6628, 3.2173648
414312369, 0xFFFF, 6629, 3.2172122
414374864, 0xFFFF, 6630, 3.2170596
414437354, 0xFFFF, 6631, 3.2171359
414499858, 0xFFFF, 6632, 3.2171359
414562356, 0xFFFF, 6633, 3.2169833
414624855, 0xFFFF, 6634, 3.2174411
414687374, 0xFFFF, 6635, 3.2169833
414749860, 0xFFFF, 6636, 3.2170596
414812364, 0xFFFF, 6637, 3.2170596
414874847, 0xFFFF, 6638, 3.2172122
414937369, 0xFFFF, 6639, 3.2173648
414999858, 0xFFFF, 6640, 3.2168307
415062363, 0xFFFF, 6641, 3.2171359
415124848, 0xFFFF, 6642, 3.2169833
415187357, 0xFFFF, 6643, 3.2171359
415249848, 0xFFFF, 6644, 3.2172122
415312363, 0xFFFF, 6645, 3.2171359
415374860, 0xFFFF, 6646, 3.2170596
415437356, 0xFFFF, 6647, 3.2170596
415499847, 0xFFFF, 6648, 3.2172885
415562356, 0xFFFF, 6649, 3.2171359
415624858, 0xFFFF, 6650, 3.2170596
415687364, 0xFFFF, 6651, 3.2172122
415749857, 0xFFFF, 6652, 3.2172122
415812355, 0xFFFF, 6653, 3.2172885
415874847, 0xFFFF, 6654, 3.2171359
415937364, 0xFFFF, 6655, 3.2171359
415999860, 0xFFFF, 6656, 3.2170596
416062367, 0xFFFF, 6657, 3.2171359
416124854, 0xFFFF, 6658, 3.2172122
416187356, 0xFFFF, 6659, 3.2169833
416249848, 0xFFFF, 6660, 3.2170596
416312364, 0xFFFF, 6661, 3.2171359
416374846, 0xFFFF, 6662, 3.2170596
416437367, 0xFFFF, 6663, 3.2173648
416499847, 0xFFFF, 6664, 3.2170596
416562354, 0xFFFF, 6665, 3.2171359
416624850, 0xFFFF, 6666, 3.2169070
416687358, 0xFFFF, 6667, 3.2172122
416749857, 0xFFFF, 6668, 3.2171359
416812356, 0xFFFF, 6669, 3.2170596
416874847, 0xFFFF, 6670, 3.2169833
416937356, 0xFFFF, 6671, 3.2171359
416999847, 0xFFFF, 6672, 3.2173648
417062369, 0xFFFF, 6673, 3.2169833
417124857, 0xFFFF, 6674, 3.2174411
417187354, 0xFFFF, 6675, 3.2174411
417249848, 0xFFFF, 6676, 3.2172122
417312356, 0xFFFF, 6677, 3.2172122
417374856, 0xFFFF, 6678, 3.2170596
417437368, 0xFFFF, 6679, 3.2169833
417499858, 0xFFFF, 6680, 3.2172122
417562354, 0xFFFF, 6681, 3.2170596
417624847, 0xFFFF, 6682, 3.2171359
417687369, 0xFFFF, 6683, 3.2176699
417749850, 0xFFFF, 6684, 3.2169833
417812362, 0xFFFF, 6685, 3.2170596
417874848, 0xFFFF, 6686, 3.2171359
417937357, 0xFFFF, 6687, 3.2171359
417999847, 0xFFFF, 6688, 3.2172885
418062355, 0xFFFF, 6689, 3.2170596
418124859, 0xFFFF, 6690, 3.2170596
418187357, 0xFFFF, 6691, 3.2173648
418249848, 0xFFFF, 6692, 3.2171359
418312356, 0xFFFF, 6693, 3.2172122
418374849, 0xFFFF, 6694, 3.2170596
418437365, 0xFFFF, 6695, 3.2172122
418499845, 0xFFFF, 6696, 3.2169833
418562357, 0xFFFF, 6697, 3.2171359
418624847, 0xFFFF, 6698, 3.2172122
418687355, 0xFFFF, 6699, 3.2172885
418749860, 0xFFFF, 6700, 3.2170596
418812367, 0xFFFF, 6701, 3.2169833
418874854, 0xFFFF, 6702, 3.2170596
418937357, 0xFFFF, 6703, 3.2171359
418999848, 0xFFFF, 6704, 3.2171359
419062365, 0xFFFF, 6705, 3.2172122
419124847, 0xFFFF, 6706, 3.2173648
419187367, 0xFFFF, 6707, 3.2173648
419249848, 0xFFFF, 6708, 3.2168307
419312353, 0xFFFF, 6709, 3.2172885
